target,beta,method_key,step,sample_idx,seq_len_full,seq_len_semantic,tokens_full_json,tokens_semantic_json
In-Distribution,10,exact_guidance_u,0,0,1,0,[129],[]
In-Distribution,10,exact_guidance_u,1,0,1,0,[129],[]
In-Distribution,10,exact_guidance_u,2,0,2,1,"[129, 63]",[63]
In-Distribution,10,exact_guidance_u,3,0,3,2,"[129, 51, 63]","[51, 63]"
In-Distribution,10,exact_guidance_u,4,0,3,2,"[129, 51, 63]","[51, 63]"
In-Distribution,10,exact_guidance_u,5,0,3,2,"[129, 51, 63]","[51, 63]"
In-Distribution,10,exact_guidance_u,6,0,3,2,"[129, 51, 63]","[51, 63]"
In-Distribution,10,exact_guidance_u,7,0,3,2,"[129, 51, 63]","[51, 63]"
In-Distribution,10,exact_guidance_u,8,0,3,2,"[129, 51, 63]","[51, 63]"
In-Distribution,10,exact_guidance_u,9,0,3,2,"[129, 51, 63]","[51, 63]"
In-Distribution,10,exact_guidance_u,10,0,4,3,"[129, 51, 63, 5]","[51, 63, 5]"
In-Distribution,10,exact_guidance_u,11,0,6,5,"[129, 51, 80, 63, 5, 37]","[51, 80, 63, 5, 37]"
In-Distribution,10,exact_guidance_u,12,0,6,5,"[129, 51, 80, 63, 5, 37]","[51, 80, 63, 5, 37]"
In-Distribution,10,exact_guidance_u,13,0,6,5,"[129, 51, 80, 63, 5, 37]","[51, 80, 63, 5, 37]"
In-Distribution,10,exact_guidance_u,14,0,6,5,"[129, 51, 80, 63, 5, 37]","[51, 80, 63, 5, 37]"
In-Distribution,10,exact_guidance_u,15,0,6,5,"[129, 51, 80, 63, 5, 37]","[51, 80, 63, 5, 37]"
In-Distribution,10,exact_guidance_u,16,0,7,6,"[129, 51, 101, 80, 63, 5, 37]","[51, 101, 80, 63, 5, 37]"
In-Distribution,10,exact_guidance_u,17,0,7,6,"[129, 51, 101, 80, 63, 5, 37]","[51, 101, 80, 63, 5, 37]"
In-Distribution,10,exact_guidance_u,18,0,8,7,"[129, 51, 101, 80, 63, 5, 89, 37]","[51, 101, 80, 63, 5, 89, 37]"
In-Distribution,10,exact_guidance_u,19,0,8,7,"[129, 51, 101, 80, 63, 5, 89, 37]","[51, 101, 80, 63, 5, 89, 37]"
In-Distribution,10,exact_guidance_u,20,0,10,9,"[129, 51, 101, 80, 63, 127, 5, 39, 89, 37]","[51, 101, 80, 63, 127, 5, 39, 89, 37]"
In-Distribution,10,exact_guidance_u,21,0,12,11,"[129, 51, 101, 80, 29, 63, 127, 127, 5, 39, 89, 37]","[51, 101, 80, 29, 63, 127, 127, 5, 39, 89, 37]"
In-Distribution,10,exact_guidance_u,22,0,13,12,"[129, 51, 101, 80, 29, 63, 127, 127, 5, 39, 66, 89, 37]","[51, 101, 80, 29, 63, 127, 127, 5, 39, 66, 89, 37]"
In-Distribution,10,exact_guidance_u,23,0,14,13,"[129, 51, 101, 80, 0, 29, 63, 127, 127, 5, 39, 66, 89, 37]","[51, 101, 80, 0, 29, 63, 127, 127, 5, 39, 66, 89, 37]"
In-Distribution,10,exact_guidance_u,24,0,17,16,"[129, 51, 101, 80, 0, 0, 29, 63, 127, 127, 46, 5, 39, 66, 127, 89, 37]","[51, 101, 80, 0, 0, 29, 63, 127, 127, 46, 5, 39, 66, 127, 89, 37]"
In-Distribution,10,exact_guidance_u,25,0,19,18,"[129, 16, 51, 101, 80, 12, 0, 0, 29, 63, 127, 127, 46, 5, 39, 66, 127, 89, 37]","[16, 51, 101, 80, 12, 0, 0, 29, 63, 127, 127, 46, 5, 39, 66, 127, 89, 37]"
In-Distribution,10,exact_guidance_u,26,0,19,18,"[129, 16, 51, 101, 80, 12, 0, 0, 29, 63, 127, 127, 46, 5, 39, 66, 127, 89, 37]","[16, 51, 101, 80, 12, 0, 0, 29, 63, 127, 127, 46, 5, 39, 66, 127, 89, 37]"
In-Distribution,10,exact_guidance_u,27,0,19,18,"[129, 16, 51, 101, 80, 12, 0, 0, 29, 63, 127, 127, 46, 5, 39, 66, 127, 89, 37]","[16, 51, 101, 80, 12, 0, 0, 29, 63, 127, 127, 46, 5, 39, 66, 127, 89, 37]"
In-Distribution,10,exact_guidance_u,28,0,19,18,"[129, 16, 51, 101, 80, 12, 0, 0, 29, 63, 127, 127, 46, 5, 39, 66, 127, 89, 37]","[16, 51, 101, 80, 12, 0, 0, 29, 63, 127, 127, 46, 5, 39, 66, 127, 89, 37]"
In-Distribution,10,exact_guidance_u,29,0,19,18,"[129, 16, 51, 101, 80, 12, 0, 0, 29, 63, 127, 127, 46, 5, 39, 66, 127, 89, 37]","[16, 51, 101, 80, 12, 0, 0, 29, 63, 127, 127, 46, 5, 39, 66, 127, 89, 37]"
In-Distribution,10,exact_guidance_u,30,0,19,18,"[129, 16, 51, 101, 80, 12, 0, 0, 29, 63, 127, 127, 46, 5, 39, 66, 127, 89, 37]","[16, 51, 101, 80, 12, 0, 0, 29, 63, 127, 127, 46, 5, 39, 66, 127, 89, 37]"
In-Distribution,10,exact_guidance_u,31,0,20,19,"[129, 16, 51, 101, 80, 12, 0, 0, 29, 53, 63, 127, 127, 46, 5, 39, 66, 127, 89, 37]","[16, 51, 101, 80, 12, 0, 0, 29, 53, 63, 127, 127, 46, 5, 39, 66, 127, 89, 37]"
In-Distribution,10,exact_guidance_u,32,0,21,20,"[129, 16, 51, 101, 80, 12, 0, 0, 29, 53, 63, 112, 127, 127, 46, 5, 39, 66, 127, 89, 37]","[16, 51, 101, 80, 12, 0, 0, 29, 53, 63, 112, 127, 127, 46, 5, 39, 66, 127, 89, 37]"
In-Distribution,10,exact_guidance_u,33,0,21,20,"[129, 16, 51, 101, 80, 12, 0, 0, 29, 53, 63, 112, 127, 127, 46, 5, 39, 66, 127, 89, 37]","[16, 51, 101, 80, 12, 0, 0, 29, 53, 63, 112, 127, 127, 46, 5, 39, 66, 127, 89, 37]"
In-Distribution,10,exact_guidance_u,34,0,22,21,"[129, 16, 51, 101, 80, 12, 0, 0, 29, 53, 63, 112, 127, 127, 46, 6, 5, 39, 66, 127, 89, 37]","[16, 51, 101, 80, 12, 0, 0, 29, 53, 63, 112, 127, 127, 46, 6, 5, 39, 66, 127, 89, 37]"
In-Distribution,10,exact_guidance_u,35,0,23,22,"[129, 16, 51, 101, 80, 12, 3, 0, 0, 29, 53, 63, 112, 127, 127, 46, 6, 5, 39, 66, 127, 89, 37]","[16, 51, 101, 80, 12, 3, 0, 0, 29, 53, 63, 112, 127, 127, 46, 6, 5, 39, 66, 127, 89, 37]"
In-Distribution,10,exact_guidance_u,36,0,23,22,"[129, 16, 51, 101, 80, 12, 3, 0, 0, 29, 53, 63, 112, 127, 127, 46, 6, 5, 39, 66, 127, 89, 37]","[16, 51, 101, 80, 12, 3, 0, 0, 29, 53, 63, 112, 127, 127, 46, 6, 5, 39, 66, 127, 89, 37]"
In-Distribution,10,exact_guidance_u,37,0,23,22,"[129, 16, 51, 101, 80, 12, 3, 0, 0, 29, 53, 63, 112, 127, 127, 46, 6, 5, 39, 66, 127, 89, 37]","[16, 51, 101, 80, 12, 3, 0, 0, 29, 53, 63, 112, 127, 127, 46, 6, 5, 39, 66, 127, 89, 37]"
In-Distribution,10,exact_guidance_u,38,0,23,22,"[129, 16, 51, 101, 80, 12, 3, 0, 0, 29, 53, 63, 112, 127, 127, 46, 6, 5, 39, 66, 127, 89, 37]","[16, 51, 101, 80, 12, 3, 0, 0, 29, 53, 63, 112, 127, 127, 46, 6, 5, 39, 66, 127, 89, 37]"
In-Distribution,10,exact_guidance_u,39,0,23,22,"[129, 16, 51, 101, 80, 12, 3, 0, 0, 29, 53, 63, 112, 127, 127, 46, 6, 5, 39, 66, 127, 89, 37]","[16, 51, 101, 80, 12, 3, 0, 0, 29, 53, 63, 112, 127, 127, 46, 6, 5, 39, 66, 127, 89, 37]"
In-Distribution,10,exact_guidance_u,40,0,25,24,"[129, 16, 51, 101, 94, 80, 12, 3, 0, 0, 29, 53, 63, 112, 127, 127, 46, 6, 5, 39, 66, 127, 122, 89, 37]","[16, 51, 101, 94, 80, 12, 3, 0, 0, 29, 53, 63, 112, 127, 127, 46, 6, 5, 39, 66, 127, 122, 89, 37]"
In-Distribution,10,exact_guidance_u,41,0,25,24,"[129, 16, 51, 101, 94, 80, 12, 3, 0, 0, 29, 53, 63, 112, 127, 127, 46, 6, 5, 39, 66, 127, 122, 89, 37]","[16, 51, 101, 94, 80, 12, 3, 0, 0, 29, 53, 63, 112, 127, 127, 46, 6, 5, 39, 66, 127, 122, 89, 37]"
In-Distribution,10,exact_guidance_u,42,0,26,25,"[129, 16, 51, 101, 94, 80, 12, 3, 0, 0, 29, 53, 63, 112, 127, 127, 46, 33, 6, 5, 39, 66, 127, 122, 89, 37]","[16, 51, 101, 94, 80, 12, 3, 0, 0, 29, 53, 63, 112, 127, 127, 46, 33, 6, 5, 39, 66, 127, 122, 89, 37]"
In-Distribution,10,exact_guidance_u,43,0,28,27,"[129, 16, 51, 101, 94, 80, 41, 12, 3, 0, 0, 29, 53, 63, 112, 127, 127, 46, 33, 6, 5, 39, 66, 127, 122, 127, 89, 37]","[16, 51, 101, 94, 80, 41, 12, 3, 0, 0, 29, 53, 63, 112, 127, 127, 46, 33, 6, 5, 39, 66, 127, 122, 127, 89, 37]"
In-Distribution,10,exact_guidance_u,44,0,29,28,"[129, 16, 51, 101, 94, 80, 41, 12, 3, 0, 0, 4, 29, 53, 63, 112, 127, 127, 46, 33, 6, 5, 39, 66, 127, 122, 127, 89, 37]","[16, 51, 101, 94, 80, 41, 12, 3, 0, 0, 4, 29, 53, 63, 112, 127, 127, 46, 33, 6, 5, 39, 66, 127, 122, 127, 89, 37]"
In-Distribution,10,exact_guidance_u,45,0,30,29,"[129, 16, 51, 101, 94, 80, 41, 12, 3, 0, 0, 4, 29, 53, 63, 112, 127, 127, 46, 33, 6, 5, 39, 66, 127, 122, 127, 89, 69, 37]","[16, 51, 101, 94, 80, 41, 12, 3, 0, 0, 4, 29, 53, 63, 112, 127, 127, 46, 33, 6, 5, 39, 66, 127, 122, 127, 89, 69, 37]"
In-Distribution,10,exact_guidance_u,46,0,33,32,"[129, 16, 51, 123, 101, 94, 80, 41, 12, 3, 0, 0, 4, 29, 53, 63, 112, 127, 127, 127, 49, 46, 33, 6, 5, 39, 66, 127, 122, 127, 89, 69, 37]","[16, 51, 123, 101, 94, 80, 41, 12, 3, 0, 0, 4, 29, 53, 63, 112, 127, 127, 127, 49, 46, 33, 6, 5, 39, 66, 127, 122, 127, 89, 69, 37]"
In-Distribution,10,exact_guidance_u,47,0,47,46,"[129, 16, 17, 51, 111, 123, 114, 101, 94, 79, 80, 58, 41, 12, 3, 0, 0, 0, 4, 29, 53, 63, 72, 112, 127, 127, 127, 119, 49, 46, 33, 0, 6, 0, 5, 24, 39, 66, 87, 127, 123, 122, 127, 116, 89, 69, 37]","[16, 17, 51, 111, 123, 114, 101, 94, 79, 80, 58, 41, 12, 3, 0, 0, 0, 4, 29, 53, 63, 72, 112, 127, 127, 127, 119, 49, 46, 33, 0, 6, 0, 5, 24, 39, 66, 87, 127, 123, 122, 127, 116, 89, 69, 37]"
In-Distribution,10,exact_guidance_u,48,0,55,54,"[129, 16, 9, 17, 51, 111, 119, 123, 127, 114, 101, 94, 79, 80, 55, 58, 41, 44, 12, 3, 0, 0, 0, 4, 29, 53, 63, 72, 98, 112, 127, 127, 127, 119, 85, 49, 46, 33, 0, 6, 0, 5, 24, 39, 66, 87, 127, 123, 122, 127, 127, 116, 89, 69, 37]","[16, 9, 17, 51, 111, 119, 123, 127, 114, 101, 94, 79, 80, 55, 58, 41, 44, 12, 3, 0, 0, 0, 4, 29, 53, 63, 72, 98, 112, 127, 127, 127, 119, 85, 49, 46, 33, 0, 6, 0, 5, 24, 39, 66, 87, 127, 123, 122, 127, 127, 116, 89, 69, 37]"
In-Distribution,10,exact_guidance_u,49,0,57,56,"[129, 16, 9, 17, 38, 51, 111, 119, 123, 127, 114, 101, 94, 79, 80, 55, 58, 41, 44, 12, 3, 0, 0, 0, 4, 29, 53, 63, 72, 98, 112, 127, 127, 127, 119, 110, 85, 49, 46, 33, 0, 6, 0, 5, 24, 39, 66, 87, 127, 123, 122, 127, 127, 116, 89, 69, 37]","[16, 9, 17, 38, 51, 111, 119, 123, 127, 114, 101, 94, 79, 80, 55, 58, 41, 44, 12, 3, 0, 0, 0, 4, 29, 53, 63, 72, 98, 112, 127, 127, 127, 119, 110, 85, 49, 46, 33, 0, 6, 0, 5, 24, 39, 66, 87, 127, 123, 122, 127, 127, 116, 89, 69, 37]"
In-Distribution,10,exact_guidance_u,50,0,64,63,"[129, 16, 8, 9, 17, 38, 51, 111, 97, 119, 123, 127, 127, 114, 124, 101, 94, 79, 80, 55, 58, 41, 44, 12, 3, 0, 0, 0, 4, 29, 53, 63, 72, 81, 98, 112, 127, 127, 127, 119, 110, 85, 49, 46, 33, 0, 6, 7, 0, 5, 24, 39, 66, 87, 127, 123, 122, 127, 127, 116, 89, 69, 43, 37]","[16, 8, 9, 17, 38, 51, 111, 97, 119, 123, 127, 127, 114, 124, 101, 94, 79, 80, 55, 58, 41, 44, 12, 3, 0, 0, 0, 4, 29, 53, 63, 72, 81, 98, 112, 127, 127, 127, 119, 110, 85, 49, 46, 33, 0, 6, 7, 0, 5, 24, 39, 66, 87, 127, 123, 122, 127, 127, 116, 89, 69, 43, 37]"
In-Distribution,10,exact_guidance_u,51,0,68,67,"[129, 16, 8, 9, 17, 38, 51, 111, 97, 119, 123, 127, 127, 114, 124, 101, 94, 79, 80, 55, 58, 41, 44, 12, 3, 0, 0, 0, 4, 29, 53, 63, 72, 81, 98, 112, 127, 127, 127, 119, 110, 85, 79, 49, 46, 33, 0, 4, 6, 7, 0, 5, 24, 31, 39, 66, 87, 127, 123, 122, 127, 127, 123, 116, 89, 69, 43, 37]","[16, 8, 9, 17, 38, 51, 111, 97, 119, 123, 127, 127, 114, 124, 101, 94, 79, 80, 55, 58, 41, 44, 12, 3, 0, 0, 0, 4, 29, 53, 63, 72, 81, 98, 112, 127, 127, 127, 119, 110, 85, 79, 49, 46, 33, 0, 4, 6, 7, 0, 5, 24, 31, 39, 66, 87, 127, 123, 122, 127, 127, 123, 116, 89, 69, 43, 37]"
In-Distribution,10,exact_guidance_u,52,0,69,68,"[129, 16, 8, 9, 17, 38, 51, 111, 97, 119, 123, 127, 127, 114, 124, 101, 94, 79, 80, 55, 58, 41, 44, 12, 3, 0, 0, 0, 4, 29, 53, 63, 72, 81, 98, 112, 127, 127, 127, 119, 110, 85, 79, 49, 46, 33, 0, 4, 6, 7, 0, 5, 24, 31, 39, 66, 87, 121, 127, 123, 122, 127, 127, 123, 116, 89, 69, 43, 37]","[16, 8, 9, 17, 38, 51, 111, 97, 119, 123, 127, 127, 114, 124, 101, 94, 79, 80, 55, 58, 41, 44, 12, 3, 0, 0, 0, 4, 29, 53, 63, 72, 81, 98, 112, 127, 127, 127, 119, 110, 85, 79, 49, 46, 33, 0, 4, 6, 7, 0, 5, 24, 31, 39, 66, 87, 121, 127, 123, 122, 127, 127, 123, 116, 89, 69, 43, 37]"
In-Distribution,10,exact_guidance_u,53,0,70,69,"[129, 16, 8, 9, 17, 38, 51, 111, 97, 119, 123, 127, 127, 114, 124, 123, 101, 94, 79, 80, 55, 58, 41, 44, 12, 3, 0, 0, 0, 4, 29, 53, 63, 72, 81, 98, 112, 127, 127, 127, 119, 110, 85, 79, 49, 46, 33, 0, 4, 6, 7, 0, 5, 24, 31, 39, 66, 87, 121, 127, 123, 122, 127, 127, 123, 116, 89, 69, 43, 37]","[16, 8, 9, 17, 38, 51, 111, 97, 119, 123, 127, 127, 114, 124, 123, 101, 94, 79, 80, 55, 58, 41, 44, 12, 3, 0, 0, 0, 4, 29, 53, 63, 72, 81, 98, 112, 127, 127, 127, 119, 110, 85, 79, 49, 46, 33, 0, 4, 6, 7, 0, 5, 24, 31, 39, 66, 87, 121, 127, 123, 122, 127, 127, 123, 116, 89, 69, 43, 37]"
In-Distribution,10,exact_guidance_u,54,0,70,69,"[129, 16, 8, 9, 17, 38, 51, 111, 97, 119, 123, 127, 127, 114, 124, 123, 101, 94, 79, 80, 55, 58, 41, 44, 12, 3, 0, 0, 0, 4, 29, 53, 63, 72, 81, 98, 112, 127, 127, 127, 119, 110, 85, 79, 49, 46, 33, 0, 4, 6, 7, 0, 5, 24, 31, 39, 66, 87, 121, 127, 123, 122, 127, 127, 123, 116, 89, 69, 43, 37]","[16, 8, 9, 17, 38, 51, 111, 97, 119, 123, 127, 127, 114, 124, 123, 101, 94, 79, 80, 55, 58, 41, 44, 12, 3, 0, 0, 0, 4, 29, 53, 63, 72, 81, 98, 112, 127, 127, 127, 119, 110, 85, 79, 49, 46, 33, 0, 4, 6, 7, 0, 5, 24, 31, 39, 66, 87, 121, 127, 123, 122, 127, 127, 123, 116, 89, 69, 43, 37]"
In-Distribution,10,exact_guidance_u,55,0,73,72,"[129, 16, 8, 9, 17, 38, 51, 111, 97, 119, 123, 127, 127, 114, 124, 123, 101, 94, 79, 80, 55, 58, 41, 44, 12, 3, 0, 0, 0, 4, 29, 53, 63, 72, 81, 98, 114, 112, 127, 127, 127, 119, 110, 85, 79, 49, 46, 33, 0, 4, 6, 7, 0, 5, 24, 31, 39, 66, 87, 107, 121, 127, 123, 122, 127, 127, 123, 116, 118, 89, 69, 43, 37]","[16, 8, 9, 17, 38, 51, 111, 97, 119, 123, 127, 127, 114, 124, 123, 101, 94, 79, 80, 55, 58, 41, 44, 12, 3, 0, 0, 0, 4, 29, 53, 63, 72, 81, 98, 114, 112, 127, 127, 127, 119, 110, 85, 79, 49, 46, 33, 0, 4, 6, 7, 0, 5, 24, 31, 39, 66, 87, 107, 121, 127, 123, 122, 127, 127, 123, 116, 118, 89, 69, 43, 37]"
In-Distribution,10,exact_guidance_u,56,0,74,73,"[129, 16, 8, 9, 17, 38, 51, 111, 97, 119, 123, 127, 127, 114, 124, 123, 101, 94, 79, 80, 55, 58, 41, 44, 12, 3, 0, 0, 0, 4, 29, 53, 63, 72, 81, 98, 114, 112, 127, 127, 127, 119, 110, 85, 79, 49, 46, 33, 18, 0, 4, 6, 7, 0, 5, 24, 31, 39, 66, 87, 107, 121, 127, 123, 122, 127, 127, 123, 116, 118, 89, 69, 43, 37]","[16, 8, 9, 17, 38, 51, 111, 97, 119, 123, 127, 127, 114, 124, 123, 101, 94, 79, 80, 55, 58, 41, 44, 12, 3, 0, 0, 0, 4, 29, 53, 63, 72, 81, 98, 114, 112, 127, 127, 127, 119, 110, 85, 79, 49, 46, 33, 18, 0, 4, 6, 7, 0, 5, 24, 31, 39, 66, 87, 107, 121, 127, 123, 122, 127, 127, 123, 116, 118, 89, 69, 43, 37]"
In-Distribution,10,exact_guidance_u,57,0,74,73,"[129, 16, 8, 9, 17, 38, 51, 111, 97, 119, 123, 127, 127, 114, 124, 123, 101, 94, 79, 80, 55, 58, 41, 44, 12, 3, 0, 0, 0, 4, 29, 53, 63, 72, 81, 98, 114, 112, 127, 127, 127, 119, 110, 85, 79, 49, 46, 33, 18, 0, 4, 6, 7, 0, 5, 24, 31, 39, 66, 87, 107, 121, 127, 123, 122, 127, 127, 123, 116, 118, 89, 69, 43, 37]","[16, 8, 9, 17, 38, 51, 111, 97, 119, 123, 127, 127, 114, 124, 123, 101, 94, 79, 80, 55, 58, 41, 44, 12, 3, 0, 0, 0, 4, 29, 53, 63, 72, 81, 98, 114, 112, 127, 127, 127, 119, 110, 85, 79, 49, 46, 33, 18, 0, 4, 6, 7, 0, 5, 24, 31, 39, 66, 87, 107, 121, 127, 123, 122, 127, 127, 123, 116, 118, 89, 69, 43, 37]"
In-Distribution,10,exact_guidance_u,58,0,74,73,"[129, 16, 8, 9, 17, 38, 51, 111, 97, 119, 123, 127, 127, 114, 124, 123, 101, 94, 79, 80, 55, 58, 41, 44, 12, 3, 0, 0, 0, 4, 29, 53, 63, 72, 81, 98, 114, 112, 127, 127, 127, 119, 110, 85, 79, 49, 46, 33, 18, 0, 4, 6, 7, 0, 5, 24, 31, 39, 66, 87, 107, 121, 127, 123, 122, 127, 127, 123, 116, 118, 89, 69, 43, 37]","[16, 8, 9, 17, 38, 51, 111, 97, 119, 123, 127, 127, 114, 124, 123, 101, 94, 79, 80, 55, 58, 41, 44, 12, 3, 0, 0, 0, 4, 29, 53, 63, 72, 81, 98, 114, 112, 127, 127, 127, 119, 110, 85, 79, 49, 46, 33, 18, 0, 4, 6, 7, 0, 5, 24, 31, 39, 66, 87, 107, 121, 127, 123, 122, 127, 127, 123, 116, 118, 89, 69, 43, 37]"
In-Distribution,10,exact_guidance_u,59,0,74,73,"[129, 16, 8, 9, 17, 38, 51, 111, 97, 119, 123, 127, 127, 114, 124, 123, 101, 94, 79, 80, 55, 58, 41, 44, 12, 3, 0, 0, 0, 4, 29, 53, 63, 72, 81, 98, 114, 112, 127, 127, 127, 119, 110, 85, 79, 49, 46, 33, 18, 0, 4, 6, 7, 0, 5, 24, 31, 39, 66, 87, 107, 121, 127, 123, 122, 127, 127, 123, 116, 118, 89, 69, 43, 37]","[16, 8, 9, 17, 38, 51, 111, 97, 119, 123, 127, 127, 114, 124, 123, 101, 94, 79, 80, 55, 58, 41, 44, 12, 3, 0, 0, 0, 4, 29, 53, 63, 72, 81, 98, 114, 112, 127, 127, 127, 119, 110, 85, 79, 49, 46, 33, 18, 0, 4, 6, 7, 0, 5, 24, 31, 39, 66, 87, 107, 121, 127, 123, 122, 127, 127, 123, 116, 118, 89, 69, 43, 37]"
In-Distribution,10,exact_guidance_u,60,0,75,74,"[129, 16, 8, 9, 17, 38, 51, 111, 97, 119, 123, 127, 127, 114, 124, 123, 101, 94, 79, 80, 55, 58, 41, 44, 12, 3, 0, 0, 0, 4, 29, 53, 63, 72, 81, 98, 114, 112, 127, 127, 127, 119, 110, 85, 79, 72, 49, 46, 33, 18, 0, 4, 6, 7, 0, 5, 24, 31, 39, 66, 87, 107, 121, 127, 123, 122, 127, 127, 123, 116, 118, 89, 69, 43, 37]","[16, 8, 9, 17, 38, 51, 111, 97, 119, 123, 127, 127, 114, 124, 123, 101, 94, 79, 80, 55, 58, 41, 44, 12, 3, 0, 0, 0, 4, 29, 53, 63, 72, 81, 98, 114, 112, 127, 127, 127, 119, 110, 85, 79, 72, 49, 46, 33, 18, 0, 4, 6, 7, 0, 5, 24, 31, 39, 66, 87, 107, 121, 127, 123, 122, 127, 127, 123, 116, 118, 89, 69, 43, 37]"
In-Distribution,10,exact_guidance_u,61,0,76,75,"[129, 16, 8, 9, 17, 38, 51, 111, 97, 119, 123, 127, 127, 114, 124, 123, 101, 94, 79, 80, 55, 58, 41, 44, 12, 3, 0, 0, 0, 4, 29, 53, 63, 72, 81, 98, 114, 112, 127, 127, 127, 119, 110, 85, 79, 72, 49, 46, 33, 18, 0, 4, 6, 7, 0, 5, 24, 31, 39, 66, 74, 87, 107, 121, 127, 123, 122, 127, 127, 123, 116, 118, 89, 69, 43, 37]","[16, 8, 9, 17, 38, 51, 111, 97, 119, 123, 127, 127, 114, 124, 123, 101, 94, 79, 80, 55, 58, 41, 44, 12, 3, 0, 0, 0, 4, 29, 53, 63, 72, 81, 98, 114, 112, 127, 127, 127, 119, 110, 85, 79, 72, 49, 46, 33, 18, 0, 4, 6, 7, 0, 5, 24, 31, 39, 66, 74, 87, 107, 121, 127, 123, 122, 127, 127, 123, 116, 118, 89, 69, 43, 37]"
In-Distribution,10,exact_guidance_u,62,0,76,75,"[129, 16, 8, 9, 17, 38, 51, 111, 97, 119, 123, 127, 127, 114, 124, 123, 101, 94, 79, 80, 55, 58, 41, 44, 12, 3, 0, 0, 0, 4, 29, 53, 63, 72, 81, 98, 114, 112, 127, 127, 127, 119, 110, 85, 79, 72, 49, 46, 33, 18, 0, 4, 6, 7, 0, 5, 24, 31, 39, 66, 74, 87, 107, 121, 127, 123, 122, 127, 127, 123, 116, 118, 89, 69, 43, 37]","[16, 8, 9, 17, 38, 51, 111, 97, 119, 123, 127, 127, 114, 124, 123, 101, 94, 79, 80, 55, 58, 41, 44, 12, 3, 0, 0, 0, 4, 29, 53, 63, 72, 81, 98, 114, 112, 127, 127, 127, 119, 110, 85, 79, 72, 49, 46, 33, 18, 0, 4, 6, 7, 0, 5, 24, 31, 39, 66, 74, 87, 107, 121, 127, 123, 122, 127, 127, 123, 116, 118, 89, 69, 43, 37]"
In-Distribution,10,exact_guidance_u,63,0,78,77,"[129, 16, 8, 9, 17, 38, 51, 111, 97, 119, 123, 127, 127, 127, 127, 114, 124, 123, 101, 94, 79, 80, 55, 58, 41, 44, 12, 3, 0, 0, 0, 4, 29, 53, 63, 72, 81, 98, 114, 112, 127, 127, 127, 119, 110, 85, 79, 72, 49, 46, 33, 18, 0, 4, 6, 7, 0, 5, 24, 31, 39, 66, 74, 87, 107, 121, 127, 123, 122, 127, 127, 123, 116, 118, 89, 69, 43, 37]","[16, 8, 9, 17, 38, 51, 111, 97, 119, 123, 127, 127, 127, 127, 114, 124, 123, 101, 94, 79, 80, 55, 58, 41, 44, 12, 3, 0, 0, 0, 4, 29, 53, 63, 72, 81, 98, 114, 112, 127, 127, 127, 119, 110, 85, 79, 72, 49, 46, 33, 18, 0, 4, 6, 7, 0, 5, 24, 31, 39, 66, 74, 87, 107, 121, 127, 123, 122, 127, 127, 123, 116, 118, 89, 69, 43, 37]"
In-Distribution,10,exact_guidance_u,64,0,78,77,"[129, 16, 8, 9, 17, 38, 51, 111, 97, 119, 123, 127, 127, 127, 127, 114, 124, 123, 101, 94, 79, 80, 55, 58, 41, 44, 12, 3, 0, 0, 0, 4, 29, 53, 63, 72, 81, 98, 114, 112, 127, 127, 127, 119, 110, 85, 79, 72, 49, 46, 33, 18, 0, 4, 6, 7, 0, 5, 24, 31, 39, 66, 74, 87, 107, 121, 127, 123, 122, 127, 127, 123, 116, 118, 89, 69, 43, 37]","[16, 8, 9, 17, 38, 51, 111, 97, 119, 123, 127, 127, 127, 127, 114, 124, 123, 101, 94, 79, 80, 55, 58, 41, 44, 12, 3, 0, 0, 0, 4, 29, 53, 63, 72, 81, 98, 114, 112, 127, 127, 127, 119, 110, 85, 79, 72, 49, 46, 33, 18, 0, 4, 6, 7, 0, 5, 24, 31, 39, 66, 74, 87, 107, 121, 127, 123, 122, 127, 127, 123, 116, 118, 89, 69, 43, 37]"
In-Distribution,10,exact_guidance_u,65,0,78,77,"[129, 16, 8, 9, 17, 38, 51, 111, 97, 119, 123, 127, 127, 127, 127, 114, 124, 123, 101, 94, 79, 80, 55, 58, 41, 44, 12, 3, 0, 0, 0, 4, 29, 53, 63, 72, 81, 98, 114, 112, 127, 127, 127, 119, 110, 85, 79, 72, 49, 46, 33, 18, 0, 4, 6, 7, 0, 5, 24, 31, 39, 66, 74, 87, 107, 121, 127, 123, 122, 127, 127, 123, 116, 118, 89, 69, 43, 37]","[16, 8, 9, 17, 38, 51, 111, 97, 119, 123, 127, 127, 127, 127, 114, 124, 123, 101, 94, 79, 80, 55, 58, 41, 44, 12, 3, 0, 0, 0, 4, 29, 53, 63, 72, 81, 98, 114, 112, 127, 127, 127, 119, 110, 85, 79, 72, 49, 46, 33, 18, 0, 4, 6, 7, 0, 5, 24, 31, 39, 66, 74, 87, 107, 121, 127, 123, 122, 127, 127, 123, 116, 118, 89, 69, 43, 37]"
In-Distribution,10,exact_guidance_u,66,0,81,80,"[129, 16, 8, 9, 17, 21, 38, 51, 111, 97, 119, 123, 127, 127, 127, 127, 114, 124, 123, 101, 94, 79, 80, 55, 58, 41, 44, 12, 3, 0, 0, 0, 4, 29, 53, 63, 72, 81, 98, 114, 112, 127, 127, 127, 119, 110, 85, 79, 72, 49, 46, 33, 18, 0, 4, 6, 7, 0, 5, 24, 31, 39, 66, 74, 87, 107, 121, 127, 123, 122, 127, 127, 123, 116, 118, 97, 89, 78, 69, 43, 37]","[16, 8, 9, 17, 21, 38, 51, 111, 97, 119, 123, 127, 127, 127, 127, 114, 124, 123, 101, 94, 79, 80, 55, 58, 41, 44, 12, 3, 0, 0, 0, 4, 29, 53, 63, 72, 81, 98, 114, 112, 127, 127, 127, 119, 110, 85, 79, 72, 49, 46, 33, 18, 0, 4, 6, 7, 0, 5, 24, 31, 39, 66, 74, 87, 107, 121, 127, 123, 122, 127, 127, 123, 116, 118, 97, 89, 78, 69, 43, 37]"
In-Distribution,10,exact_guidance_u,67,0,82,81,"[129, 16, 8, 9, 17, 21, 38, 51, 111, 97, 119, 123, 127, 127, 127, 127, 114, 124, 123, 101, 94, 79, 80, 55, 58, 41, 44, 12, 3, 0, 0, 0, 4, 29, 53, 63, 72, 81, 98, 114, 112, 127, 127, 127, 119, 110, 85, 79, 72, 49, 46, 33, 18, 0, 4, 6, 7, 0, 5, 24, 31, 39, 66, 74, 87, 107, 121, 127, 123, 122, 127, 127, 123, 116, 118, 110, 97, 89, 78, 69, 43, 37]","[16, 8, 9, 17, 21, 38, 51, 111, 97, 119, 123, 127, 127, 127, 127, 114, 124, 123, 101, 94, 79, 80, 55, 58, 41, 44, 12, 3, 0, 0, 0, 4, 29, 53, 63, 72, 81, 98, 114, 112, 127, 127, 127, 119, 110, 85, 79, 72, 49, 46, 33, 18, 0, 4, 6, 7, 0, 5, 24, 31, 39, 66, 74, 87, 107, 121, 127, 123, 122, 127, 127, 123, 116, 118, 110, 97, 89, 78, 69, 43, 37]"
In-Distribution,10,exact_guidance_u,68,0,83,82,"[129, 16, 8, 9, 17, 21, 38, 51, 91, 111, 97, 119, 123, 127, 127, 127, 127, 114, 124, 123, 101, 94, 79, 80, 55, 58, 41, 44, 12, 3, 0, 0, 0, 4, 29, 53, 63, 72, 81, 98, 114, 112, 127, 127, 127, 119, 110, 85, 79, 72, 49, 46, 33, 18, 0, 4, 6, 7, 0, 5, 24, 31, 39, 66, 74, 87, 107, 121, 127, 123, 122, 127, 127, 123, 116, 118, 110, 97, 89, 78, 69, 43, 37]","[16, 8, 9, 17, 21, 38, 51, 91, 111, 97, 119, 123, 127, 127, 127, 127, 114, 124, 123, 101, 94, 79, 80, 55, 58, 41, 44, 12, 3, 0, 0, 0, 4, 29, 53, 63, 72, 81, 98, 114, 112, 127, 127, 127, 119, 110, 85, 79, 72, 49, 46, 33, 18, 0, 4, 6, 7, 0, 5, 24, 31, 39, 66, 74, 87, 107, 121, 127, 123, 122, 127, 127, 123, 116, 118, 110, 97, 89, 78, 69, 43, 37]"
In-Distribution,10,exact_guidance_u,69,0,85,84,"[129, 16, 8, 9, 17, 21, 38, 51, 91, 111, 97, 119, 123, 127, 127, 127, 127, 114, 124, 123, 101, 94, 79, 80, 55, 58, 41, 44, 12, 3, 0, 0, 0, 4, 29, 53, 66, 63, 72, 81, 98, 114, 112, 122, 127, 127, 127, 119, 110, 85, 79, 72, 49, 46, 33, 18, 0, 4, 6, 7, 0, 5, 24, 31, 39, 66, 74, 87, 107, 121, 127, 123, 122, 127, 127, 123, 116, 118, 110, 97, 89, 78, 69, 43, 37]","[16, 8, 9, 17, 21, 38, 51, 91, 111, 97, 119, 123, 127, 127, 127, 127, 114, 124, 123, 101, 94, 79, 80, 55, 58, 41, 44, 12, 3, 0, 0, 0, 4, 29, 53, 66, 63, 72, 81, 98, 114, 112, 122, 127, 127, 127, 119, 110, 85, 79, 72, 49, 46, 33, 18, 0, 4, 6, 7, 0, 5, 24, 31, 39, 66, 74, 87, 107, 121, 127, 123, 122, 127, 127, 123, 116, 118, 110, 97, 89, 78, 69, 43, 37]"
In-Distribution,10,exact_guidance_u,70,0,85,84,"[129, 16, 8, 9, 17, 21, 38, 51, 91, 111, 97, 119, 123, 127, 127, 127, 127, 114, 124, 123, 101, 94, 79, 80, 55, 58, 41, 44, 12, 3, 0, 0, 0, 4, 29, 53, 66, 63, 72, 81, 98, 114, 112, 122, 127, 127, 127, 119, 110, 85, 79, 72, 49, 46, 33, 18, 0, 4, 6, 7, 0, 5, 24, 31, 39, 66, 74, 87, 107, 121, 127, 123, 122, 127, 127, 123, 116, 118, 110, 97, 89, 78, 69, 43, 37]","[16, 8, 9, 17, 21, 38, 51, 91, 111, 97, 119, 123, 127, 127, 127, 127, 114, 124, 123, 101, 94, 79, 80, 55, 58, 41, 44, 12, 3, 0, 0, 0, 4, 29, 53, 66, 63, 72, 81, 98, 114, 112, 122, 127, 127, 127, 119, 110, 85, 79, 72, 49, 46, 33, 18, 0, 4, 6, 7, 0, 5, 24, 31, 39, 66, 74, 87, 107, 121, 127, 123, 122, 127, 127, 123, 116, 118, 110, 97, 89, 78, 69, 43, 37]"
In-Distribution,10,exact_guidance_u,71,0,85,84,"[129, 16, 8, 9, 17, 21, 38, 51, 91, 111, 97, 119, 123, 127, 127, 127, 127, 114, 124, 123, 101, 94, 79, 80, 55, 58, 41, 44, 12, 3, 0, 0, 0, 4, 29, 53, 66, 63, 72, 81, 98, 114, 112, 122, 127, 127, 127, 119, 110, 85, 79, 72, 49, 46, 33, 18, 0, 4, 6, 7, 0, 5, 24, 31, 39, 66, 74, 87, 107, 121, 127, 123, 122, 127, 127, 123, 116, 118, 110, 97, 89, 78, 69, 43, 37]","[16, 8, 9, 17, 21, 38, 51, 91, 111, 97, 119, 123, 127, 127, 127, 127, 114, 124, 123, 101, 94, 79, 80, 55, 58, 41, 44, 12, 3, 0, 0, 0, 4, 29, 53, 66, 63, 72, 81, 98, 114, 112, 122, 127, 127, 127, 119, 110, 85, 79, 72, 49, 46, 33, 18, 0, 4, 6, 7, 0, 5, 24, 31, 39, 66, 74, 87, 107, 121, 127, 123, 122, 127, 127, 123, 116, 118, 110, 97, 89, 78, 69, 43, 37]"
In-Distribution,10,exact_guidance_u,72,0,85,84,"[129, 16, 8, 9, 17, 21, 38, 51, 91, 111, 97, 119, 123, 127, 127, 127, 127, 114, 124, 123, 101, 94, 79, 80, 55, 58, 41, 44, 12, 3, 0, 0, 0, 4, 29, 53, 66, 63, 72, 81, 98, 114, 112, 122, 127, 127, 127, 119, 110, 85, 79, 72, 49, 46, 33, 18, 0, 4, 6, 7, 0, 5, 24, 31, 39, 66, 74, 87, 107, 121, 127, 123, 122, 127, 127, 123, 116, 118, 110, 97, 89, 78, 69, 43, 37]","[16, 8, 9, 17, 21, 38, 51, 91, 111, 97, 119, 123, 127, 127, 127, 127, 114, 124, 123, 101, 94, 79, 80, 55, 58, 41, 44, 12, 3, 0, 0, 0, 4, 29, 53, 66, 63, 72, 81, 98, 114, 112, 122, 127, 127, 127, 119, 110, 85, 79, 72, 49, 46, 33, 18, 0, 4, 6, 7, 0, 5, 24, 31, 39, 66, 74, 87, 107, 121, 127, 123, 122, 127, 127, 123, 116, 118, 110, 97, 89, 78, 69, 43, 37]"
In-Distribution,10,exact_guidance_u,73,0,85,84,"[129, 16, 8, 9, 17, 21, 38, 51, 91, 111, 97, 119, 123, 127, 127, 127, 127, 114, 124, 123, 101, 94, 79, 80, 55, 58, 41, 44, 12, 3, 0, 0, 0, 4, 29, 53, 66, 63, 72, 81, 98, 114, 112, 122, 127, 127, 127, 119, 110, 85, 79, 72, 49, 46, 33, 18, 0, 4, 6, 7, 0, 5, 24, 31, 39, 66, 74, 87, 107, 121, 127, 123, 122, 127, 127, 123, 116, 118, 110, 97, 89, 78, 69, 43, 37]","[16, 8, 9, 17, 21, 38, 51, 91, 111, 97, 119, 123, 127, 127, 127, 127, 114, 124, 123, 101, 94, 79, 80, 55, 58, 41, 44, 12, 3, 0, 0, 0, 4, 29, 53, 66, 63, 72, 81, 98, 114, 112, 122, 127, 127, 127, 119, 110, 85, 79, 72, 49, 46, 33, 18, 0, 4, 6, 7, 0, 5, 24, 31, 39, 66, 74, 87, 107, 121, 127, 123, 122, 127, 127, 123, 116, 118, 110, 97, 89, 78, 69, 43, 37]"
In-Distribution,10,exact_guidance_u,74,0,85,84,"[129, 16, 8, 9, 17, 21, 38, 51, 91, 111, 97, 119, 123, 127, 127, 127, 127, 114, 124, 123, 101, 94, 79, 80, 55, 58, 41, 44, 12, 3, 0, 0, 0, 4, 29, 53, 66, 63, 72, 81, 98, 114, 112, 122, 127, 127, 127, 119, 110, 85, 79, 72, 49, 46, 33, 18, 0, 4, 6, 7, 0, 5, 24, 31, 39, 66, 74, 87, 107, 121, 127, 123, 122, 127, 127, 123, 116, 118, 110, 97, 89, 78, 69, 43, 37]","[16, 8, 9, 17, 21, 38, 51, 91, 111, 97, 119, 123, 127, 127, 127, 127, 114, 124, 123, 101, 94, 79, 80, 55, 58, 41, 44, 12, 3, 0, 0, 0, 4, 29, 53, 66, 63, 72, 81, 98, 114, 112, 122, 127, 127, 127, 119, 110, 85, 79, 72, 49, 46, 33, 18, 0, 4, 6, 7, 0, 5, 24, 31, 39, 66, 74, 87, 107, 121, 127, 123, 122, 127, 127, 123, 116, 118, 110, 97, 89, 78, 69, 43, 37]"
In-Distribution,10,exact_guidance_u,75,0,85,84,"[129, 16, 8, 9, 17, 21, 38, 51, 91, 111, 97, 119, 123, 127, 127, 127, 127, 114, 124, 123, 101, 94, 79, 80, 55, 58, 41, 44, 12, 3, 0, 0, 0, 4, 29, 53, 66, 63, 72, 81, 98, 114, 112, 122, 127, 127, 127, 119, 110, 85, 79, 72, 49, 46, 33, 18, 0, 4, 6, 7, 0, 5, 24, 31, 39, 66, 74, 87, 107, 121, 127, 123, 122, 127, 127, 123, 116, 118, 110, 97, 89, 78, 69, 43, 37]","[16, 8, 9, 17, 21, 38, 51, 91, 111, 97, 119, 123, 127, 127, 127, 127, 114, 124, 123, 101, 94, 79, 80, 55, 58, 41, 44, 12, 3, 0, 0, 0, 4, 29, 53, 66, 63, 72, 81, 98, 114, 112, 122, 127, 127, 127, 119, 110, 85, 79, 72, 49, 46, 33, 18, 0, 4, 6, 7, 0, 5, 24, 31, 39, 66, 74, 87, 107, 121, 127, 123, 122, 127, 127, 123, 116, 118, 110, 97, 89, 78, 69, 43, 37]"
In-Distribution,10,exact_guidance_u,76,0,85,84,"[129, 16, 8, 9, 17, 21, 38, 51, 91, 111, 97, 119, 123, 127, 127, 127, 127, 114, 124, 123, 101, 94, 79, 80, 55, 58, 41, 44, 12, 3, 0, 0, 0, 4, 29, 53, 66, 63, 72, 81, 98, 114, 112, 122, 127, 127, 127, 119, 110, 85, 79, 72, 49, 46, 33, 18, 0, 4, 6, 7, 0, 5, 24, 31, 39, 66, 74, 87, 107, 121, 127, 123, 122, 127, 127, 123, 116, 118, 110, 97, 89, 78, 69, 43, 37]","[16, 8, 9, 17, 21, 38, 51, 91, 111, 97, 119, 123, 127, 127, 127, 127, 114, 124, 123, 101, 94, 79, 80, 55, 58, 41, 44, 12, 3, 0, 0, 0, 4, 29, 53, 66, 63, 72, 81, 98, 114, 112, 122, 127, 127, 127, 119, 110, 85, 79, 72, 49, 46, 33, 18, 0, 4, 6, 7, 0, 5, 24, 31, 39, 66, 74, 87, 107, 121, 127, 123, 122, 127, 127, 123, 116, 118, 110, 97, 89, 78, 69, 43, 37]"
In-Distribution,10,exact_guidance_u,77,0,85,84,"[129, 16, 8, 9, 17, 21, 38, 51, 91, 111, 97, 119, 123, 127, 127, 127, 127, 114, 124, 123, 101, 94, 79, 80, 55, 58, 41, 44, 12, 3, 0, 0, 0, 4, 29, 53, 66, 63, 72, 81, 98, 114, 112, 122, 127, 127, 127, 119, 110, 85, 79, 72, 49, 46, 33, 18, 0, 4, 6, 7, 0, 5, 24, 31, 39, 66, 74, 87, 107, 121, 127, 123, 122, 127, 127, 123, 116, 118, 110, 97, 89, 78, 69, 43, 37]","[16, 8, 9, 17, 21, 38, 51, 91, 111, 97, 119, 123, 127, 127, 127, 127, 114, 124, 123, 101, 94, 79, 80, 55, 58, 41, 44, 12, 3, 0, 0, 0, 4, 29, 53, 66, 63, 72, 81, 98, 114, 112, 122, 127, 127, 127, 119, 110, 85, 79, 72, 49, 46, 33, 18, 0, 4, 6, 7, 0, 5, 24, 31, 39, 66, 74, 87, 107, 121, 127, 123, 122, 127, 127, 123, 116, 118, 110, 97, 89, 78, 69, 43, 37]"
In-Distribution,10,exact_guidance_u,78,0,85,84,"[129, 16, 8, 9, 17, 21, 38, 51, 91, 111, 97, 119, 123, 127, 127, 127, 127, 114, 124, 123, 101, 94, 79, 80, 55, 58, 41, 44, 12, 3, 0, 0, 0, 4, 29, 53, 66, 63, 72, 81, 98, 114, 112, 122, 127, 127, 127, 119, 110, 85, 79, 72, 49, 46, 33, 18, 0, 4, 6, 7, 0, 5, 24, 31, 39, 66, 74, 87, 107, 121, 127, 123, 122, 127, 127, 123, 116, 118, 110, 97, 89, 78, 69, 43, 37]","[16, 8, 9, 17, 21, 38, 51, 91, 111, 97, 119, 123, 127, 127, 127, 127, 114, 124, 123, 101, 94, 79, 80, 55, 58, 41, 44, 12, 3, 0, 0, 0, 4, 29, 53, 66, 63, 72, 81, 98, 114, 112, 122, 127, 127, 127, 119, 110, 85, 79, 72, 49, 46, 33, 18, 0, 4, 6, 7, 0, 5, 24, 31, 39, 66, 74, 87, 107, 121, 127, 123, 122, 127, 127, 123, 116, 118, 110, 97, 89, 78, 69, 43, 37]"
In-Distribution,10,exact_guidance_u,79,0,85,84,"[129, 16, 8, 9, 17, 21, 38, 51, 91, 111, 97, 119, 123, 127, 127, 127, 127, 114, 124, 123, 101, 94, 79, 80, 55, 58, 41, 44, 12, 3, 0, 0, 0, 4, 29, 53, 66, 63, 72, 81, 98, 114, 112, 122, 127, 127, 127, 119, 110, 85, 79, 72, 49, 46, 33, 18, 0, 4, 6, 7, 0, 5, 24, 31, 39, 66, 74, 87, 107, 121, 127, 123, 122, 127, 127, 123, 116, 118, 110, 97, 89, 78, 69, 43, 37]","[16, 8, 9, 17, 21, 38, 51, 91, 111, 97, 119, 123, 127, 127, 127, 127, 114, 124, 123, 101, 94, 79, 80, 55, 58, 41, 44, 12, 3, 0, 0, 0, 4, 29, 53, 66, 63, 72, 81, 98, 114, 112, 122, 127, 127, 127, 119, 110, 85, 79, 72, 49, 46, 33, 18, 0, 4, 6, 7, 0, 5, 24, 31, 39, 66, 74, 87, 107, 121, 127, 123, 122, 127, 127, 123, 116, 118, 110, 97, 89, 78, 69, 43, 37]"
In-Distribution,10,exact_guidance_u,80,0,85,84,"[129, 16, 8, 9, 17, 21, 38, 51, 91, 111, 97, 119, 123, 127, 127, 127, 127, 114, 124, 123, 101, 94, 79, 80, 55, 58, 41, 44, 12, 3, 0, 0, 0, 4, 29, 53, 66, 63, 72, 81, 98, 114, 112, 122, 127, 127, 127, 119, 110, 85, 79, 72, 49, 46, 33, 18, 0, 4, 6, 7, 0, 5, 24, 31, 39, 66, 74, 87, 107, 121, 127, 123, 122, 127, 127, 123, 116, 118, 110, 97, 89, 78, 69, 43, 37]","[16, 8, 9, 17, 21, 38, 51, 91, 111, 97, 119, 123, 127, 127, 127, 127, 114, 124, 123, 101, 94, 79, 80, 55, 58, 41, 44, 12, 3, 0, 0, 0, 4, 29, 53, 66, 63, 72, 81, 98, 114, 112, 122, 127, 127, 127, 119, 110, 85, 79, 72, 49, 46, 33, 18, 0, 4, 6, 7, 0, 5, 24, 31, 39, 66, 74, 87, 107, 121, 127, 123, 122, 127, 127, 123, 116, 118, 110, 97, 89, 78, 69, 43, 37]"
In-Distribution,10,exact_guidance_u,81,0,85,84,"[129, 16, 8, 9, 17, 21, 38, 51, 91, 111, 97, 119, 123, 127, 127, 127, 127, 114, 124, 123, 101, 94, 79, 80, 55, 58, 41, 44, 12, 3, 0, 0, 0, 4, 29, 53, 66, 63, 72, 81, 98, 114, 112, 122, 127, 127, 127, 119, 110, 85, 79, 72, 49, 46, 33, 18, 0, 4, 6, 7, 0, 5, 24, 31, 39, 66, 74, 87, 107, 121, 127, 123, 122, 127, 127, 123, 116, 118, 110, 97, 89, 78, 69, 43, 37]","[16, 8, 9, 17, 21, 38, 51, 91, 111, 97, 119, 123, 127, 127, 127, 127, 114, 124, 123, 101, 94, 79, 80, 55, 58, 41, 44, 12, 3, 0, 0, 0, 4, 29, 53, 66, 63, 72, 81, 98, 114, 112, 122, 127, 127, 127, 119, 110, 85, 79, 72, 49, 46, 33, 18, 0, 4, 6, 7, 0, 5, 24, 31, 39, 66, 74, 87, 107, 121, 127, 123, 122, 127, 127, 123, 116, 118, 110, 97, 89, 78, 69, 43, 37]"
In-Distribution,10,exact_guidance_u,82,0,86,85,"[129, 16, 8, 9, 17, 21, 38, 51, 91, 111, 97, 119, 123, 127, 127, 127, 127, 114, 124, 123, 101, 94, 79, 80, 55, 58, 41, 44, 12, 3, 0, 0, 0, 4, 29, 53, 66, 63, 72, 81, 98, 114, 112, 122, 127, 127, 127, 119, 110, 85, 79, 72, 77, 49, 46, 33, 18, 0, 4, 6, 7, 0, 5, 24, 31, 39, 66, 74, 87, 107, 121, 127, 123, 122, 127, 127, 123, 116, 118, 110, 97, 89, 78, 69, 43, 37]","[16, 8, 9, 17, 21, 38, 51, 91, 111, 97, 119, 123, 127, 127, 127, 127, 114, 124, 123, 101, 94, 79, 80, 55, 58, 41, 44, 12, 3, 0, 0, 0, 4, 29, 53, 66, 63, 72, 81, 98, 114, 112, 122, 127, 127, 127, 119, 110, 85, 79, 72, 77, 49, 46, 33, 18, 0, 4, 6, 7, 0, 5, 24, 31, 39, 66, 74, 87, 107, 121, 127, 123, 122, 127, 127, 123, 116, 118, 110, 97, 89, 78, 69, 43, 37]"
In-Distribution,10,exact_guidance_u,83,0,87,86,"[129, 16, 8, 9, 17, 21, 38, 51, 91, 111, 97, 119, 123, 127, 127, 127, 127, 114, 124, 123, 101, 94, 79, 80, 55, 58, 41, 44, 12, 3, 0, 0, 0, 4, 29, 53, 66, 63, 72, 81, 98, 114, 112, 123, 122, 127, 127, 127, 119, 110, 85, 79, 72, 77, 49, 46, 33, 18, 0, 4, 6, 7, 0, 5, 24, 31, 39, 66, 74, 87, 107, 121, 127, 123, 122, 127, 127, 123, 116, 118, 110, 97, 89, 78, 69, 43, 37]","[16, 8, 9, 17, 21, 38, 51, 91, 111, 97, 119, 123, 127, 127, 127, 127, 114, 124, 123, 101, 94, 79, 80, 55, 58, 41, 44, 12, 3, 0, 0, 0, 4, 29, 53, 66, 63, 72, 81, 98, 114, 112, 123, 122, 127, 127, 127, 119, 110, 85, 79, 72, 77, 49, 46, 33, 18, 0, 4, 6, 7, 0, 5, 24, 31, 39, 66, 74, 87, 107, 121, 127, 123, 122, 127, 127, 123, 116, 118, 110, 97, 89, 78, 69, 43, 37]"
In-Distribution,10,exact_guidance_u,84,0,87,86,"[129, 16, 8, 9, 17, 21, 38, 51, 91, 111, 97, 119, 123, 127, 127, 127, 127, 114, 124, 123, 101, 94, 79, 80, 55, 58, 41, 44, 12, 3, 0, 0, 0, 4, 29, 53, 66, 63, 72, 81, 98, 114, 112, 123, 122, 127, 127, 127, 119, 110, 85, 79, 72, 77, 49, 46, 33, 18, 0, 4, 6, 7, 0, 5, 24, 31, 39, 66, 74, 87, 107, 121, 127, 123, 122, 127, 127, 123, 116, 118, 110, 97, 89, 78, 69, 43, 37]","[16, 8, 9, 17, 21, 38, 51, 91, 111, 97, 119, 123, 127, 127, 127, 127, 114, 124, 123, 101, 94, 79, 80, 55, 58, 41, 44, 12, 3, 0, 0, 0, 4, 29, 53, 66, 63, 72, 81, 98, 114, 112, 123, 122, 127, 127, 127, 119, 110, 85, 79, 72, 77, 49, 46, 33, 18, 0, 4, 6, 7, 0, 5, 24, 31, 39, 66, 74, 87, 107, 121, 127, 123, 122, 127, 127, 123, 116, 118, 110, 97, 89, 78, 69, 43, 37]"
In-Distribution,10,exact_guidance_u,85,0,87,86,"[129, 16, 8, 9, 17, 21, 38, 51, 91, 111, 97, 119, 123, 127, 127, 127, 127, 114, 124, 123, 101, 94, 79, 80, 55, 58, 41, 44, 12, 3, 0, 0, 0, 4, 29, 53, 66, 63, 72, 81, 98, 114, 112, 123, 122, 127, 127, 127, 119, 110, 85, 79, 72, 77, 49, 46, 33, 18, 0, 4, 6, 7, 0, 5, 24, 31, 39, 66, 74, 87, 107, 121, 127, 123, 122, 127, 127, 123, 116, 118, 110, 97, 89, 78, 69, 43, 37]","[16, 8, 9, 17, 21, 38, 51, 91, 111, 97, 119, 123, 127, 127, 127, 127, 114, 124, 123, 101, 94, 79, 80, 55, 58, 41, 44, 12, 3, 0, 0, 0, 4, 29, 53, 66, 63, 72, 81, 98, 114, 112, 123, 122, 127, 127, 127, 119, 110, 85, 79, 72, 77, 49, 46, 33, 18, 0, 4, 6, 7, 0, 5, 24, 31, 39, 66, 74, 87, 107, 121, 127, 123, 122, 127, 127, 123, 116, 118, 110, 97, 89, 78, 69, 43, 37]"
In-Distribution,10,exact_guidance_u,86,0,87,86,"[129, 16, 8, 9, 17, 21, 38, 51, 91, 111, 97, 119, 123, 127, 127, 127, 127, 114, 124, 123, 101, 94, 79, 80, 55, 58, 41, 44, 12, 3, 0, 0, 0, 4, 29, 53, 66, 63, 72, 81, 98, 114, 112, 123, 122, 127, 127, 127, 119, 110, 85, 79, 72, 77, 49, 46, 33, 18, 0, 4, 6, 7, 0, 5, 24, 31, 39, 66, 74, 87, 107, 121, 127, 123, 122, 127, 127, 123, 116, 118, 110, 97, 89, 78, 69, 43, 37]","[16, 8, 9, 17, 21, 38, 51, 91, 111, 97, 119, 123, 127, 127, 127, 127, 114, 124, 123, 101, 94, 79, 80, 55, 58, 41, 44, 12, 3, 0, 0, 0, 4, 29, 53, 66, 63, 72, 81, 98, 114, 112, 123, 122, 127, 127, 127, 119, 110, 85, 79, 72, 77, 49, 46, 33, 18, 0, 4, 6, 7, 0, 5, 24, 31, 39, 66, 74, 87, 107, 121, 127, 123, 122, 127, 127, 123, 116, 118, 110, 97, 89, 78, 69, 43, 37]"
In-Distribution,10,exact_guidance_u,87,0,87,86,"[129, 16, 8, 9, 17, 21, 38, 51, 91, 111, 97, 119, 123, 127, 127, 127, 127, 114, 124, 123, 101, 94, 79, 80, 55, 58, 41, 44, 12, 3, 0, 0, 0, 4, 29, 53, 66, 63, 72, 81, 98, 114, 112, 123, 122, 127, 127, 127, 119, 110, 85, 79, 72, 77, 49, 46, 33, 18, 0, 4, 6, 7, 0, 5, 24, 31, 39, 66, 74, 87, 107, 121, 127, 123, 122, 127, 127, 123, 116, 118, 110, 97, 89, 78, 69, 43, 37]","[16, 8, 9, 17, 21, 38, 51, 91, 111, 97, 119, 123, 127, 127, 127, 127, 114, 124, 123, 101, 94, 79, 80, 55, 58, 41, 44, 12, 3, 0, 0, 0, 4, 29, 53, 66, 63, 72, 81, 98, 114, 112, 123, 122, 127, 127, 127, 119, 110, 85, 79, 72, 77, 49, 46, 33, 18, 0, 4, 6, 7, 0, 5, 24, 31, 39, 66, 74, 87, 107, 121, 127, 123, 122, 127, 127, 123, 116, 118, 110, 97, 89, 78, 69, 43, 37]"
In-Distribution,10,exact_guidance_u,88,0,87,86,"[129, 16, 8, 9, 17, 21, 38, 51, 91, 111, 97, 119, 123, 127, 127, 127, 127, 114, 124, 123, 101, 94, 79, 80, 55, 58, 41, 44, 12, 3, 0, 0, 0, 4, 29, 53, 66, 63, 72, 81, 98, 114, 112, 123, 122, 127, 127, 127, 119, 110, 85, 79, 72, 77, 49, 46, 33, 18, 0, 4, 6, 7, 0, 5, 24, 31, 39, 66, 74, 87, 107, 121, 127, 123, 122, 127, 127, 123, 116, 118, 110, 97, 89, 78, 69, 43, 37]","[16, 8, 9, 17, 21, 38, 51, 91, 111, 97, 119, 123, 127, 127, 127, 127, 114, 124, 123, 101, 94, 79, 80, 55, 58, 41, 44, 12, 3, 0, 0, 0, 4, 29, 53, 66, 63, 72, 81, 98, 114, 112, 123, 122, 127, 127, 127, 119, 110, 85, 79, 72, 77, 49, 46, 33, 18, 0, 4, 6, 7, 0, 5, 24, 31, 39, 66, 74, 87, 107, 121, 127, 123, 122, 127, 127, 123, 116, 118, 110, 97, 89, 78, 69, 43, 37]"
In-Distribution,10,exact_guidance_u,89,0,88,87,"[129, 16, 8, 9, 17, 21, 38, 51, 91, 111, 97, 119, 123, 127, 127, 127, 127, 114, 124, 123, 101, 94, 79, 80, 55, 58, 41, 44, 12, 3, 0, 0, 0, 4, 29, 53, 66, 63, 72, 81, 98, 114, 112, 123, 122, 127, 127, 127, 119, 110, 85, 79, 72, 77, 49, 46, 33, 18, 0, 4, 6, 7, 0, 5, 24, 31, 39, 37, 66, 74, 87, 107, 121, 127, 123, 122, 127, 127, 123, 116, 118, 110, 97, 89, 78, 69, 43, 37]","[16, 8, 9, 17, 21, 38, 51, 91, 111, 97, 119, 123, 127, 127, 127, 127, 114, 124, 123, 101, 94, 79, 80, 55, 58, 41, 44, 12, 3, 0, 0, 0, 4, 29, 53, 66, 63, 72, 81, 98, 114, 112, 123, 122, 127, 127, 127, 119, 110, 85, 79, 72, 77, 49, 46, 33, 18, 0, 4, 6, 7, 0, 5, 24, 31, 39, 37, 66, 74, 87, 107, 121, 127, 123, 122, 127, 127, 123, 116, 118, 110, 97, 89, 78, 69, 43, 37]"
In-Distribution,10,exact_guidance_u,90,0,88,87,"[129, 16, 8, 9, 17, 21, 38, 51, 91, 111, 97, 119, 123, 127, 127, 127, 127, 114, 124, 123, 101, 94, 79, 80, 55, 58, 41, 44, 12, 3, 0, 0, 0, 4, 29, 53, 66, 63, 72, 81, 98, 114, 112, 123, 122, 127, 127, 127, 119, 110, 85, 79, 72, 77, 49, 46, 33, 18, 0, 4, 6, 7, 0, 5, 24, 31, 39, 37, 66, 74, 87, 107, 121, 127, 123, 122, 127, 127, 123, 116, 118, 110, 97, 89, 78, 69, 43, 37]","[16, 8, 9, 17, 21, 38, 51, 91, 111, 97, 119, 123, 127, 127, 127, 127, 114, 124, 123, 101, 94, 79, 80, 55, 58, 41, 44, 12, 3, 0, 0, 0, 4, 29, 53, 66, 63, 72, 81, 98, 114, 112, 123, 122, 127, 127, 127, 119, 110, 85, 79, 72, 77, 49, 46, 33, 18, 0, 4, 6, 7, 0, 5, 24, 31, 39, 37, 66, 74, 87, 107, 121, 127, 123, 122, 127, 127, 123, 116, 118, 110, 97, 89, 78, 69, 43, 37]"
In-Distribution,10,exact_guidance_u,91,0,88,87,"[129, 16, 8, 9, 17, 21, 38, 51, 91, 111, 97, 119, 123, 127, 127, 127, 127, 114, 124, 123, 101, 94, 79, 80, 55, 58, 41, 44, 12, 3, 0, 0, 0, 4, 29, 53, 66, 63, 72, 81, 98, 114, 112, 123, 122, 127, 127, 127, 119, 110, 85, 79, 72, 77, 49, 46, 33, 18, 0, 4, 6, 7, 0, 5, 24, 31, 39, 37, 66, 74, 87, 107, 121, 127, 123, 122, 127, 127, 123, 116, 118, 110, 97, 89, 78, 69, 43, 37]","[16, 8, 9, 17, 21, 38, 51, 91, 111, 97, 119, 123, 127, 127, 127, 127, 114, 124, 123, 101, 94, 79, 80, 55, 58, 41, 44, 12, 3, 0, 0, 0, 4, 29, 53, 66, 63, 72, 81, 98, 114, 112, 123, 122, 127, 127, 127, 119, 110, 85, 79, 72, 77, 49, 46, 33, 18, 0, 4, 6, 7, 0, 5, 24, 31, 39, 37, 66, 74, 87, 107, 121, 127, 123, 122, 127, 127, 123, 116, 118, 110, 97, 89, 78, 69, 43, 37]"
In-Distribution,10,exact_guidance_u,92,0,88,87,"[129, 16, 8, 9, 17, 21, 38, 51, 91, 111, 97, 119, 123, 127, 127, 127, 127, 114, 124, 123, 101, 94, 79, 80, 55, 58, 41, 44, 12, 3, 0, 0, 0, 4, 29, 53, 66, 63, 72, 81, 98, 114, 112, 123, 122, 127, 127, 127, 119, 110, 85, 79, 72, 77, 49, 46, 33, 18, 0, 4, 6, 7, 0, 5, 24, 31, 39, 37, 66, 74, 87, 107, 121, 127, 123, 122, 127, 127, 123, 116, 118, 110, 97, 89, 78, 69, 43, 37]","[16, 8, 9, 17, 21, 38, 51, 91, 111, 97, 119, 123, 127, 127, 127, 127, 114, 124, 123, 101, 94, 79, 80, 55, 58, 41, 44, 12, 3, 0, 0, 0, 4, 29, 53, 66, 63, 72, 81, 98, 114, 112, 123, 122, 127, 127, 127, 119, 110, 85, 79, 72, 77, 49, 46, 33, 18, 0, 4, 6, 7, 0, 5, 24, 31, 39, 37, 66, 74, 87, 107, 121, 127, 123, 122, 127, 127, 123, 116, 118, 110, 97, 89, 78, 69, 43, 37]"
In-Distribution,10,exact_guidance_u,93,0,88,87,"[129, 16, 8, 9, 17, 21, 38, 51, 91, 111, 97, 119, 123, 127, 127, 127, 127, 114, 124, 123, 101, 94, 79, 80, 55, 58, 41, 44, 12, 3, 0, 0, 0, 4, 29, 53, 66, 63, 72, 81, 98, 114, 112, 123, 122, 127, 127, 127, 119, 110, 85, 79, 72, 77, 49, 46, 33, 18, 0, 4, 6, 7, 0, 5, 24, 31, 39, 37, 66, 74, 87, 107, 121, 127, 123, 122, 127, 127, 123, 116, 118, 110, 97, 89, 78, 69, 43, 37]","[16, 8, 9, 17, 21, 38, 51, 91, 111, 97, 119, 123, 127, 127, 127, 127, 114, 124, 123, 101, 94, 79, 80, 55, 58, 41, 44, 12, 3, 0, 0, 0, 4, 29, 53, 66, 63, 72, 81, 98, 114, 112, 123, 122, 127, 127, 127, 119, 110, 85, 79, 72, 77, 49, 46, 33, 18, 0, 4, 6, 7, 0, 5, 24, 31, 39, 37, 66, 74, 87, 107, 121, 127, 123, 122, 127, 127, 123, 116, 118, 110, 97, 89, 78, 69, 43, 37]"
In-Distribution,10,exact_guidance_u,94,0,88,87,"[129, 16, 8, 9, 17, 21, 38, 51, 91, 111, 97, 119, 123, 127, 127, 127, 127, 114, 124, 123, 101, 94, 79, 80, 55, 58, 41, 44, 12, 3, 0, 0, 0, 4, 29, 53, 66, 63, 72, 81, 98, 114, 112, 123, 122, 127, 127, 127, 119, 110, 85, 79, 72, 77, 49, 46, 33, 18, 0, 4, 6, 7, 0, 5, 24, 31, 39, 37, 66, 74, 87, 107, 121, 127, 123, 122, 127, 127, 123, 116, 118, 110, 97, 89, 78, 69, 43, 37]","[16, 8, 9, 17, 21, 38, 51, 91, 111, 97, 119, 123, 127, 127, 127, 127, 114, 124, 123, 101, 94, 79, 80, 55, 58, 41, 44, 12, 3, 0, 0, 0, 4, 29, 53, 66, 63, 72, 81, 98, 114, 112, 123, 122, 127, 127, 127, 119, 110, 85, 79, 72, 77, 49, 46, 33, 18, 0, 4, 6, 7, 0, 5, 24, 31, 39, 37, 66, 74, 87, 107, 121, 127, 123, 122, 127, 127, 123, 116, 118, 110, 97, 89, 78, 69, 43, 37]"
In-Distribution,10,exact_guidance_u,95,0,89,88,"[129, 16, 8, 9, 17, 21, 38, 51, 91, 111, 97, 119, 123, 127, 127, 127, 127, 114, 124, 123, 101, 94, 79, 80, 55, 58, 41, 44, 12, 3, 0, 0, 0, 4, 29, 53, 66, 63, 72, 81, 98, 114, 112, 123, 122, 127, 127, 127, 119, 110, 85, 79, 72, 77, 49, 46, 33, 18, 0, 4, 6, 7, 0, 5, 24, 31, 39, 37, 66, 74, 87, 107, 121, 127, 123, 122, 127, 127, 123, 116, 118, 110, 97, 89, 79, 78, 69, 43, 37]","[16, 8, 9, 17, 21, 38, 51, 91, 111, 97, 119, 123, 127, 127, 127, 127, 114, 124, 123, 101, 94, 79, 80, 55, 58, 41, 44, 12, 3, 0, 0, 0, 4, 29, 53, 66, 63, 72, 81, 98, 114, 112, 123, 122, 127, 127, 127, 119, 110, 85, 79, 72, 77, 49, 46, 33, 18, 0, 4, 6, 7, 0, 5, 24, 31, 39, 37, 66, 74, 87, 107, 121, 127, 123, 122, 127, 127, 123, 116, 118, 110, 97, 89, 79, 78, 69, 43, 37]"
In-Distribution,10,exact_guidance_u,96,0,89,88,"[129, 16, 8, 9, 17, 21, 38, 51, 91, 111, 97, 119, 123, 127, 127, 127, 127, 114, 124, 123, 101, 94, 79, 80, 55, 58, 41, 44, 12, 3, 0, 0, 0, 4, 29, 53, 66, 63, 72, 81, 98, 114, 112, 123, 122, 127, 127, 127, 119, 110, 85, 79, 72, 77, 49, 46, 33, 18, 0, 4, 6, 7, 0, 5, 24, 31, 39, 37, 66, 74, 87, 107, 121, 127, 123, 122, 127, 127, 123, 116, 118, 110, 97, 89, 79, 78, 69, 43, 37]","[16, 8, 9, 17, 21, 38, 51, 91, 111, 97, 119, 123, 127, 127, 127, 127, 114, 124, 123, 101, 94, 79, 80, 55, 58, 41, 44, 12, 3, 0, 0, 0, 4, 29, 53, 66, 63, 72, 81, 98, 114, 112, 123, 122, 127, 127, 127, 119, 110, 85, 79, 72, 77, 49, 46, 33, 18, 0, 4, 6, 7, 0, 5, 24, 31, 39, 37, 66, 74, 87, 107, 121, 127, 123, 122, 127, 127, 123, 116, 118, 110, 97, 89, 79, 78, 69, 43, 37]"
In-Distribution,10,exact_guidance_u,97,0,89,88,"[129, 16, 8, 9, 17, 21, 38, 51, 91, 111, 97, 119, 123, 127, 127, 127, 127, 114, 124, 123, 101, 94, 79, 80, 55, 58, 41, 44, 12, 3, 0, 0, 0, 4, 29, 53, 66, 63, 72, 81, 98, 114, 112, 123, 122, 127, 127, 127, 119, 110, 85, 79, 72, 77, 49, 46, 33, 18, 0, 4, 6, 7, 0, 5, 24, 31, 39, 37, 66, 74, 87, 107, 121, 127, 123, 122, 127, 127, 123, 116, 118, 110, 97, 89, 79, 78, 69, 43, 37]","[16, 8, 9, 17, 21, 38, 51, 91, 111, 97, 119, 123, 127, 127, 127, 127, 114, 124, 123, 101, 94, 79, 80, 55, 58, 41, 44, 12, 3, 0, 0, 0, 4, 29, 53, 66, 63, 72, 81, 98, 114, 112, 123, 122, 127, 127, 127, 119, 110, 85, 79, 72, 77, 49, 46, 33, 18, 0, 4, 6, 7, 0, 5, 24, 31, 39, 37, 66, 74, 87, 107, 121, 127, 123, 122, 127, 127, 123, 116, 118, 110, 97, 89, 79, 78, 69, 43, 37]"
In-Distribution,10,exact_guidance_u,98,0,89,88,"[129, 16, 8, 9, 17, 21, 38, 51, 91, 111, 97, 119, 123, 127, 127, 127, 127, 114, 124, 123, 101, 94, 79, 80, 55, 58, 41, 44, 12, 3, 0, 0, 0, 4, 29, 53, 66, 63, 72, 81, 98, 114, 112, 123, 122, 127, 127, 127, 119, 110, 85, 79, 72, 77, 49, 46, 33, 18, 0, 4, 6, 7, 0, 5, 24, 31, 39, 37, 66, 74, 87, 107, 121, 127, 123, 122, 127, 127, 123, 116, 118, 110, 97, 89, 79, 78, 69, 43, 37]","[16, 8, 9, 17, 21, 38, 51, 91, 111, 97, 119, 123, 127, 127, 127, 127, 114, 124, 123, 101, 94, 79, 80, 55, 58, 41, 44, 12, 3, 0, 0, 0, 4, 29, 53, 66, 63, 72, 81, 98, 114, 112, 123, 122, 127, 127, 127, 119, 110, 85, 79, 72, 77, 49, 46, 33, 18, 0, 4, 6, 7, 0, 5, 24, 31, 39, 37, 66, 74, 87, 107, 121, 127, 123, 122, 127, 127, 123, 116, 118, 110, 97, 89, 79, 78, 69, 43, 37]"
In-Distribution,10,exact_guidance_u,99,0,89,88,"[129, 16, 8, 9, 17, 21, 38, 51, 91, 111, 97, 119, 123, 127, 127, 127, 127, 114, 124, 123, 101, 94, 79, 80, 55, 58, 41, 44, 12, 3, 0, 0, 0, 4, 29, 53, 66, 63, 72, 81, 98, 114, 112, 123, 122, 127, 127, 127, 119, 110, 85, 79, 72, 77, 49, 46, 33, 18, 0, 4, 6, 7, 0, 5, 24, 31, 39, 37, 66, 74, 87, 107, 121, 127, 123, 122, 127, 127, 123, 116, 118, 110, 97, 89, 79, 78, 69, 43, 37]","[16, 8, 9, 17, 21, 38, 51, 91, 111, 97, 119, 123, 127, 127, 127, 127, 114, 124, 123, 101, 94, 79, 80, 55, 58, 41, 44, 12, 3, 0, 0, 0, 4, 29, 53, 66, 63, 72, 81, 98, 114, 112, 123, 122, 127, 127, 127, 119, 110, 85, 79, 72, 77, 49, 46, 33, 18, 0, 4, 6, 7, 0, 5, 24, 31, 39, 37, 66, 74, 87, 107, 121, 127, 123, 122, 127, 127, 123, 116, 118, 110, 97, 89, 79, 78, 69, 43, 37]"
In-Distribution,10,exact_guidance_u,100,0,89,88,"[129, 16, 8, 9, 17, 21, 38, 51, 91, 111, 97, 119, 123, 127, 127, 127, 127, 114, 124, 123, 101, 94, 79, 80, 55, 58, 41, 44, 12, 3, 0, 0, 0, 4, 29, 53, 66, 63, 72, 81, 98, 114, 112, 123, 122, 127, 127, 127, 119, 110, 85, 79, 72, 77, 49, 46, 33, 18, 0, 4, 6, 7, 0, 5, 24, 31, 39, 37, 66, 74, 87, 107, 121, 127, 123, 122, 127, 127, 123, 116, 118, 110, 97, 89, 79, 78, 69, 43, 37]","[16, 8, 9, 17, 21, 38, 51, 91, 111, 97, 119, 123, 127, 127, 127, 127, 114, 124, 123, 101, 94, 79, 80, 55, 58, 41, 44, 12, 3, 0, 0, 0, 4, 29, 53, 66, 63, 72, 81, 98, 114, 112, 123, 122, 127, 127, 127, 119, 110, 85, 79, 72, 77, 49, 46, 33, 18, 0, 4, 6, 7, 0, 5, 24, 31, 39, 37, 66, 74, 87, 107, 121, 127, 123, 122, 127, 127, 123, 116, 118, 110, 97, 89, 79, 78, 69, 43, 37]"
In-Distribution,10,exact_guidance_u,101,0,90,89,"[129, 16, 8, 9, 17, 21, 38, 51, 91, 111, 97, 119, 123, 127, 127, 127, 127, 114, 124, 123, 101, 94, 79, 80, 55, 58, 41, 44, 12, 3, 0, 0, 0, 4, 29, 53, 66, 63, 72, 81, 98, 114, 112, 123, 122, 127, 127, 127, 119, 110, 85, 79, 72, 77, 49, 46, 33, 14, 18, 0, 4, 6, 7, 0, 5, 24, 31, 39, 37, 66, 74, 87, 107, 121, 127, 123, 122, 127, 127, 123, 116, 118, 110, 97, 89, 79, 78, 69, 43, 37]","[16, 8, 9, 17, 21, 38, 51, 91, 111, 97, 119, 123, 127, 127, 127, 127, 114, 124, 123, 101, 94, 79, 80, 55, 58, 41, 44, 12, 3, 0, 0, 0, 4, 29, 53, 66, 63, 72, 81, 98, 114, 112, 123, 122, 127, 127, 127, 119, 110, 85, 79, 72, 77, 49, 46, 33, 14, 18, 0, 4, 6, 7, 0, 5, 24, 31, 39, 37, 66, 74, 87, 107, 121, 127, 123, 122, 127, 127, 123, 116, 118, 110, 97, 89, 79, 78, 69, 43, 37]"
In-Distribution,10,exact_guidance_u,102,0,90,89,"[129, 16, 8, 9, 17, 21, 38, 51, 91, 111, 97, 119, 123, 127, 127, 127, 127, 114, 124, 123, 101, 94, 79, 80, 55, 58, 41, 44, 12, 3, 0, 0, 0, 4, 29, 53, 66, 63, 72, 81, 98, 114, 112, 123, 122, 127, 127, 127, 119, 110, 85, 79, 72, 77, 49, 46, 33, 14, 18, 0, 4, 6, 7, 0, 5, 24, 31, 39, 37, 66, 74, 87, 107, 121, 127, 123, 122, 127, 127, 123, 116, 118, 110, 97, 89, 79, 78, 69, 43, 37]","[16, 8, 9, 17, 21, 38, 51, 91, 111, 97, 119, 123, 127, 127, 127, 127, 114, 124, 123, 101, 94, 79, 80, 55, 58, 41, 44, 12, 3, 0, 0, 0, 4, 29, 53, 66, 63, 72, 81, 98, 114, 112, 123, 122, 127, 127, 127, 119, 110, 85, 79, 72, 77, 49, 46, 33, 14, 18, 0, 4, 6, 7, 0, 5, 24, 31, 39, 37, 66, 74, 87, 107, 121, 127, 123, 122, 127, 127, 123, 116, 118, 110, 97, 89, 79, 78, 69, 43, 37]"
In-Distribution,10,exact_guidance_u,103,0,91,90,"[129, 16, 8, 9, 17, 21, 38, 51, 91, 111, 97, 119, 123, 127, 127, 127, 127, 114, 124, 123, 101, 94, 79, 80, 55, 58, 41, 44, 12, 3, 0, 0, 0, 4, 29, 53, 66, 63, 72, 81, 98, 114, 112, 123, 122, 127, 127, 127, 119, 110, 85, 79, 76, 72, 77, 49, 46, 33, 14, 18, 0, 4, 6, 7, 0, 5, 24, 31, 39, 37, 66, 74, 87, 107, 121, 127, 123, 122, 127, 127, 123, 116, 118, 110, 97, 89, 79, 78, 69, 43, 37]","[16, 8, 9, 17, 21, 38, 51, 91, 111, 97, 119, 123, 127, 127, 127, 127, 114, 124, 123, 101, 94, 79, 80, 55, 58, 41, 44, 12, 3, 0, 0, 0, 4, 29, 53, 66, 63, 72, 81, 98, 114, 112, 123, 122, 127, 127, 127, 119, 110, 85, 79, 76, 72, 77, 49, 46, 33, 14, 18, 0, 4, 6, 7, 0, 5, 24, 31, 39, 37, 66, 74, 87, 107, 121, 127, 123, 122, 127, 127, 123, 116, 118, 110, 97, 89, 79, 78, 69, 43, 37]"
In-Distribution,10,exact_guidance_u,104,0,91,90,"[129, 16, 8, 9, 17, 21, 38, 51, 91, 111, 97, 119, 123, 127, 127, 127, 127, 114, 124, 123, 101, 94, 79, 80, 55, 58, 41, 44, 12, 3, 0, 0, 0, 4, 29, 53, 66, 63, 72, 81, 98, 114, 112, 123, 122, 127, 127, 127, 119, 110, 85, 79, 76, 72, 77, 49, 46, 33, 14, 18, 0, 4, 6, 7, 0, 5, 24, 31, 39, 37, 66, 74, 87, 107, 121, 127, 123, 122, 127, 127, 123, 116, 118, 110, 97, 89, 79, 78, 69, 43, 37]","[16, 8, 9, 17, 21, 38, 51, 91, 111, 97, 119, 123, 127, 127, 127, 127, 114, 124, 123, 101, 94, 79, 80, 55, 58, 41, 44, 12, 3, 0, 0, 0, 4, 29, 53, 66, 63, 72, 81, 98, 114, 112, 123, 122, 127, 127, 127, 119, 110, 85, 79, 76, 72, 77, 49, 46, 33, 14, 18, 0, 4, 6, 7, 0, 5, 24, 31, 39, 37, 66, 74, 87, 107, 121, 127, 123, 122, 127, 127, 123, 116, 118, 110, 97, 89, 79, 78, 69, 43, 37]"
In-Distribution,10,exact_guidance_u,105,0,91,90,"[129, 16, 8, 9, 17, 21, 38, 51, 91, 111, 97, 119, 123, 127, 127, 127, 127, 114, 124, 123, 101, 94, 79, 80, 55, 58, 41, 44, 12, 3, 0, 0, 0, 4, 29, 53, 66, 63, 72, 81, 98, 114, 112, 123, 122, 127, 127, 127, 119, 110, 85, 79, 76, 72, 77, 49, 46, 33, 14, 18, 0, 4, 6, 7, 0, 5, 24, 31, 39, 37, 66, 74, 87, 107, 121, 127, 123, 122, 127, 127, 123, 116, 118, 110, 97, 89, 79, 78, 69, 43, 37]","[16, 8, 9, 17, 21, 38, 51, 91, 111, 97, 119, 123, 127, 127, 127, 127, 114, 124, 123, 101, 94, 79, 80, 55, 58, 41, 44, 12, 3, 0, 0, 0, 4, 29, 53, 66, 63, 72, 81, 98, 114, 112, 123, 122, 127, 127, 127, 119, 110, 85, 79, 76, 72, 77, 49, 46, 33, 14, 18, 0, 4, 6, 7, 0, 5, 24, 31, 39, 37, 66, 74, 87, 107, 121, 127, 123, 122, 127, 127, 123, 116, 118, 110, 97, 89, 79, 78, 69, 43, 37]"
In-Distribution,10,exact_guidance_u,106,0,91,90,"[129, 16, 8, 9, 17, 21, 38, 51, 91, 111, 97, 119, 123, 127, 127, 127, 127, 114, 124, 123, 101, 94, 79, 80, 55, 58, 41, 44, 12, 3, 0, 0, 0, 4, 29, 53, 66, 63, 72, 81, 98, 114, 112, 123, 122, 127, 127, 127, 119, 110, 85, 79, 76, 72, 77, 49, 46, 33, 14, 18, 0, 4, 6, 7, 0, 5, 24, 31, 39, 37, 66, 74, 87, 107, 121, 127, 123, 122, 127, 127, 123, 116, 118, 110, 97, 89, 79, 78, 69, 43, 37]","[16, 8, 9, 17, 21, 38, 51, 91, 111, 97, 119, 123, 127, 127, 127, 127, 114, 124, 123, 101, 94, 79, 80, 55, 58, 41, 44, 12, 3, 0, 0, 0, 4, 29, 53, 66, 63, 72, 81, 98, 114, 112, 123, 122, 127, 127, 127, 119, 110, 85, 79, 76, 72, 77, 49, 46, 33, 14, 18, 0, 4, 6, 7, 0, 5, 24, 31, 39, 37, 66, 74, 87, 107, 121, 127, 123, 122, 127, 127, 123, 116, 118, 110, 97, 89, 79, 78, 69, 43, 37]"
In-Distribution,10,exact_guidance_u,107,0,91,90,"[129, 16, 8, 9, 17, 21, 38, 51, 91, 111, 97, 119, 123, 127, 127, 127, 127, 114, 124, 123, 101, 94, 79, 80, 55, 58, 41, 44, 12, 3, 0, 0, 0, 4, 29, 53, 66, 63, 72, 81, 98, 114, 112, 123, 122, 127, 127, 127, 119, 110, 85, 79, 76, 72, 77, 49, 46, 33, 14, 18, 0, 4, 6, 7, 0, 5, 24, 31, 39, 37, 66, 74, 87, 107, 121, 127, 123, 122, 127, 127, 123, 116, 118, 110, 97, 89, 79, 78, 69, 43, 37]","[16, 8, 9, 17, 21, 38, 51, 91, 111, 97, 119, 123, 127, 127, 127, 127, 114, 124, 123, 101, 94, 79, 80, 55, 58, 41, 44, 12, 3, 0, 0, 0, 4, 29, 53, 66, 63, 72, 81, 98, 114, 112, 123, 122, 127, 127, 127, 119, 110, 85, 79, 76, 72, 77, 49, 46, 33, 14, 18, 0, 4, 6, 7, 0, 5, 24, 31, 39, 37, 66, 74, 87, 107, 121, 127, 123, 122, 127, 127, 123, 116, 118, 110, 97, 89, 79, 78, 69, 43, 37]"
In-Distribution,10,exact_guidance_u,108,0,91,90,"[129, 16, 8, 9, 17, 21, 38, 51, 91, 111, 97, 119, 123, 127, 127, 127, 127, 114, 124, 123, 101, 94, 79, 80, 55, 58, 41, 44, 12, 3, 0, 0, 0, 4, 29, 53, 66, 63, 72, 81, 98, 114, 112, 123, 122, 127, 127, 127, 119, 110, 85, 79, 76, 72, 77, 49, 46, 33, 14, 18, 0, 4, 6, 7, 0, 5, 24, 31, 39, 37, 66, 74, 87, 107, 121, 127, 123, 122, 127, 127, 123, 116, 118, 110, 97, 89, 79, 78, 69, 43, 37]","[16, 8, 9, 17, 21, 38, 51, 91, 111, 97, 119, 123, 127, 127, 127, 127, 114, 124, 123, 101, 94, 79, 80, 55, 58, 41, 44, 12, 3, 0, 0, 0, 4, 29, 53, 66, 63, 72, 81, 98, 114, 112, 123, 122, 127, 127, 127, 119, 110, 85, 79, 76, 72, 77, 49, 46, 33, 14, 18, 0, 4, 6, 7, 0, 5, 24, 31, 39, 37, 66, 74, 87, 107, 121, 127, 123, 122, 127, 127, 123, 116, 118, 110, 97, 89, 79, 78, 69, 43, 37]"
In-Distribution,10,exact_guidance_u,109,0,91,90,"[129, 16, 8, 9, 17, 21, 38, 51, 91, 111, 97, 119, 123, 127, 127, 127, 127, 114, 124, 123, 101, 94, 79, 80, 55, 58, 41, 44, 12, 3, 0, 0, 0, 4, 29, 53, 66, 63, 72, 81, 98, 114, 112, 123, 122, 127, 127, 127, 119, 110, 85, 79, 76, 72, 77, 49, 46, 33, 14, 18, 0, 4, 6, 7, 0, 5, 24, 31, 39, 37, 66, 74, 87, 107, 121, 127, 123, 122, 127, 127, 123, 116, 118, 110, 97, 89, 79, 78, 69, 43, 37]","[16, 8, 9, 17, 21, 38, 51, 91, 111, 97, 119, 123, 127, 127, 127, 127, 114, 124, 123, 101, 94, 79, 80, 55, 58, 41, 44, 12, 3, 0, 0, 0, 4, 29, 53, 66, 63, 72, 81, 98, 114, 112, 123, 122, 127, 127, 127, 119, 110, 85, 79, 76, 72, 77, 49, 46, 33, 14, 18, 0, 4, 6, 7, 0, 5, 24, 31, 39, 37, 66, 74, 87, 107, 121, 127, 123, 122, 127, 127, 123, 116, 118, 110, 97, 89, 79, 78, 69, 43, 37]"
In-Distribution,10,exact_guidance_u,110,0,92,91,"[129, 16, 8, 9, 17, 21, 38, 51, 91, 111, 97, 119, 123, 127, 127, 127, 127, 114, 124, 123, 101, 94, 79, 80, 55, 58, 41, 44, 12, 3, 0, 0, 0, 4, 29, 53, 66, 63, 72, 81, 98, 114, 112, 123, 122, 127, 127, 127, 119, 110, 85, 79, 76, 72, 77, 49, 46, 33, 14, 18, 0, 4, 6, 7, 0, 5, 24, 31, 39, 37, 66, 74, 87, 107, 121, 127, 123, 122, 127, 127, 123, 116, 118, 110, 97, 89, 89, 79, 78, 69, 43, 37]","[16, 8, 9, 17, 21, 38, 51, 91, 111, 97, 119, 123, 127, 127, 127, 127, 114, 124, 123, 101, 94, 79, 80, 55, 58, 41, 44, 12, 3, 0, 0, 0, 4, 29, 53, 66, 63, 72, 81, 98, 114, 112, 123, 122, 127, 127, 127, 119, 110, 85, 79, 76, 72, 77, 49, 46, 33, 14, 18, 0, 4, 6, 7, 0, 5, 24, 31, 39, 37, 66, 74, 87, 107, 121, 127, 123, 122, 127, 127, 123, 116, 118, 110, 97, 89, 89, 79, 78, 69, 43, 37]"
In-Distribution,10,exact_guidance_u,111,0,92,91,"[129, 16, 8, 9, 17, 21, 38, 51, 91, 111, 97, 119, 123, 127, 127, 127, 127, 114, 124, 123, 101, 94, 79, 80, 55, 58, 41, 44, 12, 3, 0, 0, 0, 4, 29, 53, 66, 63, 72, 81, 98, 114, 112, 123, 122, 127, 127, 127, 119, 110, 85, 79, 76, 72, 77, 49, 46, 33, 14, 18, 0, 4, 6, 7, 0, 5, 24, 31, 39, 37, 66, 74, 87, 107, 121, 127, 123, 122, 127, 127, 123, 116, 118, 110, 97, 89, 89, 79, 78, 69, 43, 37]","[16, 8, 9, 17, 21, 38, 51, 91, 111, 97, 119, 123, 127, 127, 127, 127, 114, 124, 123, 101, 94, 79, 80, 55, 58, 41, 44, 12, 3, 0, 0, 0, 4, 29, 53, 66, 63, 72, 81, 98, 114, 112, 123, 122, 127, 127, 127, 119, 110, 85, 79, 76, 72, 77, 49, 46, 33, 14, 18, 0, 4, 6, 7, 0, 5, 24, 31, 39, 37, 66, 74, 87, 107, 121, 127, 123, 122, 127, 127, 123, 116, 118, 110, 97, 89, 89, 79, 78, 69, 43, 37]"
In-Distribution,10,exact_guidance_u,112,0,92,91,"[129, 16, 8, 9, 17, 21, 38, 51, 91, 111, 97, 119, 123, 127, 127, 127, 127, 114, 124, 123, 101, 94, 79, 80, 55, 58, 41, 44, 12, 3, 0, 0, 0, 4, 29, 53, 66, 63, 72, 81, 98, 114, 112, 123, 122, 127, 127, 127, 119, 110, 85, 79, 76, 72, 77, 49, 46, 33, 14, 18, 0, 4, 6, 7, 0, 5, 24, 31, 39, 37, 66, 74, 87, 107, 121, 127, 123, 122, 127, 127, 123, 116, 118, 110, 97, 89, 89, 79, 78, 69, 43, 37]","[16, 8, 9, 17, 21, 38, 51, 91, 111, 97, 119, 123, 127, 127, 127, 127, 114, 124, 123, 101, 94, 79, 80, 55, 58, 41, 44, 12, 3, 0, 0, 0, 4, 29, 53, 66, 63, 72, 81, 98, 114, 112, 123, 122, 127, 127, 127, 119, 110, 85, 79, 76, 72, 77, 49, 46, 33, 14, 18, 0, 4, 6, 7, 0, 5, 24, 31, 39, 37, 66, 74, 87, 107, 121, 127, 123, 122, 127, 127, 123, 116, 118, 110, 97, 89, 89, 79, 78, 69, 43, 37]"
In-Distribution,10,exact_guidance_u,113,0,92,91,"[129, 16, 8, 9, 17, 21, 38, 51, 91, 111, 97, 119, 123, 127, 127, 127, 127, 114, 124, 123, 101, 94, 79, 80, 55, 58, 41, 44, 12, 3, 0, 0, 0, 4, 29, 53, 66, 63, 72, 81, 98, 114, 112, 123, 122, 127, 127, 127, 119, 110, 85, 79, 76, 72, 77, 49, 46, 33, 14, 18, 0, 4, 6, 7, 0, 5, 24, 31, 39, 37, 66, 74, 87, 107, 121, 127, 123, 122, 127, 127, 123, 116, 118, 110, 97, 89, 89, 79, 78, 69, 43, 37]","[16, 8, 9, 17, 21, 38, 51, 91, 111, 97, 119, 123, 127, 127, 127, 127, 114, 124, 123, 101, 94, 79, 80, 55, 58, 41, 44, 12, 3, 0, 0, 0, 4, 29, 53, 66, 63, 72, 81, 98, 114, 112, 123, 122, 127, 127, 127, 119, 110, 85, 79, 76, 72, 77, 49, 46, 33, 14, 18, 0, 4, 6, 7, 0, 5, 24, 31, 39, 37, 66, 74, 87, 107, 121, 127, 123, 122, 127, 127, 123, 116, 118, 110, 97, 89, 89, 79, 78, 69, 43, 37]"
In-Distribution,10,exact_guidance_u,114,0,92,91,"[129, 16, 8, 9, 17, 21, 38, 51, 91, 111, 97, 119, 123, 127, 127, 127, 127, 114, 124, 123, 101, 94, 79, 80, 55, 58, 41, 44, 12, 3, 0, 0, 0, 4, 29, 53, 66, 63, 72, 81, 98, 114, 112, 123, 122, 127, 127, 127, 119, 110, 85, 79, 76, 72, 77, 49, 46, 33, 14, 18, 0, 4, 6, 7, 0, 5, 24, 31, 39, 37, 66, 74, 87, 107, 121, 127, 123, 122, 127, 127, 123, 116, 118, 110, 97, 89, 89, 79, 78, 69, 43, 37]","[16, 8, 9, 17, 21, 38, 51, 91, 111, 97, 119, 123, 127, 127, 127, 127, 114, 124, 123, 101, 94, 79, 80, 55, 58, 41, 44, 12, 3, 0, 0, 0, 4, 29, 53, 66, 63, 72, 81, 98, 114, 112, 123, 122, 127, 127, 127, 119, 110, 85, 79, 76, 72, 77, 49, 46, 33, 14, 18, 0, 4, 6, 7, 0, 5, 24, 31, 39, 37, 66, 74, 87, 107, 121, 127, 123, 122, 127, 127, 123, 116, 118, 110, 97, 89, 89, 79, 78, 69, 43, 37]"
In-Distribution,10,exact_guidance_u,115,0,93,92,"[129, 16, 8, 9, 17, 21, 38, 51, 91, 111, 97, 119, 123, 127, 127, 127, 127, 114, 124, 123, 101, 94, 79, 80, 55, 58, 41, 44, 12, 3, 0, 0, 0, 4, 29, 38, 53, 66, 63, 72, 81, 98, 114, 112, 123, 122, 127, 127, 127, 119, 110, 85, 79, 76, 72, 77, 49, 46, 33, 14, 18, 0, 4, 6, 7, 0, 5, 24, 31, 39, 37, 66, 74, 87, 107, 121, 127, 123, 122, 127, 127, 123, 116, 118, 110, 97, 89, 89, 79, 78, 69, 43, 37]","[16, 8, 9, 17, 21, 38, 51, 91, 111, 97, 119, 123, 127, 127, 127, 127, 114, 124, 123, 101, 94, 79, 80, 55, 58, 41, 44, 12, 3, 0, 0, 0, 4, 29, 38, 53, 66, 63, 72, 81, 98, 114, 112, 123, 122, 127, 127, 127, 119, 110, 85, 79, 76, 72, 77, 49, 46, 33, 14, 18, 0, 4, 6, 7, 0, 5, 24, 31, 39, 37, 66, 74, 87, 107, 121, 127, 123, 122, 127, 127, 123, 116, 118, 110, 97, 89, 89, 79, 78, 69, 43, 37]"
In-Distribution,10,exact_guidance_u,116,0,93,92,"[129, 16, 8, 9, 17, 21, 38, 51, 91, 111, 97, 119, 123, 127, 127, 127, 127, 114, 124, 123, 101, 94, 79, 80, 55, 58, 41, 44, 12, 3, 0, 0, 0, 4, 29, 38, 53, 66, 63, 72, 81, 98, 114, 112, 123, 122, 127, 127, 127, 119, 110, 85, 79, 76, 72, 77, 49, 46, 33, 14, 18, 0, 4, 6, 7, 0, 5, 24, 31, 39, 37, 66, 74, 87, 107, 121, 127, 123, 122, 127, 127, 123, 116, 118, 110, 97, 89, 89, 79, 78, 69, 43, 37]","[16, 8, 9, 17, 21, 38, 51, 91, 111, 97, 119, 123, 127, 127, 127, 127, 114, 124, 123, 101, 94, 79, 80, 55, 58, 41, 44, 12, 3, 0, 0, 0, 4, 29, 38, 53, 66, 63, 72, 81, 98, 114, 112, 123, 122, 127, 127, 127, 119, 110, 85, 79, 76, 72, 77, 49, 46, 33, 14, 18, 0, 4, 6, 7, 0, 5, 24, 31, 39, 37, 66, 74, 87, 107, 121, 127, 123, 122, 127, 127, 123, 116, 118, 110, 97, 89, 89, 79, 78, 69, 43, 37]"
In-Distribution,10,exact_guidance_u,117,0,93,92,"[129, 16, 8, 9, 17, 21, 38, 51, 91, 111, 97, 119, 123, 127, 127, 127, 127, 114, 124, 123, 101, 94, 79, 80, 55, 58, 41, 44, 12, 3, 0, 0, 0, 4, 29, 38, 53, 66, 63, 72, 81, 98, 114, 112, 123, 122, 127, 127, 127, 119, 110, 85, 79, 76, 72, 77, 49, 46, 33, 14, 18, 0, 4, 6, 7, 0, 5, 24, 31, 39, 37, 66, 74, 87, 107, 121, 127, 123, 122, 127, 127, 123, 116, 118, 110, 97, 89, 89, 79, 78, 69, 43, 37]","[16, 8, 9, 17, 21, 38, 51, 91, 111, 97, 119, 123, 127, 127, 127, 127, 114, 124, 123, 101, 94, 79, 80, 55, 58, 41, 44, 12, 3, 0, 0, 0, 4, 29, 38, 53, 66, 63, 72, 81, 98, 114, 112, 123, 122, 127, 127, 127, 119, 110, 85, 79, 76, 72, 77, 49, 46, 33, 14, 18, 0, 4, 6, 7, 0, 5, 24, 31, 39, 37, 66, 74, 87, 107, 121, 127, 123, 122, 127, 127, 123, 116, 118, 110, 97, 89, 89, 79, 78, 69, 43, 37]"
In-Distribution,10,exact_guidance_u,118,0,93,92,"[129, 16, 8, 9, 17, 21, 38, 51, 91, 111, 97, 119, 123, 127, 127, 127, 127, 114, 124, 123, 101, 94, 79, 80, 55, 58, 41, 44, 12, 3, 0, 0, 0, 4, 29, 38, 53, 66, 63, 72, 81, 98, 114, 112, 123, 122, 127, 127, 127, 119, 110, 85, 79, 76, 72, 77, 49, 46, 33, 14, 18, 0, 4, 6, 7, 0, 5, 24, 31, 39, 37, 66, 74, 87, 107, 121, 127, 123, 122, 127, 127, 123, 116, 118, 110, 97, 89, 89, 79, 78, 69, 43, 37]","[16, 8, 9, 17, 21, 38, 51, 91, 111, 97, 119, 123, 127, 127, 127, 127, 114, 124, 123, 101, 94, 79, 80, 55, 58, 41, 44, 12, 3, 0, 0, 0, 4, 29, 38, 53, 66, 63, 72, 81, 98, 114, 112, 123, 122, 127, 127, 127, 119, 110, 85, 79, 76, 72, 77, 49, 46, 33, 14, 18, 0, 4, 6, 7, 0, 5, 24, 31, 39, 37, 66, 74, 87, 107, 121, 127, 123, 122, 127, 127, 123, 116, 118, 110, 97, 89, 89, 79, 78, 69, 43, 37]"
In-Distribution,10,exact_guidance_u,119,0,93,92,"[129, 16, 8, 9, 17, 21, 38, 51, 91, 111, 97, 119, 123, 127, 127, 127, 127, 114, 124, 123, 101, 94, 79, 80, 55, 58, 41, 44, 12, 3, 0, 0, 0, 4, 29, 38, 53, 66, 63, 72, 81, 98, 114, 112, 123, 122, 127, 127, 127, 119, 110, 85, 79, 76, 72, 77, 49, 46, 33, 14, 18, 0, 4, 6, 7, 0, 5, 24, 31, 39, 37, 66, 74, 87, 107, 121, 127, 123, 122, 127, 127, 123, 116, 118, 110, 97, 89, 89, 79, 78, 69, 43, 37]","[16, 8, 9, 17, 21, 38, 51, 91, 111, 97, 119, 123, 127, 127, 127, 127, 114, 124, 123, 101, 94, 79, 80, 55, 58, 41, 44, 12, 3, 0, 0, 0, 4, 29, 38, 53, 66, 63, 72, 81, 98, 114, 112, 123, 122, 127, 127, 127, 119, 110, 85, 79, 76, 72, 77, 49, 46, 33, 14, 18, 0, 4, 6, 7, 0, 5, 24, 31, 39, 37, 66, 74, 87, 107, 121, 127, 123, 122, 127, 127, 123, 116, 118, 110, 97, 89, 89, 79, 78, 69, 43, 37]"
In-Distribution,10,exact_guidance_u,120,0,94,93,"[129, 16, 8, 9, 7, 17, 21, 38, 51, 91, 111, 97, 119, 123, 127, 127, 127, 127, 114, 124, 123, 101, 94, 79, 80, 55, 58, 41, 44, 12, 3, 0, 0, 0, 4, 29, 38, 53, 66, 63, 72, 81, 98, 114, 112, 123, 122, 127, 127, 127, 119, 110, 85, 79, 76, 72, 77, 49, 46, 33, 14, 18, 0, 4, 6, 7, 0, 5, 24, 31, 39, 37, 66, 74, 87, 107, 121, 127, 123, 122, 127, 127, 123, 116, 118, 110, 97, 89, 89, 79, 78, 69, 43, 37]","[16, 8, 9, 7, 17, 21, 38, 51, 91, 111, 97, 119, 123, 127, 127, 127, 127, 114, 124, 123, 101, 94, 79, 80, 55, 58, 41, 44, 12, 3, 0, 0, 0, 4, 29, 38, 53, 66, 63, 72, 81, 98, 114, 112, 123, 122, 127, 127, 127, 119, 110, 85, 79, 76, 72, 77, 49, 46, 33, 14, 18, 0, 4, 6, 7, 0, 5, 24, 31, 39, 37, 66, 74, 87, 107, 121, 127, 123, 122, 127, 127, 123, 116, 118, 110, 97, 89, 89, 79, 78, 69, 43, 37]"
In-Distribution,10,exact_guidance_u,121,0,94,93,"[129, 16, 8, 9, 7, 17, 21, 38, 51, 91, 111, 97, 119, 123, 127, 127, 127, 127, 114, 124, 123, 101, 94, 79, 80, 55, 58, 41, 44, 12, 3, 0, 0, 0, 4, 29, 38, 53, 66, 63, 72, 81, 98, 114, 112, 123, 122, 127, 127, 127, 119, 110, 85, 79, 76, 72, 77, 49, 46, 33, 14, 18, 0, 4, 6, 7, 0, 5, 24, 31, 39, 37, 66, 74, 87, 107, 121, 127, 123, 122, 127, 127, 123, 116, 118, 110, 97, 89, 89, 79, 78, 69, 43, 37]","[16, 8, 9, 7, 17, 21, 38, 51, 91, 111, 97, 119, 123, 127, 127, 127, 127, 114, 124, 123, 101, 94, 79, 80, 55, 58, 41, 44, 12, 3, 0, 0, 0, 4, 29, 38, 53, 66, 63, 72, 81, 98, 114, 112, 123, 122, 127, 127, 127, 119, 110, 85, 79, 76, 72, 77, 49, 46, 33, 14, 18, 0, 4, 6, 7, 0, 5, 24, 31, 39, 37, 66, 74, 87, 107, 121, 127, 123, 122, 127, 127, 123, 116, 118, 110, 97, 89, 89, 79, 78, 69, 43, 37]"
In-Distribution,10,exact_guidance_u,122,0,94,93,"[129, 16, 8, 9, 7, 17, 21, 38, 51, 91, 111, 97, 119, 123, 127, 127, 127, 127, 114, 124, 123, 101, 94, 79, 80, 55, 58, 41, 44, 12, 3, 0, 0, 0, 4, 29, 38, 53, 66, 63, 72, 81, 98, 114, 112, 123, 122, 127, 127, 127, 119, 110, 85, 79, 76, 72, 77, 49, 46, 33, 14, 18, 0, 4, 6, 7, 0, 5, 24, 31, 39, 37, 66, 74, 87, 107, 121, 127, 123, 122, 127, 127, 123, 116, 118, 110, 97, 89, 89, 79, 78, 69, 43, 37]","[16, 8, 9, 7, 17, 21, 38, 51, 91, 111, 97, 119, 123, 127, 127, 127, 127, 114, 124, 123, 101, 94, 79, 80, 55, 58, 41, 44, 12, 3, 0, 0, 0, 4, 29, 38, 53, 66, 63, 72, 81, 98, 114, 112, 123, 122, 127, 127, 127, 119, 110, 85, 79, 76, 72, 77, 49, 46, 33, 14, 18, 0, 4, 6, 7, 0, 5, 24, 31, 39, 37, 66, 74, 87, 107, 121, 127, 123, 122, 127, 127, 123, 116, 118, 110, 97, 89, 89, 79, 78, 69, 43, 37]"
In-Distribution,10,exact_guidance_u,123,0,94,93,"[129, 16, 8, 9, 7, 17, 21, 38, 51, 91, 111, 97, 119, 123, 127, 127, 127, 127, 114, 124, 123, 101, 94, 79, 80, 55, 58, 41, 44, 12, 3, 0, 0, 0, 4, 29, 38, 53, 66, 63, 72, 81, 98, 114, 112, 123, 122, 127, 127, 127, 119, 110, 85, 79, 76, 72, 77, 49, 46, 33, 14, 18, 0, 4, 6, 7, 0, 5, 24, 31, 39, 37, 66, 74, 87, 107, 121, 127, 123, 122, 127, 127, 123, 116, 118, 110, 97, 89, 89, 79, 78, 69, 43, 37]","[16, 8, 9, 7, 17, 21, 38, 51, 91, 111, 97, 119, 123, 127, 127, 127, 127, 114, 124, 123, 101, 94, 79, 80, 55, 58, 41, 44, 12, 3, 0, 0, 0, 4, 29, 38, 53, 66, 63, 72, 81, 98, 114, 112, 123, 122, 127, 127, 127, 119, 110, 85, 79, 76, 72, 77, 49, 46, 33, 14, 18, 0, 4, 6, 7, 0, 5, 24, 31, 39, 37, 66, 74, 87, 107, 121, 127, 123, 122, 127, 127, 123, 116, 118, 110, 97, 89, 89, 79, 78, 69, 43, 37]"
In-Distribution,10,exact_guidance_u,124,0,94,93,"[129, 16, 8, 9, 7, 17, 21, 38, 51, 91, 111, 97, 119, 123, 127, 127, 127, 127, 114, 124, 123, 101, 94, 79, 80, 55, 58, 41, 44, 12, 3, 0, 0, 0, 4, 29, 38, 53, 66, 63, 72, 81, 98, 114, 112, 123, 122, 127, 127, 127, 119, 110, 85, 79, 76, 72, 77, 49, 46, 33, 14, 18, 0, 4, 6, 7, 0, 5, 24, 31, 39, 37, 66, 74, 87, 107, 121, 127, 123, 122, 127, 127, 123, 116, 118, 110, 97, 89, 89, 79, 78, 69, 43, 37]","[16, 8, 9, 7, 17, 21, 38, 51, 91, 111, 97, 119, 123, 127, 127, 127, 127, 114, 124, 123, 101, 94, 79, 80, 55, 58, 41, 44, 12, 3, 0, 0, 0, 4, 29, 38, 53, 66, 63, 72, 81, 98, 114, 112, 123, 122, 127, 127, 127, 119, 110, 85, 79, 76, 72, 77, 49, 46, 33, 14, 18, 0, 4, 6, 7, 0, 5, 24, 31, 39, 37, 66, 74, 87, 107, 121, 127, 123, 122, 127, 127, 123, 116, 118, 110, 97, 89, 89, 79, 78, 69, 43, 37]"
In-Distribution,10,exact_guidance_u,125,0,94,93,"[129, 16, 8, 9, 7, 17, 21, 38, 51, 91, 111, 97, 119, 123, 127, 127, 127, 127, 114, 124, 123, 101, 94, 79, 80, 55, 58, 41, 44, 12, 3, 0, 0, 0, 4, 29, 38, 53, 66, 63, 72, 81, 98, 114, 112, 123, 122, 127, 127, 127, 119, 110, 85, 79, 76, 72, 77, 49, 46, 33, 14, 18, 0, 4, 6, 7, 0, 5, 24, 31, 39, 37, 66, 74, 87, 107, 121, 127, 123, 122, 127, 127, 123, 116, 118, 110, 97, 89, 89, 79, 78, 69, 43, 37]","[16, 8, 9, 7, 17, 21, 38, 51, 91, 111, 97, 119, 123, 127, 127, 127, 127, 114, 124, 123, 101, 94, 79, 80, 55, 58, 41, 44, 12, 3, 0, 0, 0, 4, 29, 38, 53, 66, 63, 72, 81, 98, 114, 112, 123, 122, 127, 127, 127, 119, 110, 85, 79, 76, 72, 77, 49, 46, 33, 14, 18, 0, 4, 6, 7, 0, 5, 24, 31, 39, 37, 66, 74, 87, 107, 121, 127, 123, 122, 127, 127, 123, 116, 118, 110, 97, 89, 89, 79, 78, 69, 43, 37]"
In-Distribution,10,exact_guidance_u,126,0,94,93,"[129, 16, 8, 9, 7, 17, 21, 38, 51, 91, 111, 97, 119, 123, 127, 127, 127, 127, 114, 124, 123, 101, 94, 79, 80, 55, 58, 41, 44, 12, 3, 0, 0, 0, 4, 29, 38, 53, 66, 63, 72, 81, 98, 114, 112, 123, 122, 127, 127, 127, 119, 110, 85, 79, 76, 72, 77, 49, 46, 33, 14, 18, 0, 4, 6, 7, 0, 5, 24, 31, 39, 37, 66, 74, 87, 107, 121, 127, 123, 122, 127, 127, 123, 116, 118, 110, 97, 89, 89, 79, 78, 69, 43, 37]","[16, 8, 9, 7, 17, 21, 38, 51, 91, 111, 97, 119, 123, 127, 127, 127, 127, 114, 124, 123, 101, 94, 79, 80, 55, 58, 41, 44, 12, 3, 0, 0, 0, 4, 29, 38, 53, 66, 63, 72, 81, 98, 114, 112, 123, 122, 127, 127, 127, 119, 110, 85, 79, 76, 72, 77, 49, 46, 33, 14, 18, 0, 4, 6, 7, 0, 5, 24, 31, 39, 37, 66, 74, 87, 107, 121, 127, 123, 122, 127, 127, 123, 116, 118, 110, 97, 89, 89, 79, 78, 69, 43, 37]"
In-Distribution,10,exact_guidance_u,127,0,94,93,"[129, 16, 8, 9, 7, 17, 21, 38, 51, 91, 111, 97, 119, 123, 127, 127, 127, 127, 114, 124, 123, 101, 94, 79, 80, 55, 58, 41, 44, 12, 3, 0, 0, 0, 4, 29, 38, 53, 66, 63, 72, 81, 98, 114, 112, 123, 122, 127, 127, 127, 119, 110, 85, 79, 76, 72, 77, 49, 46, 33, 14, 18, 0, 4, 6, 7, 0, 5, 24, 31, 39, 37, 66, 74, 87, 107, 121, 127, 123, 122, 127, 127, 123, 116, 118, 110, 97, 89, 89, 79, 78, 69, 43, 37]","[16, 8, 9, 7, 17, 21, 38, 51, 91, 111, 97, 119, 123, 127, 127, 127, 127, 114, 124, 123, 101, 94, 79, 80, 55, 58, 41, 44, 12, 3, 0, 0, 0, 4, 29, 38, 53, 66, 63, 72, 81, 98, 114, 112, 123, 122, 127, 127, 127, 119, 110, 85, 79, 76, 72, 77, 49, 46, 33, 14, 18, 0, 4, 6, 7, 0, 5, 24, 31, 39, 37, 66, 74, 87, 107, 121, 127, 123, 122, 127, 127, 123, 116, 118, 110, 97, 89, 89, 79, 78, 69, 43, 37]"
In-Distribution,10,exact_guidance_u,128,0,94,93,"[129, 16, 8, 9, 7, 17, 21, 38, 51, 91, 111, 97, 119, 123, 127, 127, 127, 127, 114, 124, 123, 101, 94, 79, 80, 55, 58, 41, 44, 12, 3, 0, 0, 0, 4, 29, 38, 53, 66, 63, 72, 81, 98, 114, 112, 123, 122, 127, 127, 127, 119, 110, 85, 79, 76, 72, 77, 49, 46, 33, 14, 18, 0, 4, 6, 7, 0, 5, 24, 31, 39, 37, 66, 74, 87, 107, 121, 127, 123, 122, 127, 127, 123, 116, 118, 110, 97, 89, 89, 79, 78, 69, 43, 37]","[16, 8, 9, 7, 17, 21, 38, 51, 91, 111, 97, 119, 123, 127, 127, 127, 127, 114, 124, 123, 101, 94, 79, 80, 55, 58, 41, 44, 12, 3, 0, 0, 0, 4, 29, 38, 53, 66, 63, 72, 81, 98, 114, 112, 123, 122, 127, 127, 127, 119, 110, 85, 79, 76, 72, 77, 49, 46, 33, 14, 18, 0, 4, 6, 7, 0, 5, 24, 31, 39, 37, 66, 74, 87, 107, 121, 127, 123, 122, 127, 127, 123, 116, 118, 110, 97, 89, 89, 79, 78, 69, 43, 37]"
In-Distribution,10,exact_guidance_u,129,0,94,93,"[129, 16, 8, 9, 7, 17, 21, 38, 51, 91, 111, 97, 119, 123, 127, 127, 127, 127, 114, 124, 123, 101, 94, 79, 80, 55, 58, 41, 44, 12, 3, 0, 0, 0, 4, 29, 38, 53, 66, 63, 72, 81, 98, 114, 112, 123, 122, 127, 127, 127, 119, 110, 85, 79, 76, 72, 77, 49, 46, 33, 14, 18, 0, 4, 6, 7, 0, 5, 24, 31, 39, 37, 66, 74, 87, 107, 121, 127, 123, 122, 127, 127, 123, 116, 118, 110, 97, 89, 89, 79, 78, 69, 43, 37]","[16, 8, 9, 7, 17, 21, 38, 51, 91, 111, 97, 119, 123, 127, 127, 127, 127, 114, 124, 123, 101, 94, 79, 80, 55, 58, 41, 44, 12, 3, 0, 0, 0, 4, 29, 38, 53, 66, 63, 72, 81, 98, 114, 112, 123, 122, 127, 127, 127, 119, 110, 85, 79, 76, 72, 77, 49, 46, 33, 14, 18, 0, 4, 6, 7, 0, 5, 24, 31, 39, 37, 66, 74, 87, 107, 121, 127, 123, 122, 127, 127, 123, 116, 118, 110, 97, 89, 89, 79, 78, 69, 43, 37]"
In-Distribution,10,exact_guidance_u,130,0,95,94,"[129, 16, 8, 9, 7, 17, 21, 38, 51, 91, 111, 97, 119, 123, 127, 127, 127, 127, 114, 124, 123, 101, 94, 79, 80, 55, 58, 41, 44, 12, 3, 0, 0, 0, 4, 29, 38, 53, 66, 63, 72, 81, 98, 114, 112, 123, 122, 127, 127, 127, 119, 110, 85, 79, 76, 72, 77, 49, 46, 33, 14, 18, 0, 4, 6, 7, 0, 5, 24, 14, 31, 39, 37, 66, 74, 87, 107, 121, 127, 123, 122, 127, 127, 123, 116, 118, 110, 97, 89, 89, 79, 78, 69, 43, 37]","[16, 8, 9, 7, 17, 21, 38, 51, 91, 111, 97, 119, 123, 127, 127, 127, 127, 114, 124, 123, 101, 94, 79, 80, 55, 58, 41, 44, 12, 3, 0, 0, 0, 4, 29, 38, 53, 66, 63, 72, 81, 98, 114, 112, 123, 122, 127, 127, 127, 119, 110, 85, 79, 76, 72, 77, 49, 46, 33, 14, 18, 0, 4, 6, 7, 0, 5, 24, 14, 31, 39, 37, 66, 74, 87, 107, 121, 127, 123, 122, 127, 127, 123, 116, 118, 110, 97, 89, 89, 79, 78, 69, 43, 37]"
In-Distribution,10,exact_guidance_u,131,0,96,95,"[129, 16, 8, 9, 7, 17, 21, 38, 51, 91, 111, 97, 119, 123, 127, 127, 127, 127, 114, 124, 123, 101, 94, 79, 80, 55, 58, 41, 44, 8, 12, 3, 0, 0, 0, 4, 29, 38, 53, 66, 63, 72, 81, 98, 114, 112, 123, 122, 127, 127, 127, 119, 110, 85, 79, 76, 72, 77, 49, 46, 33, 14, 18, 0, 4, 6, 7, 0, 5, 24, 14, 31, 39, 37, 66, 74, 87, 107, 121, 127, 123, 122, 127, 127, 123, 116, 118, 110, 97, 89, 89, 79, 78, 69, 43, 37]","[16, 8, 9, 7, 17, 21, 38, 51, 91, 111, 97, 119, 123, 127, 127, 127, 127, 114, 124, 123, 101, 94, 79, 80, 55, 58, 41, 44, 8, 12, 3, 0, 0, 0, 4, 29, 38, 53, 66, 63, 72, 81, 98, 114, 112, 123, 122, 127, 127, 127, 119, 110, 85, 79, 76, 72, 77, 49, 46, 33, 14, 18, 0, 4, 6, 7, 0, 5, 24, 14, 31, 39, 37, 66, 74, 87, 107, 121, 127, 123, 122, 127, 127, 123, 116, 118, 110, 97, 89, 89, 79, 78, 69, 43, 37]"
In-Distribution,10,exact_guidance_u,132,0,96,95,"[129, 16, 8, 9, 7, 17, 21, 38, 51, 91, 111, 97, 119, 123, 127, 127, 127, 127, 114, 124, 123, 101, 94, 79, 80, 55, 58, 41, 44, 8, 12, 3, 0, 0, 0, 4, 29, 38, 53, 66, 63, 72, 81, 98, 114, 112, 123, 122, 127, 127, 127, 119, 110, 85, 79, 76, 72, 77, 49, 46, 33, 14, 18, 0, 4, 6, 7, 0, 5, 24, 14, 31, 39, 37, 66, 74, 87, 107, 121, 127, 123, 122, 127, 127, 123, 116, 118, 110, 97, 89, 89, 79, 78, 69, 43, 37]","[16, 8, 9, 7, 17, 21, 38, 51, 91, 111, 97, 119, 123, 127, 127, 127, 127, 114, 124, 123, 101, 94, 79, 80, 55, 58, 41, 44, 8, 12, 3, 0, 0, 0, 4, 29, 38, 53, 66, 63, 72, 81, 98, 114, 112, 123, 122, 127, 127, 127, 119, 110, 85, 79, 76, 72, 77, 49, 46, 33, 14, 18, 0, 4, 6, 7, 0, 5, 24, 14, 31, 39, 37, 66, 74, 87, 107, 121, 127, 123, 122, 127, 127, 123, 116, 118, 110, 97, 89, 89, 79, 78, 69, 43, 37]"
In-Distribution,10,exact_guidance_u,133,0,96,95,"[129, 16, 8, 9, 7, 17, 21, 38, 51, 91, 111, 97, 119, 123, 127, 127, 127, 127, 114, 124, 123, 101, 94, 79, 80, 55, 58, 41, 44, 8, 12, 3, 0, 0, 0, 4, 29, 38, 53, 66, 63, 72, 81, 98, 114, 112, 123, 122, 127, 127, 127, 119, 110, 85, 79, 76, 72, 77, 49, 46, 33, 14, 18, 0, 4, 6, 7, 0, 5, 24, 14, 31, 39, 37, 66, 74, 87, 107, 121, 127, 123, 122, 127, 127, 123, 116, 118, 110, 97, 89, 89, 79, 78, 69, 43, 37]","[16, 8, 9, 7, 17, 21, 38, 51, 91, 111, 97, 119, 123, 127, 127, 127, 127, 114, 124, 123, 101, 94, 79, 80, 55, 58, 41, 44, 8, 12, 3, 0, 0, 0, 4, 29, 38, 53, 66, 63, 72, 81, 98, 114, 112, 123, 122, 127, 127, 127, 119, 110, 85, 79, 76, 72, 77, 49, 46, 33, 14, 18, 0, 4, 6, 7, 0, 5, 24, 14, 31, 39, 37, 66, 74, 87, 107, 121, 127, 123, 122, 127, 127, 123, 116, 118, 110, 97, 89, 89, 79, 78, 69, 43, 37]"
In-Distribution,10,exact_guidance_u,134,0,97,96,"[129, 16, 8, 9, 7, 17, 21, 38, 51, 91, 111, 97, 119, 123, 127, 127, 127, 127, 114, 124, 123, 101, 94, 79, 80, 55, 58, 41, 44, 8, 12, 3, 0, 0, 0, 4, 29, 38, 53, 66, 63, 72, 81, 98, 114, 112, 123, 122, 127, 127, 127, 119, 110, 85, 79, 76, 72, 77, 49, 46, 33, 14, 18, 0, 4, 6, 7, 0, 5, 24, 14, 31, 39, 37, 66, 74, 87, 107, 121, 127, 123, 122, 127, 127, 123, 116, 118, 110, 97, 89, 89, 79, 78, 69, 43, 37, 30]","[16, 8, 9, 7, 17, 21, 38, 51, 91, 111, 97, 119, 123, 127, 127, 127, 127, 114, 124, 123, 101, 94, 79, 80, 55, 58, 41, 44, 8, 12, 3, 0, 0, 0, 4, 29, 38, 53, 66, 63, 72, 81, 98, 114, 112, 123, 122, 127, 127, 127, 119, 110, 85, 79, 76, 72, 77, 49, 46, 33, 14, 18, 0, 4, 6, 7, 0, 5, 24, 14, 31, 39, 37, 66, 74, 87, 107, 121, 127, 123, 122, 127, 127, 123, 116, 118, 110, 97, 89, 89, 79, 78, 69, 43, 37, 30]"
In-Distribution,10,exact_guidance_u,135,0,97,96,"[129, 16, 8, 9, 7, 17, 21, 38, 51, 91, 111, 97, 119, 123, 127, 127, 127, 127, 114, 124, 123, 101, 94, 79, 80, 55, 58, 41, 44, 8, 12, 3, 0, 0, 0, 4, 29, 38, 53, 66, 63, 72, 81, 98, 114, 112, 123, 122, 127, 127, 127, 119, 110, 85, 79, 76, 72, 77, 49, 46, 33, 14, 18, 0, 4, 6, 7, 0, 5, 24, 14, 31, 39, 37, 66, 74, 87, 107, 121, 127, 123, 122, 127, 127, 123, 116, 118, 110, 97, 89, 89, 79, 78, 69, 43, 37, 30]","[16, 8, 9, 7, 17, 21, 38, 51, 91, 111, 97, 119, 123, 127, 127, 127, 127, 114, 124, 123, 101, 94, 79, 80, 55, 58, 41, 44, 8, 12, 3, 0, 0, 0, 4, 29, 38, 53, 66, 63, 72, 81, 98, 114, 112, 123, 122, 127, 127, 127, 119, 110, 85, 79, 76, 72, 77, 49, 46, 33, 14, 18, 0, 4, 6, 7, 0, 5, 24, 14, 31, 39, 37, 66, 74, 87, 107, 121, 127, 123, 122, 127, 127, 123, 116, 118, 110, 97, 89, 89, 79, 78, 69, 43, 37, 30]"
In-Distribution,10,exact_guidance_u,136,0,97,96,"[129, 16, 8, 9, 7, 17, 21, 38, 51, 91, 111, 97, 119, 123, 127, 127, 127, 127, 114, 124, 123, 101, 94, 79, 80, 55, 58, 41, 44, 8, 12, 3, 0, 0, 0, 4, 29, 38, 53, 66, 63, 72, 81, 98, 114, 112, 123, 122, 127, 127, 127, 119, 110, 85, 79, 76, 72, 77, 49, 46, 33, 14, 18, 0, 4, 6, 7, 0, 5, 24, 14, 31, 39, 37, 66, 74, 87, 107, 121, 127, 123, 122, 127, 127, 123, 116, 118, 110, 97, 89, 89, 79, 78, 69, 43, 37, 30]","[16, 8, 9, 7, 17, 21, 38, 51, 91, 111, 97, 119, 123, 127, 127, 127, 127, 114, 124, 123, 101, 94, 79, 80, 55, 58, 41, 44, 8, 12, 3, 0, 0, 0, 4, 29, 38, 53, 66, 63, 72, 81, 98, 114, 112, 123, 122, 127, 127, 127, 119, 110, 85, 79, 76, 72, 77, 49, 46, 33, 14, 18, 0, 4, 6, 7, 0, 5, 24, 14, 31, 39, 37, 66, 74, 87, 107, 121, 127, 123, 122, 127, 127, 123, 116, 118, 110, 97, 89, 89, 79, 78, 69, 43, 37, 30]"
In-Distribution,10,exact_guidance_u,137,0,97,96,"[129, 16, 8, 9, 7, 17, 21, 38, 51, 91, 111, 97, 119, 123, 127, 127, 127, 127, 114, 124, 123, 101, 94, 79, 80, 55, 58, 41, 44, 8, 12, 3, 0, 0, 0, 4, 29, 38, 53, 66, 63, 72, 81, 98, 114, 112, 123, 122, 127, 127, 127, 119, 110, 85, 79, 76, 72, 77, 49, 46, 33, 14, 18, 0, 4, 6, 7, 0, 5, 24, 14, 31, 39, 37, 66, 74, 87, 107, 121, 127, 123, 122, 127, 127, 123, 116, 118, 110, 97, 89, 89, 79, 78, 69, 43, 37, 30]","[16, 8, 9, 7, 17, 21, 38, 51, 91, 111, 97, 119, 123, 127, 127, 127, 127, 114, 124, 123, 101, 94, 79, 80, 55, 58, 41, 44, 8, 12, 3, 0, 0, 0, 4, 29, 38, 53, 66, 63, 72, 81, 98, 114, 112, 123, 122, 127, 127, 127, 119, 110, 85, 79, 76, 72, 77, 49, 46, 33, 14, 18, 0, 4, 6, 7, 0, 5, 24, 14, 31, 39, 37, 66, 74, 87, 107, 121, 127, 123, 122, 127, 127, 123, 116, 118, 110, 97, 89, 89, 79, 78, 69, 43, 37, 30]"
In-Distribution,10,exact_guidance_u,138,0,97,96,"[129, 16, 8, 9, 7, 17, 21, 38, 51, 91, 111, 97, 119, 123, 127, 127, 127, 127, 114, 124, 123, 101, 94, 79, 80, 55, 58, 41, 44, 8, 12, 3, 0, 0, 0, 4, 29, 38, 53, 66, 63, 72, 81, 98, 114, 112, 123, 122, 127, 127, 127, 119, 110, 85, 79, 76, 72, 77, 49, 46, 33, 14, 18, 0, 4, 6, 7, 0, 5, 24, 14, 31, 39, 37, 66, 74, 87, 107, 121, 127, 123, 122, 127, 127, 123, 116, 118, 110, 97, 89, 89, 79, 78, 69, 43, 37, 30]","[16, 8, 9, 7, 17, 21, 38, 51, 91, 111, 97, 119, 123, 127, 127, 127, 127, 114, 124, 123, 101, 94, 79, 80, 55, 58, 41, 44, 8, 12, 3, 0, 0, 0, 4, 29, 38, 53, 66, 63, 72, 81, 98, 114, 112, 123, 122, 127, 127, 127, 119, 110, 85, 79, 76, 72, 77, 49, 46, 33, 14, 18, 0, 4, 6, 7, 0, 5, 24, 14, 31, 39, 37, 66, 74, 87, 107, 121, 127, 123, 122, 127, 127, 123, 116, 118, 110, 97, 89, 89, 79, 78, 69, 43, 37, 30]"
In-Distribution,10,exact_guidance_u,139,0,97,96,"[129, 16, 8, 9, 7, 17, 21, 38, 51, 91, 111, 97, 119, 123, 127, 127, 127, 127, 114, 124, 123, 101, 94, 79, 80, 55, 58, 41, 44, 8, 12, 3, 0, 0, 0, 4, 29, 38, 53, 66, 63, 72, 81, 98, 114, 112, 123, 122, 127, 127, 127, 119, 110, 85, 79, 76, 72, 77, 49, 46, 33, 14, 18, 0, 4, 6, 7, 0, 5, 24, 14, 31, 39, 37, 66, 74, 87, 107, 121, 127, 123, 122, 127, 127, 123, 116, 118, 110, 97, 89, 89, 79, 78, 69, 43, 37, 30]","[16, 8, 9, 7, 17, 21, 38, 51, 91, 111, 97, 119, 123, 127, 127, 127, 127, 114, 124, 123, 101, 94, 79, 80, 55, 58, 41, 44, 8, 12, 3, 0, 0, 0, 4, 29, 38, 53, 66, 63, 72, 81, 98, 114, 112, 123, 122, 127, 127, 127, 119, 110, 85, 79, 76, 72, 77, 49, 46, 33, 14, 18, 0, 4, 6, 7, 0, 5, 24, 14, 31, 39, 37, 66, 74, 87, 107, 121, 127, 123, 122, 127, 127, 123, 116, 118, 110, 97, 89, 89, 79, 78, 69, 43, 37, 30]"
In-Distribution,10,exact_guidance_u,140,0,97,96,"[129, 16, 8, 9, 7, 17, 21, 38, 51, 91, 111, 97, 119, 123, 127, 127, 127, 127, 114, 124, 123, 101, 94, 79, 80, 55, 58, 41, 44, 8, 12, 3, 0, 0, 0, 4, 29, 38, 53, 66, 63, 72, 81, 98, 114, 112, 123, 122, 127, 127, 127, 119, 110, 85, 79, 76, 72, 77, 49, 46, 33, 14, 18, 0, 4, 6, 7, 0, 5, 24, 14, 31, 39, 37, 66, 74, 87, 107, 121, 127, 123, 122, 127, 127, 123, 116, 118, 110, 97, 89, 89, 79, 78, 69, 43, 37, 30]","[16, 8, 9, 7, 17, 21, 38, 51, 91, 111, 97, 119, 123, 127, 127, 127, 127, 114, 124, 123, 101, 94, 79, 80, 55, 58, 41, 44, 8, 12, 3, 0, 0, 0, 4, 29, 38, 53, 66, 63, 72, 81, 98, 114, 112, 123, 122, 127, 127, 127, 119, 110, 85, 79, 76, 72, 77, 49, 46, 33, 14, 18, 0, 4, 6, 7, 0, 5, 24, 14, 31, 39, 37, 66, 74, 87, 107, 121, 127, 123, 122, 127, 127, 123, 116, 118, 110, 97, 89, 89, 79, 78, 69, 43, 37, 30]"
In-Distribution,10,exact_guidance_u,141,0,97,96,"[129, 16, 8, 9, 7, 17, 21, 38, 51, 91, 111, 97, 119, 123, 127, 127, 127, 127, 114, 124, 123, 101, 94, 79, 80, 55, 58, 41, 44, 8, 12, 3, 0, 0, 0, 4, 29, 38, 53, 66, 63, 72, 81, 98, 114, 112, 123, 122, 127, 127, 127, 119, 110, 85, 79, 76, 72, 77, 49, 46, 33, 14, 18, 0, 4, 6, 7, 0, 5, 24, 14, 31, 39, 37, 66, 74, 87, 107, 121, 127, 123, 122, 127, 127, 123, 116, 118, 110, 97, 89, 89, 79, 78, 69, 43, 37, 30]","[16, 8, 9, 7, 17, 21, 38, 51, 91, 111, 97, 119, 123, 127, 127, 127, 127, 114, 124, 123, 101, 94, 79, 80, 55, 58, 41, 44, 8, 12, 3, 0, 0, 0, 4, 29, 38, 53, 66, 63, 72, 81, 98, 114, 112, 123, 122, 127, 127, 127, 119, 110, 85, 79, 76, 72, 77, 49, 46, 33, 14, 18, 0, 4, 6, 7, 0, 5, 24, 14, 31, 39, 37, 66, 74, 87, 107, 121, 127, 123, 122, 127, 127, 123, 116, 118, 110, 97, 89, 89, 79, 78, 69, 43, 37, 30]"
In-Distribution,10,exact_guidance_u,142,0,97,96,"[129, 16, 8, 9, 7, 17, 21, 38, 51, 91, 111, 97, 119, 123, 127, 127, 127, 127, 114, 124, 123, 101, 94, 79, 80, 55, 58, 41, 44, 8, 12, 3, 0, 0, 0, 4, 29, 38, 53, 66, 63, 72, 81, 98, 114, 112, 123, 122, 127, 127, 127, 119, 110, 85, 79, 76, 72, 77, 49, 46, 33, 14, 18, 0, 4, 6, 7, 0, 5, 24, 14, 31, 39, 37, 66, 74, 87, 107, 121, 127, 123, 122, 127, 127, 123, 116, 118, 110, 97, 89, 89, 79, 78, 69, 43, 37, 30]","[16, 8, 9, 7, 17, 21, 38, 51, 91, 111, 97, 119, 123, 127, 127, 127, 127, 114, 124, 123, 101, 94, 79, 80, 55, 58, 41, 44, 8, 12, 3, 0, 0, 0, 4, 29, 38, 53, 66, 63, 72, 81, 98, 114, 112, 123, 122, 127, 127, 127, 119, 110, 85, 79, 76, 72, 77, 49, 46, 33, 14, 18, 0, 4, 6, 7, 0, 5, 24, 14, 31, 39, 37, 66, 74, 87, 107, 121, 127, 123, 122, 127, 127, 123, 116, 118, 110, 97, 89, 89, 79, 78, 69, 43, 37, 30]"
In-Distribution,10,exact_guidance_u,143,0,97,96,"[129, 16, 8, 9, 7, 17, 21, 38, 51, 91, 111, 97, 119, 123, 127, 127, 127, 127, 114, 124, 123, 101, 94, 79, 80, 55, 58, 41, 44, 8, 12, 3, 0, 0, 0, 4, 29, 38, 53, 66, 63, 72, 81, 98, 114, 112, 123, 122, 127, 127, 127, 119, 110, 85, 79, 76, 72, 77, 49, 46, 33, 14, 18, 0, 4, 6, 7, 0, 5, 24, 14, 31, 39, 37, 66, 74, 87, 107, 121, 127, 123, 122, 127, 127, 123, 116, 118, 110, 97, 89, 89, 79, 78, 69, 43, 37, 30]","[16, 8, 9, 7, 17, 21, 38, 51, 91, 111, 97, 119, 123, 127, 127, 127, 127, 114, 124, 123, 101, 94, 79, 80, 55, 58, 41, 44, 8, 12, 3, 0, 0, 0, 4, 29, 38, 53, 66, 63, 72, 81, 98, 114, 112, 123, 122, 127, 127, 127, 119, 110, 85, 79, 76, 72, 77, 49, 46, 33, 14, 18, 0, 4, 6, 7, 0, 5, 24, 14, 31, 39, 37, 66, 74, 87, 107, 121, 127, 123, 122, 127, 127, 123, 116, 118, 110, 97, 89, 89, 79, 78, 69, 43, 37, 30]"
In-Distribution,10,exact_guidance_u,144,0,97,96,"[129, 16, 8, 9, 7, 17, 21, 38, 51, 91, 111, 97, 119, 123, 127, 127, 127, 127, 114, 124, 123, 101, 94, 79, 80, 55, 58, 41, 44, 8, 12, 3, 0, 0, 0, 4, 29, 38, 53, 66, 63, 72, 81, 98, 114, 112, 123, 122, 127, 127, 127, 119, 110, 85, 79, 76, 72, 77, 49, 46, 33, 14, 18, 0, 4, 6, 7, 0, 5, 24, 14, 31, 39, 37, 66, 74, 87, 107, 121, 127, 123, 122, 127, 127, 123, 116, 118, 110, 97, 89, 89, 79, 78, 69, 43, 37, 30]","[16, 8, 9, 7, 17, 21, 38, 51, 91, 111, 97, 119, 123, 127, 127, 127, 127, 114, 124, 123, 101, 94, 79, 80, 55, 58, 41, 44, 8, 12, 3, 0, 0, 0, 4, 29, 38, 53, 66, 63, 72, 81, 98, 114, 112, 123, 122, 127, 127, 127, 119, 110, 85, 79, 76, 72, 77, 49, 46, 33, 14, 18, 0, 4, 6, 7, 0, 5, 24, 14, 31, 39, 37, 66, 74, 87, 107, 121, 127, 123, 122, 127, 127, 123, 116, 118, 110, 97, 89, 89, 79, 78, 69, 43, 37, 30]"
In-Distribution,10,exact_guidance_u,145,0,97,96,"[129, 16, 8, 9, 7, 17, 21, 38, 51, 91, 111, 97, 119, 123, 127, 127, 127, 127, 114, 124, 123, 101, 94, 79, 80, 55, 58, 41, 44, 8, 12, 3, 0, 0, 0, 4, 29, 38, 53, 66, 63, 72, 81, 98, 114, 112, 123, 122, 127, 127, 127, 119, 110, 85, 79, 76, 72, 77, 49, 46, 33, 14, 18, 0, 4, 6, 7, 0, 5, 24, 14, 31, 39, 37, 66, 74, 87, 107, 121, 127, 123, 122, 127, 127, 123, 116, 118, 110, 97, 89, 89, 79, 78, 69, 43, 37, 30]","[16, 8, 9, 7, 17, 21, 38, 51, 91, 111, 97, 119, 123, 127, 127, 127, 127, 114, 124, 123, 101, 94, 79, 80, 55, 58, 41, 44, 8, 12, 3, 0, 0, 0, 4, 29, 38, 53, 66, 63, 72, 81, 98, 114, 112, 123, 122, 127, 127, 127, 119, 110, 85, 79, 76, 72, 77, 49, 46, 33, 14, 18, 0, 4, 6, 7, 0, 5, 24, 14, 31, 39, 37, 66, 74, 87, 107, 121, 127, 123, 122, 127, 127, 123, 116, 118, 110, 97, 89, 89, 79, 78, 69, 43, 37, 30]"
In-Distribution,10,exact_guidance_u,146,0,97,96,"[129, 16, 8, 9, 7, 17, 21, 38, 51, 91, 111, 97, 119, 123, 127, 127, 127, 127, 114, 124, 123, 101, 94, 79, 80, 55, 58, 41, 44, 8, 12, 3, 0, 0, 0, 4, 29, 38, 53, 66, 63, 72, 81, 98, 114, 112, 123, 122, 127, 127, 127, 119, 110, 85, 79, 76, 72, 77, 49, 46, 33, 14, 18, 0, 4, 6, 7, 0, 5, 24, 14, 31, 39, 37, 66, 74, 87, 107, 121, 127, 123, 122, 127, 127, 123, 116, 118, 110, 97, 89, 89, 79, 78, 69, 43, 37, 30]","[16, 8, 9, 7, 17, 21, 38, 51, 91, 111, 97, 119, 123, 127, 127, 127, 127, 114, 124, 123, 101, 94, 79, 80, 55, 58, 41, 44, 8, 12, 3, 0, 0, 0, 4, 29, 38, 53, 66, 63, 72, 81, 98, 114, 112, 123, 122, 127, 127, 127, 119, 110, 85, 79, 76, 72, 77, 49, 46, 33, 14, 18, 0, 4, 6, 7, 0, 5, 24, 14, 31, 39, 37, 66, 74, 87, 107, 121, 127, 123, 122, 127, 127, 123, 116, 118, 110, 97, 89, 89, 79, 78, 69, 43, 37, 30]"
In-Distribution,10,exact_guidance_u,147,0,97,96,"[129, 16, 8, 9, 7, 17, 21, 38, 51, 91, 111, 97, 119, 123, 127, 127, 127, 127, 114, 124, 123, 101, 94, 79, 80, 55, 58, 41, 44, 8, 12, 3, 0, 0, 0, 4, 29, 38, 53, 66, 63, 72, 81, 98, 114, 112, 123, 122, 127, 127, 127, 119, 110, 85, 79, 76, 72, 77, 49, 46, 33, 14, 18, 0, 4, 6, 7, 0, 5, 24, 14, 31, 39, 37, 66, 74, 87, 107, 121, 127, 123, 122, 127, 127, 123, 116, 118, 110, 97, 89, 89, 79, 78, 69, 43, 37, 30]","[16, 8, 9, 7, 17, 21, 38, 51, 91, 111, 97, 119, 123, 127, 127, 127, 127, 114, 124, 123, 101, 94, 79, 80, 55, 58, 41, 44, 8, 12, 3, 0, 0, 0, 4, 29, 38, 53, 66, 63, 72, 81, 98, 114, 112, 123, 122, 127, 127, 127, 119, 110, 85, 79, 76, 72, 77, 49, 46, 33, 14, 18, 0, 4, 6, 7, 0, 5, 24, 14, 31, 39, 37, 66, 74, 87, 107, 121, 127, 123, 122, 127, 127, 123, 116, 118, 110, 97, 89, 89, 79, 78, 69, 43, 37, 30]"
In-Distribution,10,exact_guidance_u,148,0,97,96,"[129, 16, 8, 9, 7, 17, 21, 38, 51, 91, 111, 97, 119, 123, 127, 127, 127, 127, 114, 124, 123, 101, 94, 79, 80, 55, 58, 41, 44, 8, 12, 3, 0, 0, 0, 4, 29, 38, 53, 66, 63, 72, 81, 98, 114, 112, 123, 122, 127, 127, 127, 119, 110, 85, 79, 76, 72, 77, 49, 46, 33, 14, 18, 0, 4, 6, 7, 0, 5, 24, 14, 31, 39, 37, 66, 74, 87, 107, 121, 127, 123, 122, 127, 127, 123, 116, 118, 110, 97, 89, 89, 79, 78, 69, 43, 37, 30]","[16, 8, 9, 7, 17, 21, 38, 51, 91, 111, 97, 119, 123, 127, 127, 127, 127, 114, 124, 123, 101, 94, 79, 80, 55, 58, 41, 44, 8, 12, 3, 0, 0, 0, 4, 29, 38, 53, 66, 63, 72, 81, 98, 114, 112, 123, 122, 127, 127, 127, 119, 110, 85, 79, 76, 72, 77, 49, 46, 33, 14, 18, 0, 4, 6, 7, 0, 5, 24, 14, 31, 39, 37, 66, 74, 87, 107, 121, 127, 123, 122, 127, 127, 123, 116, 118, 110, 97, 89, 89, 79, 78, 69, 43, 37, 30]"
In-Distribution,10,exact_guidance_u,149,0,97,96,"[129, 16, 8, 9, 7, 17, 21, 38, 51, 91, 111, 97, 119, 123, 127, 127, 127, 127, 114, 124, 123, 101, 94, 79, 80, 55, 58, 41, 44, 8, 12, 3, 0, 0, 0, 4, 29, 38, 53, 66, 63, 72, 81, 98, 114, 112, 123, 122, 127, 127, 127, 119, 110, 85, 79, 76, 72, 77, 49, 46, 33, 14, 18, 0, 4, 6, 7, 0, 5, 24, 14, 31, 39, 37, 66, 74, 87, 107, 121, 127, 123, 122, 127, 127, 123, 116, 118, 110, 97, 89, 89, 79, 78, 69, 43, 37, 30]","[16, 8, 9, 7, 17, 21, 38, 51, 91, 111, 97, 119, 123, 127, 127, 127, 127, 114, 124, 123, 101, 94, 79, 80, 55, 58, 41, 44, 8, 12, 3, 0, 0, 0, 4, 29, 38, 53, 66, 63, 72, 81, 98, 114, 112, 123, 122, 127, 127, 127, 119, 110, 85, 79, 76, 72, 77, 49, 46, 33, 14, 18, 0, 4, 6, 7, 0, 5, 24, 14, 31, 39, 37, 66, 74, 87, 107, 121, 127, 123, 122, 127, 127, 123, 116, 118, 110, 97, 89, 89, 79, 78, 69, 43, 37, 30]"
In-Distribution,10,exact_guidance_u,150,0,97,96,"[129, 16, 8, 9, 7, 17, 21, 38, 51, 91, 111, 97, 119, 123, 127, 127, 127, 127, 114, 124, 123, 101, 94, 79, 80, 55, 58, 41, 44, 8, 12, 3, 0, 0, 0, 4, 29, 38, 53, 66, 63, 72, 81, 98, 114, 112, 123, 122, 127, 127, 127, 119, 110, 85, 79, 76, 72, 77, 49, 46, 33, 14, 18, 0, 4, 6, 7, 0, 5, 24, 14, 31, 39, 37, 66, 74, 87, 107, 121, 127, 123, 122, 127, 127, 123, 116, 118, 110, 97, 89, 89, 79, 78, 69, 43, 37, 30]","[16, 8, 9, 7, 17, 21, 38, 51, 91, 111, 97, 119, 123, 127, 127, 127, 127, 114, 124, 123, 101, 94, 79, 80, 55, 58, 41, 44, 8, 12, 3, 0, 0, 0, 4, 29, 38, 53, 66, 63, 72, 81, 98, 114, 112, 123, 122, 127, 127, 127, 119, 110, 85, 79, 76, 72, 77, 49, 46, 33, 14, 18, 0, 4, 6, 7, 0, 5, 24, 14, 31, 39, 37, 66, 74, 87, 107, 121, 127, 123, 122, 127, 127, 123, 116, 118, 110, 97, 89, 89, 79, 78, 69, 43, 37, 30]"
In-Distribution,10,exact_guidance_u,151,0,97,96,"[129, 16, 8, 9, 7, 17, 21, 38, 51, 91, 111, 97, 119, 123, 127, 127, 127, 127, 114, 124, 123, 101, 94, 79, 80, 55, 58, 41, 44, 8, 12, 3, 0, 0, 0, 4, 29, 38, 53, 66, 63, 72, 81, 98, 114, 112, 123, 122, 127, 127, 127, 119, 110, 85, 79, 76, 72, 77, 49, 46, 33, 14, 18, 0, 4, 6, 7, 0, 5, 24, 14, 31, 39, 37, 66, 74, 87, 107, 121, 127, 123, 122, 127, 127, 123, 116, 118, 110, 97, 89, 89, 79, 78, 69, 43, 37, 30]","[16, 8, 9, 7, 17, 21, 38, 51, 91, 111, 97, 119, 123, 127, 127, 127, 127, 114, 124, 123, 101, 94, 79, 80, 55, 58, 41, 44, 8, 12, 3, 0, 0, 0, 4, 29, 38, 53, 66, 63, 72, 81, 98, 114, 112, 123, 122, 127, 127, 127, 119, 110, 85, 79, 76, 72, 77, 49, 46, 33, 14, 18, 0, 4, 6, 7, 0, 5, 24, 14, 31, 39, 37, 66, 74, 87, 107, 121, 127, 123, 122, 127, 127, 123, 116, 118, 110, 97, 89, 89, 79, 78, 69, 43, 37, 30]"
In-Distribution,10,exact_guidance_u,152,0,97,96,"[129, 16, 8, 9, 7, 17, 21, 38, 51, 91, 111, 97, 119, 123, 127, 127, 127, 127, 114, 124, 123, 101, 94, 79, 80, 55, 58, 41, 44, 8, 12, 3, 0, 0, 0, 4, 29, 38, 53, 66, 63, 72, 81, 98, 114, 112, 123, 122, 127, 127, 127, 119, 110, 85, 79, 76, 72, 77, 49, 46, 33, 14, 18, 0, 4, 6, 7, 0, 5, 24, 14, 31, 39, 37, 66, 74, 87, 107, 121, 127, 123, 122, 127, 127, 123, 116, 118, 110, 97, 89, 89, 79, 78, 69, 43, 37, 30]","[16, 8, 9, 7, 17, 21, 38, 51, 91, 111, 97, 119, 123, 127, 127, 127, 127, 114, 124, 123, 101, 94, 79, 80, 55, 58, 41, 44, 8, 12, 3, 0, 0, 0, 4, 29, 38, 53, 66, 63, 72, 81, 98, 114, 112, 123, 122, 127, 127, 127, 119, 110, 85, 79, 76, 72, 77, 49, 46, 33, 14, 18, 0, 4, 6, 7, 0, 5, 24, 14, 31, 39, 37, 66, 74, 87, 107, 121, 127, 123, 122, 127, 127, 123, 116, 118, 110, 97, 89, 89, 79, 78, 69, 43, 37, 30]"
In-Distribution,10,exact_guidance_u,153,0,97,96,"[129, 16, 8, 9, 7, 17, 21, 38, 51, 91, 111, 97, 119, 123, 127, 127, 127, 127, 114, 124, 123, 101, 94, 79, 80, 55, 58, 41, 44, 8, 12, 3, 0, 0, 0, 4, 29, 38, 53, 66, 63, 72, 81, 98, 114, 112, 123, 122, 127, 127, 127, 119, 110, 85, 79, 76, 72, 77, 49, 46, 33, 14, 18, 0, 4, 6, 7, 0, 5, 24, 14, 31, 39, 37, 66, 74, 87, 107, 121, 127, 123, 122, 127, 127, 123, 116, 118, 110, 97, 89, 89, 79, 78, 69, 43, 37, 30]","[16, 8, 9, 7, 17, 21, 38, 51, 91, 111, 97, 119, 123, 127, 127, 127, 127, 114, 124, 123, 101, 94, 79, 80, 55, 58, 41, 44, 8, 12, 3, 0, 0, 0, 4, 29, 38, 53, 66, 63, 72, 81, 98, 114, 112, 123, 122, 127, 127, 127, 119, 110, 85, 79, 76, 72, 77, 49, 46, 33, 14, 18, 0, 4, 6, 7, 0, 5, 24, 14, 31, 39, 37, 66, 74, 87, 107, 121, 127, 123, 122, 127, 127, 123, 116, 118, 110, 97, 89, 89, 79, 78, 69, 43, 37, 30]"
In-Distribution,10,exact_guidance_u,154,0,97,96,"[129, 16, 8, 9, 7, 17, 21, 38, 51, 91, 111, 97, 119, 123, 127, 127, 127, 127, 114, 124, 123, 101, 94, 79, 80, 55, 58, 41, 44, 8, 12, 3, 0, 0, 0, 4, 29, 38, 53, 66, 63, 72, 81, 98, 114, 112, 123, 122, 127, 127, 127, 119, 110, 85, 79, 76, 72, 77, 49, 46, 33, 14, 18, 0, 4, 6, 7, 0, 5, 24, 14, 31, 39, 37, 66, 74, 87, 107, 121, 127, 123, 122, 127, 127, 123, 116, 118, 110, 97, 89, 89, 79, 78, 69, 43, 37, 30]","[16, 8, 9, 7, 17, 21, 38, 51, 91, 111, 97, 119, 123, 127, 127, 127, 127, 114, 124, 123, 101, 94, 79, 80, 55, 58, 41, 44, 8, 12, 3, 0, 0, 0, 4, 29, 38, 53, 66, 63, 72, 81, 98, 114, 112, 123, 122, 127, 127, 127, 119, 110, 85, 79, 76, 72, 77, 49, 46, 33, 14, 18, 0, 4, 6, 7, 0, 5, 24, 14, 31, 39, 37, 66, 74, 87, 107, 121, 127, 123, 122, 127, 127, 123, 116, 118, 110, 97, 89, 89, 79, 78, 69, 43, 37, 30]"
In-Distribution,10,exact_guidance_u,155,0,97,96,"[129, 16, 8, 9, 7, 17, 21, 38, 51, 91, 111, 97, 119, 123, 127, 127, 127, 127, 114, 124, 123, 101, 94, 79, 80, 55, 58, 41, 44, 8, 12, 3, 0, 0, 0, 4, 29, 38, 53, 66, 63, 72, 81, 98, 114, 112, 123, 122, 127, 127, 127, 119, 110, 85, 79, 76, 72, 77, 49, 46, 33, 14, 18, 0, 4, 6, 7, 0, 5, 24, 14, 31, 39, 37, 66, 74, 87, 107, 121, 127, 123, 122, 127, 127, 123, 116, 118, 110, 97, 89, 89, 79, 78, 69, 43, 37, 30]","[16, 8, 9, 7, 17, 21, 38, 51, 91, 111, 97, 119, 123, 127, 127, 127, 127, 114, 124, 123, 101, 94, 79, 80, 55, 58, 41, 44, 8, 12, 3, 0, 0, 0, 4, 29, 38, 53, 66, 63, 72, 81, 98, 114, 112, 123, 122, 127, 127, 127, 119, 110, 85, 79, 76, 72, 77, 49, 46, 33, 14, 18, 0, 4, 6, 7, 0, 5, 24, 14, 31, 39, 37, 66, 74, 87, 107, 121, 127, 123, 122, 127, 127, 123, 116, 118, 110, 97, 89, 89, 79, 78, 69, 43, 37, 30]"
In-Distribution,10,exact_guidance_u,156,0,97,96,"[129, 16, 8, 9, 7, 17, 21, 38, 51, 91, 111, 97, 119, 123, 127, 127, 127, 127, 114, 124, 123, 101, 94, 79, 80, 55, 58, 41, 44, 8, 12, 3, 0, 0, 0, 4, 29, 38, 53, 66, 63, 72, 81, 98, 114, 112, 123, 122, 127, 127, 127, 119, 110, 85, 79, 76, 72, 77, 49, 46, 33, 14, 18, 0, 4, 6, 7, 0, 5, 24, 14, 31, 39, 37, 66, 74, 87, 107, 121, 127, 123, 122, 127, 127, 123, 116, 118, 110, 97, 89, 89, 79, 78, 69, 43, 37, 30]","[16, 8, 9, 7, 17, 21, 38, 51, 91, 111, 97, 119, 123, 127, 127, 127, 127, 114, 124, 123, 101, 94, 79, 80, 55, 58, 41, 44, 8, 12, 3, 0, 0, 0, 4, 29, 38, 53, 66, 63, 72, 81, 98, 114, 112, 123, 122, 127, 127, 127, 119, 110, 85, 79, 76, 72, 77, 49, 46, 33, 14, 18, 0, 4, 6, 7, 0, 5, 24, 14, 31, 39, 37, 66, 74, 87, 107, 121, 127, 123, 122, 127, 127, 123, 116, 118, 110, 97, 89, 89, 79, 78, 69, 43, 37, 30]"
In-Distribution,10,exact_guidance_u,157,0,97,96,"[129, 16, 8, 9, 7, 17, 21, 38, 51, 91, 111, 97, 119, 123, 127, 127, 127, 127, 114, 124, 123, 101, 94, 79, 80, 55, 58, 41, 44, 8, 12, 3, 0, 0, 0, 4, 29, 38, 53, 66, 63, 72, 81, 98, 114, 112, 123, 122, 127, 127, 127, 119, 110, 85, 79, 76, 72, 77, 49, 46, 33, 14, 18, 0, 4, 6, 7, 0, 5, 24, 14, 31, 39, 37, 66, 74, 87, 107, 121, 127, 123, 122, 127, 127, 123, 116, 118, 110, 97, 89, 89, 79, 78, 69, 43, 37, 30]","[16, 8, 9, 7, 17, 21, 38, 51, 91, 111, 97, 119, 123, 127, 127, 127, 127, 114, 124, 123, 101, 94, 79, 80, 55, 58, 41, 44, 8, 12, 3, 0, 0, 0, 4, 29, 38, 53, 66, 63, 72, 81, 98, 114, 112, 123, 122, 127, 127, 127, 119, 110, 85, 79, 76, 72, 77, 49, 46, 33, 14, 18, 0, 4, 6, 7, 0, 5, 24, 14, 31, 39, 37, 66, 74, 87, 107, 121, 127, 123, 122, 127, 127, 123, 116, 118, 110, 97, 89, 89, 79, 78, 69, 43, 37, 30]"
In-Distribution,10,exact_guidance_u,158,0,97,96,"[129, 16, 8, 9, 7, 17, 21, 38, 51, 91, 111, 97, 119, 123, 127, 127, 127, 127, 114, 124, 123, 101, 94, 79, 80, 55, 58, 41, 44, 8, 12, 3, 0, 0, 0, 4, 29, 38, 53, 66, 63, 72, 81, 98, 114, 112, 123, 122, 127, 127, 127, 119, 110, 85, 79, 76, 72, 77, 49, 46, 33, 14, 18, 0, 4, 6, 7, 0, 5, 24, 14, 31, 39, 37, 66, 74, 87, 107, 121, 127, 123, 122, 127, 127, 123, 116, 118, 110, 97, 89, 89, 79, 78, 69, 43, 37, 30]","[16, 8, 9, 7, 17, 21, 38, 51, 91, 111, 97, 119, 123, 127, 127, 127, 127, 114, 124, 123, 101, 94, 79, 80, 55, 58, 41, 44, 8, 12, 3, 0, 0, 0, 4, 29, 38, 53, 66, 63, 72, 81, 98, 114, 112, 123, 122, 127, 127, 127, 119, 110, 85, 79, 76, 72, 77, 49, 46, 33, 14, 18, 0, 4, 6, 7, 0, 5, 24, 14, 31, 39, 37, 66, 74, 87, 107, 121, 127, 123, 122, 127, 127, 123, 116, 118, 110, 97, 89, 89, 79, 78, 69, 43, 37, 30]"
In-Distribution,10,exact_guidance_u,159,0,97,96,"[129, 16, 8, 9, 7, 17, 21, 38, 51, 91, 111, 97, 119, 123, 127, 127, 127, 127, 114, 124, 123, 101, 94, 79, 80, 55, 58, 41, 44, 8, 12, 3, 0, 0, 0, 4, 29, 38, 53, 66, 63, 72, 81, 98, 114, 112, 123, 122, 127, 127, 127, 119, 110, 85, 79, 76, 72, 77, 49, 46, 33, 14, 18, 0, 4, 6, 7, 0, 5, 24, 14, 31, 39, 37, 66, 74, 87, 107, 121, 127, 123, 122, 127, 127, 123, 116, 118, 110, 97, 89, 89, 79, 78, 69, 43, 37, 30]","[16, 8, 9, 7, 17, 21, 38, 51, 91, 111, 97, 119, 123, 127, 127, 127, 127, 114, 124, 123, 101, 94, 79, 80, 55, 58, 41, 44, 8, 12, 3, 0, 0, 0, 4, 29, 38, 53, 66, 63, 72, 81, 98, 114, 112, 123, 122, 127, 127, 127, 119, 110, 85, 79, 76, 72, 77, 49, 46, 33, 14, 18, 0, 4, 6, 7, 0, 5, 24, 14, 31, 39, 37, 66, 74, 87, 107, 121, 127, 123, 122, 127, 127, 123, 116, 118, 110, 97, 89, 89, 79, 78, 69, 43, 37, 30]"
In-Distribution,10,exact_guidance_u,160,0,97,96,"[129, 16, 8, 9, 7, 17, 21, 38, 51, 91, 111, 97, 119, 123, 127, 127, 127, 127, 114, 124, 123, 101, 94, 79, 80, 55, 58, 41, 44, 8, 12, 3, 0, 0, 0, 4, 29, 38, 53, 66, 63, 72, 81, 98, 114, 112, 123, 122, 127, 127, 127, 119, 110, 85, 79, 76, 72, 77, 49, 46, 33, 14, 18, 0, 4, 6, 7, 0, 5, 24, 14, 31, 39, 37, 66, 74, 87, 107, 121, 127, 123, 122, 127, 127, 123, 116, 118, 110, 97, 89, 89, 79, 78, 69, 43, 37, 30]","[16, 8, 9, 7, 17, 21, 38, 51, 91, 111, 97, 119, 123, 127, 127, 127, 127, 114, 124, 123, 101, 94, 79, 80, 55, 58, 41, 44, 8, 12, 3, 0, 0, 0, 4, 29, 38, 53, 66, 63, 72, 81, 98, 114, 112, 123, 122, 127, 127, 127, 119, 110, 85, 79, 76, 72, 77, 49, 46, 33, 14, 18, 0, 4, 6, 7, 0, 5, 24, 14, 31, 39, 37, 66, 74, 87, 107, 121, 127, 123, 122, 127, 127, 123, 116, 118, 110, 97, 89, 89, 79, 78, 69, 43, 37, 30]"
In-Distribution,10,exact_guidance_u,161,0,97,96,"[129, 16, 8, 9, 7, 17, 21, 38, 51, 91, 111, 97, 119, 123, 127, 127, 127, 127, 114, 124, 123, 101, 94, 79, 80, 55, 58, 41, 44, 8, 12, 3, 0, 0, 0, 4, 29, 38, 53, 66, 63, 72, 81, 98, 114, 112, 123, 122, 127, 127, 127, 119, 110, 85, 79, 76, 72, 77, 49, 46, 33, 14, 18, 0, 4, 6, 7, 0, 5, 24, 14, 31, 39, 37, 66, 74, 87, 107, 121, 127, 123, 122, 127, 127, 123, 116, 118, 110, 97, 89, 89, 79, 78, 69, 43, 37, 30]","[16, 8, 9, 7, 17, 21, 38, 51, 91, 111, 97, 119, 123, 127, 127, 127, 127, 114, 124, 123, 101, 94, 79, 80, 55, 58, 41, 44, 8, 12, 3, 0, 0, 0, 4, 29, 38, 53, 66, 63, 72, 81, 98, 114, 112, 123, 122, 127, 127, 127, 119, 110, 85, 79, 76, 72, 77, 49, 46, 33, 14, 18, 0, 4, 6, 7, 0, 5, 24, 14, 31, 39, 37, 66, 74, 87, 107, 121, 127, 123, 122, 127, 127, 123, 116, 118, 110, 97, 89, 89, 79, 78, 69, 43, 37, 30]"
In-Distribution,10,exact_guidance_u,162,0,97,96,"[129, 16, 8, 9, 7, 17, 21, 38, 51, 91, 111, 97, 119, 123, 127, 127, 127, 127, 114, 124, 123, 101, 94, 79, 80, 55, 58, 41, 44, 8, 12, 3, 0, 0, 0, 4, 29, 38, 53, 66, 63, 72, 81, 98, 114, 112, 123, 122, 127, 127, 127, 119, 110, 85, 79, 76, 72, 77, 49, 46, 33, 14, 18, 0, 4, 6, 7, 0, 5, 24, 14, 31, 39, 37, 66, 74, 87, 107, 121, 127, 123, 122, 127, 127, 123, 116, 118, 110, 97, 89, 89, 79, 78, 69, 43, 37, 30]","[16, 8, 9, 7, 17, 21, 38, 51, 91, 111, 97, 119, 123, 127, 127, 127, 127, 114, 124, 123, 101, 94, 79, 80, 55, 58, 41, 44, 8, 12, 3, 0, 0, 0, 4, 29, 38, 53, 66, 63, 72, 81, 98, 114, 112, 123, 122, 127, 127, 127, 119, 110, 85, 79, 76, 72, 77, 49, 46, 33, 14, 18, 0, 4, 6, 7, 0, 5, 24, 14, 31, 39, 37, 66, 74, 87, 107, 121, 127, 123, 122, 127, 127, 123, 116, 118, 110, 97, 89, 89, 79, 78, 69, 43, 37, 30]"
In-Distribution,10,exact_guidance_u,163,0,97,96,"[129, 16, 8, 9, 7, 17, 21, 38, 51, 91, 111, 97, 119, 123, 127, 127, 127, 127, 114, 124, 123, 101, 94, 79, 80, 55, 58, 41, 44, 8, 12, 3, 0, 0, 0, 4, 29, 38, 53, 66, 63, 72, 81, 98, 114, 112, 123, 122, 127, 127, 127, 119, 110, 85, 79, 76, 72, 77, 49, 46, 33, 14, 18, 0, 4, 6, 7, 0, 5, 24, 14, 31, 39, 37, 66, 74, 87, 107, 121, 127, 123, 122, 127, 127, 123, 116, 118, 110, 97, 89, 89, 79, 78, 69, 43, 37, 30]","[16, 8, 9, 7, 17, 21, 38, 51, 91, 111, 97, 119, 123, 127, 127, 127, 127, 114, 124, 123, 101, 94, 79, 80, 55, 58, 41, 44, 8, 12, 3, 0, 0, 0, 4, 29, 38, 53, 66, 63, 72, 81, 98, 114, 112, 123, 122, 127, 127, 127, 119, 110, 85, 79, 76, 72, 77, 49, 46, 33, 14, 18, 0, 4, 6, 7, 0, 5, 24, 14, 31, 39, 37, 66, 74, 87, 107, 121, 127, 123, 122, 127, 127, 123, 116, 118, 110, 97, 89, 89, 79, 78, 69, 43, 37, 30]"
In-Distribution,10,exact_guidance_u,164,0,97,96,"[129, 16, 8, 9, 7, 17, 21, 38, 51, 91, 111, 97, 119, 123, 127, 127, 127, 127, 114, 124, 123, 101, 94, 79, 80, 55, 58, 41, 44, 8, 12, 3, 0, 0, 0, 4, 29, 38, 53, 66, 63, 72, 81, 98, 114, 112, 123, 122, 127, 127, 127, 119, 110, 85, 79, 76, 72, 77, 49, 46, 33, 14, 18, 0, 4, 6, 7, 0, 5, 24, 14, 31, 39, 37, 66, 74, 87, 107, 121, 127, 123, 122, 127, 127, 123, 116, 118, 110, 97, 89, 89, 79, 78, 69, 43, 37, 30]","[16, 8, 9, 7, 17, 21, 38, 51, 91, 111, 97, 119, 123, 127, 127, 127, 127, 114, 124, 123, 101, 94, 79, 80, 55, 58, 41, 44, 8, 12, 3, 0, 0, 0, 4, 29, 38, 53, 66, 63, 72, 81, 98, 114, 112, 123, 122, 127, 127, 127, 119, 110, 85, 79, 76, 72, 77, 49, 46, 33, 14, 18, 0, 4, 6, 7, 0, 5, 24, 14, 31, 39, 37, 66, 74, 87, 107, 121, 127, 123, 122, 127, 127, 123, 116, 118, 110, 97, 89, 89, 79, 78, 69, 43, 37, 30]"
In-Distribution,10,exact_guidance_u,165,0,98,97,"[129, 16, 8, 9, 7, 17, 21, 38, 51, 91, 111, 97, 119, 123, 127, 127, 127, 127, 114, 124, 123, 101, 94, 79, 80, 55, 58, 41, 44, 8, 12, 3, 0, 0, 0, 4, 29, 38, 53, 66, 63, 72, 81, 98, 114, 112, 123, 122, 127, 127, 127, 119, 110, 85, 79, 76, 72, 77, 49, 46, 33, 14, 18, 0, 4, 6, 7, 0, 5, 24, 14, 31, 39, 37, 66, 74, 87, 107, 121, 127, 123, 122, 127, 127, 123, 116, 118, 110, 97, 89, 89, 79, 78, 69, 43, 40, 37, 30]","[16, 8, 9, 7, 17, 21, 38, 51, 91, 111, 97, 119, 123, 127, 127, 127, 127, 114, 124, 123, 101, 94, 79, 80, 55, 58, 41, 44, 8, 12, 3, 0, 0, 0, 4, 29, 38, 53, 66, 63, 72, 81, 98, 114, 112, 123, 122, 127, 127, 127, 119, 110, 85, 79, 76, 72, 77, 49, 46, 33, 14, 18, 0, 4, 6, 7, 0, 5, 24, 14, 31, 39, 37, 66, 74, 87, 107, 121, 127, 123, 122, 127, 127, 123, 116, 118, 110, 97, 89, 89, 79, 78, 69, 43, 40, 37, 30]"
In-Distribution,10,exact_guidance_u,166,0,98,97,"[129, 16, 8, 9, 7, 17, 21, 38, 51, 91, 111, 97, 119, 123, 127, 127, 127, 127, 114, 124, 123, 101, 94, 79, 80, 55, 58, 41, 44, 8, 12, 3, 0, 0, 0, 4, 29, 38, 53, 66, 63, 72, 81, 98, 114, 112, 123, 122, 127, 127, 127, 119, 110, 85, 79, 76, 72, 77, 49, 46, 33, 14, 18, 0, 4, 6, 7, 0, 5, 24, 14, 31, 39, 37, 66, 74, 87, 107, 121, 127, 123, 122, 127, 127, 123, 116, 118, 110, 97, 89, 89, 79, 78, 69, 43, 40, 37, 30]","[16, 8, 9, 7, 17, 21, 38, 51, 91, 111, 97, 119, 123, 127, 127, 127, 127, 114, 124, 123, 101, 94, 79, 80, 55, 58, 41, 44, 8, 12, 3, 0, 0, 0, 4, 29, 38, 53, 66, 63, 72, 81, 98, 114, 112, 123, 122, 127, 127, 127, 119, 110, 85, 79, 76, 72, 77, 49, 46, 33, 14, 18, 0, 4, 6, 7, 0, 5, 24, 14, 31, 39, 37, 66, 74, 87, 107, 121, 127, 123, 122, 127, 127, 123, 116, 118, 110, 97, 89, 89, 79, 78, 69, 43, 40, 37, 30]"
In-Distribution,10,exact_guidance_u,167,0,98,97,"[129, 16, 8, 9, 7, 17, 21, 38, 51, 91, 111, 97, 119, 123, 127, 127, 127, 127, 114, 124, 123, 101, 94, 79, 80, 55, 58, 41, 44, 8, 12, 3, 0, 0, 0, 4, 29, 38, 53, 66, 63, 72, 81, 98, 114, 112, 123, 122, 127, 127, 127, 119, 110, 85, 79, 76, 72, 77, 49, 46, 33, 14, 18, 0, 4, 6, 7, 0, 5, 24, 14, 31, 39, 37, 66, 74, 87, 107, 121, 127, 123, 122, 127, 127, 123, 116, 118, 110, 97, 89, 89, 79, 78, 69, 43, 40, 37, 30]","[16, 8, 9, 7, 17, 21, 38, 51, 91, 111, 97, 119, 123, 127, 127, 127, 127, 114, 124, 123, 101, 94, 79, 80, 55, 58, 41, 44, 8, 12, 3, 0, 0, 0, 4, 29, 38, 53, 66, 63, 72, 81, 98, 114, 112, 123, 122, 127, 127, 127, 119, 110, 85, 79, 76, 72, 77, 49, 46, 33, 14, 18, 0, 4, 6, 7, 0, 5, 24, 14, 31, 39, 37, 66, 74, 87, 107, 121, 127, 123, 122, 127, 127, 123, 116, 118, 110, 97, 89, 89, 79, 78, 69, 43, 40, 37, 30]"
In-Distribution,10,exact_guidance_u,168,0,98,97,"[129, 16, 8, 9, 7, 17, 21, 38, 51, 91, 111, 97, 119, 123, 127, 127, 127, 127, 114, 124, 123, 101, 94, 79, 80, 55, 58, 41, 44, 8, 12, 3, 0, 0, 0, 4, 29, 38, 53, 66, 63, 72, 81, 98, 114, 112, 123, 122, 127, 127, 127, 119, 110, 85, 79, 76, 72, 77, 49, 46, 33, 14, 18, 0, 4, 6, 7, 0, 5, 24, 14, 31, 39, 37, 66, 74, 87, 107, 121, 127, 123, 122, 127, 127, 123, 116, 118, 110, 97, 89, 89, 79, 78, 69, 43, 40, 37, 30]","[16, 8, 9, 7, 17, 21, 38, 51, 91, 111, 97, 119, 123, 127, 127, 127, 127, 114, 124, 123, 101, 94, 79, 80, 55, 58, 41, 44, 8, 12, 3, 0, 0, 0, 4, 29, 38, 53, 66, 63, 72, 81, 98, 114, 112, 123, 122, 127, 127, 127, 119, 110, 85, 79, 76, 72, 77, 49, 46, 33, 14, 18, 0, 4, 6, 7, 0, 5, 24, 14, 31, 39, 37, 66, 74, 87, 107, 121, 127, 123, 122, 127, 127, 123, 116, 118, 110, 97, 89, 89, 79, 78, 69, 43, 40, 37, 30]"
In-Distribution,10,exact_guidance_u,169,0,98,97,"[129, 16, 8, 9, 7, 17, 21, 38, 51, 91, 111, 97, 119, 123, 127, 127, 127, 127, 114, 124, 123, 101, 94, 79, 80, 55, 58, 41, 44, 8, 12, 3, 0, 0, 0, 4, 29, 38, 53, 66, 63, 72, 81, 98, 114, 112, 123, 122, 127, 127, 127, 119, 110, 85, 79, 76, 72, 77, 49, 46, 33, 14, 18, 0, 4, 6, 7, 0, 5, 24, 14, 31, 39, 37, 66, 74, 87, 107, 121, 127, 123, 122, 127, 127, 123, 116, 118, 110, 97, 89, 89, 79, 78, 69, 43, 40, 37, 30]","[16, 8, 9, 7, 17, 21, 38, 51, 91, 111, 97, 119, 123, 127, 127, 127, 127, 114, 124, 123, 101, 94, 79, 80, 55, 58, 41, 44, 8, 12, 3, 0, 0, 0, 4, 29, 38, 53, 66, 63, 72, 81, 98, 114, 112, 123, 122, 127, 127, 127, 119, 110, 85, 79, 76, 72, 77, 49, 46, 33, 14, 18, 0, 4, 6, 7, 0, 5, 24, 14, 31, 39, 37, 66, 74, 87, 107, 121, 127, 123, 122, 127, 127, 123, 116, 118, 110, 97, 89, 89, 79, 78, 69, 43, 40, 37, 30]"
In-Distribution,10,exact_guidance_u,170,0,98,97,"[129, 16, 8, 9, 7, 17, 21, 38, 51, 91, 111, 97, 119, 123, 127, 127, 127, 127, 114, 124, 123, 101, 94, 79, 80, 55, 58, 41, 44, 8, 12, 3, 0, 0, 0, 4, 29, 38, 53, 66, 63, 72, 81, 98, 114, 112, 123, 122, 127, 127, 127, 119, 110, 85, 79, 76, 72, 77, 49, 46, 33, 14, 18, 0, 4, 6, 7, 0, 5, 24, 14, 31, 39, 37, 66, 74, 87, 107, 121, 127, 123, 122, 127, 127, 123, 116, 118, 110, 97, 89, 89, 79, 78, 69, 43, 40, 37, 30]","[16, 8, 9, 7, 17, 21, 38, 51, 91, 111, 97, 119, 123, 127, 127, 127, 127, 114, 124, 123, 101, 94, 79, 80, 55, 58, 41, 44, 8, 12, 3, 0, 0, 0, 4, 29, 38, 53, 66, 63, 72, 81, 98, 114, 112, 123, 122, 127, 127, 127, 119, 110, 85, 79, 76, 72, 77, 49, 46, 33, 14, 18, 0, 4, 6, 7, 0, 5, 24, 14, 31, 39, 37, 66, 74, 87, 107, 121, 127, 123, 122, 127, 127, 123, 116, 118, 110, 97, 89, 89, 79, 78, 69, 43, 40, 37, 30]"
In-Distribution,10,exact_guidance_u,171,0,98,97,"[129, 16, 8, 9, 7, 17, 21, 38, 51, 91, 111, 97, 119, 123, 127, 127, 127, 127, 114, 124, 123, 101, 94, 79, 80, 55, 58, 41, 44, 8, 12, 3, 0, 0, 0, 4, 29, 38, 53, 66, 63, 72, 81, 98, 114, 112, 123, 122, 127, 127, 127, 119, 110, 85, 79, 76, 72, 77, 49, 46, 33, 14, 18, 0, 4, 6, 7, 0, 5, 24, 14, 31, 39, 37, 66, 74, 87, 107, 121, 127, 123, 122, 127, 127, 123, 116, 118, 110, 97, 89, 89, 79, 78, 69, 43, 40, 37, 30]","[16, 8, 9, 7, 17, 21, 38, 51, 91, 111, 97, 119, 123, 127, 127, 127, 127, 114, 124, 123, 101, 94, 79, 80, 55, 58, 41, 44, 8, 12, 3, 0, 0, 0, 4, 29, 38, 53, 66, 63, 72, 81, 98, 114, 112, 123, 122, 127, 127, 127, 119, 110, 85, 79, 76, 72, 77, 49, 46, 33, 14, 18, 0, 4, 6, 7, 0, 5, 24, 14, 31, 39, 37, 66, 74, 87, 107, 121, 127, 123, 122, 127, 127, 123, 116, 118, 110, 97, 89, 89, 79, 78, 69, 43, 40, 37, 30]"
In-Distribution,10,exact_guidance_u,172,0,98,97,"[129, 16, 8, 9, 7, 17, 21, 38, 51, 91, 111, 97, 119, 123, 127, 127, 127, 127, 114, 124, 123, 101, 94, 79, 80, 55, 58, 41, 44, 8, 12, 3, 0, 0, 0, 4, 29, 38, 53, 66, 63, 72, 81, 98, 114, 112, 123, 122, 127, 127, 127, 119, 110, 85, 79, 76, 72, 77, 49, 46, 33, 14, 18, 0, 4, 6, 7, 0, 5, 24, 14, 31, 39, 37, 66, 74, 87, 107, 121, 127, 123, 122, 127, 127, 123, 116, 118, 110, 97, 89, 89, 79, 78, 69, 43, 40, 37, 30]","[16, 8, 9, 7, 17, 21, 38, 51, 91, 111, 97, 119, 123, 127, 127, 127, 127, 114, 124, 123, 101, 94, 79, 80, 55, 58, 41, 44, 8, 12, 3, 0, 0, 0, 4, 29, 38, 53, 66, 63, 72, 81, 98, 114, 112, 123, 122, 127, 127, 127, 119, 110, 85, 79, 76, 72, 77, 49, 46, 33, 14, 18, 0, 4, 6, 7, 0, 5, 24, 14, 31, 39, 37, 66, 74, 87, 107, 121, 127, 123, 122, 127, 127, 123, 116, 118, 110, 97, 89, 89, 79, 78, 69, 43, 40, 37, 30]"
In-Distribution,10,exact_guidance_u,173,0,100,99,"[129, 16, 8, 9, 7, 17, 21, 38, 51, 91, 111, 97, 103, 119, 123, 127, 127, 127, 127, 114, 124, 123, 101, 94, 79, 80, 55, 58, 41, 44, 11, 8, 12, 3, 0, 0, 0, 4, 29, 38, 53, 66, 63, 72, 81, 98, 114, 112, 123, 122, 127, 127, 127, 119, 110, 85, 79, 76, 72, 77, 49, 46, 33, 14, 18, 0, 4, 6, 7, 0, 5, 24, 14, 31, 39, 37, 66, 74, 87, 107, 121, 127, 123, 122, 127, 127, 123, 116, 118, 110, 97, 89, 89, 79, 78, 69, 43, 40, 37, 30]","[16, 8, 9, 7, 17, 21, 38, 51, 91, 111, 97, 103, 119, 123, 127, 127, 127, 127, 114, 124, 123, 101, 94, 79, 80, 55, 58, 41, 44, 11, 8, 12, 3, 0, 0, 0, 4, 29, 38, 53, 66, 63, 72, 81, 98, 114, 112, 123, 122, 127, 127, 127, 119, 110, 85, 79, 76, 72, 77, 49, 46, 33, 14, 18, 0, 4, 6, 7, 0, 5, 24, 14, 31, 39, 37, 66, 74, 87, 107, 121, 127, 123, 122, 127, 127, 123, 116, 118, 110, 97, 89, 89, 79, 78, 69, 43, 40, 37, 30]"
In-Distribution,10,exact_guidance_u,174,0,100,99,"[129, 16, 8, 9, 7, 17, 21, 38, 51, 91, 111, 97, 103, 119, 123, 127, 127, 127, 127, 114, 124, 123, 101, 94, 79, 80, 55, 58, 41, 44, 11, 8, 12, 3, 0, 0, 0, 4, 29, 38, 53, 66, 63, 72, 81, 98, 114, 112, 123, 122, 127, 127, 127, 119, 110, 85, 79, 76, 72, 77, 49, 46, 33, 14, 18, 0, 4, 6, 7, 0, 5, 24, 14, 31, 39, 37, 66, 74, 87, 107, 121, 127, 123, 122, 127, 127, 123, 116, 118, 110, 97, 89, 89, 79, 78, 69, 43, 40, 37, 30]","[16, 8, 9, 7, 17, 21, 38, 51, 91, 111, 97, 103, 119, 123, 127, 127, 127, 127, 114, 124, 123, 101, 94, 79, 80, 55, 58, 41, 44, 11, 8, 12, 3, 0, 0, 0, 4, 29, 38, 53, 66, 63, 72, 81, 98, 114, 112, 123, 122, 127, 127, 127, 119, 110, 85, 79, 76, 72, 77, 49, 46, 33, 14, 18, 0, 4, 6, 7, 0, 5, 24, 14, 31, 39, 37, 66, 74, 87, 107, 121, 127, 123, 122, 127, 127, 123, 116, 118, 110, 97, 89, 89, 79, 78, 69, 43, 40, 37, 30]"
In-Distribution,10,exact_guidance_u,175,0,100,99,"[129, 16, 8, 9, 7, 17, 21, 38, 51, 91, 111, 97, 103, 119, 123, 127, 127, 127, 127, 114, 124, 123, 101, 94, 79, 80, 55, 58, 41, 44, 11, 8, 12, 3, 0, 0, 0, 4, 29, 38, 53, 66, 63, 72, 81, 98, 114, 112, 123, 122, 127, 127, 127, 119, 110, 85, 79, 76, 72, 77, 49, 46, 33, 14, 18, 0, 4, 6, 7, 0, 5, 24, 14, 31, 39, 37, 66, 74, 87, 107, 121, 127, 123, 122, 127, 127, 123, 116, 118, 110, 97, 89, 89, 79, 78, 69, 43, 40, 37, 30]","[16, 8, 9, 7, 17, 21, 38, 51, 91, 111, 97, 103, 119, 123, 127, 127, 127, 127, 114, 124, 123, 101, 94, 79, 80, 55, 58, 41, 44, 11, 8, 12, 3, 0, 0, 0, 4, 29, 38, 53, 66, 63, 72, 81, 98, 114, 112, 123, 122, 127, 127, 127, 119, 110, 85, 79, 76, 72, 77, 49, 46, 33, 14, 18, 0, 4, 6, 7, 0, 5, 24, 14, 31, 39, 37, 66, 74, 87, 107, 121, 127, 123, 122, 127, 127, 123, 116, 118, 110, 97, 89, 89, 79, 78, 69, 43, 40, 37, 30]"
In-Distribution,10,exact_guidance_u,176,0,100,99,"[129, 16, 8, 9, 7, 17, 21, 38, 51, 91, 111, 97, 103, 119, 123, 127, 127, 127, 127, 114, 124, 123, 101, 94, 79, 80, 55, 58, 41, 44, 11, 8, 12, 3, 0, 0, 0, 4, 29, 38, 53, 66, 63, 72, 81, 98, 114, 112, 123, 122, 127, 127, 127, 119, 110, 85, 79, 76, 72, 77, 49, 46, 33, 14, 18, 0, 4, 6, 7, 0, 5, 24, 14, 31, 39, 37, 66, 74, 87, 107, 121, 127, 123, 122, 127, 127, 123, 116, 118, 110, 97, 89, 89, 79, 78, 69, 43, 40, 37, 30]","[16, 8, 9, 7, 17, 21, 38, 51, 91, 111, 97, 103, 119, 123, 127, 127, 127, 127, 114, 124, 123, 101, 94, 79, 80, 55, 58, 41, 44, 11, 8, 12, 3, 0, 0, 0, 4, 29, 38, 53, 66, 63, 72, 81, 98, 114, 112, 123, 122, 127, 127, 127, 119, 110, 85, 79, 76, 72, 77, 49, 46, 33, 14, 18, 0, 4, 6, 7, 0, 5, 24, 14, 31, 39, 37, 66, 74, 87, 107, 121, 127, 123, 122, 127, 127, 123, 116, 118, 110, 97, 89, 89, 79, 78, 69, 43, 40, 37, 30]"
In-Distribution,10,exact_guidance_u,177,0,100,99,"[129, 16, 8, 9, 7, 17, 21, 38, 51, 91, 111, 97, 103, 119, 123, 127, 127, 127, 127, 114, 124, 123, 101, 94, 79, 80, 55, 58, 41, 44, 11, 8, 12, 3, 0, 0, 0, 4, 29, 38, 53, 66, 63, 72, 81, 98, 114, 112, 123, 122, 127, 127, 127, 119, 110, 85, 79, 76, 72, 77, 49, 46, 33, 14, 18, 0, 4, 6, 7, 0, 5, 24, 14, 31, 39, 37, 66, 74, 87, 107, 121, 127, 123, 122, 127, 127, 123, 116, 118, 110, 97, 89, 89, 79, 78, 69, 43, 40, 37, 30]","[16, 8, 9, 7, 17, 21, 38, 51, 91, 111, 97, 103, 119, 123, 127, 127, 127, 127, 114, 124, 123, 101, 94, 79, 80, 55, 58, 41, 44, 11, 8, 12, 3, 0, 0, 0, 4, 29, 38, 53, 66, 63, 72, 81, 98, 114, 112, 123, 122, 127, 127, 127, 119, 110, 85, 79, 76, 72, 77, 49, 46, 33, 14, 18, 0, 4, 6, 7, 0, 5, 24, 14, 31, 39, 37, 66, 74, 87, 107, 121, 127, 123, 122, 127, 127, 123, 116, 118, 110, 97, 89, 89, 79, 78, 69, 43, 40, 37, 30]"
In-Distribution,10,exact_guidance_u,178,0,100,99,"[129, 16, 8, 9, 7, 17, 21, 38, 51, 91, 111, 97, 103, 119, 123, 127, 127, 127, 127, 114, 124, 123, 101, 94, 79, 80, 55, 58, 41, 44, 11, 8, 12, 3, 0, 0, 0, 4, 29, 38, 53, 66, 63, 72, 81, 98, 114, 112, 123, 122, 127, 127, 127, 119, 110, 85, 79, 76, 72, 77, 49, 46, 33, 14, 18, 0, 4, 6, 7, 0, 5, 24, 14, 31, 39, 37, 66, 74, 87, 107, 121, 127, 123, 122, 127, 127, 123, 116, 118, 110, 97, 89, 89, 79, 78, 69, 43, 40, 37, 30]","[16, 8, 9, 7, 17, 21, 38, 51, 91, 111, 97, 103, 119, 123, 127, 127, 127, 127, 114, 124, 123, 101, 94, 79, 80, 55, 58, 41, 44, 11, 8, 12, 3, 0, 0, 0, 4, 29, 38, 53, 66, 63, 72, 81, 98, 114, 112, 123, 122, 127, 127, 127, 119, 110, 85, 79, 76, 72, 77, 49, 46, 33, 14, 18, 0, 4, 6, 7, 0, 5, 24, 14, 31, 39, 37, 66, 74, 87, 107, 121, 127, 123, 122, 127, 127, 123, 116, 118, 110, 97, 89, 89, 79, 78, 69, 43, 40, 37, 30]"
In-Distribution,10,exact_guidance_u,179,0,100,99,"[129, 16, 8, 9, 7, 17, 21, 38, 51, 91, 111, 97, 103, 119, 123, 127, 127, 127, 127, 114, 124, 123, 101, 94, 79, 80, 55, 58, 41, 44, 11, 8, 12, 3, 0, 0, 0, 4, 29, 38, 53, 66, 63, 72, 81, 98, 114, 112, 123, 122, 127, 127, 127, 119, 110, 85, 79, 76, 72, 77, 49, 46, 33, 14, 18, 0, 4, 6, 7, 0, 5, 24, 14, 31, 39, 37, 66, 74, 87, 107, 121, 127, 123, 122, 127, 127, 123, 116, 118, 110, 97, 89, 89, 79, 78, 69, 43, 40, 37, 30]","[16, 8, 9, 7, 17, 21, 38, 51, 91, 111, 97, 103, 119, 123, 127, 127, 127, 127, 114, 124, 123, 101, 94, 79, 80, 55, 58, 41, 44, 11, 8, 12, 3, 0, 0, 0, 4, 29, 38, 53, 66, 63, 72, 81, 98, 114, 112, 123, 122, 127, 127, 127, 119, 110, 85, 79, 76, 72, 77, 49, 46, 33, 14, 18, 0, 4, 6, 7, 0, 5, 24, 14, 31, 39, 37, 66, 74, 87, 107, 121, 127, 123, 122, 127, 127, 123, 116, 118, 110, 97, 89, 89, 79, 78, 69, 43, 40, 37, 30]"
In-Distribution,10,exact_guidance_u,180,0,100,99,"[129, 16, 8, 9, 7, 17, 21, 38, 51, 91, 111, 97, 103, 119, 123, 127, 127, 127, 127, 114, 124, 123, 101, 94, 79, 80, 55, 58, 41, 44, 11, 8, 12, 3, 0, 0, 0, 4, 29, 38, 53, 66, 63, 72, 81, 98, 114, 112, 123, 122, 127, 127, 127, 119, 110, 85, 79, 76, 72, 77, 49, 46, 33, 14, 18, 0, 4, 6, 7, 0, 5, 24, 14, 31, 39, 37, 66, 74, 87, 107, 121, 127, 123, 122, 127, 127, 123, 116, 118, 110, 97, 89, 89, 79, 78, 69, 43, 40, 37, 30]","[16, 8, 9, 7, 17, 21, 38, 51, 91, 111, 97, 103, 119, 123, 127, 127, 127, 127, 114, 124, 123, 101, 94, 79, 80, 55, 58, 41, 44, 11, 8, 12, 3, 0, 0, 0, 4, 29, 38, 53, 66, 63, 72, 81, 98, 114, 112, 123, 122, 127, 127, 127, 119, 110, 85, 79, 76, 72, 77, 49, 46, 33, 14, 18, 0, 4, 6, 7, 0, 5, 24, 14, 31, 39, 37, 66, 74, 87, 107, 121, 127, 123, 122, 127, 127, 123, 116, 118, 110, 97, 89, 89, 79, 78, 69, 43, 40, 37, 30]"
In-Distribution,10,exact_guidance_u,181,0,100,99,"[129, 16, 8, 9, 7, 17, 21, 38, 51, 91, 111, 97, 103, 119, 123, 127, 127, 127, 127, 114, 124, 123, 101, 94, 79, 80, 55, 58, 41, 44, 11, 8, 12, 3, 0, 0, 0, 4, 29, 38, 53, 66, 63, 72, 81, 98, 114, 112, 123, 122, 127, 127, 127, 119, 110, 85, 79, 76, 72, 77, 49, 46, 33, 14, 18, 0, 4, 6, 7, 0, 5, 24, 14, 31, 39, 37, 66, 74, 87, 107, 121, 127, 123, 122, 127, 127, 123, 116, 118, 110, 97, 89, 89, 79, 78, 69, 43, 40, 37, 30]","[16, 8, 9, 7, 17, 21, 38, 51, 91, 111, 97, 103, 119, 123, 127, 127, 127, 127, 114, 124, 123, 101, 94, 79, 80, 55, 58, 41, 44, 11, 8, 12, 3, 0, 0, 0, 4, 29, 38, 53, 66, 63, 72, 81, 98, 114, 112, 123, 122, 127, 127, 127, 119, 110, 85, 79, 76, 72, 77, 49, 46, 33, 14, 18, 0, 4, 6, 7, 0, 5, 24, 14, 31, 39, 37, 66, 74, 87, 107, 121, 127, 123, 122, 127, 127, 123, 116, 118, 110, 97, 89, 89, 79, 78, 69, 43, 40, 37, 30]"
In-Distribution,10,exact_guidance_u,182,0,100,99,"[129, 16, 8, 9, 7, 17, 21, 38, 51, 91, 111, 97, 103, 119, 123, 127, 127, 127, 127, 114, 124, 123, 101, 94, 79, 80, 55, 58, 41, 44, 11, 8, 12, 3, 0, 0, 0, 4, 29, 38, 53, 66, 63, 72, 81, 98, 114, 112, 123, 122, 127, 127, 127, 119, 110, 85, 79, 76, 72, 77, 49, 46, 33, 14, 18, 0, 4, 6, 7, 0, 5, 24, 14, 31, 39, 37, 66, 74, 87, 107, 121, 127, 123, 122, 127, 127, 123, 116, 118, 110, 97, 89, 89, 79, 78, 69, 43, 40, 37, 30]","[16, 8, 9, 7, 17, 21, 38, 51, 91, 111, 97, 103, 119, 123, 127, 127, 127, 127, 114, 124, 123, 101, 94, 79, 80, 55, 58, 41, 44, 11, 8, 12, 3, 0, 0, 0, 4, 29, 38, 53, 66, 63, 72, 81, 98, 114, 112, 123, 122, 127, 127, 127, 119, 110, 85, 79, 76, 72, 77, 49, 46, 33, 14, 18, 0, 4, 6, 7, 0, 5, 24, 14, 31, 39, 37, 66, 74, 87, 107, 121, 127, 123, 122, 127, 127, 123, 116, 118, 110, 97, 89, 89, 79, 78, 69, 43, 40, 37, 30]"
In-Distribution,10,exact_guidance_u,183,0,100,99,"[129, 16, 8, 9, 7, 17, 21, 38, 51, 91, 111, 97, 103, 119, 123, 127, 127, 127, 127, 114, 124, 123, 101, 94, 79, 80, 55, 58, 41, 44, 11, 8, 12, 3, 0, 0, 0, 4, 29, 38, 53, 66, 63, 72, 81, 98, 114, 112, 123, 122, 127, 127, 127, 119, 110, 85, 79, 76, 72, 77, 49, 46, 33, 14, 18, 0, 4, 6, 7, 0, 5, 24, 14, 31, 39, 37, 66, 74, 87, 107, 121, 127, 123, 122, 127, 127, 123, 116, 118, 110, 97, 89, 89, 79, 78, 69, 43, 40, 37, 30]","[16, 8, 9, 7, 17, 21, 38, 51, 91, 111, 97, 103, 119, 123, 127, 127, 127, 127, 114, 124, 123, 101, 94, 79, 80, 55, 58, 41, 44, 11, 8, 12, 3, 0, 0, 0, 4, 29, 38, 53, 66, 63, 72, 81, 98, 114, 112, 123, 122, 127, 127, 127, 119, 110, 85, 79, 76, 72, 77, 49, 46, 33, 14, 18, 0, 4, 6, 7, 0, 5, 24, 14, 31, 39, 37, 66, 74, 87, 107, 121, 127, 123, 122, 127, 127, 123, 116, 118, 110, 97, 89, 89, 79, 78, 69, 43, 40, 37, 30]"
In-Distribution,10,exact_guidance_u,184,0,100,99,"[129, 16, 8, 9, 7, 17, 21, 38, 51, 91, 111, 97, 103, 119, 123, 127, 127, 127, 127, 114, 124, 123, 101, 94, 79, 80, 55, 58, 41, 44, 11, 8, 12, 3, 0, 0, 0, 4, 29, 38, 53, 66, 63, 72, 81, 98, 114, 112, 123, 122, 127, 127, 127, 119, 110, 85, 79, 76, 72, 77, 49, 46, 33, 14, 18, 0, 4, 6, 7, 0, 5, 24, 14, 31, 39, 37, 66, 74, 87, 107, 121, 127, 123, 122, 127, 127, 123, 116, 118, 110, 97, 89, 89, 79, 78, 69, 43, 40, 37, 30]","[16, 8, 9, 7, 17, 21, 38, 51, 91, 111, 97, 103, 119, 123, 127, 127, 127, 127, 114, 124, 123, 101, 94, 79, 80, 55, 58, 41, 44, 11, 8, 12, 3, 0, 0, 0, 4, 29, 38, 53, 66, 63, 72, 81, 98, 114, 112, 123, 122, 127, 127, 127, 119, 110, 85, 79, 76, 72, 77, 49, 46, 33, 14, 18, 0, 4, 6, 7, 0, 5, 24, 14, 31, 39, 37, 66, 74, 87, 107, 121, 127, 123, 122, 127, 127, 123, 116, 118, 110, 97, 89, 89, 79, 78, 69, 43, 40, 37, 30]"
In-Distribution,10,exact_guidance_u,185,0,101,100,"[129, 16, 8, 9, 7, 17, 21, 38, 51, 91, 111, 97, 103, 119, 123, 127, 127, 127, 127, 114, 124, 123, 101, 94, 79, 80, 55, 58, 41, 44, 11, 8, 12, 3, 0, 0, 0, 4, 29, 38, 53, 66, 63, 72, 81, 98, 114, 112, 123, 122, 127, 127, 127, 119, 110, 85, 79, 76, 72, 77, 49, 46, 33, 14, 18, 0, 4, 6, 7, 0, 5, 24, 14, 31, 39, 37, 66, 74, 87, 107, 121, 127, 123, 122, 127, 127, 123, 116, 118, 118, 110, 97, 89, 89, 79, 78, 69, 43, 40, 37, 30]","[16, 8, 9, 7, 17, 21, 38, 51, 91, 111, 97, 103, 119, 123, 127, 127, 127, 127, 114, 124, 123, 101, 94, 79, 80, 55, 58, 41, 44, 11, 8, 12, 3, 0, 0, 0, 4, 29, 38, 53, 66, 63, 72, 81, 98, 114, 112, 123, 122, 127, 127, 127, 119, 110, 85, 79, 76, 72, 77, 49, 46, 33, 14, 18, 0, 4, 6, 7, 0, 5, 24, 14, 31, 39, 37, 66, 74, 87, 107, 121, 127, 123, 122, 127, 127, 123, 116, 118, 118, 110, 97, 89, 89, 79, 78, 69, 43, 40, 37, 30]"
In-Distribution,10,exact_guidance_u,186,0,101,100,"[129, 16, 8, 9, 7, 17, 21, 38, 51, 91, 111, 97, 103, 119, 123, 127, 127, 127, 127, 114, 124, 123, 101, 94, 79, 80, 55, 58, 41, 44, 11, 8, 12, 3, 0, 0, 0, 4, 29, 38, 53, 66, 63, 72, 81, 98, 114, 112, 123, 122, 127, 127, 127, 119, 110, 85, 79, 76, 72, 77, 49, 46, 33, 14, 18, 0, 4, 6, 7, 0, 5, 24, 14, 31, 39, 37, 66, 74, 87, 107, 121, 127, 123, 122, 127, 127, 123, 116, 118, 118, 110, 97, 89, 89, 79, 78, 69, 43, 40, 37, 30]","[16, 8, 9, 7, 17, 21, 38, 51, 91, 111, 97, 103, 119, 123, 127, 127, 127, 127, 114, 124, 123, 101, 94, 79, 80, 55, 58, 41, 44, 11, 8, 12, 3, 0, 0, 0, 4, 29, 38, 53, 66, 63, 72, 81, 98, 114, 112, 123, 122, 127, 127, 127, 119, 110, 85, 79, 76, 72, 77, 49, 46, 33, 14, 18, 0, 4, 6, 7, 0, 5, 24, 14, 31, 39, 37, 66, 74, 87, 107, 121, 127, 123, 122, 127, 127, 123, 116, 118, 118, 110, 97, 89, 89, 79, 78, 69, 43, 40, 37, 30]"
In-Distribution,10,exact_guidance_u,187,0,101,100,"[129, 16, 8, 9, 7, 17, 21, 38, 51, 91, 111, 97, 103, 119, 123, 127, 127, 127, 127, 114, 124, 123, 101, 94, 79, 80, 55, 58, 41, 44, 11, 8, 12, 3, 0, 0, 0, 4, 29, 38, 53, 66, 63, 72, 81, 98, 114, 112, 123, 122, 127, 127, 127, 119, 110, 85, 79, 76, 72, 77, 49, 46, 33, 14, 18, 0, 4, 6, 7, 0, 5, 24, 14, 31, 39, 37, 66, 74, 87, 107, 121, 127, 123, 122, 127, 127, 123, 116, 118, 118, 110, 97, 89, 89, 79, 78, 69, 43, 40, 37, 30]","[16, 8, 9, 7, 17, 21, 38, 51, 91, 111, 97, 103, 119, 123, 127, 127, 127, 127, 114, 124, 123, 101, 94, 79, 80, 55, 58, 41, 44, 11, 8, 12, 3, 0, 0, 0, 4, 29, 38, 53, 66, 63, 72, 81, 98, 114, 112, 123, 122, 127, 127, 127, 119, 110, 85, 79, 76, 72, 77, 49, 46, 33, 14, 18, 0, 4, 6, 7, 0, 5, 24, 14, 31, 39, 37, 66, 74, 87, 107, 121, 127, 123, 122, 127, 127, 123, 116, 118, 118, 110, 97, 89, 89, 79, 78, 69, 43, 40, 37, 30]"
In-Distribution,10,exact_guidance_u,188,0,101,100,"[129, 16, 8, 9, 7, 17, 21, 38, 51, 91, 111, 97, 103, 119, 123, 127, 127, 127, 127, 114, 124, 123, 101, 94, 79, 80, 55, 58, 41, 44, 11, 8, 12, 3, 0, 0, 0, 4, 29, 38, 53, 66, 63, 72, 81, 98, 114, 112, 123, 122, 127, 127, 127, 119, 110, 85, 79, 76, 72, 77, 49, 46, 33, 14, 18, 0, 4, 6, 7, 0, 5, 24, 14, 31, 39, 37, 66, 74, 87, 107, 121, 127, 123, 122, 127, 127, 123, 116, 118, 118, 110, 97, 89, 89, 79, 78, 69, 43, 40, 37, 30]","[16, 8, 9, 7, 17, 21, 38, 51, 91, 111, 97, 103, 119, 123, 127, 127, 127, 127, 114, 124, 123, 101, 94, 79, 80, 55, 58, 41, 44, 11, 8, 12, 3, 0, 0, 0, 4, 29, 38, 53, 66, 63, 72, 81, 98, 114, 112, 123, 122, 127, 127, 127, 119, 110, 85, 79, 76, 72, 77, 49, 46, 33, 14, 18, 0, 4, 6, 7, 0, 5, 24, 14, 31, 39, 37, 66, 74, 87, 107, 121, 127, 123, 122, 127, 127, 123, 116, 118, 118, 110, 97, 89, 89, 79, 78, 69, 43, 40, 37, 30]"
In-Distribution,10,exact_guidance_u,189,0,101,100,"[129, 16, 8, 9, 7, 17, 21, 38, 51, 91, 111, 97, 103, 119, 123, 127, 127, 127, 127, 114, 124, 123, 101, 94, 79, 80, 55, 58, 41, 44, 11, 8, 12, 3, 0, 0, 0, 4, 29, 38, 53, 66, 63, 72, 81, 98, 114, 112, 123, 122, 127, 127, 127, 119, 110, 85, 79, 76, 72, 77, 49, 46, 33, 14, 18, 0, 4, 6, 7, 0, 5, 24, 14, 31, 39, 37, 66, 74, 87, 107, 121, 127, 123, 122, 127, 127, 123, 116, 118, 118, 110, 97, 89, 89, 79, 78, 69, 43, 40, 37, 30]","[16, 8, 9, 7, 17, 21, 38, 51, 91, 111, 97, 103, 119, 123, 127, 127, 127, 127, 114, 124, 123, 101, 94, 79, 80, 55, 58, 41, 44, 11, 8, 12, 3, 0, 0, 0, 4, 29, 38, 53, 66, 63, 72, 81, 98, 114, 112, 123, 122, 127, 127, 127, 119, 110, 85, 79, 76, 72, 77, 49, 46, 33, 14, 18, 0, 4, 6, 7, 0, 5, 24, 14, 31, 39, 37, 66, 74, 87, 107, 121, 127, 123, 122, 127, 127, 123, 116, 118, 118, 110, 97, 89, 89, 79, 78, 69, 43, 40, 37, 30]"
In-Distribution,10,exact_guidance_u,190,0,101,100,"[129, 16, 8, 9, 7, 17, 21, 38, 51, 91, 111, 97, 103, 119, 123, 127, 127, 127, 127, 114, 124, 123, 101, 94, 79, 80, 55, 58, 41, 44, 11, 8, 12, 3, 0, 0, 0, 4, 29, 38, 53, 66, 63, 72, 81, 98, 114, 112, 123, 122, 127, 127, 127, 119, 110, 85, 79, 76, 72, 77, 49, 46, 33, 14, 18, 0, 4, 6, 7, 0, 5, 24, 14, 31, 39, 37, 66, 74, 87, 107, 121, 127, 123, 122, 127, 127, 123, 116, 118, 118, 110, 97, 89, 89, 79, 78, 69, 43, 40, 37, 30]","[16, 8, 9, 7, 17, 21, 38, 51, 91, 111, 97, 103, 119, 123, 127, 127, 127, 127, 114, 124, 123, 101, 94, 79, 80, 55, 58, 41, 44, 11, 8, 12, 3, 0, 0, 0, 4, 29, 38, 53, 66, 63, 72, 81, 98, 114, 112, 123, 122, 127, 127, 127, 119, 110, 85, 79, 76, 72, 77, 49, 46, 33, 14, 18, 0, 4, 6, 7, 0, 5, 24, 14, 31, 39, 37, 66, 74, 87, 107, 121, 127, 123, 122, 127, 127, 123, 116, 118, 118, 110, 97, 89, 89, 79, 78, 69, 43, 40, 37, 30]"
In-Distribution,10,exact_guidance_u,191,0,101,100,"[129, 16, 8, 9, 7, 17, 21, 38, 51, 91, 111, 97, 103, 119, 123, 127, 127, 127, 127, 114, 124, 123, 101, 94, 79, 80, 55, 58, 41, 44, 11, 8, 12, 3, 0, 0, 0, 4, 29, 38, 53, 66, 63, 72, 81, 98, 114, 112, 123, 122, 127, 127, 127, 119, 110, 85, 79, 76, 72, 77, 49, 46, 33, 14, 18, 0, 4, 6, 7, 0, 5, 24, 14, 31, 39, 37, 66, 74, 87, 107, 121, 127, 123, 122, 127, 127, 123, 116, 118, 118, 110, 97, 89, 89, 79, 78, 69, 43, 40, 37, 30]","[16, 8, 9, 7, 17, 21, 38, 51, 91, 111, 97, 103, 119, 123, 127, 127, 127, 127, 114, 124, 123, 101, 94, 79, 80, 55, 58, 41, 44, 11, 8, 12, 3, 0, 0, 0, 4, 29, 38, 53, 66, 63, 72, 81, 98, 114, 112, 123, 122, 127, 127, 127, 119, 110, 85, 79, 76, 72, 77, 49, 46, 33, 14, 18, 0, 4, 6, 7, 0, 5, 24, 14, 31, 39, 37, 66, 74, 87, 107, 121, 127, 123, 122, 127, 127, 123, 116, 118, 118, 110, 97, 89, 89, 79, 78, 69, 43, 40, 37, 30]"
In-Distribution,10,exact_guidance_u,192,0,101,100,"[129, 16, 8, 9, 7, 17, 21, 38, 51, 91, 111, 97, 103, 119, 123, 127, 127, 127, 127, 114, 124, 123, 101, 94, 79, 80, 55, 58, 41, 44, 11, 8, 12, 3, 0, 0, 0, 4, 29, 38, 53, 66, 63, 72, 81, 98, 114, 112, 123, 122, 127, 127, 127, 119, 110, 85, 79, 76, 72, 77, 49, 46, 33, 14, 18, 0, 4, 6, 7, 0, 5, 24, 14, 31, 39, 37, 66, 74, 87, 107, 121, 127, 123, 122, 127, 127, 123, 116, 118, 118, 110, 97, 89, 89, 79, 78, 69, 43, 40, 37, 30]","[16, 8, 9, 7, 17, 21, 38, 51, 91, 111, 97, 103, 119, 123, 127, 127, 127, 127, 114, 124, 123, 101, 94, 79, 80, 55, 58, 41, 44, 11, 8, 12, 3, 0, 0, 0, 4, 29, 38, 53, 66, 63, 72, 81, 98, 114, 112, 123, 122, 127, 127, 127, 119, 110, 85, 79, 76, 72, 77, 49, 46, 33, 14, 18, 0, 4, 6, 7, 0, 5, 24, 14, 31, 39, 37, 66, 74, 87, 107, 121, 127, 123, 122, 127, 127, 123, 116, 118, 118, 110, 97, 89, 89, 79, 78, 69, 43, 40, 37, 30]"
In-Distribution,10,exact_guidance_u,193,0,102,101,"[129, 16, 8, 9, 7, 17, 21, 38, 51, 91, 111, 97, 103, 119, 123, 127, 127, 127, 127, 114, 124, 123, 101, 94, 79, 80, 55, 58, 41, 44, 11, 6, 8, 12, 3, 0, 0, 0, 4, 29, 38, 53, 66, 63, 72, 81, 98, 114, 112, 123, 122, 127, 127, 127, 119, 110, 85, 79, 76, 72, 77, 49, 46, 33, 14, 18, 0, 4, 6, 7, 0, 5, 24, 14, 31, 39, 37, 66, 74, 87, 107, 121, 127, 123, 122, 127, 127, 123, 116, 118, 118, 110, 97, 89, 89, 79, 78, 69, 43, 40, 37, 30]","[16, 8, 9, 7, 17, 21, 38, 51, 91, 111, 97, 103, 119, 123, 127, 127, 127, 127, 114, 124, 123, 101, 94, 79, 80, 55, 58, 41, 44, 11, 6, 8, 12, 3, 0, 0, 0, 4, 29, 38, 53, 66, 63, 72, 81, 98, 114, 112, 123, 122, 127, 127, 127, 119, 110, 85, 79, 76, 72, 77, 49, 46, 33, 14, 18, 0, 4, 6, 7, 0, 5, 24, 14, 31, 39, 37, 66, 74, 87, 107, 121, 127, 123, 122, 127, 127, 123, 116, 118, 118, 110, 97, 89, 89, 79, 78, 69, 43, 40, 37, 30]"
In-Distribution,10,exact_guidance_u,194,0,102,101,"[129, 16, 8, 9, 7, 17, 21, 38, 51, 91, 111, 97, 103, 119, 123, 127, 127, 127, 127, 114, 124, 123, 101, 94, 79, 80, 55, 58, 41, 44, 11, 6, 8, 12, 3, 0, 0, 0, 4, 29, 38, 53, 66, 63, 72, 81, 98, 114, 112, 123, 122, 127, 127, 127, 119, 110, 85, 79, 76, 72, 77, 49, 46, 33, 14, 18, 0, 4, 6, 7, 0, 5, 24, 14, 31, 39, 37, 66, 74, 87, 107, 121, 127, 123, 122, 127, 127, 123, 116, 118, 118, 110, 97, 89, 89, 79, 78, 69, 43, 40, 37, 30]","[16, 8, 9, 7, 17, 21, 38, 51, 91, 111, 97, 103, 119, 123, 127, 127, 127, 127, 114, 124, 123, 101, 94, 79, 80, 55, 58, 41, 44, 11, 6, 8, 12, 3, 0, 0, 0, 4, 29, 38, 53, 66, 63, 72, 81, 98, 114, 112, 123, 122, 127, 127, 127, 119, 110, 85, 79, 76, 72, 77, 49, 46, 33, 14, 18, 0, 4, 6, 7, 0, 5, 24, 14, 31, 39, 37, 66, 74, 87, 107, 121, 127, 123, 122, 127, 127, 123, 116, 118, 118, 110, 97, 89, 89, 79, 78, 69, 43, 40, 37, 30]"
In-Distribution,10,exact_guidance_u,195,0,102,101,"[129, 16, 8, 9, 7, 17, 21, 38, 51, 91, 111, 97, 103, 119, 123, 127, 127, 127, 127, 114, 124, 123, 101, 94, 79, 80, 55, 58, 41, 44, 11, 6, 8, 12, 3, 0, 0, 0, 4, 29, 38, 53, 66, 63, 72, 81, 98, 114, 112, 123, 122, 127, 127, 127, 119, 110, 85, 79, 76, 72, 77, 49, 46, 33, 14, 18, 0, 4, 6, 7, 0, 5, 24, 14, 31, 39, 37, 66, 74, 87, 107, 121, 127, 123, 122, 127, 127, 123, 116, 118, 118, 110, 97, 89, 89, 79, 78, 69, 43, 40, 37, 30]","[16, 8, 9, 7, 17, 21, 38, 51, 91, 111, 97, 103, 119, 123, 127, 127, 127, 127, 114, 124, 123, 101, 94, 79, 80, 55, 58, 41, 44, 11, 6, 8, 12, 3, 0, 0, 0, 4, 29, 38, 53, 66, 63, 72, 81, 98, 114, 112, 123, 122, 127, 127, 127, 119, 110, 85, 79, 76, 72, 77, 49, 46, 33, 14, 18, 0, 4, 6, 7, 0, 5, 24, 14, 31, 39, 37, 66, 74, 87, 107, 121, 127, 123, 122, 127, 127, 123, 116, 118, 118, 110, 97, 89, 89, 79, 78, 69, 43, 40, 37, 30]"
In-Distribution,10,exact_guidance_u,196,0,102,101,"[129, 16, 8, 9, 7, 17, 21, 38, 51, 91, 111, 97, 103, 119, 123, 127, 127, 127, 127, 114, 124, 123, 101, 94, 79, 80, 55, 58, 41, 44, 11, 6, 8, 12, 3, 0, 0, 0, 4, 29, 38, 53, 66, 63, 72, 81, 98, 114, 112, 123, 122, 127, 127, 127, 119, 110, 85, 79, 76, 72, 77, 49, 46, 33, 14, 18, 0, 4, 6, 7, 0, 5, 24, 14, 31, 39, 37, 66, 74, 87, 107, 121, 127, 123, 122, 127, 127, 123, 116, 118, 118, 110, 97, 89, 89, 79, 78, 69, 43, 40, 37, 30]","[16, 8, 9, 7, 17, 21, 38, 51, 91, 111, 97, 103, 119, 123, 127, 127, 127, 127, 114, 124, 123, 101, 94, 79, 80, 55, 58, 41, 44, 11, 6, 8, 12, 3, 0, 0, 0, 4, 29, 38, 53, 66, 63, 72, 81, 98, 114, 112, 123, 122, 127, 127, 127, 119, 110, 85, 79, 76, 72, 77, 49, 46, 33, 14, 18, 0, 4, 6, 7, 0, 5, 24, 14, 31, 39, 37, 66, 74, 87, 107, 121, 127, 123, 122, 127, 127, 123, 116, 118, 118, 110, 97, 89, 89, 79, 78, 69, 43, 40, 37, 30]"
In-Distribution,10,exact_guidance_u,197,0,102,101,"[129, 16, 8, 9, 7, 17, 21, 38, 51, 91, 111, 97, 103, 119, 123, 127, 127, 127, 127, 114, 124, 123, 101, 94, 79, 80, 55, 58, 41, 44, 11, 6, 8, 12, 3, 0, 0, 0, 4, 29, 38, 53, 66, 63, 72, 81, 98, 114, 112, 123, 122, 127, 127, 127, 119, 110, 85, 79, 76, 72, 77, 49, 46, 33, 14, 18, 0, 4, 6, 7, 0, 5, 24, 14, 31, 39, 37, 66, 74, 87, 107, 121, 127, 123, 122, 127, 127, 123, 116, 118, 118, 110, 97, 89, 89, 79, 78, 69, 43, 40, 37, 30]","[16, 8, 9, 7, 17, 21, 38, 51, 91, 111, 97, 103, 119, 123, 127, 127, 127, 127, 114, 124, 123, 101, 94, 79, 80, 55, 58, 41, 44, 11, 6, 8, 12, 3, 0, 0, 0, 4, 29, 38, 53, 66, 63, 72, 81, 98, 114, 112, 123, 122, 127, 127, 127, 119, 110, 85, 79, 76, 72, 77, 49, 46, 33, 14, 18, 0, 4, 6, 7, 0, 5, 24, 14, 31, 39, 37, 66, 74, 87, 107, 121, 127, 123, 122, 127, 127, 123, 116, 118, 118, 110, 97, 89, 89, 79, 78, 69, 43, 40, 37, 30]"
In-Distribution,10,exact_guidance_u,198,0,103,102,"[129, 16, 8, 9, 7, 17, 21, 38, 51, 91, 111, 97, 103, 119, 123, 127, 127, 127, 127, 114, 124, 123, 101, 94, 79, 80, 55, 58, 41, 44, 11, 6, 8, 12, 3, 0, 0, 0, 4, 29, 38, 53, 66, 63, 72, 81, 98, 98, 114, 112, 123, 122, 127, 127, 127, 119, 110, 85, 79, 76, 72, 77, 49, 46, 33, 14, 18, 0, 4, 6, 7, 0, 5, 24, 14, 31, 39, 37, 66, 74, 87, 107, 121, 127, 123, 122, 127, 127, 123, 116, 118, 118, 110, 97, 89, 89, 79, 78, 69, 43, 40, 37, 30]","[16, 8, 9, 7, 17, 21, 38, 51, 91, 111, 97, 103, 119, 123, 127, 127, 127, 127, 114, 124, 123, 101, 94, 79, 80, 55, 58, 41, 44, 11, 6, 8, 12, 3, 0, 0, 0, 4, 29, 38, 53, 66, 63, 72, 81, 98, 98, 114, 112, 123, 122, 127, 127, 127, 119, 110, 85, 79, 76, 72, 77, 49, 46, 33, 14, 18, 0, 4, 6, 7, 0, 5, 24, 14, 31, 39, 37, 66, 74, 87, 107, 121, 127, 123, 122, 127, 127, 123, 116, 118, 118, 110, 97, 89, 89, 79, 78, 69, 43, 40, 37, 30]"
In-Distribution,10,exact_guidance_u,199,0,103,102,"[129, 16, 8, 9, 7, 17, 21, 38, 51, 91, 111, 97, 103, 119, 123, 127, 127, 127, 127, 114, 124, 123, 101, 94, 79, 80, 55, 58, 41, 44, 11, 6, 8, 12, 3, 0, 0, 0, 4, 29, 38, 53, 66, 63, 72, 81, 98, 98, 114, 112, 123, 122, 127, 127, 127, 119, 110, 85, 79, 76, 72, 77, 49, 46, 33, 14, 18, 0, 4, 6, 7, 0, 5, 24, 14, 31, 39, 37, 66, 74, 87, 107, 121, 127, 123, 122, 127, 127, 123, 116, 118, 118, 110, 97, 89, 89, 79, 78, 69, 43, 40, 37, 30]","[16, 8, 9, 7, 17, 21, 38, 51, 91, 111, 97, 103, 119, 123, 127, 127, 127, 127, 114, 124, 123, 101, 94, 79, 80, 55, 58, 41, 44, 11, 6, 8, 12, 3, 0, 0, 0, 4, 29, 38, 53, 66, 63, 72, 81, 98, 98, 114, 112, 123, 122, 127, 127, 127, 119, 110, 85, 79, 76, 72, 77, 49, 46, 33, 14, 18, 0, 4, 6, 7, 0, 5, 24, 14, 31, 39, 37, 66, 74, 87, 107, 121, 127, 123, 122, 127, 127, 123, 116, 118, 118, 110, 97, 89, 89, 79, 78, 69, 43, 40, 37, 30]"
In-Distribution,10,exact_guidance_u,200,0,103,102,"[129, 16, 8, 9, 7, 17, 21, 38, 51, 91, 111, 97, 103, 119, 123, 127, 127, 127, 127, 114, 124, 123, 101, 94, 79, 80, 55, 58, 41, 44, 11, 6, 8, 12, 3, 0, 0, 0, 4, 29, 38, 53, 66, 63, 72, 81, 98, 98, 114, 112, 123, 122, 127, 127, 127, 119, 110, 85, 79, 76, 72, 77, 49, 46, 33, 14, 18, 0, 4, 6, 7, 0, 5, 24, 14, 31, 39, 37, 66, 74, 87, 107, 121, 127, 123, 122, 127, 127, 123, 116, 118, 118, 110, 97, 89, 89, 79, 78, 69, 43, 40, 37, 30]","[16, 8, 9, 7, 17, 21, 38, 51, 91, 111, 97, 103, 119, 123, 127, 127, 127, 127, 114, 124, 123, 101, 94, 79, 80, 55, 58, 41, 44, 11, 6, 8, 12, 3, 0, 0, 0, 4, 29, 38, 53, 66, 63, 72, 81, 98, 98, 114, 112, 123, 122, 127, 127, 127, 119, 110, 85, 79, 76, 72, 77, 49, 46, 33, 14, 18, 0, 4, 6, 7, 0, 5, 24, 14, 31, 39, 37, 66, 74, 87, 107, 121, 127, 123, 122, 127, 127, 123, 116, 118, 118, 110, 97, 89, 89, 79, 78, 69, 43, 40, 37, 30]"
In-Distribution,10,exact_guidance_u,201,0,104,103,"[129, 16, 8, 9, 7, 17, 21, 38, 51, 91, 111, 97, 103, 119, 123, 127, 127, 127, 127, 114, 124, 123, 101, 94, 79, 80, 55, 58, 41, 44, 11, 6, 8, 12, 3, 0, 0, 0, 4, 29, 38, 53, 66, 63, 72, 81, 98, 98, 114, 112, 123, 122, 127, 127, 127, 119, 110, 85, 79, 76, 72, 77, 49, 46, 33, 14, 18, 0, 4, 6, 7, 0, 5, 24, 14, 31, 39, 37, 66, 65, 74, 87, 107, 121, 127, 123, 122, 127, 127, 123, 116, 118, 118, 110, 97, 89, 89, 79, 78, 69, 43, 40, 37, 30]","[16, 8, 9, 7, 17, 21, 38, 51, 91, 111, 97, 103, 119, 123, 127, 127, 127, 127, 114, 124, 123, 101, 94, 79, 80, 55, 58, 41, 44, 11, 6, 8, 12, 3, 0, 0, 0, 4, 29, 38, 53, 66, 63, 72, 81, 98, 98, 114, 112, 123, 122, 127, 127, 127, 119, 110, 85, 79, 76, 72, 77, 49, 46, 33, 14, 18, 0, 4, 6, 7, 0, 5, 24, 14, 31, 39, 37, 66, 65, 74, 87, 107, 121, 127, 123, 122, 127, 127, 123, 116, 118, 118, 110, 97, 89, 89, 79, 78, 69, 43, 40, 37, 30]"
In-Distribution,10,exact_guidance_u,202,0,104,103,"[129, 16, 8, 9, 7, 17, 21, 38, 51, 91, 111, 97, 103, 119, 123, 127, 127, 127, 127, 114, 124, 123, 101, 94, 79, 80, 55, 58, 41, 44, 11, 6, 8, 12, 3, 0, 0, 0, 4, 29, 38, 53, 66, 63, 72, 81, 98, 98, 114, 112, 123, 122, 127, 127, 127, 119, 110, 85, 79, 76, 72, 77, 49, 46, 33, 14, 18, 0, 4, 6, 7, 0, 5, 24, 14, 31, 39, 37, 66, 65, 74, 87, 107, 121, 127, 123, 122, 127, 127, 123, 116, 118, 118, 110, 97, 89, 89, 79, 78, 69, 43, 40, 37, 30]","[16, 8, 9, 7, 17, 21, 38, 51, 91, 111, 97, 103, 119, 123, 127, 127, 127, 127, 114, 124, 123, 101, 94, 79, 80, 55, 58, 41, 44, 11, 6, 8, 12, 3, 0, 0, 0, 4, 29, 38, 53, 66, 63, 72, 81, 98, 98, 114, 112, 123, 122, 127, 127, 127, 119, 110, 85, 79, 76, 72, 77, 49, 46, 33, 14, 18, 0, 4, 6, 7, 0, 5, 24, 14, 31, 39, 37, 66, 65, 74, 87, 107, 121, 127, 123, 122, 127, 127, 123, 116, 118, 118, 110, 97, 89, 89, 79, 78, 69, 43, 40, 37, 30]"
In-Distribution,10,exact_guidance_u,203,0,105,104,"[129, 16, 8, 9, 7, 17, 21, 38, 51, 91, 111, 97, 103, 119, 123, 127, 127, 127, 127, 114, 124, 123, 101, 94, 79, 80, 55, 58, 41, 44, 11, 6, 8, 12, 3, 0, 0, 0, 4, 29, 38, 53, 66, 63, 72, 81, 98, 98, 114, 112, 123, 122, 127, 127, 127, 119, 110, 85, 79, 76, 72, 77, 49, 46, 33, 14, 18, 0, 4, 6, 7, 0, 5, 24, 14, 31, 25, 39, 37, 66, 65, 74, 87, 107, 121, 127, 123, 122, 127, 127, 123, 116, 118, 118, 110, 97, 89, 89, 79, 78, 69, 43, 40, 37, 30]","[16, 8, 9, 7, 17, 21, 38, 51, 91, 111, 97, 103, 119, 123, 127, 127, 127, 127, 114, 124, 123, 101, 94, 79, 80, 55, 58, 41, 44, 11, 6, 8, 12, 3, 0, 0, 0, 4, 29, 38, 53, 66, 63, 72, 81, 98, 98, 114, 112, 123, 122, 127, 127, 127, 119, 110, 85, 79, 76, 72, 77, 49, 46, 33, 14, 18, 0, 4, 6, 7, 0, 5, 24, 14, 31, 25, 39, 37, 66, 65, 74, 87, 107, 121, 127, 123, 122, 127, 127, 123, 116, 118, 118, 110, 97, 89, 89, 79, 78, 69, 43, 40, 37, 30]"
In-Distribution,10,exact_guidance_u,204,0,105,104,"[129, 16, 8, 9, 7, 17, 21, 38, 51, 91, 111, 97, 103, 119, 123, 127, 127, 127, 127, 114, 124, 123, 101, 94, 79, 80, 55, 58, 41, 44, 11, 6, 8, 12, 3, 0, 0, 0, 4, 29, 38, 53, 66, 63, 72, 81, 98, 98, 114, 112, 123, 122, 127, 127, 127, 119, 110, 85, 79, 76, 72, 77, 49, 46, 33, 14, 18, 0, 4, 6, 7, 0, 5, 24, 14, 31, 25, 39, 37, 66, 65, 74, 87, 107, 121, 127, 123, 122, 127, 127, 123, 116, 118, 118, 110, 97, 89, 89, 79, 78, 69, 43, 40, 37, 30]","[16, 8, 9, 7, 17, 21, 38, 51, 91, 111, 97, 103, 119, 123, 127, 127, 127, 127, 114, 124, 123, 101, 94, 79, 80, 55, 58, 41, 44, 11, 6, 8, 12, 3, 0, 0, 0, 4, 29, 38, 53, 66, 63, 72, 81, 98, 98, 114, 112, 123, 122, 127, 127, 127, 119, 110, 85, 79, 76, 72, 77, 49, 46, 33, 14, 18, 0, 4, 6, 7, 0, 5, 24, 14, 31, 25, 39, 37, 66, 65, 74, 87, 107, 121, 127, 123, 122, 127, 127, 123, 116, 118, 118, 110, 97, 89, 89, 79, 78, 69, 43, 40, 37, 30]"
In-Distribution,10,exact_guidance_u,205,0,105,104,"[129, 16, 8, 9, 7, 17, 21, 38, 51, 91, 111, 97, 103, 119, 123, 127, 127, 127, 127, 114, 124, 123, 101, 94, 79, 80, 55, 58, 41, 44, 11, 6, 8, 12, 3, 0, 0, 0, 4, 29, 38, 53, 66, 63, 72, 81, 98, 98, 114, 112, 123, 122, 127, 127, 127, 119, 110, 85, 79, 76, 72, 77, 49, 46, 33, 14, 18, 0, 4, 6, 7, 0, 5, 24, 14, 31, 25, 39, 37, 66, 65, 74, 87, 107, 121, 127, 123, 122, 127, 127, 123, 116, 118, 118, 110, 97, 89, 89, 79, 78, 69, 43, 40, 37, 30]","[16, 8, 9, 7, 17, 21, 38, 51, 91, 111, 97, 103, 119, 123, 127, 127, 127, 127, 114, 124, 123, 101, 94, 79, 80, 55, 58, 41, 44, 11, 6, 8, 12, 3, 0, 0, 0, 4, 29, 38, 53, 66, 63, 72, 81, 98, 98, 114, 112, 123, 122, 127, 127, 127, 119, 110, 85, 79, 76, 72, 77, 49, 46, 33, 14, 18, 0, 4, 6, 7, 0, 5, 24, 14, 31, 25, 39, 37, 66, 65, 74, 87, 107, 121, 127, 123, 122, 127, 127, 123, 116, 118, 118, 110, 97, 89, 89, 79, 78, 69, 43, 40, 37, 30]"
In-Distribution,10,exact_guidance_u,206,0,105,104,"[129, 16, 8, 9, 7, 17, 21, 38, 51, 91, 111, 97, 103, 119, 123, 127, 127, 127, 127, 114, 124, 123, 101, 94, 79, 80, 55, 58, 41, 44, 11, 6, 8, 12, 3, 0, 0, 0, 4, 29, 38, 53, 66, 63, 72, 81, 98, 98, 114, 112, 123, 122, 127, 127, 127, 119, 110, 85, 79, 76, 72, 77, 49, 46, 33, 14, 18, 0, 4, 6, 7, 0, 5, 24, 14, 31, 25, 39, 37, 66, 65, 74, 87, 107, 121, 127, 123, 122, 127, 127, 123, 116, 118, 118, 110, 97, 89, 89, 79, 78, 69, 43, 40, 37, 30]","[16, 8, 9, 7, 17, 21, 38, 51, 91, 111, 97, 103, 119, 123, 127, 127, 127, 127, 114, 124, 123, 101, 94, 79, 80, 55, 58, 41, 44, 11, 6, 8, 12, 3, 0, 0, 0, 4, 29, 38, 53, 66, 63, 72, 81, 98, 98, 114, 112, 123, 122, 127, 127, 127, 119, 110, 85, 79, 76, 72, 77, 49, 46, 33, 14, 18, 0, 4, 6, 7, 0, 5, 24, 14, 31, 25, 39, 37, 66, 65, 74, 87, 107, 121, 127, 123, 122, 127, 127, 123, 116, 118, 118, 110, 97, 89, 89, 79, 78, 69, 43, 40, 37, 30]"
In-Distribution,10,exact_guidance_u,207,0,106,105,"[129, 16, 8, 9, 7, 17, 21, 38, 51, 91, 111, 97, 103, 119, 123, 127, 127, 127, 127, 114, 124, 123, 101, 94, 79, 80, 55, 58, 41, 44, 11, 6, 8, 12, 3, 0, 0, 0, 4, 29, 43, 38, 53, 66, 63, 72, 81, 98, 98, 114, 112, 123, 122, 127, 127, 127, 119, 110, 85, 79, 76, 72, 77, 49, 46, 33, 14, 18, 0, 4, 6, 7, 0, 5, 24, 14, 31, 25, 39, 37, 66, 65, 74, 87, 107, 121, 127, 123, 122, 127, 127, 123, 116, 118, 118, 110, 97, 89, 89, 79, 78, 69, 43, 40, 37, 30]","[16, 8, 9, 7, 17, 21, 38, 51, 91, 111, 97, 103, 119, 123, 127, 127, 127, 127, 114, 124, 123, 101, 94, 79, 80, 55, 58, 41, 44, 11, 6, 8, 12, 3, 0, 0, 0, 4, 29, 43, 38, 53, 66, 63, 72, 81, 98, 98, 114, 112, 123, 122, 127, 127, 127, 119, 110, 85, 79, 76, 72, 77, 49, 46, 33, 14, 18, 0, 4, 6, 7, 0, 5, 24, 14, 31, 25, 39, 37, 66, 65, 74, 87, 107, 121, 127, 123, 122, 127, 127, 123, 116, 118, 118, 110, 97, 89, 89, 79, 78, 69, 43, 40, 37, 30]"
In-Distribution,10,exact_guidance_u,208,0,106,105,"[129, 16, 8, 9, 7, 17, 21, 38, 51, 91, 111, 97, 103, 119, 123, 127, 127, 127, 127, 114, 124, 123, 101, 94, 79, 80, 55, 58, 41, 44, 11, 6, 8, 12, 3, 0, 0, 0, 4, 29, 43, 38, 53, 66, 63, 72, 81, 98, 98, 114, 112, 123, 122, 127, 127, 127, 119, 110, 85, 79, 76, 72, 77, 49, 46, 33, 14, 18, 0, 4, 6, 7, 0, 5, 24, 14, 31, 25, 39, 37, 66, 65, 74, 87, 107, 121, 127, 123, 122, 127, 127, 123, 116, 118, 118, 110, 97, 89, 89, 79, 78, 69, 43, 40, 37, 30]","[16, 8, 9, 7, 17, 21, 38, 51, 91, 111, 97, 103, 119, 123, 127, 127, 127, 127, 114, 124, 123, 101, 94, 79, 80, 55, 58, 41, 44, 11, 6, 8, 12, 3, 0, 0, 0, 4, 29, 43, 38, 53, 66, 63, 72, 81, 98, 98, 114, 112, 123, 122, 127, 127, 127, 119, 110, 85, 79, 76, 72, 77, 49, 46, 33, 14, 18, 0, 4, 6, 7, 0, 5, 24, 14, 31, 25, 39, 37, 66, 65, 74, 87, 107, 121, 127, 123, 122, 127, 127, 123, 116, 118, 118, 110, 97, 89, 89, 79, 78, 69, 43, 40, 37, 30]"
In-Distribution,10,exact_guidance_u,209,0,106,105,"[129, 16, 8, 9, 7, 17, 21, 38, 51, 91, 111, 97, 103, 119, 123, 127, 127, 127, 127, 114, 124, 123, 101, 94, 79, 80, 55, 58, 41, 44, 11, 6, 8, 12, 3, 0, 0, 0, 4, 29, 43, 38, 53, 66, 63, 72, 81, 98, 98, 114, 112, 123, 122, 127, 127, 127, 119, 110, 85, 79, 76, 72, 77, 49, 46, 33, 14, 18, 0, 4, 6, 7, 0, 5, 24, 14, 31, 25, 39, 37, 66, 65, 74, 87, 107, 121, 127, 123, 122, 127, 127, 123, 116, 118, 118, 110, 97, 89, 89, 79, 78, 69, 43, 40, 37, 30]","[16, 8, 9, 7, 17, 21, 38, 51, 91, 111, 97, 103, 119, 123, 127, 127, 127, 127, 114, 124, 123, 101, 94, 79, 80, 55, 58, 41, 44, 11, 6, 8, 12, 3, 0, 0, 0, 4, 29, 43, 38, 53, 66, 63, 72, 81, 98, 98, 114, 112, 123, 122, 127, 127, 127, 119, 110, 85, 79, 76, 72, 77, 49, 46, 33, 14, 18, 0, 4, 6, 7, 0, 5, 24, 14, 31, 25, 39, 37, 66, 65, 74, 87, 107, 121, 127, 123, 122, 127, 127, 123, 116, 118, 118, 110, 97, 89, 89, 79, 78, 69, 43, 40, 37, 30]"
In-Distribution,10,exact_guidance_u,210,0,106,105,"[129, 16, 8, 9, 7, 17, 21, 38, 51, 91, 111, 97, 103, 119, 123, 127, 127, 127, 127, 114, 124, 123, 101, 94, 79, 80, 55, 58, 41, 44, 11, 6, 8, 12, 3, 0, 0, 0, 4, 29, 43, 38, 53, 66, 63, 72, 81, 98, 98, 114, 112, 123, 122, 127, 127, 127, 119, 110, 85, 79, 76, 72, 77, 49, 46, 33, 14, 18, 0, 4, 6, 7, 0, 5, 24, 14, 31, 25, 39, 37, 66, 65, 74, 87, 107, 121, 127, 123, 122, 127, 127, 123, 116, 118, 118, 110, 97, 89, 89, 79, 78, 69, 43, 40, 37, 30]","[16, 8, 9, 7, 17, 21, 38, 51, 91, 111, 97, 103, 119, 123, 127, 127, 127, 127, 114, 124, 123, 101, 94, 79, 80, 55, 58, 41, 44, 11, 6, 8, 12, 3, 0, 0, 0, 4, 29, 43, 38, 53, 66, 63, 72, 81, 98, 98, 114, 112, 123, 122, 127, 127, 127, 119, 110, 85, 79, 76, 72, 77, 49, 46, 33, 14, 18, 0, 4, 6, 7, 0, 5, 24, 14, 31, 25, 39, 37, 66, 65, 74, 87, 107, 121, 127, 123, 122, 127, 127, 123, 116, 118, 118, 110, 97, 89, 89, 79, 78, 69, 43, 40, 37, 30]"
In-Distribution,10,exact_guidance_u,211,0,106,105,"[129, 16, 8, 9, 7, 17, 21, 38, 51, 91, 111, 97, 103, 119, 123, 127, 127, 127, 127, 114, 124, 123, 101, 94, 79, 80, 55, 58, 41, 44, 11, 6, 8, 12, 3, 0, 0, 0, 4, 29, 43, 38, 53, 66, 63, 72, 81, 98, 98, 114, 112, 123, 122, 127, 127, 127, 119, 110, 85, 79, 76, 72, 77, 49, 46, 33, 14, 18, 0, 4, 6, 7, 0, 5, 24, 14, 31, 25, 39, 37, 66, 65, 74, 87, 107, 121, 127, 123, 122, 127, 127, 123, 116, 118, 118, 110, 97, 89, 89, 79, 78, 69, 43, 40, 37, 30]","[16, 8, 9, 7, 17, 21, 38, 51, 91, 111, 97, 103, 119, 123, 127, 127, 127, 127, 114, 124, 123, 101, 94, 79, 80, 55, 58, 41, 44, 11, 6, 8, 12, 3, 0, 0, 0, 4, 29, 43, 38, 53, 66, 63, 72, 81, 98, 98, 114, 112, 123, 122, 127, 127, 127, 119, 110, 85, 79, 76, 72, 77, 49, 46, 33, 14, 18, 0, 4, 6, 7, 0, 5, 24, 14, 31, 25, 39, 37, 66, 65, 74, 87, 107, 121, 127, 123, 122, 127, 127, 123, 116, 118, 118, 110, 97, 89, 89, 79, 78, 69, 43, 40, 37, 30]"
In-Distribution,10,exact_guidance_u,212,0,106,105,"[129, 16, 8, 9, 7, 17, 21, 38, 51, 91, 111, 97, 103, 119, 123, 127, 127, 127, 127, 114, 124, 123, 101, 94, 79, 80, 55, 58, 41, 44, 11, 6, 8, 12, 3, 0, 0, 0, 4, 29, 43, 38, 53, 66, 63, 72, 81, 98, 98, 114, 112, 123, 122, 127, 127, 127, 119, 110, 85, 79, 76, 72, 77, 49, 46, 33, 14, 18, 0, 4, 6, 7, 0, 5, 24, 14, 31, 25, 39, 37, 66, 65, 74, 87, 107, 121, 127, 123, 122, 127, 127, 123, 116, 118, 118, 110, 97, 89, 89, 79, 78, 69, 43, 40, 37, 30]","[16, 8, 9, 7, 17, 21, 38, 51, 91, 111, 97, 103, 119, 123, 127, 127, 127, 127, 114, 124, 123, 101, 94, 79, 80, 55, 58, 41, 44, 11, 6, 8, 12, 3, 0, 0, 0, 4, 29, 43, 38, 53, 66, 63, 72, 81, 98, 98, 114, 112, 123, 122, 127, 127, 127, 119, 110, 85, 79, 76, 72, 77, 49, 46, 33, 14, 18, 0, 4, 6, 7, 0, 5, 24, 14, 31, 25, 39, 37, 66, 65, 74, 87, 107, 121, 127, 123, 122, 127, 127, 123, 116, 118, 118, 110, 97, 89, 89, 79, 78, 69, 43, 40, 37, 30]"
In-Distribution,10,exact_guidance_u,213,0,106,105,"[129, 16, 8, 9, 7, 17, 21, 38, 51, 91, 111, 97, 103, 119, 123, 127, 127, 127, 127, 114, 124, 123, 101, 94, 79, 80, 55, 58, 41, 44, 11, 6, 8, 12, 3, 0, 0, 0, 4, 29, 43, 38, 53, 66, 63, 72, 81, 98, 98, 114, 112, 123, 122, 127, 127, 127, 119, 110, 85, 79, 76, 72, 77, 49, 46, 33, 14, 18, 0, 4, 6, 7, 0, 5, 24, 14, 31, 25, 39, 37, 66, 65, 74, 87, 107, 121, 127, 123, 122, 127, 127, 123, 116, 118, 118, 110, 97, 89, 89, 79, 78, 69, 43, 40, 37, 30]","[16, 8, 9, 7, 17, 21, 38, 51, 91, 111, 97, 103, 119, 123, 127, 127, 127, 127, 114, 124, 123, 101, 94, 79, 80, 55, 58, 41, 44, 11, 6, 8, 12, 3, 0, 0, 0, 4, 29, 43, 38, 53, 66, 63, 72, 81, 98, 98, 114, 112, 123, 122, 127, 127, 127, 119, 110, 85, 79, 76, 72, 77, 49, 46, 33, 14, 18, 0, 4, 6, 7, 0, 5, 24, 14, 31, 25, 39, 37, 66, 65, 74, 87, 107, 121, 127, 123, 122, 127, 127, 123, 116, 118, 118, 110, 97, 89, 89, 79, 78, 69, 43, 40, 37, 30]"
In-Distribution,10,exact_guidance_u,214,0,106,105,"[129, 16, 8, 9, 7, 17, 21, 38, 51, 91, 111, 97, 103, 119, 123, 127, 127, 127, 127, 114, 124, 123, 101, 94, 79, 80, 55, 58, 41, 44, 11, 6, 8, 12, 3, 0, 0, 0, 4, 29, 43, 38, 53, 66, 63, 72, 81, 98, 98, 114, 112, 123, 122, 127, 127, 127, 119, 110, 85, 79, 76, 72, 77, 49, 46, 33, 14, 18, 0, 4, 6, 7, 0, 5, 24, 14, 31, 25, 39, 37, 66, 65, 74, 87, 107, 121, 127, 123, 122, 127, 127, 123, 116, 118, 118, 110, 97, 89, 89, 79, 78, 69, 43, 40, 37, 30]","[16, 8, 9, 7, 17, 21, 38, 51, 91, 111, 97, 103, 119, 123, 127, 127, 127, 127, 114, 124, 123, 101, 94, 79, 80, 55, 58, 41, 44, 11, 6, 8, 12, 3, 0, 0, 0, 4, 29, 43, 38, 53, 66, 63, 72, 81, 98, 98, 114, 112, 123, 122, 127, 127, 127, 119, 110, 85, 79, 76, 72, 77, 49, 46, 33, 14, 18, 0, 4, 6, 7, 0, 5, 24, 14, 31, 25, 39, 37, 66, 65, 74, 87, 107, 121, 127, 123, 122, 127, 127, 123, 116, 118, 118, 110, 97, 89, 89, 79, 78, 69, 43, 40, 37, 30]"
In-Distribution,10,exact_guidance_u,215,0,106,105,"[129, 16, 8, 9, 7, 17, 21, 38, 51, 91, 111, 97, 103, 119, 123, 127, 127, 127, 127, 114, 124, 123, 101, 94, 79, 80, 55, 58, 41, 44, 11, 6, 8, 12, 3, 0, 0, 0, 4, 29, 43, 38, 53, 66, 63, 72, 81, 98, 98, 114, 112, 123, 122, 127, 127, 127, 119, 110, 85, 79, 76, 72, 77, 49, 46, 33, 14, 18, 0, 4, 6, 7, 0, 5, 24, 14, 31, 25, 39, 37, 66, 65, 74, 87, 107, 121, 127, 123, 122, 127, 127, 123, 116, 118, 118, 110, 97, 89, 89, 79, 78, 69, 43, 40, 37, 30]","[16, 8, 9, 7, 17, 21, 38, 51, 91, 111, 97, 103, 119, 123, 127, 127, 127, 127, 114, 124, 123, 101, 94, 79, 80, 55, 58, 41, 44, 11, 6, 8, 12, 3, 0, 0, 0, 4, 29, 43, 38, 53, 66, 63, 72, 81, 98, 98, 114, 112, 123, 122, 127, 127, 127, 119, 110, 85, 79, 76, 72, 77, 49, 46, 33, 14, 18, 0, 4, 6, 7, 0, 5, 24, 14, 31, 25, 39, 37, 66, 65, 74, 87, 107, 121, 127, 123, 122, 127, 127, 123, 116, 118, 118, 110, 97, 89, 89, 79, 78, 69, 43, 40, 37, 30]"
In-Distribution,10,exact_guidance_u,216,0,106,105,"[129, 16, 8, 9, 7, 17, 21, 38, 51, 91, 111, 97, 103, 119, 123, 127, 127, 127, 127, 114, 124, 123, 101, 94, 79, 80, 55, 58, 41, 44, 11, 6, 8, 12, 3, 0, 0, 0, 4, 29, 43, 38, 53, 66, 63, 72, 81, 98, 98, 114, 112, 123, 122, 127, 127, 127, 119, 110, 85, 79, 76, 72, 77, 49, 46, 33, 14, 18, 0, 4, 6, 7, 0, 5, 24, 14, 31, 25, 39, 37, 66, 65, 74, 87, 107, 121, 127, 123, 122, 127, 127, 123, 116, 118, 118, 110, 97, 89, 89, 79, 78, 69, 43, 40, 37, 30]","[16, 8, 9, 7, 17, 21, 38, 51, 91, 111, 97, 103, 119, 123, 127, 127, 127, 127, 114, 124, 123, 101, 94, 79, 80, 55, 58, 41, 44, 11, 6, 8, 12, 3, 0, 0, 0, 4, 29, 43, 38, 53, 66, 63, 72, 81, 98, 98, 114, 112, 123, 122, 127, 127, 127, 119, 110, 85, 79, 76, 72, 77, 49, 46, 33, 14, 18, 0, 4, 6, 7, 0, 5, 24, 14, 31, 25, 39, 37, 66, 65, 74, 87, 107, 121, 127, 123, 122, 127, 127, 123, 116, 118, 118, 110, 97, 89, 89, 79, 78, 69, 43, 40, 37, 30]"
In-Distribution,10,exact_guidance_u,217,0,106,105,"[129, 16, 8, 9, 7, 17, 21, 38, 51, 91, 111, 97, 103, 119, 123, 127, 127, 127, 127, 114, 124, 123, 101, 94, 79, 80, 55, 58, 41, 44, 11, 6, 8, 12, 3, 0, 0, 0, 4, 29, 43, 38, 53, 66, 63, 72, 81, 98, 98, 114, 112, 123, 122, 127, 127, 127, 119, 110, 85, 79, 76, 72, 77, 49, 46, 33, 14, 18, 0, 4, 6, 7, 0, 5, 24, 14, 31, 25, 39, 37, 66, 65, 74, 87, 107, 121, 127, 123, 122, 127, 127, 123, 116, 118, 118, 110, 97, 89, 89, 79, 78, 69, 43, 40, 37, 30]","[16, 8, 9, 7, 17, 21, 38, 51, 91, 111, 97, 103, 119, 123, 127, 127, 127, 127, 114, 124, 123, 101, 94, 79, 80, 55, 58, 41, 44, 11, 6, 8, 12, 3, 0, 0, 0, 4, 29, 43, 38, 53, 66, 63, 72, 81, 98, 98, 114, 112, 123, 122, 127, 127, 127, 119, 110, 85, 79, 76, 72, 77, 49, 46, 33, 14, 18, 0, 4, 6, 7, 0, 5, 24, 14, 31, 25, 39, 37, 66, 65, 74, 87, 107, 121, 127, 123, 122, 127, 127, 123, 116, 118, 118, 110, 97, 89, 89, 79, 78, 69, 43, 40, 37, 30]"
In-Distribution,10,exact_guidance_u,218,0,106,105,"[129, 16, 8, 9, 7, 17, 21, 38, 51, 91, 111, 97, 103, 119, 123, 127, 127, 127, 127, 114, 124, 123, 101, 94, 79, 80, 55, 58, 41, 44, 11, 6, 8, 12, 3, 0, 0, 0, 4, 29, 43, 38, 53, 66, 63, 72, 81, 98, 98, 114, 112, 123, 122, 127, 127, 127, 119, 110, 85, 79, 76, 72, 77, 49, 46, 33, 14, 18, 0, 4, 6, 7, 0, 5, 24, 14, 31, 25, 39, 37, 66, 65, 74, 87, 107, 121, 127, 123, 122, 127, 127, 123, 116, 118, 118, 110, 97, 89, 89, 79, 78, 69, 43, 40, 37, 30]","[16, 8, 9, 7, 17, 21, 38, 51, 91, 111, 97, 103, 119, 123, 127, 127, 127, 127, 114, 124, 123, 101, 94, 79, 80, 55, 58, 41, 44, 11, 6, 8, 12, 3, 0, 0, 0, 4, 29, 43, 38, 53, 66, 63, 72, 81, 98, 98, 114, 112, 123, 122, 127, 127, 127, 119, 110, 85, 79, 76, 72, 77, 49, 46, 33, 14, 18, 0, 4, 6, 7, 0, 5, 24, 14, 31, 25, 39, 37, 66, 65, 74, 87, 107, 121, 127, 123, 122, 127, 127, 123, 116, 118, 118, 110, 97, 89, 89, 79, 78, 69, 43, 40, 37, 30]"
In-Distribution,10,exact_guidance_u,219,0,106,105,"[129, 16, 8, 9, 7, 17, 21, 38, 51, 91, 111, 97, 103, 119, 123, 127, 127, 127, 127, 114, 124, 123, 101, 94, 79, 80, 55, 58, 41, 44, 11, 6, 8, 12, 3, 0, 0, 0, 4, 29, 43, 38, 53, 66, 63, 72, 81, 98, 98, 114, 112, 123, 122, 127, 127, 127, 119, 110, 85, 79, 76, 72, 77, 49, 46, 33, 14, 18, 0, 4, 6, 7, 0, 5, 24, 14, 31, 25, 39, 37, 66, 65, 74, 87, 107, 121, 127, 123, 122, 127, 127, 123, 116, 118, 118, 110, 97, 89, 89, 79, 78, 69, 43, 40, 37, 30]","[16, 8, 9, 7, 17, 21, 38, 51, 91, 111, 97, 103, 119, 123, 127, 127, 127, 127, 114, 124, 123, 101, 94, 79, 80, 55, 58, 41, 44, 11, 6, 8, 12, 3, 0, 0, 0, 4, 29, 43, 38, 53, 66, 63, 72, 81, 98, 98, 114, 112, 123, 122, 127, 127, 127, 119, 110, 85, 79, 76, 72, 77, 49, 46, 33, 14, 18, 0, 4, 6, 7, 0, 5, 24, 14, 31, 25, 39, 37, 66, 65, 74, 87, 107, 121, 127, 123, 122, 127, 127, 123, 116, 118, 118, 110, 97, 89, 89, 79, 78, 69, 43, 40, 37, 30]"
In-Distribution,10,exact_guidance_u,220,0,106,105,"[129, 16, 8, 9, 7, 17, 21, 38, 51, 91, 111, 97, 103, 119, 123, 127, 127, 127, 127, 114, 124, 123, 101, 94, 79, 80, 55, 58, 41, 44, 11, 6, 8, 12, 3, 0, 0, 0, 4, 29, 43, 38, 53, 66, 63, 72, 81, 98, 98, 114, 112, 123, 122, 127, 127, 127, 119, 110, 85, 79, 76, 72, 77, 49, 46, 33, 14, 18, 0, 4, 6, 7, 0, 5, 24, 14, 31, 25, 39, 37, 66, 65, 74, 87, 107, 121, 127, 123, 122, 127, 127, 123, 116, 118, 118, 110, 97, 89, 89, 79, 78, 69, 43, 40, 37, 30]","[16, 8, 9, 7, 17, 21, 38, 51, 91, 111, 97, 103, 119, 123, 127, 127, 127, 127, 114, 124, 123, 101, 94, 79, 80, 55, 58, 41, 44, 11, 6, 8, 12, 3, 0, 0, 0, 4, 29, 43, 38, 53, 66, 63, 72, 81, 98, 98, 114, 112, 123, 122, 127, 127, 127, 119, 110, 85, 79, 76, 72, 77, 49, 46, 33, 14, 18, 0, 4, 6, 7, 0, 5, 24, 14, 31, 25, 39, 37, 66, 65, 74, 87, 107, 121, 127, 123, 122, 127, 127, 123, 116, 118, 118, 110, 97, 89, 89, 79, 78, 69, 43, 40, 37, 30]"
In-Distribution,10,exact_guidance_u,221,0,106,105,"[129, 16, 8, 9, 7, 17, 21, 38, 51, 91, 111, 97, 103, 119, 123, 127, 127, 127, 127, 114, 124, 123, 101, 94, 79, 80, 55, 58, 41, 44, 11, 6, 8, 12, 3, 0, 0, 0, 4, 29, 43, 38, 53, 66, 63, 72, 81, 98, 98, 114, 112, 123, 122, 127, 127, 127, 119, 110, 85, 79, 76, 72, 77, 49, 46, 33, 14, 18, 0, 4, 6, 7, 0, 5, 24, 14, 31, 25, 39, 37, 66, 65, 74, 87, 107, 121, 127, 123, 122, 127, 127, 123, 116, 118, 118, 110, 97, 89, 89, 79, 78, 69, 43, 40, 37, 30]","[16, 8, 9, 7, 17, 21, 38, 51, 91, 111, 97, 103, 119, 123, 127, 127, 127, 127, 114, 124, 123, 101, 94, 79, 80, 55, 58, 41, 44, 11, 6, 8, 12, 3, 0, 0, 0, 4, 29, 43, 38, 53, 66, 63, 72, 81, 98, 98, 114, 112, 123, 122, 127, 127, 127, 119, 110, 85, 79, 76, 72, 77, 49, 46, 33, 14, 18, 0, 4, 6, 7, 0, 5, 24, 14, 31, 25, 39, 37, 66, 65, 74, 87, 107, 121, 127, 123, 122, 127, 127, 123, 116, 118, 118, 110, 97, 89, 89, 79, 78, 69, 43, 40, 37, 30]"
In-Distribution,10,exact_guidance_u,222,0,106,105,"[129, 16, 8, 9, 7, 17, 21, 38, 51, 91, 111, 97, 103, 119, 123, 127, 127, 127, 127, 114, 124, 123, 101, 94, 79, 80, 55, 58, 41, 44, 11, 6, 8, 12, 3, 0, 0, 0, 4, 29, 43, 38, 53, 66, 63, 72, 81, 98, 98, 114, 112, 123, 122, 127, 127, 127, 119, 110, 85, 79, 76, 72, 77, 49, 46, 33, 14, 18, 0, 4, 6, 7, 0, 5, 24, 14, 31, 25, 39, 37, 66, 65, 74, 87, 107, 121, 127, 123, 122, 127, 127, 123, 116, 118, 118, 110, 97, 89, 89, 79, 78, 69, 43, 40, 37, 30]","[16, 8, 9, 7, 17, 21, 38, 51, 91, 111, 97, 103, 119, 123, 127, 127, 127, 127, 114, 124, 123, 101, 94, 79, 80, 55, 58, 41, 44, 11, 6, 8, 12, 3, 0, 0, 0, 4, 29, 43, 38, 53, 66, 63, 72, 81, 98, 98, 114, 112, 123, 122, 127, 127, 127, 119, 110, 85, 79, 76, 72, 77, 49, 46, 33, 14, 18, 0, 4, 6, 7, 0, 5, 24, 14, 31, 25, 39, 37, 66, 65, 74, 87, 107, 121, 127, 123, 122, 127, 127, 123, 116, 118, 118, 110, 97, 89, 89, 79, 78, 69, 43, 40, 37, 30]"
In-Distribution,10,exact_guidance_u,223,0,106,105,"[129, 16, 8, 9, 7, 17, 21, 38, 51, 91, 111, 97, 103, 119, 123, 127, 127, 127, 127, 114, 124, 123, 101, 94, 79, 80, 55, 58, 41, 44, 11, 6, 8, 12, 3, 0, 0, 0, 4, 29, 43, 38, 53, 66, 63, 72, 81, 98, 98, 114, 112, 123, 122, 127, 127, 127, 119, 110, 85, 79, 76, 72, 77, 49, 46, 33, 14, 18, 0, 4, 6, 7, 0, 5, 24, 14, 31, 25, 39, 37, 66, 65, 74, 87, 107, 121, 127, 123, 122, 127, 127, 123, 116, 118, 118, 110, 97, 89, 89, 79, 78, 69, 43, 40, 37, 30]","[16, 8, 9, 7, 17, 21, 38, 51, 91, 111, 97, 103, 119, 123, 127, 127, 127, 127, 114, 124, 123, 101, 94, 79, 80, 55, 58, 41, 44, 11, 6, 8, 12, 3, 0, 0, 0, 4, 29, 43, 38, 53, 66, 63, 72, 81, 98, 98, 114, 112, 123, 122, 127, 127, 127, 119, 110, 85, 79, 76, 72, 77, 49, 46, 33, 14, 18, 0, 4, 6, 7, 0, 5, 24, 14, 31, 25, 39, 37, 66, 65, 74, 87, 107, 121, 127, 123, 122, 127, 127, 123, 116, 118, 118, 110, 97, 89, 89, 79, 78, 69, 43, 40, 37, 30]"
In-Distribution,10,exact_guidance_u,224,0,106,105,"[129, 16, 8, 9, 7, 17, 21, 38, 51, 91, 111, 97, 103, 119, 123, 127, 127, 127, 127, 114, 124, 123, 101, 94, 79, 80, 55, 58, 41, 44, 11, 6, 8, 12, 3, 0, 0, 0, 4, 29, 43, 38, 53, 66, 63, 72, 81, 98, 98, 114, 112, 123, 122, 127, 127, 127, 119, 110, 85, 79, 76, 72, 77, 49, 46, 33, 14, 18, 0, 4, 6, 7, 0, 5, 24, 14, 31, 25, 39, 37, 66, 65, 74, 87, 107, 121, 127, 123, 122, 127, 127, 123, 116, 118, 118, 110, 97, 89, 89, 79, 78, 69, 43, 40, 37, 30]","[16, 8, 9, 7, 17, 21, 38, 51, 91, 111, 97, 103, 119, 123, 127, 127, 127, 127, 114, 124, 123, 101, 94, 79, 80, 55, 58, 41, 44, 11, 6, 8, 12, 3, 0, 0, 0, 4, 29, 43, 38, 53, 66, 63, 72, 81, 98, 98, 114, 112, 123, 122, 127, 127, 127, 119, 110, 85, 79, 76, 72, 77, 49, 46, 33, 14, 18, 0, 4, 6, 7, 0, 5, 24, 14, 31, 25, 39, 37, 66, 65, 74, 87, 107, 121, 127, 123, 122, 127, 127, 123, 116, 118, 118, 110, 97, 89, 89, 79, 78, 69, 43, 40, 37, 30]"
In-Distribution,10,exact_guidance_u,225,0,106,105,"[129, 16, 8, 9, 7, 17, 21, 38, 51, 91, 111, 97, 103, 119, 123, 127, 127, 127, 127, 114, 124, 123, 101, 94, 79, 80, 55, 58, 41, 44, 11, 6, 8, 12, 3, 0, 0, 0, 4, 29, 43, 38, 53, 66, 63, 72, 81, 98, 98, 114, 112, 123, 122, 127, 127, 127, 119, 110, 85, 79, 76, 72, 77, 49, 46, 33, 14, 18, 0, 4, 6, 7, 0, 5, 24, 14, 31, 25, 39, 37, 66, 65, 74, 87, 107, 121, 127, 123, 122, 127, 127, 123, 116, 118, 118, 110, 97, 89, 89, 79, 78, 69, 43, 40, 37, 30]","[16, 8, 9, 7, 17, 21, 38, 51, 91, 111, 97, 103, 119, 123, 127, 127, 127, 127, 114, 124, 123, 101, 94, 79, 80, 55, 58, 41, 44, 11, 6, 8, 12, 3, 0, 0, 0, 4, 29, 43, 38, 53, 66, 63, 72, 81, 98, 98, 114, 112, 123, 122, 127, 127, 127, 119, 110, 85, 79, 76, 72, 77, 49, 46, 33, 14, 18, 0, 4, 6, 7, 0, 5, 24, 14, 31, 25, 39, 37, 66, 65, 74, 87, 107, 121, 127, 123, 122, 127, 127, 123, 116, 118, 118, 110, 97, 89, 89, 79, 78, 69, 43, 40, 37, 30]"
In-Distribution,10,exact_guidance_u,226,0,106,105,"[129, 16, 8, 9, 7, 17, 21, 38, 51, 91, 111, 97, 103, 119, 123, 127, 127, 127, 127, 114, 124, 123, 101, 94, 79, 80, 55, 58, 41, 44, 11, 6, 8, 12, 3, 0, 0, 0, 4, 29, 43, 38, 53, 66, 63, 72, 81, 98, 98, 114, 112, 123, 122, 127, 127, 127, 119, 110, 85, 79, 76, 72, 77, 49, 46, 33, 14, 18, 0, 4, 6, 7, 0, 5, 24, 14, 31, 25, 39, 37, 66, 65, 74, 87, 107, 121, 127, 123, 122, 127, 127, 123, 116, 118, 118, 110, 97, 89, 89, 79, 78, 69, 43, 40, 37, 30]","[16, 8, 9, 7, 17, 21, 38, 51, 91, 111, 97, 103, 119, 123, 127, 127, 127, 127, 114, 124, 123, 101, 94, 79, 80, 55, 58, 41, 44, 11, 6, 8, 12, 3, 0, 0, 0, 4, 29, 43, 38, 53, 66, 63, 72, 81, 98, 98, 114, 112, 123, 122, 127, 127, 127, 119, 110, 85, 79, 76, 72, 77, 49, 46, 33, 14, 18, 0, 4, 6, 7, 0, 5, 24, 14, 31, 25, 39, 37, 66, 65, 74, 87, 107, 121, 127, 123, 122, 127, 127, 123, 116, 118, 118, 110, 97, 89, 89, 79, 78, 69, 43, 40, 37, 30]"
In-Distribution,10,exact_guidance_u,227,0,106,105,"[129, 16, 8, 9, 7, 17, 21, 38, 51, 91, 111, 97, 103, 119, 123, 127, 127, 127, 127, 114, 124, 123, 101, 94, 79, 80, 55, 58, 41, 44, 11, 6, 8, 12, 3, 0, 0, 0, 4, 29, 43, 38, 53, 66, 63, 72, 81, 98, 98, 114, 112, 123, 122, 127, 127, 127, 119, 110, 85, 79, 76, 72, 77, 49, 46, 33, 14, 18, 0, 4, 6, 7, 0, 5, 24, 14, 31, 25, 39, 37, 66, 65, 74, 87, 107, 121, 127, 123, 122, 127, 127, 123, 116, 118, 118, 110, 97, 89, 89, 79, 78, 69, 43, 40, 37, 30]","[16, 8, 9, 7, 17, 21, 38, 51, 91, 111, 97, 103, 119, 123, 127, 127, 127, 127, 114, 124, 123, 101, 94, 79, 80, 55, 58, 41, 44, 11, 6, 8, 12, 3, 0, 0, 0, 4, 29, 43, 38, 53, 66, 63, 72, 81, 98, 98, 114, 112, 123, 122, 127, 127, 127, 119, 110, 85, 79, 76, 72, 77, 49, 46, 33, 14, 18, 0, 4, 6, 7, 0, 5, 24, 14, 31, 25, 39, 37, 66, 65, 74, 87, 107, 121, 127, 123, 122, 127, 127, 123, 116, 118, 118, 110, 97, 89, 89, 79, 78, 69, 43, 40, 37, 30]"
In-Distribution,10,exact_guidance_u,228,0,107,106,"[129, 16, 8, 9, 7, 17, 21, 29, 38, 51, 91, 111, 97, 103, 119, 123, 127, 127, 127, 127, 114, 124, 123, 101, 94, 79, 80, 55, 58, 41, 44, 11, 6, 8, 12, 3, 0, 0, 0, 4, 29, 43, 38, 53, 66, 63, 72, 81, 98, 98, 114, 112, 123, 122, 127, 127, 127, 119, 110, 85, 79, 76, 72, 77, 49, 46, 33, 14, 18, 0, 4, 6, 7, 0, 5, 24, 14, 31, 25, 39, 37, 66, 65, 74, 87, 107, 121, 127, 123, 122, 127, 127, 123, 116, 118, 118, 110, 97, 89, 89, 79, 78, 69, 43, 40, 37, 30]","[16, 8, 9, 7, 17, 21, 29, 38, 51, 91, 111, 97, 103, 119, 123, 127, 127, 127, 127, 114, 124, 123, 101, 94, 79, 80, 55, 58, 41, 44, 11, 6, 8, 12, 3, 0, 0, 0, 4, 29, 43, 38, 53, 66, 63, 72, 81, 98, 98, 114, 112, 123, 122, 127, 127, 127, 119, 110, 85, 79, 76, 72, 77, 49, 46, 33, 14, 18, 0, 4, 6, 7, 0, 5, 24, 14, 31, 25, 39, 37, 66, 65, 74, 87, 107, 121, 127, 123, 122, 127, 127, 123, 116, 118, 118, 110, 97, 89, 89, 79, 78, 69, 43, 40, 37, 30]"
In-Distribution,10,exact_guidance_u,229,0,107,106,"[129, 16, 8, 9, 7, 17, 21, 29, 38, 51, 91, 111, 97, 103, 119, 123, 127, 127, 127, 127, 114, 124, 123, 101, 94, 79, 80, 55, 58, 41, 44, 11, 6, 8, 12, 3, 0, 0, 0, 4, 29, 43, 38, 53, 66, 63, 72, 81, 98, 98, 114, 112, 123, 122, 127, 127, 127, 119, 110, 85, 79, 76, 72, 77, 49, 46, 33, 14, 18, 0, 4, 6, 7, 0, 5, 24, 14, 31, 25, 39, 37, 66, 65, 74, 87, 107, 121, 127, 123, 122, 127, 127, 123, 116, 118, 118, 110, 97, 89, 89, 79, 78, 69, 43, 40, 37, 30]","[16, 8, 9, 7, 17, 21, 29, 38, 51, 91, 111, 97, 103, 119, 123, 127, 127, 127, 127, 114, 124, 123, 101, 94, 79, 80, 55, 58, 41, 44, 11, 6, 8, 12, 3, 0, 0, 0, 4, 29, 43, 38, 53, 66, 63, 72, 81, 98, 98, 114, 112, 123, 122, 127, 127, 127, 119, 110, 85, 79, 76, 72, 77, 49, 46, 33, 14, 18, 0, 4, 6, 7, 0, 5, 24, 14, 31, 25, 39, 37, 66, 65, 74, 87, 107, 121, 127, 123, 122, 127, 127, 123, 116, 118, 118, 110, 97, 89, 89, 79, 78, 69, 43, 40, 37, 30]"
In-Distribution,10,exact_guidance_u,230,0,107,106,"[129, 16, 8, 9, 7, 17, 21, 29, 38, 51, 91, 111, 97, 103, 119, 123, 127, 127, 127, 127, 114, 124, 123, 101, 94, 79, 80, 55, 58, 41, 44, 11, 6, 8, 12, 3, 0, 0, 0, 4, 29, 43, 38, 53, 66, 63, 72, 81, 98, 98, 114, 112, 123, 122, 127, 127, 127, 119, 110, 85, 79, 76, 72, 77, 49, 46, 33, 14, 18, 0, 4, 6, 7, 0, 5, 24, 14, 31, 25, 39, 37, 66, 65, 74, 87, 107, 121, 127, 123, 122, 127, 127, 123, 116, 118, 118, 110, 97, 89, 89, 79, 78, 69, 43, 40, 37, 30]","[16, 8, 9, 7, 17, 21, 29, 38, 51, 91, 111, 97, 103, 119, 123, 127, 127, 127, 127, 114, 124, 123, 101, 94, 79, 80, 55, 58, 41, 44, 11, 6, 8, 12, 3, 0, 0, 0, 4, 29, 43, 38, 53, 66, 63, 72, 81, 98, 98, 114, 112, 123, 122, 127, 127, 127, 119, 110, 85, 79, 76, 72, 77, 49, 46, 33, 14, 18, 0, 4, 6, 7, 0, 5, 24, 14, 31, 25, 39, 37, 66, 65, 74, 87, 107, 121, 127, 123, 122, 127, 127, 123, 116, 118, 118, 110, 97, 89, 89, 79, 78, 69, 43, 40, 37, 30]"
In-Distribution,10,exact_guidance_u,231,0,107,106,"[129, 16, 8, 9, 7, 17, 21, 29, 38, 51, 91, 111, 97, 103, 119, 123, 127, 127, 127, 127, 114, 124, 123, 101, 94, 79, 80, 55, 58, 41, 44, 11, 6, 8, 12, 3, 0, 0, 0, 4, 29, 43, 38, 53, 66, 63, 72, 81, 98, 98, 114, 112, 123, 122, 127, 127, 127, 119, 110, 85, 79, 76, 72, 77, 49, 46, 33, 14, 18, 0, 4, 6, 7, 0, 5, 24, 14, 31, 25, 39, 37, 66, 65, 74, 87, 107, 121, 127, 123, 122, 127, 127, 123, 116, 118, 118, 110, 97, 89, 89, 79, 78, 69, 43, 40, 37, 30]","[16, 8, 9, 7, 17, 21, 29, 38, 51, 91, 111, 97, 103, 119, 123, 127, 127, 127, 127, 114, 124, 123, 101, 94, 79, 80, 55, 58, 41, 44, 11, 6, 8, 12, 3, 0, 0, 0, 4, 29, 43, 38, 53, 66, 63, 72, 81, 98, 98, 114, 112, 123, 122, 127, 127, 127, 119, 110, 85, 79, 76, 72, 77, 49, 46, 33, 14, 18, 0, 4, 6, 7, 0, 5, 24, 14, 31, 25, 39, 37, 66, 65, 74, 87, 107, 121, 127, 123, 122, 127, 127, 123, 116, 118, 118, 110, 97, 89, 89, 79, 78, 69, 43, 40, 37, 30]"
In-Distribution,10,exact_guidance_u,232,0,107,106,"[129, 16, 8, 9, 7, 17, 21, 29, 38, 51, 91, 111, 97, 103, 119, 123, 127, 127, 127, 127, 114, 124, 123, 101, 94, 79, 80, 55, 58, 41, 44, 11, 6, 8, 12, 3, 0, 0, 0, 4, 29, 43, 38, 53, 66, 63, 72, 81, 98, 98, 114, 112, 123, 122, 127, 127, 127, 119, 110, 85, 79, 76, 72, 77, 49, 46, 33, 14, 18, 0, 4, 6, 7, 0, 5, 24, 14, 31, 25, 39, 37, 66, 65, 74, 87, 107, 121, 127, 123, 122, 127, 127, 123, 116, 118, 118, 110, 97, 89, 89, 79, 78, 69, 43, 40, 37, 30]","[16, 8, 9, 7, 17, 21, 29, 38, 51, 91, 111, 97, 103, 119, 123, 127, 127, 127, 127, 114, 124, 123, 101, 94, 79, 80, 55, 58, 41, 44, 11, 6, 8, 12, 3, 0, 0, 0, 4, 29, 43, 38, 53, 66, 63, 72, 81, 98, 98, 114, 112, 123, 122, 127, 127, 127, 119, 110, 85, 79, 76, 72, 77, 49, 46, 33, 14, 18, 0, 4, 6, 7, 0, 5, 24, 14, 31, 25, 39, 37, 66, 65, 74, 87, 107, 121, 127, 123, 122, 127, 127, 123, 116, 118, 118, 110, 97, 89, 89, 79, 78, 69, 43, 40, 37, 30]"
In-Distribution,10,exact_guidance_u,233,0,107,106,"[129, 16, 8, 9, 7, 17, 21, 29, 38, 51, 91, 111, 97, 103, 119, 123, 127, 127, 127, 127, 114, 124, 123, 101, 94, 79, 80, 55, 58, 41, 44, 11, 6, 8, 12, 3, 0, 0, 0, 4, 29, 43, 38, 53, 66, 63, 72, 81, 98, 98, 114, 112, 123, 122, 127, 127, 127, 119, 110, 85, 79, 76, 72, 77, 49, 46, 33, 14, 18, 0, 4, 6, 7, 0, 5, 24, 14, 31, 25, 39, 37, 66, 65, 74, 87, 107, 121, 127, 123, 122, 127, 127, 123, 116, 118, 118, 110, 97, 89, 89, 79, 78, 69, 43, 40, 37, 30]","[16, 8, 9, 7, 17, 21, 29, 38, 51, 91, 111, 97, 103, 119, 123, 127, 127, 127, 127, 114, 124, 123, 101, 94, 79, 80, 55, 58, 41, 44, 11, 6, 8, 12, 3, 0, 0, 0, 4, 29, 43, 38, 53, 66, 63, 72, 81, 98, 98, 114, 112, 123, 122, 127, 127, 127, 119, 110, 85, 79, 76, 72, 77, 49, 46, 33, 14, 18, 0, 4, 6, 7, 0, 5, 24, 14, 31, 25, 39, 37, 66, 65, 74, 87, 107, 121, 127, 123, 122, 127, 127, 123, 116, 118, 118, 110, 97, 89, 89, 79, 78, 69, 43, 40, 37, 30]"
In-Distribution,10,exact_guidance_u,234,0,107,106,"[129, 16, 8, 9, 7, 17, 21, 29, 38, 51, 91, 111, 97, 103, 119, 123, 127, 127, 127, 127, 114, 124, 123, 101, 94, 79, 80, 55, 58, 41, 44, 11, 6, 8, 12, 3, 0, 0, 0, 4, 29, 43, 38, 53, 66, 63, 72, 81, 98, 98, 114, 112, 123, 122, 127, 127, 127, 119, 110, 85, 79, 76, 72, 77, 49, 46, 33, 14, 18, 0, 4, 6, 7, 0, 5, 24, 14, 31, 25, 39, 37, 66, 65, 74, 87, 107, 121, 127, 123, 122, 127, 127, 123, 116, 118, 118, 110, 97, 89, 89, 79, 78, 69, 43, 40, 37, 30]","[16, 8, 9, 7, 17, 21, 29, 38, 51, 91, 111, 97, 103, 119, 123, 127, 127, 127, 127, 114, 124, 123, 101, 94, 79, 80, 55, 58, 41, 44, 11, 6, 8, 12, 3, 0, 0, 0, 4, 29, 43, 38, 53, 66, 63, 72, 81, 98, 98, 114, 112, 123, 122, 127, 127, 127, 119, 110, 85, 79, 76, 72, 77, 49, 46, 33, 14, 18, 0, 4, 6, 7, 0, 5, 24, 14, 31, 25, 39, 37, 66, 65, 74, 87, 107, 121, 127, 123, 122, 127, 127, 123, 116, 118, 118, 110, 97, 89, 89, 79, 78, 69, 43, 40, 37, 30]"
In-Distribution,10,exact_guidance_u,235,0,107,106,"[129, 16, 8, 9, 7, 17, 21, 29, 38, 51, 91, 111, 97, 103, 119, 123, 127, 127, 127, 127, 114, 124, 123, 101, 94, 79, 80, 55, 58, 41, 44, 11, 6, 8, 12, 3, 0, 0, 0, 4, 29, 43, 38, 53, 66, 63, 72, 81, 98, 98, 114, 112, 123, 122, 127, 127, 127, 119, 110, 85, 79, 76, 72, 77, 49, 46, 33, 14, 18, 0, 4, 6, 7, 0, 5, 24, 14, 31, 25, 39, 37, 66, 65, 74, 87, 107, 121, 127, 123, 122, 127, 127, 123, 116, 118, 118, 110, 97, 89, 89, 79, 78, 69, 43, 40, 37, 30]","[16, 8, 9, 7, 17, 21, 29, 38, 51, 91, 111, 97, 103, 119, 123, 127, 127, 127, 127, 114, 124, 123, 101, 94, 79, 80, 55, 58, 41, 44, 11, 6, 8, 12, 3, 0, 0, 0, 4, 29, 43, 38, 53, 66, 63, 72, 81, 98, 98, 114, 112, 123, 122, 127, 127, 127, 119, 110, 85, 79, 76, 72, 77, 49, 46, 33, 14, 18, 0, 4, 6, 7, 0, 5, 24, 14, 31, 25, 39, 37, 66, 65, 74, 87, 107, 121, 127, 123, 122, 127, 127, 123, 116, 118, 118, 110, 97, 89, 89, 79, 78, 69, 43, 40, 37, 30]"
In-Distribution,10,exact_guidance_u,236,0,107,106,"[129, 16, 8, 9, 7, 17, 21, 29, 38, 51, 91, 111, 97, 103, 119, 123, 127, 127, 127, 127, 114, 124, 123, 101, 94, 79, 80, 55, 58, 41, 44, 11, 6, 8, 12, 3, 0, 0, 0, 4, 29, 43, 38, 53, 66, 63, 72, 81, 98, 98, 114, 112, 123, 122, 127, 127, 127, 119, 110, 85, 79, 76, 72, 77, 49, 46, 33, 14, 18, 0, 4, 6, 7, 0, 5, 24, 14, 31, 25, 39, 37, 66, 65, 74, 87, 107, 121, 127, 123, 122, 127, 127, 123, 116, 118, 118, 110, 97, 89, 89, 79, 78, 69, 43, 40, 37, 30]","[16, 8, 9, 7, 17, 21, 29, 38, 51, 91, 111, 97, 103, 119, 123, 127, 127, 127, 127, 114, 124, 123, 101, 94, 79, 80, 55, 58, 41, 44, 11, 6, 8, 12, 3, 0, 0, 0, 4, 29, 43, 38, 53, 66, 63, 72, 81, 98, 98, 114, 112, 123, 122, 127, 127, 127, 119, 110, 85, 79, 76, 72, 77, 49, 46, 33, 14, 18, 0, 4, 6, 7, 0, 5, 24, 14, 31, 25, 39, 37, 66, 65, 74, 87, 107, 121, 127, 123, 122, 127, 127, 123, 116, 118, 118, 110, 97, 89, 89, 79, 78, 69, 43, 40, 37, 30]"
In-Distribution,10,exact_guidance_u,237,0,107,106,"[129, 16, 8, 9, 7, 17, 21, 29, 38, 51, 91, 111, 97, 103, 119, 123, 127, 127, 127, 127, 114, 124, 123, 101, 94, 79, 80, 55, 58, 41, 44, 11, 6, 8, 12, 3, 0, 0, 0, 4, 29, 43, 38, 53, 66, 63, 72, 81, 98, 98, 114, 112, 123, 122, 127, 127, 127, 119, 110, 85, 79, 76, 72, 77, 49, 46, 33, 14, 18, 0, 4, 6, 7, 0, 5, 24, 14, 31, 25, 39, 37, 66, 65, 74, 87, 107, 121, 127, 123, 122, 127, 127, 123, 116, 118, 118, 110, 97, 89, 89, 79, 78, 69, 43, 40, 37, 30]","[16, 8, 9, 7, 17, 21, 29, 38, 51, 91, 111, 97, 103, 119, 123, 127, 127, 127, 127, 114, 124, 123, 101, 94, 79, 80, 55, 58, 41, 44, 11, 6, 8, 12, 3, 0, 0, 0, 4, 29, 43, 38, 53, 66, 63, 72, 81, 98, 98, 114, 112, 123, 122, 127, 127, 127, 119, 110, 85, 79, 76, 72, 77, 49, 46, 33, 14, 18, 0, 4, 6, 7, 0, 5, 24, 14, 31, 25, 39, 37, 66, 65, 74, 87, 107, 121, 127, 123, 122, 127, 127, 123, 116, 118, 118, 110, 97, 89, 89, 79, 78, 69, 43, 40, 37, 30]"
In-Distribution,10,exact_guidance_u,238,0,107,106,"[129, 16, 8, 9, 7, 17, 21, 29, 38, 51, 91, 111, 97, 103, 119, 123, 127, 127, 127, 127, 114, 124, 123, 101, 94, 79, 80, 55, 58, 41, 44, 11, 6, 8, 12, 3, 0, 0, 0, 4, 29, 43, 38, 53, 66, 63, 72, 81, 98, 98, 114, 112, 123, 122, 127, 127, 127, 119, 110, 85, 79, 76, 72, 77, 49, 46, 33, 14, 18, 0, 4, 6, 7, 0, 5, 24, 14, 31, 25, 39, 37, 66, 65, 74, 87, 107, 121, 127, 123, 122, 127, 127, 123, 116, 118, 118, 110, 97, 89, 89, 79, 78, 69, 43, 40, 37, 30]","[16, 8, 9, 7, 17, 21, 29, 38, 51, 91, 111, 97, 103, 119, 123, 127, 127, 127, 127, 114, 124, 123, 101, 94, 79, 80, 55, 58, 41, 44, 11, 6, 8, 12, 3, 0, 0, 0, 4, 29, 43, 38, 53, 66, 63, 72, 81, 98, 98, 114, 112, 123, 122, 127, 127, 127, 119, 110, 85, 79, 76, 72, 77, 49, 46, 33, 14, 18, 0, 4, 6, 7, 0, 5, 24, 14, 31, 25, 39, 37, 66, 65, 74, 87, 107, 121, 127, 123, 122, 127, 127, 123, 116, 118, 118, 110, 97, 89, 89, 79, 78, 69, 43, 40, 37, 30]"
In-Distribution,10,exact_guidance_u,239,0,107,106,"[129, 16, 8, 9, 7, 17, 21, 29, 38, 51, 91, 111, 97, 103, 119, 123, 127, 127, 127, 127, 114, 124, 123, 101, 94, 79, 80, 55, 58, 41, 44, 11, 6, 8, 12, 3, 0, 0, 0, 4, 29, 43, 38, 53, 66, 63, 72, 81, 98, 98, 114, 112, 123, 122, 127, 127, 127, 119, 110, 85, 79, 76, 72, 77, 49, 46, 33, 14, 18, 0, 4, 6, 7, 0, 5, 24, 14, 31, 25, 39, 37, 66, 65, 74, 87, 107, 121, 127, 123, 122, 127, 127, 123, 116, 118, 118, 110, 97, 89, 89, 79, 78, 69, 43, 40, 37, 30]","[16, 8, 9, 7, 17, 21, 29, 38, 51, 91, 111, 97, 103, 119, 123, 127, 127, 127, 127, 114, 124, 123, 101, 94, 79, 80, 55, 58, 41, 44, 11, 6, 8, 12, 3, 0, 0, 0, 4, 29, 43, 38, 53, 66, 63, 72, 81, 98, 98, 114, 112, 123, 122, 127, 127, 127, 119, 110, 85, 79, 76, 72, 77, 49, 46, 33, 14, 18, 0, 4, 6, 7, 0, 5, 24, 14, 31, 25, 39, 37, 66, 65, 74, 87, 107, 121, 127, 123, 122, 127, 127, 123, 116, 118, 118, 110, 97, 89, 89, 79, 78, 69, 43, 40, 37, 30]"
In-Distribution,10,exact_guidance_u,240,0,107,106,"[129, 16, 8, 9, 7, 17, 21, 29, 38, 51, 91, 111, 97, 103, 119, 123, 127, 127, 127, 127, 114, 124, 123, 101, 94, 79, 80, 55, 58, 41, 44, 11, 6, 8, 12, 3, 0, 0, 0, 4, 29, 43, 38, 53, 66, 63, 72, 81, 98, 98, 114, 112, 123, 122, 127, 127, 127, 119, 110, 85, 79, 76, 72, 77, 49, 46, 33, 14, 18, 0, 4, 6, 7, 0, 5, 24, 14, 31, 25, 39, 37, 66, 65, 74, 87, 107, 121, 127, 123, 122, 127, 127, 123, 116, 118, 118, 110, 97, 89, 89, 79, 78, 69, 43, 40, 37, 30]","[16, 8, 9, 7, 17, 21, 29, 38, 51, 91, 111, 97, 103, 119, 123, 127, 127, 127, 127, 114, 124, 123, 101, 94, 79, 80, 55, 58, 41, 44, 11, 6, 8, 12, 3, 0, 0, 0, 4, 29, 43, 38, 53, 66, 63, 72, 81, 98, 98, 114, 112, 123, 122, 127, 127, 127, 119, 110, 85, 79, 76, 72, 77, 49, 46, 33, 14, 18, 0, 4, 6, 7, 0, 5, 24, 14, 31, 25, 39, 37, 66, 65, 74, 87, 107, 121, 127, 123, 122, 127, 127, 123, 116, 118, 118, 110, 97, 89, 89, 79, 78, 69, 43, 40, 37, 30]"
In-Distribution,10,exact_guidance_u,241,0,107,106,"[129, 16, 8, 9, 7, 17, 21, 29, 38, 51, 91, 111, 97, 103, 119, 123, 127, 127, 127, 127, 114, 124, 123, 101, 94, 79, 80, 55, 58, 41, 44, 11, 6, 8, 12, 3, 0, 0, 0, 4, 29, 43, 38, 53, 66, 63, 72, 81, 98, 98, 114, 112, 123, 122, 127, 127, 127, 119, 110, 85, 79, 76, 72, 77, 49, 46, 33, 14, 18, 0, 4, 6, 7, 0, 5, 24, 14, 31, 25, 39, 37, 66, 65, 74, 87, 107, 121, 127, 123, 122, 127, 127, 123, 116, 118, 118, 110, 97, 89, 89, 79, 78, 69, 43, 40, 37, 30]","[16, 8, 9, 7, 17, 21, 29, 38, 51, 91, 111, 97, 103, 119, 123, 127, 127, 127, 127, 114, 124, 123, 101, 94, 79, 80, 55, 58, 41, 44, 11, 6, 8, 12, 3, 0, 0, 0, 4, 29, 43, 38, 53, 66, 63, 72, 81, 98, 98, 114, 112, 123, 122, 127, 127, 127, 119, 110, 85, 79, 76, 72, 77, 49, 46, 33, 14, 18, 0, 4, 6, 7, 0, 5, 24, 14, 31, 25, 39, 37, 66, 65, 74, 87, 107, 121, 127, 123, 122, 127, 127, 123, 116, 118, 118, 110, 97, 89, 89, 79, 78, 69, 43, 40, 37, 30]"
In-Distribution,10,exact_guidance_u,242,0,107,106,"[129, 16, 8, 9, 7, 17, 21, 29, 38, 51, 91, 111, 97, 103, 119, 123, 127, 127, 127, 127, 114, 124, 123, 101, 94, 79, 80, 55, 58, 41, 44, 11, 6, 8, 12, 3, 0, 0, 0, 4, 29, 43, 38, 53, 66, 63, 72, 81, 98, 98, 114, 112, 123, 122, 127, 127, 127, 119, 110, 85, 79, 76, 72, 77, 49, 46, 33, 14, 18, 0, 4, 6, 7, 0, 5, 24, 14, 31, 25, 39, 37, 66, 65, 74, 87, 107, 121, 127, 123, 122, 127, 127, 123, 116, 118, 118, 110, 97, 89, 89, 79, 78, 69, 43, 40, 37, 30]","[16, 8, 9, 7, 17, 21, 29, 38, 51, 91, 111, 97, 103, 119, 123, 127, 127, 127, 127, 114, 124, 123, 101, 94, 79, 80, 55, 58, 41, 44, 11, 6, 8, 12, 3, 0, 0, 0, 4, 29, 43, 38, 53, 66, 63, 72, 81, 98, 98, 114, 112, 123, 122, 127, 127, 127, 119, 110, 85, 79, 76, 72, 77, 49, 46, 33, 14, 18, 0, 4, 6, 7, 0, 5, 24, 14, 31, 25, 39, 37, 66, 65, 74, 87, 107, 121, 127, 123, 122, 127, 127, 123, 116, 118, 118, 110, 97, 89, 89, 79, 78, 69, 43, 40, 37, 30]"
In-Distribution,10,exact_guidance_u,243,0,107,106,"[129, 16, 8, 9, 7, 17, 21, 29, 38, 51, 91, 111, 97, 103, 119, 123, 127, 127, 127, 127, 114, 124, 123, 101, 94, 79, 80, 55, 58, 41, 44, 11, 6, 8, 12, 3, 0, 0, 0, 4, 29, 43, 38, 53, 66, 63, 72, 81, 98, 98, 114, 112, 123, 122, 127, 127, 127, 119, 110, 85, 79, 76, 72, 77, 49, 46, 33, 14, 18, 0, 4, 6, 7, 0, 5, 24, 14, 31, 25, 39, 37, 66, 65, 74, 87, 107, 121, 127, 123, 122, 127, 127, 123, 116, 118, 118, 110, 97, 89, 89, 79, 78, 69, 43, 40, 37, 30]","[16, 8, 9, 7, 17, 21, 29, 38, 51, 91, 111, 97, 103, 119, 123, 127, 127, 127, 127, 114, 124, 123, 101, 94, 79, 80, 55, 58, 41, 44, 11, 6, 8, 12, 3, 0, 0, 0, 4, 29, 43, 38, 53, 66, 63, 72, 81, 98, 98, 114, 112, 123, 122, 127, 127, 127, 119, 110, 85, 79, 76, 72, 77, 49, 46, 33, 14, 18, 0, 4, 6, 7, 0, 5, 24, 14, 31, 25, 39, 37, 66, 65, 74, 87, 107, 121, 127, 123, 122, 127, 127, 123, 116, 118, 118, 110, 97, 89, 89, 79, 78, 69, 43, 40, 37, 30]"
In-Distribution,10,exact_guidance_u,244,0,107,106,"[129, 16, 8, 9, 7, 17, 21, 29, 38, 51, 91, 111, 97, 103, 119, 123, 127, 127, 127, 127, 114, 124, 123, 101, 94, 79, 80, 55, 58, 41, 44, 11, 6, 8, 12, 3, 0, 0, 0, 4, 29, 43, 38, 53, 66, 63, 72, 81, 98, 98, 114, 112, 123, 122, 127, 127, 127, 119, 110, 85, 79, 76, 72, 77, 49, 46, 33, 14, 18, 0, 4, 6, 7, 0, 5, 24, 14, 31, 25, 39, 37, 66, 65, 74, 87, 107, 121, 127, 123, 122, 127, 127, 123, 116, 118, 118, 110, 97, 89, 89, 79, 78, 69, 43, 40, 37, 30]","[16, 8, 9, 7, 17, 21, 29, 38, 51, 91, 111, 97, 103, 119, 123, 127, 127, 127, 127, 114, 124, 123, 101, 94, 79, 80, 55, 58, 41, 44, 11, 6, 8, 12, 3, 0, 0, 0, 4, 29, 43, 38, 53, 66, 63, 72, 81, 98, 98, 114, 112, 123, 122, 127, 127, 127, 119, 110, 85, 79, 76, 72, 77, 49, 46, 33, 14, 18, 0, 4, 6, 7, 0, 5, 24, 14, 31, 25, 39, 37, 66, 65, 74, 87, 107, 121, 127, 123, 122, 127, 127, 123, 116, 118, 118, 110, 97, 89, 89, 79, 78, 69, 43, 40, 37, 30]"
In-Distribution,10,exact_guidance_u,245,0,107,106,"[129, 16, 8, 9, 7, 17, 21, 29, 38, 51, 91, 111, 97, 103, 119, 123, 127, 127, 127, 127, 114, 124, 123, 101, 94, 79, 80, 55, 58, 41, 44, 11, 6, 8, 12, 3, 0, 0, 0, 4, 29, 43, 38, 53, 66, 63, 72, 81, 98, 98, 114, 112, 123, 122, 127, 127, 127, 119, 110, 85, 79, 76, 72, 77, 49, 46, 33, 14, 18, 0, 4, 6, 7, 0, 5, 24, 14, 31, 25, 39, 37, 66, 65, 74, 87, 107, 121, 127, 123, 122, 127, 127, 123, 116, 118, 118, 110, 97, 89, 89, 79, 78, 69, 43, 40, 37, 30]","[16, 8, 9, 7, 17, 21, 29, 38, 51, 91, 111, 97, 103, 119, 123, 127, 127, 127, 127, 114, 124, 123, 101, 94, 79, 80, 55, 58, 41, 44, 11, 6, 8, 12, 3, 0, 0, 0, 4, 29, 43, 38, 53, 66, 63, 72, 81, 98, 98, 114, 112, 123, 122, 127, 127, 127, 119, 110, 85, 79, 76, 72, 77, 49, 46, 33, 14, 18, 0, 4, 6, 7, 0, 5, 24, 14, 31, 25, 39, 37, 66, 65, 74, 87, 107, 121, 127, 123, 122, 127, 127, 123, 116, 118, 118, 110, 97, 89, 89, 79, 78, 69, 43, 40, 37, 30]"
In-Distribution,10,exact_guidance_u,246,0,107,106,"[129, 16, 8, 9, 7, 17, 21, 29, 38, 51, 91, 111, 97, 103, 119, 123, 127, 127, 127, 127, 114, 124, 123, 101, 94, 79, 80, 55, 58, 41, 44, 11, 6, 8, 12, 3, 0, 0, 0, 4, 29, 43, 38, 53, 66, 63, 72, 81, 98, 98, 114, 112, 123, 122, 127, 127, 127, 119, 110, 85, 79, 76, 72, 77, 49, 46, 33, 14, 18, 0, 4, 6, 7, 0, 5, 24, 14, 31, 25, 39, 37, 66, 65, 74, 87, 107, 121, 127, 123, 122, 127, 127, 123, 116, 118, 118, 110, 97, 89, 89, 79, 78, 69, 43, 40, 37, 30]","[16, 8, 9, 7, 17, 21, 29, 38, 51, 91, 111, 97, 103, 119, 123, 127, 127, 127, 127, 114, 124, 123, 101, 94, 79, 80, 55, 58, 41, 44, 11, 6, 8, 12, 3, 0, 0, 0, 4, 29, 43, 38, 53, 66, 63, 72, 81, 98, 98, 114, 112, 123, 122, 127, 127, 127, 119, 110, 85, 79, 76, 72, 77, 49, 46, 33, 14, 18, 0, 4, 6, 7, 0, 5, 24, 14, 31, 25, 39, 37, 66, 65, 74, 87, 107, 121, 127, 123, 122, 127, 127, 123, 116, 118, 118, 110, 97, 89, 89, 79, 78, 69, 43, 40, 37, 30]"
In-Distribution,10,exact_guidance_u,247,0,108,107,"[129, 16, 8, 9, 7, 17, 21, 29, 38, 51, 91, 111, 97, 103, 119, 123, 127, 127, 127, 127, 114, 124, 123, 101, 94, 79, 75, 80, 55, 58, 41, 44, 11, 6, 8, 12, 3, 0, 0, 0, 4, 29, 43, 38, 53, 66, 63, 72, 81, 98, 98, 114, 112, 123, 122, 127, 127, 127, 119, 110, 85, 79, 76, 72, 77, 49, 46, 33, 14, 18, 0, 4, 6, 7, 0, 5, 24, 14, 31, 25, 39, 37, 66, 65, 74, 87, 107, 121, 127, 123, 122, 127, 127, 123, 116, 118, 118, 110, 97, 89, 89, 79, 78, 69, 43, 40, 37, 30]","[16, 8, 9, 7, 17, 21, 29, 38, 51, 91, 111, 97, 103, 119, 123, 127, 127, 127, 127, 114, 124, 123, 101, 94, 79, 75, 80, 55, 58, 41, 44, 11, 6, 8, 12, 3, 0, 0, 0, 4, 29, 43, 38, 53, 66, 63, 72, 81, 98, 98, 114, 112, 123, 122, 127, 127, 127, 119, 110, 85, 79, 76, 72, 77, 49, 46, 33, 14, 18, 0, 4, 6, 7, 0, 5, 24, 14, 31, 25, 39, 37, 66, 65, 74, 87, 107, 121, 127, 123, 122, 127, 127, 123, 116, 118, 118, 110, 97, 89, 89, 79, 78, 69, 43, 40, 37, 30]"
In-Distribution,10,exact_guidance_u,248,0,108,107,"[129, 16, 8, 9, 7, 17, 21, 29, 38, 51, 91, 111, 97, 103, 119, 123, 127, 127, 127, 127, 114, 124, 123, 101, 94, 79, 75, 80, 55, 58, 41, 44, 11, 6, 8, 12, 3, 0, 0, 0, 4, 29, 43, 38, 53, 66, 63, 72, 81, 98, 98, 114, 112, 123, 122, 127, 127, 127, 119, 110, 85, 79, 76, 72, 77, 49, 46, 33, 14, 18, 0, 4, 6, 7, 0, 5, 24, 14, 31, 25, 39, 37, 66, 65, 74, 87, 107, 121, 127, 123, 122, 127, 127, 123, 116, 118, 118, 110, 97, 89, 89, 79, 78, 69, 43, 40, 37, 30]","[16, 8, 9, 7, 17, 21, 29, 38, 51, 91, 111, 97, 103, 119, 123, 127, 127, 127, 127, 114, 124, 123, 101, 94, 79, 75, 80, 55, 58, 41, 44, 11, 6, 8, 12, 3, 0, 0, 0, 4, 29, 43, 38, 53, 66, 63, 72, 81, 98, 98, 114, 112, 123, 122, 127, 127, 127, 119, 110, 85, 79, 76, 72, 77, 49, 46, 33, 14, 18, 0, 4, 6, 7, 0, 5, 24, 14, 31, 25, 39, 37, 66, 65, 74, 87, 107, 121, 127, 123, 122, 127, 127, 123, 116, 118, 118, 110, 97, 89, 89, 79, 78, 69, 43, 40, 37, 30]"
In-Distribution,10,exact_guidance_u,249,0,108,107,"[129, 16, 8, 9, 7, 17, 21, 29, 38, 51, 91, 111, 97, 103, 119, 123, 127, 127, 127, 127, 114, 124, 123, 101, 94, 79, 75, 80, 55, 58, 41, 44, 11, 6, 8, 12, 3, 0, 0, 0, 4, 29, 43, 38, 53, 66, 63, 72, 81, 98, 98, 114, 112, 123, 122, 127, 127, 127, 119, 110, 85, 79, 76, 72, 77, 49, 46, 33, 14, 18, 0, 4, 6, 7, 0, 5, 24, 14, 31, 25, 39, 37, 66, 65, 74, 87, 107, 121, 127, 123, 122, 127, 127, 123, 116, 118, 118, 110, 97, 89, 89, 79, 78, 69, 43, 40, 37, 30]","[16, 8, 9, 7, 17, 21, 29, 38, 51, 91, 111, 97, 103, 119, 123, 127, 127, 127, 127, 114, 124, 123, 101, 94, 79, 75, 80, 55, 58, 41, 44, 11, 6, 8, 12, 3, 0, 0, 0, 4, 29, 43, 38, 53, 66, 63, 72, 81, 98, 98, 114, 112, 123, 122, 127, 127, 127, 119, 110, 85, 79, 76, 72, 77, 49, 46, 33, 14, 18, 0, 4, 6, 7, 0, 5, 24, 14, 31, 25, 39, 37, 66, 65, 74, 87, 107, 121, 127, 123, 122, 127, 127, 123, 116, 118, 118, 110, 97, 89, 89, 79, 78, 69, 43, 40, 37, 30]"
In-Distribution,10,exact_guidance_u,250,0,108,107,"[129, 16, 8, 9, 7, 17, 21, 29, 38, 51, 91, 111, 97, 103, 119, 123, 127, 127, 127, 127, 114, 124, 123, 101, 94, 79, 75, 80, 55, 58, 41, 44, 11, 6, 8, 12, 3, 0, 0, 0, 4, 29, 43, 38, 53, 66, 63, 72, 81, 98, 98, 114, 112, 123, 122, 127, 127, 127, 119, 110, 85, 79, 76, 72, 77, 49, 46, 33, 14, 18, 0, 4, 6, 7, 0, 5, 24, 14, 31, 25, 39, 37, 66, 65, 74, 87, 107, 121, 127, 123, 122, 127, 127, 123, 116, 118, 118, 110, 97, 89, 89, 79, 78, 69, 43, 40, 37, 30]","[16, 8, 9, 7, 17, 21, 29, 38, 51, 91, 111, 97, 103, 119, 123, 127, 127, 127, 127, 114, 124, 123, 101, 94, 79, 75, 80, 55, 58, 41, 44, 11, 6, 8, 12, 3, 0, 0, 0, 4, 29, 43, 38, 53, 66, 63, 72, 81, 98, 98, 114, 112, 123, 122, 127, 127, 127, 119, 110, 85, 79, 76, 72, 77, 49, 46, 33, 14, 18, 0, 4, 6, 7, 0, 5, 24, 14, 31, 25, 39, 37, 66, 65, 74, 87, 107, 121, 127, 123, 122, 127, 127, 123, 116, 118, 118, 110, 97, 89, 89, 79, 78, 69, 43, 40, 37, 30]"
In-Distribution,10,exact_guidance_u,251,0,108,107,"[129, 16, 8, 9, 7, 17, 21, 29, 38, 51, 91, 111, 97, 103, 119, 123, 127, 127, 127, 127, 114, 124, 123, 101, 94, 79, 75, 80, 55, 58, 41, 44, 11, 6, 8, 12, 3, 0, 0, 0, 4, 29, 43, 38, 53, 66, 63, 72, 81, 98, 98, 114, 112, 123, 122, 127, 127, 127, 119, 110, 85, 79, 76, 72, 77, 49, 46, 33, 14, 18, 0, 4, 6, 7, 0, 5, 24, 14, 31, 25, 39, 37, 66, 65, 74, 87, 107, 121, 127, 123, 122, 127, 127, 123, 116, 118, 118, 110, 97, 89, 89, 79, 78, 69, 43, 40, 37, 30]","[16, 8, 9, 7, 17, 21, 29, 38, 51, 91, 111, 97, 103, 119, 123, 127, 127, 127, 127, 114, 124, 123, 101, 94, 79, 75, 80, 55, 58, 41, 44, 11, 6, 8, 12, 3, 0, 0, 0, 4, 29, 43, 38, 53, 66, 63, 72, 81, 98, 98, 114, 112, 123, 122, 127, 127, 127, 119, 110, 85, 79, 76, 72, 77, 49, 46, 33, 14, 18, 0, 4, 6, 7, 0, 5, 24, 14, 31, 25, 39, 37, 66, 65, 74, 87, 107, 121, 127, 123, 122, 127, 127, 123, 116, 118, 118, 110, 97, 89, 89, 79, 78, 69, 43, 40, 37, 30]"
In-Distribution,10,exact_guidance_u,252,0,108,107,"[129, 16, 8, 9, 7, 17, 21, 29, 38, 51, 91, 111, 97, 103, 119, 123, 127, 127, 127, 127, 114, 124, 123, 101, 94, 79, 75, 80, 55, 58, 41, 44, 11, 6, 8, 12, 3, 0, 0, 0, 4, 29, 43, 38, 53, 66, 63, 72, 81, 98, 98, 114, 112, 123, 122, 127, 127, 127, 119, 110, 85, 79, 76, 72, 77, 49, 46, 33, 14, 18, 0, 4, 6, 7, 0, 5, 24, 14, 31, 25, 39, 37, 66, 65, 74, 87, 107, 121, 127, 123, 122, 127, 127, 123, 116, 118, 118, 110, 97, 89, 89, 79, 78, 69, 43, 40, 37, 30]","[16, 8, 9, 7, 17, 21, 29, 38, 51, 91, 111, 97, 103, 119, 123, 127, 127, 127, 127, 114, 124, 123, 101, 94, 79, 75, 80, 55, 58, 41, 44, 11, 6, 8, 12, 3, 0, 0, 0, 4, 29, 43, 38, 53, 66, 63, 72, 81, 98, 98, 114, 112, 123, 122, 127, 127, 127, 119, 110, 85, 79, 76, 72, 77, 49, 46, 33, 14, 18, 0, 4, 6, 7, 0, 5, 24, 14, 31, 25, 39, 37, 66, 65, 74, 87, 107, 121, 127, 123, 122, 127, 127, 123, 116, 118, 118, 110, 97, 89, 89, 79, 78, 69, 43, 40, 37, 30]"
In-Distribution,10,exact_guidance_u,253,0,108,107,"[129, 16, 8, 9, 7, 17, 21, 29, 38, 51, 91, 111, 97, 103, 119, 123, 127, 127, 127, 127, 114, 124, 123, 101, 94, 79, 75, 80, 55, 58, 41, 44, 11, 6, 8, 12, 3, 0, 0, 0, 4, 29, 43, 38, 53, 66, 63, 72, 81, 98, 98, 114, 112, 123, 122, 127, 127, 127, 119, 110, 85, 79, 76, 72, 77, 49, 46, 33, 14, 18, 0, 4, 6, 7, 0, 5, 24, 14, 31, 25, 39, 37, 66, 65, 74, 87, 107, 121, 127, 123, 122, 127, 127, 123, 116, 118, 118, 110, 97, 89, 89, 79, 78, 69, 43, 40, 37, 30]","[16, 8, 9, 7, 17, 21, 29, 38, 51, 91, 111, 97, 103, 119, 123, 127, 127, 127, 127, 114, 124, 123, 101, 94, 79, 75, 80, 55, 58, 41, 44, 11, 6, 8, 12, 3, 0, 0, 0, 4, 29, 43, 38, 53, 66, 63, 72, 81, 98, 98, 114, 112, 123, 122, 127, 127, 127, 119, 110, 85, 79, 76, 72, 77, 49, 46, 33, 14, 18, 0, 4, 6, 7, 0, 5, 24, 14, 31, 25, 39, 37, 66, 65, 74, 87, 107, 121, 127, 123, 122, 127, 127, 123, 116, 118, 118, 110, 97, 89, 89, 79, 78, 69, 43, 40, 37, 30]"
In-Distribution,10,exact_guidance_u,254,0,108,107,"[129, 16, 8, 9, 7, 17, 21, 29, 38, 51, 91, 111, 97, 103, 119, 123, 127, 127, 127, 127, 114, 124, 123, 101, 94, 79, 75, 80, 55, 58, 41, 44, 11, 6, 8, 12, 3, 0, 0, 0, 4, 29, 43, 38, 53, 66, 63, 72, 81, 98, 98, 114, 112, 123, 122, 127, 127, 127, 119, 110, 85, 79, 76, 72, 77, 49, 46, 33, 14, 18, 0, 4, 6, 7, 0, 5, 24, 14, 31, 25, 39, 37, 66, 65, 74, 87, 107, 121, 127, 123, 122, 127, 127, 123, 116, 118, 118, 110, 97, 89, 89, 79, 78, 69, 43, 40, 37, 30]","[16, 8, 9, 7, 17, 21, 29, 38, 51, 91, 111, 97, 103, 119, 123, 127, 127, 127, 127, 114, 124, 123, 101, 94, 79, 75, 80, 55, 58, 41, 44, 11, 6, 8, 12, 3, 0, 0, 0, 4, 29, 43, 38, 53, 66, 63, 72, 81, 98, 98, 114, 112, 123, 122, 127, 127, 127, 119, 110, 85, 79, 76, 72, 77, 49, 46, 33, 14, 18, 0, 4, 6, 7, 0, 5, 24, 14, 31, 25, 39, 37, 66, 65, 74, 87, 107, 121, 127, 123, 122, 127, 127, 123, 116, 118, 118, 110, 97, 89, 89, 79, 78, 69, 43, 40, 37, 30]"
In-Distribution,10,exact_guidance_u,255,0,108,107,"[129, 16, 8, 9, 7, 17, 21, 29, 38, 51, 91, 111, 97, 103, 119, 123, 127, 127, 127, 127, 114, 124, 123, 101, 94, 79, 75, 80, 55, 58, 41, 44, 11, 6, 8, 12, 3, 0, 0, 0, 4, 29, 43, 38, 53, 66, 63, 72, 81, 98, 98, 114, 112, 123, 122, 127, 127, 127, 119, 110, 85, 79, 76, 72, 77, 49, 46, 33, 14, 18, 0, 4, 6, 7, 0, 5, 24, 14, 31, 25, 39, 37, 66, 65, 74, 87, 107, 121, 127, 123, 122, 127, 127, 123, 116, 118, 118, 110, 97, 89, 89, 79, 78, 69, 43, 40, 37, 30]","[16, 8, 9, 7, 17, 21, 29, 38, 51, 91, 111, 97, 103, 119, 123, 127, 127, 127, 127, 114, 124, 123, 101, 94, 79, 75, 80, 55, 58, 41, 44, 11, 6, 8, 12, 3, 0, 0, 0, 4, 29, 43, 38, 53, 66, 63, 72, 81, 98, 98, 114, 112, 123, 122, 127, 127, 127, 119, 110, 85, 79, 76, 72, 77, 49, 46, 33, 14, 18, 0, 4, 6, 7, 0, 5, 24, 14, 31, 25, 39, 37, 66, 65, 74, 87, 107, 121, 127, 123, 122, 127, 127, 123, 116, 118, 118, 110, 97, 89, 89, 79, 78, 69, 43, 40, 37, 30]"
In-Distribution,10,exact_guidance_u,256,0,108,107,"[129, 16, 8, 9, 7, 17, 21, 29, 38, 51, 91, 111, 97, 103, 119, 123, 127, 127, 127, 127, 114, 124, 123, 101, 94, 79, 75, 80, 55, 58, 41, 44, 11, 6, 8, 12, 3, 0, 0, 0, 4, 29, 43, 38, 53, 66, 63, 72, 81, 98, 98, 114, 112, 123, 122, 127, 127, 127, 119, 110, 85, 79, 76, 72, 77, 49, 46, 33, 14, 18, 0, 4, 6, 7, 0, 5, 24, 14, 31, 25, 39, 37, 66, 65, 74, 87, 107, 121, 127, 123, 122, 127, 127, 123, 116, 118, 118, 110, 97, 89, 89, 79, 78, 69, 43, 40, 37, 30]","[16, 8, 9, 7, 17, 21, 29, 38, 51, 91, 111, 97, 103, 119, 123, 127, 127, 127, 127, 114, 124, 123, 101, 94, 79, 75, 80, 55, 58, 41, 44, 11, 6, 8, 12, 3, 0, 0, 0, 4, 29, 43, 38, 53, 66, 63, 72, 81, 98, 98, 114, 112, 123, 122, 127, 127, 127, 119, 110, 85, 79, 76, 72, 77, 49, 46, 33, 14, 18, 0, 4, 6, 7, 0, 5, 24, 14, 31, 25, 39, 37, 66, 65, 74, 87, 107, 121, 127, 123, 122, 127, 127, 123, 116, 118, 118, 110, 97, 89, 89, 79, 78, 69, 43, 40, 37, 30]"
In-Distribution,10,exact_guidance_u,257,0,108,107,"[129, 16, 8, 9, 7, 17, 21, 29, 38, 51, 91, 111, 97, 103, 119, 123, 127, 127, 127, 127, 114, 124, 123, 101, 94, 79, 75, 80, 55, 58, 41, 44, 11, 6, 8, 12, 3, 0, 0, 0, 4, 29, 43, 38, 53, 66, 63, 72, 81, 98, 98, 114, 112, 123, 122, 127, 127, 127, 119, 110, 85, 79, 76, 72, 77, 49, 46, 33, 14, 18, 0, 4, 6, 7, 0, 5, 24, 14, 31, 25, 39, 37, 66, 65, 74, 87, 107, 121, 127, 123, 122, 127, 127, 123, 116, 118, 118, 110, 97, 89, 89, 79, 78, 69, 43, 40, 37, 30]","[16, 8, 9, 7, 17, 21, 29, 38, 51, 91, 111, 97, 103, 119, 123, 127, 127, 127, 127, 114, 124, 123, 101, 94, 79, 75, 80, 55, 58, 41, 44, 11, 6, 8, 12, 3, 0, 0, 0, 4, 29, 43, 38, 53, 66, 63, 72, 81, 98, 98, 114, 112, 123, 122, 127, 127, 127, 119, 110, 85, 79, 76, 72, 77, 49, 46, 33, 14, 18, 0, 4, 6, 7, 0, 5, 24, 14, 31, 25, 39, 37, 66, 65, 74, 87, 107, 121, 127, 123, 122, 127, 127, 123, 116, 118, 118, 110, 97, 89, 89, 79, 78, 69, 43, 40, 37, 30]"
In-Distribution,10,exact_guidance_u,258,0,108,107,"[129, 16, 8, 9, 7, 17, 21, 29, 38, 51, 91, 111, 97, 103, 119, 123, 127, 127, 127, 127, 114, 124, 123, 101, 94, 79, 75, 80, 55, 58, 41, 44, 11, 6, 8, 12, 3, 0, 0, 0, 4, 29, 43, 38, 53, 66, 63, 72, 81, 98, 98, 114, 112, 123, 122, 127, 127, 127, 119, 110, 85, 79, 76, 72, 77, 49, 46, 33, 14, 18, 0, 4, 6, 7, 0, 5, 24, 14, 31, 25, 39, 37, 66, 65, 74, 87, 107, 121, 127, 123, 122, 127, 127, 123, 116, 118, 118, 110, 97, 89, 89, 79, 78, 69, 43, 40, 37, 30]","[16, 8, 9, 7, 17, 21, 29, 38, 51, 91, 111, 97, 103, 119, 123, 127, 127, 127, 127, 114, 124, 123, 101, 94, 79, 75, 80, 55, 58, 41, 44, 11, 6, 8, 12, 3, 0, 0, 0, 4, 29, 43, 38, 53, 66, 63, 72, 81, 98, 98, 114, 112, 123, 122, 127, 127, 127, 119, 110, 85, 79, 76, 72, 77, 49, 46, 33, 14, 18, 0, 4, 6, 7, 0, 5, 24, 14, 31, 25, 39, 37, 66, 65, 74, 87, 107, 121, 127, 123, 122, 127, 127, 123, 116, 118, 118, 110, 97, 89, 89, 79, 78, 69, 43, 40, 37, 30]"
In-Distribution,10,exact_guidance_u,259,0,108,107,"[129, 16, 8, 9, 7, 17, 21, 29, 38, 51, 91, 111, 97, 103, 119, 123, 127, 127, 127, 127, 114, 124, 123, 101, 94, 79, 75, 80, 55, 58, 41, 44, 11, 6, 8, 12, 3, 0, 0, 0, 4, 29, 43, 38, 53, 66, 63, 72, 81, 98, 98, 114, 112, 123, 122, 127, 127, 127, 119, 110, 85, 79, 76, 72, 77, 49, 46, 33, 14, 18, 0, 4, 6, 7, 0, 5, 24, 14, 31, 25, 39, 37, 66, 65, 74, 87, 107, 121, 127, 123, 122, 127, 127, 123, 116, 118, 118, 110, 97, 89, 89, 79, 78, 69, 43, 40, 37, 30]","[16, 8, 9, 7, 17, 21, 29, 38, 51, 91, 111, 97, 103, 119, 123, 127, 127, 127, 127, 114, 124, 123, 101, 94, 79, 75, 80, 55, 58, 41, 44, 11, 6, 8, 12, 3, 0, 0, 0, 4, 29, 43, 38, 53, 66, 63, 72, 81, 98, 98, 114, 112, 123, 122, 127, 127, 127, 119, 110, 85, 79, 76, 72, 77, 49, 46, 33, 14, 18, 0, 4, 6, 7, 0, 5, 24, 14, 31, 25, 39, 37, 66, 65, 74, 87, 107, 121, 127, 123, 122, 127, 127, 123, 116, 118, 118, 110, 97, 89, 89, 79, 78, 69, 43, 40, 37, 30]"
In-Distribution,10,exact_guidance_u,260,0,108,107,"[129, 16, 8, 9, 7, 17, 21, 29, 38, 51, 91, 111, 97, 103, 119, 123, 127, 127, 127, 127, 114, 124, 123, 101, 94, 79, 75, 80, 55, 58, 41, 44, 11, 6, 8, 12, 3, 0, 0, 0, 4, 29, 43, 38, 53, 66, 63, 72, 81, 98, 98, 114, 112, 123, 122, 127, 127, 127, 119, 110, 85, 79, 76, 72, 77, 49, 46, 33, 14, 18, 0, 4, 6, 7, 0, 5, 24, 14, 31, 25, 39, 37, 66, 65, 74, 87, 107, 121, 127, 123, 122, 127, 127, 123, 116, 118, 118, 110, 97, 89, 89, 79, 78, 69, 43, 40, 37, 30]","[16, 8, 9, 7, 17, 21, 29, 38, 51, 91, 111, 97, 103, 119, 123, 127, 127, 127, 127, 114, 124, 123, 101, 94, 79, 75, 80, 55, 58, 41, 44, 11, 6, 8, 12, 3, 0, 0, 0, 4, 29, 43, 38, 53, 66, 63, 72, 81, 98, 98, 114, 112, 123, 122, 127, 127, 127, 119, 110, 85, 79, 76, 72, 77, 49, 46, 33, 14, 18, 0, 4, 6, 7, 0, 5, 24, 14, 31, 25, 39, 37, 66, 65, 74, 87, 107, 121, 127, 123, 122, 127, 127, 123, 116, 118, 118, 110, 97, 89, 89, 79, 78, 69, 43, 40, 37, 30]"
In-Distribution,10,exact_guidance_u,261,0,108,107,"[129, 16, 8, 9, 7, 17, 21, 29, 38, 51, 91, 111, 97, 103, 119, 123, 127, 127, 127, 127, 114, 124, 123, 101, 94, 79, 75, 80, 55, 58, 41, 44, 11, 6, 8, 12, 3, 0, 0, 0, 4, 29, 43, 38, 53, 66, 63, 72, 81, 98, 98, 114, 112, 123, 122, 127, 127, 127, 119, 110, 85, 79, 76, 72, 77, 49, 46, 33, 14, 18, 0, 4, 6, 7, 0, 5, 24, 14, 31, 25, 39, 37, 66, 65, 74, 87, 107, 121, 127, 123, 122, 127, 127, 123, 116, 118, 118, 110, 97, 89, 89, 79, 78, 69, 43, 40, 37, 30]","[16, 8, 9, 7, 17, 21, 29, 38, 51, 91, 111, 97, 103, 119, 123, 127, 127, 127, 127, 114, 124, 123, 101, 94, 79, 75, 80, 55, 58, 41, 44, 11, 6, 8, 12, 3, 0, 0, 0, 4, 29, 43, 38, 53, 66, 63, 72, 81, 98, 98, 114, 112, 123, 122, 127, 127, 127, 119, 110, 85, 79, 76, 72, 77, 49, 46, 33, 14, 18, 0, 4, 6, 7, 0, 5, 24, 14, 31, 25, 39, 37, 66, 65, 74, 87, 107, 121, 127, 123, 122, 127, 127, 123, 116, 118, 118, 110, 97, 89, 89, 79, 78, 69, 43, 40, 37, 30]"
In-Distribution,10,exact_guidance_u,262,0,108,107,"[129, 16, 8, 9, 7, 17, 21, 29, 38, 51, 91, 111, 97, 103, 119, 123, 127, 127, 127, 127, 114, 124, 123, 101, 94, 79, 75, 80, 55, 58, 41, 44, 11, 6, 8, 12, 3, 0, 0, 0, 4, 29, 43, 38, 53, 66, 63, 72, 81, 98, 98, 114, 112, 123, 122, 127, 127, 127, 119, 110, 85, 79, 76, 72, 77, 49, 46, 33, 14, 18, 0, 4, 6, 7, 0, 5, 24, 14, 31, 25, 39, 37, 66, 65, 74, 87, 107, 121, 127, 123, 122, 127, 127, 123, 116, 118, 118, 110, 97, 89, 89, 79, 78, 69, 43, 40, 37, 30]","[16, 8, 9, 7, 17, 21, 29, 38, 51, 91, 111, 97, 103, 119, 123, 127, 127, 127, 127, 114, 124, 123, 101, 94, 79, 75, 80, 55, 58, 41, 44, 11, 6, 8, 12, 3, 0, 0, 0, 4, 29, 43, 38, 53, 66, 63, 72, 81, 98, 98, 114, 112, 123, 122, 127, 127, 127, 119, 110, 85, 79, 76, 72, 77, 49, 46, 33, 14, 18, 0, 4, 6, 7, 0, 5, 24, 14, 31, 25, 39, 37, 66, 65, 74, 87, 107, 121, 127, 123, 122, 127, 127, 123, 116, 118, 118, 110, 97, 89, 89, 79, 78, 69, 43, 40, 37, 30]"
In-Distribution,10,exact_guidance_u,263,0,109,108,"[129, 16, 8, 9, 7, 17, 21, 29, 38, 51, 91, 111, 97, 103, 105, 119, 123, 127, 127, 127, 127, 114, 124, 123, 101, 94, 79, 75, 80, 55, 58, 41, 44, 11, 6, 8, 12, 3, 0, 0, 0, 4, 29, 43, 38, 53, 66, 63, 72, 81, 98, 98, 114, 112, 123, 122, 127, 127, 127, 119, 110, 85, 79, 76, 72, 77, 49, 46, 33, 14, 18, 0, 4, 6, 7, 0, 5, 24, 14, 31, 25, 39, 37, 66, 65, 74, 87, 107, 121, 127, 123, 122, 127, 127, 123, 116, 118, 118, 110, 97, 89, 89, 79, 78, 69, 43, 40, 37, 30]","[16, 8, 9, 7, 17, 21, 29, 38, 51, 91, 111, 97, 103, 105, 119, 123, 127, 127, 127, 127, 114, 124, 123, 101, 94, 79, 75, 80, 55, 58, 41, 44, 11, 6, 8, 12, 3, 0, 0, 0, 4, 29, 43, 38, 53, 66, 63, 72, 81, 98, 98, 114, 112, 123, 122, 127, 127, 127, 119, 110, 85, 79, 76, 72, 77, 49, 46, 33, 14, 18, 0, 4, 6, 7, 0, 5, 24, 14, 31, 25, 39, 37, 66, 65, 74, 87, 107, 121, 127, 123, 122, 127, 127, 123, 116, 118, 118, 110, 97, 89, 89, 79, 78, 69, 43, 40, 37, 30]"
In-Distribution,10,exact_guidance_u,264,0,109,108,"[129, 16, 8, 9, 7, 17, 21, 29, 38, 51, 91, 111, 97, 103, 105, 119, 123, 127, 127, 127, 127, 114, 124, 123, 101, 94, 79, 75, 80, 55, 58, 41, 44, 11, 6, 8, 12, 3, 0, 0, 0, 4, 29, 43, 38, 53, 66, 63, 72, 81, 98, 98, 114, 112, 123, 122, 127, 127, 127, 119, 110, 85, 79, 76, 72, 77, 49, 46, 33, 14, 18, 0, 4, 6, 7, 0, 5, 24, 14, 31, 25, 39, 37, 66, 65, 74, 87, 107, 121, 127, 123, 122, 127, 127, 123, 116, 118, 118, 110, 97, 89, 89, 79, 78, 69, 43, 40, 37, 30]","[16, 8, 9, 7, 17, 21, 29, 38, 51, 91, 111, 97, 103, 105, 119, 123, 127, 127, 127, 127, 114, 124, 123, 101, 94, 79, 75, 80, 55, 58, 41, 44, 11, 6, 8, 12, 3, 0, 0, 0, 4, 29, 43, 38, 53, 66, 63, 72, 81, 98, 98, 114, 112, 123, 122, 127, 127, 127, 119, 110, 85, 79, 76, 72, 77, 49, 46, 33, 14, 18, 0, 4, 6, 7, 0, 5, 24, 14, 31, 25, 39, 37, 66, 65, 74, 87, 107, 121, 127, 123, 122, 127, 127, 123, 116, 118, 118, 110, 97, 89, 89, 79, 78, 69, 43, 40, 37, 30]"
In-Distribution,10,exact_guidance_u,265,0,109,108,"[129, 16, 8, 9, 7, 17, 21, 29, 38, 51, 91, 111, 97, 103, 105, 119, 123, 127, 127, 127, 127, 114, 124, 123, 101, 94, 79, 75, 80, 55, 58, 41, 44, 11, 6, 8, 12, 3, 0, 0, 0, 4, 29, 43, 38, 53, 66, 63, 72, 81, 98, 98, 114, 112, 123, 122, 127, 127, 127, 119, 110, 85, 79, 76, 72, 77, 49, 46, 33, 14, 18, 0, 4, 6, 7, 0, 5, 24, 14, 31, 25, 39, 37, 66, 65, 74, 87, 107, 121, 127, 123, 122, 127, 127, 123, 116, 118, 118, 110, 97, 89, 89, 79, 78, 69, 43, 40, 37, 30]","[16, 8, 9, 7, 17, 21, 29, 38, 51, 91, 111, 97, 103, 105, 119, 123, 127, 127, 127, 127, 114, 124, 123, 101, 94, 79, 75, 80, 55, 58, 41, 44, 11, 6, 8, 12, 3, 0, 0, 0, 4, 29, 43, 38, 53, 66, 63, 72, 81, 98, 98, 114, 112, 123, 122, 127, 127, 127, 119, 110, 85, 79, 76, 72, 77, 49, 46, 33, 14, 18, 0, 4, 6, 7, 0, 5, 24, 14, 31, 25, 39, 37, 66, 65, 74, 87, 107, 121, 127, 123, 122, 127, 127, 123, 116, 118, 118, 110, 97, 89, 89, 79, 78, 69, 43, 40, 37, 30]"
In-Distribution,10,exact_guidance_u,266,0,109,108,"[129, 16, 8, 9, 7, 17, 21, 29, 38, 51, 91, 111, 97, 103, 105, 119, 123, 127, 127, 127, 127, 114, 124, 123, 101, 94, 79, 75, 80, 55, 58, 41, 44, 11, 6, 8, 12, 3, 0, 0, 0, 4, 29, 43, 38, 53, 66, 63, 72, 81, 98, 98, 114, 112, 123, 122, 127, 127, 127, 119, 110, 85, 79, 76, 72, 77, 49, 46, 33, 14, 18, 0, 4, 6, 7, 0, 5, 24, 14, 31, 25, 39, 37, 66, 65, 74, 87, 107, 121, 127, 123, 122, 127, 127, 123, 116, 118, 118, 110, 97, 89, 89, 79, 78, 69, 43, 40, 37, 30]","[16, 8, 9, 7, 17, 21, 29, 38, 51, 91, 111, 97, 103, 105, 119, 123, 127, 127, 127, 127, 114, 124, 123, 101, 94, 79, 75, 80, 55, 58, 41, 44, 11, 6, 8, 12, 3, 0, 0, 0, 4, 29, 43, 38, 53, 66, 63, 72, 81, 98, 98, 114, 112, 123, 122, 127, 127, 127, 119, 110, 85, 79, 76, 72, 77, 49, 46, 33, 14, 18, 0, 4, 6, 7, 0, 5, 24, 14, 31, 25, 39, 37, 66, 65, 74, 87, 107, 121, 127, 123, 122, 127, 127, 123, 116, 118, 118, 110, 97, 89, 89, 79, 78, 69, 43, 40, 37, 30]"
In-Distribution,10,exact_guidance_u,267,0,109,108,"[129, 16, 8, 9, 7, 17, 21, 29, 38, 51, 91, 111, 97, 103, 105, 119, 123, 127, 127, 127, 127, 114, 124, 123, 101, 94, 79, 75, 80, 55, 58, 41, 44, 11, 6, 8, 12, 3, 0, 0, 0, 4, 29, 43, 38, 53, 66, 63, 72, 81, 98, 98, 114, 112, 123, 122, 127, 127, 127, 119, 110, 85, 79, 76, 72, 77, 49, 46, 33, 14, 18, 0, 4, 6, 7, 0, 5, 24, 14, 31, 25, 39, 37, 66, 65, 74, 87, 107, 121, 127, 123, 122, 127, 127, 123, 116, 118, 118, 110, 97, 89, 89, 79, 78, 69, 43, 40, 37, 30]","[16, 8, 9, 7, 17, 21, 29, 38, 51, 91, 111, 97, 103, 105, 119, 123, 127, 127, 127, 127, 114, 124, 123, 101, 94, 79, 75, 80, 55, 58, 41, 44, 11, 6, 8, 12, 3, 0, 0, 0, 4, 29, 43, 38, 53, 66, 63, 72, 81, 98, 98, 114, 112, 123, 122, 127, 127, 127, 119, 110, 85, 79, 76, 72, 77, 49, 46, 33, 14, 18, 0, 4, 6, 7, 0, 5, 24, 14, 31, 25, 39, 37, 66, 65, 74, 87, 107, 121, 127, 123, 122, 127, 127, 123, 116, 118, 118, 110, 97, 89, 89, 79, 78, 69, 43, 40, 37, 30]"
In-Distribution,10,exact_guidance_u,268,0,109,108,"[129, 16, 8, 9, 7, 17, 21, 29, 38, 51, 91, 111, 97, 103, 105, 119, 123, 127, 127, 127, 127, 114, 124, 123, 101, 94, 79, 75, 80, 55, 58, 41, 44, 11, 6, 8, 12, 3, 0, 0, 0, 4, 29, 43, 38, 53, 66, 63, 72, 81, 98, 98, 114, 112, 123, 122, 127, 127, 127, 119, 110, 85, 79, 76, 72, 77, 49, 46, 33, 14, 18, 0, 4, 6, 7, 0, 5, 24, 14, 31, 25, 39, 37, 66, 65, 74, 87, 107, 121, 127, 123, 122, 127, 127, 123, 116, 118, 118, 110, 97, 89, 89, 79, 78, 69, 43, 40, 37, 30]","[16, 8, 9, 7, 17, 21, 29, 38, 51, 91, 111, 97, 103, 105, 119, 123, 127, 127, 127, 127, 114, 124, 123, 101, 94, 79, 75, 80, 55, 58, 41, 44, 11, 6, 8, 12, 3, 0, 0, 0, 4, 29, 43, 38, 53, 66, 63, 72, 81, 98, 98, 114, 112, 123, 122, 127, 127, 127, 119, 110, 85, 79, 76, 72, 77, 49, 46, 33, 14, 18, 0, 4, 6, 7, 0, 5, 24, 14, 31, 25, 39, 37, 66, 65, 74, 87, 107, 121, 127, 123, 122, 127, 127, 123, 116, 118, 118, 110, 97, 89, 89, 79, 78, 69, 43, 40, 37, 30]"
In-Distribution,10,exact_guidance_u,269,0,109,108,"[129, 16, 8, 9, 7, 17, 21, 29, 38, 51, 91, 111, 97, 103, 105, 119, 123, 127, 127, 127, 127, 114, 124, 123, 101, 94, 79, 75, 80, 55, 58, 41, 44, 11, 6, 8, 12, 3, 0, 0, 0, 4, 29, 43, 38, 53, 66, 63, 72, 81, 98, 98, 114, 112, 123, 122, 127, 127, 127, 119, 110, 85, 79, 76, 72, 77, 49, 46, 33, 14, 18, 0, 4, 6, 7, 0, 5, 24, 14, 31, 25, 39, 37, 66, 65, 74, 87, 107, 121, 127, 123, 122, 127, 127, 123, 116, 118, 118, 110, 97, 89, 89, 79, 78, 69, 43, 40, 37, 30]","[16, 8, 9, 7, 17, 21, 29, 38, 51, 91, 111, 97, 103, 105, 119, 123, 127, 127, 127, 127, 114, 124, 123, 101, 94, 79, 75, 80, 55, 58, 41, 44, 11, 6, 8, 12, 3, 0, 0, 0, 4, 29, 43, 38, 53, 66, 63, 72, 81, 98, 98, 114, 112, 123, 122, 127, 127, 127, 119, 110, 85, 79, 76, 72, 77, 49, 46, 33, 14, 18, 0, 4, 6, 7, 0, 5, 24, 14, 31, 25, 39, 37, 66, 65, 74, 87, 107, 121, 127, 123, 122, 127, 127, 123, 116, 118, 118, 110, 97, 89, 89, 79, 78, 69, 43, 40, 37, 30]"
In-Distribution,10,exact_guidance_u,270,0,109,108,"[129, 16, 8, 9, 7, 17, 21, 29, 38, 51, 91, 111, 97, 103, 105, 119, 123, 127, 127, 127, 127, 114, 124, 123, 101, 94, 79, 75, 80, 55, 58, 41, 44, 11, 6, 8, 12, 3, 0, 0, 0, 4, 29, 43, 38, 53, 66, 63, 72, 81, 98, 98, 114, 112, 123, 122, 127, 127, 127, 119, 110, 85, 79, 76, 72, 77, 49, 46, 33, 14, 18, 0, 4, 6, 7, 0, 5, 24, 14, 31, 25, 39, 37, 66, 65, 74, 87, 107, 121, 127, 123, 122, 127, 127, 123, 116, 118, 118, 110, 97, 89, 89, 79, 78, 69, 43, 40, 37, 30]","[16, 8, 9, 7, 17, 21, 29, 38, 51, 91, 111, 97, 103, 105, 119, 123, 127, 127, 127, 127, 114, 124, 123, 101, 94, 79, 75, 80, 55, 58, 41, 44, 11, 6, 8, 12, 3, 0, 0, 0, 4, 29, 43, 38, 53, 66, 63, 72, 81, 98, 98, 114, 112, 123, 122, 127, 127, 127, 119, 110, 85, 79, 76, 72, 77, 49, 46, 33, 14, 18, 0, 4, 6, 7, 0, 5, 24, 14, 31, 25, 39, 37, 66, 65, 74, 87, 107, 121, 127, 123, 122, 127, 127, 123, 116, 118, 118, 110, 97, 89, 89, 79, 78, 69, 43, 40, 37, 30]"
In-Distribution,10,exact_guidance_u,271,0,109,108,"[129, 16, 8, 9, 7, 17, 21, 29, 38, 51, 91, 111, 97, 103, 105, 119, 123, 127, 127, 127, 127, 114, 124, 123, 101, 94, 79, 75, 80, 55, 58, 41, 44, 11, 6, 8, 12, 3, 0, 0, 0, 4, 29, 43, 38, 53, 66, 63, 72, 81, 98, 98, 114, 112, 123, 122, 127, 127, 127, 119, 110, 85, 79, 76, 72, 77, 49, 46, 33, 14, 18, 0, 4, 6, 7, 0, 5, 24, 14, 31, 25, 39, 37, 66, 65, 74, 87, 107, 121, 127, 123, 122, 127, 127, 123, 116, 118, 118, 110, 97, 89, 89, 79, 78, 69, 43, 40, 37, 30]","[16, 8, 9, 7, 17, 21, 29, 38, 51, 91, 111, 97, 103, 105, 119, 123, 127, 127, 127, 127, 114, 124, 123, 101, 94, 79, 75, 80, 55, 58, 41, 44, 11, 6, 8, 12, 3, 0, 0, 0, 4, 29, 43, 38, 53, 66, 63, 72, 81, 98, 98, 114, 112, 123, 122, 127, 127, 127, 119, 110, 85, 79, 76, 72, 77, 49, 46, 33, 14, 18, 0, 4, 6, 7, 0, 5, 24, 14, 31, 25, 39, 37, 66, 65, 74, 87, 107, 121, 127, 123, 122, 127, 127, 123, 116, 118, 118, 110, 97, 89, 89, 79, 78, 69, 43, 40, 37, 30]"
In-Distribution,10,exact_guidance_u,272,0,109,108,"[129, 16, 8, 9, 7, 17, 21, 29, 38, 51, 91, 111, 97, 103, 105, 119, 123, 127, 127, 127, 127, 114, 124, 123, 101, 94, 79, 75, 80, 55, 58, 41, 44, 11, 6, 8, 12, 3, 0, 0, 0, 4, 29, 43, 38, 53, 66, 63, 72, 81, 98, 98, 114, 112, 123, 122, 127, 127, 127, 119, 110, 85, 79, 76, 72, 77, 49, 46, 33, 14, 18, 0, 4, 6, 7, 0, 5, 24, 14, 31, 25, 39, 37, 66, 65, 74, 87, 107, 121, 127, 123, 122, 127, 127, 123, 116, 118, 118, 110, 97, 89, 89, 79, 78, 69, 43, 40, 37, 30]","[16, 8, 9, 7, 17, 21, 29, 38, 51, 91, 111, 97, 103, 105, 119, 123, 127, 127, 127, 127, 114, 124, 123, 101, 94, 79, 75, 80, 55, 58, 41, 44, 11, 6, 8, 12, 3, 0, 0, 0, 4, 29, 43, 38, 53, 66, 63, 72, 81, 98, 98, 114, 112, 123, 122, 127, 127, 127, 119, 110, 85, 79, 76, 72, 77, 49, 46, 33, 14, 18, 0, 4, 6, 7, 0, 5, 24, 14, 31, 25, 39, 37, 66, 65, 74, 87, 107, 121, 127, 123, 122, 127, 127, 123, 116, 118, 118, 110, 97, 89, 89, 79, 78, 69, 43, 40, 37, 30]"
In-Distribution,10,exact_guidance_u,273,0,109,108,"[129, 16, 8, 9, 7, 17, 21, 29, 38, 51, 91, 111, 97, 103, 105, 119, 123, 127, 127, 127, 127, 114, 124, 123, 101, 94, 79, 75, 80, 55, 58, 41, 44, 11, 6, 8, 12, 3, 0, 0, 0, 4, 29, 43, 38, 53, 66, 63, 72, 81, 98, 98, 114, 112, 123, 122, 127, 127, 127, 119, 110, 85, 79, 76, 72, 77, 49, 46, 33, 14, 18, 0, 4, 6, 7, 0, 5, 24, 14, 31, 25, 39, 37, 66, 65, 74, 87, 107, 121, 127, 123, 122, 127, 127, 123, 116, 118, 118, 110, 97, 89, 89, 79, 78, 69, 43, 40, 37, 30]","[16, 8, 9, 7, 17, 21, 29, 38, 51, 91, 111, 97, 103, 105, 119, 123, 127, 127, 127, 127, 114, 124, 123, 101, 94, 79, 75, 80, 55, 58, 41, 44, 11, 6, 8, 12, 3, 0, 0, 0, 4, 29, 43, 38, 53, 66, 63, 72, 81, 98, 98, 114, 112, 123, 122, 127, 127, 127, 119, 110, 85, 79, 76, 72, 77, 49, 46, 33, 14, 18, 0, 4, 6, 7, 0, 5, 24, 14, 31, 25, 39, 37, 66, 65, 74, 87, 107, 121, 127, 123, 122, 127, 127, 123, 116, 118, 118, 110, 97, 89, 89, 79, 78, 69, 43, 40, 37, 30]"
In-Distribution,10,exact_guidance_u,274,0,109,108,"[129, 16, 8, 9, 7, 17, 21, 29, 38, 51, 91, 111, 97, 103, 105, 119, 123, 127, 127, 127, 127, 114, 124, 123, 101, 94, 79, 75, 80, 55, 58, 41, 44, 11, 6, 8, 12, 3, 0, 0, 0, 4, 29, 43, 38, 53, 66, 63, 72, 81, 98, 98, 114, 112, 123, 122, 127, 127, 127, 119, 110, 85, 79, 76, 72, 77, 49, 46, 33, 14, 18, 0, 4, 6, 7, 0, 5, 24, 14, 31, 25, 39, 37, 66, 65, 74, 87, 107, 121, 127, 123, 122, 127, 127, 123, 116, 118, 118, 110, 97, 89, 89, 79, 78, 69, 43, 40, 37, 30]","[16, 8, 9, 7, 17, 21, 29, 38, 51, 91, 111, 97, 103, 105, 119, 123, 127, 127, 127, 127, 114, 124, 123, 101, 94, 79, 75, 80, 55, 58, 41, 44, 11, 6, 8, 12, 3, 0, 0, 0, 4, 29, 43, 38, 53, 66, 63, 72, 81, 98, 98, 114, 112, 123, 122, 127, 127, 127, 119, 110, 85, 79, 76, 72, 77, 49, 46, 33, 14, 18, 0, 4, 6, 7, 0, 5, 24, 14, 31, 25, 39, 37, 66, 65, 74, 87, 107, 121, 127, 123, 122, 127, 127, 123, 116, 118, 118, 110, 97, 89, 89, 79, 78, 69, 43, 40, 37, 30]"
In-Distribution,10,exact_guidance_u,275,0,109,108,"[129, 16, 8, 9, 7, 17, 21, 29, 38, 51, 91, 111, 97, 103, 105, 119, 123, 127, 127, 127, 127, 114, 124, 123, 101, 94, 79, 75, 80, 55, 58, 41, 44, 11, 6, 8, 12, 3, 0, 0, 0, 4, 29, 43, 38, 53, 66, 63, 72, 81, 98, 98, 114, 112, 123, 122, 127, 127, 127, 119, 110, 85, 79, 76, 72, 77, 49, 46, 33, 14, 18, 0, 4, 6, 7, 0, 5, 24, 14, 31, 25, 39, 37, 66, 65, 74, 87, 107, 121, 127, 123, 122, 127, 127, 123, 116, 118, 118, 110, 97, 89, 89, 79, 78, 69, 43, 40, 37, 30]","[16, 8, 9, 7, 17, 21, 29, 38, 51, 91, 111, 97, 103, 105, 119, 123, 127, 127, 127, 127, 114, 124, 123, 101, 94, 79, 75, 80, 55, 58, 41, 44, 11, 6, 8, 12, 3, 0, 0, 0, 4, 29, 43, 38, 53, 66, 63, 72, 81, 98, 98, 114, 112, 123, 122, 127, 127, 127, 119, 110, 85, 79, 76, 72, 77, 49, 46, 33, 14, 18, 0, 4, 6, 7, 0, 5, 24, 14, 31, 25, 39, 37, 66, 65, 74, 87, 107, 121, 127, 123, 122, 127, 127, 123, 116, 118, 118, 110, 97, 89, 89, 79, 78, 69, 43, 40, 37, 30]"
In-Distribution,10,exact_guidance_u,276,0,109,108,"[129, 16, 8, 9, 7, 17, 21, 29, 38, 51, 91, 111, 97, 103, 105, 119, 123, 127, 127, 127, 127, 114, 124, 123, 101, 94, 79, 75, 80, 55, 58, 41, 44, 11, 6, 8, 12, 3, 0, 0, 0, 4, 29, 43, 38, 53, 66, 63, 72, 81, 98, 98, 114, 112, 123, 122, 127, 127, 127, 119, 110, 85, 79, 76, 72, 77, 49, 46, 33, 14, 18, 0, 4, 6, 7, 0, 5, 24, 14, 31, 25, 39, 37, 66, 65, 74, 87, 107, 121, 127, 123, 122, 127, 127, 123, 116, 118, 118, 110, 97, 89, 89, 79, 78, 69, 43, 40, 37, 30]","[16, 8, 9, 7, 17, 21, 29, 38, 51, 91, 111, 97, 103, 105, 119, 123, 127, 127, 127, 127, 114, 124, 123, 101, 94, 79, 75, 80, 55, 58, 41, 44, 11, 6, 8, 12, 3, 0, 0, 0, 4, 29, 43, 38, 53, 66, 63, 72, 81, 98, 98, 114, 112, 123, 122, 127, 127, 127, 119, 110, 85, 79, 76, 72, 77, 49, 46, 33, 14, 18, 0, 4, 6, 7, 0, 5, 24, 14, 31, 25, 39, 37, 66, 65, 74, 87, 107, 121, 127, 123, 122, 127, 127, 123, 116, 118, 118, 110, 97, 89, 89, 79, 78, 69, 43, 40, 37, 30]"
In-Distribution,10,exact_guidance_u,277,0,109,108,"[129, 16, 8, 9, 7, 17, 21, 29, 38, 51, 91, 111, 97, 103, 105, 119, 123, 127, 127, 127, 127, 114, 124, 123, 101, 94, 79, 75, 80, 55, 58, 41, 44, 11, 6, 8, 12, 3, 0, 0, 0, 4, 29, 43, 38, 53, 66, 63, 72, 81, 98, 98, 114, 112, 123, 122, 127, 127, 127, 119, 110, 85, 79, 76, 72, 77, 49, 46, 33, 14, 18, 0, 4, 6, 7, 0, 5, 24, 14, 31, 25, 39, 37, 66, 65, 74, 87, 107, 121, 127, 123, 122, 127, 127, 123, 116, 118, 118, 110, 97, 89, 89, 79, 78, 69, 43, 40, 37, 30]","[16, 8, 9, 7, 17, 21, 29, 38, 51, 91, 111, 97, 103, 105, 119, 123, 127, 127, 127, 127, 114, 124, 123, 101, 94, 79, 75, 80, 55, 58, 41, 44, 11, 6, 8, 12, 3, 0, 0, 0, 4, 29, 43, 38, 53, 66, 63, 72, 81, 98, 98, 114, 112, 123, 122, 127, 127, 127, 119, 110, 85, 79, 76, 72, 77, 49, 46, 33, 14, 18, 0, 4, 6, 7, 0, 5, 24, 14, 31, 25, 39, 37, 66, 65, 74, 87, 107, 121, 127, 123, 122, 127, 127, 123, 116, 118, 118, 110, 97, 89, 89, 79, 78, 69, 43, 40, 37, 30]"
In-Distribution,10,exact_guidance_u,278,0,109,108,"[129, 16, 8, 9, 7, 17, 21, 29, 38, 51, 91, 111, 97, 103, 105, 119, 123, 127, 127, 127, 127, 114, 124, 123, 101, 94, 79, 75, 80, 55, 58, 41, 44, 11, 6, 8, 12, 3, 0, 0, 0, 4, 29, 43, 38, 53, 66, 63, 72, 81, 98, 98, 114, 112, 123, 122, 127, 127, 127, 119, 110, 85, 79, 76, 72, 77, 49, 46, 33, 14, 18, 0, 4, 6, 7, 0, 5, 24, 14, 31, 25, 39, 37, 66, 65, 74, 87, 107, 121, 127, 123, 122, 127, 127, 123, 116, 118, 118, 110, 97, 89, 89, 79, 78, 69, 43, 40, 37, 30]","[16, 8, 9, 7, 17, 21, 29, 38, 51, 91, 111, 97, 103, 105, 119, 123, 127, 127, 127, 127, 114, 124, 123, 101, 94, 79, 75, 80, 55, 58, 41, 44, 11, 6, 8, 12, 3, 0, 0, 0, 4, 29, 43, 38, 53, 66, 63, 72, 81, 98, 98, 114, 112, 123, 122, 127, 127, 127, 119, 110, 85, 79, 76, 72, 77, 49, 46, 33, 14, 18, 0, 4, 6, 7, 0, 5, 24, 14, 31, 25, 39, 37, 66, 65, 74, 87, 107, 121, 127, 123, 122, 127, 127, 123, 116, 118, 118, 110, 97, 89, 89, 79, 78, 69, 43, 40, 37, 30]"
In-Distribution,10,exact_guidance_u,279,0,109,108,"[129, 16, 8, 9, 7, 17, 21, 29, 38, 51, 91, 111, 97, 103, 105, 119, 123, 127, 127, 127, 127, 114, 124, 123, 101, 94, 79, 75, 80, 55, 58, 41, 44, 11, 6, 8, 12, 3, 0, 0, 0, 4, 29, 43, 38, 53, 66, 63, 72, 81, 98, 98, 114, 112, 123, 122, 127, 127, 127, 119, 110, 85, 79, 76, 72, 77, 49, 46, 33, 14, 18, 0, 4, 6, 7, 0, 5, 24, 14, 31, 25, 39, 37, 66, 65, 74, 87, 107, 121, 127, 123, 122, 127, 127, 123, 116, 118, 118, 110, 97, 89, 89, 79, 78, 69, 43, 40, 37, 30]","[16, 8, 9, 7, 17, 21, 29, 38, 51, 91, 111, 97, 103, 105, 119, 123, 127, 127, 127, 127, 114, 124, 123, 101, 94, 79, 75, 80, 55, 58, 41, 44, 11, 6, 8, 12, 3, 0, 0, 0, 4, 29, 43, 38, 53, 66, 63, 72, 81, 98, 98, 114, 112, 123, 122, 127, 127, 127, 119, 110, 85, 79, 76, 72, 77, 49, 46, 33, 14, 18, 0, 4, 6, 7, 0, 5, 24, 14, 31, 25, 39, 37, 66, 65, 74, 87, 107, 121, 127, 123, 122, 127, 127, 123, 116, 118, 118, 110, 97, 89, 89, 79, 78, 69, 43, 40, 37, 30]"
