target,beta,method_key,step,sample_idx,seq_len_full,seq_len_semantic,tokens_full_json,tokens_semantic_json
In-Distribution,20,exact_guidance_u,0,0,1,0,[129],[]
In-Distribution,20,exact_guidance_u,1,0,2,1,"[129, 0]",[0]
In-Distribution,20,exact_guidance_u,2,0,3,2,"[129, 122, 0]","[122, 0]"
In-Distribution,20,exact_guidance_u,3,0,6,5,"[129, 123, 122, 3, 0, 108]","[123, 122, 3, 0, 108]"
In-Distribution,20,exact_guidance_u,4,0,6,5,"[129, 123, 122, 3, 0, 108]","[123, 122, 3, 0, 108]"
In-Distribution,20,exact_guidance_u,5,0,8,7,"[129, 123, 122, 3, 0, 14, 108, 98]","[123, 122, 3, 0, 14, 108, 98]"
In-Distribution,20,exact_guidance_u,6,0,10,9,"[129, 123, 122, 3, 123, 0, 14, 22, 108, 98]","[123, 122, 3, 123, 0, 14, 22, 108, 98]"
In-Distribution,20,exact_guidance_u,7,0,10,9,"[129, 123, 122, 3, 123, 0, 14, 22, 108, 98]","[123, 122, 3, 123, 0, 14, 22, 108, 98]"
In-Distribution,20,exact_guidance_u,8,0,12,11,"[129, 123, 122, 3, 123, 113, 0, 14, 22, 108, 119, 98]","[123, 122, 3, 123, 113, 0, 14, 22, 108, 119, 98]"
In-Distribution,20,exact_guidance_u,9,0,15,14,"[129, 123, 127, 122, 14, 3, 123, 113, 0, 3, 14, 22, 108, 119, 98]","[123, 127, 122, 14, 3, 123, 113, 0, 3, 14, 22, 108, 119, 98]"
In-Distribution,20,exact_guidance_u,10,0,16,15,"[129, 123, 127, 122, 14, 3, 43, 123, 113, 0, 3, 14, 22, 108, 119, 98]","[123, 127, 122, 14, 3, 43, 123, 113, 0, 3, 14, 22, 108, 119, 98]"
In-Distribution,20,exact_guidance_u,11,0,16,15,"[129, 123, 127, 122, 14, 3, 43, 123, 113, 0, 3, 14, 22, 108, 119, 98]","[123, 127, 122, 14, 3, 43, 123, 113, 0, 3, 14, 22, 108, 119, 98]"
In-Distribution,20,exact_guidance_u,12,0,16,15,"[129, 123, 127, 122, 14, 3, 43, 123, 113, 0, 3, 14, 22, 108, 119, 98]","[123, 127, 122, 14, 3, 43, 123, 113, 0, 3, 14, 22, 108, 119, 98]"
In-Distribution,20,exact_guidance_u,13,0,17,16,"[129, 123, 127, 122, 14, 3, 43, 123, 113, 0, 3, 14, 22, 108, 119, 117, 98]","[123, 127, 122, 14, 3, 43, 123, 113, 0, 3, 14, 22, 108, 119, 117, 98]"
In-Distribution,20,exact_guidance_u,14,0,18,17,"[129, 123, 127, 122, 14, 3, 43, 123, 113, 0, 3, 14, 125, 22, 108, 119, 117, 98]","[123, 127, 122, 14, 3, 43, 123, 113, 0, 3, 14, 125, 22, 108, 119, 117, 98]"
In-Distribution,20,exact_guidance_u,15,0,20,19,"[129, 123, 127, 122, 14, 3, 43, 123, 113, 0, 3, 14, 125, 27, 22, 108, 119, 117, 127, 98]","[123, 127, 122, 14, 3, 43, 123, 113, 0, 3, 14, 125, 27, 22, 108, 119, 117, 127, 98]"
In-Distribution,20,exact_guidance_u,16,0,21,20,"[129, 123, 127, 122, 11, 14, 3, 43, 123, 113, 0, 3, 14, 125, 27, 22, 108, 119, 117, 127, 98]","[123, 127, 122, 11, 14, 3, 43, 123, 113, 0, 3, 14, 125, 27, 22, 108, 119, 117, 127, 98]"
In-Distribution,20,exact_guidance_u,17,0,23,22,"[129, 123, 127, 122, 27, 11, 14, 3, 43, 127, 123, 113, 0, 3, 14, 125, 27, 22, 108, 119, 117, 127, 98]","[123, 127, 122, 27, 11, 14, 3, 43, 127, 123, 113, 0, 3, 14, 125, 27, 22, 108, 119, 117, 127, 98]"
In-Distribution,20,exact_guidance_u,18,0,23,22,"[129, 123, 127, 122, 27, 11, 14, 3, 43, 127, 123, 113, 0, 3, 14, 125, 27, 22, 108, 119, 117, 127, 98]","[123, 127, 122, 27, 11, 14, 3, 43, 127, 123, 113, 0, 3, 14, 125, 27, 22, 108, 119, 117, 127, 98]"
In-Distribution,20,exact_guidance_u,19,0,24,23,"[129, 123, 127, 122, 107, 27, 11, 14, 3, 43, 127, 123, 113, 0, 3, 14, 125, 27, 22, 108, 119, 117, 127, 98]","[123, 127, 122, 107, 27, 11, 14, 3, 43, 127, 123, 113, 0, 3, 14, 125, 27, 22, 108, 119, 117, 127, 98]"
In-Distribution,20,exact_guidance_u,20,0,26,25,"[129, 123, 127, 122, 107, 27, 11, 14, 3, 43, 127, 123, 113, 0, 3, 14, 125, 67, 27, 0, 22, 108, 119, 117, 127, 98]","[123, 127, 122, 107, 27, 11, 14, 3, 43, 127, 123, 113, 0, 3, 14, 125, 67, 27, 0, 22, 108, 119, 117, 127, 98]"
In-Distribution,20,exact_guidance_u,21,0,26,25,"[129, 123, 127, 122, 107, 27, 11, 14, 3, 43, 127, 123, 113, 0, 3, 14, 125, 67, 27, 0, 22, 108, 119, 117, 127, 98]","[123, 127, 122, 107, 27, 11, 14, 3, 43, 127, 123, 113, 0, 3, 14, 125, 67, 27, 0, 22, 108, 119, 117, 127, 98]"
In-Distribution,20,exact_guidance_u,22,0,27,26,"[129, 123, 127, 122, 107, 27, 11, 14, 3, 43, 127, 123, 113, 33, 0, 3, 14, 125, 67, 27, 0, 22, 108, 119, 117, 127, 98]","[123, 127, 122, 107, 27, 11, 14, 3, 43, 127, 123, 113, 33, 0, 3, 14, 125, 67, 27, 0, 22, 108, 119, 117, 127, 98]"
In-Distribution,20,exact_guidance_u,23,0,27,26,"[129, 123, 127, 122, 107, 27, 11, 14, 3, 43, 127, 123, 113, 33, 0, 3, 14, 125, 67, 27, 0, 22, 108, 119, 117, 127, 98]","[123, 127, 122, 107, 27, 11, 14, 3, 43, 127, 123, 113, 33, 0, 3, 14, 125, 67, 27, 0, 22, 108, 119, 117, 127, 98]"
In-Distribution,20,exact_guidance_u,24,0,28,27,"[129, 123, 127, 122, 107, 27, 11, 14, 3, 43, 127, 123, 113, 33, 28, 0, 3, 14, 125, 67, 27, 0, 22, 108, 119, 117, 127, 98]","[123, 127, 122, 107, 27, 11, 14, 3, 43, 127, 123, 113, 33, 28, 0, 3, 14, 125, 67, 27, 0, 22, 108, 119, 117, 127, 98]"
In-Distribution,20,exact_guidance_u,25,0,30,29,"[129, 123, 127, 122, 107, 27, 11, 14, 2, 3, 43, 116, 127, 123, 113, 33, 28, 0, 3, 14, 125, 67, 27, 0, 22, 108, 119, 117, 127, 98]","[123, 127, 122, 107, 27, 11, 14, 2, 3, 43, 116, 127, 123, 113, 33, 28, 0, 3, 14, 125, 67, 27, 0, 22, 108, 119, 117, 127, 98]"
In-Distribution,20,exact_guidance_u,26,0,31,30,"[129, 123, 127, 122, 107, 27, 11, 14, 2, 3, 43, 116, 127, 123, 113, 93, 33, 28, 0, 3, 14, 125, 67, 27, 0, 22, 108, 119, 117, 127, 98]","[123, 127, 122, 107, 27, 11, 14, 2, 3, 43, 116, 127, 123, 113, 93, 33, 28, 0, 3, 14, 125, 67, 27, 0, 22, 108, 119, 117, 127, 98]"
In-Distribution,20,exact_guidance_u,27,0,31,30,"[129, 123, 127, 122, 107, 27, 11, 14, 2, 3, 43, 116, 127, 123, 113, 93, 33, 28, 0, 3, 14, 125, 67, 27, 0, 22, 108, 119, 117, 127, 98]","[123, 127, 122, 107, 27, 11, 14, 2, 3, 43, 116, 127, 123, 113, 93, 33, 28, 0, 3, 14, 125, 67, 27, 0, 22, 108, 119, 117, 127, 98]"
In-Distribution,20,exact_guidance_u,28,0,32,31,"[129, 123, 127, 122, 107, 27, 11, 14, 2, 3, 43, 116, 127, 127, 123, 113, 93, 33, 28, 0, 3, 14, 125, 67, 27, 0, 22, 108, 119, 117, 127, 98]","[123, 127, 122, 107, 27, 11, 14, 2, 3, 43, 116, 127, 127, 123, 113, 93, 33, 28, 0, 3, 14, 125, 67, 27, 0, 22, 108, 119, 117, 127, 98]"
In-Distribution,20,exact_guidance_u,29,0,33,32,"[129, 123, 127, 122, 107, 27, 11, 14, 2, 3, 23, 43, 116, 127, 127, 123, 113, 93, 33, 28, 0, 3, 14, 125, 67, 27, 0, 22, 108, 119, 117, 127, 98]","[123, 127, 122, 107, 27, 11, 14, 2, 3, 23, 43, 116, 127, 127, 123, 113, 93, 33, 28, 0, 3, 14, 125, 67, 27, 0, 22, 108, 119, 117, 127, 98]"
In-Distribution,20,exact_guidance_u,30,0,33,32,"[129, 123, 127, 122, 107, 27, 11, 14, 2, 3, 23, 43, 116, 127, 127, 123, 113, 93, 33, 28, 0, 3, 14, 125, 67, 27, 0, 22, 108, 119, 117, 127, 98]","[123, 127, 122, 107, 27, 11, 14, 2, 3, 23, 43, 116, 127, 127, 123, 113, 93, 33, 28, 0, 3, 14, 125, 67, 27, 0, 22, 108, 119, 117, 127, 98]"
In-Distribution,20,exact_guidance_u,31,0,33,32,"[129, 123, 127, 122, 107, 27, 11, 14, 2, 3, 23, 43, 116, 127, 127, 123, 113, 93, 33, 28, 0, 3, 14, 125, 67, 27, 0, 22, 108, 119, 117, 127, 98]","[123, 127, 122, 107, 27, 11, 14, 2, 3, 23, 43, 116, 127, 127, 123, 113, 93, 33, 28, 0, 3, 14, 125, 67, 27, 0, 22, 108, 119, 117, 127, 98]"
In-Distribution,20,exact_guidance_u,32,0,33,32,"[129, 123, 127, 122, 107, 27, 11, 14, 2, 3, 23, 43, 116, 127, 127, 123, 113, 93, 33, 28, 0, 3, 14, 125, 67, 27, 0, 22, 108, 119, 117, 127, 98]","[123, 127, 122, 107, 27, 11, 14, 2, 3, 23, 43, 116, 127, 127, 123, 113, 93, 33, 28, 0, 3, 14, 125, 67, 27, 0, 22, 108, 119, 117, 127, 98]"
In-Distribution,20,exact_guidance_u,33,0,35,34,"[129, 123, 127, 122, 118, 107, 27, 11, 14, 2, 3, 23, 43, 116, 127, 127, 123, 113, 93, 33, 28, 0, 2, 3, 14, 125, 67, 27, 0, 22, 108, 119, 117, 127, 98]","[123, 127, 122, 118, 107, 27, 11, 14, 2, 3, 23, 43, 116, 127, 127, 123, 113, 93, 33, 28, 0, 2, 3, 14, 125, 67, 27, 0, 22, 108, 119, 117, 127, 98]"
In-Distribution,20,exact_guidance_u,34,0,35,34,"[129, 123, 127, 122, 118, 107, 27, 11, 14, 2, 3, 23, 43, 116, 127, 127, 123, 113, 93, 33, 28, 0, 2, 3, 14, 125, 67, 27, 0, 22, 108, 119, 117, 127, 98]","[123, 127, 122, 118, 107, 27, 11, 14, 2, 3, 23, 43, 116, 127, 127, 123, 113, 93, 33, 28, 0, 2, 3, 14, 125, 67, 27, 0, 22, 108, 119, 117, 127, 98]"
In-Distribution,20,exact_guidance_u,35,0,40,39,"[129, 123, 127, 122, 118, 107, 27, 11, 14, 2, 3, 23, 43, 79, 116, 127, 127, 127, 123, 113, 93, 84, 33, 28, 32, 0, 2, 3, 14, 125, 67, 27, 0, 4, 22, 108, 119, 117, 127, 98]","[123, 127, 122, 118, 107, 27, 11, 14, 2, 3, 23, 43, 79, 116, 127, 127, 127, 123, 113, 93, 84, 33, 28, 32, 0, 2, 3, 14, 125, 67, 27, 0, 4, 22, 108, 119, 117, 127, 98]"
In-Distribution,20,exact_guidance_u,36,0,40,39,"[129, 123, 127, 122, 118, 107, 27, 11, 14, 2, 3, 23, 43, 79, 116, 127, 127, 127, 123, 113, 93, 84, 33, 28, 32, 0, 2, 3, 14, 125, 67, 27, 0, 4, 22, 108, 119, 117, 127, 98]","[123, 127, 122, 118, 107, 27, 11, 14, 2, 3, 23, 43, 79, 116, 127, 127, 127, 123, 113, 93, 84, 33, 28, 32, 0, 2, 3, 14, 125, 67, 27, 0, 4, 22, 108, 119, 117, 127, 98]"
In-Distribution,20,exact_guidance_u,37,0,41,40,"[129, 123, 127, 122, 118, 107, 27, 11, 14, 2, 0, 3, 23, 43, 79, 116, 127, 127, 127, 123, 113, 93, 84, 33, 28, 32, 0, 2, 3, 14, 125, 67, 27, 0, 4, 22, 108, 119, 117, 127, 98]","[123, 127, 122, 118, 107, 27, 11, 14, 2, 0, 3, 23, 43, 79, 116, 127, 127, 127, 123, 113, 93, 84, 33, 28, 32, 0, 2, 3, 14, 125, 67, 27, 0, 4, 22, 108, 119, 117, 127, 98]"
In-Distribution,20,exact_guidance_u,38,0,41,40,"[129, 123, 127, 122, 118, 107, 27, 11, 14, 2, 0, 3, 23, 43, 79, 116, 127, 127, 127, 123, 113, 93, 84, 33, 28, 32, 0, 2, 3, 14, 125, 67, 27, 0, 4, 22, 108, 119, 117, 127, 98]","[123, 127, 122, 118, 107, 27, 11, 14, 2, 0, 3, 23, 43, 79, 116, 127, 127, 127, 123, 113, 93, 84, 33, 28, 32, 0, 2, 3, 14, 125, 67, 27, 0, 4, 22, 108, 119, 117, 127, 98]"
In-Distribution,20,exact_guidance_u,39,0,41,40,"[129, 123, 127, 122, 118, 107, 27, 11, 14, 2, 0, 3, 23, 43, 79, 116, 127, 127, 127, 123, 113, 93, 84, 33, 28, 32, 0, 2, 3, 14, 125, 67, 27, 0, 4, 22, 108, 119, 117, 127, 98]","[123, 127, 122, 118, 107, 27, 11, 14, 2, 0, 3, 23, 43, 79, 116, 127, 127, 127, 123, 113, 93, 84, 33, 28, 32, 0, 2, 3, 14, 125, 67, 27, 0, 4, 22, 108, 119, 117, 127, 98]"
In-Distribution,20,exact_guidance_u,40,0,41,40,"[129, 123, 127, 122, 118, 107, 27, 11, 14, 2, 0, 3, 23, 43, 79, 116, 127, 127, 127, 123, 113, 93, 84, 33, 28, 32, 0, 2, 3, 14, 125, 67, 27, 0, 4, 22, 108, 119, 117, 127, 98]","[123, 127, 122, 118, 107, 27, 11, 14, 2, 0, 3, 23, 43, 79, 116, 127, 127, 127, 123, 113, 93, 84, 33, 28, 32, 0, 2, 3, 14, 125, 67, 27, 0, 4, 22, 108, 119, 117, 127, 98]"
In-Distribution,20,exact_guidance_u,41,0,41,40,"[129, 123, 127, 122, 118, 107, 27, 11, 14, 2, 0, 3, 23, 43, 79, 116, 127, 127, 127, 123, 113, 93, 84, 33, 28, 32, 0, 2, 3, 14, 125, 67, 27, 0, 4, 22, 108, 119, 117, 127, 98]","[123, 127, 122, 118, 107, 27, 11, 14, 2, 0, 3, 23, 43, 79, 116, 127, 127, 127, 123, 113, 93, 84, 33, 28, 32, 0, 2, 3, 14, 125, 67, 27, 0, 4, 22, 108, 119, 117, 127, 98]"
In-Distribution,20,exact_guidance_u,42,0,41,40,"[129, 123, 127, 122, 118, 107, 27, 11, 14, 2, 0, 3, 23, 43, 79, 116, 127, 127, 127, 123, 113, 93, 84, 33, 28, 32, 0, 2, 3, 14, 125, 67, 27, 0, 4, 22, 108, 119, 117, 127, 98]","[123, 127, 122, 118, 107, 27, 11, 14, 2, 0, 3, 23, 43, 79, 116, 127, 127, 127, 123, 113, 93, 84, 33, 28, 32, 0, 2, 3, 14, 125, 67, 27, 0, 4, 22, 108, 119, 117, 127, 98]"
In-Distribution,20,exact_guidance_u,43,0,41,40,"[129, 123, 127, 122, 118, 107, 27, 11, 14, 2, 0, 3, 23, 43, 79, 116, 127, 127, 127, 123, 113, 93, 84, 33, 28, 32, 0, 2, 3, 14, 125, 67, 27, 0, 4, 22, 108, 119, 117, 127, 98]","[123, 127, 122, 118, 107, 27, 11, 14, 2, 0, 3, 23, 43, 79, 116, 127, 127, 127, 123, 113, 93, 84, 33, 28, 32, 0, 2, 3, 14, 125, 67, 27, 0, 4, 22, 108, 119, 117, 127, 98]"
In-Distribution,20,exact_guidance_u,44,0,42,41,"[129, 123, 127, 122, 118, 107, 27, 11, 14, 2, 0, 3, 23, 43, 79, 116, 127, 127, 127, 123, 108, 113, 93, 84, 33, 28, 32, 0, 2, 3, 14, 125, 67, 27, 0, 4, 22, 108, 119, 117, 127, 98]","[123, 127, 122, 118, 107, 27, 11, 14, 2, 0, 3, 23, 43, 79, 116, 127, 127, 127, 123, 108, 113, 93, 84, 33, 28, 32, 0, 2, 3, 14, 125, 67, 27, 0, 4, 22, 108, 119, 117, 127, 98]"
In-Distribution,20,exact_guidance_u,45,0,42,41,"[129, 123, 127, 122, 118, 107, 27, 11, 14, 2, 0, 3, 23, 43, 79, 116, 127, 127, 127, 123, 108, 113, 93, 84, 33, 28, 32, 0, 2, 3, 14, 125, 67, 27, 0, 4, 22, 108, 119, 117, 127, 98]","[123, 127, 122, 118, 107, 27, 11, 14, 2, 0, 3, 23, 43, 79, 116, 127, 127, 127, 123, 108, 113, 93, 84, 33, 28, 32, 0, 2, 3, 14, 125, 67, 27, 0, 4, 22, 108, 119, 117, 127, 98]"
In-Distribution,20,exact_guidance_u,46,0,43,42,"[129, 123, 127, 122, 118, 107, 27, 11, 14, 2, 0, 3, 23, 43, 79, 116, 127, 127, 127, 123, 108, 113, 93, 84, 33, 28, 32, 0, 2, 3, 14, 125, 67, 27, 0, 0, 4, 22, 108, 119, 117, 127, 98]","[123, 127, 122, 118, 107, 27, 11, 14, 2, 0, 3, 23, 43, 79, 116, 127, 127, 127, 123, 108, 113, 93, 84, 33, 28, 32, 0, 2, 3, 14, 125, 67, 27, 0, 0, 4, 22, 108, 119, 117, 127, 98]"
In-Distribution,20,exact_guidance_u,47,0,44,43,"[129, 123, 127, 122, 118, 107, 70, 27, 11, 14, 2, 0, 3, 23, 43, 79, 116, 127, 127, 127, 123, 108, 113, 93, 84, 33, 28, 32, 0, 2, 3, 14, 125, 67, 27, 0, 0, 4, 22, 108, 119, 117, 127, 98]","[123, 127, 122, 118, 107, 70, 27, 11, 14, 2, 0, 3, 23, 43, 79, 116, 127, 127, 127, 123, 108, 113, 93, 84, 33, 28, 32, 0, 2, 3, 14, 125, 67, 27, 0, 0, 4, 22, 108, 119, 117, 127, 98]"
In-Distribution,20,exact_guidance_u,48,0,44,43,"[129, 123, 127, 122, 118, 107, 70, 27, 11, 14, 2, 0, 3, 23, 43, 79, 116, 127, 127, 127, 123, 108, 113, 93, 84, 33, 28, 32, 0, 2, 3, 14, 125, 67, 27, 0, 0, 4, 22, 108, 119, 117, 127, 98]","[123, 127, 122, 118, 107, 70, 27, 11, 14, 2, 0, 3, 23, 43, 79, 116, 127, 127, 127, 123, 108, 113, 93, 84, 33, 28, 32, 0, 2, 3, 14, 125, 67, 27, 0, 0, 4, 22, 108, 119, 117, 127, 98]"
In-Distribution,20,exact_guidance_u,49,0,46,45,"[129, 123, 127, 122, 118, 107, 70, 27, 11, 14, 2, 0, 3, 23, 43, 79, 116, 127, 127, 127, 123, 108, 113, 93, 84, 33, 28, 32, 0, 2, 3, 14, 66, 125, 127, 67, 27, 0, 0, 4, 22, 108, 119, 117, 127, 98]","[123, 127, 122, 118, 107, 70, 27, 11, 14, 2, 0, 3, 23, 43, 79, 116, 127, 127, 127, 123, 108, 113, 93, 84, 33, 28, 32, 0, 2, 3, 14, 66, 125, 127, 67, 27, 0, 0, 4, 22, 108, 119, 117, 127, 98]"
In-Distribution,20,exact_guidance_u,50,0,47,46,"[129, 123, 127, 122, 118, 107, 70, 27, 11, 14, 2, 0, 3, 23, 43, 79, 116, 127, 127, 127, 123, 108, 113, 93, 84, 33, 28, 32, 0, 2, 3, 14, 66, 111, 125, 127, 67, 27, 0, 0, 4, 22, 108, 119, 117, 127, 98]","[123, 127, 122, 118, 107, 70, 27, 11, 14, 2, 0, 3, 23, 43, 79, 116, 127, 127, 127, 123, 108, 113, 93, 84, 33, 28, 32, 0, 2, 3, 14, 66, 111, 125, 127, 67, 27, 0, 0, 4, 22, 108, 119, 117, 127, 98]"
In-Distribution,20,exact_guidance_u,51,0,48,47,"[129, 123, 127, 122, 118, 107, 70, 27, 11, 14, 2, 0, 3, 23, 43, 63, 79, 116, 127, 127, 127, 123, 108, 113, 93, 84, 33, 28, 32, 0, 2, 3, 14, 66, 111, 125, 127, 67, 27, 0, 0, 4, 22, 108, 119, 117, 127, 98]","[123, 127, 122, 118, 107, 70, 27, 11, 14, 2, 0, 3, 23, 43, 63, 79, 116, 127, 127, 127, 123, 108, 113, 93, 84, 33, 28, 32, 0, 2, 3, 14, 66, 111, 125, 127, 67, 27, 0, 0, 4, 22, 108, 119, 117, 127, 98]"
In-Distribution,20,exact_guidance_u,52,0,50,49,"[129, 123, 127, 122, 118, 107, 70, 27, 11, 14, 2, 0, 3, 23, 21, 43, 63, 79, 116, 127, 127, 127, 123, 108, 113, 93, 84, 33, 28, 32, 0, 2, 3, 14, 66, 111, 125, 127, 71, 67, 27, 0, 0, 4, 22, 108, 119, 117, 127, 98]","[123, 127, 122, 118, 107, 70, 27, 11, 14, 2, 0, 3, 23, 21, 43, 63, 79, 116, 127, 127, 127, 123, 108, 113, 93, 84, 33, 28, 32, 0, 2, 3, 14, 66, 111, 125, 127, 71, 67, 27, 0, 0, 4, 22, 108, 119, 117, 127, 98]"
In-Distribution,20,exact_guidance_u,53,0,52,51,"[129, 123, 127, 122, 118, 107, 70, 27, 11, 14, 2, 0, 3, 23, 21, 43, 63, 79, 121, 116, 127, 127, 127, 123, 108, 113, 93, 84, 33, 28, 32, 0, 2, 3, 14, 66, 111, 125, 127, 127, 71, 67, 27, 0, 0, 4, 22, 108, 119, 117, 127, 98]","[123, 127, 122, 118, 107, 70, 27, 11, 14, 2, 0, 3, 23, 21, 43, 63, 79, 121, 116, 127, 127, 127, 123, 108, 113, 93, 84, 33, 28, 32, 0, 2, 3, 14, 66, 111, 125, 127, 127, 71, 67, 27, 0, 0, 4, 22, 108, 119, 117, 127, 98]"
In-Distribution,20,exact_guidance_u,54,0,55,54,"[129, 123, 127, 122, 118, 107, 70, 27, 11, 14, 2, 0, 3, 23, 21, 43, 63, 79, 121, 116, 127, 127, 127, 123, 108, 113, 93, 84, 55, 33, 28, 32, 0, 2, 3, 14, 66, 111, 125, 127, 127, 71, 67, 27, 0, 0, 0, 4, 22, 41, 108, 119, 117, 127, 98]","[123, 127, 122, 118, 107, 70, 27, 11, 14, 2, 0, 3, 23, 21, 43, 63, 79, 121, 116, 127, 127, 127, 123, 108, 113, 93, 84, 55, 33, 28, 32, 0, 2, 3, 14, 66, 111, 125, 127, 127, 71, 67, 27, 0, 0, 0, 4, 22, 41, 108, 119, 117, 127, 98]"
In-Distribution,20,exact_guidance_u,55,0,56,55,"[129, 123, 127, 122, 118, 107, 70, 27, 11, 14, 2, 0, 3, 23, 21, 43, 63, 79, 121, 116, 127, 127, 127, 123, 108, 113, 93, 84, 55, 33, 28, 32, 0, 2, 3, 14, 66, 111, 121, 125, 127, 127, 71, 67, 27, 0, 0, 0, 4, 22, 41, 108, 119, 117, 127, 98]","[123, 127, 122, 118, 107, 70, 27, 11, 14, 2, 0, 3, 23, 21, 43, 63, 79, 121, 116, 127, 127, 127, 123, 108, 113, 93, 84, 55, 33, 28, 32, 0, 2, 3, 14, 66, 111, 121, 125, 127, 127, 71, 67, 27, 0, 0, 0, 4, 22, 41, 108, 119, 117, 127, 98]"
In-Distribution,20,exact_guidance_u,56,0,57,56,"[129, 123, 127, 122, 118, 107, 70, 65, 27, 11, 14, 2, 0, 3, 23, 21, 43, 63, 79, 121, 116, 127, 127, 127, 123, 108, 113, 93, 84, 55, 33, 28, 32, 0, 2, 3, 14, 66, 111, 121, 125, 127, 127, 71, 67, 27, 0, 0, 0, 4, 22, 41, 108, 119, 117, 127, 98]","[123, 127, 122, 118, 107, 70, 65, 27, 11, 14, 2, 0, 3, 23, 21, 43, 63, 79, 121, 116, 127, 127, 127, 123, 108, 113, 93, 84, 55, 33, 28, 32, 0, 2, 3, 14, 66, 111, 121, 125, 127, 127, 71, 67, 27, 0, 0, 0, 4, 22, 41, 108, 119, 117, 127, 98]"
In-Distribution,20,exact_guidance_u,57,0,58,57,"[129, 123, 127, 122, 118, 107, 70, 65, 27, 11, 14, 2, 0, 3, 23, 21, 43, 63, 79, 121, 116, 127, 127, 127, 123, 108, 113, 93, 84, 55, 33, 28, 32, 0, 2, 3, 14, 66, 111, 121, 125, 127, 127, 71, 67, 29, 27, 0, 0, 0, 4, 22, 41, 108, 119, 117, 127, 98]","[123, 127, 122, 118, 107, 70, 65, 27, 11, 14, 2, 0, 3, 23, 21, 43, 63, 79, 121, 116, 127, 127, 127, 123, 108, 113, 93, 84, 55, 33, 28, 32, 0, 2, 3, 14, 66, 111, 121, 125, 127, 127, 71, 67, 29, 27, 0, 0, 0, 4, 22, 41, 108, 119, 117, 127, 98]"
In-Distribution,20,exact_guidance_u,58,0,58,57,"[129, 123, 127, 122, 118, 107, 70, 65, 27, 11, 14, 2, 0, 3, 23, 21, 43, 63, 79, 121, 116, 127, 127, 127, 123, 108, 113, 93, 84, 55, 33, 28, 32, 0, 2, 3, 14, 66, 111, 121, 125, 127, 127, 71, 67, 29, 27, 0, 0, 0, 4, 22, 41, 108, 119, 117, 127, 98]","[123, 127, 122, 118, 107, 70, 65, 27, 11, 14, 2, 0, 3, 23, 21, 43, 63, 79, 121, 116, 127, 127, 127, 123, 108, 113, 93, 84, 55, 33, 28, 32, 0, 2, 3, 14, 66, 111, 121, 125, 127, 127, 71, 67, 29, 27, 0, 0, 0, 4, 22, 41, 108, 119, 117, 127, 98]"
In-Distribution,20,exact_guidance_u,59,0,59,58,"[129, 123, 127, 122, 118, 107, 70, 65, 27, 11, 14, 2, 0, 3, 23, 21, 43, 63, 79, 121, 116, 127, 127, 127, 123, 108, 113, 93, 84, 78, 55, 33, 28, 32, 0, 2, 3, 14, 66, 111, 121, 125, 127, 127, 71, 67, 29, 27, 0, 0, 0, 4, 22, 41, 108, 119, 117, 127, 98]","[123, 127, 122, 118, 107, 70, 65, 27, 11, 14, 2, 0, 3, 23, 21, 43, 63, 79, 121, 116, 127, 127, 127, 123, 108, 113, 93, 84, 78, 55, 33, 28, 32, 0, 2, 3, 14, 66, 111, 121, 125, 127, 127, 71, 67, 29, 27, 0, 0, 0, 4, 22, 41, 108, 119, 117, 127, 98]"
In-Distribution,20,exact_guidance_u,60,0,59,58,"[129, 123, 127, 122, 118, 107, 70, 65, 27, 11, 14, 2, 0, 3, 23, 21, 43, 63, 79, 121, 116, 127, 127, 127, 123, 108, 113, 93, 84, 78, 55, 33, 28, 32, 0, 2, 3, 14, 66, 111, 121, 125, 127, 127, 71, 67, 29, 27, 0, 0, 0, 4, 22, 41, 108, 119, 117, 127, 98]","[123, 127, 122, 118, 107, 70, 65, 27, 11, 14, 2, 0, 3, 23, 21, 43, 63, 79, 121, 116, 127, 127, 127, 123, 108, 113, 93, 84, 78, 55, 33, 28, 32, 0, 2, 3, 14, 66, 111, 121, 125, 127, 127, 71, 67, 29, 27, 0, 0, 0, 4, 22, 41, 108, 119, 117, 127, 98]"
In-Distribution,20,exact_guidance_u,61,0,59,58,"[129, 123, 127, 122, 118, 107, 70, 65, 27, 11, 14, 2, 0, 3, 23, 21, 43, 63, 79, 121, 116, 127, 127, 127, 123, 108, 113, 93, 84, 78, 55, 33, 28, 32, 0, 2, 3, 14, 66, 111, 121, 125, 127, 127, 71, 67, 29, 27, 0, 0, 0, 4, 22, 41, 108, 119, 117, 127, 98]","[123, 127, 122, 118, 107, 70, 65, 27, 11, 14, 2, 0, 3, 23, 21, 43, 63, 79, 121, 116, 127, 127, 127, 123, 108, 113, 93, 84, 78, 55, 33, 28, 32, 0, 2, 3, 14, 66, 111, 121, 125, 127, 127, 71, 67, 29, 27, 0, 0, 0, 4, 22, 41, 108, 119, 117, 127, 98]"
In-Distribution,20,exact_guidance_u,62,0,60,59,"[129, 123, 127, 122, 118, 107, 70, 65, 27, 11, 14, 2, 0, 3, 23, 21, 43, 63, 79, 121, 116, 127, 127, 127, 123, 108, 113, 93, 84, 78, 55, 33, 28, 32, 0, 2, 3, 14, 66, 111, 121, 125, 127, 127, 71, 67, 29, 27, 0, 0, 0, 4, 22, 41, 108, 119, 117, 127, 127, 98]","[123, 127, 122, 118, 107, 70, 65, 27, 11, 14, 2, 0, 3, 23, 21, 43, 63, 79, 121, 116, 127, 127, 127, 123, 108, 113, 93, 84, 78, 55, 33, 28, 32, 0, 2, 3, 14, 66, 111, 121, 125, 127, 127, 71, 67, 29, 27, 0, 0, 0, 4, 22, 41, 108, 119, 117, 127, 127, 98]"
In-Distribution,20,exact_guidance_u,63,0,60,59,"[129, 123, 127, 122, 118, 107, 70, 65, 27, 11, 14, 2, 0, 3, 23, 21, 43, 63, 79, 121, 116, 127, 127, 127, 123, 108, 113, 93, 84, 78, 55, 33, 28, 32, 0, 2, 3, 14, 66, 111, 121, 125, 127, 127, 71, 67, 29, 27, 0, 0, 0, 4, 22, 41, 108, 119, 117, 127, 127, 98]","[123, 127, 122, 118, 107, 70, 65, 27, 11, 14, 2, 0, 3, 23, 21, 43, 63, 79, 121, 116, 127, 127, 127, 123, 108, 113, 93, 84, 78, 55, 33, 28, 32, 0, 2, 3, 14, 66, 111, 121, 125, 127, 127, 71, 67, 29, 27, 0, 0, 0, 4, 22, 41, 108, 119, 117, 127, 127, 98]"
In-Distribution,20,exact_guidance_u,64,0,62,61,"[129, 123, 127, 122, 118, 107, 70, 65, 27, 11, 14, 2, 0, 3, 23, 21, 43, 63, 79, 121, 116, 127, 127, 127, 123, 108, 113, 93, 84, 78, 55, 33, 28, 32, 0, 2, 3, 15, 14, 66, 111, 121, 125, 127, 127, 99, 71, 67, 29, 27, 0, 0, 0, 4, 22, 41, 108, 119, 117, 127, 127, 98]","[123, 127, 122, 118, 107, 70, 65, 27, 11, 14, 2, 0, 3, 23, 21, 43, 63, 79, 121, 116, 127, 127, 127, 123, 108, 113, 93, 84, 78, 55, 33, 28, 32, 0, 2, 3, 15, 14, 66, 111, 121, 125, 127, 127, 99, 71, 67, 29, 27, 0, 0, 0, 4, 22, 41, 108, 119, 117, 127, 127, 98]"
In-Distribution,20,exact_guidance_u,65,0,63,62,"[129, 123, 127, 122, 118, 107, 70, 65, 27, 11, 14, 2, 0, 3, 23, 21, 43, 63, 79, 121, 116, 127, 127, 127, 123, 108, 113, 93, 84, 78, 55, 33, 28, 32, 3, 0, 2, 3, 15, 14, 66, 111, 121, 125, 127, 127, 99, 71, 67, 29, 27, 0, 0, 0, 4, 22, 41, 108, 119, 117, 127, 127, 98]","[123, 127, 122, 118, 107, 70, 65, 27, 11, 14, 2, 0, 3, 23, 21, 43, 63, 79, 121, 116, 127, 127, 127, 123, 108, 113, 93, 84, 78, 55, 33, 28, 32, 3, 0, 2, 3, 15, 14, 66, 111, 121, 125, 127, 127, 99, 71, 67, 29, 27, 0, 0, 0, 4, 22, 41, 108, 119, 117, 127, 127, 98]"
In-Distribution,20,exact_guidance_u,66,0,63,62,"[129, 123, 127, 122, 118, 107, 70, 65, 27, 11, 14, 2, 0, 3, 23, 21, 43, 63, 79, 121, 116, 127, 127, 127, 123, 108, 113, 93, 84, 78, 55, 33, 28, 32, 3, 0, 2, 3, 15, 14, 66, 111, 121, 125, 127, 127, 99, 71, 67, 29, 27, 0, 0, 0, 4, 22, 41, 108, 119, 117, 127, 127, 98]","[123, 127, 122, 118, 107, 70, 65, 27, 11, 14, 2, 0, 3, 23, 21, 43, 63, 79, 121, 116, 127, 127, 127, 123, 108, 113, 93, 84, 78, 55, 33, 28, 32, 3, 0, 2, 3, 15, 14, 66, 111, 121, 125, 127, 127, 99, 71, 67, 29, 27, 0, 0, 0, 4, 22, 41, 108, 119, 117, 127, 127, 98]"
In-Distribution,20,exact_guidance_u,67,0,63,62,"[129, 123, 127, 122, 118, 107, 70, 65, 27, 11, 14, 2, 0, 3, 23, 21, 43, 63, 79, 121, 116, 127, 127, 127, 123, 108, 113, 93, 84, 78, 55, 33, 28, 32, 3, 0, 2, 3, 15, 14, 66, 111, 121, 125, 127, 127, 99, 71, 67, 29, 27, 0, 0, 0, 4, 22, 41, 108, 119, 117, 127, 127, 98]","[123, 127, 122, 118, 107, 70, 65, 27, 11, 14, 2, 0, 3, 23, 21, 43, 63, 79, 121, 116, 127, 127, 127, 123, 108, 113, 93, 84, 78, 55, 33, 28, 32, 3, 0, 2, 3, 15, 14, 66, 111, 121, 125, 127, 127, 99, 71, 67, 29, 27, 0, 0, 0, 4, 22, 41, 108, 119, 117, 127, 127, 98]"
In-Distribution,20,exact_guidance_u,68,0,64,63,"[129, 123, 127, 122, 118, 107, 70, 65, 27, 11, 14, 2, 0, 3, 23, 21, 43, 63, 79, 121, 116, 127, 127, 127, 123, 108, 113, 93, 84, 78, 55, 33, 28, 32, 3, 0, 2, 3, 15, 14, 66, 91, 111, 121, 125, 127, 127, 99, 71, 67, 29, 27, 0, 0, 0, 4, 22, 41, 108, 119, 117, 127, 127, 98]","[123, 127, 122, 118, 107, 70, 65, 27, 11, 14, 2, 0, 3, 23, 21, 43, 63, 79, 121, 116, 127, 127, 127, 123, 108, 113, 93, 84, 78, 55, 33, 28, 32, 3, 0, 2, 3, 15, 14, 66, 91, 111, 121, 125, 127, 127, 99, 71, 67, 29, 27, 0, 0, 0, 4, 22, 41, 108, 119, 117, 127, 127, 98]"
In-Distribution,20,exact_guidance_u,69,0,65,64,"[129, 123, 127, 122, 118, 107, 70, 65, 27, 11, 14, 2, 0, 3, 23, 21, 43, 63, 79, 121, 116, 127, 127, 127, 123, 108, 113, 93, 84, 78, 55, 33, 28, 32, 3, 0, 2, 3, 15, 14, 66, 91, 111, 121, 125, 127, 127, 99, 71, 67, 29, 27, 4, 0, 0, 0, 4, 22, 41, 108, 119, 117, 127, 127, 98]","[123, 127, 122, 118, 107, 70, 65, 27, 11, 14, 2, 0, 3, 23, 21, 43, 63, 79, 121, 116, 127, 127, 127, 123, 108, 113, 93, 84, 78, 55, 33, 28, 32, 3, 0, 2, 3, 15, 14, 66, 91, 111, 121, 125, 127, 127, 99, 71, 67, 29, 27, 4, 0, 0, 0, 4, 22, 41, 108, 119, 117, 127, 127, 98]"
In-Distribution,20,exact_guidance_u,70,0,65,64,"[129, 123, 127, 122, 118, 107, 70, 65, 27, 11, 14, 2, 0, 3, 23, 21, 43, 63, 79, 121, 116, 127, 127, 127, 123, 108, 113, 93, 84, 78, 55, 33, 28, 32, 3, 0, 2, 3, 15, 14, 66, 91, 111, 121, 125, 127, 127, 99, 71, 67, 29, 27, 4, 0, 0, 0, 4, 22, 41, 108, 119, 117, 127, 127, 98]","[123, 127, 122, 118, 107, 70, 65, 27, 11, 14, 2, 0, 3, 23, 21, 43, 63, 79, 121, 116, 127, 127, 127, 123, 108, 113, 93, 84, 78, 55, 33, 28, 32, 3, 0, 2, 3, 15, 14, 66, 91, 111, 121, 125, 127, 127, 99, 71, 67, 29, 27, 4, 0, 0, 0, 4, 22, 41, 108, 119, 117, 127, 127, 98]"
In-Distribution,20,exact_guidance_u,71,0,65,64,"[129, 123, 127, 122, 118, 107, 70, 65, 27, 11, 14, 2, 0, 3, 23, 21, 43, 63, 79, 121, 116, 127, 127, 127, 123, 108, 113, 93, 84, 78, 55, 33, 28, 32, 3, 0, 2, 3, 15, 14, 66, 91, 111, 121, 125, 127, 127, 99, 71, 67, 29, 27, 4, 0, 0, 0, 4, 22, 41, 108, 119, 117, 127, 127, 98]","[123, 127, 122, 118, 107, 70, 65, 27, 11, 14, 2, 0, 3, 23, 21, 43, 63, 79, 121, 116, 127, 127, 127, 123, 108, 113, 93, 84, 78, 55, 33, 28, 32, 3, 0, 2, 3, 15, 14, 66, 91, 111, 121, 125, 127, 127, 99, 71, 67, 29, 27, 4, 0, 0, 0, 4, 22, 41, 108, 119, 117, 127, 127, 98]"
In-Distribution,20,exact_guidance_u,72,0,65,64,"[129, 123, 127, 122, 118, 107, 70, 65, 27, 11, 14, 2, 0, 3, 23, 21, 43, 63, 79, 121, 116, 127, 127, 127, 123, 108, 113, 93, 84, 78, 55, 33, 28, 32, 3, 0, 2, 3, 15, 14, 66, 91, 111, 121, 125, 127, 127, 99, 71, 67, 29, 27, 4, 0, 0, 0, 4, 22, 41, 108, 119, 117, 127, 127, 98]","[123, 127, 122, 118, 107, 70, 65, 27, 11, 14, 2, 0, 3, 23, 21, 43, 63, 79, 121, 116, 127, 127, 127, 123, 108, 113, 93, 84, 78, 55, 33, 28, 32, 3, 0, 2, 3, 15, 14, 66, 91, 111, 121, 125, 127, 127, 99, 71, 67, 29, 27, 4, 0, 0, 0, 4, 22, 41, 108, 119, 117, 127, 127, 98]"
In-Distribution,20,exact_guidance_u,73,0,65,64,"[129, 123, 127, 122, 118, 107, 70, 65, 27, 11, 14, 2, 0, 3, 23, 21, 43, 63, 79, 121, 116, 127, 127, 127, 123, 108, 113, 93, 84, 78, 55, 33, 28, 32, 3, 0, 2, 3, 15, 14, 66, 91, 111, 121, 125, 127, 127, 99, 71, 67, 29, 27, 4, 0, 0, 0, 4, 22, 41, 108, 119, 117, 127, 127, 98]","[123, 127, 122, 118, 107, 70, 65, 27, 11, 14, 2, 0, 3, 23, 21, 43, 63, 79, 121, 116, 127, 127, 127, 123, 108, 113, 93, 84, 78, 55, 33, 28, 32, 3, 0, 2, 3, 15, 14, 66, 91, 111, 121, 125, 127, 127, 99, 71, 67, 29, 27, 4, 0, 0, 0, 4, 22, 41, 108, 119, 117, 127, 127, 98]"
In-Distribution,20,exact_guidance_u,74,0,65,64,"[129, 123, 127, 122, 118, 107, 70, 65, 27, 11, 14, 2, 0, 3, 23, 21, 43, 63, 79, 121, 116, 127, 127, 127, 123, 108, 113, 93, 84, 78, 55, 33, 28, 32, 3, 0, 2, 3, 15, 14, 66, 91, 111, 121, 125, 127, 127, 99, 71, 67, 29, 27, 4, 0, 0, 0, 4, 22, 41, 108, 119, 117, 127, 127, 98]","[123, 127, 122, 118, 107, 70, 65, 27, 11, 14, 2, 0, 3, 23, 21, 43, 63, 79, 121, 116, 127, 127, 127, 123, 108, 113, 93, 84, 78, 55, 33, 28, 32, 3, 0, 2, 3, 15, 14, 66, 91, 111, 121, 125, 127, 127, 99, 71, 67, 29, 27, 4, 0, 0, 0, 4, 22, 41, 108, 119, 117, 127, 127, 98]"
In-Distribution,20,exact_guidance_u,75,0,65,64,"[129, 123, 127, 122, 118, 107, 70, 65, 27, 11, 14, 2, 0, 3, 23, 21, 43, 63, 79, 121, 116, 127, 127, 127, 123, 108, 113, 93, 84, 78, 55, 33, 28, 32, 3, 0, 2, 3, 15, 14, 66, 91, 111, 121, 125, 127, 127, 99, 71, 67, 29, 27, 4, 0, 0, 0, 4, 22, 41, 108, 119, 117, 127, 127, 98]","[123, 127, 122, 118, 107, 70, 65, 27, 11, 14, 2, 0, 3, 23, 21, 43, 63, 79, 121, 116, 127, 127, 127, 123, 108, 113, 93, 84, 78, 55, 33, 28, 32, 3, 0, 2, 3, 15, 14, 66, 91, 111, 121, 125, 127, 127, 99, 71, 67, 29, 27, 4, 0, 0, 0, 4, 22, 41, 108, 119, 117, 127, 127, 98]"
In-Distribution,20,exact_guidance_u,76,0,65,64,"[129, 123, 127, 122, 118, 107, 70, 65, 27, 11, 14, 2, 0, 3, 23, 21, 43, 63, 79, 121, 116, 127, 127, 127, 123, 108, 113, 93, 84, 78, 55, 33, 28, 32, 3, 0, 2, 3, 15, 14, 66, 91, 111, 121, 125, 127, 127, 99, 71, 67, 29, 27, 4, 0, 0, 0, 4, 22, 41, 108, 119, 117, 127, 127, 98]","[123, 127, 122, 118, 107, 70, 65, 27, 11, 14, 2, 0, 3, 23, 21, 43, 63, 79, 121, 116, 127, 127, 127, 123, 108, 113, 93, 84, 78, 55, 33, 28, 32, 3, 0, 2, 3, 15, 14, 66, 91, 111, 121, 125, 127, 127, 99, 71, 67, 29, 27, 4, 0, 0, 0, 4, 22, 41, 108, 119, 117, 127, 127, 98]"
In-Distribution,20,exact_guidance_u,77,0,65,64,"[129, 123, 127, 122, 118, 107, 70, 65, 27, 11, 14, 2, 0, 3, 23, 21, 43, 63, 79, 121, 116, 127, 127, 127, 123, 108, 113, 93, 84, 78, 55, 33, 28, 32, 3, 0, 2, 3, 15, 14, 66, 91, 111, 121, 125, 127, 127, 99, 71, 67, 29, 27, 4, 0, 0, 0, 4, 22, 41, 108, 119, 117, 127, 127, 98]","[123, 127, 122, 118, 107, 70, 65, 27, 11, 14, 2, 0, 3, 23, 21, 43, 63, 79, 121, 116, 127, 127, 127, 123, 108, 113, 93, 84, 78, 55, 33, 28, 32, 3, 0, 2, 3, 15, 14, 66, 91, 111, 121, 125, 127, 127, 99, 71, 67, 29, 27, 4, 0, 0, 0, 4, 22, 41, 108, 119, 117, 127, 127, 98]"
In-Distribution,20,exact_guidance_u,78,0,66,65,"[129, 123, 127, 122, 118, 107, 70, 65, 27, 11, 14, 2, 0, 3, 23, 21, 43, 63, 79, 121, 116, 127, 127, 127, 123, 108, 113, 93, 84, 78, 55, 33, 28, 32, 3, 0, 2, 3, 15, 14, 66, 91, 111, 121, 125, 127, 127, 116, 99, 71, 67, 29, 27, 4, 0, 0, 0, 4, 22, 41, 108, 119, 117, 127, 127, 98]","[123, 127, 122, 118, 107, 70, 65, 27, 11, 14, 2, 0, 3, 23, 21, 43, 63, 79, 121, 116, 127, 127, 127, 123, 108, 113, 93, 84, 78, 55, 33, 28, 32, 3, 0, 2, 3, 15, 14, 66, 91, 111, 121, 125, 127, 127, 116, 99, 71, 67, 29, 27, 4, 0, 0, 0, 4, 22, 41, 108, 119, 117, 127, 127, 98]"
In-Distribution,20,exact_guidance_u,79,0,67,66,"[129, 123, 127, 122, 118, 107, 70, 65, 35, 27, 11, 14, 2, 0, 3, 23, 21, 43, 63, 79, 121, 116, 127, 127, 127, 123, 108, 113, 93, 84, 78, 55, 33, 28, 32, 3, 0, 2, 3, 15, 14, 66, 91, 111, 121, 125, 127, 127, 116, 99, 71, 67, 29, 27, 4, 0, 0, 0, 4, 22, 41, 108, 119, 117, 127, 127, 98]","[123, 127, 122, 118, 107, 70, 65, 35, 27, 11, 14, 2, 0, 3, 23, 21, 43, 63, 79, 121, 116, 127, 127, 127, 123, 108, 113, 93, 84, 78, 55, 33, 28, 32, 3, 0, 2, 3, 15, 14, 66, 91, 111, 121, 125, 127, 127, 116, 99, 71, 67, 29, 27, 4, 0, 0, 0, 4, 22, 41, 108, 119, 117, 127, 127, 98]"
In-Distribution,20,exact_guidance_u,80,0,67,66,"[129, 123, 127, 122, 118, 107, 70, 65, 35, 27, 11, 14, 2, 0, 3, 23, 21, 43, 63, 79, 121, 116, 127, 127, 127, 123, 108, 113, 93, 84, 78, 55, 33, 28, 32, 3, 0, 2, 3, 15, 14, 66, 91, 111, 121, 125, 127, 127, 116, 99, 71, 67, 29, 27, 4, 0, 0, 0, 4, 22, 41, 108, 119, 117, 127, 127, 98]","[123, 127, 122, 118, 107, 70, 65, 35, 27, 11, 14, 2, 0, 3, 23, 21, 43, 63, 79, 121, 116, 127, 127, 127, 123, 108, 113, 93, 84, 78, 55, 33, 28, 32, 3, 0, 2, 3, 15, 14, 66, 91, 111, 121, 125, 127, 127, 116, 99, 71, 67, 29, 27, 4, 0, 0, 0, 4, 22, 41, 108, 119, 117, 127, 127, 98]"
In-Distribution,20,exact_guidance_u,81,0,67,66,"[129, 123, 127, 122, 118, 107, 70, 65, 35, 27, 11, 14, 2, 0, 3, 23, 21, 43, 63, 79, 121, 116, 127, 127, 127, 123, 108, 113, 93, 84, 78, 55, 33, 28, 32, 3, 0, 2, 3, 15, 14, 66, 91, 111, 121, 125, 127, 127, 116, 99, 71, 67, 29, 27, 4, 0, 0, 0, 4, 22, 41, 108, 119, 117, 127, 127, 98]","[123, 127, 122, 118, 107, 70, 65, 35, 27, 11, 14, 2, 0, 3, 23, 21, 43, 63, 79, 121, 116, 127, 127, 127, 123, 108, 113, 93, 84, 78, 55, 33, 28, 32, 3, 0, 2, 3, 15, 14, 66, 91, 111, 121, 125, 127, 127, 116, 99, 71, 67, 29, 27, 4, 0, 0, 0, 4, 22, 41, 108, 119, 117, 127, 127, 98]"
In-Distribution,20,exact_guidance_u,82,0,67,66,"[129, 123, 127, 122, 118, 107, 70, 65, 35, 27, 11, 14, 2, 0, 3, 23, 21, 43, 63, 79, 121, 116, 127, 127, 127, 123, 108, 113, 93, 84, 78, 55, 33, 28, 32, 3, 0, 2, 3, 15, 14, 66, 91, 111, 121, 125, 127, 127, 116, 99, 71, 67, 29, 27, 4, 0, 0, 0, 4, 22, 41, 108, 119, 117, 127, 127, 98]","[123, 127, 122, 118, 107, 70, 65, 35, 27, 11, 14, 2, 0, 3, 23, 21, 43, 63, 79, 121, 116, 127, 127, 127, 123, 108, 113, 93, 84, 78, 55, 33, 28, 32, 3, 0, 2, 3, 15, 14, 66, 91, 111, 121, 125, 127, 127, 116, 99, 71, 67, 29, 27, 4, 0, 0, 0, 4, 22, 41, 108, 119, 117, 127, 127, 98]"
In-Distribution,20,exact_guidance_u,83,0,67,66,"[129, 123, 127, 122, 118, 107, 70, 65, 35, 27, 11, 14, 2, 0, 3, 23, 21, 43, 63, 79, 121, 116, 127, 127, 127, 123, 108, 113, 93, 84, 78, 55, 33, 28, 32, 3, 0, 2, 3, 15, 14, 66, 91, 111, 121, 125, 127, 127, 116, 99, 71, 67, 29, 27, 4, 0, 0, 0, 4, 22, 41, 108, 119, 117, 127, 127, 98]","[123, 127, 122, 118, 107, 70, 65, 35, 27, 11, 14, 2, 0, 3, 23, 21, 43, 63, 79, 121, 116, 127, 127, 127, 123, 108, 113, 93, 84, 78, 55, 33, 28, 32, 3, 0, 2, 3, 15, 14, 66, 91, 111, 121, 125, 127, 127, 116, 99, 71, 67, 29, 27, 4, 0, 0, 0, 4, 22, 41, 108, 119, 117, 127, 127, 98]"
In-Distribution,20,exact_guidance_u,84,0,68,67,"[129, 123, 127, 122, 118, 107, 70, 65, 35, 27, 11, 14, 2, 0, 3, 23, 21, 43, 63, 79, 98, 121, 116, 127, 127, 127, 123, 108, 113, 93, 84, 78, 55, 33, 28, 32, 3, 0, 2, 3, 15, 14, 66, 91, 111, 121, 125, 127, 127, 116, 99, 71, 67, 29, 27, 4, 0, 0, 0, 4, 22, 41, 108, 119, 117, 127, 127, 98]","[123, 127, 122, 118, 107, 70, 65, 35, 27, 11, 14, 2, 0, 3, 23, 21, 43, 63, 79, 98, 121, 116, 127, 127, 127, 123, 108, 113, 93, 84, 78, 55, 33, 28, 32, 3, 0, 2, 3, 15, 14, 66, 91, 111, 121, 125, 127, 127, 116, 99, 71, 67, 29, 27, 4, 0, 0, 0, 4, 22, 41, 108, 119, 117, 127, 127, 98]"
In-Distribution,20,exact_guidance_u,85,0,69,68,"[129, 123, 127, 122, 118, 107, 70, 65, 35, 27, 11, 14, 2, 0, 3, 23, 21, 43, 63, 79, 98, 121, 116, 127, 127, 127, 123, 108, 113, 93, 84, 78, 55, 33, 28, 32, 3, 0, 2, 3, 15, 14, 66, 91, 111, 121, 125, 127, 127, 116, 99, 71, 67, 44, 29, 27, 4, 0, 0, 0, 4, 22, 41, 108, 119, 117, 127, 127, 98]","[123, 127, 122, 118, 107, 70, 65, 35, 27, 11, 14, 2, 0, 3, 23, 21, 43, 63, 79, 98, 121, 116, 127, 127, 127, 123, 108, 113, 93, 84, 78, 55, 33, 28, 32, 3, 0, 2, 3, 15, 14, 66, 91, 111, 121, 125, 127, 127, 116, 99, 71, 67, 44, 29, 27, 4, 0, 0, 0, 4, 22, 41, 108, 119, 117, 127, 127, 98]"
In-Distribution,20,exact_guidance_u,86,0,69,68,"[129, 123, 127, 122, 118, 107, 70, 65, 35, 27, 11, 14, 2, 0, 3, 23, 21, 43, 63, 79, 98, 121, 116, 127, 127, 127, 123, 108, 113, 93, 84, 78, 55, 33, 28, 32, 3, 0, 2, 3, 15, 14, 66, 91, 111, 121, 125, 127, 127, 116, 99, 71, 67, 44, 29, 27, 4, 0, 0, 0, 4, 22, 41, 108, 119, 117, 127, 127, 98]","[123, 127, 122, 118, 107, 70, 65, 35, 27, 11, 14, 2, 0, 3, 23, 21, 43, 63, 79, 98, 121, 116, 127, 127, 127, 123, 108, 113, 93, 84, 78, 55, 33, 28, 32, 3, 0, 2, 3, 15, 14, 66, 91, 111, 121, 125, 127, 127, 116, 99, 71, 67, 44, 29, 27, 4, 0, 0, 0, 4, 22, 41, 108, 119, 117, 127, 127, 98]"
In-Distribution,20,exact_guidance_u,87,0,69,68,"[129, 123, 127, 122, 118, 107, 70, 65, 35, 27, 11, 14, 2, 0, 3, 23, 21, 43, 63, 79, 98, 121, 116, 127, 127, 127, 123, 108, 113, 93, 84, 78, 55, 33, 28, 32, 3, 0, 2, 3, 15, 14, 66, 91, 111, 121, 125, 127, 127, 116, 99, 71, 67, 44, 29, 27, 4, 0, 0, 0, 4, 22, 41, 108, 119, 117, 127, 127, 98]","[123, 127, 122, 118, 107, 70, 65, 35, 27, 11, 14, 2, 0, 3, 23, 21, 43, 63, 79, 98, 121, 116, 127, 127, 127, 123, 108, 113, 93, 84, 78, 55, 33, 28, 32, 3, 0, 2, 3, 15, 14, 66, 91, 111, 121, 125, 127, 127, 116, 99, 71, 67, 44, 29, 27, 4, 0, 0, 0, 4, 22, 41, 108, 119, 117, 127, 127, 98]"
In-Distribution,20,exact_guidance_u,88,0,70,69,"[129, 123, 127, 122, 118, 107, 70, 65, 35, 27, 11, 14, 2, 0, 3, 23, 21, 43, 63, 79, 98, 121, 116, 127, 127, 127, 123, 108, 113, 93, 84, 78, 55, 33, 28, 32, 3, 0, 2, 3, 15, 14, 66, 91, 111, 121, 125, 127, 127, 116, 99, 71, 78, 67, 44, 29, 27, 4, 0, 0, 0, 4, 22, 41, 108, 119, 117, 127, 127, 98]","[123, 127, 122, 118, 107, 70, 65, 35, 27, 11, 14, 2, 0, 3, 23, 21, 43, 63, 79, 98, 121, 116, 127, 127, 127, 123, 108, 113, 93, 84, 78, 55, 33, 28, 32, 3, 0, 2, 3, 15, 14, 66, 91, 111, 121, 125, 127, 127, 116, 99, 71, 78, 67, 44, 29, 27, 4, 0, 0, 0, 4, 22, 41, 108, 119, 117, 127, 127, 98]"
In-Distribution,20,exact_guidance_u,89,0,70,69,"[129, 123, 127, 122, 118, 107, 70, 65, 35, 27, 11, 14, 2, 0, 3, 23, 21, 43, 63, 79, 98, 121, 116, 127, 127, 127, 123, 108, 113, 93, 84, 78, 55, 33, 28, 32, 3, 0, 2, 3, 15, 14, 66, 91, 111, 121, 125, 127, 127, 116, 99, 71, 78, 67, 44, 29, 27, 4, 0, 0, 0, 4, 22, 41, 108, 119, 117, 127, 127, 98]","[123, 127, 122, 118, 107, 70, 65, 35, 27, 11, 14, 2, 0, 3, 23, 21, 43, 63, 79, 98, 121, 116, 127, 127, 127, 123, 108, 113, 93, 84, 78, 55, 33, 28, 32, 3, 0, 2, 3, 15, 14, 66, 91, 111, 121, 125, 127, 127, 116, 99, 71, 78, 67, 44, 29, 27, 4, 0, 0, 0, 4, 22, 41, 108, 119, 117, 127, 127, 98]"
In-Distribution,20,exact_guidance_u,90,0,70,69,"[129, 123, 127, 122, 118, 107, 70, 65, 35, 27, 11, 14, 2, 0, 3, 23, 21, 43, 63, 79, 98, 121, 116, 127, 127, 127, 123, 108, 113, 93, 84, 78, 55, 33, 28, 32, 3, 0, 2, 3, 15, 14, 66, 91, 111, 121, 125, 127, 127, 116, 99, 71, 78, 67, 44, 29, 27, 4, 0, 0, 0, 4, 22, 41, 108, 119, 117, 127, 127, 98]","[123, 127, 122, 118, 107, 70, 65, 35, 27, 11, 14, 2, 0, 3, 23, 21, 43, 63, 79, 98, 121, 116, 127, 127, 127, 123, 108, 113, 93, 84, 78, 55, 33, 28, 32, 3, 0, 2, 3, 15, 14, 66, 91, 111, 121, 125, 127, 127, 116, 99, 71, 78, 67, 44, 29, 27, 4, 0, 0, 0, 4, 22, 41, 108, 119, 117, 127, 127, 98]"
In-Distribution,20,exact_guidance_u,91,0,70,69,"[129, 123, 127, 122, 118, 107, 70, 65, 35, 27, 11, 14, 2, 0, 3, 23, 21, 43, 63, 79, 98, 121, 116, 127, 127, 127, 123, 108, 113, 93, 84, 78, 55, 33, 28, 32, 3, 0, 2, 3, 15, 14, 66, 91, 111, 121, 125, 127, 127, 116, 99, 71, 78, 67, 44, 29, 27, 4, 0, 0, 0, 4, 22, 41, 108, 119, 117, 127, 127, 98]","[123, 127, 122, 118, 107, 70, 65, 35, 27, 11, 14, 2, 0, 3, 23, 21, 43, 63, 79, 98, 121, 116, 127, 127, 127, 123, 108, 113, 93, 84, 78, 55, 33, 28, 32, 3, 0, 2, 3, 15, 14, 66, 91, 111, 121, 125, 127, 127, 116, 99, 71, 78, 67, 44, 29, 27, 4, 0, 0, 0, 4, 22, 41, 108, 119, 117, 127, 127, 98]"
In-Distribution,20,exact_guidance_u,92,0,70,69,"[129, 123, 127, 122, 118, 107, 70, 65, 35, 27, 11, 14, 2, 0, 3, 23, 21, 43, 63, 79, 98, 121, 116, 127, 127, 127, 123, 108, 113, 93, 84, 78, 55, 33, 28, 32, 3, 0, 2, 3, 15, 14, 66, 91, 111, 121, 125, 127, 127, 116, 99, 71, 78, 67, 44, 29, 27, 4, 0, 0, 0, 4, 22, 41, 108, 119, 117, 127, 127, 98]","[123, 127, 122, 118, 107, 70, 65, 35, 27, 11, 14, 2, 0, 3, 23, 21, 43, 63, 79, 98, 121, 116, 127, 127, 127, 123, 108, 113, 93, 84, 78, 55, 33, 28, 32, 3, 0, 2, 3, 15, 14, 66, 91, 111, 121, 125, 127, 127, 116, 99, 71, 78, 67, 44, 29, 27, 4, 0, 0, 0, 4, 22, 41, 108, 119, 117, 127, 127, 98]"
In-Distribution,20,exact_guidance_u,93,0,70,69,"[129, 123, 127, 122, 118, 107, 70, 65, 35, 27, 11, 14, 2, 0, 3, 23, 21, 43, 63, 79, 98, 121, 116, 127, 127, 127, 123, 108, 113, 93, 84, 78, 55, 33, 28, 32, 3, 0, 2, 3, 15, 14, 66, 91, 111, 121, 125, 127, 127, 116, 99, 71, 78, 67, 44, 29, 27, 4, 0, 0, 0, 4, 22, 41, 108, 119, 117, 127, 127, 98]","[123, 127, 122, 118, 107, 70, 65, 35, 27, 11, 14, 2, 0, 3, 23, 21, 43, 63, 79, 98, 121, 116, 127, 127, 127, 123, 108, 113, 93, 84, 78, 55, 33, 28, 32, 3, 0, 2, 3, 15, 14, 66, 91, 111, 121, 125, 127, 127, 116, 99, 71, 78, 67, 44, 29, 27, 4, 0, 0, 0, 4, 22, 41, 108, 119, 117, 127, 127, 98]"
In-Distribution,20,exact_guidance_u,94,0,70,69,"[129, 123, 127, 122, 118, 107, 70, 65, 35, 27, 11, 14, 2, 0, 3, 23, 21, 43, 63, 79, 98, 121, 116, 127, 127, 127, 123, 108, 113, 93, 84, 78, 55, 33, 28, 32, 3, 0, 2, 3, 15, 14, 66, 91, 111, 121, 125, 127, 127, 116, 99, 71, 78, 67, 44, 29, 27, 4, 0, 0, 0, 4, 22, 41, 108, 119, 117, 127, 127, 98]","[123, 127, 122, 118, 107, 70, 65, 35, 27, 11, 14, 2, 0, 3, 23, 21, 43, 63, 79, 98, 121, 116, 127, 127, 127, 123, 108, 113, 93, 84, 78, 55, 33, 28, 32, 3, 0, 2, 3, 15, 14, 66, 91, 111, 121, 125, 127, 127, 116, 99, 71, 78, 67, 44, 29, 27, 4, 0, 0, 0, 4, 22, 41, 108, 119, 117, 127, 127, 98]"
In-Distribution,20,exact_guidance_u,95,0,70,69,"[129, 123, 127, 122, 118, 107, 70, 65, 35, 27, 11, 14, 2, 0, 3, 23, 21, 43, 63, 79, 98, 121, 116, 127, 127, 127, 123, 108, 113, 93, 84, 78, 55, 33, 28, 32, 3, 0, 2, 3, 15, 14, 66, 91, 111, 121, 125, 127, 127, 116, 99, 71, 78, 67, 44, 29, 27, 4, 0, 0, 0, 4, 22, 41, 108, 119, 117, 127, 127, 98]","[123, 127, 122, 118, 107, 70, 65, 35, 27, 11, 14, 2, 0, 3, 23, 21, 43, 63, 79, 98, 121, 116, 127, 127, 127, 123, 108, 113, 93, 84, 78, 55, 33, 28, 32, 3, 0, 2, 3, 15, 14, 66, 91, 111, 121, 125, 127, 127, 116, 99, 71, 78, 67, 44, 29, 27, 4, 0, 0, 0, 4, 22, 41, 108, 119, 117, 127, 127, 98]"
In-Distribution,20,exact_guidance_u,96,0,70,69,"[129, 123, 127, 122, 118, 107, 70, 65, 35, 27, 11, 14, 2, 0, 3, 23, 21, 43, 63, 79, 98, 121, 116, 127, 127, 127, 123, 108, 113, 93, 84, 78, 55, 33, 28, 32, 3, 0, 2, 3, 15, 14, 66, 91, 111, 121, 125, 127, 127, 116, 99, 71, 78, 67, 44, 29, 27, 4, 0, 0, 0, 4, 22, 41, 108, 119, 117, 127, 127, 98]","[123, 127, 122, 118, 107, 70, 65, 35, 27, 11, 14, 2, 0, 3, 23, 21, 43, 63, 79, 98, 121, 116, 127, 127, 127, 123, 108, 113, 93, 84, 78, 55, 33, 28, 32, 3, 0, 2, 3, 15, 14, 66, 91, 111, 121, 125, 127, 127, 116, 99, 71, 78, 67, 44, 29, 27, 4, 0, 0, 0, 4, 22, 41, 108, 119, 117, 127, 127, 98]"
In-Distribution,20,exact_guidance_u,97,0,70,69,"[129, 123, 127, 122, 118, 107, 70, 65, 35, 27, 11, 14, 2, 0, 3, 23, 21, 43, 63, 79, 98, 121, 116, 127, 127, 127, 123, 108, 113, 93, 84, 78, 55, 33, 28, 32, 3, 0, 2, 3, 15, 14, 66, 91, 111, 121, 125, 127, 127, 116, 99, 71, 78, 67, 44, 29, 27, 4, 0, 0, 0, 4, 22, 41, 108, 119, 117, 127, 127, 98]","[123, 127, 122, 118, 107, 70, 65, 35, 27, 11, 14, 2, 0, 3, 23, 21, 43, 63, 79, 98, 121, 116, 127, 127, 127, 123, 108, 113, 93, 84, 78, 55, 33, 28, 32, 3, 0, 2, 3, 15, 14, 66, 91, 111, 121, 125, 127, 127, 116, 99, 71, 78, 67, 44, 29, 27, 4, 0, 0, 0, 4, 22, 41, 108, 119, 117, 127, 127, 98]"
In-Distribution,20,exact_guidance_u,98,0,71,70,"[129, 123, 127, 122, 118, 107, 70, 65, 57, 35, 27, 11, 14, 2, 0, 3, 23, 21, 43, 63, 79, 98, 121, 116, 127, 127, 127, 123, 108, 113, 93, 84, 78, 55, 33, 28, 32, 3, 0, 2, 3, 15, 14, 66, 91, 111, 121, 125, 127, 127, 116, 99, 71, 78, 67, 44, 29, 27, 4, 0, 0, 0, 4, 22, 41, 108, 119, 117, 127, 127, 98]","[123, 127, 122, 118, 107, 70, 65, 57, 35, 27, 11, 14, 2, 0, 3, 23, 21, 43, 63, 79, 98, 121, 116, 127, 127, 127, 123, 108, 113, 93, 84, 78, 55, 33, 28, 32, 3, 0, 2, 3, 15, 14, 66, 91, 111, 121, 125, 127, 127, 116, 99, 71, 78, 67, 44, 29, 27, 4, 0, 0, 0, 4, 22, 41, 108, 119, 117, 127, 127, 98]"
In-Distribution,20,exact_guidance_u,99,0,71,70,"[129, 123, 127, 122, 118, 107, 70, 65, 57, 35, 27, 11, 14, 2, 0, 3, 23, 21, 43, 63, 79, 98, 121, 116, 127, 127, 127, 123, 108, 113, 93, 84, 78, 55, 33, 28, 32, 3, 0, 2, 3, 15, 14, 66, 91, 111, 121, 125, 127, 127, 116, 99, 71, 78, 67, 44, 29, 27, 4, 0, 0, 0, 4, 22, 41, 108, 119, 117, 127, 127, 98]","[123, 127, 122, 118, 107, 70, 65, 57, 35, 27, 11, 14, 2, 0, 3, 23, 21, 43, 63, 79, 98, 121, 116, 127, 127, 127, 123, 108, 113, 93, 84, 78, 55, 33, 28, 32, 3, 0, 2, 3, 15, 14, 66, 91, 111, 121, 125, 127, 127, 116, 99, 71, 78, 67, 44, 29, 27, 4, 0, 0, 0, 4, 22, 41, 108, 119, 117, 127, 127, 98]"
In-Distribution,20,exact_guidance_u,100,0,71,70,"[129, 123, 127, 122, 118, 107, 70, 65, 57, 35, 27, 11, 14, 2, 0, 3, 23, 21, 43, 63, 79, 98, 121, 116, 127, 127, 127, 123, 108, 113, 93, 84, 78, 55, 33, 28, 32, 3, 0, 2, 3, 15, 14, 66, 91, 111, 121, 125, 127, 127, 116, 99, 71, 78, 67, 44, 29, 27, 4, 0, 0, 0, 4, 22, 41, 108, 119, 117, 127, 127, 98]","[123, 127, 122, 118, 107, 70, 65, 57, 35, 27, 11, 14, 2, 0, 3, 23, 21, 43, 63, 79, 98, 121, 116, 127, 127, 127, 123, 108, 113, 93, 84, 78, 55, 33, 28, 32, 3, 0, 2, 3, 15, 14, 66, 91, 111, 121, 125, 127, 127, 116, 99, 71, 78, 67, 44, 29, 27, 4, 0, 0, 0, 4, 22, 41, 108, 119, 117, 127, 127, 98]"
In-Distribution,20,exact_guidance_u,101,0,71,70,"[129, 123, 127, 122, 118, 107, 70, 65, 57, 35, 27, 11, 14, 2, 0, 3, 23, 21, 43, 63, 79, 98, 121, 116, 127, 127, 127, 123, 108, 113, 93, 84, 78, 55, 33, 28, 32, 3, 0, 2, 3, 15, 14, 66, 91, 111, 121, 125, 127, 127, 116, 99, 71, 78, 67, 44, 29, 27, 4, 0, 0, 0, 4, 22, 41, 108, 119, 117, 127, 127, 98]","[123, 127, 122, 118, 107, 70, 65, 57, 35, 27, 11, 14, 2, 0, 3, 23, 21, 43, 63, 79, 98, 121, 116, 127, 127, 127, 123, 108, 113, 93, 84, 78, 55, 33, 28, 32, 3, 0, 2, 3, 15, 14, 66, 91, 111, 121, 125, 127, 127, 116, 99, 71, 78, 67, 44, 29, 27, 4, 0, 0, 0, 4, 22, 41, 108, 119, 117, 127, 127, 98]"
In-Distribution,20,exact_guidance_u,102,0,72,71,"[129, 123, 127, 122, 118, 107, 70, 65, 57, 35, 27, 11, 14, 2, 0, 3, 23, 21, 43, 63, 79, 98, 121, 116, 127, 127, 127, 123, 108, 113, 93, 84, 78, 55, 33, 28, 32, 4, 3, 0, 2, 3, 15, 14, 66, 91, 111, 121, 125, 127, 127, 116, 99, 71, 78, 67, 44, 29, 27, 4, 0, 0, 0, 4, 22, 41, 108, 119, 117, 127, 127, 98]","[123, 127, 122, 118, 107, 70, 65, 57, 35, 27, 11, 14, 2, 0, 3, 23, 21, 43, 63, 79, 98, 121, 116, 127, 127, 127, 123, 108, 113, 93, 84, 78, 55, 33, 28, 32, 4, 3, 0, 2, 3, 15, 14, 66, 91, 111, 121, 125, 127, 127, 116, 99, 71, 78, 67, 44, 29, 27, 4, 0, 0, 0, 4, 22, 41, 108, 119, 117, 127, 127, 98]"
In-Distribution,20,exact_guidance_u,103,0,72,71,"[129, 123, 127, 122, 118, 107, 70, 65, 57, 35, 27, 11, 14, 2, 0, 3, 23, 21, 43, 63, 79, 98, 121, 116, 127, 127, 127, 123, 108, 113, 93, 84, 78, 55, 33, 28, 32, 4, 3, 0, 2, 3, 15, 14, 66, 91, 111, 121, 125, 127, 127, 116, 99, 71, 78, 67, 44, 29, 27, 4, 0, 0, 0, 4, 22, 41, 108, 119, 117, 127, 127, 98]","[123, 127, 122, 118, 107, 70, 65, 57, 35, 27, 11, 14, 2, 0, 3, 23, 21, 43, 63, 79, 98, 121, 116, 127, 127, 127, 123, 108, 113, 93, 84, 78, 55, 33, 28, 32, 4, 3, 0, 2, 3, 15, 14, 66, 91, 111, 121, 125, 127, 127, 116, 99, 71, 78, 67, 44, 29, 27, 4, 0, 0, 0, 4, 22, 41, 108, 119, 117, 127, 127, 98]"
In-Distribution,20,exact_guidance_u,104,0,72,71,"[129, 123, 127, 122, 118, 107, 70, 65, 57, 35, 27, 11, 14, 2, 0, 3, 23, 21, 43, 63, 79, 98, 121, 116, 127, 127, 127, 123, 108, 113, 93, 84, 78, 55, 33, 28, 32, 4, 3, 0, 2, 3, 15, 14, 66, 91, 111, 121, 125, 127, 127, 116, 99, 71, 78, 67, 44, 29, 27, 4, 0, 0, 0, 4, 22, 41, 108, 119, 117, 127, 127, 98]","[123, 127, 122, 118, 107, 70, 65, 57, 35, 27, 11, 14, 2, 0, 3, 23, 21, 43, 63, 79, 98, 121, 116, 127, 127, 127, 123, 108, 113, 93, 84, 78, 55, 33, 28, 32, 4, 3, 0, 2, 3, 15, 14, 66, 91, 111, 121, 125, 127, 127, 116, 99, 71, 78, 67, 44, 29, 27, 4, 0, 0, 0, 4, 22, 41, 108, 119, 117, 127, 127, 98]"
In-Distribution,20,exact_guidance_u,105,0,73,72,"[129, 123, 127, 122, 118, 107, 70, 65, 57, 35, 27, 11, 14, 2, 0, 3, 23, 21, 43, 63, 79, 98, 121, 116, 127, 127, 127, 123, 108, 113, 93, 84, 78, 55, 33, 28, 32, 4, 3, 0, 2, 3, 15, 14, 66, 91, 111, 121, 125, 127, 127, 116, 99, 71, 78, 67, 44, 29, 27, 4, 0, 0, 0, 4, 22, 41, 90, 108, 119, 117, 127, 127, 98]","[123, 127, 122, 118, 107, 70, 65, 57, 35, 27, 11, 14, 2, 0, 3, 23, 21, 43, 63, 79, 98, 121, 116, 127, 127, 127, 123, 108, 113, 93, 84, 78, 55, 33, 28, 32, 4, 3, 0, 2, 3, 15, 14, 66, 91, 111, 121, 125, 127, 127, 116, 99, 71, 78, 67, 44, 29, 27, 4, 0, 0, 0, 4, 22, 41, 90, 108, 119, 117, 127, 127, 98]"
In-Distribution,20,exact_guidance_u,106,0,73,72,"[129, 123, 127, 122, 118, 107, 70, 65, 57, 35, 27, 11, 14, 2, 0, 3, 23, 21, 43, 63, 79, 98, 121, 116, 127, 127, 127, 123, 108, 113, 93, 84, 78, 55, 33, 28, 32, 4, 3, 0, 2, 3, 15, 14, 66, 91, 111, 121, 125, 127, 127, 116, 99, 71, 78, 67, 44, 29, 27, 4, 0, 0, 0, 4, 22, 41, 90, 108, 119, 117, 127, 127, 98]","[123, 127, 122, 118, 107, 70, 65, 57, 35, 27, 11, 14, 2, 0, 3, 23, 21, 43, 63, 79, 98, 121, 116, 127, 127, 127, 123, 108, 113, 93, 84, 78, 55, 33, 28, 32, 4, 3, 0, 2, 3, 15, 14, 66, 91, 111, 121, 125, 127, 127, 116, 99, 71, 78, 67, 44, 29, 27, 4, 0, 0, 0, 4, 22, 41, 90, 108, 119, 117, 127, 127, 98]"
In-Distribution,20,exact_guidance_u,107,0,73,72,"[129, 123, 127, 122, 118, 107, 70, 65, 57, 35, 27, 11, 14, 2, 0, 3, 23, 21, 43, 63, 79, 98, 121, 116, 127, 127, 127, 123, 108, 113, 93, 84, 78, 55, 33, 28, 32, 4, 3, 0, 2, 3, 15, 14, 66, 91, 111, 121, 125, 127, 127, 116, 99, 71, 78, 67, 44, 29, 27, 4, 0, 0, 0, 4, 22, 41, 90, 108, 119, 117, 127, 127, 98]","[123, 127, 122, 118, 107, 70, 65, 57, 35, 27, 11, 14, 2, 0, 3, 23, 21, 43, 63, 79, 98, 121, 116, 127, 127, 127, 123, 108, 113, 93, 84, 78, 55, 33, 28, 32, 4, 3, 0, 2, 3, 15, 14, 66, 91, 111, 121, 125, 127, 127, 116, 99, 71, 78, 67, 44, 29, 27, 4, 0, 0, 0, 4, 22, 41, 90, 108, 119, 117, 127, 127, 98]"
In-Distribution,20,exact_guidance_u,108,0,74,73,"[129, 123, 127, 122, 118, 107, 70, 65, 57, 35, 27, 11, 14, 2, 0, 3, 23, 21, 43, 63, 79, 98, 121, 116, 127, 127, 127, 123, 108, 113, 93, 84, 78, 55, 33, 28, 32, 4, 3, 0, 2, 3, 15, 14, 66, 91, 111, 121, 125, 127, 127, 116, 99, 71, 78, 67, 44, 29, 27, 4, 0, 0, 0, 4, 22, 41, 67, 90, 108, 119, 117, 127, 127, 98]","[123, 127, 122, 118, 107, 70, 65, 57, 35, 27, 11, 14, 2, 0, 3, 23, 21, 43, 63, 79, 98, 121, 116, 127, 127, 127, 123, 108, 113, 93, 84, 78, 55, 33, 28, 32, 4, 3, 0, 2, 3, 15, 14, 66, 91, 111, 121, 125, 127, 127, 116, 99, 71, 78, 67, 44, 29, 27, 4, 0, 0, 0, 4, 22, 41, 67, 90, 108, 119, 117, 127, 127, 98]"
In-Distribution,20,exact_guidance_u,109,0,76,75,"[129, 123, 127, 122, 118, 107, 70, 65, 57, 35, 27, 11, 14, 2, 0, 3, 23, 21, 43, 63, 79, 98, 121, 116, 127, 127, 127, 123, 108, 113, 93, 84, 78, 55, 33, 28, 32, 4, 3, 0, 2, 3, 15, 14, 66, 91, 111, 121, 125, 127, 127, 116, 99, 71, 78, 67, 44, 29, 27, 4, 0, 0, 0, 4, 22, 43, 41, 43, 67, 90, 108, 119, 117, 127, 127, 98]","[123, 127, 122, 118, 107, 70, 65, 57, 35, 27, 11, 14, 2, 0, 3, 23, 21, 43, 63, 79, 98, 121, 116, 127, 127, 127, 123, 108, 113, 93, 84, 78, 55, 33, 28, 32, 4, 3, 0, 2, 3, 15, 14, 66, 91, 111, 121, 125, 127, 127, 116, 99, 71, 78, 67, 44, 29, 27, 4, 0, 0, 0, 4, 22, 43, 41, 43, 67, 90, 108, 119, 117, 127, 127, 98]"
In-Distribution,20,exact_guidance_u,110,0,76,75,"[129, 123, 127, 122, 118, 107, 70, 65, 57, 35, 27, 11, 14, 2, 0, 3, 23, 21, 43, 63, 79, 98, 121, 116, 127, 127, 127, 123, 108, 113, 93, 84, 78, 55, 33, 28, 32, 4, 3, 0, 2, 3, 15, 14, 66, 91, 111, 121, 125, 127, 127, 116, 99, 71, 78, 67, 44, 29, 27, 4, 0, 0, 0, 4, 22, 43, 41, 43, 67, 90, 108, 119, 117, 127, 127, 98]","[123, 127, 122, 118, 107, 70, 65, 57, 35, 27, 11, 14, 2, 0, 3, 23, 21, 43, 63, 79, 98, 121, 116, 127, 127, 127, 123, 108, 113, 93, 84, 78, 55, 33, 28, 32, 4, 3, 0, 2, 3, 15, 14, 66, 91, 111, 121, 125, 127, 127, 116, 99, 71, 78, 67, 44, 29, 27, 4, 0, 0, 0, 4, 22, 43, 41, 43, 67, 90, 108, 119, 117, 127, 127, 98]"
In-Distribution,20,exact_guidance_u,111,0,76,75,"[129, 123, 127, 122, 118, 107, 70, 65, 57, 35, 27, 11, 14, 2, 0, 3, 23, 21, 43, 63, 79, 98, 121, 116, 127, 127, 127, 123, 108, 113, 93, 84, 78, 55, 33, 28, 32, 4, 3, 0, 2, 3, 15, 14, 66, 91, 111, 121, 125, 127, 127, 116, 99, 71, 78, 67, 44, 29, 27, 4, 0, 0, 0, 4, 22, 43, 41, 43, 67, 90, 108, 119, 117, 127, 127, 98]","[123, 127, 122, 118, 107, 70, 65, 57, 35, 27, 11, 14, 2, 0, 3, 23, 21, 43, 63, 79, 98, 121, 116, 127, 127, 127, 123, 108, 113, 93, 84, 78, 55, 33, 28, 32, 4, 3, 0, 2, 3, 15, 14, 66, 91, 111, 121, 125, 127, 127, 116, 99, 71, 78, 67, 44, 29, 27, 4, 0, 0, 0, 4, 22, 43, 41, 43, 67, 90, 108, 119, 117, 127, 127, 98]"
In-Distribution,20,exact_guidance_u,112,0,76,75,"[129, 123, 127, 122, 118, 107, 70, 65, 57, 35, 27, 11, 14, 2, 0, 3, 23, 21, 43, 63, 79, 98, 121, 116, 127, 127, 127, 123, 108, 113, 93, 84, 78, 55, 33, 28, 32, 4, 3, 0, 2, 3, 15, 14, 66, 91, 111, 121, 125, 127, 127, 116, 99, 71, 78, 67, 44, 29, 27, 4, 0, 0, 0, 4, 22, 43, 41, 43, 67, 90, 108, 119, 117, 127, 127, 98]","[123, 127, 122, 118, 107, 70, 65, 57, 35, 27, 11, 14, 2, 0, 3, 23, 21, 43, 63, 79, 98, 121, 116, 127, 127, 127, 123, 108, 113, 93, 84, 78, 55, 33, 28, 32, 4, 3, 0, 2, 3, 15, 14, 66, 91, 111, 121, 125, 127, 127, 116, 99, 71, 78, 67, 44, 29, 27, 4, 0, 0, 0, 4, 22, 43, 41, 43, 67, 90, 108, 119, 117, 127, 127, 98]"
In-Distribution,20,exact_guidance_u,113,0,77,76,"[129, 123, 127, 122, 118, 107, 70, 65, 57, 35, 27, 11, 14, 2, 0, 3, 23, 21, 43, 63, 79, 98, 121, 116, 127, 127, 127, 123, 108, 113, 93, 84, 78, 55, 33, 28, 32, 4, 3, 0, 2, 3, 15, 14, 46, 66, 91, 111, 121, 125, 127, 127, 116, 99, 71, 78, 67, 44, 29, 27, 4, 0, 0, 0, 4, 22, 43, 41, 43, 67, 90, 108, 119, 117, 127, 127, 98]","[123, 127, 122, 118, 107, 70, 65, 57, 35, 27, 11, 14, 2, 0, 3, 23, 21, 43, 63, 79, 98, 121, 116, 127, 127, 127, 123, 108, 113, 93, 84, 78, 55, 33, 28, 32, 4, 3, 0, 2, 3, 15, 14, 46, 66, 91, 111, 121, 125, 127, 127, 116, 99, 71, 78, 67, 44, 29, 27, 4, 0, 0, 0, 4, 22, 43, 41, 43, 67, 90, 108, 119, 117, 127, 127, 98]"
In-Distribution,20,exact_guidance_u,114,0,77,76,"[129, 123, 127, 122, 118, 107, 70, 65, 57, 35, 27, 11, 14, 2, 0, 3, 23, 21, 43, 63, 79, 98, 121, 116, 127, 127, 127, 123, 108, 113, 93, 84, 78, 55, 33, 28, 32, 4, 3, 0, 2, 3, 15, 14, 46, 66, 91, 111, 121, 125, 127, 127, 116, 99, 71, 78, 67, 44, 29, 27, 4, 0, 0, 0, 4, 22, 43, 41, 43, 67, 90, 108, 119, 117, 127, 127, 98]","[123, 127, 122, 118, 107, 70, 65, 57, 35, 27, 11, 14, 2, 0, 3, 23, 21, 43, 63, 79, 98, 121, 116, 127, 127, 127, 123, 108, 113, 93, 84, 78, 55, 33, 28, 32, 4, 3, 0, 2, 3, 15, 14, 46, 66, 91, 111, 121, 125, 127, 127, 116, 99, 71, 78, 67, 44, 29, 27, 4, 0, 0, 0, 4, 22, 43, 41, 43, 67, 90, 108, 119, 117, 127, 127, 98]"
In-Distribution,20,exact_guidance_u,115,0,77,76,"[129, 123, 127, 122, 118, 107, 70, 65, 57, 35, 27, 11, 14, 2, 0, 3, 23, 21, 43, 63, 79, 98, 121, 116, 127, 127, 127, 123, 108, 113, 93, 84, 78, 55, 33, 28, 32, 4, 3, 0, 2, 3, 15, 14, 46, 66, 91, 111, 121, 125, 127, 127, 116, 99, 71, 78, 67, 44, 29, 27, 4, 0, 0, 0, 4, 22, 43, 41, 43, 67, 90, 108, 119, 117, 127, 127, 98]","[123, 127, 122, 118, 107, 70, 65, 57, 35, 27, 11, 14, 2, 0, 3, 23, 21, 43, 63, 79, 98, 121, 116, 127, 127, 127, 123, 108, 113, 93, 84, 78, 55, 33, 28, 32, 4, 3, 0, 2, 3, 15, 14, 46, 66, 91, 111, 121, 125, 127, 127, 116, 99, 71, 78, 67, 44, 29, 27, 4, 0, 0, 0, 4, 22, 43, 41, 43, 67, 90, 108, 119, 117, 127, 127, 98]"
In-Distribution,20,exact_guidance_u,116,0,78,77,"[129, 123, 127, 122, 118, 107, 70, 65, 57, 35, 27, 11, 14, 2, 0, 3, 23, 21, 43, 63, 79, 98, 121, 116, 127, 127, 127, 123, 108, 113, 93, 84, 78, 55, 33, 28, 32, 4, 3, 0, 2, 3, 15, 14, 46, 66, 91, 111, 121, 125, 123, 127, 127, 116, 99, 71, 78, 67, 44, 29, 27, 4, 0, 0, 0, 4, 22, 43, 41, 43, 67, 90, 108, 119, 117, 127, 127, 98]","[123, 127, 122, 118, 107, 70, 65, 57, 35, 27, 11, 14, 2, 0, 3, 23, 21, 43, 63, 79, 98, 121, 116, 127, 127, 127, 123, 108, 113, 93, 84, 78, 55, 33, 28, 32, 4, 3, 0, 2, 3, 15, 14, 46, 66, 91, 111, 121, 125, 123, 127, 127, 116, 99, 71, 78, 67, 44, 29, 27, 4, 0, 0, 0, 4, 22, 43, 41, 43, 67, 90, 108, 119, 117, 127, 127, 98]"
In-Distribution,20,exact_guidance_u,117,0,78,77,"[129, 123, 127, 122, 118, 107, 70, 65, 57, 35, 27, 11, 14, 2, 0, 3, 23, 21, 43, 63, 79, 98, 121, 116, 127, 127, 127, 123, 108, 113, 93, 84, 78, 55, 33, 28, 32, 4, 3, 0, 2, 3, 15, 14, 46, 66, 91, 111, 121, 125, 123, 127, 127, 116, 99, 71, 78, 67, 44, 29, 27, 4, 0, 0, 0, 4, 22, 43, 41, 43, 67, 90, 108, 119, 117, 127, 127, 98]","[123, 127, 122, 118, 107, 70, 65, 57, 35, 27, 11, 14, 2, 0, 3, 23, 21, 43, 63, 79, 98, 121, 116, 127, 127, 127, 123, 108, 113, 93, 84, 78, 55, 33, 28, 32, 4, 3, 0, 2, 3, 15, 14, 46, 66, 91, 111, 121, 125, 123, 127, 127, 116, 99, 71, 78, 67, 44, 29, 27, 4, 0, 0, 0, 4, 22, 43, 41, 43, 67, 90, 108, 119, 117, 127, 127, 98]"
In-Distribution,20,exact_guidance_u,118,0,78,77,"[129, 123, 127, 122, 118, 107, 70, 65, 57, 35, 27, 11, 14, 2, 0, 3, 23, 21, 43, 63, 79, 98, 121, 116, 127, 127, 127, 123, 108, 113, 93, 84, 78, 55, 33, 28, 32, 4, 3, 0, 2, 3, 15, 14, 46, 66, 91, 111, 121, 125, 123, 127, 127, 116, 99, 71, 78, 67, 44, 29, 27, 4, 0, 0, 0, 4, 22, 43, 41, 43, 67, 90, 108, 119, 117, 127, 127, 98]","[123, 127, 122, 118, 107, 70, 65, 57, 35, 27, 11, 14, 2, 0, 3, 23, 21, 43, 63, 79, 98, 121, 116, 127, 127, 127, 123, 108, 113, 93, 84, 78, 55, 33, 28, 32, 4, 3, 0, 2, 3, 15, 14, 46, 66, 91, 111, 121, 125, 123, 127, 127, 116, 99, 71, 78, 67, 44, 29, 27, 4, 0, 0, 0, 4, 22, 43, 41, 43, 67, 90, 108, 119, 117, 127, 127, 98]"
In-Distribution,20,exact_guidance_u,119,0,79,78,"[129, 123, 127, 122, 118, 107, 105, 70, 65, 57, 35, 27, 11, 14, 2, 0, 3, 23, 21, 43, 63, 79, 98, 121, 116, 127, 127, 127, 123, 108, 113, 93, 84, 78, 55, 33, 28, 32, 4, 3, 0, 2, 3, 15, 14, 46, 66, 91, 111, 121, 125, 123, 127, 127, 116, 99, 71, 78, 67, 44, 29, 27, 4, 0, 0, 0, 4, 22, 43, 41, 43, 67, 90, 108, 119, 117, 127, 127, 98]","[123, 127, 122, 118, 107, 105, 70, 65, 57, 35, 27, 11, 14, 2, 0, 3, 23, 21, 43, 63, 79, 98, 121, 116, 127, 127, 127, 123, 108, 113, 93, 84, 78, 55, 33, 28, 32, 4, 3, 0, 2, 3, 15, 14, 46, 66, 91, 111, 121, 125, 123, 127, 127, 116, 99, 71, 78, 67, 44, 29, 27, 4, 0, 0, 0, 4, 22, 43, 41, 43, 67, 90, 108, 119, 117, 127, 127, 98]"
In-Distribution,20,exact_guidance_u,120,0,79,78,"[129, 123, 127, 122, 118, 107, 105, 70, 65, 57, 35, 27, 11, 14, 2, 0, 3, 23, 21, 43, 63, 79, 98, 121, 116, 127, 127, 127, 123, 108, 113, 93, 84, 78, 55, 33, 28, 32, 4, 3, 0, 2, 3, 15, 14, 46, 66, 91, 111, 121, 125, 123, 127, 127, 116, 99, 71, 78, 67, 44, 29, 27, 4, 0, 0, 0, 4, 22, 43, 41, 43, 67, 90, 108, 119, 117, 127, 127, 98]","[123, 127, 122, 118, 107, 105, 70, 65, 57, 35, 27, 11, 14, 2, 0, 3, 23, 21, 43, 63, 79, 98, 121, 116, 127, 127, 127, 123, 108, 113, 93, 84, 78, 55, 33, 28, 32, 4, 3, 0, 2, 3, 15, 14, 46, 66, 91, 111, 121, 125, 123, 127, 127, 116, 99, 71, 78, 67, 44, 29, 27, 4, 0, 0, 0, 4, 22, 43, 41, 43, 67, 90, 108, 119, 117, 127, 127, 98]"
In-Distribution,20,exact_guidance_u,121,0,79,78,"[129, 123, 127, 122, 118, 107, 105, 70, 65, 57, 35, 27, 11, 14, 2, 0, 3, 23, 21, 43, 63, 79, 98, 121, 116, 127, 127, 127, 123, 108, 113, 93, 84, 78, 55, 33, 28, 32, 4, 3, 0, 2, 3, 15, 14, 46, 66, 91, 111, 121, 125, 123, 127, 127, 116, 99, 71, 78, 67, 44, 29, 27, 4, 0, 0, 0, 4, 22, 43, 41, 43, 67, 90, 108, 119, 117, 127, 127, 98]","[123, 127, 122, 118, 107, 105, 70, 65, 57, 35, 27, 11, 14, 2, 0, 3, 23, 21, 43, 63, 79, 98, 121, 116, 127, 127, 127, 123, 108, 113, 93, 84, 78, 55, 33, 28, 32, 4, 3, 0, 2, 3, 15, 14, 46, 66, 91, 111, 121, 125, 123, 127, 127, 116, 99, 71, 78, 67, 44, 29, 27, 4, 0, 0, 0, 4, 22, 43, 41, 43, 67, 90, 108, 119, 117, 127, 127, 98]"
In-Distribution,20,exact_guidance_u,122,0,79,78,"[129, 123, 127, 122, 118, 107, 105, 70, 65, 57, 35, 27, 11, 14, 2, 0, 3, 23, 21, 43, 63, 79, 98, 121, 116, 127, 127, 127, 123, 108, 113, 93, 84, 78, 55, 33, 28, 32, 4, 3, 0, 2, 3, 15, 14, 46, 66, 91, 111, 121, 125, 123, 127, 127, 116, 99, 71, 78, 67, 44, 29, 27, 4, 0, 0, 0, 4, 22, 43, 41, 43, 67, 90, 108, 119, 117, 127, 127, 98]","[123, 127, 122, 118, 107, 105, 70, 65, 57, 35, 27, 11, 14, 2, 0, 3, 23, 21, 43, 63, 79, 98, 121, 116, 127, 127, 127, 123, 108, 113, 93, 84, 78, 55, 33, 28, 32, 4, 3, 0, 2, 3, 15, 14, 46, 66, 91, 111, 121, 125, 123, 127, 127, 116, 99, 71, 78, 67, 44, 29, 27, 4, 0, 0, 0, 4, 22, 43, 41, 43, 67, 90, 108, 119, 117, 127, 127, 98]"
In-Distribution,20,exact_guidance_u,123,0,79,78,"[129, 123, 127, 122, 118, 107, 105, 70, 65, 57, 35, 27, 11, 14, 2, 0, 3, 23, 21, 43, 63, 79, 98, 121, 116, 127, 127, 127, 123, 108, 113, 93, 84, 78, 55, 33, 28, 32, 4, 3, 0, 2, 3, 15, 14, 46, 66, 91, 111, 121, 125, 123, 127, 127, 116, 99, 71, 78, 67, 44, 29, 27, 4, 0, 0, 0, 4, 22, 43, 41, 43, 67, 90, 108, 119, 117, 127, 127, 98]","[123, 127, 122, 118, 107, 105, 70, 65, 57, 35, 27, 11, 14, 2, 0, 3, 23, 21, 43, 63, 79, 98, 121, 116, 127, 127, 127, 123, 108, 113, 93, 84, 78, 55, 33, 28, 32, 4, 3, 0, 2, 3, 15, 14, 46, 66, 91, 111, 121, 125, 123, 127, 127, 116, 99, 71, 78, 67, 44, 29, 27, 4, 0, 0, 0, 4, 22, 43, 41, 43, 67, 90, 108, 119, 117, 127, 127, 98]"
In-Distribution,20,exact_guidance_u,124,0,79,78,"[129, 123, 127, 122, 118, 107, 105, 70, 65, 57, 35, 27, 11, 14, 2, 0, 3, 23, 21, 43, 63, 79, 98, 121, 116, 127, 127, 127, 123, 108, 113, 93, 84, 78, 55, 33, 28, 32, 4, 3, 0, 2, 3, 15, 14, 46, 66, 91, 111, 121, 125, 123, 127, 127, 116, 99, 71, 78, 67, 44, 29, 27, 4, 0, 0, 0, 4, 22, 43, 41, 43, 67, 90, 108, 119, 117, 127, 127, 98]","[123, 127, 122, 118, 107, 105, 70, 65, 57, 35, 27, 11, 14, 2, 0, 3, 23, 21, 43, 63, 79, 98, 121, 116, 127, 127, 127, 123, 108, 113, 93, 84, 78, 55, 33, 28, 32, 4, 3, 0, 2, 3, 15, 14, 46, 66, 91, 111, 121, 125, 123, 127, 127, 116, 99, 71, 78, 67, 44, 29, 27, 4, 0, 0, 0, 4, 22, 43, 41, 43, 67, 90, 108, 119, 117, 127, 127, 98]"
In-Distribution,20,exact_guidance_u,125,0,80,79,"[129, 123, 127, 122, 118, 107, 105, 70, 65, 57, 35, 27, 11, 14, 2, 0, 3, 23, 21, 43, 63, 79, 98, 121, 116, 127, 127, 127, 123, 108, 113, 93, 84, 78, 55, 33, 28, 32, 4, 3, 0, 0, 2, 3, 15, 14, 46, 66, 91, 111, 121, 125, 123, 127, 127, 116, 99, 71, 78, 67, 44, 29, 27, 4, 0, 0, 0, 4, 22, 43, 41, 43, 67, 90, 108, 119, 117, 127, 127, 98]","[123, 127, 122, 118, 107, 105, 70, 65, 57, 35, 27, 11, 14, 2, 0, 3, 23, 21, 43, 63, 79, 98, 121, 116, 127, 127, 127, 123, 108, 113, 93, 84, 78, 55, 33, 28, 32, 4, 3, 0, 0, 2, 3, 15, 14, 46, 66, 91, 111, 121, 125, 123, 127, 127, 116, 99, 71, 78, 67, 44, 29, 27, 4, 0, 0, 0, 4, 22, 43, 41, 43, 67, 90, 108, 119, 117, 127, 127, 98]"
In-Distribution,20,exact_guidance_u,126,0,81,80,"[129, 123, 127, 122, 118, 107, 105, 70, 65, 57, 35, 27, 11, 14, 2, 0, 3, 23, 21, 43, 63, 79, 81, 98, 121, 116, 127, 127, 127, 123, 108, 113, 93, 84, 78, 55, 33, 28, 32, 4, 3, 0, 0, 2, 3, 15, 14, 46, 66, 91, 111, 121, 125, 123, 127, 127, 116, 99, 71, 78, 67, 44, 29, 27, 4, 0, 0, 0, 4, 22, 43, 41, 43, 67, 90, 108, 119, 117, 127, 127, 98]","[123, 127, 122, 118, 107, 105, 70, 65, 57, 35, 27, 11, 14, 2, 0, 3, 23, 21, 43, 63, 79, 81, 98, 121, 116, 127, 127, 127, 123, 108, 113, 93, 84, 78, 55, 33, 28, 32, 4, 3, 0, 0, 2, 3, 15, 14, 46, 66, 91, 111, 121, 125, 123, 127, 127, 116, 99, 71, 78, 67, 44, 29, 27, 4, 0, 0, 0, 4, 22, 43, 41, 43, 67, 90, 108, 119, 117, 127, 127, 98]"
In-Distribution,20,exact_guidance_u,127,0,81,80,"[129, 123, 127, 122, 118, 107, 105, 70, 65, 57, 35, 27, 11, 14, 2, 0, 3, 23, 21, 43, 63, 79, 81, 98, 121, 116, 127, 127, 127, 123, 108, 113, 93, 84, 78, 55, 33, 28, 32, 4, 3, 0, 0, 2, 3, 15, 14, 46, 66, 91, 111, 121, 125, 123, 127, 127, 116, 99, 71, 78, 67, 44, 29, 27, 4, 0, 0, 0, 4, 22, 43, 41, 43, 67, 90, 108, 119, 117, 127, 127, 98]","[123, 127, 122, 118, 107, 105, 70, 65, 57, 35, 27, 11, 14, 2, 0, 3, 23, 21, 43, 63, 79, 81, 98, 121, 116, 127, 127, 127, 123, 108, 113, 93, 84, 78, 55, 33, 28, 32, 4, 3, 0, 0, 2, 3, 15, 14, 46, 66, 91, 111, 121, 125, 123, 127, 127, 116, 99, 71, 78, 67, 44, 29, 27, 4, 0, 0, 0, 4, 22, 43, 41, 43, 67, 90, 108, 119, 117, 127, 127, 98]"
In-Distribution,20,exact_guidance_u,128,0,81,80,"[129, 123, 127, 122, 118, 107, 105, 70, 65, 57, 35, 27, 11, 14, 2, 0, 3, 23, 21, 43, 63, 79, 81, 98, 121, 116, 127, 127, 127, 123, 108, 113, 93, 84, 78, 55, 33, 28, 32, 4, 3, 0, 0, 2, 3, 15, 14, 46, 66, 91, 111, 121, 125, 123, 127, 127, 116, 99, 71, 78, 67, 44, 29, 27, 4, 0, 0, 0, 4, 22, 43, 41, 43, 67, 90, 108, 119, 117, 127, 127, 98]","[123, 127, 122, 118, 107, 105, 70, 65, 57, 35, 27, 11, 14, 2, 0, 3, 23, 21, 43, 63, 79, 81, 98, 121, 116, 127, 127, 127, 123, 108, 113, 93, 84, 78, 55, 33, 28, 32, 4, 3, 0, 0, 2, 3, 15, 14, 46, 66, 91, 111, 121, 125, 123, 127, 127, 116, 99, 71, 78, 67, 44, 29, 27, 4, 0, 0, 0, 4, 22, 43, 41, 43, 67, 90, 108, 119, 117, 127, 127, 98]"
In-Distribution,20,exact_guidance_u,129,0,82,81,"[129, 123, 127, 122, 118, 107, 105, 70, 65, 57, 35, 27, 11, 14, 2, 0, 3, 23, 21, 43, 63, 79, 81, 98, 121, 116, 127, 127, 127, 123, 108, 113, 93, 84, 78, 55, 33, 28, 32, 4, 3, 0, 0, 2, 3, 15, 14, 46, 66, 91, 111, 121, 125, 123, 127, 127, 116, 99, 71, 78, 67, 44, 29, 27, 4, 0, 0, 0, 4, 22, 43, 41, 43, 64, 67, 90, 108, 119, 117, 127, 127, 98]","[123, 127, 122, 118, 107, 105, 70, 65, 57, 35, 27, 11, 14, 2, 0, 3, 23, 21, 43, 63, 79, 81, 98, 121, 116, 127, 127, 127, 123, 108, 113, 93, 84, 78, 55, 33, 28, 32, 4, 3, 0, 0, 2, 3, 15, 14, 46, 66, 91, 111, 121, 125, 123, 127, 127, 116, 99, 71, 78, 67, 44, 29, 27, 4, 0, 0, 0, 4, 22, 43, 41, 43, 64, 67, 90, 108, 119, 117, 127, 127, 98]"
In-Distribution,20,exact_guidance_u,130,0,82,81,"[129, 123, 127, 122, 118, 107, 105, 70, 65, 57, 35, 27, 11, 14, 2, 0, 3, 23, 21, 43, 63, 79, 81, 98, 121, 116, 127, 127, 127, 123, 108, 113, 93, 84, 78, 55, 33, 28, 32, 4, 3, 0, 0, 2, 3, 15, 14, 46, 66, 91, 111, 121, 125, 123, 127, 127, 116, 99, 71, 78, 67, 44, 29, 27, 4, 0, 0, 0, 4, 22, 43, 41, 43, 64, 67, 90, 108, 119, 117, 127, 127, 98]","[123, 127, 122, 118, 107, 105, 70, 65, 57, 35, 27, 11, 14, 2, 0, 3, 23, 21, 43, 63, 79, 81, 98, 121, 116, 127, 127, 127, 123, 108, 113, 93, 84, 78, 55, 33, 28, 32, 4, 3, 0, 0, 2, 3, 15, 14, 46, 66, 91, 111, 121, 125, 123, 127, 127, 116, 99, 71, 78, 67, 44, 29, 27, 4, 0, 0, 0, 4, 22, 43, 41, 43, 64, 67, 90, 108, 119, 117, 127, 127, 98]"
In-Distribution,20,exact_guidance_u,131,0,82,81,"[129, 123, 127, 122, 118, 107, 105, 70, 65, 57, 35, 27, 11, 14, 2, 0, 3, 23, 21, 43, 63, 79, 81, 98, 121, 116, 127, 127, 127, 123, 108, 113, 93, 84, 78, 55, 33, 28, 32, 4, 3, 0, 0, 2, 3, 15, 14, 46, 66, 91, 111, 121, 125, 123, 127, 127, 116, 99, 71, 78, 67, 44, 29, 27, 4, 0, 0, 0, 4, 22, 43, 41, 43, 64, 67, 90, 108, 119, 117, 127, 127, 98]","[123, 127, 122, 118, 107, 105, 70, 65, 57, 35, 27, 11, 14, 2, 0, 3, 23, 21, 43, 63, 79, 81, 98, 121, 116, 127, 127, 127, 123, 108, 113, 93, 84, 78, 55, 33, 28, 32, 4, 3, 0, 0, 2, 3, 15, 14, 46, 66, 91, 111, 121, 125, 123, 127, 127, 116, 99, 71, 78, 67, 44, 29, 27, 4, 0, 0, 0, 4, 22, 43, 41, 43, 64, 67, 90, 108, 119, 117, 127, 127, 98]"
In-Distribution,20,exact_guidance_u,132,0,83,82,"[129, 123, 127, 122, 118, 107, 105, 70, 65, 57, 35, 27, 11, 14, 2, 0, 3, 23, 21, 43, 63, 79, 81, 98, 121, 116, 127, 127, 127, 123, 108, 113, 93, 84, 78, 55, 33, 28, 32, 4, 3, 0, 0, 2, 3, 15, 14, 46, 66, 91, 111, 121, 125, 123, 127, 127, 116, 99, 71, 78, 67, 44, 41, 29, 27, 4, 0, 0, 0, 4, 22, 43, 41, 43, 64, 67, 90, 108, 119, 117, 127, 127, 98]","[123, 127, 122, 118, 107, 105, 70, 65, 57, 35, 27, 11, 14, 2, 0, 3, 23, 21, 43, 63, 79, 81, 98, 121, 116, 127, 127, 127, 123, 108, 113, 93, 84, 78, 55, 33, 28, 32, 4, 3, 0, 0, 2, 3, 15, 14, 46, 66, 91, 111, 121, 125, 123, 127, 127, 116, 99, 71, 78, 67, 44, 41, 29, 27, 4, 0, 0, 0, 4, 22, 43, 41, 43, 64, 67, 90, 108, 119, 117, 127, 127, 98]"
In-Distribution,20,exact_guidance_u,133,0,83,82,"[129, 123, 127, 122, 118, 107, 105, 70, 65, 57, 35, 27, 11, 14, 2, 0, 3, 23, 21, 43, 63, 79, 81, 98, 121, 116, 127, 127, 127, 123, 108, 113, 93, 84, 78, 55, 33, 28, 32, 4, 3, 0, 0, 2, 3, 15, 14, 46, 66, 91, 111, 121, 125, 123, 127, 127, 116, 99, 71, 78, 67, 44, 41, 29, 27, 4, 0, 0, 0, 4, 22, 43, 41, 43, 64, 67, 90, 108, 119, 117, 127, 127, 98]","[123, 127, 122, 118, 107, 105, 70, 65, 57, 35, 27, 11, 14, 2, 0, 3, 23, 21, 43, 63, 79, 81, 98, 121, 116, 127, 127, 127, 123, 108, 113, 93, 84, 78, 55, 33, 28, 32, 4, 3, 0, 0, 2, 3, 15, 14, 46, 66, 91, 111, 121, 125, 123, 127, 127, 116, 99, 71, 78, 67, 44, 41, 29, 27, 4, 0, 0, 0, 4, 22, 43, 41, 43, 64, 67, 90, 108, 119, 117, 127, 127, 98]"
In-Distribution,20,exact_guidance_u,134,0,83,82,"[129, 123, 127, 122, 118, 107, 105, 70, 65, 57, 35, 27, 11, 14, 2, 0, 3, 23, 21, 43, 63, 79, 81, 98, 121, 116, 127, 127, 127, 123, 108, 113, 93, 84, 78, 55, 33, 28, 32, 4, 3, 0, 0, 2, 3, 15, 14, 46, 66, 91, 111, 121, 125, 123, 127, 127, 116, 99, 71, 78, 67, 44, 41, 29, 27, 4, 0, 0, 0, 4, 22, 43, 41, 43, 64, 67, 90, 108, 119, 117, 127, 127, 98]","[123, 127, 122, 118, 107, 105, 70, 65, 57, 35, 27, 11, 14, 2, 0, 3, 23, 21, 43, 63, 79, 81, 98, 121, 116, 127, 127, 127, 123, 108, 113, 93, 84, 78, 55, 33, 28, 32, 4, 3, 0, 0, 2, 3, 15, 14, 46, 66, 91, 111, 121, 125, 123, 127, 127, 116, 99, 71, 78, 67, 44, 41, 29, 27, 4, 0, 0, 0, 4, 22, 43, 41, 43, 64, 67, 90, 108, 119, 117, 127, 127, 98]"
In-Distribution,20,exact_guidance_u,135,0,84,83,"[129, 123, 127, 122, 118, 107, 105, 70, 65, 57, 35, 27, 11, 14, 2, 0, 3, 23, 21, 43, 63, 79, 81, 98, 94, 121, 116, 127, 127, 127, 123, 108, 113, 93, 84, 78, 55, 33, 28, 32, 4, 3, 0, 0, 2, 3, 15, 14, 46, 66, 91, 111, 121, 125, 123, 127, 127, 116, 99, 71, 78, 67, 44, 41, 29, 27, 4, 0, 0, 0, 4, 22, 43, 41, 43, 64, 67, 90, 108, 119, 117, 127, 127, 98]","[123, 127, 122, 118, 107, 105, 70, 65, 57, 35, 27, 11, 14, 2, 0, 3, 23, 21, 43, 63, 79, 81, 98, 94, 121, 116, 127, 127, 127, 123, 108, 113, 93, 84, 78, 55, 33, 28, 32, 4, 3, 0, 0, 2, 3, 15, 14, 46, 66, 91, 111, 121, 125, 123, 127, 127, 116, 99, 71, 78, 67, 44, 41, 29, 27, 4, 0, 0, 0, 4, 22, 43, 41, 43, 64, 67, 90, 108, 119, 117, 127, 127, 98]"
In-Distribution,20,exact_guidance_u,136,0,84,83,"[129, 123, 127, 122, 118, 107, 105, 70, 65, 57, 35, 27, 11, 14, 2, 0, 3, 23, 21, 43, 63, 79, 81, 98, 94, 121, 116, 127, 127, 127, 123, 108, 113, 93, 84, 78, 55, 33, 28, 32, 4, 3, 0, 0, 2, 3, 15, 14, 46, 66, 91, 111, 121, 125, 123, 127, 127, 116, 99, 71, 78, 67, 44, 41, 29, 27, 4, 0, 0, 0, 4, 22, 43, 41, 43, 64, 67, 90, 108, 119, 117, 127, 127, 98]","[123, 127, 122, 118, 107, 105, 70, 65, 57, 35, 27, 11, 14, 2, 0, 3, 23, 21, 43, 63, 79, 81, 98, 94, 121, 116, 127, 127, 127, 123, 108, 113, 93, 84, 78, 55, 33, 28, 32, 4, 3, 0, 0, 2, 3, 15, 14, 46, 66, 91, 111, 121, 125, 123, 127, 127, 116, 99, 71, 78, 67, 44, 41, 29, 27, 4, 0, 0, 0, 4, 22, 43, 41, 43, 64, 67, 90, 108, 119, 117, 127, 127, 98]"
In-Distribution,20,exact_guidance_u,137,0,84,83,"[129, 123, 127, 122, 118, 107, 105, 70, 65, 57, 35, 27, 11, 14, 2, 0, 3, 23, 21, 43, 63, 79, 81, 98, 94, 121, 116, 127, 127, 127, 123, 108, 113, 93, 84, 78, 55, 33, 28, 32, 4, 3, 0, 0, 2, 3, 15, 14, 46, 66, 91, 111, 121, 125, 123, 127, 127, 116, 99, 71, 78, 67, 44, 41, 29, 27, 4, 0, 0, 0, 4, 22, 43, 41, 43, 64, 67, 90, 108, 119, 117, 127, 127, 98]","[123, 127, 122, 118, 107, 105, 70, 65, 57, 35, 27, 11, 14, 2, 0, 3, 23, 21, 43, 63, 79, 81, 98, 94, 121, 116, 127, 127, 127, 123, 108, 113, 93, 84, 78, 55, 33, 28, 32, 4, 3, 0, 0, 2, 3, 15, 14, 46, 66, 91, 111, 121, 125, 123, 127, 127, 116, 99, 71, 78, 67, 44, 41, 29, 27, 4, 0, 0, 0, 4, 22, 43, 41, 43, 64, 67, 90, 108, 119, 117, 127, 127, 98]"
In-Distribution,20,exact_guidance_u,138,0,84,83,"[129, 123, 127, 122, 118, 107, 105, 70, 65, 57, 35, 27, 11, 14, 2, 0, 3, 23, 21, 43, 63, 79, 81, 98, 94, 121, 116, 127, 127, 127, 123, 108, 113, 93, 84, 78, 55, 33, 28, 32, 4, 3, 0, 0, 2, 3, 15, 14, 46, 66, 91, 111, 121, 125, 123, 127, 127, 116, 99, 71, 78, 67, 44, 41, 29, 27, 4, 0, 0, 0, 4, 22, 43, 41, 43, 64, 67, 90, 108, 119, 117, 127, 127, 98]","[123, 127, 122, 118, 107, 105, 70, 65, 57, 35, 27, 11, 14, 2, 0, 3, 23, 21, 43, 63, 79, 81, 98, 94, 121, 116, 127, 127, 127, 123, 108, 113, 93, 84, 78, 55, 33, 28, 32, 4, 3, 0, 0, 2, 3, 15, 14, 46, 66, 91, 111, 121, 125, 123, 127, 127, 116, 99, 71, 78, 67, 44, 41, 29, 27, 4, 0, 0, 0, 4, 22, 43, 41, 43, 64, 67, 90, 108, 119, 117, 127, 127, 98]"
In-Distribution,20,exact_guidance_u,139,0,84,83,"[129, 123, 127, 122, 118, 107, 105, 70, 65, 57, 35, 27, 11, 14, 2, 0, 3, 23, 21, 43, 63, 79, 81, 98, 94, 121, 116, 127, 127, 127, 123, 108, 113, 93, 84, 78, 55, 33, 28, 32, 4, 3, 0, 0, 2, 3, 15, 14, 46, 66, 91, 111, 121, 125, 123, 127, 127, 116, 99, 71, 78, 67, 44, 41, 29, 27, 4, 0, 0, 0, 4, 22, 43, 41, 43, 64, 67, 90, 108, 119, 117, 127, 127, 98]","[123, 127, 122, 118, 107, 105, 70, 65, 57, 35, 27, 11, 14, 2, 0, 3, 23, 21, 43, 63, 79, 81, 98, 94, 121, 116, 127, 127, 127, 123, 108, 113, 93, 84, 78, 55, 33, 28, 32, 4, 3, 0, 0, 2, 3, 15, 14, 46, 66, 91, 111, 121, 125, 123, 127, 127, 116, 99, 71, 78, 67, 44, 41, 29, 27, 4, 0, 0, 0, 4, 22, 43, 41, 43, 64, 67, 90, 108, 119, 117, 127, 127, 98]"
In-Distribution,20,exact_guidance_u,140,0,84,83,"[129, 123, 127, 122, 118, 107, 105, 70, 65, 57, 35, 27, 11, 14, 2, 0, 3, 23, 21, 43, 63, 79, 81, 98, 94, 121, 116, 127, 127, 127, 123, 108, 113, 93, 84, 78, 55, 33, 28, 32, 4, 3, 0, 0, 2, 3, 15, 14, 46, 66, 91, 111, 121, 125, 123, 127, 127, 116, 99, 71, 78, 67, 44, 41, 29, 27, 4, 0, 0, 0, 4, 22, 43, 41, 43, 64, 67, 90, 108, 119, 117, 127, 127, 98]","[123, 127, 122, 118, 107, 105, 70, 65, 57, 35, 27, 11, 14, 2, 0, 3, 23, 21, 43, 63, 79, 81, 98, 94, 121, 116, 127, 127, 127, 123, 108, 113, 93, 84, 78, 55, 33, 28, 32, 4, 3, 0, 0, 2, 3, 15, 14, 46, 66, 91, 111, 121, 125, 123, 127, 127, 116, 99, 71, 78, 67, 44, 41, 29, 27, 4, 0, 0, 0, 4, 22, 43, 41, 43, 64, 67, 90, 108, 119, 117, 127, 127, 98]"
In-Distribution,20,exact_guidance_u,141,0,84,83,"[129, 123, 127, 122, 118, 107, 105, 70, 65, 57, 35, 27, 11, 14, 2, 0, 3, 23, 21, 43, 63, 79, 81, 98, 94, 121, 116, 127, 127, 127, 123, 108, 113, 93, 84, 78, 55, 33, 28, 32, 4, 3, 0, 0, 2, 3, 15, 14, 46, 66, 91, 111, 121, 125, 123, 127, 127, 116, 99, 71, 78, 67, 44, 41, 29, 27, 4, 0, 0, 0, 4, 22, 43, 41, 43, 64, 67, 90, 108, 119, 117, 127, 127, 98]","[123, 127, 122, 118, 107, 105, 70, 65, 57, 35, 27, 11, 14, 2, 0, 3, 23, 21, 43, 63, 79, 81, 98, 94, 121, 116, 127, 127, 127, 123, 108, 113, 93, 84, 78, 55, 33, 28, 32, 4, 3, 0, 0, 2, 3, 15, 14, 46, 66, 91, 111, 121, 125, 123, 127, 127, 116, 99, 71, 78, 67, 44, 41, 29, 27, 4, 0, 0, 0, 4, 22, 43, 41, 43, 64, 67, 90, 108, 119, 117, 127, 127, 98]"
In-Distribution,20,exact_guidance_u,142,0,84,83,"[129, 123, 127, 122, 118, 107, 105, 70, 65, 57, 35, 27, 11, 14, 2, 0, 3, 23, 21, 43, 63, 79, 81, 98, 94, 121, 116, 127, 127, 127, 123, 108, 113, 93, 84, 78, 55, 33, 28, 32, 4, 3, 0, 0, 2, 3, 15, 14, 46, 66, 91, 111, 121, 125, 123, 127, 127, 116, 99, 71, 78, 67, 44, 41, 29, 27, 4, 0, 0, 0, 4, 22, 43, 41, 43, 64, 67, 90, 108, 119, 117, 127, 127, 98]","[123, 127, 122, 118, 107, 105, 70, 65, 57, 35, 27, 11, 14, 2, 0, 3, 23, 21, 43, 63, 79, 81, 98, 94, 121, 116, 127, 127, 127, 123, 108, 113, 93, 84, 78, 55, 33, 28, 32, 4, 3, 0, 0, 2, 3, 15, 14, 46, 66, 91, 111, 121, 125, 123, 127, 127, 116, 99, 71, 78, 67, 44, 41, 29, 27, 4, 0, 0, 0, 4, 22, 43, 41, 43, 64, 67, 90, 108, 119, 117, 127, 127, 98]"
In-Distribution,20,exact_guidance_u,143,0,84,83,"[129, 123, 127, 122, 118, 107, 105, 70, 65, 57, 35, 27, 11, 14, 2, 0, 3, 23, 21, 43, 63, 79, 81, 98, 94, 121, 116, 127, 127, 127, 123, 108, 113, 93, 84, 78, 55, 33, 28, 32, 4, 3, 0, 0, 2, 3, 15, 14, 46, 66, 91, 111, 121, 125, 123, 127, 127, 116, 99, 71, 78, 67, 44, 41, 29, 27, 4, 0, 0, 0, 4, 22, 43, 41, 43, 64, 67, 90, 108, 119, 117, 127, 127, 98]","[123, 127, 122, 118, 107, 105, 70, 65, 57, 35, 27, 11, 14, 2, 0, 3, 23, 21, 43, 63, 79, 81, 98, 94, 121, 116, 127, 127, 127, 123, 108, 113, 93, 84, 78, 55, 33, 28, 32, 4, 3, 0, 0, 2, 3, 15, 14, 46, 66, 91, 111, 121, 125, 123, 127, 127, 116, 99, 71, 78, 67, 44, 41, 29, 27, 4, 0, 0, 0, 4, 22, 43, 41, 43, 64, 67, 90, 108, 119, 117, 127, 127, 98]"
In-Distribution,20,exact_guidance_u,144,0,85,84,"[129, 123, 126, 127, 122, 118, 107, 105, 70, 65, 57, 35, 27, 11, 14, 2, 0, 3, 23, 21, 43, 63, 79, 81, 98, 94, 121, 116, 127, 127, 127, 123, 108, 113, 93, 84, 78, 55, 33, 28, 32, 4, 3, 0, 0, 2, 3, 15, 14, 46, 66, 91, 111, 121, 125, 123, 127, 127, 116, 99, 71, 78, 67, 44, 41, 29, 27, 4, 0, 0, 0, 4, 22, 43, 41, 43, 64, 67, 90, 108, 119, 117, 127, 127, 98]","[123, 126, 127, 122, 118, 107, 105, 70, 65, 57, 35, 27, 11, 14, 2, 0, 3, 23, 21, 43, 63, 79, 81, 98, 94, 121, 116, 127, 127, 127, 123, 108, 113, 93, 84, 78, 55, 33, 28, 32, 4, 3, 0, 0, 2, 3, 15, 14, 46, 66, 91, 111, 121, 125, 123, 127, 127, 116, 99, 71, 78, 67, 44, 41, 29, 27, 4, 0, 0, 0, 4, 22, 43, 41, 43, 64, 67, 90, 108, 119, 117, 127, 127, 98]"
In-Distribution,20,exact_guidance_u,145,0,85,84,"[129, 123, 126, 127, 122, 118, 107, 105, 70, 65, 57, 35, 27, 11, 14, 2, 0, 3, 23, 21, 43, 63, 79, 81, 98, 94, 121, 116, 127, 127, 127, 123, 108, 113, 93, 84, 78, 55, 33, 28, 32, 4, 3, 0, 0, 2, 3, 15, 14, 46, 66, 91, 111, 121, 125, 123, 127, 127, 116, 99, 71, 78, 67, 44, 41, 29, 27, 4, 0, 0, 0, 4, 22, 43, 41, 43, 64, 67, 90, 108, 119, 117, 127, 127, 98]","[123, 126, 127, 122, 118, 107, 105, 70, 65, 57, 35, 27, 11, 14, 2, 0, 3, 23, 21, 43, 63, 79, 81, 98, 94, 121, 116, 127, 127, 127, 123, 108, 113, 93, 84, 78, 55, 33, 28, 32, 4, 3, 0, 0, 2, 3, 15, 14, 46, 66, 91, 111, 121, 125, 123, 127, 127, 116, 99, 71, 78, 67, 44, 41, 29, 27, 4, 0, 0, 0, 4, 22, 43, 41, 43, 64, 67, 90, 108, 119, 117, 127, 127, 98]"
In-Distribution,20,exact_guidance_u,146,0,86,85,"[129, 123, 126, 127, 122, 118, 107, 105, 70, 65, 57, 35, 27, 14, 11, 14, 2, 0, 3, 23, 21, 43, 63, 79, 81, 98, 94, 121, 116, 127, 127, 127, 123, 108, 113, 93, 84, 78, 55, 33, 28, 32, 4, 3, 0, 0, 2, 3, 15, 14, 46, 66, 91, 111, 121, 125, 123, 127, 127, 116, 99, 71, 78, 67, 44, 41, 29, 27, 4, 0, 0, 0, 4, 22, 43, 41, 43, 64, 67, 90, 108, 119, 117, 127, 127, 98]","[123, 126, 127, 122, 118, 107, 105, 70, 65, 57, 35, 27, 14, 11, 14, 2, 0, 3, 23, 21, 43, 63, 79, 81, 98, 94, 121, 116, 127, 127, 127, 123, 108, 113, 93, 84, 78, 55, 33, 28, 32, 4, 3, 0, 0, 2, 3, 15, 14, 46, 66, 91, 111, 121, 125, 123, 127, 127, 116, 99, 71, 78, 67, 44, 41, 29, 27, 4, 0, 0, 0, 4, 22, 43, 41, 43, 64, 67, 90, 108, 119, 117, 127, 127, 98]"
In-Distribution,20,exact_guidance_u,147,0,86,85,"[129, 123, 126, 127, 122, 118, 107, 105, 70, 65, 57, 35, 27, 14, 11, 14, 2, 0, 3, 23, 21, 43, 63, 79, 81, 98, 94, 121, 116, 127, 127, 127, 123, 108, 113, 93, 84, 78, 55, 33, 28, 32, 4, 3, 0, 0, 2, 3, 15, 14, 46, 66, 91, 111, 121, 125, 123, 127, 127, 116, 99, 71, 78, 67, 44, 41, 29, 27, 4, 0, 0, 0, 4, 22, 43, 41, 43, 64, 67, 90, 108, 119, 117, 127, 127, 98]","[123, 126, 127, 122, 118, 107, 105, 70, 65, 57, 35, 27, 14, 11, 14, 2, 0, 3, 23, 21, 43, 63, 79, 81, 98, 94, 121, 116, 127, 127, 127, 123, 108, 113, 93, 84, 78, 55, 33, 28, 32, 4, 3, 0, 0, 2, 3, 15, 14, 46, 66, 91, 111, 121, 125, 123, 127, 127, 116, 99, 71, 78, 67, 44, 41, 29, 27, 4, 0, 0, 0, 4, 22, 43, 41, 43, 64, 67, 90, 108, 119, 117, 127, 127, 98]"
In-Distribution,20,exact_guidance_u,148,0,86,85,"[129, 123, 126, 127, 122, 118, 107, 105, 70, 65, 57, 35, 27, 14, 11, 14, 2, 0, 3, 23, 21, 43, 63, 79, 81, 98, 94, 121, 116, 127, 127, 127, 123, 108, 113, 93, 84, 78, 55, 33, 28, 32, 4, 3, 0, 0, 2, 3, 15, 14, 46, 66, 91, 111, 121, 125, 123, 127, 127, 116, 99, 71, 78, 67, 44, 41, 29, 27, 4, 0, 0, 0, 4, 22, 43, 41, 43, 64, 67, 90, 108, 119, 117, 127, 127, 98]","[123, 126, 127, 122, 118, 107, 105, 70, 65, 57, 35, 27, 14, 11, 14, 2, 0, 3, 23, 21, 43, 63, 79, 81, 98, 94, 121, 116, 127, 127, 127, 123, 108, 113, 93, 84, 78, 55, 33, 28, 32, 4, 3, 0, 0, 2, 3, 15, 14, 46, 66, 91, 111, 121, 125, 123, 127, 127, 116, 99, 71, 78, 67, 44, 41, 29, 27, 4, 0, 0, 0, 4, 22, 43, 41, 43, 64, 67, 90, 108, 119, 117, 127, 127, 98]"
In-Distribution,20,exact_guidance_u,149,0,86,85,"[129, 123, 126, 127, 122, 118, 107, 105, 70, 65, 57, 35, 27, 14, 11, 14, 2, 0, 3, 23, 21, 43, 63, 79, 81, 98, 94, 121, 116, 127, 127, 127, 123, 108, 113, 93, 84, 78, 55, 33, 28, 32, 4, 3, 0, 0, 2, 3, 15, 14, 46, 66, 91, 111, 121, 125, 123, 127, 127, 116, 99, 71, 78, 67, 44, 41, 29, 27, 4, 0, 0, 0, 4, 22, 43, 41, 43, 64, 67, 90, 108, 119, 117, 127, 127, 98]","[123, 126, 127, 122, 118, 107, 105, 70, 65, 57, 35, 27, 14, 11, 14, 2, 0, 3, 23, 21, 43, 63, 79, 81, 98, 94, 121, 116, 127, 127, 127, 123, 108, 113, 93, 84, 78, 55, 33, 28, 32, 4, 3, 0, 0, 2, 3, 15, 14, 46, 66, 91, 111, 121, 125, 123, 127, 127, 116, 99, 71, 78, 67, 44, 41, 29, 27, 4, 0, 0, 0, 4, 22, 43, 41, 43, 64, 67, 90, 108, 119, 117, 127, 127, 98]"
In-Distribution,20,exact_guidance_u,150,0,86,85,"[129, 123, 126, 127, 122, 118, 107, 105, 70, 65, 57, 35, 27, 14, 11, 14, 2, 0, 3, 23, 21, 43, 63, 79, 81, 98, 94, 121, 116, 127, 127, 127, 123, 108, 113, 93, 84, 78, 55, 33, 28, 32, 4, 3, 0, 0, 2, 3, 15, 14, 46, 66, 91, 111, 121, 125, 123, 127, 127, 116, 99, 71, 78, 67, 44, 41, 29, 27, 4, 0, 0, 0, 4, 22, 43, 41, 43, 64, 67, 90, 108, 119, 117, 127, 127, 98]","[123, 126, 127, 122, 118, 107, 105, 70, 65, 57, 35, 27, 14, 11, 14, 2, 0, 3, 23, 21, 43, 63, 79, 81, 98, 94, 121, 116, 127, 127, 127, 123, 108, 113, 93, 84, 78, 55, 33, 28, 32, 4, 3, 0, 0, 2, 3, 15, 14, 46, 66, 91, 111, 121, 125, 123, 127, 127, 116, 99, 71, 78, 67, 44, 41, 29, 27, 4, 0, 0, 0, 4, 22, 43, 41, 43, 64, 67, 90, 108, 119, 117, 127, 127, 98]"
In-Distribution,20,exact_guidance_u,151,0,86,85,"[129, 123, 126, 127, 122, 118, 107, 105, 70, 65, 57, 35, 27, 14, 11, 14, 2, 0, 3, 23, 21, 43, 63, 79, 81, 98, 94, 121, 116, 127, 127, 127, 123, 108, 113, 93, 84, 78, 55, 33, 28, 32, 4, 3, 0, 0, 2, 3, 15, 14, 46, 66, 91, 111, 121, 125, 123, 127, 127, 116, 99, 71, 78, 67, 44, 41, 29, 27, 4, 0, 0, 0, 4, 22, 43, 41, 43, 64, 67, 90, 108, 119, 117, 127, 127, 98]","[123, 126, 127, 122, 118, 107, 105, 70, 65, 57, 35, 27, 14, 11, 14, 2, 0, 3, 23, 21, 43, 63, 79, 81, 98, 94, 121, 116, 127, 127, 127, 123, 108, 113, 93, 84, 78, 55, 33, 28, 32, 4, 3, 0, 0, 2, 3, 15, 14, 46, 66, 91, 111, 121, 125, 123, 127, 127, 116, 99, 71, 78, 67, 44, 41, 29, 27, 4, 0, 0, 0, 4, 22, 43, 41, 43, 64, 67, 90, 108, 119, 117, 127, 127, 98]"
In-Distribution,20,exact_guidance_u,152,0,86,85,"[129, 123, 126, 127, 122, 118, 107, 105, 70, 65, 57, 35, 27, 14, 11, 14, 2, 0, 3, 23, 21, 43, 63, 79, 81, 98, 94, 121, 116, 127, 127, 127, 123, 108, 113, 93, 84, 78, 55, 33, 28, 32, 4, 3, 0, 0, 2, 3, 15, 14, 46, 66, 91, 111, 121, 125, 123, 127, 127, 116, 99, 71, 78, 67, 44, 41, 29, 27, 4, 0, 0, 0, 4, 22, 43, 41, 43, 64, 67, 90, 108, 119, 117, 127, 127, 98]","[123, 126, 127, 122, 118, 107, 105, 70, 65, 57, 35, 27, 14, 11, 14, 2, 0, 3, 23, 21, 43, 63, 79, 81, 98, 94, 121, 116, 127, 127, 127, 123, 108, 113, 93, 84, 78, 55, 33, 28, 32, 4, 3, 0, 0, 2, 3, 15, 14, 46, 66, 91, 111, 121, 125, 123, 127, 127, 116, 99, 71, 78, 67, 44, 41, 29, 27, 4, 0, 0, 0, 4, 22, 43, 41, 43, 64, 67, 90, 108, 119, 117, 127, 127, 98]"
In-Distribution,20,exact_guidance_u,153,0,86,85,"[129, 123, 126, 127, 122, 118, 107, 105, 70, 65, 57, 35, 27, 14, 11, 14, 2, 0, 3, 23, 21, 43, 63, 79, 81, 98, 94, 121, 116, 127, 127, 127, 123, 108, 113, 93, 84, 78, 55, 33, 28, 32, 4, 3, 0, 0, 2, 3, 15, 14, 46, 66, 91, 111, 121, 125, 123, 127, 127, 116, 99, 71, 78, 67, 44, 41, 29, 27, 4, 0, 0, 0, 4, 22, 43, 41, 43, 64, 67, 90, 108, 119, 117, 127, 127, 98]","[123, 126, 127, 122, 118, 107, 105, 70, 65, 57, 35, 27, 14, 11, 14, 2, 0, 3, 23, 21, 43, 63, 79, 81, 98, 94, 121, 116, 127, 127, 127, 123, 108, 113, 93, 84, 78, 55, 33, 28, 32, 4, 3, 0, 0, 2, 3, 15, 14, 46, 66, 91, 111, 121, 125, 123, 127, 127, 116, 99, 71, 78, 67, 44, 41, 29, 27, 4, 0, 0, 0, 4, 22, 43, 41, 43, 64, 67, 90, 108, 119, 117, 127, 127, 98]"
In-Distribution,20,exact_guidance_u,154,0,86,85,"[129, 123, 126, 127, 122, 118, 107, 105, 70, 65, 57, 35, 27, 14, 11, 14, 2, 0, 3, 23, 21, 43, 63, 79, 81, 98, 94, 121, 116, 127, 127, 127, 123, 108, 113, 93, 84, 78, 55, 33, 28, 32, 4, 3, 0, 0, 2, 3, 15, 14, 46, 66, 91, 111, 121, 125, 123, 127, 127, 116, 99, 71, 78, 67, 44, 41, 29, 27, 4, 0, 0, 0, 4, 22, 43, 41, 43, 64, 67, 90, 108, 119, 117, 127, 127, 98]","[123, 126, 127, 122, 118, 107, 105, 70, 65, 57, 35, 27, 14, 11, 14, 2, 0, 3, 23, 21, 43, 63, 79, 81, 98, 94, 121, 116, 127, 127, 127, 123, 108, 113, 93, 84, 78, 55, 33, 28, 32, 4, 3, 0, 0, 2, 3, 15, 14, 46, 66, 91, 111, 121, 125, 123, 127, 127, 116, 99, 71, 78, 67, 44, 41, 29, 27, 4, 0, 0, 0, 4, 22, 43, 41, 43, 64, 67, 90, 108, 119, 117, 127, 127, 98]"
In-Distribution,20,exact_guidance_u,155,0,86,85,"[129, 123, 126, 127, 122, 118, 107, 105, 70, 65, 57, 35, 27, 14, 11, 14, 2, 0, 3, 23, 21, 43, 63, 79, 81, 98, 94, 121, 116, 127, 127, 127, 123, 108, 113, 93, 84, 78, 55, 33, 28, 32, 4, 3, 0, 0, 2, 3, 15, 14, 46, 66, 91, 111, 121, 125, 123, 127, 127, 116, 99, 71, 78, 67, 44, 41, 29, 27, 4, 0, 0, 0, 4, 22, 43, 41, 43, 64, 67, 90, 108, 119, 117, 127, 127, 98]","[123, 126, 127, 122, 118, 107, 105, 70, 65, 57, 35, 27, 14, 11, 14, 2, 0, 3, 23, 21, 43, 63, 79, 81, 98, 94, 121, 116, 127, 127, 127, 123, 108, 113, 93, 84, 78, 55, 33, 28, 32, 4, 3, 0, 0, 2, 3, 15, 14, 46, 66, 91, 111, 121, 125, 123, 127, 127, 116, 99, 71, 78, 67, 44, 41, 29, 27, 4, 0, 0, 0, 4, 22, 43, 41, 43, 64, 67, 90, 108, 119, 117, 127, 127, 98]"
In-Distribution,20,exact_guidance_u,156,0,86,85,"[129, 123, 126, 127, 122, 118, 107, 105, 70, 65, 57, 35, 27, 14, 11, 14, 2, 0, 3, 23, 21, 43, 63, 79, 81, 98, 94, 121, 116, 127, 127, 127, 123, 108, 113, 93, 84, 78, 55, 33, 28, 32, 4, 3, 0, 0, 2, 3, 15, 14, 46, 66, 91, 111, 121, 125, 123, 127, 127, 116, 99, 71, 78, 67, 44, 41, 29, 27, 4, 0, 0, 0, 4, 22, 43, 41, 43, 64, 67, 90, 108, 119, 117, 127, 127, 98]","[123, 126, 127, 122, 118, 107, 105, 70, 65, 57, 35, 27, 14, 11, 14, 2, 0, 3, 23, 21, 43, 63, 79, 81, 98, 94, 121, 116, 127, 127, 127, 123, 108, 113, 93, 84, 78, 55, 33, 28, 32, 4, 3, 0, 0, 2, 3, 15, 14, 46, 66, 91, 111, 121, 125, 123, 127, 127, 116, 99, 71, 78, 67, 44, 41, 29, 27, 4, 0, 0, 0, 4, 22, 43, 41, 43, 64, 67, 90, 108, 119, 117, 127, 127, 98]"
In-Distribution,20,exact_guidance_u,157,0,86,85,"[129, 123, 126, 127, 122, 118, 107, 105, 70, 65, 57, 35, 27, 14, 11, 14, 2, 0, 3, 23, 21, 43, 63, 79, 81, 98, 94, 121, 116, 127, 127, 127, 123, 108, 113, 93, 84, 78, 55, 33, 28, 32, 4, 3, 0, 0, 2, 3, 15, 14, 46, 66, 91, 111, 121, 125, 123, 127, 127, 116, 99, 71, 78, 67, 44, 41, 29, 27, 4, 0, 0, 0, 4, 22, 43, 41, 43, 64, 67, 90, 108, 119, 117, 127, 127, 98]","[123, 126, 127, 122, 118, 107, 105, 70, 65, 57, 35, 27, 14, 11, 14, 2, 0, 3, 23, 21, 43, 63, 79, 81, 98, 94, 121, 116, 127, 127, 127, 123, 108, 113, 93, 84, 78, 55, 33, 28, 32, 4, 3, 0, 0, 2, 3, 15, 14, 46, 66, 91, 111, 121, 125, 123, 127, 127, 116, 99, 71, 78, 67, 44, 41, 29, 27, 4, 0, 0, 0, 4, 22, 43, 41, 43, 64, 67, 90, 108, 119, 117, 127, 127, 98]"
In-Distribution,20,exact_guidance_u,158,0,86,85,"[129, 123, 126, 127, 122, 118, 107, 105, 70, 65, 57, 35, 27, 14, 11, 14, 2, 0, 3, 23, 21, 43, 63, 79, 81, 98, 94, 121, 116, 127, 127, 127, 123, 108, 113, 93, 84, 78, 55, 33, 28, 32, 4, 3, 0, 0, 2, 3, 15, 14, 46, 66, 91, 111, 121, 125, 123, 127, 127, 116, 99, 71, 78, 67, 44, 41, 29, 27, 4, 0, 0, 0, 4, 22, 43, 41, 43, 64, 67, 90, 108, 119, 117, 127, 127, 98]","[123, 126, 127, 122, 118, 107, 105, 70, 65, 57, 35, 27, 14, 11, 14, 2, 0, 3, 23, 21, 43, 63, 79, 81, 98, 94, 121, 116, 127, 127, 127, 123, 108, 113, 93, 84, 78, 55, 33, 28, 32, 4, 3, 0, 0, 2, 3, 15, 14, 46, 66, 91, 111, 121, 125, 123, 127, 127, 116, 99, 71, 78, 67, 44, 41, 29, 27, 4, 0, 0, 0, 4, 22, 43, 41, 43, 64, 67, 90, 108, 119, 117, 127, 127, 98]"
In-Distribution,20,exact_guidance_u,159,0,86,85,"[129, 123, 126, 127, 122, 118, 107, 105, 70, 65, 57, 35, 27, 14, 11, 14, 2, 0, 3, 23, 21, 43, 63, 79, 81, 98, 94, 121, 116, 127, 127, 127, 123, 108, 113, 93, 84, 78, 55, 33, 28, 32, 4, 3, 0, 0, 2, 3, 15, 14, 46, 66, 91, 111, 121, 125, 123, 127, 127, 116, 99, 71, 78, 67, 44, 41, 29, 27, 4, 0, 0, 0, 4, 22, 43, 41, 43, 64, 67, 90, 108, 119, 117, 127, 127, 98]","[123, 126, 127, 122, 118, 107, 105, 70, 65, 57, 35, 27, 14, 11, 14, 2, 0, 3, 23, 21, 43, 63, 79, 81, 98, 94, 121, 116, 127, 127, 127, 123, 108, 113, 93, 84, 78, 55, 33, 28, 32, 4, 3, 0, 0, 2, 3, 15, 14, 46, 66, 91, 111, 121, 125, 123, 127, 127, 116, 99, 71, 78, 67, 44, 41, 29, 27, 4, 0, 0, 0, 4, 22, 43, 41, 43, 64, 67, 90, 108, 119, 117, 127, 127, 98]"
In-Distribution,20,exact_guidance_u,160,0,86,85,"[129, 123, 126, 127, 122, 118, 107, 105, 70, 65, 57, 35, 27, 14, 11, 14, 2, 0, 3, 23, 21, 43, 63, 79, 81, 98, 94, 121, 116, 127, 127, 127, 123, 108, 113, 93, 84, 78, 55, 33, 28, 32, 4, 3, 0, 0, 2, 3, 15, 14, 46, 66, 91, 111, 121, 125, 123, 127, 127, 116, 99, 71, 78, 67, 44, 41, 29, 27, 4, 0, 0, 0, 4, 22, 43, 41, 43, 64, 67, 90, 108, 119, 117, 127, 127, 98]","[123, 126, 127, 122, 118, 107, 105, 70, 65, 57, 35, 27, 14, 11, 14, 2, 0, 3, 23, 21, 43, 63, 79, 81, 98, 94, 121, 116, 127, 127, 127, 123, 108, 113, 93, 84, 78, 55, 33, 28, 32, 4, 3, 0, 0, 2, 3, 15, 14, 46, 66, 91, 111, 121, 125, 123, 127, 127, 116, 99, 71, 78, 67, 44, 41, 29, 27, 4, 0, 0, 0, 4, 22, 43, 41, 43, 64, 67, 90, 108, 119, 117, 127, 127, 98]"
In-Distribution,20,exact_guidance_u,161,0,86,85,"[129, 123, 126, 127, 122, 118, 107, 105, 70, 65, 57, 35, 27, 14, 11, 14, 2, 0, 3, 23, 21, 43, 63, 79, 81, 98, 94, 121, 116, 127, 127, 127, 123, 108, 113, 93, 84, 78, 55, 33, 28, 32, 4, 3, 0, 0, 2, 3, 15, 14, 46, 66, 91, 111, 121, 125, 123, 127, 127, 116, 99, 71, 78, 67, 44, 41, 29, 27, 4, 0, 0, 0, 4, 22, 43, 41, 43, 64, 67, 90, 108, 119, 117, 127, 127, 98]","[123, 126, 127, 122, 118, 107, 105, 70, 65, 57, 35, 27, 14, 11, 14, 2, 0, 3, 23, 21, 43, 63, 79, 81, 98, 94, 121, 116, 127, 127, 127, 123, 108, 113, 93, 84, 78, 55, 33, 28, 32, 4, 3, 0, 0, 2, 3, 15, 14, 46, 66, 91, 111, 121, 125, 123, 127, 127, 116, 99, 71, 78, 67, 44, 41, 29, 27, 4, 0, 0, 0, 4, 22, 43, 41, 43, 64, 67, 90, 108, 119, 117, 127, 127, 98]"
In-Distribution,20,exact_guidance_u,162,0,86,85,"[129, 123, 126, 127, 122, 118, 107, 105, 70, 65, 57, 35, 27, 14, 11, 14, 2, 0, 3, 23, 21, 43, 63, 79, 81, 98, 94, 121, 116, 127, 127, 127, 123, 108, 113, 93, 84, 78, 55, 33, 28, 32, 4, 3, 0, 0, 2, 3, 15, 14, 46, 66, 91, 111, 121, 125, 123, 127, 127, 116, 99, 71, 78, 67, 44, 41, 29, 27, 4, 0, 0, 0, 4, 22, 43, 41, 43, 64, 67, 90, 108, 119, 117, 127, 127, 98]","[123, 126, 127, 122, 118, 107, 105, 70, 65, 57, 35, 27, 14, 11, 14, 2, 0, 3, 23, 21, 43, 63, 79, 81, 98, 94, 121, 116, 127, 127, 127, 123, 108, 113, 93, 84, 78, 55, 33, 28, 32, 4, 3, 0, 0, 2, 3, 15, 14, 46, 66, 91, 111, 121, 125, 123, 127, 127, 116, 99, 71, 78, 67, 44, 41, 29, 27, 4, 0, 0, 0, 4, 22, 43, 41, 43, 64, 67, 90, 108, 119, 117, 127, 127, 98]"
In-Distribution,20,exact_guidance_u,163,0,86,85,"[129, 123, 126, 127, 122, 118, 107, 105, 70, 65, 57, 35, 27, 14, 11, 14, 2, 0, 3, 23, 21, 43, 63, 79, 81, 98, 94, 121, 116, 127, 127, 127, 123, 108, 113, 93, 84, 78, 55, 33, 28, 32, 4, 3, 0, 0, 2, 3, 15, 14, 46, 66, 91, 111, 121, 125, 123, 127, 127, 116, 99, 71, 78, 67, 44, 41, 29, 27, 4, 0, 0, 0, 4, 22, 43, 41, 43, 64, 67, 90, 108, 119, 117, 127, 127, 98]","[123, 126, 127, 122, 118, 107, 105, 70, 65, 57, 35, 27, 14, 11, 14, 2, 0, 3, 23, 21, 43, 63, 79, 81, 98, 94, 121, 116, 127, 127, 127, 123, 108, 113, 93, 84, 78, 55, 33, 28, 32, 4, 3, 0, 0, 2, 3, 15, 14, 46, 66, 91, 111, 121, 125, 123, 127, 127, 116, 99, 71, 78, 67, 44, 41, 29, 27, 4, 0, 0, 0, 4, 22, 43, 41, 43, 64, 67, 90, 108, 119, 117, 127, 127, 98]"
In-Distribution,20,exact_guidance_u,164,0,86,85,"[129, 123, 126, 127, 122, 118, 107, 105, 70, 65, 57, 35, 27, 14, 11, 14, 2, 0, 3, 23, 21, 43, 63, 79, 81, 98, 94, 121, 116, 127, 127, 127, 123, 108, 113, 93, 84, 78, 55, 33, 28, 32, 4, 3, 0, 0, 2, 3, 15, 14, 46, 66, 91, 111, 121, 125, 123, 127, 127, 116, 99, 71, 78, 67, 44, 41, 29, 27, 4, 0, 0, 0, 4, 22, 43, 41, 43, 64, 67, 90, 108, 119, 117, 127, 127, 98]","[123, 126, 127, 122, 118, 107, 105, 70, 65, 57, 35, 27, 14, 11, 14, 2, 0, 3, 23, 21, 43, 63, 79, 81, 98, 94, 121, 116, 127, 127, 127, 123, 108, 113, 93, 84, 78, 55, 33, 28, 32, 4, 3, 0, 0, 2, 3, 15, 14, 46, 66, 91, 111, 121, 125, 123, 127, 127, 116, 99, 71, 78, 67, 44, 41, 29, 27, 4, 0, 0, 0, 4, 22, 43, 41, 43, 64, 67, 90, 108, 119, 117, 127, 127, 98]"
In-Distribution,20,exact_guidance_u,165,0,86,85,"[129, 123, 126, 127, 122, 118, 107, 105, 70, 65, 57, 35, 27, 14, 11, 14, 2, 0, 3, 23, 21, 43, 63, 79, 81, 98, 94, 121, 116, 127, 127, 127, 123, 108, 113, 93, 84, 78, 55, 33, 28, 32, 4, 3, 0, 0, 2, 3, 15, 14, 46, 66, 91, 111, 121, 125, 123, 127, 127, 116, 99, 71, 78, 67, 44, 41, 29, 27, 4, 0, 0, 0, 4, 22, 43, 41, 43, 64, 67, 90, 108, 119, 117, 127, 127, 98]","[123, 126, 127, 122, 118, 107, 105, 70, 65, 57, 35, 27, 14, 11, 14, 2, 0, 3, 23, 21, 43, 63, 79, 81, 98, 94, 121, 116, 127, 127, 127, 123, 108, 113, 93, 84, 78, 55, 33, 28, 32, 4, 3, 0, 0, 2, 3, 15, 14, 46, 66, 91, 111, 121, 125, 123, 127, 127, 116, 99, 71, 78, 67, 44, 41, 29, 27, 4, 0, 0, 0, 4, 22, 43, 41, 43, 64, 67, 90, 108, 119, 117, 127, 127, 98]"
In-Distribution,20,exact_guidance_u,166,0,86,85,"[129, 123, 126, 127, 122, 118, 107, 105, 70, 65, 57, 35, 27, 14, 11, 14, 2, 0, 3, 23, 21, 43, 63, 79, 81, 98, 94, 121, 116, 127, 127, 127, 123, 108, 113, 93, 84, 78, 55, 33, 28, 32, 4, 3, 0, 0, 2, 3, 15, 14, 46, 66, 91, 111, 121, 125, 123, 127, 127, 116, 99, 71, 78, 67, 44, 41, 29, 27, 4, 0, 0, 0, 4, 22, 43, 41, 43, 64, 67, 90, 108, 119, 117, 127, 127, 98]","[123, 126, 127, 122, 118, 107, 105, 70, 65, 57, 35, 27, 14, 11, 14, 2, 0, 3, 23, 21, 43, 63, 79, 81, 98, 94, 121, 116, 127, 127, 127, 123, 108, 113, 93, 84, 78, 55, 33, 28, 32, 4, 3, 0, 0, 2, 3, 15, 14, 46, 66, 91, 111, 121, 125, 123, 127, 127, 116, 99, 71, 78, 67, 44, 41, 29, 27, 4, 0, 0, 0, 4, 22, 43, 41, 43, 64, 67, 90, 108, 119, 117, 127, 127, 98]"
In-Distribution,20,exact_guidance_u,167,0,86,85,"[129, 123, 126, 127, 122, 118, 107, 105, 70, 65, 57, 35, 27, 14, 11, 14, 2, 0, 3, 23, 21, 43, 63, 79, 81, 98, 94, 121, 116, 127, 127, 127, 123, 108, 113, 93, 84, 78, 55, 33, 28, 32, 4, 3, 0, 0, 2, 3, 15, 14, 46, 66, 91, 111, 121, 125, 123, 127, 127, 116, 99, 71, 78, 67, 44, 41, 29, 27, 4, 0, 0, 0, 4, 22, 43, 41, 43, 64, 67, 90, 108, 119, 117, 127, 127, 98]","[123, 126, 127, 122, 118, 107, 105, 70, 65, 57, 35, 27, 14, 11, 14, 2, 0, 3, 23, 21, 43, 63, 79, 81, 98, 94, 121, 116, 127, 127, 127, 123, 108, 113, 93, 84, 78, 55, 33, 28, 32, 4, 3, 0, 0, 2, 3, 15, 14, 46, 66, 91, 111, 121, 125, 123, 127, 127, 116, 99, 71, 78, 67, 44, 41, 29, 27, 4, 0, 0, 0, 4, 22, 43, 41, 43, 64, 67, 90, 108, 119, 117, 127, 127, 98]"
In-Distribution,20,exact_guidance_u,168,0,87,86,"[129, 123, 126, 127, 122, 118, 107, 105, 70, 65, 57, 35, 27, 14, 11, 14, 2, 0, 3, 23, 21, 43, 63, 79, 81, 98, 94, 121, 116, 127, 127, 127, 123, 108, 113, 93, 84, 78, 55, 33, 28, 32, 4, 3, 0, 0, 2, 3, 15, 14, 46, 66, 91, 111, 121, 125, 123, 127, 127, 116, 99, 71, 78, 67, 44, 41, 29, 27, 4, 0, 0, 0, 4, 22, 43, 41, 43, 64, 67, 90, 108, 119, 117, 127, 127, 120, 98]","[123, 126, 127, 122, 118, 107, 105, 70, 65, 57, 35, 27, 14, 11, 14, 2, 0, 3, 23, 21, 43, 63, 79, 81, 98, 94, 121, 116, 127, 127, 127, 123, 108, 113, 93, 84, 78, 55, 33, 28, 32, 4, 3, 0, 0, 2, 3, 15, 14, 46, 66, 91, 111, 121, 125, 123, 127, 127, 116, 99, 71, 78, 67, 44, 41, 29, 27, 4, 0, 0, 0, 4, 22, 43, 41, 43, 64, 67, 90, 108, 119, 117, 127, 127, 120, 98]"
In-Distribution,20,exact_guidance_u,169,0,87,86,"[129, 123, 126, 127, 122, 118, 107, 105, 70, 65, 57, 35, 27, 14, 11, 14, 2, 0, 3, 23, 21, 43, 63, 79, 81, 98, 94, 121, 116, 127, 127, 127, 123, 108, 113, 93, 84, 78, 55, 33, 28, 32, 4, 3, 0, 0, 2, 3, 15, 14, 46, 66, 91, 111, 121, 125, 123, 127, 127, 116, 99, 71, 78, 67, 44, 41, 29, 27, 4, 0, 0, 0, 4, 22, 43, 41, 43, 64, 67, 90, 108, 119, 117, 127, 127, 120, 98]","[123, 126, 127, 122, 118, 107, 105, 70, 65, 57, 35, 27, 14, 11, 14, 2, 0, 3, 23, 21, 43, 63, 79, 81, 98, 94, 121, 116, 127, 127, 127, 123, 108, 113, 93, 84, 78, 55, 33, 28, 32, 4, 3, 0, 0, 2, 3, 15, 14, 46, 66, 91, 111, 121, 125, 123, 127, 127, 116, 99, 71, 78, 67, 44, 41, 29, 27, 4, 0, 0, 0, 4, 22, 43, 41, 43, 64, 67, 90, 108, 119, 117, 127, 127, 120, 98]"
In-Distribution,20,exact_guidance_u,170,0,87,86,"[129, 123, 126, 127, 122, 118, 107, 105, 70, 65, 57, 35, 27, 14, 11, 14, 2, 0, 3, 23, 21, 43, 63, 79, 81, 98, 94, 121, 116, 127, 127, 127, 123, 108, 113, 93, 84, 78, 55, 33, 28, 32, 4, 3, 0, 0, 2, 3, 15, 14, 46, 66, 91, 111, 121, 125, 123, 127, 127, 116, 99, 71, 78, 67, 44, 41, 29, 27, 4, 0, 0, 0, 4, 22, 43, 41, 43, 64, 67, 90, 108, 119, 117, 127, 127, 120, 98]","[123, 126, 127, 122, 118, 107, 105, 70, 65, 57, 35, 27, 14, 11, 14, 2, 0, 3, 23, 21, 43, 63, 79, 81, 98, 94, 121, 116, 127, 127, 127, 123, 108, 113, 93, 84, 78, 55, 33, 28, 32, 4, 3, 0, 0, 2, 3, 15, 14, 46, 66, 91, 111, 121, 125, 123, 127, 127, 116, 99, 71, 78, 67, 44, 41, 29, 27, 4, 0, 0, 0, 4, 22, 43, 41, 43, 64, 67, 90, 108, 119, 117, 127, 127, 120, 98]"
In-Distribution,20,exact_guidance_u,171,0,87,86,"[129, 123, 126, 127, 122, 118, 107, 105, 70, 65, 57, 35, 27, 14, 11, 14, 2, 0, 3, 23, 21, 43, 63, 79, 81, 98, 94, 121, 116, 127, 127, 127, 123, 108, 113, 93, 84, 78, 55, 33, 28, 32, 4, 3, 0, 0, 2, 3, 15, 14, 46, 66, 91, 111, 121, 125, 123, 127, 127, 116, 99, 71, 78, 67, 44, 41, 29, 27, 4, 0, 0, 0, 4, 22, 43, 41, 43, 64, 67, 90, 108, 119, 117, 127, 127, 120, 98]","[123, 126, 127, 122, 118, 107, 105, 70, 65, 57, 35, 27, 14, 11, 14, 2, 0, 3, 23, 21, 43, 63, 79, 81, 98, 94, 121, 116, 127, 127, 127, 123, 108, 113, 93, 84, 78, 55, 33, 28, 32, 4, 3, 0, 0, 2, 3, 15, 14, 46, 66, 91, 111, 121, 125, 123, 127, 127, 116, 99, 71, 78, 67, 44, 41, 29, 27, 4, 0, 0, 0, 4, 22, 43, 41, 43, 64, 67, 90, 108, 119, 117, 127, 127, 120, 98]"
In-Distribution,20,exact_guidance_u,172,0,87,86,"[129, 123, 126, 127, 122, 118, 107, 105, 70, 65, 57, 35, 27, 14, 11, 14, 2, 0, 3, 23, 21, 43, 63, 79, 81, 98, 94, 121, 116, 127, 127, 127, 123, 108, 113, 93, 84, 78, 55, 33, 28, 32, 4, 3, 0, 0, 2, 3, 15, 14, 46, 66, 91, 111, 121, 125, 123, 127, 127, 116, 99, 71, 78, 67, 44, 41, 29, 27, 4, 0, 0, 0, 4, 22, 43, 41, 43, 64, 67, 90, 108, 119, 117, 127, 127, 120, 98]","[123, 126, 127, 122, 118, 107, 105, 70, 65, 57, 35, 27, 14, 11, 14, 2, 0, 3, 23, 21, 43, 63, 79, 81, 98, 94, 121, 116, 127, 127, 127, 123, 108, 113, 93, 84, 78, 55, 33, 28, 32, 4, 3, 0, 0, 2, 3, 15, 14, 46, 66, 91, 111, 121, 125, 123, 127, 127, 116, 99, 71, 78, 67, 44, 41, 29, 27, 4, 0, 0, 0, 4, 22, 43, 41, 43, 64, 67, 90, 108, 119, 117, 127, 127, 120, 98]"
In-Distribution,20,exact_guidance_u,173,0,87,86,"[129, 123, 126, 127, 122, 118, 107, 105, 70, 65, 57, 35, 27, 14, 11, 14, 2, 0, 3, 23, 21, 43, 63, 79, 81, 98, 94, 121, 116, 127, 127, 127, 123, 108, 113, 93, 84, 78, 55, 33, 28, 32, 4, 3, 0, 0, 2, 3, 15, 14, 46, 66, 91, 111, 121, 125, 123, 127, 127, 116, 99, 71, 78, 67, 44, 41, 29, 27, 4, 0, 0, 0, 4, 22, 43, 41, 43, 64, 67, 90, 108, 119, 117, 127, 127, 120, 98]","[123, 126, 127, 122, 118, 107, 105, 70, 65, 57, 35, 27, 14, 11, 14, 2, 0, 3, 23, 21, 43, 63, 79, 81, 98, 94, 121, 116, 127, 127, 127, 123, 108, 113, 93, 84, 78, 55, 33, 28, 32, 4, 3, 0, 0, 2, 3, 15, 14, 46, 66, 91, 111, 121, 125, 123, 127, 127, 116, 99, 71, 78, 67, 44, 41, 29, 27, 4, 0, 0, 0, 4, 22, 43, 41, 43, 64, 67, 90, 108, 119, 117, 127, 127, 120, 98]"
In-Distribution,20,exact_guidance_u,174,0,87,86,"[129, 123, 126, 127, 122, 118, 107, 105, 70, 65, 57, 35, 27, 14, 11, 14, 2, 0, 3, 23, 21, 43, 63, 79, 81, 98, 94, 121, 116, 127, 127, 127, 123, 108, 113, 93, 84, 78, 55, 33, 28, 32, 4, 3, 0, 0, 2, 3, 15, 14, 46, 66, 91, 111, 121, 125, 123, 127, 127, 116, 99, 71, 78, 67, 44, 41, 29, 27, 4, 0, 0, 0, 4, 22, 43, 41, 43, 64, 67, 90, 108, 119, 117, 127, 127, 120, 98]","[123, 126, 127, 122, 118, 107, 105, 70, 65, 57, 35, 27, 14, 11, 14, 2, 0, 3, 23, 21, 43, 63, 79, 81, 98, 94, 121, 116, 127, 127, 127, 123, 108, 113, 93, 84, 78, 55, 33, 28, 32, 4, 3, 0, 0, 2, 3, 15, 14, 46, 66, 91, 111, 121, 125, 123, 127, 127, 116, 99, 71, 78, 67, 44, 41, 29, 27, 4, 0, 0, 0, 4, 22, 43, 41, 43, 64, 67, 90, 108, 119, 117, 127, 127, 120, 98]"
In-Distribution,20,exact_guidance_u,175,0,87,86,"[129, 123, 126, 127, 122, 118, 107, 105, 70, 65, 57, 35, 27, 14, 11, 14, 2, 0, 3, 23, 21, 43, 63, 79, 81, 98, 94, 121, 116, 127, 127, 127, 123, 108, 113, 93, 84, 78, 55, 33, 28, 32, 4, 3, 0, 0, 2, 3, 15, 14, 46, 66, 91, 111, 121, 125, 123, 127, 127, 116, 99, 71, 78, 67, 44, 41, 29, 27, 4, 0, 0, 0, 4, 22, 43, 41, 43, 64, 67, 90, 108, 119, 117, 127, 127, 120, 98]","[123, 126, 127, 122, 118, 107, 105, 70, 65, 57, 35, 27, 14, 11, 14, 2, 0, 3, 23, 21, 43, 63, 79, 81, 98, 94, 121, 116, 127, 127, 127, 123, 108, 113, 93, 84, 78, 55, 33, 28, 32, 4, 3, 0, 0, 2, 3, 15, 14, 46, 66, 91, 111, 121, 125, 123, 127, 127, 116, 99, 71, 78, 67, 44, 41, 29, 27, 4, 0, 0, 0, 4, 22, 43, 41, 43, 64, 67, 90, 108, 119, 117, 127, 127, 120, 98]"
In-Distribution,20,exact_guidance_u,176,0,87,86,"[129, 123, 126, 127, 122, 118, 107, 105, 70, 65, 57, 35, 27, 14, 11, 14, 2, 0, 3, 23, 21, 43, 63, 79, 81, 98, 94, 121, 116, 127, 127, 127, 123, 108, 113, 93, 84, 78, 55, 33, 28, 32, 4, 3, 0, 0, 2, 3, 15, 14, 46, 66, 91, 111, 121, 125, 123, 127, 127, 116, 99, 71, 78, 67, 44, 41, 29, 27, 4, 0, 0, 0, 4, 22, 43, 41, 43, 64, 67, 90, 108, 119, 117, 127, 127, 120, 98]","[123, 126, 127, 122, 118, 107, 105, 70, 65, 57, 35, 27, 14, 11, 14, 2, 0, 3, 23, 21, 43, 63, 79, 81, 98, 94, 121, 116, 127, 127, 127, 123, 108, 113, 93, 84, 78, 55, 33, 28, 32, 4, 3, 0, 0, 2, 3, 15, 14, 46, 66, 91, 111, 121, 125, 123, 127, 127, 116, 99, 71, 78, 67, 44, 41, 29, 27, 4, 0, 0, 0, 4, 22, 43, 41, 43, 64, 67, 90, 108, 119, 117, 127, 127, 120, 98]"
In-Distribution,20,exact_guidance_u,177,0,88,87,"[129, 123, 126, 127, 122, 118, 107, 105, 70, 65, 57, 35, 27, 14, 11, 14, 2, 0, 3, 23, 21, 43, 63, 79, 81, 98, 94, 121, 116, 127, 127, 127, 123, 108, 113, 93, 84, 78, 55, 33, 28, 32, 4, 3, 0, 0, 2, 3, 15, 14, 46, 66, 91, 111, 121, 125, 123, 127, 127, 127, 116, 99, 71, 78, 67, 44, 41, 29, 27, 4, 0, 0, 0, 4, 22, 43, 41, 43, 64, 67, 90, 108, 119, 117, 127, 127, 120, 98]","[123, 126, 127, 122, 118, 107, 105, 70, 65, 57, 35, 27, 14, 11, 14, 2, 0, 3, 23, 21, 43, 63, 79, 81, 98, 94, 121, 116, 127, 127, 127, 123, 108, 113, 93, 84, 78, 55, 33, 28, 32, 4, 3, 0, 0, 2, 3, 15, 14, 46, 66, 91, 111, 121, 125, 123, 127, 127, 127, 116, 99, 71, 78, 67, 44, 41, 29, 27, 4, 0, 0, 0, 4, 22, 43, 41, 43, 64, 67, 90, 108, 119, 117, 127, 127, 120, 98]"
In-Distribution,20,exact_guidance_u,178,0,88,87,"[129, 123, 126, 127, 122, 118, 107, 105, 70, 65, 57, 35, 27, 14, 11, 14, 2, 0, 3, 23, 21, 43, 63, 79, 81, 98, 94, 121, 116, 127, 127, 127, 123, 108, 113, 93, 84, 78, 55, 33, 28, 32, 4, 3, 0, 0, 2, 3, 15, 14, 46, 66, 91, 111, 121, 125, 123, 127, 127, 127, 116, 99, 71, 78, 67, 44, 41, 29, 27, 4, 0, 0, 0, 4, 22, 43, 41, 43, 64, 67, 90, 108, 119, 117, 127, 127, 120, 98]","[123, 126, 127, 122, 118, 107, 105, 70, 65, 57, 35, 27, 14, 11, 14, 2, 0, 3, 23, 21, 43, 63, 79, 81, 98, 94, 121, 116, 127, 127, 127, 123, 108, 113, 93, 84, 78, 55, 33, 28, 32, 4, 3, 0, 0, 2, 3, 15, 14, 46, 66, 91, 111, 121, 125, 123, 127, 127, 127, 116, 99, 71, 78, 67, 44, 41, 29, 27, 4, 0, 0, 0, 4, 22, 43, 41, 43, 64, 67, 90, 108, 119, 117, 127, 127, 120, 98]"
In-Distribution,20,exact_guidance_u,179,0,88,87,"[129, 123, 126, 127, 122, 118, 107, 105, 70, 65, 57, 35, 27, 14, 11, 14, 2, 0, 3, 23, 21, 43, 63, 79, 81, 98, 94, 121, 116, 127, 127, 127, 123, 108, 113, 93, 84, 78, 55, 33, 28, 32, 4, 3, 0, 0, 2, 3, 15, 14, 46, 66, 91, 111, 121, 125, 123, 127, 127, 127, 116, 99, 71, 78, 67, 44, 41, 29, 27, 4, 0, 0, 0, 4, 22, 43, 41, 43, 64, 67, 90, 108, 119, 117, 127, 127, 120, 98]","[123, 126, 127, 122, 118, 107, 105, 70, 65, 57, 35, 27, 14, 11, 14, 2, 0, 3, 23, 21, 43, 63, 79, 81, 98, 94, 121, 116, 127, 127, 127, 123, 108, 113, 93, 84, 78, 55, 33, 28, 32, 4, 3, 0, 0, 2, 3, 15, 14, 46, 66, 91, 111, 121, 125, 123, 127, 127, 127, 116, 99, 71, 78, 67, 44, 41, 29, 27, 4, 0, 0, 0, 4, 22, 43, 41, 43, 64, 67, 90, 108, 119, 117, 127, 127, 120, 98]"
In-Distribution,20,exact_guidance_u,180,0,88,87,"[129, 123, 126, 127, 122, 118, 107, 105, 70, 65, 57, 35, 27, 14, 11, 14, 2, 0, 3, 23, 21, 43, 63, 79, 81, 98, 94, 121, 116, 127, 127, 127, 123, 108, 113, 93, 84, 78, 55, 33, 28, 32, 4, 3, 0, 0, 2, 3, 15, 14, 46, 66, 91, 111, 121, 125, 123, 127, 127, 127, 116, 99, 71, 78, 67, 44, 41, 29, 27, 4, 0, 0, 0, 4, 22, 43, 41, 43, 64, 67, 90, 108, 119, 117, 127, 127, 120, 98]","[123, 126, 127, 122, 118, 107, 105, 70, 65, 57, 35, 27, 14, 11, 14, 2, 0, 3, 23, 21, 43, 63, 79, 81, 98, 94, 121, 116, 127, 127, 127, 123, 108, 113, 93, 84, 78, 55, 33, 28, 32, 4, 3, 0, 0, 2, 3, 15, 14, 46, 66, 91, 111, 121, 125, 123, 127, 127, 127, 116, 99, 71, 78, 67, 44, 41, 29, 27, 4, 0, 0, 0, 4, 22, 43, 41, 43, 64, 67, 90, 108, 119, 117, 127, 127, 120, 98]"
In-Distribution,20,exact_guidance_u,181,0,88,87,"[129, 123, 126, 127, 122, 118, 107, 105, 70, 65, 57, 35, 27, 14, 11, 14, 2, 0, 3, 23, 21, 43, 63, 79, 81, 98, 94, 121, 116, 127, 127, 127, 123, 108, 113, 93, 84, 78, 55, 33, 28, 32, 4, 3, 0, 0, 2, 3, 15, 14, 46, 66, 91, 111, 121, 125, 123, 127, 127, 127, 116, 99, 71, 78, 67, 44, 41, 29, 27, 4, 0, 0, 0, 4, 22, 43, 41, 43, 64, 67, 90, 108, 119, 117, 127, 127, 120, 98]","[123, 126, 127, 122, 118, 107, 105, 70, 65, 57, 35, 27, 14, 11, 14, 2, 0, 3, 23, 21, 43, 63, 79, 81, 98, 94, 121, 116, 127, 127, 127, 123, 108, 113, 93, 84, 78, 55, 33, 28, 32, 4, 3, 0, 0, 2, 3, 15, 14, 46, 66, 91, 111, 121, 125, 123, 127, 127, 127, 116, 99, 71, 78, 67, 44, 41, 29, 27, 4, 0, 0, 0, 4, 22, 43, 41, 43, 64, 67, 90, 108, 119, 117, 127, 127, 120, 98]"
In-Distribution,20,exact_guidance_u,182,0,88,87,"[129, 123, 126, 127, 122, 118, 107, 105, 70, 65, 57, 35, 27, 14, 11, 14, 2, 0, 3, 23, 21, 43, 63, 79, 81, 98, 94, 121, 116, 127, 127, 127, 123, 108, 113, 93, 84, 78, 55, 33, 28, 32, 4, 3, 0, 0, 2, 3, 15, 14, 46, 66, 91, 111, 121, 125, 123, 127, 127, 127, 116, 99, 71, 78, 67, 44, 41, 29, 27, 4, 0, 0, 0, 4, 22, 43, 41, 43, 64, 67, 90, 108, 119, 117, 127, 127, 120, 98]","[123, 126, 127, 122, 118, 107, 105, 70, 65, 57, 35, 27, 14, 11, 14, 2, 0, 3, 23, 21, 43, 63, 79, 81, 98, 94, 121, 116, 127, 127, 127, 123, 108, 113, 93, 84, 78, 55, 33, 28, 32, 4, 3, 0, 0, 2, 3, 15, 14, 46, 66, 91, 111, 121, 125, 123, 127, 127, 127, 116, 99, 71, 78, 67, 44, 41, 29, 27, 4, 0, 0, 0, 4, 22, 43, 41, 43, 64, 67, 90, 108, 119, 117, 127, 127, 120, 98]"
In-Distribution,20,exact_guidance_u,183,0,88,87,"[129, 123, 126, 127, 122, 118, 107, 105, 70, 65, 57, 35, 27, 14, 11, 14, 2, 0, 3, 23, 21, 43, 63, 79, 81, 98, 94, 121, 116, 127, 127, 127, 123, 108, 113, 93, 84, 78, 55, 33, 28, 32, 4, 3, 0, 0, 2, 3, 15, 14, 46, 66, 91, 111, 121, 125, 123, 127, 127, 127, 116, 99, 71, 78, 67, 44, 41, 29, 27, 4, 0, 0, 0, 4, 22, 43, 41, 43, 64, 67, 90, 108, 119, 117, 127, 127, 120, 98]","[123, 126, 127, 122, 118, 107, 105, 70, 65, 57, 35, 27, 14, 11, 14, 2, 0, 3, 23, 21, 43, 63, 79, 81, 98, 94, 121, 116, 127, 127, 127, 123, 108, 113, 93, 84, 78, 55, 33, 28, 32, 4, 3, 0, 0, 2, 3, 15, 14, 46, 66, 91, 111, 121, 125, 123, 127, 127, 127, 116, 99, 71, 78, 67, 44, 41, 29, 27, 4, 0, 0, 0, 4, 22, 43, 41, 43, 64, 67, 90, 108, 119, 117, 127, 127, 120, 98]"
In-Distribution,20,exact_guidance_u,184,0,88,87,"[129, 123, 126, 127, 122, 118, 107, 105, 70, 65, 57, 35, 27, 14, 11, 14, 2, 0, 3, 23, 21, 43, 63, 79, 81, 98, 94, 121, 116, 127, 127, 127, 123, 108, 113, 93, 84, 78, 55, 33, 28, 32, 4, 3, 0, 0, 2, 3, 15, 14, 46, 66, 91, 111, 121, 125, 123, 127, 127, 127, 116, 99, 71, 78, 67, 44, 41, 29, 27, 4, 0, 0, 0, 4, 22, 43, 41, 43, 64, 67, 90, 108, 119, 117, 127, 127, 120, 98]","[123, 126, 127, 122, 118, 107, 105, 70, 65, 57, 35, 27, 14, 11, 14, 2, 0, 3, 23, 21, 43, 63, 79, 81, 98, 94, 121, 116, 127, 127, 127, 123, 108, 113, 93, 84, 78, 55, 33, 28, 32, 4, 3, 0, 0, 2, 3, 15, 14, 46, 66, 91, 111, 121, 125, 123, 127, 127, 127, 116, 99, 71, 78, 67, 44, 41, 29, 27, 4, 0, 0, 0, 4, 22, 43, 41, 43, 64, 67, 90, 108, 119, 117, 127, 127, 120, 98]"
In-Distribution,20,exact_guidance_u,185,0,88,87,"[129, 123, 126, 127, 122, 118, 107, 105, 70, 65, 57, 35, 27, 14, 11, 14, 2, 0, 3, 23, 21, 43, 63, 79, 81, 98, 94, 121, 116, 127, 127, 127, 123, 108, 113, 93, 84, 78, 55, 33, 28, 32, 4, 3, 0, 0, 2, 3, 15, 14, 46, 66, 91, 111, 121, 125, 123, 127, 127, 127, 116, 99, 71, 78, 67, 44, 41, 29, 27, 4, 0, 0, 0, 4, 22, 43, 41, 43, 64, 67, 90, 108, 119, 117, 127, 127, 120, 98]","[123, 126, 127, 122, 118, 107, 105, 70, 65, 57, 35, 27, 14, 11, 14, 2, 0, 3, 23, 21, 43, 63, 79, 81, 98, 94, 121, 116, 127, 127, 127, 123, 108, 113, 93, 84, 78, 55, 33, 28, 32, 4, 3, 0, 0, 2, 3, 15, 14, 46, 66, 91, 111, 121, 125, 123, 127, 127, 127, 116, 99, 71, 78, 67, 44, 41, 29, 27, 4, 0, 0, 0, 4, 22, 43, 41, 43, 64, 67, 90, 108, 119, 117, 127, 127, 120, 98]"
In-Distribution,20,exact_guidance_u,186,0,88,87,"[129, 123, 126, 127, 122, 118, 107, 105, 70, 65, 57, 35, 27, 14, 11, 14, 2, 0, 3, 23, 21, 43, 63, 79, 81, 98, 94, 121, 116, 127, 127, 127, 123, 108, 113, 93, 84, 78, 55, 33, 28, 32, 4, 3, 0, 0, 2, 3, 15, 14, 46, 66, 91, 111, 121, 125, 123, 127, 127, 127, 116, 99, 71, 78, 67, 44, 41, 29, 27, 4, 0, 0, 0, 4, 22, 43, 41, 43, 64, 67, 90, 108, 119, 117, 127, 127, 120, 98]","[123, 126, 127, 122, 118, 107, 105, 70, 65, 57, 35, 27, 14, 11, 14, 2, 0, 3, 23, 21, 43, 63, 79, 81, 98, 94, 121, 116, 127, 127, 127, 123, 108, 113, 93, 84, 78, 55, 33, 28, 32, 4, 3, 0, 0, 2, 3, 15, 14, 46, 66, 91, 111, 121, 125, 123, 127, 127, 127, 116, 99, 71, 78, 67, 44, 41, 29, 27, 4, 0, 0, 0, 4, 22, 43, 41, 43, 64, 67, 90, 108, 119, 117, 127, 127, 120, 98]"
In-Distribution,20,exact_guidance_u,187,0,88,87,"[129, 123, 126, 127, 122, 118, 107, 105, 70, 65, 57, 35, 27, 14, 11, 14, 2, 0, 3, 23, 21, 43, 63, 79, 81, 98, 94, 121, 116, 127, 127, 127, 123, 108, 113, 93, 84, 78, 55, 33, 28, 32, 4, 3, 0, 0, 2, 3, 15, 14, 46, 66, 91, 111, 121, 125, 123, 127, 127, 127, 116, 99, 71, 78, 67, 44, 41, 29, 27, 4, 0, 0, 0, 4, 22, 43, 41, 43, 64, 67, 90, 108, 119, 117, 127, 127, 120, 98]","[123, 126, 127, 122, 118, 107, 105, 70, 65, 57, 35, 27, 14, 11, 14, 2, 0, 3, 23, 21, 43, 63, 79, 81, 98, 94, 121, 116, 127, 127, 127, 123, 108, 113, 93, 84, 78, 55, 33, 28, 32, 4, 3, 0, 0, 2, 3, 15, 14, 46, 66, 91, 111, 121, 125, 123, 127, 127, 127, 116, 99, 71, 78, 67, 44, 41, 29, 27, 4, 0, 0, 0, 4, 22, 43, 41, 43, 64, 67, 90, 108, 119, 117, 127, 127, 120, 98]"
In-Distribution,20,exact_guidance_u,188,0,88,87,"[129, 123, 126, 127, 122, 118, 107, 105, 70, 65, 57, 35, 27, 14, 11, 14, 2, 0, 3, 23, 21, 43, 63, 79, 81, 98, 94, 121, 116, 127, 127, 127, 123, 108, 113, 93, 84, 78, 55, 33, 28, 32, 4, 3, 0, 0, 2, 3, 15, 14, 46, 66, 91, 111, 121, 125, 123, 127, 127, 127, 116, 99, 71, 78, 67, 44, 41, 29, 27, 4, 0, 0, 0, 4, 22, 43, 41, 43, 64, 67, 90, 108, 119, 117, 127, 127, 120, 98]","[123, 126, 127, 122, 118, 107, 105, 70, 65, 57, 35, 27, 14, 11, 14, 2, 0, 3, 23, 21, 43, 63, 79, 81, 98, 94, 121, 116, 127, 127, 127, 123, 108, 113, 93, 84, 78, 55, 33, 28, 32, 4, 3, 0, 0, 2, 3, 15, 14, 46, 66, 91, 111, 121, 125, 123, 127, 127, 127, 116, 99, 71, 78, 67, 44, 41, 29, 27, 4, 0, 0, 0, 4, 22, 43, 41, 43, 64, 67, 90, 108, 119, 117, 127, 127, 120, 98]"
In-Distribution,20,exact_guidance_u,189,0,88,87,"[129, 123, 126, 127, 122, 118, 107, 105, 70, 65, 57, 35, 27, 14, 11, 14, 2, 0, 3, 23, 21, 43, 63, 79, 81, 98, 94, 121, 116, 127, 127, 127, 123, 108, 113, 93, 84, 78, 55, 33, 28, 32, 4, 3, 0, 0, 2, 3, 15, 14, 46, 66, 91, 111, 121, 125, 123, 127, 127, 127, 116, 99, 71, 78, 67, 44, 41, 29, 27, 4, 0, 0, 0, 4, 22, 43, 41, 43, 64, 67, 90, 108, 119, 117, 127, 127, 120, 98]","[123, 126, 127, 122, 118, 107, 105, 70, 65, 57, 35, 27, 14, 11, 14, 2, 0, 3, 23, 21, 43, 63, 79, 81, 98, 94, 121, 116, 127, 127, 127, 123, 108, 113, 93, 84, 78, 55, 33, 28, 32, 4, 3, 0, 0, 2, 3, 15, 14, 46, 66, 91, 111, 121, 125, 123, 127, 127, 127, 116, 99, 71, 78, 67, 44, 41, 29, 27, 4, 0, 0, 0, 4, 22, 43, 41, 43, 64, 67, 90, 108, 119, 117, 127, 127, 120, 98]"
In-Distribution,20,exact_guidance_u,190,0,88,87,"[129, 123, 126, 127, 122, 118, 107, 105, 70, 65, 57, 35, 27, 14, 11, 14, 2, 0, 3, 23, 21, 43, 63, 79, 81, 98, 94, 121, 116, 127, 127, 127, 123, 108, 113, 93, 84, 78, 55, 33, 28, 32, 4, 3, 0, 0, 2, 3, 15, 14, 46, 66, 91, 111, 121, 125, 123, 127, 127, 127, 116, 99, 71, 78, 67, 44, 41, 29, 27, 4, 0, 0, 0, 4, 22, 43, 41, 43, 64, 67, 90, 108, 119, 117, 127, 127, 120, 98]","[123, 126, 127, 122, 118, 107, 105, 70, 65, 57, 35, 27, 14, 11, 14, 2, 0, 3, 23, 21, 43, 63, 79, 81, 98, 94, 121, 116, 127, 127, 127, 123, 108, 113, 93, 84, 78, 55, 33, 28, 32, 4, 3, 0, 0, 2, 3, 15, 14, 46, 66, 91, 111, 121, 125, 123, 127, 127, 127, 116, 99, 71, 78, 67, 44, 41, 29, 27, 4, 0, 0, 0, 4, 22, 43, 41, 43, 64, 67, 90, 108, 119, 117, 127, 127, 120, 98]"
In-Distribution,20,exact_guidance_u,191,0,88,87,"[129, 123, 126, 127, 122, 118, 107, 105, 70, 65, 57, 35, 27, 14, 11, 14, 2, 0, 3, 23, 21, 43, 63, 79, 81, 98, 94, 121, 116, 127, 127, 127, 123, 108, 113, 93, 84, 78, 55, 33, 28, 32, 4, 3, 0, 0, 2, 3, 15, 14, 46, 66, 91, 111, 121, 125, 123, 127, 127, 127, 116, 99, 71, 78, 67, 44, 41, 29, 27, 4, 0, 0, 0, 4, 22, 43, 41, 43, 64, 67, 90, 108, 119, 117, 127, 127, 120, 98]","[123, 126, 127, 122, 118, 107, 105, 70, 65, 57, 35, 27, 14, 11, 14, 2, 0, 3, 23, 21, 43, 63, 79, 81, 98, 94, 121, 116, 127, 127, 127, 123, 108, 113, 93, 84, 78, 55, 33, 28, 32, 4, 3, 0, 0, 2, 3, 15, 14, 46, 66, 91, 111, 121, 125, 123, 127, 127, 127, 116, 99, 71, 78, 67, 44, 41, 29, 27, 4, 0, 0, 0, 4, 22, 43, 41, 43, 64, 67, 90, 108, 119, 117, 127, 127, 120, 98]"
In-Distribution,20,exact_guidance_u,192,0,88,87,"[129, 123, 126, 127, 122, 118, 107, 105, 70, 65, 57, 35, 27, 14, 11, 14, 2, 0, 3, 23, 21, 43, 63, 79, 81, 98, 94, 121, 116, 127, 127, 127, 123, 108, 113, 93, 84, 78, 55, 33, 28, 32, 4, 3, 0, 0, 2, 3, 15, 14, 46, 66, 91, 111, 121, 125, 123, 127, 127, 127, 116, 99, 71, 78, 67, 44, 41, 29, 27, 4, 0, 0, 0, 4, 22, 43, 41, 43, 64, 67, 90, 108, 119, 117, 127, 127, 120, 98]","[123, 126, 127, 122, 118, 107, 105, 70, 65, 57, 35, 27, 14, 11, 14, 2, 0, 3, 23, 21, 43, 63, 79, 81, 98, 94, 121, 116, 127, 127, 127, 123, 108, 113, 93, 84, 78, 55, 33, 28, 32, 4, 3, 0, 0, 2, 3, 15, 14, 46, 66, 91, 111, 121, 125, 123, 127, 127, 127, 116, 99, 71, 78, 67, 44, 41, 29, 27, 4, 0, 0, 0, 4, 22, 43, 41, 43, 64, 67, 90, 108, 119, 117, 127, 127, 120, 98]"
In-Distribution,20,exact_guidance_u,193,0,88,87,"[129, 123, 126, 127, 122, 118, 107, 105, 70, 65, 57, 35, 27, 14, 11, 14, 2, 0, 3, 23, 21, 43, 63, 79, 81, 98, 94, 121, 116, 127, 127, 127, 123, 108, 113, 93, 84, 78, 55, 33, 28, 32, 4, 3, 0, 0, 2, 3, 15, 14, 46, 66, 91, 111, 121, 125, 123, 127, 127, 127, 116, 99, 71, 78, 67, 44, 41, 29, 27, 4, 0, 0, 0, 4, 22, 43, 41, 43, 64, 67, 90, 108, 119, 117, 127, 127, 120, 98]","[123, 126, 127, 122, 118, 107, 105, 70, 65, 57, 35, 27, 14, 11, 14, 2, 0, 3, 23, 21, 43, 63, 79, 81, 98, 94, 121, 116, 127, 127, 127, 123, 108, 113, 93, 84, 78, 55, 33, 28, 32, 4, 3, 0, 0, 2, 3, 15, 14, 46, 66, 91, 111, 121, 125, 123, 127, 127, 127, 116, 99, 71, 78, 67, 44, 41, 29, 27, 4, 0, 0, 0, 4, 22, 43, 41, 43, 64, 67, 90, 108, 119, 117, 127, 127, 120, 98]"
In-Distribution,20,exact_guidance_u,194,0,88,87,"[129, 123, 126, 127, 122, 118, 107, 105, 70, 65, 57, 35, 27, 14, 11, 14, 2, 0, 3, 23, 21, 43, 63, 79, 81, 98, 94, 121, 116, 127, 127, 127, 123, 108, 113, 93, 84, 78, 55, 33, 28, 32, 4, 3, 0, 0, 2, 3, 15, 14, 46, 66, 91, 111, 121, 125, 123, 127, 127, 127, 116, 99, 71, 78, 67, 44, 41, 29, 27, 4, 0, 0, 0, 4, 22, 43, 41, 43, 64, 67, 90, 108, 119, 117, 127, 127, 120, 98]","[123, 126, 127, 122, 118, 107, 105, 70, 65, 57, 35, 27, 14, 11, 14, 2, 0, 3, 23, 21, 43, 63, 79, 81, 98, 94, 121, 116, 127, 127, 127, 123, 108, 113, 93, 84, 78, 55, 33, 28, 32, 4, 3, 0, 0, 2, 3, 15, 14, 46, 66, 91, 111, 121, 125, 123, 127, 127, 127, 116, 99, 71, 78, 67, 44, 41, 29, 27, 4, 0, 0, 0, 4, 22, 43, 41, 43, 64, 67, 90, 108, 119, 117, 127, 127, 120, 98]"
In-Distribution,20,exact_guidance_u,195,0,88,87,"[129, 123, 126, 127, 122, 118, 107, 105, 70, 65, 57, 35, 27, 14, 11, 14, 2, 0, 3, 23, 21, 43, 63, 79, 81, 98, 94, 121, 116, 127, 127, 127, 123, 108, 113, 93, 84, 78, 55, 33, 28, 32, 4, 3, 0, 0, 2, 3, 15, 14, 46, 66, 91, 111, 121, 125, 123, 127, 127, 127, 116, 99, 71, 78, 67, 44, 41, 29, 27, 4, 0, 0, 0, 4, 22, 43, 41, 43, 64, 67, 90, 108, 119, 117, 127, 127, 120, 98]","[123, 126, 127, 122, 118, 107, 105, 70, 65, 57, 35, 27, 14, 11, 14, 2, 0, 3, 23, 21, 43, 63, 79, 81, 98, 94, 121, 116, 127, 127, 127, 123, 108, 113, 93, 84, 78, 55, 33, 28, 32, 4, 3, 0, 0, 2, 3, 15, 14, 46, 66, 91, 111, 121, 125, 123, 127, 127, 127, 116, 99, 71, 78, 67, 44, 41, 29, 27, 4, 0, 0, 0, 4, 22, 43, 41, 43, 64, 67, 90, 108, 119, 117, 127, 127, 120, 98]"
In-Distribution,20,exact_guidance_u,196,0,88,87,"[129, 123, 126, 127, 122, 118, 107, 105, 70, 65, 57, 35, 27, 14, 11, 14, 2, 0, 3, 23, 21, 43, 63, 79, 81, 98, 94, 121, 116, 127, 127, 127, 123, 108, 113, 93, 84, 78, 55, 33, 28, 32, 4, 3, 0, 0, 2, 3, 15, 14, 46, 66, 91, 111, 121, 125, 123, 127, 127, 127, 116, 99, 71, 78, 67, 44, 41, 29, 27, 4, 0, 0, 0, 4, 22, 43, 41, 43, 64, 67, 90, 108, 119, 117, 127, 127, 120, 98]","[123, 126, 127, 122, 118, 107, 105, 70, 65, 57, 35, 27, 14, 11, 14, 2, 0, 3, 23, 21, 43, 63, 79, 81, 98, 94, 121, 116, 127, 127, 127, 123, 108, 113, 93, 84, 78, 55, 33, 28, 32, 4, 3, 0, 0, 2, 3, 15, 14, 46, 66, 91, 111, 121, 125, 123, 127, 127, 127, 116, 99, 71, 78, 67, 44, 41, 29, 27, 4, 0, 0, 0, 4, 22, 43, 41, 43, 64, 67, 90, 108, 119, 117, 127, 127, 120, 98]"
In-Distribution,20,exact_guidance_u,197,0,88,87,"[129, 123, 126, 127, 122, 118, 107, 105, 70, 65, 57, 35, 27, 14, 11, 14, 2, 0, 3, 23, 21, 43, 63, 79, 81, 98, 94, 121, 116, 127, 127, 127, 123, 108, 113, 93, 84, 78, 55, 33, 28, 32, 4, 3, 0, 0, 2, 3, 15, 14, 46, 66, 91, 111, 121, 125, 123, 127, 127, 127, 116, 99, 71, 78, 67, 44, 41, 29, 27, 4, 0, 0, 0, 4, 22, 43, 41, 43, 64, 67, 90, 108, 119, 117, 127, 127, 120, 98]","[123, 126, 127, 122, 118, 107, 105, 70, 65, 57, 35, 27, 14, 11, 14, 2, 0, 3, 23, 21, 43, 63, 79, 81, 98, 94, 121, 116, 127, 127, 127, 123, 108, 113, 93, 84, 78, 55, 33, 28, 32, 4, 3, 0, 0, 2, 3, 15, 14, 46, 66, 91, 111, 121, 125, 123, 127, 127, 127, 116, 99, 71, 78, 67, 44, 41, 29, 27, 4, 0, 0, 0, 4, 22, 43, 41, 43, 64, 67, 90, 108, 119, 117, 127, 127, 120, 98]"
In-Distribution,20,exact_guidance_u,198,0,88,87,"[129, 123, 126, 127, 122, 118, 107, 105, 70, 65, 57, 35, 27, 14, 11, 14, 2, 0, 3, 23, 21, 43, 63, 79, 81, 98, 94, 121, 116, 127, 127, 127, 123, 108, 113, 93, 84, 78, 55, 33, 28, 32, 4, 3, 0, 0, 2, 3, 15, 14, 46, 66, 91, 111, 121, 125, 123, 127, 127, 127, 116, 99, 71, 78, 67, 44, 41, 29, 27, 4, 0, 0, 0, 4, 22, 43, 41, 43, 64, 67, 90, 108, 119, 117, 127, 127, 120, 98]","[123, 126, 127, 122, 118, 107, 105, 70, 65, 57, 35, 27, 14, 11, 14, 2, 0, 3, 23, 21, 43, 63, 79, 81, 98, 94, 121, 116, 127, 127, 127, 123, 108, 113, 93, 84, 78, 55, 33, 28, 32, 4, 3, 0, 0, 2, 3, 15, 14, 46, 66, 91, 111, 121, 125, 123, 127, 127, 127, 116, 99, 71, 78, 67, 44, 41, 29, 27, 4, 0, 0, 0, 4, 22, 43, 41, 43, 64, 67, 90, 108, 119, 117, 127, 127, 120, 98]"
In-Distribution,20,exact_guidance_u,199,0,88,87,"[129, 123, 126, 127, 122, 118, 107, 105, 70, 65, 57, 35, 27, 14, 11, 14, 2, 0, 3, 23, 21, 43, 63, 79, 81, 98, 94, 121, 116, 127, 127, 127, 123, 108, 113, 93, 84, 78, 55, 33, 28, 32, 4, 3, 0, 0, 2, 3, 15, 14, 46, 66, 91, 111, 121, 125, 123, 127, 127, 127, 116, 99, 71, 78, 67, 44, 41, 29, 27, 4, 0, 0, 0, 4, 22, 43, 41, 43, 64, 67, 90, 108, 119, 117, 127, 127, 120, 98]","[123, 126, 127, 122, 118, 107, 105, 70, 65, 57, 35, 27, 14, 11, 14, 2, 0, 3, 23, 21, 43, 63, 79, 81, 98, 94, 121, 116, 127, 127, 127, 123, 108, 113, 93, 84, 78, 55, 33, 28, 32, 4, 3, 0, 0, 2, 3, 15, 14, 46, 66, 91, 111, 121, 125, 123, 127, 127, 127, 116, 99, 71, 78, 67, 44, 41, 29, 27, 4, 0, 0, 0, 4, 22, 43, 41, 43, 64, 67, 90, 108, 119, 117, 127, 127, 120, 98]"
In-Distribution,20,exact_guidance_u,200,0,88,87,"[129, 123, 126, 127, 122, 118, 107, 105, 70, 65, 57, 35, 27, 14, 11, 14, 2, 0, 3, 23, 21, 43, 63, 79, 81, 98, 94, 121, 116, 127, 127, 127, 123, 108, 113, 93, 84, 78, 55, 33, 28, 32, 4, 3, 0, 0, 2, 3, 15, 14, 46, 66, 91, 111, 121, 125, 123, 127, 127, 127, 116, 99, 71, 78, 67, 44, 41, 29, 27, 4, 0, 0, 0, 4, 22, 43, 41, 43, 64, 67, 90, 108, 119, 117, 127, 127, 120, 98]","[123, 126, 127, 122, 118, 107, 105, 70, 65, 57, 35, 27, 14, 11, 14, 2, 0, 3, 23, 21, 43, 63, 79, 81, 98, 94, 121, 116, 127, 127, 127, 123, 108, 113, 93, 84, 78, 55, 33, 28, 32, 4, 3, 0, 0, 2, 3, 15, 14, 46, 66, 91, 111, 121, 125, 123, 127, 127, 127, 116, 99, 71, 78, 67, 44, 41, 29, 27, 4, 0, 0, 0, 4, 22, 43, 41, 43, 64, 67, 90, 108, 119, 117, 127, 127, 120, 98]"
In-Distribution,20,exact_guidance_u,201,0,88,87,"[129, 123, 126, 127, 122, 118, 107, 105, 70, 65, 57, 35, 27, 14, 11, 14, 2, 0, 3, 23, 21, 43, 63, 79, 81, 98, 94, 121, 116, 127, 127, 127, 123, 108, 113, 93, 84, 78, 55, 33, 28, 32, 4, 3, 0, 0, 2, 3, 15, 14, 46, 66, 91, 111, 121, 125, 123, 127, 127, 127, 116, 99, 71, 78, 67, 44, 41, 29, 27, 4, 0, 0, 0, 4, 22, 43, 41, 43, 64, 67, 90, 108, 119, 117, 127, 127, 120, 98]","[123, 126, 127, 122, 118, 107, 105, 70, 65, 57, 35, 27, 14, 11, 14, 2, 0, 3, 23, 21, 43, 63, 79, 81, 98, 94, 121, 116, 127, 127, 127, 123, 108, 113, 93, 84, 78, 55, 33, 28, 32, 4, 3, 0, 0, 2, 3, 15, 14, 46, 66, 91, 111, 121, 125, 123, 127, 127, 127, 116, 99, 71, 78, 67, 44, 41, 29, 27, 4, 0, 0, 0, 4, 22, 43, 41, 43, 64, 67, 90, 108, 119, 117, 127, 127, 120, 98]"
In-Distribution,20,exact_guidance_u,202,0,88,87,"[129, 123, 126, 127, 122, 118, 107, 105, 70, 65, 57, 35, 27, 14, 11, 14, 2, 0, 3, 23, 21, 43, 63, 79, 81, 98, 94, 121, 116, 127, 127, 127, 123, 108, 113, 93, 84, 78, 55, 33, 28, 32, 4, 3, 0, 0, 2, 3, 15, 14, 46, 66, 91, 111, 121, 125, 123, 127, 127, 127, 116, 99, 71, 78, 67, 44, 41, 29, 27, 4, 0, 0, 0, 4, 22, 43, 41, 43, 64, 67, 90, 108, 119, 117, 127, 127, 120, 98]","[123, 126, 127, 122, 118, 107, 105, 70, 65, 57, 35, 27, 14, 11, 14, 2, 0, 3, 23, 21, 43, 63, 79, 81, 98, 94, 121, 116, 127, 127, 127, 123, 108, 113, 93, 84, 78, 55, 33, 28, 32, 4, 3, 0, 0, 2, 3, 15, 14, 46, 66, 91, 111, 121, 125, 123, 127, 127, 127, 116, 99, 71, 78, 67, 44, 41, 29, 27, 4, 0, 0, 0, 4, 22, 43, 41, 43, 64, 67, 90, 108, 119, 117, 127, 127, 120, 98]"
In-Distribution,20,exact_guidance_u,203,0,88,87,"[129, 123, 126, 127, 122, 118, 107, 105, 70, 65, 57, 35, 27, 14, 11, 14, 2, 0, 3, 23, 21, 43, 63, 79, 81, 98, 94, 121, 116, 127, 127, 127, 123, 108, 113, 93, 84, 78, 55, 33, 28, 32, 4, 3, 0, 0, 2, 3, 15, 14, 46, 66, 91, 111, 121, 125, 123, 127, 127, 127, 116, 99, 71, 78, 67, 44, 41, 29, 27, 4, 0, 0, 0, 4, 22, 43, 41, 43, 64, 67, 90, 108, 119, 117, 127, 127, 120, 98]","[123, 126, 127, 122, 118, 107, 105, 70, 65, 57, 35, 27, 14, 11, 14, 2, 0, 3, 23, 21, 43, 63, 79, 81, 98, 94, 121, 116, 127, 127, 127, 123, 108, 113, 93, 84, 78, 55, 33, 28, 32, 4, 3, 0, 0, 2, 3, 15, 14, 46, 66, 91, 111, 121, 125, 123, 127, 127, 127, 116, 99, 71, 78, 67, 44, 41, 29, 27, 4, 0, 0, 0, 4, 22, 43, 41, 43, 64, 67, 90, 108, 119, 117, 127, 127, 120, 98]"
In-Distribution,20,exact_guidance_u,204,0,88,87,"[129, 123, 126, 127, 122, 118, 107, 105, 70, 65, 57, 35, 27, 14, 11, 14, 2, 0, 3, 23, 21, 43, 63, 79, 81, 98, 94, 121, 116, 127, 127, 127, 123, 108, 113, 93, 84, 78, 55, 33, 28, 32, 4, 3, 0, 0, 2, 3, 15, 14, 46, 66, 91, 111, 121, 125, 123, 127, 127, 127, 116, 99, 71, 78, 67, 44, 41, 29, 27, 4, 0, 0, 0, 4, 22, 43, 41, 43, 64, 67, 90, 108, 119, 117, 127, 127, 120, 98]","[123, 126, 127, 122, 118, 107, 105, 70, 65, 57, 35, 27, 14, 11, 14, 2, 0, 3, 23, 21, 43, 63, 79, 81, 98, 94, 121, 116, 127, 127, 127, 123, 108, 113, 93, 84, 78, 55, 33, 28, 32, 4, 3, 0, 0, 2, 3, 15, 14, 46, 66, 91, 111, 121, 125, 123, 127, 127, 127, 116, 99, 71, 78, 67, 44, 41, 29, 27, 4, 0, 0, 0, 4, 22, 43, 41, 43, 64, 67, 90, 108, 119, 117, 127, 127, 120, 98]"
In-Distribution,20,exact_guidance_u,205,0,88,87,"[129, 123, 126, 127, 122, 118, 107, 105, 70, 65, 57, 35, 27, 14, 11, 14, 2, 0, 3, 23, 21, 43, 63, 79, 81, 98, 94, 121, 116, 127, 127, 127, 123, 108, 113, 93, 84, 78, 55, 33, 28, 32, 4, 3, 0, 0, 2, 3, 15, 14, 46, 66, 91, 111, 121, 125, 123, 127, 127, 127, 116, 99, 71, 78, 67, 44, 41, 29, 27, 4, 0, 0, 0, 4, 22, 43, 41, 43, 64, 67, 90, 108, 119, 117, 127, 127, 120, 98]","[123, 126, 127, 122, 118, 107, 105, 70, 65, 57, 35, 27, 14, 11, 14, 2, 0, 3, 23, 21, 43, 63, 79, 81, 98, 94, 121, 116, 127, 127, 127, 123, 108, 113, 93, 84, 78, 55, 33, 28, 32, 4, 3, 0, 0, 2, 3, 15, 14, 46, 66, 91, 111, 121, 125, 123, 127, 127, 127, 116, 99, 71, 78, 67, 44, 41, 29, 27, 4, 0, 0, 0, 4, 22, 43, 41, 43, 64, 67, 90, 108, 119, 117, 127, 127, 120, 98]"
In-Distribution,20,exact_guidance_u,206,0,89,88,"[129, 123, 126, 127, 122, 118, 107, 105, 70, 65, 57, 35, 27, 14, 11, 14, 2, 0, 3, 23, 21, 43, 63, 79, 81, 98, 94, 121, 116, 127, 127, 127, 123, 108, 113, 93, 84, 78, 55, 33, 28, 32, 4, 3, 0, 0, 2, 3, 15, 14, 46, 66, 91, 111, 121, 125, 123, 127, 127, 127, 116, 99, 71, 78, 67, 44, 41, 29, 27, 4, 0, 0, 0, 4, 22, 43, 41, 43, 64, 67, 90, 108, 119, 117, 127, 127, 120, 98, 87]","[123, 126, 127, 122, 118, 107, 105, 70, 65, 57, 35, 27, 14, 11, 14, 2, 0, 3, 23, 21, 43, 63, 79, 81, 98, 94, 121, 116, 127, 127, 127, 123, 108, 113, 93, 84, 78, 55, 33, 28, 32, 4, 3, 0, 0, 2, 3, 15, 14, 46, 66, 91, 111, 121, 125, 123, 127, 127, 127, 116, 99, 71, 78, 67, 44, 41, 29, 27, 4, 0, 0, 0, 4, 22, 43, 41, 43, 64, 67, 90, 108, 119, 117, 127, 127, 120, 98, 87]"
In-Distribution,20,exact_guidance_u,207,0,89,88,"[129, 123, 126, 127, 122, 118, 107, 105, 70, 65, 57, 35, 27, 14, 11, 14, 2, 0, 3, 23, 21, 43, 63, 79, 81, 98, 94, 121, 116, 127, 127, 127, 123, 108, 113, 93, 84, 78, 55, 33, 28, 32, 4, 3, 0, 0, 2, 3, 15, 14, 46, 66, 91, 111, 121, 125, 123, 127, 127, 127, 116, 99, 71, 78, 67, 44, 41, 29, 27, 4, 0, 0, 0, 4, 22, 43, 41, 43, 64, 67, 90, 108, 119, 117, 127, 127, 120, 98, 87]","[123, 126, 127, 122, 118, 107, 105, 70, 65, 57, 35, 27, 14, 11, 14, 2, 0, 3, 23, 21, 43, 63, 79, 81, 98, 94, 121, 116, 127, 127, 127, 123, 108, 113, 93, 84, 78, 55, 33, 28, 32, 4, 3, 0, 0, 2, 3, 15, 14, 46, 66, 91, 111, 121, 125, 123, 127, 127, 127, 116, 99, 71, 78, 67, 44, 41, 29, 27, 4, 0, 0, 0, 4, 22, 43, 41, 43, 64, 67, 90, 108, 119, 117, 127, 127, 120, 98, 87]"
In-Distribution,20,exact_guidance_u,208,0,89,88,"[129, 123, 126, 127, 122, 118, 107, 105, 70, 65, 57, 35, 27, 14, 11, 14, 2, 0, 3, 23, 21, 43, 63, 79, 81, 98, 94, 121, 116, 127, 127, 127, 123, 108, 113, 93, 84, 78, 55, 33, 28, 32, 4, 3, 0, 0, 2, 3, 15, 14, 46, 66, 91, 111, 121, 125, 123, 127, 127, 127, 116, 99, 71, 78, 67, 44, 41, 29, 27, 4, 0, 0, 0, 4, 22, 43, 41, 43, 64, 67, 90, 108, 119, 117, 127, 127, 120, 98, 87]","[123, 126, 127, 122, 118, 107, 105, 70, 65, 57, 35, 27, 14, 11, 14, 2, 0, 3, 23, 21, 43, 63, 79, 81, 98, 94, 121, 116, 127, 127, 127, 123, 108, 113, 93, 84, 78, 55, 33, 28, 32, 4, 3, 0, 0, 2, 3, 15, 14, 46, 66, 91, 111, 121, 125, 123, 127, 127, 127, 116, 99, 71, 78, 67, 44, 41, 29, 27, 4, 0, 0, 0, 4, 22, 43, 41, 43, 64, 67, 90, 108, 119, 117, 127, 127, 120, 98, 87]"
In-Distribution,20,exact_guidance_u,209,0,89,88,"[129, 123, 126, 127, 122, 118, 107, 105, 70, 65, 57, 35, 27, 14, 11, 14, 2, 0, 3, 23, 21, 43, 63, 79, 81, 98, 94, 121, 116, 127, 127, 127, 123, 108, 113, 93, 84, 78, 55, 33, 28, 32, 4, 3, 0, 0, 2, 3, 15, 14, 46, 66, 91, 111, 121, 125, 123, 127, 127, 127, 116, 99, 71, 78, 67, 44, 41, 29, 27, 4, 0, 0, 0, 4, 22, 43, 41, 43, 64, 67, 90, 108, 119, 117, 127, 127, 120, 98, 87]","[123, 126, 127, 122, 118, 107, 105, 70, 65, 57, 35, 27, 14, 11, 14, 2, 0, 3, 23, 21, 43, 63, 79, 81, 98, 94, 121, 116, 127, 127, 127, 123, 108, 113, 93, 84, 78, 55, 33, 28, 32, 4, 3, 0, 0, 2, 3, 15, 14, 46, 66, 91, 111, 121, 125, 123, 127, 127, 127, 116, 99, 71, 78, 67, 44, 41, 29, 27, 4, 0, 0, 0, 4, 22, 43, 41, 43, 64, 67, 90, 108, 119, 117, 127, 127, 120, 98, 87]"
In-Distribution,20,exact_guidance_u,210,0,89,88,"[129, 123, 126, 127, 122, 118, 107, 105, 70, 65, 57, 35, 27, 14, 11, 14, 2, 0, 3, 23, 21, 43, 63, 79, 81, 98, 94, 121, 116, 127, 127, 127, 123, 108, 113, 93, 84, 78, 55, 33, 28, 32, 4, 3, 0, 0, 2, 3, 15, 14, 46, 66, 91, 111, 121, 125, 123, 127, 127, 127, 116, 99, 71, 78, 67, 44, 41, 29, 27, 4, 0, 0, 0, 4, 22, 43, 41, 43, 64, 67, 90, 108, 119, 117, 127, 127, 120, 98, 87]","[123, 126, 127, 122, 118, 107, 105, 70, 65, 57, 35, 27, 14, 11, 14, 2, 0, 3, 23, 21, 43, 63, 79, 81, 98, 94, 121, 116, 127, 127, 127, 123, 108, 113, 93, 84, 78, 55, 33, 28, 32, 4, 3, 0, 0, 2, 3, 15, 14, 46, 66, 91, 111, 121, 125, 123, 127, 127, 127, 116, 99, 71, 78, 67, 44, 41, 29, 27, 4, 0, 0, 0, 4, 22, 43, 41, 43, 64, 67, 90, 108, 119, 117, 127, 127, 120, 98, 87]"
In-Distribution,20,exact_guidance_u,211,0,89,88,"[129, 123, 126, 127, 122, 118, 107, 105, 70, 65, 57, 35, 27, 14, 11, 14, 2, 0, 3, 23, 21, 43, 63, 79, 81, 98, 94, 121, 116, 127, 127, 127, 123, 108, 113, 93, 84, 78, 55, 33, 28, 32, 4, 3, 0, 0, 2, 3, 15, 14, 46, 66, 91, 111, 121, 125, 123, 127, 127, 127, 116, 99, 71, 78, 67, 44, 41, 29, 27, 4, 0, 0, 0, 4, 22, 43, 41, 43, 64, 67, 90, 108, 119, 117, 127, 127, 120, 98, 87]","[123, 126, 127, 122, 118, 107, 105, 70, 65, 57, 35, 27, 14, 11, 14, 2, 0, 3, 23, 21, 43, 63, 79, 81, 98, 94, 121, 116, 127, 127, 127, 123, 108, 113, 93, 84, 78, 55, 33, 28, 32, 4, 3, 0, 0, 2, 3, 15, 14, 46, 66, 91, 111, 121, 125, 123, 127, 127, 127, 116, 99, 71, 78, 67, 44, 41, 29, 27, 4, 0, 0, 0, 4, 22, 43, 41, 43, 64, 67, 90, 108, 119, 117, 127, 127, 120, 98, 87]"
In-Distribution,20,exact_guidance_u,212,0,89,88,"[129, 123, 126, 127, 122, 118, 107, 105, 70, 65, 57, 35, 27, 14, 11, 14, 2, 0, 3, 23, 21, 43, 63, 79, 81, 98, 94, 121, 116, 127, 127, 127, 123, 108, 113, 93, 84, 78, 55, 33, 28, 32, 4, 3, 0, 0, 2, 3, 15, 14, 46, 66, 91, 111, 121, 125, 123, 127, 127, 127, 116, 99, 71, 78, 67, 44, 41, 29, 27, 4, 0, 0, 0, 4, 22, 43, 41, 43, 64, 67, 90, 108, 119, 117, 127, 127, 120, 98, 87]","[123, 126, 127, 122, 118, 107, 105, 70, 65, 57, 35, 27, 14, 11, 14, 2, 0, 3, 23, 21, 43, 63, 79, 81, 98, 94, 121, 116, 127, 127, 127, 123, 108, 113, 93, 84, 78, 55, 33, 28, 32, 4, 3, 0, 0, 2, 3, 15, 14, 46, 66, 91, 111, 121, 125, 123, 127, 127, 127, 116, 99, 71, 78, 67, 44, 41, 29, 27, 4, 0, 0, 0, 4, 22, 43, 41, 43, 64, 67, 90, 108, 119, 117, 127, 127, 120, 98, 87]"
In-Distribution,20,exact_guidance_u,213,0,89,88,"[129, 123, 126, 127, 122, 118, 107, 105, 70, 65, 57, 35, 27, 14, 11, 14, 2, 0, 3, 23, 21, 43, 63, 79, 81, 98, 94, 121, 116, 127, 127, 127, 123, 108, 113, 93, 84, 78, 55, 33, 28, 32, 4, 3, 0, 0, 2, 3, 15, 14, 46, 66, 91, 111, 121, 125, 123, 127, 127, 127, 116, 99, 71, 78, 67, 44, 41, 29, 27, 4, 0, 0, 0, 4, 22, 43, 41, 43, 64, 67, 90, 108, 119, 117, 127, 127, 120, 98, 87]","[123, 126, 127, 122, 118, 107, 105, 70, 65, 57, 35, 27, 14, 11, 14, 2, 0, 3, 23, 21, 43, 63, 79, 81, 98, 94, 121, 116, 127, 127, 127, 123, 108, 113, 93, 84, 78, 55, 33, 28, 32, 4, 3, 0, 0, 2, 3, 15, 14, 46, 66, 91, 111, 121, 125, 123, 127, 127, 127, 116, 99, 71, 78, 67, 44, 41, 29, 27, 4, 0, 0, 0, 4, 22, 43, 41, 43, 64, 67, 90, 108, 119, 117, 127, 127, 120, 98, 87]"
In-Distribution,20,exact_guidance_u,214,0,89,88,"[129, 123, 126, 127, 122, 118, 107, 105, 70, 65, 57, 35, 27, 14, 11, 14, 2, 0, 3, 23, 21, 43, 63, 79, 81, 98, 94, 121, 116, 127, 127, 127, 123, 108, 113, 93, 84, 78, 55, 33, 28, 32, 4, 3, 0, 0, 2, 3, 15, 14, 46, 66, 91, 111, 121, 125, 123, 127, 127, 127, 116, 99, 71, 78, 67, 44, 41, 29, 27, 4, 0, 0, 0, 4, 22, 43, 41, 43, 64, 67, 90, 108, 119, 117, 127, 127, 120, 98, 87]","[123, 126, 127, 122, 118, 107, 105, 70, 65, 57, 35, 27, 14, 11, 14, 2, 0, 3, 23, 21, 43, 63, 79, 81, 98, 94, 121, 116, 127, 127, 127, 123, 108, 113, 93, 84, 78, 55, 33, 28, 32, 4, 3, 0, 0, 2, 3, 15, 14, 46, 66, 91, 111, 121, 125, 123, 127, 127, 127, 116, 99, 71, 78, 67, 44, 41, 29, 27, 4, 0, 0, 0, 4, 22, 43, 41, 43, 64, 67, 90, 108, 119, 117, 127, 127, 120, 98, 87]"
In-Distribution,20,exact_guidance_u,215,0,89,88,"[129, 123, 126, 127, 122, 118, 107, 105, 70, 65, 57, 35, 27, 14, 11, 14, 2, 0, 3, 23, 21, 43, 63, 79, 81, 98, 94, 121, 116, 127, 127, 127, 123, 108, 113, 93, 84, 78, 55, 33, 28, 32, 4, 3, 0, 0, 2, 3, 15, 14, 46, 66, 91, 111, 121, 125, 123, 127, 127, 127, 116, 99, 71, 78, 67, 44, 41, 29, 27, 4, 0, 0, 0, 4, 22, 43, 41, 43, 64, 67, 90, 108, 119, 117, 127, 127, 120, 98, 87]","[123, 126, 127, 122, 118, 107, 105, 70, 65, 57, 35, 27, 14, 11, 14, 2, 0, 3, 23, 21, 43, 63, 79, 81, 98, 94, 121, 116, 127, 127, 127, 123, 108, 113, 93, 84, 78, 55, 33, 28, 32, 4, 3, 0, 0, 2, 3, 15, 14, 46, 66, 91, 111, 121, 125, 123, 127, 127, 127, 116, 99, 71, 78, 67, 44, 41, 29, 27, 4, 0, 0, 0, 4, 22, 43, 41, 43, 64, 67, 90, 108, 119, 117, 127, 127, 120, 98, 87]"
In-Distribution,20,exact_guidance_u,216,0,89,88,"[129, 123, 126, 127, 122, 118, 107, 105, 70, 65, 57, 35, 27, 14, 11, 14, 2, 0, 3, 23, 21, 43, 63, 79, 81, 98, 94, 121, 116, 127, 127, 127, 123, 108, 113, 93, 84, 78, 55, 33, 28, 32, 4, 3, 0, 0, 2, 3, 15, 14, 46, 66, 91, 111, 121, 125, 123, 127, 127, 127, 116, 99, 71, 78, 67, 44, 41, 29, 27, 4, 0, 0, 0, 4, 22, 43, 41, 43, 64, 67, 90, 108, 119, 117, 127, 127, 120, 98, 87]","[123, 126, 127, 122, 118, 107, 105, 70, 65, 57, 35, 27, 14, 11, 14, 2, 0, 3, 23, 21, 43, 63, 79, 81, 98, 94, 121, 116, 127, 127, 127, 123, 108, 113, 93, 84, 78, 55, 33, 28, 32, 4, 3, 0, 0, 2, 3, 15, 14, 46, 66, 91, 111, 121, 125, 123, 127, 127, 127, 116, 99, 71, 78, 67, 44, 41, 29, 27, 4, 0, 0, 0, 4, 22, 43, 41, 43, 64, 67, 90, 108, 119, 117, 127, 127, 120, 98, 87]"
In-Distribution,20,exact_guidance_u,217,0,89,88,"[129, 123, 126, 127, 122, 118, 107, 105, 70, 65, 57, 35, 27, 14, 11, 14, 2, 0, 3, 23, 21, 43, 63, 79, 81, 98, 94, 121, 116, 127, 127, 127, 123, 108, 113, 93, 84, 78, 55, 33, 28, 32, 4, 3, 0, 0, 2, 3, 15, 14, 46, 66, 91, 111, 121, 125, 123, 127, 127, 127, 116, 99, 71, 78, 67, 44, 41, 29, 27, 4, 0, 0, 0, 4, 22, 43, 41, 43, 64, 67, 90, 108, 119, 117, 127, 127, 120, 98, 87]","[123, 126, 127, 122, 118, 107, 105, 70, 65, 57, 35, 27, 14, 11, 14, 2, 0, 3, 23, 21, 43, 63, 79, 81, 98, 94, 121, 116, 127, 127, 127, 123, 108, 113, 93, 84, 78, 55, 33, 28, 32, 4, 3, 0, 0, 2, 3, 15, 14, 46, 66, 91, 111, 121, 125, 123, 127, 127, 127, 116, 99, 71, 78, 67, 44, 41, 29, 27, 4, 0, 0, 0, 4, 22, 43, 41, 43, 64, 67, 90, 108, 119, 117, 127, 127, 120, 98, 87]"
In-Distribution,20,exact_guidance_u,218,0,89,88,"[129, 123, 126, 127, 122, 118, 107, 105, 70, 65, 57, 35, 27, 14, 11, 14, 2, 0, 3, 23, 21, 43, 63, 79, 81, 98, 94, 121, 116, 127, 127, 127, 123, 108, 113, 93, 84, 78, 55, 33, 28, 32, 4, 3, 0, 0, 2, 3, 15, 14, 46, 66, 91, 111, 121, 125, 123, 127, 127, 127, 116, 99, 71, 78, 67, 44, 41, 29, 27, 4, 0, 0, 0, 4, 22, 43, 41, 43, 64, 67, 90, 108, 119, 117, 127, 127, 120, 98, 87]","[123, 126, 127, 122, 118, 107, 105, 70, 65, 57, 35, 27, 14, 11, 14, 2, 0, 3, 23, 21, 43, 63, 79, 81, 98, 94, 121, 116, 127, 127, 127, 123, 108, 113, 93, 84, 78, 55, 33, 28, 32, 4, 3, 0, 0, 2, 3, 15, 14, 46, 66, 91, 111, 121, 125, 123, 127, 127, 127, 116, 99, 71, 78, 67, 44, 41, 29, 27, 4, 0, 0, 0, 4, 22, 43, 41, 43, 64, 67, 90, 108, 119, 117, 127, 127, 120, 98, 87]"
In-Distribution,20,exact_guidance_u,219,0,90,89,"[129, 120, 123, 126, 127, 122, 118, 107, 105, 70, 65, 57, 35, 27, 14, 11, 14, 2, 0, 3, 23, 21, 43, 63, 79, 81, 98, 94, 121, 116, 127, 127, 127, 123, 108, 113, 93, 84, 78, 55, 33, 28, 32, 4, 3, 0, 0, 2, 3, 15, 14, 46, 66, 91, 111, 121, 125, 123, 127, 127, 127, 116, 99, 71, 78, 67, 44, 41, 29, 27, 4, 0, 0, 0, 4, 22, 43, 41, 43, 64, 67, 90, 108, 119, 117, 127, 127, 120, 98, 87]","[120, 123, 126, 127, 122, 118, 107, 105, 70, 65, 57, 35, 27, 14, 11, 14, 2, 0, 3, 23, 21, 43, 63, 79, 81, 98, 94, 121, 116, 127, 127, 127, 123, 108, 113, 93, 84, 78, 55, 33, 28, 32, 4, 3, 0, 0, 2, 3, 15, 14, 46, 66, 91, 111, 121, 125, 123, 127, 127, 127, 116, 99, 71, 78, 67, 44, 41, 29, 27, 4, 0, 0, 0, 4, 22, 43, 41, 43, 64, 67, 90, 108, 119, 117, 127, 127, 120, 98, 87]"
In-Distribution,20,exact_guidance_u,220,0,90,89,"[129, 120, 123, 126, 127, 122, 118, 107, 105, 70, 65, 57, 35, 27, 14, 11, 14, 2, 0, 3, 23, 21, 43, 63, 79, 81, 98, 94, 121, 116, 127, 127, 127, 123, 108, 113, 93, 84, 78, 55, 33, 28, 32, 4, 3, 0, 0, 2, 3, 15, 14, 46, 66, 91, 111, 121, 125, 123, 127, 127, 127, 116, 99, 71, 78, 67, 44, 41, 29, 27, 4, 0, 0, 0, 4, 22, 43, 41, 43, 64, 67, 90, 108, 119, 117, 127, 127, 120, 98, 87]","[120, 123, 126, 127, 122, 118, 107, 105, 70, 65, 57, 35, 27, 14, 11, 14, 2, 0, 3, 23, 21, 43, 63, 79, 81, 98, 94, 121, 116, 127, 127, 127, 123, 108, 113, 93, 84, 78, 55, 33, 28, 32, 4, 3, 0, 0, 2, 3, 15, 14, 46, 66, 91, 111, 121, 125, 123, 127, 127, 127, 116, 99, 71, 78, 67, 44, 41, 29, 27, 4, 0, 0, 0, 4, 22, 43, 41, 43, 64, 67, 90, 108, 119, 117, 127, 127, 120, 98, 87]"
In-Distribution,20,exact_guidance_u,221,0,90,89,"[129, 120, 123, 126, 127, 122, 118, 107, 105, 70, 65, 57, 35, 27, 14, 11, 14, 2, 0, 3, 23, 21, 43, 63, 79, 81, 98, 94, 121, 116, 127, 127, 127, 123, 108, 113, 93, 84, 78, 55, 33, 28, 32, 4, 3, 0, 0, 2, 3, 15, 14, 46, 66, 91, 111, 121, 125, 123, 127, 127, 127, 116, 99, 71, 78, 67, 44, 41, 29, 27, 4, 0, 0, 0, 4, 22, 43, 41, 43, 64, 67, 90, 108, 119, 117, 127, 127, 120, 98, 87]","[120, 123, 126, 127, 122, 118, 107, 105, 70, 65, 57, 35, 27, 14, 11, 14, 2, 0, 3, 23, 21, 43, 63, 79, 81, 98, 94, 121, 116, 127, 127, 127, 123, 108, 113, 93, 84, 78, 55, 33, 28, 32, 4, 3, 0, 0, 2, 3, 15, 14, 46, 66, 91, 111, 121, 125, 123, 127, 127, 127, 116, 99, 71, 78, 67, 44, 41, 29, 27, 4, 0, 0, 0, 4, 22, 43, 41, 43, 64, 67, 90, 108, 119, 117, 127, 127, 120, 98, 87]"
In-Distribution,20,exact_guidance_u,222,0,90,89,"[129, 120, 123, 126, 127, 122, 118, 107, 105, 70, 65, 57, 35, 27, 14, 11, 14, 2, 0, 3, 23, 21, 43, 63, 79, 81, 98, 94, 121, 116, 127, 127, 127, 123, 108, 113, 93, 84, 78, 55, 33, 28, 32, 4, 3, 0, 0, 2, 3, 15, 14, 46, 66, 91, 111, 121, 125, 123, 127, 127, 127, 116, 99, 71, 78, 67, 44, 41, 29, 27, 4, 0, 0, 0, 4, 22, 43, 41, 43, 64, 67, 90, 108, 119, 117, 127, 127, 120, 98, 87]","[120, 123, 126, 127, 122, 118, 107, 105, 70, 65, 57, 35, 27, 14, 11, 14, 2, 0, 3, 23, 21, 43, 63, 79, 81, 98, 94, 121, 116, 127, 127, 127, 123, 108, 113, 93, 84, 78, 55, 33, 28, 32, 4, 3, 0, 0, 2, 3, 15, 14, 46, 66, 91, 111, 121, 125, 123, 127, 127, 127, 116, 99, 71, 78, 67, 44, 41, 29, 27, 4, 0, 0, 0, 4, 22, 43, 41, 43, 64, 67, 90, 108, 119, 117, 127, 127, 120, 98, 87]"
In-Distribution,20,exact_guidance_u,223,0,90,89,"[129, 120, 123, 126, 127, 122, 118, 107, 105, 70, 65, 57, 35, 27, 14, 11, 14, 2, 0, 3, 23, 21, 43, 63, 79, 81, 98, 94, 121, 116, 127, 127, 127, 123, 108, 113, 93, 84, 78, 55, 33, 28, 32, 4, 3, 0, 0, 2, 3, 15, 14, 46, 66, 91, 111, 121, 125, 123, 127, 127, 127, 116, 99, 71, 78, 67, 44, 41, 29, 27, 4, 0, 0, 0, 4, 22, 43, 41, 43, 64, 67, 90, 108, 119, 117, 127, 127, 120, 98, 87]","[120, 123, 126, 127, 122, 118, 107, 105, 70, 65, 57, 35, 27, 14, 11, 14, 2, 0, 3, 23, 21, 43, 63, 79, 81, 98, 94, 121, 116, 127, 127, 127, 123, 108, 113, 93, 84, 78, 55, 33, 28, 32, 4, 3, 0, 0, 2, 3, 15, 14, 46, 66, 91, 111, 121, 125, 123, 127, 127, 127, 116, 99, 71, 78, 67, 44, 41, 29, 27, 4, 0, 0, 0, 4, 22, 43, 41, 43, 64, 67, 90, 108, 119, 117, 127, 127, 120, 98, 87]"
In-Distribution,20,exact_guidance_u,224,0,90,89,"[129, 120, 123, 126, 127, 122, 118, 107, 105, 70, 65, 57, 35, 27, 14, 11, 14, 2, 0, 3, 23, 21, 43, 63, 79, 81, 98, 94, 121, 116, 127, 127, 127, 123, 108, 113, 93, 84, 78, 55, 33, 28, 32, 4, 3, 0, 0, 2, 3, 15, 14, 46, 66, 91, 111, 121, 125, 123, 127, 127, 127, 116, 99, 71, 78, 67, 44, 41, 29, 27, 4, 0, 0, 0, 4, 22, 43, 41, 43, 64, 67, 90, 108, 119, 117, 127, 127, 120, 98, 87]","[120, 123, 126, 127, 122, 118, 107, 105, 70, 65, 57, 35, 27, 14, 11, 14, 2, 0, 3, 23, 21, 43, 63, 79, 81, 98, 94, 121, 116, 127, 127, 127, 123, 108, 113, 93, 84, 78, 55, 33, 28, 32, 4, 3, 0, 0, 2, 3, 15, 14, 46, 66, 91, 111, 121, 125, 123, 127, 127, 127, 116, 99, 71, 78, 67, 44, 41, 29, 27, 4, 0, 0, 0, 4, 22, 43, 41, 43, 64, 67, 90, 108, 119, 117, 127, 127, 120, 98, 87]"
In-Distribution,20,exact_guidance_u,225,0,90,89,"[129, 120, 123, 126, 127, 122, 118, 107, 105, 70, 65, 57, 35, 27, 14, 11, 14, 2, 0, 3, 23, 21, 43, 63, 79, 81, 98, 94, 121, 116, 127, 127, 127, 123, 108, 113, 93, 84, 78, 55, 33, 28, 32, 4, 3, 0, 0, 2, 3, 15, 14, 46, 66, 91, 111, 121, 125, 123, 127, 127, 127, 116, 99, 71, 78, 67, 44, 41, 29, 27, 4, 0, 0, 0, 4, 22, 43, 41, 43, 64, 67, 90, 108, 119, 117, 127, 127, 120, 98, 87]","[120, 123, 126, 127, 122, 118, 107, 105, 70, 65, 57, 35, 27, 14, 11, 14, 2, 0, 3, 23, 21, 43, 63, 79, 81, 98, 94, 121, 116, 127, 127, 127, 123, 108, 113, 93, 84, 78, 55, 33, 28, 32, 4, 3, 0, 0, 2, 3, 15, 14, 46, 66, 91, 111, 121, 125, 123, 127, 127, 127, 116, 99, 71, 78, 67, 44, 41, 29, 27, 4, 0, 0, 0, 4, 22, 43, 41, 43, 64, 67, 90, 108, 119, 117, 127, 127, 120, 98, 87]"
In-Distribution,20,exact_guidance_u,226,0,90,89,"[129, 120, 123, 126, 127, 122, 118, 107, 105, 70, 65, 57, 35, 27, 14, 11, 14, 2, 0, 3, 23, 21, 43, 63, 79, 81, 98, 94, 121, 116, 127, 127, 127, 123, 108, 113, 93, 84, 78, 55, 33, 28, 32, 4, 3, 0, 0, 2, 3, 15, 14, 46, 66, 91, 111, 121, 125, 123, 127, 127, 127, 116, 99, 71, 78, 67, 44, 41, 29, 27, 4, 0, 0, 0, 4, 22, 43, 41, 43, 64, 67, 90, 108, 119, 117, 127, 127, 120, 98, 87]","[120, 123, 126, 127, 122, 118, 107, 105, 70, 65, 57, 35, 27, 14, 11, 14, 2, 0, 3, 23, 21, 43, 63, 79, 81, 98, 94, 121, 116, 127, 127, 127, 123, 108, 113, 93, 84, 78, 55, 33, 28, 32, 4, 3, 0, 0, 2, 3, 15, 14, 46, 66, 91, 111, 121, 125, 123, 127, 127, 127, 116, 99, 71, 78, 67, 44, 41, 29, 27, 4, 0, 0, 0, 4, 22, 43, 41, 43, 64, 67, 90, 108, 119, 117, 127, 127, 120, 98, 87]"
In-Distribution,20,exact_guidance_u,227,0,90,89,"[129, 120, 123, 126, 127, 122, 118, 107, 105, 70, 65, 57, 35, 27, 14, 11, 14, 2, 0, 3, 23, 21, 43, 63, 79, 81, 98, 94, 121, 116, 127, 127, 127, 123, 108, 113, 93, 84, 78, 55, 33, 28, 32, 4, 3, 0, 0, 2, 3, 15, 14, 46, 66, 91, 111, 121, 125, 123, 127, 127, 127, 116, 99, 71, 78, 67, 44, 41, 29, 27, 4, 0, 0, 0, 4, 22, 43, 41, 43, 64, 67, 90, 108, 119, 117, 127, 127, 120, 98, 87]","[120, 123, 126, 127, 122, 118, 107, 105, 70, 65, 57, 35, 27, 14, 11, 14, 2, 0, 3, 23, 21, 43, 63, 79, 81, 98, 94, 121, 116, 127, 127, 127, 123, 108, 113, 93, 84, 78, 55, 33, 28, 32, 4, 3, 0, 0, 2, 3, 15, 14, 46, 66, 91, 111, 121, 125, 123, 127, 127, 127, 116, 99, 71, 78, 67, 44, 41, 29, 27, 4, 0, 0, 0, 4, 22, 43, 41, 43, 64, 67, 90, 108, 119, 117, 127, 127, 120, 98, 87]"
In-Distribution,20,exact_guidance_u,228,0,90,89,"[129, 120, 123, 126, 127, 122, 118, 107, 105, 70, 65, 57, 35, 27, 14, 11, 14, 2, 0, 3, 23, 21, 43, 63, 79, 81, 98, 94, 121, 116, 127, 127, 127, 123, 108, 113, 93, 84, 78, 55, 33, 28, 32, 4, 3, 0, 0, 2, 3, 15, 14, 46, 66, 91, 111, 121, 125, 123, 127, 127, 127, 116, 99, 71, 78, 67, 44, 41, 29, 27, 4, 0, 0, 0, 4, 22, 43, 41, 43, 64, 67, 90, 108, 119, 117, 127, 127, 120, 98, 87]","[120, 123, 126, 127, 122, 118, 107, 105, 70, 65, 57, 35, 27, 14, 11, 14, 2, 0, 3, 23, 21, 43, 63, 79, 81, 98, 94, 121, 116, 127, 127, 127, 123, 108, 113, 93, 84, 78, 55, 33, 28, 32, 4, 3, 0, 0, 2, 3, 15, 14, 46, 66, 91, 111, 121, 125, 123, 127, 127, 127, 116, 99, 71, 78, 67, 44, 41, 29, 27, 4, 0, 0, 0, 4, 22, 43, 41, 43, 64, 67, 90, 108, 119, 117, 127, 127, 120, 98, 87]"
In-Distribution,20,exact_guidance_u,229,0,90,89,"[129, 120, 123, 126, 127, 122, 118, 107, 105, 70, 65, 57, 35, 27, 14, 11, 14, 2, 0, 3, 23, 21, 43, 63, 79, 81, 98, 94, 121, 116, 127, 127, 127, 123, 108, 113, 93, 84, 78, 55, 33, 28, 32, 4, 3, 0, 0, 2, 3, 15, 14, 46, 66, 91, 111, 121, 125, 123, 127, 127, 127, 116, 99, 71, 78, 67, 44, 41, 29, 27, 4, 0, 0, 0, 4, 22, 43, 41, 43, 64, 67, 90, 108, 119, 117, 127, 127, 120, 98, 87]","[120, 123, 126, 127, 122, 118, 107, 105, 70, 65, 57, 35, 27, 14, 11, 14, 2, 0, 3, 23, 21, 43, 63, 79, 81, 98, 94, 121, 116, 127, 127, 127, 123, 108, 113, 93, 84, 78, 55, 33, 28, 32, 4, 3, 0, 0, 2, 3, 15, 14, 46, 66, 91, 111, 121, 125, 123, 127, 127, 127, 116, 99, 71, 78, 67, 44, 41, 29, 27, 4, 0, 0, 0, 4, 22, 43, 41, 43, 64, 67, 90, 108, 119, 117, 127, 127, 120, 98, 87]"
In-Distribution,20,exact_guidance_u,230,0,90,89,"[129, 120, 123, 126, 127, 122, 118, 107, 105, 70, 65, 57, 35, 27, 14, 11, 14, 2, 0, 3, 23, 21, 43, 63, 79, 81, 98, 94, 121, 116, 127, 127, 127, 123, 108, 113, 93, 84, 78, 55, 33, 28, 32, 4, 3, 0, 0, 2, 3, 15, 14, 46, 66, 91, 111, 121, 125, 123, 127, 127, 127, 116, 99, 71, 78, 67, 44, 41, 29, 27, 4, 0, 0, 0, 4, 22, 43, 41, 43, 64, 67, 90, 108, 119, 117, 127, 127, 120, 98, 87]","[120, 123, 126, 127, 122, 118, 107, 105, 70, 65, 57, 35, 27, 14, 11, 14, 2, 0, 3, 23, 21, 43, 63, 79, 81, 98, 94, 121, 116, 127, 127, 127, 123, 108, 113, 93, 84, 78, 55, 33, 28, 32, 4, 3, 0, 0, 2, 3, 15, 14, 46, 66, 91, 111, 121, 125, 123, 127, 127, 127, 116, 99, 71, 78, 67, 44, 41, 29, 27, 4, 0, 0, 0, 4, 22, 43, 41, 43, 64, 67, 90, 108, 119, 117, 127, 127, 120, 98, 87]"
In-Distribution,20,exact_guidance_u,231,0,90,89,"[129, 120, 123, 126, 127, 122, 118, 107, 105, 70, 65, 57, 35, 27, 14, 11, 14, 2, 0, 3, 23, 21, 43, 63, 79, 81, 98, 94, 121, 116, 127, 127, 127, 123, 108, 113, 93, 84, 78, 55, 33, 28, 32, 4, 3, 0, 0, 2, 3, 15, 14, 46, 66, 91, 111, 121, 125, 123, 127, 127, 127, 116, 99, 71, 78, 67, 44, 41, 29, 27, 4, 0, 0, 0, 4, 22, 43, 41, 43, 64, 67, 90, 108, 119, 117, 127, 127, 120, 98, 87]","[120, 123, 126, 127, 122, 118, 107, 105, 70, 65, 57, 35, 27, 14, 11, 14, 2, 0, 3, 23, 21, 43, 63, 79, 81, 98, 94, 121, 116, 127, 127, 127, 123, 108, 113, 93, 84, 78, 55, 33, 28, 32, 4, 3, 0, 0, 2, 3, 15, 14, 46, 66, 91, 111, 121, 125, 123, 127, 127, 127, 116, 99, 71, 78, 67, 44, 41, 29, 27, 4, 0, 0, 0, 4, 22, 43, 41, 43, 64, 67, 90, 108, 119, 117, 127, 127, 120, 98, 87]"
In-Distribution,20,exact_guidance_u,232,0,91,90,"[129, 120, 123, 126, 127, 122, 118, 107, 105, 70, 65, 57, 35, 27, 14, 11, 14, 2, 0, 3, 23, 21, 43, 63, 79, 81, 98, 94, 121, 116, 127, 127, 127, 123, 108, 113, 93, 84, 78, 55, 33, 28, 32, 4, 3, 0, 0, 2, 3, 15, 14, 46, 66, 80, 91, 111, 121, 125, 123, 127, 127, 127, 116, 99, 71, 78, 67, 44, 41, 29, 27, 4, 0, 0, 0, 4, 22, 43, 41, 43, 64, 67, 90, 108, 119, 117, 127, 127, 120, 98, 87]","[120, 123, 126, 127, 122, 118, 107, 105, 70, 65, 57, 35, 27, 14, 11, 14, 2, 0, 3, 23, 21, 43, 63, 79, 81, 98, 94, 121, 116, 127, 127, 127, 123, 108, 113, 93, 84, 78, 55, 33, 28, 32, 4, 3, 0, 0, 2, 3, 15, 14, 46, 66, 80, 91, 111, 121, 125, 123, 127, 127, 127, 116, 99, 71, 78, 67, 44, 41, 29, 27, 4, 0, 0, 0, 4, 22, 43, 41, 43, 64, 67, 90, 108, 119, 117, 127, 127, 120, 98, 87]"
In-Distribution,20,exact_guidance_u,233,0,91,90,"[129, 120, 123, 126, 127, 122, 118, 107, 105, 70, 65, 57, 35, 27, 14, 11, 14, 2, 0, 3, 23, 21, 43, 63, 79, 81, 98, 94, 121, 116, 127, 127, 127, 123, 108, 113, 93, 84, 78, 55, 33, 28, 32, 4, 3, 0, 0, 2, 3, 15, 14, 46, 66, 80, 91, 111, 121, 125, 123, 127, 127, 127, 116, 99, 71, 78, 67, 44, 41, 29, 27, 4, 0, 0, 0, 4, 22, 43, 41, 43, 64, 67, 90, 108, 119, 117, 127, 127, 120, 98, 87]","[120, 123, 126, 127, 122, 118, 107, 105, 70, 65, 57, 35, 27, 14, 11, 14, 2, 0, 3, 23, 21, 43, 63, 79, 81, 98, 94, 121, 116, 127, 127, 127, 123, 108, 113, 93, 84, 78, 55, 33, 28, 32, 4, 3, 0, 0, 2, 3, 15, 14, 46, 66, 80, 91, 111, 121, 125, 123, 127, 127, 127, 116, 99, 71, 78, 67, 44, 41, 29, 27, 4, 0, 0, 0, 4, 22, 43, 41, 43, 64, 67, 90, 108, 119, 117, 127, 127, 120, 98, 87]"
In-Distribution,20,exact_guidance_u,234,0,91,90,"[129, 120, 123, 126, 127, 122, 118, 107, 105, 70, 65, 57, 35, 27, 14, 11, 14, 2, 0, 3, 23, 21, 43, 63, 79, 81, 98, 94, 121, 116, 127, 127, 127, 123, 108, 113, 93, 84, 78, 55, 33, 28, 32, 4, 3, 0, 0, 2, 3, 15, 14, 46, 66, 80, 91, 111, 121, 125, 123, 127, 127, 127, 116, 99, 71, 78, 67, 44, 41, 29, 27, 4, 0, 0, 0, 4, 22, 43, 41, 43, 64, 67, 90, 108, 119, 117, 127, 127, 120, 98, 87]","[120, 123, 126, 127, 122, 118, 107, 105, 70, 65, 57, 35, 27, 14, 11, 14, 2, 0, 3, 23, 21, 43, 63, 79, 81, 98, 94, 121, 116, 127, 127, 127, 123, 108, 113, 93, 84, 78, 55, 33, 28, 32, 4, 3, 0, 0, 2, 3, 15, 14, 46, 66, 80, 91, 111, 121, 125, 123, 127, 127, 127, 116, 99, 71, 78, 67, 44, 41, 29, 27, 4, 0, 0, 0, 4, 22, 43, 41, 43, 64, 67, 90, 108, 119, 117, 127, 127, 120, 98, 87]"
In-Distribution,20,exact_guidance_u,235,0,91,90,"[129, 120, 123, 126, 127, 122, 118, 107, 105, 70, 65, 57, 35, 27, 14, 11, 14, 2, 0, 3, 23, 21, 43, 63, 79, 81, 98, 94, 121, 116, 127, 127, 127, 123, 108, 113, 93, 84, 78, 55, 33, 28, 32, 4, 3, 0, 0, 2, 3, 15, 14, 46, 66, 80, 91, 111, 121, 125, 123, 127, 127, 127, 116, 99, 71, 78, 67, 44, 41, 29, 27, 4, 0, 0, 0, 4, 22, 43, 41, 43, 64, 67, 90, 108, 119, 117, 127, 127, 120, 98, 87]","[120, 123, 126, 127, 122, 118, 107, 105, 70, 65, 57, 35, 27, 14, 11, 14, 2, 0, 3, 23, 21, 43, 63, 79, 81, 98, 94, 121, 116, 127, 127, 127, 123, 108, 113, 93, 84, 78, 55, 33, 28, 32, 4, 3, 0, 0, 2, 3, 15, 14, 46, 66, 80, 91, 111, 121, 125, 123, 127, 127, 127, 116, 99, 71, 78, 67, 44, 41, 29, 27, 4, 0, 0, 0, 4, 22, 43, 41, 43, 64, 67, 90, 108, 119, 117, 127, 127, 120, 98, 87]"
In-Distribution,20,exact_guidance_u,236,0,91,90,"[129, 120, 123, 126, 127, 122, 118, 107, 105, 70, 65, 57, 35, 27, 14, 11, 14, 2, 0, 3, 23, 21, 43, 63, 79, 81, 98, 94, 121, 116, 127, 127, 127, 123, 108, 113, 93, 84, 78, 55, 33, 28, 32, 4, 3, 0, 0, 2, 3, 15, 14, 46, 66, 80, 91, 111, 121, 125, 123, 127, 127, 127, 116, 99, 71, 78, 67, 44, 41, 29, 27, 4, 0, 0, 0, 4, 22, 43, 41, 43, 64, 67, 90, 108, 119, 117, 127, 127, 120, 98, 87]","[120, 123, 126, 127, 122, 118, 107, 105, 70, 65, 57, 35, 27, 14, 11, 14, 2, 0, 3, 23, 21, 43, 63, 79, 81, 98, 94, 121, 116, 127, 127, 127, 123, 108, 113, 93, 84, 78, 55, 33, 28, 32, 4, 3, 0, 0, 2, 3, 15, 14, 46, 66, 80, 91, 111, 121, 125, 123, 127, 127, 127, 116, 99, 71, 78, 67, 44, 41, 29, 27, 4, 0, 0, 0, 4, 22, 43, 41, 43, 64, 67, 90, 108, 119, 117, 127, 127, 120, 98, 87]"
In-Distribution,20,exact_guidance_u,237,0,91,90,"[129, 120, 123, 126, 127, 122, 118, 107, 105, 70, 65, 57, 35, 27, 14, 11, 14, 2, 0, 3, 23, 21, 43, 63, 79, 81, 98, 94, 121, 116, 127, 127, 127, 123, 108, 113, 93, 84, 78, 55, 33, 28, 32, 4, 3, 0, 0, 2, 3, 15, 14, 46, 66, 80, 91, 111, 121, 125, 123, 127, 127, 127, 116, 99, 71, 78, 67, 44, 41, 29, 27, 4, 0, 0, 0, 4, 22, 43, 41, 43, 64, 67, 90, 108, 119, 117, 127, 127, 120, 98, 87]","[120, 123, 126, 127, 122, 118, 107, 105, 70, 65, 57, 35, 27, 14, 11, 14, 2, 0, 3, 23, 21, 43, 63, 79, 81, 98, 94, 121, 116, 127, 127, 127, 123, 108, 113, 93, 84, 78, 55, 33, 28, 32, 4, 3, 0, 0, 2, 3, 15, 14, 46, 66, 80, 91, 111, 121, 125, 123, 127, 127, 127, 116, 99, 71, 78, 67, 44, 41, 29, 27, 4, 0, 0, 0, 4, 22, 43, 41, 43, 64, 67, 90, 108, 119, 117, 127, 127, 120, 98, 87]"
In-Distribution,20,exact_guidance_u,238,0,91,90,"[129, 120, 123, 126, 127, 122, 118, 107, 105, 70, 65, 57, 35, 27, 14, 11, 14, 2, 0, 3, 23, 21, 43, 63, 79, 81, 98, 94, 121, 116, 127, 127, 127, 123, 108, 113, 93, 84, 78, 55, 33, 28, 32, 4, 3, 0, 0, 2, 3, 15, 14, 46, 66, 80, 91, 111, 121, 125, 123, 127, 127, 127, 116, 99, 71, 78, 67, 44, 41, 29, 27, 4, 0, 0, 0, 4, 22, 43, 41, 43, 64, 67, 90, 108, 119, 117, 127, 127, 120, 98, 87]","[120, 123, 126, 127, 122, 118, 107, 105, 70, 65, 57, 35, 27, 14, 11, 14, 2, 0, 3, 23, 21, 43, 63, 79, 81, 98, 94, 121, 116, 127, 127, 127, 123, 108, 113, 93, 84, 78, 55, 33, 28, 32, 4, 3, 0, 0, 2, 3, 15, 14, 46, 66, 80, 91, 111, 121, 125, 123, 127, 127, 127, 116, 99, 71, 78, 67, 44, 41, 29, 27, 4, 0, 0, 0, 4, 22, 43, 41, 43, 64, 67, 90, 108, 119, 117, 127, 127, 120, 98, 87]"
In-Distribution,20,exact_guidance_u,239,0,91,90,"[129, 120, 123, 126, 127, 122, 118, 107, 105, 70, 65, 57, 35, 27, 14, 11, 14, 2, 0, 3, 23, 21, 43, 63, 79, 81, 98, 94, 121, 116, 127, 127, 127, 123, 108, 113, 93, 84, 78, 55, 33, 28, 32, 4, 3, 0, 0, 2, 3, 15, 14, 46, 66, 80, 91, 111, 121, 125, 123, 127, 127, 127, 116, 99, 71, 78, 67, 44, 41, 29, 27, 4, 0, 0, 0, 4, 22, 43, 41, 43, 64, 67, 90, 108, 119, 117, 127, 127, 120, 98, 87]","[120, 123, 126, 127, 122, 118, 107, 105, 70, 65, 57, 35, 27, 14, 11, 14, 2, 0, 3, 23, 21, 43, 63, 79, 81, 98, 94, 121, 116, 127, 127, 127, 123, 108, 113, 93, 84, 78, 55, 33, 28, 32, 4, 3, 0, 0, 2, 3, 15, 14, 46, 66, 80, 91, 111, 121, 125, 123, 127, 127, 127, 116, 99, 71, 78, 67, 44, 41, 29, 27, 4, 0, 0, 0, 4, 22, 43, 41, 43, 64, 67, 90, 108, 119, 117, 127, 127, 120, 98, 87]"
In-Distribution,20,exact_guidance_u,240,0,91,90,"[129, 120, 123, 126, 127, 122, 118, 107, 105, 70, 65, 57, 35, 27, 14, 11, 14, 2, 0, 3, 23, 21, 43, 63, 79, 81, 98, 94, 121, 116, 127, 127, 127, 123, 108, 113, 93, 84, 78, 55, 33, 28, 32, 4, 3, 0, 0, 2, 3, 15, 14, 46, 66, 80, 91, 111, 121, 125, 123, 127, 127, 127, 116, 99, 71, 78, 67, 44, 41, 29, 27, 4, 0, 0, 0, 4, 22, 43, 41, 43, 64, 67, 90, 108, 119, 117, 127, 127, 120, 98, 87]","[120, 123, 126, 127, 122, 118, 107, 105, 70, 65, 57, 35, 27, 14, 11, 14, 2, 0, 3, 23, 21, 43, 63, 79, 81, 98, 94, 121, 116, 127, 127, 127, 123, 108, 113, 93, 84, 78, 55, 33, 28, 32, 4, 3, 0, 0, 2, 3, 15, 14, 46, 66, 80, 91, 111, 121, 125, 123, 127, 127, 127, 116, 99, 71, 78, 67, 44, 41, 29, 27, 4, 0, 0, 0, 4, 22, 43, 41, 43, 64, 67, 90, 108, 119, 117, 127, 127, 120, 98, 87]"
In-Distribution,20,exact_guidance_u,241,0,91,90,"[129, 120, 123, 126, 127, 122, 118, 107, 105, 70, 65, 57, 35, 27, 14, 11, 14, 2, 0, 3, 23, 21, 43, 63, 79, 81, 98, 94, 121, 116, 127, 127, 127, 123, 108, 113, 93, 84, 78, 55, 33, 28, 32, 4, 3, 0, 0, 2, 3, 15, 14, 46, 66, 80, 91, 111, 121, 125, 123, 127, 127, 127, 116, 99, 71, 78, 67, 44, 41, 29, 27, 4, 0, 0, 0, 4, 22, 43, 41, 43, 64, 67, 90, 108, 119, 117, 127, 127, 120, 98, 87]","[120, 123, 126, 127, 122, 118, 107, 105, 70, 65, 57, 35, 27, 14, 11, 14, 2, 0, 3, 23, 21, 43, 63, 79, 81, 98, 94, 121, 116, 127, 127, 127, 123, 108, 113, 93, 84, 78, 55, 33, 28, 32, 4, 3, 0, 0, 2, 3, 15, 14, 46, 66, 80, 91, 111, 121, 125, 123, 127, 127, 127, 116, 99, 71, 78, 67, 44, 41, 29, 27, 4, 0, 0, 0, 4, 22, 43, 41, 43, 64, 67, 90, 108, 119, 117, 127, 127, 120, 98, 87]"
In-Distribution,20,exact_guidance_u,242,0,91,90,"[129, 120, 123, 126, 127, 122, 118, 107, 105, 70, 65, 57, 35, 27, 14, 11, 14, 2, 0, 3, 23, 21, 43, 63, 79, 81, 98, 94, 121, 116, 127, 127, 127, 123, 108, 113, 93, 84, 78, 55, 33, 28, 32, 4, 3, 0, 0, 2, 3, 15, 14, 46, 66, 80, 91, 111, 121, 125, 123, 127, 127, 127, 116, 99, 71, 78, 67, 44, 41, 29, 27, 4, 0, 0, 0, 4, 22, 43, 41, 43, 64, 67, 90, 108, 119, 117, 127, 127, 120, 98, 87]","[120, 123, 126, 127, 122, 118, 107, 105, 70, 65, 57, 35, 27, 14, 11, 14, 2, 0, 3, 23, 21, 43, 63, 79, 81, 98, 94, 121, 116, 127, 127, 127, 123, 108, 113, 93, 84, 78, 55, 33, 28, 32, 4, 3, 0, 0, 2, 3, 15, 14, 46, 66, 80, 91, 111, 121, 125, 123, 127, 127, 127, 116, 99, 71, 78, 67, 44, 41, 29, 27, 4, 0, 0, 0, 4, 22, 43, 41, 43, 64, 67, 90, 108, 119, 117, 127, 127, 120, 98, 87]"
In-Distribution,20,exact_guidance_u,243,0,91,90,"[129, 120, 123, 126, 127, 122, 118, 107, 105, 70, 65, 57, 35, 27, 14, 11, 14, 2, 0, 3, 23, 21, 43, 63, 79, 81, 98, 94, 121, 116, 127, 127, 127, 123, 108, 113, 93, 84, 78, 55, 33, 28, 32, 4, 3, 0, 0, 2, 3, 15, 14, 46, 66, 80, 91, 111, 121, 125, 123, 127, 127, 127, 116, 99, 71, 78, 67, 44, 41, 29, 27, 4, 0, 0, 0, 4, 22, 43, 41, 43, 64, 67, 90, 108, 119, 117, 127, 127, 120, 98, 87]","[120, 123, 126, 127, 122, 118, 107, 105, 70, 65, 57, 35, 27, 14, 11, 14, 2, 0, 3, 23, 21, 43, 63, 79, 81, 98, 94, 121, 116, 127, 127, 127, 123, 108, 113, 93, 84, 78, 55, 33, 28, 32, 4, 3, 0, 0, 2, 3, 15, 14, 46, 66, 80, 91, 111, 121, 125, 123, 127, 127, 127, 116, 99, 71, 78, 67, 44, 41, 29, 27, 4, 0, 0, 0, 4, 22, 43, 41, 43, 64, 67, 90, 108, 119, 117, 127, 127, 120, 98, 87]"
In-Distribution,20,exact_guidance_u,244,0,91,90,"[129, 120, 123, 126, 127, 122, 118, 107, 105, 70, 65, 57, 35, 27, 14, 11, 14, 2, 0, 3, 23, 21, 43, 63, 79, 81, 98, 94, 121, 116, 127, 127, 127, 123, 108, 113, 93, 84, 78, 55, 33, 28, 32, 4, 3, 0, 0, 2, 3, 15, 14, 46, 66, 80, 91, 111, 121, 125, 123, 127, 127, 127, 116, 99, 71, 78, 67, 44, 41, 29, 27, 4, 0, 0, 0, 4, 22, 43, 41, 43, 64, 67, 90, 108, 119, 117, 127, 127, 120, 98, 87]","[120, 123, 126, 127, 122, 118, 107, 105, 70, 65, 57, 35, 27, 14, 11, 14, 2, 0, 3, 23, 21, 43, 63, 79, 81, 98, 94, 121, 116, 127, 127, 127, 123, 108, 113, 93, 84, 78, 55, 33, 28, 32, 4, 3, 0, 0, 2, 3, 15, 14, 46, 66, 80, 91, 111, 121, 125, 123, 127, 127, 127, 116, 99, 71, 78, 67, 44, 41, 29, 27, 4, 0, 0, 0, 4, 22, 43, 41, 43, 64, 67, 90, 108, 119, 117, 127, 127, 120, 98, 87]"
In-Distribution,20,exact_guidance_u,245,0,91,90,"[129, 120, 123, 126, 127, 122, 118, 107, 105, 70, 65, 57, 35, 27, 14, 11, 14, 2, 0, 3, 23, 21, 43, 63, 79, 81, 98, 94, 121, 116, 127, 127, 127, 123, 108, 113, 93, 84, 78, 55, 33, 28, 32, 4, 3, 0, 0, 2, 3, 15, 14, 46, 66, 80, 91, 111, 121, 125, 123, 127, 127, 127, 116, 99, 71, 78, 67, 44, 41, 29, 27, 4, 0, 0, 0, 4, 22, 43, 41, 43, 64, 67, 90, 108, 119, 117, 127, 127, 120, 98, 87]","[120, 123, 126, 127, 122, 118, 107, 105, 70, 65, 57, 35, 27, 14, 11, 14, 2, 0, 3, 23, 21, 43, 63, 79, 81, 98, 94, 121, 116, 127, 127, 127, 123, 108, 113, 93, 84, 78, 55, 33, 28, 32, 4, 3, 0, 0, 2, 3, 15, 14, 46, 66, 80, 91, 111, 121, 125, 123, 127, 127, 127, 116, 99, 71, 78, 67, 44, 41, 29, 27, 4, 0, 0, 0, 4, 22, 43, 41, 43, 64, 67, 90, 108, 119, 117, 127, 127, 120, 98, 87]"
In-Distribution,20,exact_guidance_u,246,0,91,90,"[129, 120, 123, 126, 127, 122, 118, 107, 105, 70, 65, 57, 35, 27, 14, 11, 14, 2, 0, 3, 23, 21, 43, 63, 79, 81, 98, 94, 121, 116, 127, 127, 127, 123, 108, 113, 93, 84, 78, 55, 33, 28, 32, 4, 3, 0, 0, 2, 3, 15, 14, 46, 66, 80, 91, 111, 121, 125, 123, 127, 127, 127, 116, 99, 71, 78, 67, 44, 41, 29, 27, 4, 0, 0, 0, 4, 22, 43, 41, 43, 64, 67, 90, 108, 119, 117, 127, 127, 120, 98, 87]","[120, 123, 126, 127, 122, 118, 107, 105, 70, 65, 57, 35, 27, 14, 11, 14, 2, 0, 3, 23, 21, 43, 63, 79, 81, 98, 94, 121, 116, 127, 127, 127, 123, 108, 113, 93, 84, 78, 55, 33, 28, 32, 4, 3, 0, 0, 2, 3, 15, 14, 46, 66, 80, 91, 111, 121, 125, 123, 127, 127, 127, 116, 99, 71, 78, 67, 44, 41, 29, 27, 4, 0, 0, 0, 4, 22, 43, 41, 43, 64, 67, 90, 108, 119, 117, 127, 127, 120, 98, 87]"
In-Distribution,20,exact_guidance_u,247,0,91,90,"[129, 120, 123, 126, 127, 122, 118, 107, 105, 70, 65, 57, 35, 27, 14, 11, 14, 2, 0, 3, 23, 21, 43, 63, 79, 81, 98, 94, 121, 116, 127, 127, 127, 123, 108, 113, 93, 84, 78, 55, 33, 28, 32, 4, 3, 0, 0, 2, 3, 15, 14, 46, 66, 80, 91, 111, 121, 125, 123, 127, 127, 127, 116, 99, 71, 78, 67, 44, 41, 29, 27, 4, 0, 0, 0, 4, 22, 43, 41, 43, 64, 67, 90, 108, 119, 117, 127, 127, 120, 98, 87]","[120, 123, 126, 127, 122, 118, 107, 105, 70, 65, 57, 35, 27, 14, 11, 14, 2, 0, 3, 23, 21, 43, 63, 79, 81, 98, 94, 121, 116, 127, 127, 127, 123, 108, 113, 93, 84, 78, 55, 33, 28, 32, 4, 3, 0, 0, 2, 3, 15, 14, 46, 66, 80, 91, 111, 121, 125, 123, 127, 127, 127, 116, 99, 71, 78, 67, 44, 41, 29, 27, 4, 0, 0, 0, 4, 22, 43, 41, 43, 64, 67, 90, 108, 119, 117, 127, 127, 120, 98, 87]"
In-Distribution,20,exact_guidance_u,248,0,91,90,"[129, 120, 123, 126, 127, 122, 118, 107, 105, 70, 65, 57, 35, 27, 14, 11, 14, 2, 0, 3, 23, 21, 43, 63, 79, 81, 98, 94, 121, 116, 127, 127, 127, 123, 108, 113, 93, 84, 78, 55, 33, 28, 32, 4, 3, 0, 0, 2, 3, 15, 14, 46, 66, 80, 91, 111, 121, 125, 123, 127, 127, 127, 116, 99, 71, 78, 67, 44, 41, 29, 27, 4, 0, 0, 0, 4, 22, 43, 41, 43, 64, 67, 90, 108, 119, 117, 127, 127, 120, 98, 87]","[120, 123, 126, 127, 122, 118, 107, 105, 70, 65, 57, 35, 27, 14, 11, 14, 2, 0, 3, 23, 21, 43, 63, 79, 81, 98, 94, 121, 116, 127, 127, 127, 123, 108, 113, 93, 84, 78, 55, 33, 28, 32, 4, 3, 0, 0, 2, 3, 15, 14, 46, 66, 80, 91, 111, 121, 125, 123, 127, 127, 127, 116, 99, 71, 78, 67, 44, 41, 29, 27, 4, 0, 0, 0, 4, 22, 43, 41, 43, 64, 67, 90, 108, 119, 117, 127, 127, 120, 98, 87]"
In-Distribution,20,exact_guidance_u,249,0,91,90,"[129, 120, 123, 126, 127, 122, 118, 107, 105, 70, 65, 57, 35, 27, 14, 11, 14, 2, 0, 3, 23, 21, 43, 63, 79, 81, 98, 94, 121, 116, 127, 127, 127, 123, 108, 113, 93, 84, 78, 55, 33, 28, 32, 4, 3, 0, 0, 2, 3, 15, 14, 46, 66, 80, 91, 111, 121, 125, 123, 127, 127, 127, 116, 99, 71, 78, 67, 44, 41, 29, 27, 4, 0, 0, 0, 4, 22, 43, 41, 43, 64, 67, 90, 108, 119, 117, 127, 127, 120, 98, 87]","[120, 123, 126, 127, 122, 118, 107, 105, 70, 65, 57, 35, 27, 14, 11, 14, 2, 0, 3, 23, 21, 43, 63, 79, 81, 98, 94, 121, 116, 127, 127, 127, 123, 108, 113, 93, 84, 78, 55, 33, 28, 32, 4, 3, 0, 0, 2, 3, 15, 14, 46, 66, 80, 91, 111, 121, 125, 123, 127, 127, 127, 116, 99, 71, 78, 67, 44, 41, 29, 27, 4, 0, 0, 0, 4, 22, 43, 41, 43, 64, 67, 90, 108, 119, 117, 127, 127, 120, 98, 87]"
In-Distribution,20,exact_guidance_u,250,0,91,90,"[129, 120, 123, 126, 127, 122, 118, 107, 105, 70, 65, 57, 35, 27, 14, 11, 14, 2, 0, 3, 23, 21, 43, 63, 79, 81, 98, 94, 121, 116, 127, 127, 127, 123, 108, 113, 93, 84, 78, 55, 33, 28, 32, 4, 3, 0, 0, 2, 3, 15, 14, 46, 66, 80, 91, 111, 121, 125, 123, 127, 127, 127, 116, 99, 71, 78, 67, 44, 41, 29, 27, 4, 0, 0, 0, 4, 22, 43, 41, 43, 64, 67, 90, 108, 119, 117, 127, 127, 120, 98, 87]","[120, 123, 126, 127, 122, 118, 107, 105, 70, 65, 57, 35, 27, 14, 11, 14, 2, 0, 3, 23, 21, 43, 63, 79, 81, 98, 94, 121, 116, 127, 127, 127, 123, 108, 113, 93, 84, 78, 55, 33, 28, 32, 4, 3, 0, 0, 2, 3, 15, 14, 46, 66, 80, 91, 111, 121, 125, 123, 127, 127, 127, 116, 99, 71, 78, 67, 44, 41, 29, 27, 4, 0, 0, 0, 4, 22, 43, 41, 43, 64, 67, 90, 108, 119, 117, 127, 127, 120, 98, 87]"
In-Distribution,20,exact_guidance_u,251,0,91,90,"[129, 120, 123, 126, 127, 122, 118, 107, 105, 70, 65, 57, 35, 27, 14, 11, 14, 2, 0, 3, 23, 21, 43, 63, 79, 81, 98, 94, 121, 116, 127, 127, 127, 123, 108, 113, 93, 84, 78, 55, 33, 28, 32, 4, 3, 0, 0, 2, 3, 15, 14, 46, 66, 80, 91, 111, 121, 125, 123, 127, 127, 127, 116, 99, 71, 78, 67, 44, 41, 29, 27, 4, 0, 0, 0, 4, 22, 43, 41, 43, 64, 67, 90, 108, 119, 117, 127, 127, 120, 98, 87]","[120, 123, 126, 127, 122, 118, 107, 105, 70, 65, 57, 35, 27, 14, 11, 14, 2, 0, 3, 23, 21, 43, 63, 79, 81, 98, 94, 121, 116, 127, 127, 127, 123, 108, 113, 93, 84, 78, 55, 33, 28, 32, 4, 3, 0, 0, 2, 3, 15, 14, 46, 66, 80, 91, 111, 121, 125, 123, 127, 127, 127, 116, 99, 71, 78, 67, 44, 41, 29, 27, 4, 0, 0, 0, 4, 22, 43, 41, 43, 64, 67, 90, 108, 119, 117, 127, 127, 120, 98, 87]"
In-Distribution,20,exact_guidance_u,252,0,92,91,"[129, 120, 123, 126, 127, 122, 118, 107, 105, 70, 65, 57, 35, 27, 14, 11, 14, 2, 0, 3, 5, 23, 21, 43, 63, 79, 81, 98, 94, 121, 116, 127, 127, 127, 123, 108, 113, 93, 84, 78, 55, 33, 28, 32, 4, 3, 0, 0, 2, 3, 15, 14, 46, 66, 80, 91, 111, 121, 125, 123, 127, 127, 127, 116, 99, 71, 78, 67, 44, 41, 29, 27, 4, 0, 0, 0, 4, 22, 43, 41, 43, 64, 67, 90, 108, 119, 117, 127, 127, 120, 98, 87]","[120, 123, 126, 127, 122, 118, 107, 105, 70, 65, 57, 35, 27, 14, 11, 14, 2, 0, 3, 5, 23, 21, 43, 63, 79, 81, 98, 94, 121, 116, 127, 127, 127, 123, 108, 113, 93, 84, 78, 55, 33, 28, 32, 4, 3, 0, 0, 2, 3, 15, 14, 46, 66, 80, 91, 111, 121, 125, 123, 127, 127, 127, 116, 99, 71, 78, 67, 44, 41, 29, 27, 4, 0, 0, 0, 4, 22, 43, 41, 43, 64, 67, 90, 108, 119, 117, 127, 127, 120, 98, 87]"
In-Distribution,20,exact_guidance_u,253,0,92,91,"[129, 120, 123, 126, 127, 122, 118, 107, 105, 70, 65, 57, 35, 27, 14, 11, 14, 2, 0, 3, 5, 23, 21, 43, 63, 79, 81, 98, 94, 121, 116, 127, 127, 127, 123, 108, 113, 93, 84, 78, 55, 33, 28, 32, 4, 3, 0, 0, 2, 3, 15, 14, 46, 66, 80, 91, 111, 121, 125, 123, 127, 127, 127, 116, 99, 71, 78, 67, 44, 41, 29, 27, 4, 0, 0, 0, 4, 22, 43, 41, 43, 64, 67, 90, 108, 119, 117, 127, 127, 120, 98, 87]","[120, 123, 126, 127, 122, 118, 107, 105, 70, 65, 57, 35, 27, 14, 11, 14, 2, 0, 3, 5, 23, 21, 43, 63, 79, 81, 98, 94, 121, 116, 127, 127, 127, 123, 108, 113, 93, 84, 78, 55, 33, 28, 32, 4, 3, 0, 0, 2, 3, 15, 14, 46, 66, 80, 91, 111, 121, 125, 123, 127, 127, 127, 116, 99, 71, 78, 67, 44, 41, 29, 27, 4, 0, 0, 0, 4, 22, 43, 41, 43, 64, 67, 90, 108, 119, 117, 127, 127, 120, 98, 87]"
In-Distribution,20,exact_guidance_u,254,0,92,91,"[129, 120, 123, 126, 127, 122, 118, 107, 105, 70, 65, 57, 35, 27, 14, 11, 14, 2, 0, 3, 5, 23, 21, 43, 63, 79, 81, 98, 94, 121, 116, 127, 127, 127, 123, 108, 113, 93, 84, 78, 55, 33, 28, 32, 4, 3, 0, 0, 2, 3, 15, 14, 46, 66, 80, 91, 111, 121, 125, 123, 127, 127, 127, 116, 99, 71, 78, 67, 44, 41, 29, 27, 4, 0, 0, 0, 4, 22, 43, 41, 43, 64, 67, 90, 108, 119, 117, 127, 127, 120, 98, 87]","[120, 123, 126, 127, 122, 118, 107, 105, 70, 65, 57, 35, 27, 14, 11, 14, 2, 0, 3, 5, 23, 21, 43, 63, 79, 81, 98, 94, 121, 116, 127, 127, 127, 123, 108, 113, 93, 84, 78, 55, 33, 28, 32, 4, 3, 0, 0, 2, 3, 15, 14, 46, 66, 80, 91, 111, 121, 125, 123, 127, 127, 127, 116, 99, 71, 78, 67, 44, 41, 29, 27, 4, 0, 0, 0, 4, 22, 43, 41, 43, 64, 67, 90, 108, 119, 117, 127, 127, 120, 98, 87]"
In-Distribution,20,exact_guidance_u,255,0,92,91,"[129, 120, 123, 126, 127, 122, 118, 107, 105, 70, 65, 57, 35, 27, 14, 11, 14, 2, 0, 3, 5, 23, 21, 43, 63, 79, 81, 98, 94, 121, 116, 127, 127, 127, 123, 108, 113, 93, 84, 78, 55, 33, 28, 32, 4, 3, 0, 0, 2, 3, 15, 14, 46, 66, 80, 91, 111, 121, 125, 123, 127, 127, 127, 116, 99, 71, 78, 67, 44, 41, 29, 27, 4, 0, 0, 0, 4, 22, 43, 41, 43, 64, 67, 90, 108, 119, 117, 127, 127, 120, 98, 87]","[120, 123, 126, 127, 122, 118, 107, 105, 70, 65, 57, 35, 27, 14, 11, 14, 2, 0, 3, 5, 23, 21, 43, 63, 79, 81, 98, 94, 121, 116, 127, 127, 127, 123, 108, 113, 93, 84, 78, 55, 33, 28, 32, 4, 3, 0, 0, 2, 3, 15, 14, 46, 66, 80, 91, 111, 121, 125, 123, 127, 127, 127, 116, 99, 71, 78, 67, 44, 41, 29, 27, 4, 0, 0, 0, 4, 22, 43, 41, 43, 64, 67, 90, 108, 119, 117, 127, 127, 120, 98, 87]"
In-Distribution,20,exact_guidance_u,256,0,92,91,"[129, 120, 123, 126, 127, 122, 118, 107, 105, 70, 65, 57, 35, 27, 14, 11, 14, 2, 0, 3, 5, 23, 21, 43, 63, 79, 81, 98, 94, 121, 116, 127, 127, 127, 123, 108, 113, 93, 84, 78, 55, 33, 28, 32, 4, 3, 0, 0, 2, 3, 15, 14, 46, 66, 80, 91, 111, 121, 125, 123, 127, 127, 127, 116, 99, 71, 78, 67, 44, 41, 29, 27, 4, 0, 0, 0, 4, 22, 43, 41, 43, 64, 67, 90, 108, 119, 117, 127, 127, 120, 98, 87]","[120, 123, 126, 127, 122, 118, 107, 105, 70, 65, 57, 35, 27, 14, 11, 14, 2, 0, 3, 5, 23, 21, 43, 63, 79, 81, 98, 94, 121, 116, 127, 127, 127, 123, 108, 113, 93, 84, 78, 55, 33, 28, 32, 4, 3, 0, 0, 2, 3, 15, 14, 46, 66, 80, 91, 111, 121, 125, 123, 127, 127, 127, 116, 99, 71, 78, 67, 44, 41, 29, 27, 4, 0, 0, 0, 4, 22, 43, 41, 43, 64, 67, 90, 108, 119, 117, 127, 127, 120, 98, 87]"
In-Distribution,20,exact_guidance_u,257,0,93,92,"[129, 120, 123, 126, 127, 122, 118, 107, 105, 70, 65, 57, 35, 27, 14, 11, 14, 2, 0, 3, 5, 23, 21, 43, 63, 79, 81, 98, 94, 121, 116, 127, 127, 127, 123, 108, 113, 93, 84, 78, 55, 33, 28, 32, 4, 3, 0, 0, 2, 3, 15, 14, 46, 66, 80, 91, 111, 121, 125, 123, 127, 127, 127, 116, 99, 71, 78, 67, 44, 41, 29, 27, 4, 0, 0, 0, 4, 22, 43, 41, 43, 64, 67, 90, 108, 119, 117, 127, 127, 120, 127, 98, 87]","[120, 123, 126, 127, 122, 118, 107, 105, 70, 65, 57, 35, 27, 14, 11, 14, 2, 0, 3, 5, 23, 21, 43, 63, 79, 81, 98, 94, 121, 116, 127, 127, 127, 123, 108, 113, 93, 84, 78, 55, 33, 28, 32, 4, 3, 0, 0, 2, 3, 15, 14, 46, 66, 80, 91, 111, 121, 125, 123, 127, 127, 127, 116, 99, 71, 78, 67, 44, 41, 29, 27, 4, 0, 0, 0, 4, 22, 43, 41, 43, 64, 67, 90, 108, 119, 117, 127, 127, 120, 127, 98, 87]"
In-Distribution,20,exact_guidance_u,258,0,93,92,"[129, 120, 123, 126, 127, 122, 118, 107, 105, 70, 65, 57, 35, 27, 14, 11, 14, 2, 0, 3, 5, 23, 21, 43, 63, 79, 81, 98, 94, 121, 116, 127, 127, 127, 123, 108, 113, 93, 84, 78, 55, 33, 28, 32, 4, 3, 0, 0, 2, 3, 15, 14, 46, 66, 80, 91, 111, 121, 125, 123, 127, 127, 127, 116, 99, 71, 78, 67, 44, 41, 29, 27, 4, 0, 0, 0, 4, 22, 43, 41, 43, 64, 67, 90, 108, 119, 117, 127, 127, 120, 127, 98, 87]","[120, 123, 126, 127, 122, 118, 107, 105, 70, 65, 57, 35, 27, 14, 11, 14, 2, 0, 3, 5, 23, 21, 43, 63, 79, 81, 98, 94, 121, 116, 127, 127, 127, 123, 108, 113, 93, 84, 78, 55, 33, 28, 32, 4, 3, 0, 0, 2, 3, 15, 14, 46, 66, 80, 91, 111, 121, 125, 123, 127, 127, 127, 116, 99, 71, 78, 67, 44, 41, 29, 27, 4, 0, 0, 0, 4, 22, 43, 41, 43, 64, 67, 90, 108, 119, 117, 127, 127, 120, 127, 98, 87]"
In-Distribution,20,exact_guidance_u,259,0,93,92,"[129, 120, 123, 126, 127, 122, 118, 107, 105, 70, 65, 57, 35, 27, 14, 11, 14, 2, 0, 3, 5, 23, 21, 43, 63, 79, 81, 98, 94, 121, 116, 127, 127, 127, 123, 108, 113, 93, 84, 78, 55, 33, 28, 32, 4, 3, 0, 0, 2, 3, 15, 14, 46, 66, 80, 91, 111, 121, 125, 123, 127, 127, 127, 116, 99, 71, 78, 67, 44, 41, 29, 27, 4, 0, 0, 0, 4, 22, 43, 41, 43, 64, 67, 90, 108, 119, 117, 127, 127, 120, 127, 98, 87]","[120, 123, 126, 127, 122, 118, 107, 105, 70, 65, 57, 35, 27, 14, 11, 14, 2, 0, 3, 5, 23, 21, 43, 63, 79, 81, 98, 94, 121, 116, 127, 127, 127, 123, 108, 113, 93, 84, 78, 55, 33, 28, 32, 4, 3, 0, 0, 2, 3, 15, 14, 46, 66, 80, 91, 111, 121, 125, 123, 127, 127, 127, 116, 99, 71, 78, 67, 44, 41, 29, 27, 4, 0, 0, 0, 4, 22, 43, 41, 43, 64, 67, 90, 108, 119, 117, 127, 127, 120, 127, 98, 87]"
In-Distribution,20,exact_guidance_u,260,0,93,92,"[129, 120, 123, 126, 127, 122, 118, 107, 105, 70, 65, 57, 35, 27, 14, 11, 14, 2, 0, 3, 5, 23, 21, 43, 63, 79, 81, 98, 94, 121, 116, 127, 127, 127, 123, 108, 113, 93, 84, 78, 55, 33, 28, 32, 4, 3, 0, 0, 2, 3, 15, 14, 46, 66, 80, 91, 111, 121, 125, 123, 127, 127, 127, 116, 99, 71, 78, 67, 44, 41, 29, 27, 4, 0, 0, 0, 4, 22, 43, 41, 43, 64, 67, 90, 108, 119, 117, 127, 127, 120, 127, 98, 87]","[120, 123, 126, 127, 122, 118, 107, 105, 70, 65, 57, 35, 27, 14, 11, 14, 2, 0, 3, 5, 23, 21, 43, 63, 79, 81, 98, 94, 121, 116, 127, 127, 127, 123, 108, 113, 93, 84, 78, 55, 33, 28, 32, 4, 3, 0, 0, 2, 3, 15, 14, 46, 66, 80, 91, 111, 121, 125, 123, 127, 127, 127, 116, 99, 71, 78, 67, 44, 41, 29, 27, 4, 0, 0, 0, 4, 22, 43, 41, 43, 64, 67, 90, 108, 119, 117, 127, 127, 120, 127, 98, 87]"
In-Distribution,20,exact_guidance_u,261,0,94,93,"[129, 120, 123, 126, 127, 122, 118, 107, 105, 70, 65, 57, 35, 27, 14, 11, 14, 2, 0, 3, 5, 23, 21, 43, 63, 79, 81, 98, 94, 121, 116, 127, 127, 127, 123, 108, 113, 93, 84, 78, 55, 33, 28, 32, 4, 3, 0, 0, 2, 3, 15, 14, 46, 66, 80, 91, 111, 121, 125, 123, 127, 127, 127, 116, 99, 71, 78, 67, 44, 41, 29, 27, 4, 0, 0, 0, 4, 22, 43, 41, 43, 64, 67, 90, 103, 108, 119, 117, 127, 127, 120, 127, 98, 87]","[120, 123, 126, 127, 122, 118, 107, 105, 70, 65, 57, 35, 27, 14, 11, 14, 2, 0, 3, 5, 23, 21, 43, 63, 79, 81, 98, 94, 121, 116, 127, 127, 127, 123, 108, 113, 93, 84, 78, 55, 33, 28, 32, 4, 3, 0, 0, 2, 3, 15, 14, 46, 66, 80, 91, 111, 121, 125, 123, 127, 127, 127, 116, 99, 71, 78, 67, 44, 41, 29, 27, 4, 0, 0, 0, 4, 22, 43, 41, 43, 64, 67, 90, 103, 108, 119, 117, 127, 127, 120, 127, 98, 87]"
In-Distribution,20,exact_guidance_u,262,0,95,94,"[129, 120, 123, 126, 127, 122, 118, 107, 105, 70, 65, 57, 35, 27, 14, 11, 14, 2, 0, 3, 5, 23, 21, 43, 63, 79, 81, 98, 94, 121, 116, 127, 127, 127, 123, 108, 113, 93, 84, 78, 55, 33, 28, 32, 4, 3, 0, 0, 2, 3, 15, 14, 45, 46, 66, 80, 91, 111, 121, 125, 123, 127, 127, 127, 116, 99, 71, 78, 67, 44, 41, 29, 27, 4, 0, 0, 0, 4, 22, 43, 41, 43, 64, 67, 90, 103, 108, 119, 117, 127, 127, 120, 127, 98, 87]","[120, 123, 126, 127, 122, 118, 107, 105, 70, 65, 57, 35, 27, 14, 11, 14, 2, 0, 3, 5, 23, 21, 43, 63, 79, 81, 98, 94, 121, 116, 127, 127, 127, 123, 108, 113, 93, 84, 78, 55, 33, 28, 32, 4, 3, 0, 0, 2, 3, 15, 14, 45, 46, 66, 80, 91, 111, 121, 125, 123, 127, 127, 127, 116, 99, 71, 78, 67, 44, 41, 29, 27, 4, 0, 0, 0, 4, 22, 43, 41, 43, 64, 67, 90, 103, 108, 119, 117, 127, 127, 120, 127, 98, 87]"
In-Distribution,20,exact_guidance_u,263,0,95,94,"[129, 120, 123, 126, 127, 122, 118, 107, 105, 70, 65, 57, 35, 27, 14, 11, 14, 2, 0, 3, 5, 23, 21, 43, 63, 79, 81, 98, 94, 121, 116, 127, 127, 127, 123, 108, 113, 93, 84, 78, 55, 33, 28, 32, 4, 3, 0, 0, 2, 3, 15, 14, 45, 46, 66, 80, 91, 111, 121, 125, 123, 127, 127, 127, 116, 99, 71, 78, 67, 44, 41, 29, 27, 4, 0, 0, 0, 4, 22, 43, 41, 43, 64, 67, 90, 103, 108, 119, 117, 127, 127, 120, 127, 98, 87]","[120, 123, 126, 127, 122, 118, 107, 105, 70, 65, 57, 35, 27, 14, 11, 14, 2, 0, 3, 5, 23, 21, 43, 63, 79, 81, 98, 94, 121, 116, 127, 127, 127, 123, 108, 113, 93, 84, 78, 55, 33, 28, 32, 4, 3, 0, 0, 2, 3, 15, 14, 45, 46, 66, 80, 91, 111, 121, 125, 123, 127, 127, 127, 116, 99, 71, 78, 67, 44, 41, 29, 27, 4, 0, 0, 0, 4, 22, 43, 41, 43, 64, 67, 90, 103, 108, 119, 117, 127, 127, 120, 127, 98, 87]"
In-Distribution,20,exact_guidance_u,264,0,95,94,"[129, 120, 123, 126, 127, 122, 118, 107, 105, 70, 65, 57, 35, 27, 14, 11, 14, 2, 0, 3, 5, 23, 21, 43, 63, 79, 81, 98, 94, 121, 116, 127, 127, 127, 123, 108, 113, 93, 84, 78, 55, 33, 28, 32, 4, 3, 0, 0, 2, 3, 15, 14, 45, 46, 66, 80, 91, 111, 121, 125, 123, 127, 127, 127, 116, 99, 71, 78, 67, 44, 41, 29, 27, 4, 0, 0, 0, 4, 22, 43, 41, 43, 64, 67, 90, 103, 108, 119, 117, 127, 127, 120, 127, 98, 87]","[120, 123, 126, 127, 122, 118, 107, 105, 70, 65, 57, 35, 27, 14, 11, 14, 2, 0, 3, 5, 23, 21, 43, 63, 79, 81, 98, 94, 121, 116, 127, 127, 127, 123, 108, 113, 93, 84, 78, 55, 33, 28, 32, 4, 3, 0, 0, 2, 3, 15, 14, 45, 46, 66, 80, 91, 111, 121, 125, 123, 127, 127, 127, 116, 99, 71, 78, 67, 44, 41, 29, 27, 4, 0, 0, 0, 4, 22, 43, 41, 43, 64, 67, 90, 103, 108, 119, 117, 127, 127, 120, 127, 98, 87]"
In-Distribution,20,exact_guidance_u,265,0,95,94,"[129, 120, 123, 126, 127, 122, 118, 107, 105, 70, 65, 57, 35, 27, 14, 11, 14, 2, 0, 3, 5, 23, 21, 43, 63, 79, 81, 98, 94, 121, 116, 127, 127, 127, 123, 108, 113, 93, 84, 78, 55, 33, 28, 32, 4, 3, 0, 0, 2, 3, 15, 14, 45, 46, 66, 80, 91, 111, 121, 125, 123, 127, 127, 127, 116, 99, 71, 78, 67, 44, 41, 29, 27, 4, 0, 0, 0, 4, 22, 43, 41, 43, 64, 67, 90, 103, 108, 119, 117, 127, 127, 120, 127, 98, 87]","[120, 123, 126, 127, 122, 118, 107, 105, 70, 65, 57, 35, 27, 14, 11, 14, 2, 0, 3, 5, 23, 21, 43, 63, 79, 81, 98, 94, 121, 116, 127, 127, 127, 123, 108, 113, 93, 84, 78, 55, 33, 28, 32, 4, 3, 0, 0, 2, 3, 15, 14, 45, 46, 66, 80, 91, 111, 121, 125, 123, 127, 127, 127, 116, 99, 71, 78, 67, 44, 41, 29, 27, 4, 0, 0, 0, 4, 22, 43, 41, 43, 64, 67, 90, 103, 108, 119, 117, 127, 127, 120, 127, 98, 87]"
In-Distribution,20,exact_guidance_u,266,0,95,94,"[129, 120, 123, 126, 127, 122, 118, 107, 105, 70, 65, 57, 35, 27, 14, 11, 14, 2, 0, 3, 5, 23, 21, 43, 63, 79, 81, 98, 94, 121, 116, 127, 127, 127, 123, 108, 113, 93, 84, 78, 55, 33, 28, 32, 4, 3, 0, 0, 2, 3, 15, 14, 45, 46, 66, 80, 91, 111, 121, 125, 123, 127, 127, 127, 116, 99, 71, 78, 67, 44, 41, 29, 27, 4, 0, 0, 0, 4, 22, 43, 41, 43, 64, 67, 90, 103, 108, 119, 117, 127, 127, 120, 127, 98, 87]","[120, 123, 126, 127, 122, 118, 107, 105, 70, 65, 57, 35, 27, 14, 11, 14, 2, 0, 3, 5, 23, 21, 43, 63, 79, 81, 98, 94, 121, 116, 127, 127, 127, 123, 108, 113, 93, 84, 78, 55, 33, 28, 32, 4, 3, 0, 0, 2, 3, 15, 14, 45, 46, 66, 80, 91, 111, 121, 125, 123, 127, 127, 127, 116, 99, 71, 78, 67, 44, 41, 29, 27, 4, 0, 0, 0, 4, 22, 43, 41, 43, 64, 67, 90, 103, 108, 119, 117, 127, 127, 120, 127, 98, 87]"
In-Distribution,20,exact_guidance_u,267,0,95,94,"[129, 120, 123, 126, 127, 122, 118, 107, 105, 70, 65, 57, 35, 27, 14, 11, 14, 2, 0, 3, 5, 23, 21, 43, 63, 79, 81, 98, 94, 121, 116, 127, 127, 127, 123, 108, 113, 93, 84, 78, 55, 33, 28, 32, 4, 3, 0, 0, 2, 3, 15, 14, 45, 46, 66, 80, 91, 111, 121, 125, 123, 127, 127, 127, 116, 99, 71, 78, 67, 44, 41, 29, 27, 4, 0, 0, 0, 4, 22, 43, 41, 43, 64, 67, 90, 103, 108, 119, 117, 127, 127, 120, 127, 98, 87]","[120, 123, 126, 127, 122, 118, 107, 105, 70, 65, 57, 35, 27, 14, 11, 14, 2, 0, 3, 5, 23, 21, 43, 63, 79, 81, 98, 94, 121, 116, 127, 127, 127, 123, 108, 113, 93, 84, 78, 55, 33, 28, 32, 4, 3, 0, 0, 2, 3, 15, 14, 45, 46, 66, 80, 91, 111, 121, 125, 123, 127, 127, 127, 116, 99, 71, 78, 67, 44, 41, 29, 27, 4, 0, 0, 0, 4, 22, 43, 41, 43, 64, 67, 90, 103, 108, 119, 117, 127, 127, 120, 127, 98, 87]"
In-Distribution,20,exact_guidance_u,268,0,95,94,"[129, 120, 123, 126, 127, 122, 118, 107, 105, 70, 65, 57, 35, 27, 14, 11, 14, 2, 0, 3, 5, 23, 21, 43, 63, 79, 81, 98, 94, 121, 116, 127, 127, 127, 123, 108, 113, 93, 84, 78, 55, 33, 28, 32, 4, 3, 0, 0, 2, 3, 15, 14, 45, 46, 66, 80, 91, 111, 121, 125, 123, 127, 127, 127, 116, 99, 71, 78, 67, 44, 41, 29, 27, 4, 0, 0, 0, 4, 22, 43, 41, 43, 64, 67, 90, 103, 108, 119, 117, 127, 127, 120, 127, 98, 87]","[120, 123, 126, 127, 122, 118, 107, 105, 70, 65, 57, 35, 27, 14, 11, 14, 2, 0, 3, 5, 23, 21, 43, 63, 79, 81, 98, 94, 121, 116, 127, 127, 127, 123, 108, 113, 93, 84, 78, 55, 33, 28, 32, 4, 3, 0, 0, 2, 3, 15, 14, 45, 46, 66, 80, 91, 111, 121, 125, 123, 127, 127, 127, 116, 99, 71, 78, 67, 44, 41, 29, 27, 4, 0, 0, 0, 4, 22, 43, 41, 43, 64, 67, 90, 103, 108, 119, 117, 127, 127, 120, 127, 98, 87]"
In-Distribution,20,exact_guidance_u,269,0,95,94,"[129, 120, 123, 126, 127, 122, 118, 107, 105, 70, 65, 57, 35, 27, 14, 11, 14, 2, 0, 3, 5, 23, 21, 43, 63, 79, 81, 98, 94, 121, 116, 127, 127, 127, 123, 108, 113, 93, 84, 78, 55, 33, 28, 32, 4, 3, 0, 0, 2, 3, 15, 14, 45, 46, 66, 80, 91, 111, 121, 125, 123, 127, 127, 127, 116, 99, 71, 78, 67, 44, 41, 29, 27, 4, 0, 0, 0, 4, 22, 43, 41, 43, 64, 67, 90, 103, 108, 119, 117, 127, 127, 120, 127, 98, 87]","[120, 123, 126, 127, 122, 118, 107, 105, 70, 65, 57, 35, 27, 14, 11, 14, 2, 0, 3, 5, 23, 21, 43, 63, 79, 81, 98, 94, 121, 116, 127, 127, 127, 123, 108, 113, 93, 84, 78, 55, 33, 28, 32, 4, 3, 0, 0, 2, 3, 15, 14, 45, 46, 66, 80, 91, 111, 121, 125, 123, 127, 127, 127, 116, 99, 71, 78, 67, 44, 41, 29, 27, 4, 0, 0, 0, 4, 22, 43, 41, 43, 64, 67, 90, 103, 108, 119, 117, 127, 127, 120, 127, 98, 87]"
In-Distribution,20,exact_guidance_u,270,0,95,94,"[129, 120, 123, 126, 127, 122, 118, 107, 105, 70, 65, 57, 35, 27, 14, 11, 14, 2, 0, 3, 5, 23, 21, 43, 63, 79, 81, 98, 94, 121, 116, 127, 127, 127, 123, 108, 113, 93, 84, 78, 55, 33, 28, 32, 4, 3, 0, 0, 2, 3, 15, 14, 45, 46, 66, 80, 91, 111, 121, 125, 123, 127, 127, 127, 116, 99, 71, 78, 67, 44, 41, 29, 27, 4, 0, 0, 0, 4, 22, 43, 41, 43, 64, 67, 90, 103, 108, 119, 117, 127, 127, 120, 127, 98, 87]","[120, 123, 126, 127, 122, 118, 107, 105, 70, 65, 57, 35, 27, 14, 11, 14, 2, 0, 3, 5, 23, 21, 43, 63, 79, 81, 98, 94, 121, 116, 127, 127, 127, 123, 108, 113, 93, 84, 78, 55, 33, 28, 32, 4, 3, 0, 0, 2, 3, 15, 14, 45, 46, 66, 80, 91, 111, 121, 125, 123, 127, 127, 127, 116, 99, 71, 78, 67, 44, 41, 29, 27, 4, 0, 0, 0, 4, 22, 43, 41, 43, 64, 67, 90, 103, 108, 119, 117, 127, 127, 120, 127, 98, 87]"
In-Distribution,20,exact_guidance_u,271,0,95,94,"[129, 120, 123, 126, 127, 122, 118, 107, 105, 70, 65, 57, 35, 27, 14, 11, 14, 2, 0, 3, 5, 23, 21, 43, 63, 79, 81, 98, 94, 121, 116, 127, 127, 127, 123, 108, 113, 93, 84, 78, 55, 33, 28, 32, 4, 3, 0, 0, 2, 3, 15, 14, 45, 46, 66, 80, 91, 111, 121, 125, 123, 127, 127, 127, 116, 99, 71, 78, 67, 44, 41, 29, 27, 4, 0, 0, 0, 4, 22, 43, 41, 43, 64, 67, 90, 103, 108, 119, 117, 127, 127, 120, 127, 98, 87]","[120, 123, 126, 127, 122, 118, 107, 105, 70, 65, 57, 35, 27, 14, 11, 14, 2, 0, 3, 5, 23, 21, 43, 63, 79, 81, 98, 94, 121, 116, 127, 127, 127, 123, 108, 113, 93, 84, 78, 55, 33, 28, 32, 4, 3, 0, 0, 2, 3, 15, 14, 45, 46, 66, 80, 91, 111, 121, 125, 123, 127, 127, 127, 116, 99, 71, 78, 67, 44, 41, 29, 27, 4, 0, 0, 0, 4, 22, 43, 41, 43, 64, 67, 90, 103, 108, 119, 117, 127, 127, 120, 127, 98, 87]"
In-Distribution,20,exact_guidance_u,272,0,95,94,"[129, 120, 123, 126, 127, 122, 118, 107, 105, 70, 65, 57, 35, 27, 14, 11, 14, 2, 0, 3, 5, 23, 21, 43, 63, 79, 81, 98, 94, 121, 116, 127, 127, 127, 123, 108, 113, 93, 84, 78, 55, 33, 28, 32, 4, 3, 0, 0, 2, 3, 15, 14, 45, 46, 66, 80, 91, 111, 121, 125, 123, 127, 127, 127, 116, 99, 71, 78, 67, 44, 41, 29, 27, 4, 0, 0, 0, 4, 22, 43, 41, 43, 64, 67, 90, 103, 108, 119, 117, 127, 127, 120, 127, 98, 87]","[120, 123, 126, 127, 122, 118, 107, 105, 70, 65, 57, 35, 27, 14, 11, 14, 2, 0, 3, 5, 23, 21, 43, 63, 79, 81, 98, 94, 121, 116, 127, 127, 127, 123, 108, 113, 93, 84, 78, 55, 33, 28, 32, 4, 3, 0, 0, 2, 3, 15, 14, 45, 46, 66, 80, 91, 111, 121, 125, 123, 127, 127, 127, 116, 99, 71, 78, 67, 44, 41, 29, 27, 4, 0, 0, 0, 4, 22, 43, 41, 43, 64, 67, 90, 103, 108, 119, 117, 127, 127, 120, 127, 98, 87]"
In-Distribution,20,exact_guidance_u,273,0,95,94,"[129, 120, 123, 126, 127, 122, 118, 107, 105, 70, 65, 57, 35, 27, 14, 11, 14, 2, 0, 3, 5, 23, 21, 43, 63, 79, 81, 98, 94, 121, 116, 127, 127, 127, 123, 108, 113, 93, 84, 78, 55, 33, 28, 32, 4, 3, 0, 0, 2, 3, 15, 14, 45, 46, 66, 80, 91, 111, 121, 125, 123, 127, 127, 127, 116, 99, 71, 78, 67, 44, 41, 29, 27, 4, 0, 0, 0, 4, 22, 43, 41, 43, 64, 67, 90, 103, 108, 119, 117, 127, 127, 120, 127, 98, 87]","[120, 123, 126, 127, 122, 118, 107, 105, 70, 65, 57, 35, 27, 14, 11, 14, 2, 0, 3, 5, 23, 21, 43, 63, 79, 81, 98, 94, 121, 116, 127, 127, 127, 123, 108, 113, 93, 84, 78, 55, 33, 28, 32, 4, 3, 0, 0, 2, 3, 15, 14, 45, 46, 66, 80, 91, 111, 121, 125, 123, 127, 127, 127, 116, 99, 71, 78, 67, 44, 41, 29, 27, 4, 0, 0, 0, 4, 22, 43, 41, 43, 64, 67, 90, 103, 108, 119, 117, 127, 127, 120, 127, 98, 87]"
In-Distribution,20,exact_guidance_u,274,0,95,94,"[129, 120, 123, 126, 127, 122, 118, 107, 105, 70, 65, 57, 35, 27, 14, 11, 14, 2, 0, 3, 5, 23, 21, 43, 63, 79, 81, 98, 94, 121, 116, 127, 127, 127, 123, 108, 113, 93, 84, 78, 55, 33, 28, 32, 4, 3, 0, 0, 2, 3, 15, 14, 45, 46, 66, 80, 91, 111, 121, 125, 123, 127, 127, 127, 116, 99, 71, 78, 67, 44, 41, 29, 27, 4, 0, 0, 0, 4, 22, 43, 41, 43, 64, 67, 90, 103, 108, 119, 117, 127, 127, 120, 127, 98, 87]","[120, 123, 126, 127, 122, 118, 107, 105, 70, 65, 57, 35, 27, 14, 11, 14, 2, 0, 3, 5, 23, 21, 43, 63, 79, 81, 98, 94, 121, 116, 127, 127, 127, 123, 108, 113, 93, 84, 78, 55, 33, 28, 32, 4, 3, 0, 0, 2, 3, 15, 14, 45, 46, 66, 80, 91, 111, 121, 125, 123, 127, 127, 127, 116, 99, 71, 78, 67, 44, 41, 29, 27, 4, 0, 0, 0, 4, 22, 43, 41, 43, 64, 67, 90, 103, 108, 119, 117, 127, 127, 120, 127, 98, 87]"
In-Distribution,20,exact_guidance_u,275,0,95,94,"[129, 120, 123, 126, 127, 122, 118, 107, 105, 70, 65, 57, 35, 27, 14, 11, 14, 2, 0, 3, 5, 23, 21, 43, 63, 79, 81, 98, 94, 121, 116, 127, 127, 127, 123, 108, 113, 93, 84, 78, 55, 33, 28, 32, 4, 3, 0, 0, 2, 3, 15, 14, 45, 46, 66, 80, 91, 111, 121, 125, 123, 127, 127, 127, 116, 99, 71, 78, 67, 44, 41, 29, 27, 4, 0, 0, 0, 4, 22, 43, 41, 43, 64, 67, 90, 103, 108, 119, 117, 127, 127, 120, 127, 98, 87]","[120, 123, 126, 127, 122, 118, 107, 105, 70, 65, 57, 35, 27, 14, 11, 14, 2, 0, 3, 5, 23, 21, 43, 63, 79, 81, 98, 94, 121, 116, 127, 127, 127, 123, 108, 113, 93, 84, 78, 55, 33, 28, 32, 4, 3, 0, 0, 2, 3, 15, 14, 45, 46, 66, 80, 91, 111, 121, 125, 123, 127, 127, 127, 116, 99, 71, 78, 67, 44, 41, 29, 27, 4, 0, 0, 0, 4, 22, 43, 41, 43, 64, 67, 90, 103, 108, 119, 117, 127, 127, 120, 127, 98, 87]"
In-Distribution,20,exact_guidance_u,276,0,95,94,"[129, 120, 123, 126, 127, 122, 118, 107, 105, 70, 65, 57, 35, 27, 14, 11, 14, 2, 0, 3, 5, 23, 21, 43, 63, 79, 81, 98, 94, 121, 116, 127, 127, 127, 123, 108, 113, 93, 84, 78, 55, 33, 28, 32, 4, 3, 0, 0, 2, 3, 15, 14, 45, 46, 66, 80, 91, 111, 121, 125, 123, 127, 127, 127, 116, 99, 71, 78, 67, 44, 41, 29, 27, 4, 0, 0, 0, 4, 22, 43, 41, 43, 64, 67, 90, 103, 108, 119, 117, 127, 127, 120, 127, 98, 87]","[120, 123, 126, 127, 122, 118, 107, 105, 70, 65, 57, 35, 27, 14, 11, 14, 2, 0, 3, 5, 23, 21, 43, 63, 79, 81, 98, 94, 121, 116, 127, 127, 127, 123, 108, 113, 93, 84, 78, 55, 33, 28, 32, 4, 3, 0, 0, 2, 3, 15, 14, 45, 46, 66, 80, 91, 111, 121, 125, 123, 127, 127, 127, 116, 99, 71, 78, 67, 44, 41, 29, 27, 4, 0, 0, 0, 4, 22, 43, 41, 43, 64, 67, 90, 103, 108, 119, 117, 127, 127, 120, 127, 98, 87]"
In-Distribution,20,exact_guidance_u,277,0,95,94,"[129, 120, 123, 126, 127, 122, 118, 107, 105, 70, 65, 57, 35, 27, 14, 11, 14, 2, 0, 3, 5, 23, 21, 43, 63, 79, 81, 98, 94, 121, 116, 127, 127, 127, 123, 108, 113, 93, 84, 78, 55, 33, 28, 32, 4, 3, 0, 0, 2, 3, 15, 14, 45, 46, 66, 80, 91, 111, 121, 125, 123, 127, 127, 127, 116, 99, 71, 78, 67, 44, 41, 29, 27, 4, 0, 0, 0, 4, 22, 43, 41, 43, 64, 67, 90, 103, 108, 119, 117, 127, 127, 120, 127, 98, 87]","[120, 123, 126, 127, 122, 118, 107, 105, 70, 65, 57, 35, 27, 14, 11, 14, 2, 0, 3, 5, 23, 21, 43, 63, 79, 81, 98, 94, 121, 116, 127, 127, 127, 123, 108, 113, 93, 84, 78, 55, 33, 28, 32, 4, 3, 0, 0, 2, 3, 15, 14, 45, 46, 66, 80, 91, 111, 121, 125, 123, 127, 127, 127, 116, 99, 71, 78, 67, 44, 41, 29, 27, 4, 0, 0, 0, 4, 22, 43, 41, 43, 64, 67, 90, 103, 108, 119, 117, 127, 127, 120, 127, 98, 87]"
In-Distribution,20,exact_guidance_u,278,0,95,94,"[129, 120, 123, 126, 127, 122, 118, 107, 105, 70, 65, 57, 35, 27, 14, 11, 14, 2, 0, 3, 5, 23, 21, 43, 63, 79, 81, 98, 94, 121, 116, 127, 127, 127, 123, 108, 113, 93, 84, 78, 55, 33, 28, 32, 4, 3, 0, 0, 2, 3, 15, 14, 45, 46, 66, 80, 91, 111, 121, 125, 123, 127, 127, 127, 116, 99, 71, 78, 67, 44, 41, 29, 27, 4, 0, 0, 0, 4, 22, 43, 41, 43, 64, 67, 90, 103, 108, 119, 117, 127, 127, 120, 127, 98, 87]","[120, 123, 126, 127, 122, 118, 107, 105, 70, 65, 57, 35, 27, 14, 11, 14, 2, 0, 3, 5, 23, 21, 43, 63, 79, 81, 98, 94, 121, 116, 127, 127, 127, 123, 108, 113, 93, 84, 78, 55, 33, 28, 32, 4, 3, 0, 0, 2, 3, 15, 14, 45, 46, 66, 80, 91, 111, 121, 125, 123, 127, 127, 127, 116, 99, 71, 78, 67, 44, 41, 29, 27, 4, 0, 0, 0, 4, 22, 43, 41, 43, 64, 67, 90, 103, 108, 119, 117, 127, 127, 120, 127, 98, 87]"
In-Distribution,20,exact_guidance_u,279,0,95,94,"[129, 120, 123, 126, 127, 122, 118, 107, 105, 70, 65, 57, 35, 27, 14, 11, 14, 2, 0, 3, 5, 23, 21, 43, 63, 79, 81, 98, 94, 121, 116, 127, 127, 127, 123, 108, 113, 93, 84, 78, 55, 33, 28, 32, 4, 3, 0, 0, 2, 3, 15, 14, 45, 46, 66, 80, 91, 111, 121, 125, 123, 127, 127, 127, 116, 99, 71, 78, 67, 44, 41, 29, 27, 4, 0, 0, 0, 4, 22, 43, 41, 43, 64, 67, 90, 103, 108, 119, 117, 127, 127, 120, 127, 98, 87]","[120, 123, 126, 127, 122, 118, 107, 105, 70, 65, 57, 35, 27, 14, 11, 14, 2, 0, 3, 5, 23, 21, 43, 63, 79, 81, 98, 94, 121, 116, 127, 127, 127, 123, 108, 113, 93, 84, 78, 55, 33, 28, 32, 4, 3, 0, 0, 2, 3, 15, 14, 45, 46, 66, 80, 91, 111, 121, 125, 123, 127, 127, 127, 116, 99, 71, 78, 67, 44, 41, 29, 27, 4, 0, 0, 0, 4, 22, 43, 41, 43, 64, 67, 90, 103, 108, 119, 117, 127, 127, 120, 127, 98, 87]"
In-Distribution,25,exact_guidance_u,0,0,1,0,[129],[]
In-Distribution,25,exact_guidance_u,1,0,2,1,"[129, 114]",[114]
In-Distribution,25,exact_guidance_u,2,0,4,3,"[129, 119, 114, 123]","[119, 114, 123]"
In-Distribution,25,exact_guidance_u,3,0,5,4,"[129, 119, 114, 123, 0]","[119, 114, 123, 0]"
In-Distribution,25,exact_guidance_u,4,0,7,6,"[129, 119, 114, 123, 7, 0, 127]","[119, 114, 123, 7, 0, 127]"
In-Distribution,25,exact_guidance_u,5,0,7,6,"[129, 119, 114, 123, 7, 0, 127]","[119, 114, 123, 7, 0, 127]"
In-Distribution,25,exact_guidance_u,6,0,11,10,"[129, 119, 0, 114, 123, 33, 7, 14, 0, 127, 112]","[119, 0, 114, 123, 33, 7, 14, 0, 127, 112]"
In-Distribution,25,exact_guidance_u,7,0,14,13,"[129, 119, 127, 0, 114, 127, 123, 72, 33, 7, 14, 0, 127, 112]","[119, 127, 0, 114, 127, 123, 72, 33, 7, 14, 0, 127, 112]"
In-Distribution,25,exact_guidance_u,8,0,17,16,"[129, 119, 127, 127, 0, 114, 127, 123, 112, 72, 33, 7, 14, 0, 0, 127, 112]","[119, 127, 127, 0, 114, 127, 123, 112, 72, 33, 7, 14, 0, 0, 127, 112]"
In-Distribution,25,exact_guidance_u,9,0,21,20,"[129, 119, 127, 127, 116, 0, 114, 127, 123, 127, 112, 72, 33, 7, 14, 0, 0, 0, 117, 127, 112]","[119, 127, 127, 116, 0, 114, 127, 123, 127, 112, 72, 33, 7, 14, 0, 0, 0, 117, 127, 112]"
In-Distribution,25,exact_guidance_u,10,0,23,22,"[129, 119, 127, 127, 116, 2, 0, 114, 127, 123, 127, 112, 72, 33, 7, 14, 0, 0, 0, 117, 127, 127, 112]","[119, 127, 127, 116, 2, 0, 114, 127, 123, 127, 112, 72, 33, 7, 14, 0, 0, 0, 117, 127, 127, 112]"
In-Distribution,25,exact_guidance_u,11,0,24,23,"[129, 119, 127, 127, 116, 107, 2, 0, 114, 127, 123, 127, 112, 72, 33, 7, 14, 0, 0, 0, 117, 127, 127, 112]","[119, 127, 127, 116, 107, 2, 0, 114, 127, 123, 127, 112, 72, 33, 7, 14, 0, 0, 0, 117, 127, 127, 112]"
In-Distribution,25,exact_guidance_u,12,0,26,25,"[129, 119, 127, 127, 116, 107, 2, 0, 114, 127, 123, 125, 127, 112, 72, 33, 7, 14, 0, 0, 0, 35, 117, 127, 127, 112]","[119, 127, 127, 116, 107, 2, 0, 114, 127, 123, 125, 127, 112, 72, 33, 7, 14, 0, 0, 0, 35, 117, 127, 127, 112]"
In-Distribution,25,exact_guidance_u,13,0,27,26,"[129, 52, 119, 127, 127, 116, 107, 2, 0, 114, 127, 123, 125, 127, 112, 72, 33, 7, 14, 0, 0, 0, 35, 117, 127, 127, 112]","[52, 119, 127, 127, 116, 107, 2, 0, 114, 127, 123, 125, 127, 112, 72, 33, 7, 14, 0, 0, 0, 35, 117, 127, 127, 112]"
In-Distribution,25,exact_guidance_u,14,0,27,26,"[129, 52, 119, 127, 127, 116, 107, 2, 0, 114, 127, 123, 125, 127, 112, 72, 33, 7, 14, 0, 0, 0, 35, 117, 127, 127, 112]","[52, 119, 127, 127, 116, 107, 2, 0, 114, 127, 123, 125, 127, 112, 72, 33, 7, 14, 0, 0, 0, 35, 117, 127, 127, 112]"
In-Distribution,25,exact_guidance_u,15,0,27,26,"[129, 52, 119, 127, 127, 116, 107, 2, 0, 114, 127, 123, 125, 127, 112, 72, 33, 7, 14, 0, 0, 0, 35, 117, 127, 127, 112]","[52, 119, 127, 127, 116, 107, 2, 0, 114, 127, 123, 125, 127, 112, 72, 33, 7, 14, 0, 0, 0, 35, 117, 127, 127, 112]"
In-Distribution,25,exact_guidance_u,16,0,29,28,"[129, 52, 119, 127, 127, 116, 107, 12, 2, 0, 23, 114, 127, 123, 125, 127, 112, 72, 33, 7, 14, 0, 0, 0, 35, 117, 127, 127, 112]","[52, 119, 127, 127, 116, 107, 12, 2, 0, 23, 114, 127, 123, 125, 127, 112, 72, 33, 7, 14, 0, 0, 0, 35, 117, 127, 127, 112]"
In-Distribution,25,exact_guidance_u,17,0,32,31,"[129, 52, 119, 127, 127, 116, 107, 69, 12, 2, 0, 23, 43, 114, 127, 123, 127, 125, 127, 112, 72, 33, 7, 14, 0, 0, 0, 35, 117, 127, 127, 112]","[52, 119, 127, 127, 116, 107, 69, 12, 2, 0, 23, 43, 114, 127, 123, 127, 125, 127, 112, 72, 33, 7, 14, 0, 0, 0, 35, 117, 127, 127, 112]"
In-Distribution,25,exact_guidance_u,18,0,32,31,"[129, 52, 119, 127, 127, 116, 107, 69, 12, 2, 0, 23, 43, 114, 127, 123, 127, 125, 127, 112, 72, 33, 7, 14, 0, 0, 0, 35, 117, 127, 127, 112]","[52, 119, 127, 127, 116, 107, 69, 12, 2, 0, 23, 43, 114, 127, 123, 127, 125, 127, 112, 72, 33, 7, 14, 0, 0, 0, 35, 117, 127, 127, 112]"
In-Distribution,25,exact_guidance_u,19,0,34,33,"[129, 52, 120, 119, 127, 127, 116, 107, 69, 12, 2, 0, 23, 43, 114, 127, 123, 127, 125, 127, 112, 72, 33, 7, 14, 0, 0, 0, 19, 35, 117, 127, 127, 112]","[52, 120, 119, 127, 127, 116, 107, 69, 12, 2, 0, 23, 43, 114, 127, 123, 127, 125, 127, 112, 72, 33, 7, 14, 0, 0, 0, 19, 35, 117, 127, 127, 112]"
In-Distribution,25,exact_guidance_u,20,0,34,33,"[129, 52, 120, 119, 127, 127, 116, 107, 69, 12, 2, 0, 23, 43, 114, 127, 123, 127, 125, 127, 112, 72, 33, 7, 14, 0, 0, 0, 19, 35, 117, 127, 127, 112]","[52, 120, 119, 127, 127, 116, 107, 69, 12, 2, 0, 23, 43, 114, 127, 123, 127, 125, 127, 112, 72, 33, 7, 14, 0, 0, 0, 19, 35, 117, 127, 127, 112]"
In-Distribution,25,exact_guidance_u,21,0,35,34,"[129, 52, 81, 120, 119, 127, 127, 116, 107, 69, 12, 2, 0, 23, 43, 114, 127, 123, 127, 125, 127, 112, 72, 33, 7, 14, 0, 0, 0, 19, 35, 117, 127, 127, 112]","[52, 81, 120, 119, 127, 127, 116, 107, 69, 12, 2, 0, 23, 43, 114, 127, 123, 127, 125, 127, 112, 72, 33, 7, 14, 0, 0, 0, 19, 35, 117, 127, 127, 112]"
In-Distribution,25,exact_guidance_u,22,0,36,35,"[129, 52, 76, 81, 120, 119, 127, 127, 116, 107, 69, 12, 2, 0, 23, 43, 114, 127, 123, 127, 125, 127, 112, 72, 33, 7, 14, 0, 0, 0, 19, 35, 117, 127, 127, 112]","[52, 76, 81, 120, 119, 127, 127, 116, 107, 69, 12, 2, 0, 23, 43, 114, 127, 123, 127, 125, 127, 112, 72, 33, 7, 14, 0, 0, 0, 19, 35, 117, 127, 127, 112]"
In-Distribution,25,exact_guidance_u,23,0,37,36,"[129, 52, 76, 81, 120, 119, 127, 127, 116, 107, 69, 12, 2, 0, 23, 43, 114, 127, 123, 127, 125, 127, 112, 72, 33, 7, 14, 0, 0, 0, 19, 35, 93, 117, 127, 127, 112]","[52, 76, 81, 120, 119, 127, 127, 116, 107, 69, 12, 2, 0, 23, 43, 114, 127, 123, 127, 125, 127, 112, 72, 33, 7, 14, 0, 0, 0, 19, 35, 93, 117, 127, 127, 112]"
In-Distribution,25,exact_guidance_u,24,0,39,38,"[129, 52, 76, 81, 120, 119, 127, 127, 116, 107, 69, 28, 12, 2, 0, 23, 43, 65, 114, 127, 123, 127, 125, 127, 112, 72, 33, 7, 14, 0, 0, 0, 19, 35, 93, 117, 127, 127, 112]","[52, 76, 81, 120, 119, 127, 127, 116, 107, 69, 28, 12, 2, 0, 23, 43, 65, 114, 127, 123, 127, 125, 127, 112, 72, 33, 7, 14, 0, 0, 0, 19, 35, 93, 117, 127, 127, 112]"
In-Distribution,25,exact_guidance_u,25,0,40,39,"[129, 52, 76, 81, 120, 119, 127, 127, 116, 107, 69, 28, 12, 2, 0, 23, 43, 65, 114, 127, 123, 127, 125, 127, 112, 90, 72, 33, 7, 14, 0, 0, 0, 19, 35, 93, 117, 127, 127, 112]","[52, 76, 81, 120, 119, 127, 127, 116, 107, 69, 28, 12, 2, 0, 23, 43, 65, 114, 127, 123, 127, 125, 127, 112, 90, 72, 33, 7, 14, 0, 0, 0, 19, 35, 93, 117, 127, 127, 112]"
In-Distribution,25,exact_guidance_u,26,0,41,40,"[129, 52, 76, 81, 120, 119, 127, 127, 116, 107, 69, 44, 28, 12, 2, 0, 23, 43, 65, 114, 127, 123, 127, 125, 127, 112, 90, 72, 33, 7, 14, 0, 0, 0, 19, 35, 93, 117, 127, 127, 112]","[52, 76, 81, 120, 119, 127, 127, 116, 107, 69, 44, 28, 12, 2, 0, 23, 43, 65, 114, 127, 123, 127, 125, 127, 112, 90, 72, 33, 7, 14, 0, 0, 0, 19, 35, 93, 117, 127, 127, 112]"
In-Distribution,25,exact_guidance_u,27,0,41,40,"[129, 52, 76, 81, 120, 119, 127, 127, 116, 107, 69, 44, 28, 12, 2, 0, 23, 43, 65, 114, 127, 123, 127, 125, 127, 112, 90, 72, 33, 7, 14, 0, 0, 0, 19, 35, 93, 117, 127, 127, 112]","[52, 76, 81, 120, 119, 127, 127, 116, 107, 69, 44, 28, 12, 2, 0, 23, 43, 65, 114, 127, 123, 127, 125, 127, 112, 90, 72, 33, 7, 14, 0, 0, 0, 19, 35, 93, 117, 127, 127, 112]"
In-Distribution,25,exact_guidance_u,28,0,42,41,"[129, 52, 76, 81, 120, 119, 127, 127, 116, 107, 69, 44, 28, 12, 2, 0, 23, 43, 65, 114, 127, 123, 127, 125, 127, 112, 90, 72, 33, 7, 14, 0, 0, 0, 19, 35, 56, 93, 117, 127, 127, 112]","[52, 76, 81, 120, 119, 127, 127, 116, 107, 69, 44, 28, 12, 2, 0, 23, 43, 65, 114, 127, 123, 127, 125, 127, 112, 90, 72, 33, 7, 14, 0, 0, 0, 19, 35, 56, 93, 117, 127, 127, 112]"
In-Distribution,25,exact_guidance_u,29,0,42,41,"[129, 52, 76, 81, 120, 119, 127, 127, 116, 107, 69, 44, 28, 12, 2, 0, 23, 43, 65, 114, 127, 123, 127, 125, 127, 112, 90, 72, 33, 7, 14, 0, 0, 0, 19, 35, 56, 93, 117, 127, 127, 112]","[52, 76, 81, 120, 119, 127, 127, 116, 107, 69, 44, 28, 12, 2, 0, 23, 43, 65, 114, 127, 123, 127, 125, 127, 112, 90, 72, 33, 7, 14, 0, 0, 0, 19, 35, 56, 93, 117, 127, 127, 112]"
In-Distribution,25,exact_guidance_u,30,0,42,41,"[129, 52, 76, 81, 120, 119, 127, 127, 116, 107, 69, 44, 28, 12, 2, 0, 23, 43, 65, 114, 127, 123, 127, 125, 127, 112, 90, 72, 33, 7, 14, 0, 0, 0, 19, 35, 56, 93, 117, 127, 127, 112]","[52, 76, 81, 120, 119, 127, 127, 116, 107, 69, 44, 28, 12, 2, 0, 23, 43, 65, 114, 127, 123, 127, 125, 127, 112, 90, 72, 33, 7, 14, 0, 0, 0, 19, 35, 56, 93, 117, 127, 127, 112]"
In-Distribution,25,exact_guidance_u,31,0,42,41,"[129, 52, 76, 81, 120, 119, 127, 127, 116, 107, 69, 44, 28, 12, 2, 0, 23, 43, 65, 114, 127, 123, 127, 125, 127, 112, 90, 72, 33, 7, 14, 0, 0, 0, 19, 35, 56, 93, 117, 127, 127, 112]","[52, 76, 81, 120, 119, 127, 127, 116, 107, 69, 44, 28, 12, 2, 0, 23, 43, 65, 114, 127, 123, 127, 125, 127, 112, 90, 72, 33, 7, 14, 0, 0, 0, 19, 35, 56, 93, 117, 127, 127, 112]"
In-Distribution,25,exact_guidance_u,32,0,42,41,"[129, 52, 76, 81, 120, 119, 127, 127, 116, 107, 69, 44, 28, 12, 2, 0, 23, 43, 65, 114, 127, 123, 127, 125, 127, 112, 90, 72, 33, 7, 14, 0, 0, 0, 19, 35, 56, 93, 117, 127, 127, 112]","[52, 76, 81, 120, 119, 127, 127, 116, 107, 69, 44, 28, 12, 2, 0, 23, 43, 65, 114, 127, 123, 127, 125, 127, 112, 90, 72, 33, 7, 14, 0, 0, 0, 19, 35, 56, 93, 117, 127, 127, 112]"
In-Distribution,25,exact_guidance_u,33,0,42,41,"[129, 52, 76, 81, 120, 119, 127, 127, 116, 107, 69, 44, 28, 12, 2, 0, 23, 43, 65, 114, 127, 123, 127, 125, 127, 112, 90, 72, 33, 7, 14, 0, 0, 0, 19, 35, 56, 93, 117, 127, 127, 112]","[52, 76, 81, 120, 119, 127, 127, 116, 107, 69, 44, 28, 12, 2, 0, 23, 43, 65, 114, 127, 123, 127, 125, 127, 112, 90, 72, 33, 7, 14, 0, 0, 0, 19, 35, 56, 93, 117, 127, 127, 112]"
In-Distribution,25,exact_guidance_u,34,0,43,42,"[129, 52, 76, 81, 120, 119, 127, 127, 116, 107, 69, 44, 28, 12, 2, 0, 23, 43, 65, 110, 114, 127, 123, 127, 125, 127, 112, 90, 72, 33, 7, 14, 0, 0, 0, 19, 35, 56, 93, 117, 127, 127, 112]","[52, 76, 81, 120, 119, 127, 127, 116, 107, 69, 44, 28, 12, 2, 0, 23, 43, 65, 110, 114, 127, 123, 127, 125, 127, 112, 90, 72, 33, 7, 14, 0, 0, 0, 19, 35, 56, 93, 117, 127, 127, 112]"
In-Distribution,25,exact_guidance_u,35,0,45,44,"[129, 52, 76, 81, 120, 119, 127, 127, 116, 107, 69, 69, 61, 44, 28, 12, 2, 0, 23, 43, 65, 110, 114, 127, 123, 127, 125, 127, 112, 90, 72, 33, 7, 14, 0, 0, 0, 19, 35, 56, 93, 117, 127, 127, 112]","[52, 76, 81, 120, 119, 127, 127, 116, 107, 69, 69, 61, 44, 28, 12, 2, 0, 23, 43, 65, 110, 114, 127, 123, 127, 125, 127, 112, 90, 72, 33, 7, 14, 0, 0, 0, 19, 35, 56, 93, 117, 127, 127, 112]"
In-Distribution,25,exact_guidance_u,36,0,46,45,"[129, 52, 76, 81, 120, 119, 127, 127, 116, 107, 69, 69, 61, 44, 28, 12, 2, 0, 23, 43, 65, 110, 114, 127, 123, 127, 125, 127, 112, 90, 72, 33, 7, 14, 0, 0, 0, 19, 35, 56, 73, 93, 117, 127, 127, 112]","[52, 76, 81, 120, 119, 127, 127, 116, 107, 69, 69, 61, 44, 28, 12, 2, 0, 23, 43, 65, 110, 114, 127, 123, 127, 125, 127, 112, 90, 72, 33, 7, 14, 0, 0, 0, 19, 35, 56, 73, 93, 117, 127, 127, 112]"
In-Distribution,25,exact_guidance_u,37,0,47,46,"[129, 52, 76, 81, 120, 119, 127, 127, 116, 107, 69, 69, 61, 44, 28, 12, 2, 0, 23, 43, 65, 110, 114, 127, 123, 127, 125, 127, 112, 90, 72, 33, 7, 14, 0, 0, 0, 19, 35, 56, 73, 93, 94, 117, 127, 127, 112]","[52, 76, 81, 120, 119, 127, 127, 116, 107, 69, 69, 61, 44, 28, 12, 2, 0, 23, 43, 65, 110, 114, 127, 123, 127, 125, 127, 112, 90, 72, 33, 7, 14, 0, 0, 0, 19, 35, 56, 73, 93, 94, 117, 127, 127, 112]"
In-Distribution,25,exact_guidance_u,38,0,48,47,"[129, 52, 76, 81, 120, 119, 127, 127, 116, 107, 69, 69, 61, 44, 28, 12, 2, 0, 23, 43, 65, 72, 110, 114, 127, 123, 127, 125, 127, 112, 90, 72, 33, 7, 14, 0, 0, 0, 19, 35, 56, 73, 93, 94, 117, 127, 127, 112]","[52, 76, 81, 120, 119, 127, 127, 116, 107, 69, 69, 61, 44, 28, 12, 2, 0, 23, 43, 65, 72, 110, 114, 127, 123, 127, 125, 127, 112, 90, 72, 33, 7, 14, 0, 0, 0, 19, 35, 56, 73, 93, 94, 117, 127, 127, 112]"
In-Distribution,25,exact_guidance_u,39,0,48,47,"[129, 52, 76, 81, 120, 119, 127, 127, 116, 107, 69, 69, 61, 44, 28, 12, 2, 0, 23, 43, 65, 72, 110, 114, 127, 123, 127, 125, 127, 112, 90, 72, 33, 7, 14, 0, 0, 0, 19, 35, 56, 73, 93, 94, 117, 127, 127, 112]","[52, 76, 81, 120, 119, 127, 127, 116, 107, 69, 69, 61, 44, 28, 12, 2, 0, 23, 43, 65, 72, 110, 114, 127, 123, 127, 125, 127, 112, 90, 72, 33, 7, 14, 0, 0, 0, 19, 35, 56, 73, 93, 94, 117, 127, 127, 112]"
In-Distribution,25,exact_guidance_u,40,0,50,49,"[129, 52, 76, 81, 120, 119, 127, 127, 116, 107, 69, 69, 61, 44, 28, 12, 6, 2, 0, 0, 23, 43, 65, 72, 110, 114, 127, 123, 127, 125, 127, 112, 90, 72, 33, 7, 14, 0, 0, 0, 19, 35, 56, 73, 93, 94, 117, 127, 127, 112]","[52, 76, 81, 120, 119, 127, 127, 116, 107, 69, 69, 61, 44, 28, 12, 6, 2, 0, 0, 23, 43, 65, 72, 110, 114, 127, 123, 127, 125, 127, 112, 90, 72, 33, 7, 14, 0, 0, 0, 19, 35, 56, 73, 93, 94, 117, 127, 127, 112]"
In-Distribution,25,exact_guidance_u,41,0,50,49,"[129, 52, 76, 81, 120, 119, 127, 127, 116, 107, 69, 69, 61, 44, 28, 12, 6, 2, 0, 0, 23, 43, 65, 72, 110, 114, 127, 123, 127, 125, 127, 112, 90, 72, 33, 7, 14, 0, 0, 0, 19, 35, 56, 73, 93, 94, 117, 127, 127, 112]","[52, 76, 81, 120, 119, 127, 127, 116, 107, 69, 69, 61, 44, 28, 12, 6, 2, 0, 0, 23, 43, 65, 72, 110, 114, 127, 123, 127, 125, 127, 112, 90, 72, 33, 7, 14, 0, 0, 0, 19, 35, 56, 73, 93, 94, 117, 127, 127, 112]"
In-Distribution,25,exact_guidance_u,42,0,51,50,"[129, 52, 76, 81, 120, 119, 127, 127, 116, 107, 69, 69, 61, 44, 28, 11, 12, 6, 2, 0, 0, 23, 43, 65, 72, 110, 114, 127, 123, 127, 125, 127, 112, 90, 72, 33, 7, 14, 0, 0, 0, 19, 35, 56, 73, 93, 94, 117, 127, 127, 112]","[52, 76, 81, 120, 119, 127, 127, 116, 107, 69, 69, 61, 44, 28, 11, 12, 6, 2, 0, 0, 23, 43, 65, 72, 110, 114, 127, 123, 127, 125, 127, 112, 90, 72, 33, 7, 14, 0, 0, 0, 19, 35, 56, 73, 93, 94, 117, 127, 127, 112]"
In-Distribution,25,exact_guidance_u,43,0,51,50,"[129, 52, 76, 81, 120, 119, 127, 127, 116, 107, 69, 69, 61, 44, 28, 11, 12, 6, 2, 0, 0, 23, 43, 65, 72, 110, 114, 127, 123, 127, 125, 127, 112, 90, 72, 33, 7, 14, 0, 0, 0, 19, 35, 56, 73, 93, 94, 117, 127, 127, 112]","[52, 76, 81, 120, 119, 127, 127, 116, 107, 69, 69, 61, 44, 28, 11, 12, 6, 2, 0, 0, 23, 43, 65, 72, 110, 114, 127, 123, 127, 125, 127, 112, 90, 72, 33, 7, 14, 0, 0, 0, 19, 35, 56, 73, 93, 94, 117, 127, 127, 112]"
In-Distribution,25,exact_guidance_u,44,0,51,50,"[129, 52, 76, 81, 120, 119, 127, 127, 116, 107, 69, 69, 61, 44, 28, 11, 12, 6, 2, 0, 0, 23, 43, 65, 72, 110, 114, 127, 123, 127, 125, 127, 112, 90, 72, 33, 7, 14, 0, 0, 0, 19, 35, 56, 73, 93, 94, 117, 127, 127, 112]","[52, 76, 81, 120, 119, 127, 127, 116, 107, 69, 69, 61, 44, 28, 11, 12, 6, 2, 0, 0, 23, 43, 65, 72, 110, 114, 127, 123, 127, 125, 127, 112, 90, 72, 33, 7, 14, 0, 0, 0, 19, 35, 56, 73, 93, 94, 117, 127, 127, 112]"
In-Distribution,25,exact_guidance_u,45,0,51,50,"[129, 52, 76, 81, 120, 119, 127, 127, 116, 107, 69, 69, 61, 44, 28, 11, 12, 6, 2, 0, 0, 23, 43, 65, 72, 110, 114, 127, 123, 127, 125, 127, 112, 90, 72, 33, 7, 14, 0, 0, 0, 19, 35, 56, 73, 93, 94, 117, 127, 127, 112]","[52, 76, 81, 120, 119, 127, 127, 116, 107, 69, 69, 61, 44, 28, 11, 12, 6, 2, 0, 0, 23, 43, 65, 72, 110, 114, 127, 123, 127, 125, 127, 112, 90, 72, 33, 7, 14, 0, 0, 0, 19, 35, 56, 73, 93, 94, 117, 127, 127, 112]"
In-Distribution,25,exact_guidance_u,46,0,53,52,"[129, 52, 76, 81, 120, 119, 127, 127, 116, 107, 69, 69, 61, 44, 28, 11, 12, 6, 2, 0, 0, 23, 43, 65, 72, 110, 114, 127, 123, 127, 125, 127, 112, 90, 72, 33, 28, 7, 14, 0, 0, 0, 19, 35, 43, 56, 73, 93, 94, 117, 127, 127, 112]","[52, 76, 81, 120, 119, 127, 127, 116, 107, 69, 69, 61, 44, 28, 11, 12, 6, 2, 0, 0, 23, 43, 65, 72, 110, 114, 127, 123, 127, 125, 127, 112, 90, 72, 33, 28, 7, 14, 0, 0, 0, 19, 35, 43, 56, 73, 93, 94, 117, 127, 127, 112]"
In-Distribution,25,exact_guidance_u,47,0,54,53,"[129, 52, 76, 81, 120, 119, 127, 127, 116, 107, 69, 69, 61, 44, 28, 11, 12, 6, 2, 0, 0, 23, 43, 65, 72, 110, 114, 127, 123, 127, 125, 127, 112, 90, 72, 33, 28, 7, 5, 14, 0, 0, 0, 19, 35, 43, 56, 73, 93, 94, 117, 127, 127, 112]","[52, 76, 81, 120, 119, 127, 127, 116, 107, 69, 69, 61, 44, 28, 11, 12, 6, 2, 0, 0, 23, 43, 65, 72, 110, 114, 127, 123, 127, 125, 127, 112, 90, 72, 33, 28, 7, 5, 14, 0, 0, 0, 19, 35, 43, 56, 73, 93, 94, 117, 127, 127, 112]"
In-Distribution,25,exact_guidance_u,48,0,54,53,"[129, 52, 76, 81, 120, 119, 127, 127, 116, 107, 69, 69, 61, 44, 28, 11, 12, 6, 2, 0, 0, 23, 43, 65, 72, 110, 114, 127, 123, 127, 125, 127, 112, 90, 72, 33, 28, 7, 5, 14, 0, 0, 0, 19, 35, 43, 56, 73, 93, 94, 117, 127, 127, 112]","[52, 76, 81, 120, 119, 127, 127, 116, 107, 69, 69, 61, 44, 28, 11, 12, 6, 2, 0, 0, 23, 43, 65, 72, 110, 114, 127, 123, 127, 125, 127, 112, 90, 72, 33, 28, 7, 5, 14, 0, 0, 0, 19, 35, 43, 56, 73, 93, 94, 117, 127, 127, 112]"
In-Distribution,25,exact_guidance_u,49,0,54,53,"[129, 52, 76, 81, 120, 119, 127, 127, 116, 107, 69, 69, 61, 44, 28, 11, 12, 6, 2, 0, 0, 23, 43, 65, 72, 110, 114, 127, 123, 127, 125, 127, 112, 90, 72, 33, 28, 7, 5, 14, 0, 0, 0, 19, 35, 43, 56, 73, 93, 94, 117, 127, 127, 112]","[52, 76, 81, 120, 119, 127, 127, 116, 107, 69, 69, 61, 44, 28, 11, 12, 6, 2, 0, 0, 23, 43, 65, 72, 110, 114, 127, 123, 127, 125, 127, 112, 90, 72, 33, 28, 7, 5, 14, 0, 0, 0, 19, 35, 43, 56, 73, 93, 94, 117, 127, 127, 112]"
In-Distribution,25,exact_guidance_u,50,0,54,53,"[129, 52, 76, 81, 120, 119, 127, 127, 116, 107, 69, 69, 61, 44, 28, 11, 12, 6, 2, 0, 0, 23, 43, 65, 72, 110, 114, 127, 123, 127, 125, 127, 112, 90, 72, 33, 28, 7, 5, 14, 0, 0, 0, 19, 35, 43, 56, 73, 93, 94, 117, 127, 127, 112]","[52, 76, 81, 120, 119, 127, 127, 116, 107, 69, 69, 61, 44, 28, 11, 12, 6, 2, 0, 0, 23, 43, 65, 72, 110, 114, 127, 123, 127, 125, 127, 112, 90, 72, 33, 28, 7, 5, 14, 0, 0, 0, 19, 35, 43, 56, 73, 93, 94, 117, 127, 127, 112]"
In-Distribution,25,exact_guidance_u,51,0,54,53,"[129, 52, 76, 81, 120, 119, 127, 127, 116, 107, 69, 69, 61, 44, 28, 11, 12, 6, 2, 0, 0, 23, 43, 65, 72, 110, 114, 127, 123, 127, 125, 127, 112, 90, 72, 33, 28, 7, 5, 14, 0, 0, 0, 19, 35, 43, 56, 73, 93, 94, 117, 127, 127, 112]","[52, 76, 81, 120, 119, 127, 127, 116, 107, 69, 69, 61, 44, 28, 11, 12, 6, 2, 0, 0, 23, 43, 65, 72, 110, 114, 127, 123, 127, 125, 127, 112, 90, 72, 33, 28, 7, 5, 14, 0, 0, 0, 19, 35, 43, 56, 73, 93, 94, 117, 127, 127, 112]"
In-Distribution,25,exact_guidance_u,52,0,54,53,"[129, 52, 76, 81, 120, 119, 127, 127, 116, 107, 69, 69, 61, 44, 28, 11, 12, 6, 2, 0, 0, 23, 43, 65, 72, 110, 114, 127, 123, 127, 125, 127, 112, 90, 72, 33, 28, 7, 5, 14, 0, 0, 0, 19, 35, 43, 56, 73, 93, 94, 117, 127, 127, 112]","[52, 76, 81, 120, 119, 127, 127, 116, 107, 69, 69, 61, 44, 28, 11, 12, 6, 2, 0, 0, 23, 43, 65, 72, 110, 114, 127, 123, 127, 125, 127, 112, 90, 72, 33, 28, 7, 5, 14, 0, 0, 0, 19, 35, 43, 56, 73, 93, 94, 117, 127, 127, 112]"
In-Distribution,25,exact_guidance_u,53,0,55,54,"[129, 52, 76, 81, 120, 119, 127, 127, 116, 107, 69, 69, 61, 44, 28, 11, 12, 6, 2, 0, 0, 23, 43, 65, 72, 110, 114, 127, 123, 127, 125, 127, 112, 90, 72, 33, 28, 7, 5, 14, 0, 0, 0, 25, 19, 35, 43, 56, 73, 93, 94, 117, 127, 127, 112]","[52, 76, 81, 120, 119, 127, 127, 116, 107, 69, 69, 61, 44, 28, 11, 12, 6, 2, 0, 0, 23, 43, 65, 72, 110, 114, 127, 123, 127, 125, 127, 112, 90, 72, 33, 28, 7, 5, 14, 0, 0, 0, 25, 19, 35, 43, 56, 73, 93, 94, 117, 127, 127, 112]"
In-Distribution,25,exact_guidance_u,54,0,55,54,"[129, 52, 76, 81, 120, 119, 127, 127, 116, 107, 69, 69, 61, 44, 28, 11, 12, 6, 2, 0, 0, 23, 43, 65, 72, 110, 114, 127, 123, 127, 125, 127, 112, 90, 72, 33, 28, 7, 5, 14, 0, 0, 0, 25, 19, 35, 43, 56, 73, 93, 94, 117, 127, 127, 112]","[52, 76, 81, 120, 119, 127, 127, 116, 107, 69, 69, 61, 44, 28, 11, 12, 6, 2, 0, 0, 23, 43, 65, 72, 110, 114, 127, 123, 127, 125, 127, 112, 90, 72, 33, 28, 7, 5, 14, 0, 0, 0, 25, 19, 35, 43, 56, 73, 93, 94, 117, 127, 127, 112]"
In-Distribution,25,exact_guidance_u,55,0,55,54,"[129, 52, 76, 81, 120, 119, 127, 127, 116, 107, 69, 69, 61, 44, 28, 11, 12, 6, 2, 0, 0, 23, 43, 65, 72, 110, 114, 127, 123, 127, 125, 127, 112, 90, 72, 33, 28, 7, 5, 14, 0, 0, 0, 25, 19, 35, 43, 56, 73, 93, 94, 117, 127, 127, 112]","[52, 76, 81, 120, 119, 127, 127, 116, 107, 69, 69, 61, 44, 28, 11, 12, 6, 2, 0, 0, 23, 43, 65, 72, 110, 114, 127, 123, 127, 125, 127, 112, 90, 72, 33, 28, 7, 5, 14, 0, 0, 0, 25, 19, 35, 43, 56, 73, 93, 94, 117, 127, 127, 112]"
In-Distribution,25,exact_guidance_u,56,0,55,54,"[129, 52, 76, 81, 120, 119, 127, 127, 116, 107, 69, 69, 61, 44, 28, 11, 12, 6, 2, 0, 0, 23, 43, 65, 72, 110, 114, 127, 123, 127, 125, 127, 112, 90, 72, 33, 28, 7, 5, 14, 0, 0, 0, 25, 19, 35, 43, 56, 73, 93, 94, 117, 127, 127, 112]","[52, 76, 81, 120, 119, 127, 127, 116, 107, 69, 69, 61, 44, 28, 11, 12, 6, 2, 0, 0, 23, 43, 65, 72, 110, 114, 127, 123, 127, 125, 127, 112, 90, 72, 33, 28, 7, 5, 14, 0, 0, 0, 25, 19, 35, 43, 56, 73, 93, 94, 117, 127, 127, 112]"
In-Distribution,25,exact_guidance_u,57,0,55,54,"[129, 52, 76, 81, 120, 119, 127, 127, 116, 107, 69, 69, 61, 44, 28, 11, 12, 6, 2, 0, 0, 23, 43, 65, 72, 110, 114, 127, 123, 127, 125, 127, 112, 90, 72, 33, 28, 7, 5, 14, 0, 0, 0, 25, 19, 35, 43, 56, 73, 93, 94, 117, 127, 127, 112]","[52, 76, 81, 120, 119, 127, 127, 116, 107, 69, 69, 61, 44, 28, 11, 12, 6, 2, 0, 0, 23, 43, 65, 72, 110, 114, 127, 123, 127, 125, 127, 112, 90, 72, 33, 28, 7, 5, 14, 0, 0, 0, 25, 19, 35, 43, 56, 73, 93, 94, 117, 127, 127, 112]"
In-Distribution,25,exact_guidance_u,58,0,55,54,"[129, 52, 76, 81, 120, 119, 127, 127, 116, 107, 69, 69, 61, 44, 28, 11, 12, 6, 2, 0, 0, 23, 43, 65, 72, 110, 114, 127, 123, 127, 125, 127, 112, 90, 72, 33, 28, 7, 5, 14, 0, 0, 0, 25, 19, 35, 43, 56, 73, 93, 94, 117, 127, 127, 112]","[52, 76, 81, 120, 119, 127, 127, 116, 107, 69, 69, 61, 44, 28, 11, 12, 6, 2, 0, 0, 23, 43, 65, 72, 110, 114, 127, 123, 127, 125, 127, 112, 90, 72, 33, 28, 7, 5, 14, 0, 0, 0, 25, 19, 35, 43, 56, 73, 93, 94, 117, 127, 127, 112]"
In-Distribution,25,exact_guidance_u,59,0,55,54,"[129, 52, 76, 81, 120, 119, 127, 127, 116, 107, 69, 69, 61, 44, 28, 11, 12, 6, 2, 0, 0, 23, 43, 65, 72, 110, 114, 127, 123, 127, 125, 127, 112, 90, 72, 33, 28, 7, 5, 14, 0, 0, 0, 25, 19, 35, 43, 56, 73, 93, 94, 117, 127, 127, 112]","[52, 76, 81, 120, 119, 127, 127, 116, 107, 69, 69, 61, 44, 28, 11, 12, 6, 2, 0, 0, 23, 43, 65, 72, 110, 114, 127, 123, 127, 125, 127, 112, 90, 72, 33, 28, 7, 5, 14, 0, 0, 0, 25, 19, 35, 43, 56, 73, 93, 94, 117, 127, 127, 112]"
In-Distribution,25,exact_guidance_u,60,0,55,54,"[129, 52, 76, 81, 120, 119, 127, 127, 116, 107, 69, 69, 61, 44, 28, 11, 12, 6, 2, 0, 0, 23, 43, 65, 72, 110, 114, 127, 123, 127, 125, 127, 112, 90, 72, 33, 28, 7, 5, 14, 0, 0, 0, 25, 19, 35, 43, 56, 73, 93, 94, 117, 127, 127, 112]","[52, 76, 81, 120, 119, 127, 127, 116, 107, 69, 69, 61, 44, 28, 11, 12, 6, 2, 0, 0, 23, 43, 65, 72, 110, 114, 127, 123, 127, 125, 127, 112, 90, 72, 33, 28, 7, 5, 14, 0, 0, 0, 25, 19, 35, 43, 56, 73, 93, 94, 117, 127, 127, 112]"
In-Distribution,25,exact_guidance_u,61,0,55,54,"[129, 52, 76, 81, 120, 119, 127, 127, 116, 107, 69, 69, 61, 44, 28, 11, 12, 6, 2, 0, 0, 23, 43, 65, 72, 110, 114, 127, 123, 127, 125, 127, 112, 90, 72, 33, 28, 7, 5, 14, 0, 0, 0, 25, 19, 35, 43, 56, 73, 93, 94, 117, 127, 127, 112]","[52, 76, 81, 120, 119, 127, 127, 116, 107, 69, 69, 61, 44, 28, 11, 12, 6, 2, 0, 0, 23, 43, 65, 72, 110, 114, 127, 123, 127, 125, 127, 112, 90, 72, 33, 28, 7, 5, 14, 0, 0, 0, 25, 19, 35, 43, 56, 73, 93, 94, 117, 127, 127, 112]"
In-Distribution,25,exact_guidance_u,62,0,56,55,"[129, 52, 76, 81, 120, 119, 127, 127, 116, 107, 69, 69, 61, 44, 28, 11, 12, 6, 2, 0, 0, 23, 43, 65, 72, 110, 114, 127, 123, 127, 125, 127, 112, 90, 93, 72, 33, 28, 7, 5, 14, 0, 0, 0, 25, 19, 35, 43, 56, 73, 93, 94, 117, 127, 127, 112]","[52, 76, 81, 120, 119, 127, 127, 116, 107, 69, 69, 61, 44, 28, 11, 12, 6, 2, 0, 0, 23, 43, 65, 72, 110, 114, 127, 123, 127, 125, 127, 112, 90, 93, 72, 33, 28, 7, 5, 14, 0, 0, 0, 25, 19, 35, 43, 56, 73, 93, 94, 117, 127, 127, 112]"
In-Distribution,25,exact_guidance_u,63,0,57,56,"[129, 52, 76, 81, 96, 120, 119, 127, 127, 116, 107, 69, 69, 61, 44, 28, 11, 12, 6, 2, 0, 0, 23, 43, 65, 72, 110, 114, 127, 123, 127, 125, 127, 112, 90, 93, 72, 33, 28, 7, 5, 14, 0, 0, 0, 25, 19, 35, 43, 56, 73, 93, 94, 117, 127, 127, 112]","[52, 76, 81, 96, 120, 119, 127, 127, 116, 107, 69, 69, 61, 44, 28, 11, 12, 6, 2, 0, 0, 23, 43, 65, 72, 110, 114, 127, 123, 127, 125, 127, 112, 90, 93, 72, 33, 28, 7, 5, 14, 0, 0, 0, 25, 19, 35, 43, 56, 73, 93, 94, 117, 127, 127, 112]"
In-Distribution,25,exact_guidance_u,64,0,57,56,"[129, 52, 76, 81, 96, 120, 119, 127, 127, 116, 107, 69, 69, 61, 44, 28, 11, 12, 6, 2, 0, 0, 23, 43, 65, 72, 110, 114, 127, 123, 127, 125, 127, 112, 90, 93, 72, 33, 28, 7, 5, 14, 0, 0, 0, 25, 19, 35, 43, 56, 73, 93, 94, 117, 127, 127, 112]","[52, 76, 81, 96, 120, 119, 127, 127, 116, 107, 69, 69, 61, 44, 28, 11, 12, 6, 2, 0, 0, 23, 43, 65, 72, 110, 114, 127, 123, 127, 125, 127, 112, 90, 93, 72, 33, 28, 7, 5, 14, 0, 0, 0, 25, 19, 35, 43, 56, 73, 93, 94, 117, 127, 127, 112]"
In-Distribution,25,exact_guidance_u,65,0,57,56,"[129, 52, 76, 81, 96, 120, 119, 127, 127, 116, 107, 69, 69, 61, 44, 28, 11, 12, 6, 2, 0, 0, 23, 43, 65, 72, 110, 114, 127, 123, 127, 125, 127, 112, 90, 93, 72, 33, 28, 7, 5, 14, 0, 0, 0, 25, 19, 35, 43, 56, 73, 93, 94, 117, 127, 127, 112]","[52, 76, 81, 96, 120, 119, 127, 127, 116, 107, 69, 69, 61, 44, 28, 11, 12, 6, 2, 0, 0, 23, 43, 65, 72, 110, 114, 127, 123, 127, 125, 127, 112, 90, 93, 72, 33, 28, 7, 5, 14, 0, 0, 0, 25, 19, 35, 43, 56, 73, 93, 94, 117, 127, 127, 112]"
In-Distribution,25,exact_guidance_u,66,0,57,56,"[129, 52, 76, 81, 96, 120, 119, 127, 127, 116, 107, 69, 69, 61, 44, 28, 11, 12, 6, 2, 0, 0, 23, 43, 65, 72, 110, 114, 127, 123, 127, 125, 127, 112, 90, 93, 72, 33, 28, 7, 5, 14, 0, 0, 0, 25, 19, 35, 43, 56, 73, 93, 94, 117, 127, 127, 112]","[52, 76, 81, 96, 120, 119, 127, 127, 116, 107, 69, 69, 61, 44, 28, 11, 12, 6, 2, 0, 0, 23, 43, 65, 72, 110, 114, 127, 123, 127, 125, 127, 112, 90, 93, 72, 33, 28, 7, 5, 14, 0, 0, 0, 25, 19, 35, 43, 56, 73, 93, 94, 117, 127, 127, 112]"
In-Distribution,25,exact_guidance_u,67,0,57,56,"[129, 52, 76, 81, 96, 120, 119, 127, 127, 116, 107, 69, 69, 61, 44, 28, 11, 12, 6, 2, 0, 0, 23, 43, 65, 72, 110, 114, 127, 123, 127, 125, 127, 112, 90, 93, 72, 33, 28, 7, 5, 14, 0, 0, 0, 25, 19, 35, 43, 56, 73, 93, 94, 117, 127, 127, 112]","[52, 76, 81, 96, 120, 119, 127, 127, 116, 107, 69, 69, 61, 44, 28, 11, 12, 6, 2, 0, 0, 23, 43, 65, 72, 110, 114, 127, 123, 127, 125, 127, 112, 90, 93, 72, 33, 28, 7, 5, 14, 0, 0, 0, 25, 19, 35, 43, 56, 73, 93, 94, 117, 127, 127, 112]"
In-Distribution,25,exact_guidance_u,68,0,59,58,"[129, 52, 76, 81, 96, 120, 119, 127, 127, 116, 107, 69, 69, 61, 44, 28, 11, 12, 6, 2, 0, 0, 23, 43, 65, 72, 110, 114, 127, 123, 127, 125, 127, 112, 90, 93, 72, 45, 33, 28, 7, 5, 14, 0, 0, 0, 25, 19, 35, 43, 56, 73, 93, 94, 117, 127, 122, 127, 112]","[52, 76, 81, 96, 120, 119, 127, 127, 116, 107, 69, 69, 61, 44, 28, 11, 12, 6, 2, 0, 0, 23, 43, 65, 72, 110, 114, 127, 123, 127, 125, 127, 112, 90, 93, 72, 45, 33, 28, 7, 5, 14, 0, 0, 0, 25, 19, 35, 43, 56, 73, 93, 94, 117, 127, 122, 127, 112]"
In-Distribution,25,exact_guidance_u,69,0,59,58,"[129, 52, 76, 81, 96, 120, 119, 127, 127, 116, 107, 69, 69, 61, 44, 28, 11, 12, 6, 2, 0, 0, 23, 43, 65, 72, 110, 114, 127, 123, 127, 125, 127, 112, 90, 93, 72, 45, 33, 28, 7, 5, 14, 0, 0, 0, 25, 19, 35, 43, 56, 73, 93, 94, 117, 127, 122, 127, 112]","[52, 76, 81, 96, 120, 119, 127, 127, 116, 107, 69, 69, 61, 44, 28, 11, 12, 6, 2, 0, 0, 23, 43, 65, 72, 110, 114, 127, 123, 127, 125, 127, 112, 90, 93, 72, 45, 33, 28, 7, 5, 14, 0, 0, 0, 25, 19, 35, 43, 56, 73, 93, 94, 117, 127, 122, 127, 112]"
In-Distribution,25,exact_guidance_u,70,0,59,58,"[129, 52, 76, 81, 96, 120, 119, 127, 127, 116, 107, 69, 69, 61, 44, 28, 11, 12, 6, 2, 0, 0, 23, 43, 65, 72, 110, 114, 127, 123, 127, 125, 127, 112, 90, 93, 72, 45, 33, 28, 7, 5, 14, 0, 0, 0, 25, 19, 35, 43, 56, 73, 93, 94, 117, 127, 122, 127, 112]","[52, 76, 81, 96, 120, 119, 127, 127, 116, 107, 69, 69, 61, 44, 28, 11, 12, 6, 2, 0, 0, 23, 43, 65, 72, 110, 114, 127, 123, 127, 125, 127, 112, 90, 93, 72, 45, 33, 28, 7, 5, 14, 0, 0, 0, 25, 19, 35, 43, 56, 73, 93, 94, 117, 127, 122, 127, 112]"
In-Distribution,25,exact_guidance_u,71,0,59,58,"[129, 52, 76, 81, 96, 120, 119, 127, 127, 116, 107, 69, 69, 61, 44, 28, 11, 12, 6, 2, 0, 0, 23, 43, 65, 72, 110, 114, 127, 123, 127, 125, 127, 112, 90, 93, 72, 45, 33, 28, 7, 5, 14, 0, 0, 0, 25, 19, 35, 43, 56, 73, 93, 94, 117, 127, 122, 127, 112]","[52, 76, 81, 96, 120, 119, 127, 127, 116, 107, 69, 69, 61, 44, 28, 11, 12, 6, 2, 0, 0, 23, 43, 65, 72, 110, 114, 127, 123, 127, 125, 127, 112, 90, 93, 72, 45, 33, 28, 7, 5, 14, 0, 0, 0, 25, 19, 35, 43, 56, 73, 93, 94, 117, 127, 122, 127, 112]"
In-Distribution,25,exact_guidance_u,72,0,59,58,"[129, 52, 76, 81, 96, 120, 119, 127, 127, 116, 107, 69, 69, 61, 44, 28, 11, 12, 6, 2, 0, 0, 23, 43, 65, 72, 110, 114, 127, 123, 127, 125, 127, 112, 90, 93, 72, 45, 33, 28, 7, 5, 14, 0, 0, 0, 25, 19, 35, 43, 56, 73, 93, 94, 117, 127, 122, 127, 112]","[52, 76, 81, 96, 120, 119, 127, 127, 116, 107, 69, 69, 61, 44, 28, 11, 12, 6, 2, 0, 0, 23, 43, 65, 72, 110, 114, 127, 123, 127, 125, 127, 112, 90, 93, 72, 45, 33, 28, 7, 5, 14, 0, 0, 0, 25, 19, 35, 43, 56, 73, 93, 94, 117, 127, 122, 127, 112]"
In-Distribution,25,exact_guidance_u,73,0,59,58,"[129, 52, 76, 81, 96, 120, 119, 127, 127, 116, 107, 69, 69, 61, 44, 28, 11, 12, 6, 2, 0, 0, 23, 43, 65, 72, 110, 114, 127, 123, 127, 125, 127, 112, 90, 93, 72, 45, 33, 28, 7, 5, 14, 0, 0, 0, 25, 19, 35, 43, 56, 73, 93, 94, 117, 127, 122, 127, 112]","[52, 76, 81, 96, 120, 119, 127, 127, 116, 107, 69, 69, 61, 44, 28, 11, 12, 6, 2, 0, 0, 23, 43, 65, 72, 110, 114, 127, 123, 127, 125, 127, 112, 90, 93, 72, 45, 33, 28, 7, 5, 14, 0, 0, 0, 25, 19, 35, 43, 56, 73, 93, 94, 117, 127, 122, 127, 112]"
In-Distribution,25,exact_guidance_u,74,0,59,58,"[129, 52, 76, 81, 96, 120, 119, 127, 127, 116, 107, 69, 69, 61, 44, 28, 11, 12, 6, 2, 0, 0, 23, 43, 65, 72, 110, 114, 127, 123, 127, 125, 127, 112, 90, 93, 72, 45, 33, 28, 7, 5, 14, 0, 0, 0, 25, 19, 35, 43, 56, 73, 93, 94, 117, 127, 122, 127, 112]","[52, 76, 81, 96, 120, 119, 127, 127, 116, 107, 69, 69, 61, 44, 28, 11, 12, 6, 2, 0, 0, 23, 43, 65, 72, 110, 114, 127, 123, 127, 125, 127, 112, 90, 93, 72, 45, 33, 28, 7, 5, 14, 0, 0, 0, 25, 19, 35, 43, 56, 73, 93, 94, 117, 127, 122, 127, 112]"
In-Distribution,25,exact_guidance_u,75,0,59,58,"[129, 52, 76, 81, 96, 120, 119, 127, 127, 116, 107, 69, 69, 61, 44, 28, 11, 12, 6, 2, 0, 0, 23, 43, 65, 72, 110, 114, 127, 123, 127, 125, 127, 112, 90, 93, 72, 45, 33, 28, 7, 5, 14, 0, 0, 0, 25, 19, 35, 43, 56, 73, 93, 94, 117, 127, 122, 127, 112]","[52, 76, 81, 96, 120, 119, 127, 127, 116, 107, 69, 69, 61, 44, 28, 11, 12, 6, 2, 0, 0, 23, 43, 65, 72, 110, 114, 127, 123, 127, 125, 127, 112, 90, 93, 72, 45, 33, 28, 7, 5, 14, 0, 0, 0, 25, 19, 35, 43, 56, 73, 93, 94, 117, 127, 122, 127, 112]"
In-Distribution,25,exact_guidance_u,76,0,59,58,"[129, 52, 76, 81, 96, 120, 119, 127, 127, 116, 107, 69, 69, 61, 44, 28, 11, 12, 6, 2, 0, 0, 23, 43, 65, 72, 110, 114, 127, 123, 127, 125, 127, 112, 90, 93, 72, 45, 33, 28, 7, 5, 14, 0, 0, 0, 25, 19, 35, 43, 56, 73, 93, 94, 117, 127, 122, 127, 112]","[52, 76, 81, 96, 120, 119, 127, 127, 116, 107, 69, 69, 61, 44, 28, 11, 12, 6, 2, 0, 0, 23, 43, 65, 72, 110, 114, 127, 123, 127, 125, 127, 112, 90, 93, 72, 45, 33, 28, 7, 5, 14, 0, 0, 0, 25, 19, 35, 43, 56, 73, 93, 94, 117, 127, 122, 127, 112]"
In-Distribution,25,exact_guidance_u,77,0,59,58,"[129, 52, 76, 81, 96, 120, 119, 127, 127, 116, 107, 69, 69, 61, 44, 28, 11, 12, 6, 2, 0, 0, 23, 43, 65, 72, 110, 114, 127, 123, 127, 125, 127, 112, 90, 93, 72, 45, 33, 28, 7, 5, 14, 0, 0, 0, 25, 19, 35, 43, 56, 73, 93, 94, 117, 127, 122, 127, 112]","[52, 76, 81, 96, 120, 119, 127, 127, 116, 107, 69, 69, 61, 44, 28, 11, 12, 6, 2, 0, 0, 23, 43, 65, 72, 110, 114, 127, 123, 127, 125, 127, 112, 90, 93, 72, 45, 33, 28, 7, 5, 14, 0, 0, 0, 25, 19, 35, 43, 56, 73, 93, 94, 117, 127, 122, 127, 112]"
In-Distribution,25,exact_guidance_u,78,0,59,58,"[129, 52, 76, 81, 96, 120, 119, 127, 127, 116, 107, 69, 69, 61, 44, 28, 11, 12, 6, 2, 0, 0, 23, 43, 65, 72, 110, 114, 127, 123, 127, 125, 127, 112, 90, 93, 72, 45, 33, 28, 7, 5, 14, 0, 0, 0, 25, 19, 35, 43, 56, 73, 93, 94, 117, 127, 122, 127, 112]","[52, 76, 81, 96, 120, 119, 127, 127, 116, 107, 69, 69, 61, 44, 28, 11, 12, 6, 2, 0, 0, 23, 43, 65, 72, 110, 114, 127, 123, 127, 125, 127, 112, 90, 93, 72, 45, 33, 28, 7, 5, 14, 0, 0, 0, 25, 19, 35, 43, 56, 73, 93, 94, 117, 127, 122, 127, 112]"
In-Distribution,25,exact_guidance_u,79,0,59,58,"[129, 52, 76, 81, 96, 120, 119, 127, 127, 116, 107, 69, 69, 61, 44, 28, 11, 12, 6, 2, 0, 0, 23, 43, 65, 72, 110, 114, 127, 123, 127, 125, 127, 112, 90, 93, 72, 45, 33, 28, 7, 5, 14, 0, 0, 0, 25, 19, 35, 43, 56, 73, 93, 94, 117, 127, 122, 127, 112]","[52, 76, 81, 96, 120, 119, 127, 127, 116, 107, 69, 69, 61, 44, 28, 11, 12, 6, 2, 0, 0, 23, 43, 65, 72, 110, 114, 127, 123, 127, 125, 127, 112, 90, 93, 72, 45, 33, 28, 7, 5, 14, 0, 0, 0, 25, 19, 35, 43, 56, 73, 93, 94, 117, 127, 122, 127, 112]"
In-Distribution,25,exact_guidance_u,80,0,60,59,"[129, 52, 76, 81, 96, 110, 120, 119, 127, 127, 116, 107, 69, 69, 61, 44, 28, 11, 12, 6, 2, 0, 0, 23, 43, 65, 72, 110, 114, 127, 123, 127, 125, 127, 112, 90, 93, 72, 45, 33, 28, 7, 5, 14, 0, 0, 0, 25, 19, 35, 43, 56, 73, 93, 94, 117, 127, 122, 127, 112]","[52, 76, 81, 96, 110, 120, 119, 127, 127, 116, 107, 69, 69, 61, 44, 28, 11, 12, 6, 2, 0, 0, 23, 43, 65, 72, 110, 114, 127, 123, 127, 125, 127, 112, 90, 93, 72, 45, 33, 28, 7, 5, 14, 0, 0, 0, 25, 19, 35, 43, 56, 73, 93, 94, 117, 127, 122, 127, 112]"
In-Distribution,25,exact_guidance_u,81,0,60,59,"[129, 52, 76, 81, 96, 110, 120, 119, 127, 127, 116, 107, 69, 69, 61, 44, 28, 11, 12, 6, 2, 0, 0, 23, 43, 65, 72, 110, 114, 127, 123, 127, 125, 127, 112, 90, 93, 72, 45, 33, 28, 7, 5, 14, 0, 0, 0, 25, 19, 35, 43, 56, 73, 93, 94, 117, 127, 122, 127, 112]","[52, 76, 81, 96, 110, 120, 119, 127, 127, 116, 107, 69, 69, 61, 44, 28, 11, 12, 6, 2, 0, 0, 23, 43, 65, 72, 110, 114, 127, 123, 127, 125, 127, 112, 90, 93, 72, 45, 33, 28, 7, 5, 14, 0, 0, 0, 25, 19, 35, 43, 56, 73, 93, 94, 117, 127, 122, 127, 112]"
In-Distribution,25,exact_guidance_u,82,0,61,60,"[129, 52, 76, 81, 96, 110, 120, 119, 127, 127, 116, 107, 69, 69, 61, 44, 28, 11, 12, 6, 2, 0, 0, 23, 43, 65, 72, 81, 110, 114, 127, 123, 127, 125, 127, 112, 90, 93, 72, 45, 33, 28, 7, 5, 14, 0, 0, 0, 25, 19, 35, 43, 56, 73, 93, 94, 117, 127, 122, 127, 112]","[52, 76, 81, 96, 110, 120, 119, 127, 127, 116, 107, 69, 69, 61, 44, 28, 11, 12, 6, 2, 0, 0, 23, 43, 65, 72, 81, 110, 114, 127, 123, 127, 125, 127, 112, 90, 93, 72, 45, 33, 28, 7, 5, 14, 0, 0, 0, 25, 19, 35, 43, 56, 73, 93, 94, 117, 127, 122, 127, 112]"
In-Distribution,25,exact_guidance_u,83,0,61,60,"[129, 52, 76, 81, 96, 110, 120, 119, 127, 127, 116, 107, 69, 69, 61, 44, 28, 11, 12, 6, 2, 0, 0, 23, 43, 65, 72, 81, 110, 114, 127, 123, 127, 125, 127, 112, 90, 93, 72, 45, 33, 28, 7, 5, 14, 0, 0, 0, 25, 19, 35, 43, 56, 73, 93, 94, 117, 127, 122, 127, 112]","[52, 76, 81, 96, 110, 120, 119, 127, 127, 116, 107, 69, 69, 61, 44, 28, 11, 12, 6, 2, 0, 0, 23, 43, 65, 72, 81, 110, 114, 127, 123, 127, 125, 127, 112, 90, 93, 72, 45, 33, 28, 7, 5, 14, 0, 0, 0, 25, 19, 35, 43, 56, 73, 93, 94, 117, 127, 122, 127, 112]"
In-Distribution,25,exact_guidance_u,84,0,61,60,"[129, 52, 76, 81, 96, 110, 120, 119, 127, 127, 116, 107, 69, 69, 61, 44, 28, 11, 12, 6, 2, 0, 0, 23, 43, 65, 72, 81, 110, 114, 127, 123, 127, 125, 127, 112, 90, 93, 72, 45, 33, 28, 7, 5, 14, 0, 0, 0, 25, 19, 35, 43, 56, 73, 93, 94, 117, 127, 122, 127, 112]","[52, 76, 81, 96, 110, 120, 119, 127, 127, 116, 107, 69, 69, 61, 44, 28, 11, 12, 6, 2, 0, 0, 23, 43, 65, 72, 81, 110, 114, 127, 123, 127, 125, 127, 112, 90, 93, 72, 45, 33, 28, 7, 5, 14, 0, 0, 0, 25, 19, 35, 43, 56, 73, 93, 94, 117, 127, 122, 127, 112]"
In-Distribution,25,exact_guidance_u,85,0,61,60,"[129, 52, 76, 81, 96, 110, 120, 119, 127, 127, 116, 107, 69, 69, 61, 44, 28, 11, 12, 6, 2, 0, 0, 23, 43, 65, 72, 81, 110, 114, 127, 123, 127, 125, 127, 112, 90, 93, 72, 45, 33, 28, 7, 5, 14, 0, 0, 0, 25, 19, 35, 43, 56, 73, 93, 94, 117, 127, 122, 127, 112]","[52, 76, 81, 96, 110, 120, 119, 127, 127, 116, 107, 69, 69, 61, 44, 28, 11, 12, 6, 2, 0, 0, 23, 43, 65, 72, 81, 110, 114, 127, 123, 127, 125, 127, 112, 90, 93, 72, 45, 33, 28, 7, 5, 14, 0, 0, 0, 25, 19, 35, 43, 56, 73, 93, 94, 117, 127, 122, 127, 112]"
In-Distribution,25,exact_guidance_u,86,0,61,60,"[129, 52, 76, 81, 96, 110, 120, 119, 127, 127, 116, 107, 69, 69, 61, 44, 28, 11, 12, 6, 2, 0, 0, 23, 43, 65, 72, 81, 110, 114, 127, 123, 127, 125, 127, 112, 90, 93, 72, 45, 33, 28, 7, 5, 14, 0, 0, 0, 25, 19, 35, 43, 56, 73, 93, 94, 117, 127, 122, 127, 112]","[52, 76, 81, 96, 110, 120, 119, 127, 127, 116, 107, 69, 69, 61, 44, 28, 11, 12, 6, 2, 0, 0, 23, 43, 65, 72, 81, 110, 114, 127, 123, 127, 125, 127, 112, 90, 93, 72, 45, 33, 28, 7, 5, 14, 0, 0, 0, 25, 19, 35, 43, 56, 73, 93, 94, 117, 127, 122, 127, 112]"
In-Distribution,25,exact_guidance_u,87,0,61,60,"[129, 52, 76, 81, 96, 110, 120, 119, 127, 127, 116, 107, 69, 69, 61, 44, 28, 11, 12, 6, 2, 0, 0, 23, 43, 65, 72, 81, 110, 114, 127, 123, 127, 125, 127, 112, 90, 93, 72, 45, 33, 28, 7, 5, 14, 0, 0, 0, 25, 19, 35, 43, 56, 73, 93, 94, 117, 127, 122, 127, 112]","[52, 76, 81, 96, 110, 120, 119, 127, 127, 116, 107, 69, 69, 61, 44, 28, 11, 12, 6, 2, 0, 0, 23, 43, 65, 72, 81, 110, 114, 127, 123, 127, 125, 127, 112, 90, 93, 72, 45, 33, 28, 7, 5, 14, 0, 0, 0, 25, 19, 35, 43, 56, 73, 93, 94, 117, 127, 122, 127, 112]"
In-Distribution,25,exact_guidance_u,88,0,61,60,"[129, 52, 76, 81, 96, 110, 120, 119, 127, 127, 116, 107, 69, 69, 61, 44, 28, 11, 12, 6, 2, 0, 0, 23, 43, 65, 72, 81, 110, 114, 127, 123, 127, 125, 127, 112, 90, 93, 72, 45, 33, 28, 7, 5, 14, 0, 0, 0, 25, 19, 35, 43, 56, 73, 93, 94, 117, 127, 122, 127, 112]","[52, 76, 81, 96, 110, 120, 119, 127, 127, 116, 107, 69, 69, 61, 44, 28, 11, 12, 6, 2, 0, 0, 23, 43, 65, 72, 81, 110, 114, 127, 123, 127, 125, 127, 112, 90, 93, 72, 45, 33, 28, 7, 5, 14, 0, 0, 0, 25, 19, 35, 43, 56, 73, 93, 94, 117, 127, 122, 127, 112]"
In-Distribution,25,exact_guidance_u,89,0,61,60,"[129, 52, 76, 81, 96, 110, 120, 119, 127, 127, 116, 107, 69, 69, 61, 44, 28, 11, 12, 6, 2, 0, 0, 23, 43, 65, 72, 81, 110, 114, 127, 123, 127, 125, 127, 112, 90, 93, 72, 45, 33, 28, 7, 5, 14, 0, 0, 0, 25, 19, 35, 43, 56, 73, 93, 94, 117, 127, 122, 127, 112]","[52, 76, 81, 96, 110, 120, 119, 127, 127, 116, 107, 69, 69, 61, 44, 28, 11, 12, 6, 2, 0, 0, 23, 43, 65, 72, 81, 110, 114, 127, 123, 127, 125, 127, 112, 90, 93, 72, 45, 33, 28, 7, 5, 14, 0, 0, 0, 25, 19, 35, 43, 56, 73, 93, 94, 117, 127, 122, 127, 112]"
In-Distribution,25,exact_guidance_u,90,0,61,60,"[129, 52, 76, 81, 96, 110, 120, 119, 127, 127, 116, 107, 69, 69, 61, 44, 28, 11, 12, 6, 2, 0, 0, 23, 43, 65, 72, 81, 110, 114, 127, 123, 127, 125, 127, 112, 90, 93, 72, 45, 33, 28, 7, 5, 14, 0, 0, 0, 25, 19, 35, 43, 56, 73, 93, 94, 117, 127, 122, 127, 112]","[52, 76, 81, 96, 110, 120, 119, 127, 127, 116, 107, 69, 69, 61, 44, 28, 11, 12, 6, 2, 0, 0, 23, 43, 65, 72, 81, 110, 114, 127, 123, 127, 125, 127, 112, 90, 93, 72, 45, 33, 28, 7, 5, 14, 0, 0, 0, 25, 19, 35, 43, 56, 73, 93, 94, 117, 127, 122, 127, 112]"
In-Distribution,25,exact_guidance_u,91,0,61,60,"[129, 52, 76, 81, 96, 110, 120, 119, 127, 127, 116, 107, 69, 69, 61, 44, 28, 11, 12, 6, 2, 0, 0, 23, 43, 65, 72, 81, 110, 114, 127, 123, 127, 125, 127, 112, 90, 93, 72, 45, 33, 28, 7, 5, 14, 0, 0, 0, 25, 19, 35, 43, 56, 73, 93, 94, 117, 127, 122, 127, 112]","[52, 76, 81, 96, 110, 120, 119, 127, 127, 116, 107, 69, 69, 61, 44, 28, 11, 12, 6, 2, 0, 0, 23, 43, 65, 72, 81, 110, 114, 127, 123, 127, 125, 127, 112, 90, 93, 72, 45, 33, 28, 7, 5, 14, 0, 0, 0, 25, 19, 35, 43, 56, 73, 93, 94, 117, 127, 122, 127, 112]"
In-Distribution,25,exact_guidance_u,92,0,62,61,"[129, 52, 76, 81, 96, 110, 120, 119, 127, 127, 116, 107, 69, 69, 61, 44, 28, 11, 12, 6, 2, 0, 0, 23, 43, 65, 72, 81, 110, 114, 127, 123, 127, 125, 127, 112, 90, 93, 72, 45, 33, 28, 30, 7, 5, 14, 0, 0, 0, 25, 19, 35, 43, 56, 73, 93, 94, 117, 127, 122, 127, 112]","[52, 76, 81, 96, 110, 120, 119, 127, 127, 116, 107, 69, 69, 61, 44, 28, 11, 12, 6, 2, 0, 0, 23, 43, 65, 72, 81, 110, 114, 127, 123, 127, 125, 127, 112, 90, 93, 72, 45, 33, 28, 30, 7, 5, 14, 0, 0, 0, 25, 19, 35, 43, 56, 73, 93, 94, 117, 127, 122, 127, 112]"
In-Distribution,25,exact_guidance_u,93,0,62,61,"[129, 52, 76, 81, 96, 110, 120, 119, 127, 127, 116, 107, 69, 69, 61, 44, 28, 11, 12, 6, 2, 0, 0, 23, 43, 65, 72, 81, 110, 114, 127, 123, 127, 125, 127, 112, 90, 93, 72, 45, 33, 28, 30, 7, 5, 14, 0, 0, 0, 25, 19, 35, 43, 56, 73, 93, 94, 117, 127, 122, 127, 112]","[52, 76, 81, 96, 110, 120, 119, 127, 127, 116, 107, 69, 69, 61, 44, 28, 11, 12, 6, 2, 0, 0, 23, 43, 65, 72, 81, 110, 114, 127, 123, 127, 125, 127, 112, 90, 93, 72, 45, 33, 28, 30, 7, 5, 14, 0, 0, 0, 25, 19, 35, 43, 56, 73, 93, 94, 117, 127, 122, 127, 112]"
In-Distribution,25,exact_guidance_u,94,0,62,61,"[129, 52, 76, 81, 96, 110, 120, 119, 127, 127, 116, 107, 69, 69, 61, 44, 28, 11, 12, 6, 2, 0, 0, 23, 43, 65, 72, 81, 110, 114, 127, 123, 127, 125, 127, 112, 90, 93, 72, 45, 33, 28, 30, 7, 5, 14, 0, 0, 0, 25, 19, 35, 43, 56, 73, 93, 94, 117, 127, 122, 127, 112]","[52, 76, 81, 96, 110, 120, 119, 127, 127, 116, 107, 69, 69, 61, 44, 28, 11, 12, 6, 2, 0, 0, 23, 43, 65, 72, 81, 110, 114, 127, 123, 127, 125, 127, 112, 90, 93, 72, 45, 33, 28, 30, 7, 5, 14, 0, 0, 0, 25, 19, 35, 43, 56, 73, 93, 94, 117, 127, 122, 127, 112]"
In-Distribution,25,exact_guidance_u,95,0,62,61,"[129, 52, 76, 81, 96, 110, 120, 119, 127, 127, 116, 107, 69, 69, 61, 44, 28, 11, 12, 6, 2, 0, 0, 23, 43, 65, 72, 81, 110, 114, 127, 123, 127, 125, 127, 112, 90, 93, 72, 45, 33, 28, 30, 7, 5, 14, 0, 0, 0, 25, 19, 35, 43, 56, 73, 93, 94, 117, 127, 122, 127, 112]","[52, 76, 81, 96, 110, 120, 119, 127, 127, 116, 107, 69, 69, 61, 44, 28, 11, 12, 6, 2, 0, 0, 23, 43, 65, 72, 81, 110, 114, 127, 123, 127, 125, 127, 112, 90, 93, 72, 45, 33, 28, 30, 7, 5, 14, 0, 0, 0, 25, 19, 35, 43, 56, 73, 93, 94, 117, 127, 122, 127, 112]"
In-Distribution,25,exact_guidance_u,96,0,62,61,"[129, 52, 76, 81, 96, 110, 120, 119, 127, 127, 116, 107, 69, 69, 61, 44, 28, 11, 12, 6, 2, 0, 0, 23, 43, 65, 72, 81, 110, 114, 127, 123, 127, 125, 127, 112, 90, 93, 72, 45, 33, 28, 30, 7, 5, 14, 0, 0, 0, 25, 19, 35, 43, 56, 73, 93, 94, 117, 127, 122, 127, 112]","[52, 76, 81, 96, 110, 120, 119, 127, 127, 116, 107, 69, 69, 61, 44, 28, 11, 12, 6, 2, 0, 0, 23, 43, 65, 72, 81, 110, 114, 127, 123, 127, 125, 127, 112, 90, 93, 72, 45, 33, 28, 30, 7, 5, 14, 0, 0, 0, 25, 19, 35, 43, 56, 73, 93, 94, 117, 127, 122, 127, 112]"
In-Distribution,25,exact_guidance_u,97,0,62,61,"[129, 52, 76, 81, 96, 110, 120, 119, 127, 127, 116, 107, 69, 69, 61, 44, 28, 11, 12, 6, 2, 0, 0, 23, 43, 65, 72, 81, 110, 114, 127, 123, 127, 125, 127, 112, 90, 93, 72, 45, 33, 28, 30, 7, 5, 14, 0, 0, 0, 25, 19, 35, 43, 56, 73, 93, 94, 117, 127, 122, 127, 112]","[52, 76, 81, 96, 110, 120, 119, 127, 127, 116, 107, 69, 69, 61, 44, 28, 11, 12, 6, 2, 0, 0, 23, 43, 65, 72, 81, 110, 114, 127, 123, 127, 125, 127, 112, 90, 93, 72, 45, 33, 28, 30, 7, 5, 14, 0, 0, 0, 25, 19, 35, 43, 56, 73, 93, 94, 117, 127, 122, 127, 112]"
In-Distribution,25,exact_guidance_u,98,0,62,61,"[129, 52, 76, 81, 96, 110, 120, 119, 127, 127, 116, 107, 69, 69, 61, 44, 28, 11, 12, 6, 2, 0, 0, 23, 43, 65, 72, 81, 110, 114, 127, 123, 127, 125, 127, 112, 90, 93, 72, 45, 33, 28, 30, 7, 5, 14, 0, 0, 0, 25, 19, 35, 43, 56, 73, 93, 94, 117, 127, 122, 127, 112]","[52, 76, 81, 96, 110, 120, 119, 127, 127, 116, 107, 69, 69, 61, 44, 28, 11, 12, 6, 2, 0, 0, 23, 43, 65, 72, 81, 110, 114, 127, 123, 127, 125, 127, 112, 90, 93, 72, 45, 33, 28, 30, 7, 5, 14, 0, 0, 0, 25, 19, 35, 43, 56, 73, 93, 94, 117, 127, 122, 127, 112]"
In-Distribution,25,exact_guidance_u,99,0,62,61,"[129, 52, 76, 81, 96, 110, 120, 119, 127, 127, 116, 107, 69, 69, 61, 44, 28, 11, 12, 6, 2, 0, 0, 23, 43, 65, 72, 81, 110, 114, 127, 123, 127, 125, 127, 112, 90, 93, 72, 45, 33, 28, 30, 7, 5, 14, 0, 0, 0, 25, 19, 35, 43, 56, 73, 93, 94, 117, 127, 122, 127, 112]","[52, 76, 81, 96, 110, 120, 119, 127, 127, 116, 107, 69, 69, 61, 44, 28, 11, 12, 6, 2, 0, 0, 23, 43, 65, 72, 81, 110, 114, 127, 123, 127, 125, 127, 112, 90, 93, 72, 45, 33, 28, 30, 7, 5, 14, 0, 0, 0, 25, 19, 35, 43, 56, 73, 93, 94, 117, 127, 122, 127, 112]"
In-Distribution,25,exact_guidance_u,100,0,62,61,"[129, 52, 76, 81, 96, 110, 120, 119, 127, 127, 116, 107, 69, 69, 61, 44, 28, 11, 12, 6, 2, 0, 0, 23, 43, 65, 72, 81, 110, 114, 127, 123, 127, 125, 127, 112, 90, 93, 72, 45, 33, 28, 30, 7, 5, 14, 0, 0, 0, 25, 19, 35, 43, 56, 73, 93, 94, 117, 127, 122, 127, 112]","[52, 76, 81, 96, 110, 120, 119, 127, 127, 116, 107, 69, 69, 61, 44, 28, 11, 12, 6, 2, 0, 0, 23, 43, 65, 72, 81, 110, 114, 127, 123, 127, 125, 127, 112, 90, 93, 72, 45, 33, 28, 30, 7, 5, 14, 0, 0, 0, 25, 19, 35, 43, 56, 73, 93, 94, 117, 127, 122, 127, 112]"
In-Distribution,25,exact_guidance_u,101,0,62,61,"[129, 52, 76, 81, 96, 110, 120, 119, 127, 127, 116, 107, 69, 69, 61, 44, 28, 11, 12, 6, 2, 0, 0, 23, 43, 65, 72, 81, 110, 114, 127, 123, 127, 125, 127, 112, 90, 93, 72, 45, 33, 28, 30, 7, 5, 14, 0, 0, 0, 25, 19, 35, 43, 56, 73, 93, 94, 117, 127, 122, 127, 112]","[52, 76, 81, 96, 110, 120, 119, 127, 127, 116, 107, 69, 69, 61, 44, 28, 11, 12, 6, 2, 0, 0, 23, 43, 65, 72, 81, 110, 114, 127, 123, 127, 125, 127, 112, 90, 93, 72, 45, 33, 28, 30, 7, 5, 14, 0, 0, 0, 25, 19, 35, 43, 56, 73, 93, 94, 117, 127, 122, 127, 112]"
In-Distribution,25,exact_guidance_u,102,0,62,61,"[129, 52, 76, 81, 96, 110, 120, 119, 127, 127, 116, 107, 69, 69, 61, 44, 28, 11, 12, 6, 2, 0, 0, 23, 43, 65, 72, 81, 110, 114, 127, 123, 127, 125, 127, 112, 90, 93, 72, 45, 33, 28, 30, 7, 5, 14, 0, 0, 0, 25, 19, 35, 43, 56, 73, 93, 94, 117, 127, 122, 127, 112]","[52, 76, 81, 96, 110, 120, 119, 127, 127, 116, 107, 69, 69, 61, 44, 28, 11, 12, 6, 2, 0, 0, 23, 43, 65, 72, 81, 110, 114, 127, 123, 127, 125, 127, 112, 90, 93, 72, 45, 33, 28, 30, 7, 5, 14, 0, 0, 0, 25, 19, 35, 43, 56, 73, 93, 94, 117, 127, 122, 127, 112]"
In-Distribution,25,exact_guidance_u,103,0,62,61,"[129, 52, 76, 81, 96, 110, 120, 119, 127, 127, 116, 107, 69, 69, 61, 44, 28, 11, 12, 6, 2, 0, 0, 23, 43, 65, 72, 81, 110, 114, 127, 123, 127, 125, 127, 112, 90, 93, 72, 45, 33, 28, 30, 7, 5, 14, 0, 0, 0, 25, 19, 35, 43, 56, 73, 93, 94, 117, 127, 122, 127, 112]","[52, 76, 81, 96, 110, 120, 119, 127, 127, 116, 107, 69, 69, 61, 44, 28, 11, 12, 6, 2, 0, 0, 23, 43, 65, 72, 81, 110, 114, 127, 123, 127, 125, 127, 112, 90, 93, 72, 45, 33, 28, 30, 7, 5, 14, 0, 0, 0, 25, 19, 35, 43, 56, 73, 93, 94, 117, 127, 122, 127, 112]"
In-Distribution,25,exact_guidance_u,104,0,62,61,"[129, 52, 76, 81, 96, 110, 120, 119, 127, 127, 116, 107, 69, 69, 61, 44, 28, 11, 12, 6, 2, 0, 0, 23, 43, 65, 72, 81, 110, 114, 127, 123, 127, 125, 127, 112, 90, 93, 72, 45, 33, 28, 30, 7, 5, 14, 0, 0, 0, 25, 19, 35, 43, 56, 73, 93, 94, 117, 127, 122, 127, 112]","[52, 76, 81, 96, 110, 120, 119, 127, 127, 116, 107, 69, 69, 61, 44, 28, 11, 12, 6, 2, 0, 0, 23, 43, 65, 72, 81, 110, 114, 127, 123, 127, 125, 127, 112, 90, 93, 72, 45, 33, 28, 30, 7, 5, 14, 0, 0, 0, 25, 19, 35, 43, 56, 73, 93, 94, 117, 127, 122, 127, 112]"
In-Distribution,25,exact_guidance_u,105,0,62,61,"[129, 52, 76, 81, 96, 110, 120, 119, 127, 127, 116, 107, 69, 69, 61, 44, 28, 11, 12, 6, 2, 0, 0, 23, 43, 65, 72, 81, 110, 114, 127, 123, 127, 125, 127, 112, 90, 93, 72, 45, 33, 28, 30, 7, 5, 14, 0, 0, 0, 25, 19, 35, 43, 56, 73, 93, 94, 117, 127, 122, 127, 112]","[52, 76, 81, 96, 110, 120, 119, 127, 127, 116, 107, 69, 69, 61, 44, 28, 11, 12, 6, 2, 0, 0, 23, 43, 65, 72, 81, 110, 114, 127, 123, 127, 125, 127, 112, 90, 93, 72, 45, 33, 28, 30, 7, 5, 14, 0, 0, 0, 25, 19, 35, 43, 56, 73, 93, 94, 117, 127, 122, 127, 112]"
In-Distribution,25,exact_guidance_u,106,0,63,62,"[129, 52, 76, 81, 96, 110, 120, 119, 127, 127, 116, 107, 89, 69, 69, 61, 44, 28, 11, 12, 6, 2, 0, 0, 23, 43, 65, 72, 81, 110, 114, 127, 123, 127, 125, 127, 112, 90, 93, 72, 45, 33, 28, 30, 7, 5, 14, 0, 0, 0, 25, 19, 35, 43, 56, 73, 93, 94, 117, 127, 122, 127, 112]","[52, 76, 81, 96, 110, 120, 119, 127, 127, 116, 107, 89, 69, 69, 61, 44, 28, 11, 12, 6, 2, 0, 0, 23, 43, 65, 72, 81, 110, 114, 127, 123, 127, 125, 127, 112, 90, 93, 72, 45, 33, 28, 30, 7, 5, 14, 0, 0, 0, 25, 19, 35, 43, 56, 73, 93, 94, 117, 127, 122, 127, 112]"
In-Distribution,25,exact_guidance_u,107,0,63,62,"[129, 52, 76, 81, 96, 110, 120, 119, 127, 127, 116, 107, 89, 69, 69, 61, 44, 28, 11, 12, 6, 2, 0, 0, 23, 43, 65, 72, 81, 110, 114, 127, 123, 127, 125, 127, 112, 90, 93, 72, 45, 33, 28, 30, 7, 5, 14, 0, 0, 0, 25, 19, 35, 43, 56, 73, 93, 94, 117, 127, 122, 127, 112]","[52, 76, 81, 96, 110, 120, 119, 127, 127, 116, 107, 89, 69, 69, 61, 44, 28, 11, 12, 6, 2, 0, 0, 23, 43, 65, 72, 81, 110, 114, 127, 123, 127, 125, 127, 112, 90, 93, 72, 45, 33, 28, 30, 7, 5, 14, 0, 0, 0, 25, 19, 35, 43, 56, 73, 93, 94, 117, 127, 122, 127, 112]"
In-Distribution,25,exact_guidance_u,108,0,63,62,"[129, 52, 76, 81, 96, 110, 120, 119, 127, 127, 116, 107, 89, 69, 69, 61, 44, 28, 11, 12, 6, 2, 0, 0, 23, 43, 65, 72, 81, 110, 114, 127, 123, 127, 125, 127, 112, 90, 93, 72, 45, 33, 28, 30, 7, 5, 14, 0, 0, 0, 25, 19, 35, 43, 56, 73, 93, 94, 117, 127, 122, 127, 112]","[52, 76, 81, 96, 110, 120, 119, 127, 127, 116, 107, 89, 69, 69, 61, 44, 28, 11, 12, 6, 2, 0, 0, 23, 43, 65, 72, 81, 110, 114, 127, 123, 127, 125, 127, 112, 90, 93, 72, 45, 33, 28, 30, 7, 5, 14, 0, 0, 0, 25, 19, 35, 43, 56, 73, 93, 94, 117, 127, 122, 127, 112]"
In-Distribution,25,exact_guidance_u,109,0,63,62,"[129, 52, 76, 81, 96, 110, 120, 119, 127, 127, 116, 107, 89, 69, 69, 61, 44, 28, 11, 12, 6, 2, 0, 0, 23, 43, 65, 72, 81, 110, 114, 127, 123, 127, 125, 127, 112, 90, 93, 72, 45, 33, 28, 30, 7, 5, 14, 0, 0, 0, 25, 19, 35, 43, 56, 73, 93, 94, 117, 127, 122, 127, 112]","[52, 76, 81, 96, 110, 120, 119, 127, 127, 116, 107, 89, 69, 69, 61, 44, 28, 11, 12, 6, 2, 0, 0, 23, 43, 65, 72, 81, 110, 114, 127, 123, 127, 125, 127, 112, 90, 93, 72, 45, 33, 28, 30, 7, 5, 14, 0, 0, 0, 25, 19, 35, 43, 56, 73, 93, 94, 117, 127, 122, 127, 112]"
In-Distribution,25,exact_guidance_u,110,0,63,62,"[129, 52, 76, 81, 96, 110, 120, 119, 127, 127, 116, 107, 89, 69, 69, 61, 44, 28, 11, 12, 6, 2, 0, 0, 23, 43, 65, 72, 81, 110, 114, 127, 123, 127, 125, 127, 112, 90, 93, 72, 45, 33, 28, 30, 7, 5, 14, 0, 0, 0, 25, 19, 35, 43, 56, 73, 93, 94, 117, 127, 122, 127, 112]","[52, 76, 81, 96, 110, 120, 119, 127, 127, 116, 107, 89, 69, 69, 61, 44, 28, 11, 12, 6, 2, 0, 0, 23, 43, 65, 72, 81, 110, 114, 127, 123, 127, 125, 127, 112, 90, 93, 72, 45, 33, 28, 30, 7, 5, 14, 0, 0, 0, 25, 19, 35, 43, 56, 73, 93, 94, 117, 127, 122, 127, 112]"
In-Distribution,25,exact_guidance_u,111,0,63,62,"[129, 52, 76, 81, 96, 110, 120, 119, 127, 127, 116, 107, 89, 69, 69, 61, 44, 28, 11, 12, 6, 2, 0, 0, 23, 43, 65, 72, 81, 110, 114, 127, 123, 127, 125, 127, 112, 90, 93, 72, 45, 33, 28, 30, 7, 5, 14, 0, 0, 0, 25, 19, 35, 43, 56, 73, 93, 94, 117, 127, 122, 127, 112]","[52, 76, 81, 96, 110, 120, 119, 127, 127, 116, 107, 89, 69, 69, 61, 44, 28, 11, 12, 6, 2, 0, 0, 23, 43, 65, 72, 81, 110, 114, 127, 123, 127, 125, 127, 112, 90, 93, 72, 45, 33, 28, 30, 7, 5, 14, 0, 0, 0, 25, 19, 35, 43, 56, 73, 93, 94, 117, 127, 122, 127, 112]"
In-Distribution,25,exact_guidance_u,112,0,63,62,"[129, 52, 76, 81, 96, 110, 120, 119, 127, 127, 116, 107, 89, 69, 69, 61, 44, 28, 11, 12, 6, 2, 0, 0, 23, 43, 65, 72, 81, 110, 114, 127, 123, 127, 125, 127, 112, 90, 93, 72, 45, 33, 28, 30, 7, 5, 14, 0, 0, 0, 25, 19, 35, 43, 56, 73, 93, 94, 117, 127, 122, 127, 112]","[52, 76, 81, 96, 110, 120, 119, 127, 127, 116, 107, 89, 69, 69, 61, 44, 28, 11, 12, 6, 2, 0, 0, 23, 43, 65, 72, 81, 110, 114, 127, 123, 127, 125, 127, 112, 90, 93, 72, 45, 33, 28, 30, 7, 5, 14, 0, 0, 0, 25, 19, 35, 43, 56, 73, 93, 94, 117, 127, 122, 127, 112]"
In-Distribution,25,exact_guidance_u,113,0,63,62,"[129, 52, 76, 81, 96, 110, 120, 119, 127, 127, 116, 107, 89, 69, 69, 61, 44, 28, 11, 12, 6, 2, 0, 0, 23, 43, 65, 72, 81, 110, 114, 127, 123, 127, 125, 127, 112, 90, 93, 72, 45, 33, 28, 30, 7, 5, 14, 0, 0, 0, 25, 19, 35, 43, 56, 73, 93, 94, 117, 127, 122, 127, 112]","[52, 76, 81, 96, 110, 120, 119, 127, 127, 116, 107, 89, 69, 69, 61, 44, 28, 11, 12, 6, 2, 0, 0, 23, 43, 65, 72, 81, 110, 114, 127, 123, 127, 125, 127, 112, 90, 93, 72, 45, 33, 28, 30, 7, 5, 14, 0, 0, 0, 25, 19, 35, 43, 56, 73, 93, 94, 117, 127, 122, 127, 112]"
In-Distribution,25,exact_guidance_u,114,0,63,62,"[129, 52, 76, 81, 96, 110, 120, 119, 127, 127, 116, 107, 89, 69, 69, 61, 44, 28, 11, 12, 6, 2, 0, 0, 23, 43, 65, 72, 81, 110, 114, 127, 123, 127, 125, 127, 112, 90, 93, 72, 45, 33, 28, 30, 7, 5, 14, 0, 0, 0, 25, 19, 35, 43, 56, 73, 93, 94, 117, 127, 122, 127, 112]","[52, 76, 81, 96, 110, 120, 119, 127, 127, 116, 107, 89, 69, 69, 61, 44, 28, 11, 12, 6, 2, 0, 0, 23, 43, 65, 72, 81, 110, 114, 127, 123, 127, 125, 127, 112, 90, 93, 72, 45, 33, 28, 30, 7, 5, 14, 0, 0, 0, 25, 19, 35, 43, 56, 73, 93, 94, 117, 127, 122, 127, 112]"
In-Distribution,25,exact_guidance_u,115,0,64,63,"[129, 52, 76, 81, 96, 110, 120, 119, 127, 127, 116, 107, 89, 69, 69, 61, 44, 28, 11, 12, 6, 2, 0, 0, 23, 23, 43, 65, 72, 81, 110, 114, 127, 123, 127, 125, 127, 112, 90, 93, 72, 45, 33, 28, 30, 7, 5, 14, 0, 0, 0, 25, 19, 35, 43, 56, 73, 93, 94, 117, 127, 122, 127, 112]","[52, 76, 81, 96, 110, 120, 119, 127, 127, 116, 107, 89, 69, 69, 61, 44, 28, 11, 12, 6, 2, 0, 0, 23, 23, 43, 65, 72, 81, 110, 114, 127, 123, 127, 125, 127, 112, 90, 93, 72, 45, 33, 28, 30, 7, 5, 14, 0, 0, 0, 25, 19, 35, 43, 56, 73, 93, 94, 117, 127, 122, 127, 112]"
In-Distribution,25,exact_guidance_u,116,0,64,63,"[129, 52, 76, 81, 96, 110, 120, 119, 127, 127, 116, 107, 89, 69, 69, 61, 44, 28, 11, 12, 6, 2, 0, 0, 23, 23, 43, 65, 72, 81, 110, 114, 127, 123, 127, 125, 127, 112, 90, 93, 72, 45, 33, 28, 30, 7, 5, 14, 0, 0, 0, 25, 19, 35, 43, 56, 73, 93, 94, 117, 127, 122, 127, 112]","[52, 76, 81, 96, 110, 120, 119, 127, 127, 116, 107, 89, 69, 69, 61, 44, 28, 11, 12, 6, 2, 0, 0, 23, 23, 43, 65, 72, 81, 110, 114, 127, 123, 127, 125, 127, 112, 90, 93, 72, 45, 33, 28, 30, 7, 5, 14, 0, 0, 0, 25, 19, 35, 43, 56, 73, 93, 94, 117, 127, 122, 127, 112]"
In-Distribution,25,exact_guidance_u,117,0,64,63,"[129, 52, 76, 81, 96, 110, 120, 119, 127, 127, 116, 107, 89, 69, 69, 61, 44, 28, 11, 12, 6, 2, 0, 0, 23, 23, 43, 65, 72, 81, 110, 114, 127, 123, 127, 125, 127, 112, 90, 93, 72, 45, 33, 28, 30, 7, 5, 14, 0, 0, 0, 25, 19, 35, 43, 56, 73, 93, 94, 117, 127, 122, 127, 112]","[52, 76, 81, 96, 110, 120, 119, 127, 127, 116, 107, 89, 69, 69, 61, 44, 28, 11, 12, 6, 2, 0, 0, 23, 23, 43, 65, 72, 81, 110, 114, 127, 123, 127, 125, 127, 112, 90, 93, 72, 45, 33, 28, 30, 7, 5, 14, 0, 0, 0, 25, 19, 35, 43, 56, 73, 93, 94, 117, 127, 122, 127, 112]"
In-Distribution,25,exact_guidance_u,118,0,64,63,"[129, 52, 76, 81, 96, 110, 120, 119, 127, 127, 116, 107, 89, 69, 69, 61, 44, 28, 11, 12, 6, 2, 0, 0, 23, 23, 43, 65, 72, 81, 110, 114, 127, 123, 127, 125, 127, 112, 90, 93, 72, 45, 33, 28, 30, 7, 5, 14, 0, 0, 0, 25, 19, 35, 43, 56, 73, 93, 94, 117, 127, 122, 127, 112]","[52, 76, 81, 96, 110, 120, 119, 127, 127, 116, 107, 89, 69, 69, 61, 44, 28, 11, 12, 6, 2, 0, 0, 23, 23, 43, 65, 72, 81, 110, 114, 127, 123, 127, 125, 127, 112, 90, 93, 72, 45, 33, 28, 30, 7, 5, 14, 0, 0, 0, 25, 19, 35, 43, 56, 73, 93, 94, 117, 127, 122, 127, 112]"
In-Distribution,25,exact_guidance_u,119,0,64,63,"[129, 52, 76, 81, 96, 110, 120, 119, 127, 127, 116, 107, 89, 69, 69, 61, 44, 28, 11, 12, 6, 2, 0, 0, 23, 23, 43, 65, 72, 81, 110, 114, 127, 123, 127, 125, 127, 112, 90, 93, 72, 45, 33, 28, 30, 7, 5, 14, 0, 0, 0, 25, 19, 35, 43, 56, 73, 93, 94, 117, 127, 122, 127, 112]","[52, 76, 81, 96, 110, 120, 119, 127, 127, 116, 107, 89, 69, 69, 61, 44, 28, 11, 12, 6, 2, 0, 0, 23, 23, 43, 65, 72, 81, 110, 114, 127, 123, 127, 125, 127, 112, 90, 93, 72, 45, 33, 28, 30, 7, 5, 14, 0, 0, 0, 25, 19, 35, 43, 56, 73, 93, 94, 117, 127, 122, 127, 112]"
In-Distribution,25,exact_guidance_u,120,0,64,63,"[129, 52, 76, 81, 96, 110, 120, 119, 127, 127, 116, 107, 89, 69, 69, 61, 44, 28, 11, 12, 6, 2, 0, 0, 23, 23, 43, 65, 72, 81, 110, 114, 127, 123, 127, 125, 127, 112, 90, 93, 72, 45, 33, 28, 30, 7, 5, 14, 0, 0, 0, 25, 19, 35, 43, 56, 73, 93, 94, 117, 127, 122, 127, 112]","[52, 76, 81, 96, 110, 120, 119, 127, 127, 116, 107, 89, 69, 69, 61, 44, 28, 11, 12, 6, 2, 0, 0, 23, 23, 43, 65, 72, 81, 110, 114, 127, 123, 127, 125, 127, 112, 90, 93, 72, 45, 33, 28, 30, 7, 5, 14, 0, 0, 0, 25, 19, 35, 43, 56, 73, 93, 94, 117, 127, 122, 127, 112]"
In-Distribution,25,exact_guidance_u,121,0,64,63,"[129, 52, 76, 81, 96, 110, 120, 119, 127, 127, 116, 107, 89, 69, 69, 61, 44, 28, 11, 12, 6, 2, 0, 0, 23, 23, 43, 65, 72, 81, 110, 114, 127, 123, 127, 125, 127, 112, 90, 93, 72, 45, 33, 28, 30, 7, 5, 14, 0, 0, 0, 25, 19, 35, 43, 56, 73, 93, 94, 117, 127, 122, 127, 112]","[52, 76, 81, 96, 110, 120, 119, 127, 127, 116, 107, 89, 69, 69, 61, 44, 28, 11, 12, 6, 2, 0, 0, 23, 23, 43, 65, 72, 81, 110, 114, 127, 123, 127, 125, 127, 112, 90, 93, 72, 45, 33, 28, 30, 7, 5, 14, 0, 0, 0, 25, 19, 35, 43, 56, 73, 93, 94, 117, 127, 122, 127, 112]"
In-Distribution,25,exact_guidance_u,122,0,64,63,"[129, 52, 76, 81, 96, 110, 120, 119, 127, 127, 116, 107, 89, 69, 69, 61, 44, 28, 11, 12, 6, 2, 0, 0, 23, 23, 43, 65, 72, 81, 110, 114, 127, 123, 127, 125, 127, 112, 90, 93, 72, 45, 33, 28, 30, 7, 5, 14, 0, 0, 0, 25, 19, 35, 43, 56, 73, 93, 94, 117, 127, 122, 127, 112]","[52, 76, 81, 96, 110, 120, 119, 127, 127, 116, 107, 89, 69, 69, 61, 44, 28, 11, 12, 6, 2, 0, 0, 23, 23, 43, 65, 72, 81, 110, 114, 127, 123, 127, 125, 127, 112, 90, 93, 72, 45, 33, 28, 30, 7, 5, 14, 0, 0, 0, 25, 19, 35, 43, 56, 73, 93, 94, 117, 127, 122, 127, 112]"
In-Distribution,25,exact_guidance_u,123,0,64,63,"[129, 52, 76, 81, 96, 110, 120, 119, 127, 127, 116, 107, 89, 69, 69, 61, 44, 28, 11, 12, 6, 2, 0, 0, 23, 23, 43, 65, 72, 81, 110, 114, 127, 123, 127, 125, 127, 112, 90, 93, 72, 45, 33, 28, 30, 7, 5, 14, 0, 0, 0, 25, 19, 35, 43, 56, 73, 93, 94, 117, 127, 122, 127, 112]","[52, 76, 81, 96, 110, 120, 119, 127, 127, 116, 107, 89, 69, 69, 61, 44, 28, 11, 12, 6, 2, 0, 0, 23, 23, 43, 65, 72, 81, 110, 114, 127, 123, 127, 125, 127, 112, 90, 93, 72, 45, 33, 28, 30, 7, 5, 14, 0, 0, 0, 25, 19, 35, 43, 56, 73, 93, 94, 117, 127, 122, 127, 112]"
In-Distribution,25,exact_guidance_u,124,0,64,63,"[129, 52, 76, 81, 96, 110, 120, 119, 127, 127, 116, 107, 89, 69, 69, 61, 44, 28, 11, 12, 6, 2, 0, 0, 23, 23, 43, 65, 72, 81, 110, 114, 127, 123, 127, 125, 127, 112, 90, 93, 72, 45, 33, 28, 30, 7, 5, 14, 0, 0, 0, 25, 19, 35, 43, 56, 73, 93, 94, 117, 127, 122, 127, 112]","[52, 76, 81, 96, 110, 120, 119, 127, 127, 116, 107, 89, 69, 69, 61, 44, 28, 11, 12, 6, 2, 0, 0, 23, 23, 43, 65, 72, 81, 110, 114, 127, 123, 127, 125, 127, 112, 90, 93, 72, 45, 33, 28, 30, 7, 5, 14, 0, 0, 0, 25, 19, 35, 43, 56, 73, 93, 94, 117, 127, 122, 127, 112]"
In-Distribution,25,exact_guidance_u,125,0,64,63,"[129, 52, 76, 81, 96, 110, 120, 119, 127, 127, 116, 107, 89, 69, 69, 61, 44, 28, 11, 12, 6, 2, 0, 0, 23, 23, 43, 65, 72, 81, 110, 114, 127, 123, 127, 125, 127, 112, 90, 93, 72, 45, 33, 28, 30, 7, 5, 14, 0, 0, 0, 25, 19, 35, 43, 56, 73, 93, 94, 117, 127, 122, 127, 112]","[52, 76, 81, 96, 110, 120, 119, 127, 127, 116, 107, 89, 69, 69, 61, 44, 28, 11, 12, 6, 2, 0, 0, 23, 23, 43, 65, 72, 81, 110, 114, 127, 123, 127, 125, 127, 112, 90, 93, 72, 45, 33, 28, 30, 7, 5, 14, 0, 0, 0, 25, 19, 35, 43, 56, 73, 93, 94, 117, 127, 122, 127, 112]"
In-Distribution,25,exact_guidance_u,126,0,64,63,"[129, 52, 76, 81, 96, 110, 120, 119, 127, 127, 116, 107, 89, 69, 69, 61, 44, 28, 11, 12, 6, 2, 0, 0, 23, 23, 43, 65, 72, 81, 110, 114, 127, 123, 127, 125, 127, 112, 90, 93, 72, 45, 33, 28, 30, 7, 5, 14, 0, 0, 0, 25, 19, 35, 43, 56, 73, 93, 94, 117, 127, 122, 127, 112]","[52, 76, 81, 96, 110, 120, 119, 127, 127, 116, 107, 89, 69, 69, 61, 44, 28, 11, 12, 6, 2, 0, 0, 23, 23, 43, 65, 72, 81, 110, 114, 127, 123, 127, 125, 127, 112, 90, 93, 72, 45, 33, 28, 30, 7, 5, 14, 0, 0, 0, 25, 19, 35, 43, 56, 73, 93, 94, 117, 127, 122, 127, 112]"
In-Distribution,25,exact_guidance_u,127,0,64,63,"[129, 52, 76, 81, 96, 110, 120, 119, 127, 127, 116, 107, 89, 69, 69, 61, 44, 28, 11, 12, 6, 2, 0, 0, 23, 23, 43, 65, 72, 81, 110, 114, 127, 123, 127, 125, 127, 112, 90, 93, 72, 45, 33, 28, 30, 7, 5, 14, 0, 0, 0, 25, 19, 35, 43, 56, 73, 93, 94, 117, 127, 122, 127, 112]","[52, 76, 81, 96, 110, 120, 119, 127, 127, 116, 107, 89, 69, 69, 61, 44, 28, 11, 12, 6, 2, 0, 0, 23, 23, 43, 65, 72, 81, 110, 114, 127, 123, 127, 125, 127, 112, 90, 93, 72, 45, 33, 28, 30, 7, 5, 14, 0, 0, 0, 25, 19, 35, 43, 56, 73, 93, 94, 117, 127, 122, 127, 112]"
In-Distribution,25,exact_guidance_u,128,0,65,64,"[129, 52, 76, 81, 96, 110, 120, 119, 127, 127, 116, 107, 89, 69, 69, 61, 44, 28, 11, 12, 6, 2, 0, 0, 23, 23, 43, 65, 72, 81, 110, 114, 127, 123, 127, 125, 127, 112, 90, 93, 72, 62, 45, 33, 28, 30, 7, 5, 14, 0, 0, 0, 25, 19, 35, 43, 56, 73, 93, 94, 117, 127, 122, 127, 112]","[52, 76, 81, 96, 110, 120, 119, 127, 127, 116, 107, 89, 69, 69, 61, 44, 28, 11, 12, 6, 2, 0, 0, 23, 23, 43, 65, 72, 81, 110, 114, 127, 123, 127, 125, 127, 112, 90, 93, 72, 62, 45, 33, 28, 30, 7, 5, 14, 0, 0, 0, 25, 19, 35, 43, 56, 73, 93, 94, 117, 127, 122, 127, 112]"
In-Distribution,25,exact_guidance_u,129,0,65,64,"[129, 52, 76, 81, 96, 110, 120, 119, 127, 127, 116, 107, 89, 69, 69, 61, 44, 28, 11, 12, 6, 2, 0, 0, 23, 23, 43, 65, 72, 81, 110, 114, 127, 123, 127, 125, 127, 112, 90, 93, 72, 62, 45, 33, 28, 30, 7, 5, 14, 0, 0, 0, 25, 19, 35, 43, 56, 73, 93, 94, 117, 127, 122, 127, 112]","[52, 76, 81, 96, 110, 120, 119, 127, 127, 116, 107, 89, 69, 69, 61, 44, 28, 11, 12, 6, 2, 0, 0, 23, 23, 43, 65, 72, 81, 110, 114, 127, 123, 127, 125, 127, 112, 90, 93, 72, 62, 45, 33, 28, 30, 7, 5, 14, 0, 0, 0, 25, 19, 35, 43, 56, 73, 93, 94, 117, 127, 122, 127, 112]"
In-Distribution,25,exact_guidance_u,130,0,65,64,"[129, 52, 76, 81, 96, 110, 120, 119, 127, 127, 116, 107, 89, 69, 69, 61, 44, 28, 11, 12, 6, 2, 0, 0, 23, 23, 43, 65, 72, 81, 110, 114, 127, 123, 127, 125, 127, 112, 90, 93, 72, 62, 45, 33, 28, 30, 7, 5, 14, 0, 0, 0, 25, 19, 35, 43, 56, 73, 93, 94, 117, 127, 122, 127, 112]","[52, 76, 81, 96, 110, 120, 119, 127, 127, 116, 107, 89, 69, 69, 61, 44, 28, 11, 12, 6, 2, 0, 0, 23, 23, 43, 65, 72, 81, 110, 114, 127, 123, 127, 125, 127, 112, 90, 93, 72, 62, 45, 33, 28, 30, 7, 5, 14, 0, 0, 0, 25, 19, 35, 43, 56, 73, 93, 94, 117, 127, 122, 127, 112]"
In-Distribution,25,exact_guidance_u,131,0,65,64,"[129, 52, 76, 81, 96, 110, 120, 119, 127, 127, 116, 107, 89, 69, 69, 61, 44, 28, 11, 12, 6, 2, 0, 0, 23, 23, 43, 65, 72, 81, 110, 114, 127, 123, 127, 125, 127, 112, 90, 93, 72, 62, 45, 33, 28, 30, 7, 5, 14, 0, 0, 0, 25, 19, 35, 43, 56, 73, 93, 94, 117, 127, 122, 127, 112]","[52, 76, 81, 96, 110, 120, 119, 127, 127, 116, 107, 89, 69, 69, 61, 44, 28, 11, 12, 6, 2, 0, 0, 23, 23, 43, 65, 72, 81, 110, 114, 127, 123, 127, 125, 127, 112, 90, 93, 72, 62, 45, 33, 28, 30, 7, 5, 14, 0, 0, 0, 25, 19, 35, 43, 56, 73, 93, 94, 117, 127, 122, 127, 112]"
In-Distribution,25,exact_guidance_u,132,0,65,64,"[129, 52, 76, 81, 96, 110, 120, 119, 127, 127, 116, 107, 89, 69, 69, 61, 44, 28, 11, 12, 6, 2, 0, 0, 23, 23, 43, 65, 72, 81, 110, 114, 127, 123, 127, 125, 127, 112, 90, 93, 72, 62, 45, 33, 28, 30, 7, 5, 14, 0, 0, 0, 25, 19, 35, 43, 56, 73, 93, 94, 117, 127, 122, 127, 112]","[52, 76, 81, 96, 110, 120, 119, 127, 127, 116, 107, 89, 69, 69, 61, 44, 28, 11, 12, 6, 2, 0, 0, 23, 23, 43, 65, 72, 81, 110, 114, 127, 123, 127, 125, 127, 112, 90, 93, 72, 62, 45, 33, 28, 30, 7, 5, 14, 0, 0, 0, 25, 19, 35, 43, 56, 73, 93, 94, 117, 127, 122, 127, 112]"
In-Distribution,25,exact_guidance_u,133,0,65,64,"[129, 52, 76, 81, 96, 110, 120, 119, 127, 127, 116, 107, 89, 69, 69, 61, 44, 28, 11, 12, 6, 2, 0, 0, 23, 23, 43, 65, 72, 81, 110, 114, 127, 123, 127, 125, 127, 112, 90, 93, 72, 62, 45, 33, 28, 30, 7, 5, 14, 0, 0, 0, 25, 19, 35, 43, 56, 73, 93, 94, 117, 127, 122, 127, 112]","[52, 76, 81, 96, 110, 120, 119, 127, 127, 116, 107, 89, 69, 69, 61, 44, 28, 11, 12, 6, 2, 0, 0, 23, 23, 43, 65, 72, 81, 110, 114, 127, 123, 127, 125, 127, 112, 90, 93, 72, 62, 45, 33, 28, 30, 7, 5, 14, 0, 0, 0, 25, 19, 35, 43, 56, 73, 93, 94, 117, 127, 122, 127, 112]"
In-Distribution,25,exact_guidance_u,134,0,65,64,"[129, 52, 76, 81, 96, 110, 120, 119, 127, 127, 116, 107, 89, 69, 69, 61, 44, 28, 11, 12, 6, 2, 0, 0, 23, 23, 43, 65, 72, 81, 110, 114, 127, 123, 127, 125, 127, 112, 90, 93, 72, 62, 45, 33, 28, 30, 7, 5, 14, 0, 0, 0, 25, 19, 35, 43, 56, 73, 93, 94, 117, 127, 122, 127, 112]","[52, 76, 81, 96, 110, 120, 119, 127, 127, 116, 107, 89, 69, 69, 61, 44, 28, 11, 12, 6, 2, 0, 0, 23, 23, 43, 65, 72, 81, 110, 114, 127, 123, 127, 125, 127, 112, 90, 93, 72, 62, 45, 33, 28, 30, 7, 5, 14, 0, 0, 0, 25, 19, 35, 43, 56, 73, 93, 94, 117, 127, 122, 127, 112]"
In-Distribution,25,exact_guidance_u,135,0,65,64,"[129, 52, 76, 81, 96, 110, 120, 119, 127, 127, 116, 107, 89, 69, 69, 61, 44, 28, 11, 12, 6, 2, 0, 0, 23, 23, 43, 65, 72, 81, 110, 114, 127, 123, 127, 125, 127, 112, 90, 93, 72, 62, 45, 33, 28, 30, 7, 5, 14, 0, 0, 0, 25, 19, 35, 43, 56, 73, 93, 94, 117, 127, 122, 127, 112]","[52, 76, 81, 96, 110, 120, 119, 127, 127, 116, 107, 89, 69, 69, 61, 44, 28, 11, 12, 6, 2, 0, 0, 23, 23, 43, 65, 72, 81, 110, 114, 127, 123, 127, 125, 127, 112, 90, 93, 72, 62, 45, 33, 28, 30, 7, 5, 14, 0, 0, 0, 25, 19, 35, 43, 56, 73, 93, 94, 117, 127, 122, 127, 112]"
In-Distribution,25,exact_guidance_u,136,0,65,64,"[129, 52, 76, 81, 96, 110, 120, 119, 127, 127, 116, 107, 89, 69, 69, 61, 44, 28, 11, 12, 6, 2, 0, 0, 23, 23, 43, 65, 72, 81, 110, 114, 127, 123, 127, 125, 127, 112, 90, 93, 72, 62, 45, 33, 28, 30, 7, 5, 14, 0, 0, 0, 25, 19, 35, 43, 56, 73, 93, 94, 117, 127, 122, 127, 112]","[52, 76, 81, 96, 110, 120, 119, 127, 127, 116, 107, 89, 69, 69, 61, 44, 28, 11, 12, 6, 2, 0, 0, 23, 23, 43, 65, 72, 81, 110, 114, 127, 123, 127, 125, 127, 112, 90, 93, 72, 62, 45, 33, 28, 30, 7, 5, 14, 0, 0, 0, 25, 19, 35, 43, 56, 73, 93, 94, 117, 127, 122, 127, 112]"
In-Distribution,25,exact_guidance_u,137,0,65,64,"[129, 52, 76, 81, 96, 110, 120, 119, 127, 127, 116, 107, 89, 69, 69, 61, 44, 28, 11, 12, 6, 2, 0, 0, 23, 23, 43, 65, 72, 81, 110, 114, 127, 123, 127, 125, 127, 112, 90, 93, 72, 62, 45, 33, 28, 30, 7, 5, 14, 0, 0, 0, 25, 19, 35, 43, 56, 73, 93, 94, 117, 127, 122, 127, 112]","[52, 76, 81, 96, 110, 120, 119, 127, 127, 116, 107, 89, 69, 69, 61, 44, 28, 11, 12, 6, 2, 0, 0, 23, 23, 43, 65, 72, 81, 110, 114, 127, 123, 127, 125, 127, 112, 90, 93, 72, 62, 45, 33, 28, 30, 7, 5, 14, 0, 0, 0, 25, 19, 35, 43, 56, 73, 93, 94, 117, 127, 122, 127, 112]"
In-Distribution,25,exact_guidance_u,138,0,65,64,"[129, 52, 76, 81, 96, 110, 120, 119, 127, 127, 116, 107, 89, 69, 69, 61, 44, 28, 11, 12, 6, 2, 0, 0, 23, 23, 43, 65, 72, 81, 110, 114, 127, 123, 127, 125, 127, 112, 90, 93, 72, 62, 45, 33, 28, 30, 7, 5, 14, 0, 0, 0, 25, 19, 35, 43, 56, 73, 93, 94, 117, 127, 122, 127, 112]","[52, 76, 81, 96, 110, 120, 119, 127, 127, 116, 107, 89, 69, 69, 61, 44, 28, 11, 12, 6, 2, 0, 0, 23, 23, 43, 65, 72, 81, 110, 114, 127, 123, 127, 125, 127, 112, 90, 93, 72, 62, 45, 33, 28, 30, 7, 5, 14, 0, 0, 0, 25, 19, 35, 43, 56, 73, 93, 94, 117, 127, 122, 127, 112]"
In-Distribution,25,exact_guidance_u,139,0,65,64,"[129, 52, 76, 81, 96, 110, 120, 119, 127, 127, 116, 107, 89, 69, 69, 61, 44, 28, 11, 12, 6, 2, 0, 0, 23, 23, 43, 65, 72, 81, 110, 114, 127, 123, 127, 125, 127, 112, 90, 93, 72, 62, 45, 33, 28, 30, 7, 5, 14, 0, 0, 0, 25, 19, 35, 43, 56, 73, 93, 94, 117, 127, 122, 127, 112]","[52, 76, 81, 96, 110, 120, 119, 127, 127, 116, 107, 89, 69, 69, 61, 44, 28, 11, 12, 6, 2, 0, 0, 23, 23, 43, 65, 72, 81, 110, 114, 127, 123, 127, 125, 127, 112, 90, 93, 72, 62, 45, 33, 28, 30, 7, 5, 14, 0, 0, 0, 25, 19, 35, 43, 56, 73, 93, 94, 117, 127, 122, 127, 112]"
In-Distribution,25,exact_guidance_u,140,0,65,64,"[129, 52, 76, 81, 96, 110, 120, 119, 127, 127, 116, 107, 89, 69, 69, 61, 44, 28, 11, 12, 6, 2, 0, 0, 23, 23, 43, 65, 72, 81, 110, 114, 127, 123, 127, 125, 127, 112, 90, 93, 72, 62, 45, 33, 28, 30, 7, 5, 14, 0, 0, 0, 25, 19, 35, 43, 56, 73, 93, 94, 117, 127, 122, 127, 112]","[52, 76, 81, 96, 110, 120, 119, 127, 127, 116, 107, 89, 69, 69, 61, 44, 28, 11, 12, 6, 2, 0, 0, 23, 23, 43, 65, 72, 81, 110, 114, 127, 123, 127, 125, 127, 112, 90, 93, 72, 62, 45, 33, 28, 30, 7, 5, 14, 0, 0, 0, 25, 19, 35, 43, 56, 73, 93, 94, 117, 127, 122, 127, 112]"
In-Distribution,25,exact_guidance_u,141,0,65,64,"[129, 52, 76, 81, 96, 110, 120, 119, 127, 127, 116, 107, 89, 69, 69, 61, 44, 28, 11, 12, 6, 2, 0, 0, 23, 23, 43, 65, 72, 81, 110, 114, 127, 123, 127, 125, 127, 112, 90, 93, 72, 62, 45, 33, 28, 30, 7, 5, 14, 0, 0, 0, 25, 19, 35, 43, 56, 73, 93, 94, 117, 127, 122, 127, 112]","[52, 76, 81, 96, 110, 120, 119, 127, 127, 116, 107, 89, 69, 69, 61, 44, 28, 11, 12, 6, 2, 0, 0, 23, 23, 43, 65, 72, 81, 110, 114, 127, 123, 127, 125, 127, 112, 90, 93, 72, 62, 45, 33, 28, 30, 7, 5, 14, 0, 0, 0, 25, 19, 35, 43, 56, 73, 93, 94, 117, 127, 122, 127, 112]"
In-Distribution,25,exact_guidance_u,142,0,65,64,"[129, 52, 76, 81, 96, 110, 120, 119, 127, 127, 116, 107, 89, 69, 69, 61, 44, 28, 11, 12, 6, 2, 0, 0, 23, 23, 43, 65, 72, 81, 110, 114, 127, 123, 127, 125, 127, 112, 90, 93, 72, 62, 45, 33, 28, 30, 7, 5, 14, 0, 0, 0, 25, 19, 35, 43, 56, 73, 93, 94, 117, 127, 122, 127, 112]","[52, 76, 81, 96, 110, 120, 119, 127, 127, 116, 107, 89, 69, 69, 61, 44, 28, 11, 12, 6, 2, 0, 0, 23, 23, 43, 65, 72, 81, 110, 114, 127, 123, 127, 125, 127, 112, 90, 93, 72, 62, 45, 33, 28, 30, 7, 5, 14, 0, 0, 0, 25, 19, 35, 43, 56, 73, 93, 94, 117, 127, 122, 127, 112]"
In-Distribution,25,exact_guidance_u,143,0,65,64,"[129, 52, 76, 81, 96, 110, 120, 119, 127, 127, 116, 107, 89, 69, 69, 61, 44, 28, 11, 12, 6, 2, 0, 0, 23, 23, 43, 65, 72, 81, 110, 114, 127, 123, 127, 125, 127, 112, 90, 93, 72, 62, 45, 33, 28, 30, 7, 5, 14, 0, 0, 0, 25, 19, 35, 43, 56, 73, 93, 94, 117, 127, 122, 127, 112]","[52, 76, 81, 96, 110, 120, 119, 127, 127, 116, 107, 89, 69, 69, 61, 44, 28, 11, 12, 6, 2, 0, 0, 23, 23, 43, 65, 72, 81, 110, 114, 127, 123, 127, 125, 127, 112, 90, 93, 72, 62, 45, 33, 28, 30, 7, 5, 14, 0, 0, 0, 25, 19, 35, 43, 56, 73, 93, 94, 117, 127, 122, 127, 112]"
In-Distribution,25,exact_guidance_u,144,0,65,64,"[129, 52, 76, 81, 96, 110, 120, 119, 127, 127, 116, 107, 89, 69, 69, 61, 44, 28, 11, 12, 6, 2, 0, 0, 23, 23, 43, 65, 72, 81, 110, 114, 127, 123, 127, 125, 127, 112, 90, 93, 72, 62, 45, 33, 28, 30, 7, 5, 14, 0, 0, 0, 25, 19, 35, 43, 56, 73, 93, 94, 117, 127, 122, 127, 112]","[52, 76, 81, 96, 110, 120, 119, 127, 127, 116, 107, 89, 69, 69, 61, 44, 28, 11, 12, 6, 2, 0, 0, 23, 23, 43, 65, 72, 81, 110, 114, 127, 123, 127, 125, 127, 112, 90, 93, 72, 62, 45, 33, 28, 30, 7, 5, 14, 0, 0, 0, 25, 19, 35, 43, 56, 73, 93, 94, 117, 127, 122, 127, 112]"
In-Distribution,25,exact_guidance_u,145,0,65,64,"[129, 52, 76, 81, 96, 110, 120, 119, 127, 127, 116, 107, 89, 69, 69, 61, 44, 28, 11, 12, 6, 2, 0, 0, 23, 23, 43, 65, 72, 81, 110, 114, 127, 123, 127, 125, 127, 112, 90, 93, 72, 62, 45, 33, 28, 30, 7, 5, 14, 0, 0, 0, 25, 19, 35, 43, 56, 73, 93, 94, 117, 127, 122, 127, 112]","[52, 76, 81, 96, 110, 120, 119, 127, 127, 116, 107, 89, 69, 69, 61, 44, 28, 11, 12, 6, 2, 0, 0, 23, 23, 43, 65, 72, 81, 110, 114, 127, 123, 127, 125, 127, 112, 90, 93, 72, 62, 45, 33, 28, 30, 7, 5, 14, 0, 0, 0, 25, 19, 35, 43, 56, 73, 93, 94, 117, 127, 122, 127, 112]"
In-Distribution,25,exact_guidance_u,146,0,65,64,"[129, 52, 76, 81, 96, 110, 120, 119, 127, 127, 116, 107, 89, 69, 69, 61, 44, 28, 11, 12, 6, 2, 0, 0, 23, 23, 43, 65, 72, 81, 110, 114, 127, 123, 127, 125, 127, 112, 90, 93, 72, 62, 45, 33, 28, 30, 7, 5, 14, 0, 0, 0, 25, 19, 35, 43, 56, 73, 93, 94, 117, 127, 122, 127, 112]","[52, 76, 81, 96, 110, 120, 119, 127, 127, 116, 107, 89, 69, 69, 61, 44, 28, 11, 12, 6, 2, 0, 0, 23, 23, 43, 65, 72, 81, 110, 114, 127, 123, 127, 125, 127, 112, 90, 93, 72, 62, 45, 33, 28, 30, 7, 5, 14, 0, 0, 0, 25, 19, 35, 43, 56, 73, 93, 94, 117, 127, 122, 127, 112]"
In-Distribution,25,exact_guidance_u,147,0,65,64,"[129, 52, 76, 81, 96, 110, 120, 119, 127, 127, 116, 107, 89, 69, 69, 61, 44, 28, 11, 12, 6, 2, 0, 0, 23, 23, 43, 65, 72, 81, 110, 114, 127, 123, 127, 125, 127, 112, 90, 93, 72, 62, 45, 33, 28, 30, 7, 5, 14, 0, 0, 0, 25, 19, 35, 43, 56, 73, 93, 94, 117, 127, 122, 127, 112]","[52, 76, 81, 96, 110, 120, 119, 127, 127, 116, 107, 89, 69, 69, 61, 44, 28, 11, 12, 6, 2, 0, 0, 23, 23, 43, 65, 72, 81, 110, 114, 127, 123, 127, 125, 127, 112, 90, 93, 72, 62, 45, 33, 28, 30, 7, 5, 14, 0, 0, 0, 25, 19, 35, 43, 56, 73, 93, 94, 117, 127, 122, 127, 112]"
In-Distribution,25,exact_guidance_u,148,0,65,64,"[129, 52, 76, 81, 96, 110, 120, 119, 127, 127, 116, 107, 89, 69, 69, 61, 44, 28, 11, 12, 6, 2, 0, 0, 23, 23, 43, 65, 72, 81, 110, 114, 127, 123, 127, 125, 127, 112, 90, 93, 72, 62, 45, 33, 28, 30, 7, 5, 14, 0, 0, 0, 25, 19, 35, 43, 56, 73, 93, 94, 117, 127, 122, 127, 112]","[52, 76, 81, 96, 110, 120, 119, 127, 127, 116, 107, 89, 69, 69, 61, 44, 28, 11, 12, 6, 2, 0, 0, 23, 23, 43, 65, 72, 81, 110, 114, 127, 123, 127, 125, 127, 112, 90, 93, 72, 62, 45, 33, 28, 30, 7, 5, 14, 0, 0, 0, 25, 19, 35, 43, 56, 73, 93, 94, 117, 127, 122, 127, 112]"
In-Distribution,25,exact_guidance_u,149,0,65,64,"[129, 52, 76, 81, 96, 110, 120, 119, 127, 127, 116, 107, 89, 69, 69, 61, 44, 28, 11, 12, 6, 2, 0, 0, 23, 23, 43, 65, 72, 81, 110, 114, 127, 123, 127, 125, 127, 112, 90, 93, 72, 62, 45, 33, 28, 30, 7, 5, 14, 0, 0, 0, 25, 19, 35, 43, 56, 73, 93, 94, 117, 127, 122, 127, 112]","[52, 76, 81, 96, 110, 120, 119, 127, 127, 116, 107, 89, 69, 69, 61, 44, 28, 11, 12, 6, 2, 0, 0, 23, 23, 43, 65, 72, 81, 110, 114, 127, 123, 127, 125, 127, 112, 90, 93, 72, 62, 45, 33, 28, 30, 7, 5, 14, 0, 0, 0, 25, 19, 35, 43, 56, 73, 93, 94, 117, 127, 122, 127, 112]"
In-Distribution,25,exact_guidance_u,150,0,65,64,"[129, 52, 76, 81, 96, 110, 120, 119, 127, 127, 116, 107, 89, 69, 69, 61, 44, 28, 11, 12, 6, 2, 0, 0, 23, 23, 43, 65, 72, 81, 110, 114, 127, 123, 127, 125, 127, 112, 90, 93, 72, 62, 45, 33, 28, 30, 7, 5, 14, 0, 0, 0, 25, 19, 35, 43, 56, 73, 93, 94, 117, 127, 122, 127, 112]","[52, 76, 81, 96, 110, 120, 119, 127, 127, 116, 107, 89, 69, 69, 61, 44, 28, 11, 12, 6, 2, 0, 0, 23, 23, 43, 65, 72, 81, 110, 114, 127, 123, 127, 125, 127, 112, 90, 93, 72, 62, 45, 33, 28, 30, 7, 5, 14, 0, 0, 0, 25, 19, 35, 43, 56, 73, 93, 94, 117, 127, 122, 127, 112]"
In-Distribution,25,exact_guidance_u,151,0,66,65,"[129, 52, 76, 81, 96, 110, 120, 119, 127, 127, 116, 107, 89, 69, 69, 61, 44, 28, 11, 12, 6, 2, 0, 0, 23, 23, 43, 65, 72, 81, 110, 114, 127, 123, 127, 125, 127, 112, 90, 93, 72, 62, 45, 33, 28, 30, 7, 5, 14, 0, 0, 0, 21, 25, 19, 35, 43, 56, 73, 93, 94, 117, 127, 122, 127, 112]","[52, 76, 81, 96, 110, 120, 119, 127, 127, 116, 107, 89, 69, 69, 61, 44, 28, 11, 12, 6, 2, 0, 0, 23, 23, 43, 65, 72, 81, 110, 114, 127, 123, 127, 125, 127, 112, 90, 93, 72, 62, 45, 33, 28, 30, 7, 5, 14, 0, 0, 0, 21, 25, 19, 35, 43, 56, 73, 93, 94, 117, 127, 122, 127, 112]"
In-Distribution,25,exact_guidance_u,152,0,66,65,"[129, 52, 76, 81, 96, 110, 120, 119, 127, 127, 116, 107, 89, 69, 69, 61, 44, 28, 11, 12, 6, 2, 0, 0, 23, 23, 43, 65, 72, 81, 110, 114, 127, 123, 127, 125, 127, 112, 90, 93, 72, 62, 45, 33, 28, 30, 7, 5, 14, 0, 0, 0, 21, 25, 19, 35, 43, 56, 73, 93, 94, 117, 127, 122, 127, 112]","[52, 76, 81, 96, 110, 120, 119, 127, 127, 116, 107, 89, 69, 69, 61, 44, 28, 11, 12, 6, 2, 0, 0, 23, 23, 43, 65, 72, 81, 110, 114, 127, 123, 127, 125, 127, 112, 90, 93, 72, 62, 45, 33, 28, 30, 7, 5, 14, 0, 0, 0, 21, 25, 19, 35, 43, 56, 73, 93, 94, 117, 127, 122, 127, 112]"
In-Distribution,25,exact_guidance_u,153,0,66,65,"[129, 52, 76, 81, 96, 110, 120, 119, 127, 127, 116, 107, 89, 69, 69, 61, 44, 28, 11, 12, 6, 2, 0, 0, 23, 23, 43, 65, 72, 81, 110, 114, 127, 123, 127, 125, 127, 112, 90, 93, 72, 62, 45, 33, 28, 30, 7, 5, 14, 0, 0, 0, 21, 25, 19, 35, 43, 56, 73, 93, 94, 117, 127, 122, 127, 112]","[52, 76, 81, 96, 110, 120, 119, 127, 127, 116, 107, 89, 69, 69, 61, 44, 28, 11, 12, 6, 2, 0, 0, 23, 23, 43, 65, 72, 81, 110, 114, 127, 123, 127, 125, 127, 112, 90, 93, 72, 62, 45, 33, 28, 30, 7, 5, 14, 0, 0, 0, 21, 25, 19, 35, 43, 56, 73, 93, 94, 117, 127, 122, 127, 112]"
In-Distribution,25,exact_guidance_u,154,0,66,65,"[129, 52, 76, 81, 96, 110, 120, 119, 127, 127, 116, 107, 89, 69, 69, 61, 44, 28, 11, 12, 6, 2, 0, 0, 23, 23, 43, 65, 72, 81, 110, 114, 127, 123, 127, 125, 127, 112, 90, 93, 72, 62, 45, 33, 28, 30, 7, 5, 14, 0, 0, 0, 21, 25, 19, 35, 43, 56, 73, 93, 94, 117, 127, 122, 127, 112]","[52, 76, 81, 96, 110, 120, 119, 127, 127, 116, 107, 89, 69, 69, 61, 44, 28, 11, 12, 6, 2, 0, 0, 23, 23, 43, 65, 72, 81, 110, 114, 127, 123, 127, 125, 127, 112, 90, 93, 72, 62, 45, 33, 28, 30, 7, 5, 14, 0, 0, 0, 21, 25, 19, 35, 43, 56, 73, 93, 94, 117, 127, 122, 127, 112]"
In-Distribution,25,exact_guidance_u,155,0,66,65,"[129, 52, 76, 81, 96, 110, 120, 119, 127, 127, 116, 107, 89, 69, 69, 61, 44, 28, 11, 12, 6, 2, 0, 0, 23, 23, 43, 65, 72, 81, 110, 114, 127, 123, 127, 125, 127, 112, 90, 93, 72, 62, 45, 33, 28, 30, 7, 5, 14, 0, 0, 0, 21, 25, 19, 35, 43, 56, 73, 93, 94, 117, 127, 122, 127, 112]","[52, 76, 81, 96, 110, 120, 119, 127, 127, 116, 107, 89, 69, 69, 61, 44, 28, 11, 12, 6, 2, 0, 0, 23, 23, 43, 65, 72, 81, 110, 114, 127, 123, 127, 125, 127, 112, 90, 93, 72, 62, 45, 33, 28, 30, 7, 5, 14, 0, 0, 0, 21, 25, 19, 35, 43, 56, 73, 93, 94, 117, 127, 122, 127, 112]"
In-Distribution,25,exact_guidance_u,156,0,66,65,"[129, 52, 76, 81, 96, 110, 120, 119, 127, 127, 116, 107, 89, 69, 69, 61, 44, 28, 11, 12, 6, 2, 0, 0, 23, 23, 43, 65, 72, 81, 110, 114, 127, 123, 127, 125, 127, 112, 90, 93, 72, 62, 45, 33, 28, 30, 7, 5, 14, 0, 0, 0, 21, 25, 19, 35, 43, 56, 73, 93, 94, 117, 127, 122, 127, 112]","[52, 76, 81, 96, 110, 120, 119, 127, 127, 116, 107, 89, 69, 69, 61, 44, 28, 11, 12, 6, 2, 0, 0, 23, 23, 43, 65, 72, 81, 110, 114, 127, 123, 127, 125, 127, 112, 90, 93, 72, 62, 45, 33, 28, 30, 7, 5, 14, 0, 0, 0, 21, 25, 19, 35, 43, 56, 73, 93, 94, 117, 127, 122, 127, 112]"
In-Distribution,25,exact_guidance_u,157,0,66,65,"[129, 52, 76, 81, 96, 110, 120, 119, 127, 127, 116, 107, 89, 69, 69, 61, 44, 28, 11, 12, 6, 2, 0, 0, 23, 23, 43, 65, 72, 81, 110, 114, 127, 123, 127, 125, 127, 112, 90, 93, 72, 62, 45, 33, 28, 30, 7, 5, 14, 0, 0, 0, 21, 25, 19, 35, 43, 56, 73, 93, 94, 117, 127, 122, 127, 112]","[52, 76, 81, 96, 110, 120, 119, 127, 127, 116, 107, 89, 69, 69, 61, 44, 28, 11, 12, 6, 2, 0, 0, 23, 23, 43, 65, 72, 81, 110, 114, 127, 123, 127, 125, 127, 112, 90, 93, 72, 62, 45, 33, 28, 30, 7, 5, 14, 0, 0, 0, 21, 25, 19, 35, 43, 56, 73, 93, 94, 117, 127, 122, 127, 112]"
In-Distribution,25,exact_guidance_u,158,0,66,65,"[129, 52, 76, 81, 96, 110, 120, 119, 127, 127, 116, 107, 89, 69, 69, 61, 44, 28, 11, 12, 6, 2, 0, 0, 23, 23, 43, 65, 72, 81, 110, 114, 127, 123, 127, 125, 127, 112, 90, 93, 72, 62, 45, 33, 28, 30, 7, 5, 14, 0, 0, 0, 21, 25, 19, 35, 43, 56, 73, 93, 94, 117, 127, 122, 127, 112]","[52, 76, 81, 96, 110, 120, 119, 127, 127, 116, 107, 89, 69, 69, 61, 44, 28, 11, 12, 6, 2, 0, 0, 23, 23, 43, 65, 72, 81, 110, 114, 127, 123, 127, 125, 127, 112, 90, 93, 72, 62, 45, 33, 28, 30, 7, 5, 14, 0, 0, 0, 21, 25, 19, 35, 43, 56, 73, 93, 94, 117, 127, 122, 127, 112]"
In-Distribution,25,exact_guidance_u,159,0,66,65,"[129, 52, 76, 81, 96, 110, 120, 119, 127, 127, 116, 107, 89, 69, 69, 61, 44, 28, 11, 12, 6, 2, 0, 0, 23, 23, 43, 65, 72, 81, 110, 114, 127, 123, 127, 125, 127, 112, 90, 93, 72, 62, 45, 33, 28, 30, 7, 5, 14, 0, 0, 0, 21, 25, 19, 35, 43, 56, 73, 93, 94, 117, 127, 122, 127, 112]","[52, 76, 81, 96, 110, 120, 119, 127, 127, 116, 107, 89, 69, 69, 61, 44, 28, 11, 12, 6, 2, 0, 0, 23, 23, 43, 65, 72, 81, 110, 114, 127, 123, 127, 125, 127, 112, 90, 93, 72, 62, 45, 33, 28, 30, 7, 5, 14, 0, 0, 0, 21, 25, 19, 35, 43, 56, 73, 93, 94, 117, 127, 122, 127, 112]"
In-Distribution,25,exact_guidance_u,160,0,66,65,"[129, 52, 76, 81, 96, 110, 120, 119, 127, 127, 116, 107, 89, 69, 69, 61, 44, 28, 11, 12, 6, 2, 0, 0, 23, 23, 43, 65, 72, 81, 110, 114, 127, 123, 127, 125, 127, 112, 90, 93, 72, 62, 45, 33, 28, 30, 7, 5, 14, 0, 0, 0, 21, 25, 19, 35, 43, 56, 73, 93, 94, 117, 127, 122, 127, 112]","[52, 76, 81, 96, 110, 120, 119, 127, 127, 116, 107, 89, 69, 69, 61, 44, 28, 11, 12, 6, 2, 0, 0, 23, 23, 43, 65, 72, 81, 110, 114, 127, 123, 127, 125, 127, 112, 90, 93, 72, 62, 45, 33, 28, 30, 7, 5, 14, 0, 0, 0, 21, 25, 19, 35, 43, 56, 73, 93, 94, 117, 127, 122, 127, 112]"
In-Distribution,25,exact_guidance_u,161,0,66,65,"[129, 52, 76, 81, 96, 110, 120, 119, 127, 127, 116, 107, 89, 69, 69, 61, 44, 28, 11, 12, 6, 2, 0, 0, 23, 23, 43, 65, 72, 81, 110, 114, 127, 123, 127, 125, 127, 112, 90, 93, 72, 62, 45, 33, 28, 30, 7, 5, 14, 0, 0, 0, 21, 25, 19, 35, 43, 56, 73, 93, 94, 117, 127, 122, 127, 112]","[52, 76, 81, 96, 110, 120, 119, 127, 127, 116, 107, 89, 69, 69, 61, 44, 28, 11, 12, 6, 2, 0, 0, 23, 23, 43, 65, 72, 81, 110, 114, 127, 123, 127, 125, 127, 112, 90, 93, 72, 62, 45, 33, 28, 30, 7, 5, 14, 0, 0, 0, 21, 25, 19, 35, 43, 56, 73, 93, 94, 117, 127, 122, 127, 112]"
In-Distribution,25,exact_guidance_u,162,0,66,65,"[129, 52, 76, 81, 96, 110, 120, 119, 127, 127, 116, 107, 89, 69, 69, 61, 44, 28, 11, 12, 6, 2, 0, 0, 23, 23, 43, 65, 72, 81, 110, 114, 127, 123, 127, 125, 127, 112, 90, 93, 72, 62, 45, 33, 28, 30, 7, 5, 14, 0, 0, 0, 21, 25, 19, 35, 43, 56, 73, 93, 94, 117, 127, 122, 127, 112]","[52, 76, 81, 96, 110, 120, 119, 127, 127, 116, 107, 89, 69, 69, 61, 44, 28, 11, 12, 6, 2, 0, 0, 23, 23, 43, 65, 72, 81, 110, 114, 127, 123, 127, 125, 127, 112, 90, 93, 72, 62, 45, 33, 28, 30, 7, 5, 14, 0, 0, 0, 21, 25, 19, 35, 43, 56, 73, 93, 94, 117, 127, 122, 127, 112]"
In-Distribution,25,exact_guidance_u,163,0,66,65,"[129, 52, 76, 81, 96, 110, 120, 119, 127, 127, 116, 107, 89, 69, 69, 61, 44, 28, 11, 12, 6, 2, 0, 0, 23, 23, 43, 65, 72, 81, 110, 114, 127, 123, 127, 125, 127, 112, 90, 93, 72, 62, 45, 33, 28, 30, 7, 5, 14, 0, 0, 0, 21, 25, 19, 35, 43, 56, 73, 93, 94, 117, 127, 122, 127, 112]","[52, 76, 81, 96, 110, 120, 119, 127, 127, 116, 107, 89, 69, 69, 61, 44, 28, 11, 12, 6, 2, 0, 0, 23, 23, 43, 65, 72, 81, 110, 114, 127, 123, 127, 125, 127, 112, 90, 93, 72, 62, 45, 33, 28, 30, 7, 5, 14, 0, 0, 0, 21, 25, 19, 35, 43, 56, 73, 93, 94, 117, 127, 122, 127, 112]"
In-Distribution,25,exact_guidance_u,164,0,66,65,"[129, 52, 76, 81, 96, 110, 120, 119, 127, 127, 116, 107, 89, 69, 69, 61, 44, 28, 11, 12, 6, 2, 0, 0, 23, 23, 43, 65, 72, 81, 110, 114, 127, 123, 127, 125, 127, 112, 90, 93, 72, 62, 45, 33, 28, 30, 7, 5, 14, 0, 0, 0, 21, 25, 19, 35, 43, 56, 73, 93, 94, 117, 127, 122, 127, 112]","[52, 76, 81, 96, 110, 120, 119, 127, 127, 116, 107, 89, 69, 69, 61, 44, 28, 11, 12, 6, 2, 0, 0, 23, 23, 43, 65, 72, 81, 110, 114, 127, 123, 127, 125, 127, 112, 90, 93, 72, 62, 45, 33, 28, 30, 7, 5, 14, 0, 0, 0, 21, 25, 19, 35, 43, 56, 73, 93, 94, 117, 127, 122, 127, 112]"
In-Distribution,25,exact_guidance_u,165,0,66,65,"[129, 52, 76, 81, 96, 110, 120, 119, 127, 127, 116, 107, 89, 69, 69, 61, 44, 28, 11, 12, 6, 2, 0, 0, 23, 23, 43, 65, 72, 81, 110, 114, 127, 123, 127, 125, 127, 112, 90, 93, 72, 62, 45, 33, 28, 30, 7, 5, 14, 0, 0, 0, 21, 25, 19, 35, 43, 56, 73, 93, 94, 117, 127, 122, 127, 112]","[52, 76, 81, 96, 110, 120, 119, 127, 127, 116, 107, 89, 69, 69, 61, 44, 28, 11, 12, 6, 2, 0, 0, 23, 23, 43, 65, 72, 81, 110, 114, 127, 123, 127, 125, 127, 112, 90, 93, 72, 62, 45, 33, 28, 30, 7, 5, 14, 0, 0, 0, 21, 25, 19, 35, 43, 56, 73, 93, 94, 117, 127, 122, 127, 112]"
In-Distribution,25,exact_guidance_u,166,0,66,65,"[129, 52, 76, 81, 96, 110, 120, 119, 127, 127, 116, 107, 89, 69, 69, 61, 44, 28, 11, 12, 6, 2, 0, 0, 23, 23, 43, 65, 72, 81, 110, 114, 127, 123, 127, 125, 127, 112, 90, 93, 72, 62, 45, 33, 28, 30, 7, 5, 14, 0, 0, 0, 21, 25, 19, 35, 43, 56, 73, 93, 94, 117, 127, 122, 127, 112]","[52, 76, 81, 96, 110, 120, 119, 127, 127, 116, 107, 89, 69, 69, 61, 44, 28, 11, 12, 6, 2, 0, 0, 23, 23, 43, 65, 72, 81, 110, 114, 127, 123, 127, 125, 127, 112, 90, 93, 72, 62, 45, 33, 28, 30, 7, 5, 14, 0, 0, 0, 21, 25, 19, 35, 43, 56, 73, 93, 94, 117, 127, 122, 127, 112]"
In-Distribution,25,exact_guidance_u,167,0,66,65,"[129, 52, 76, 81, 96, 110, 120, 119, 127, 127, 116, 107, 89, 69, 69, 61, 44, 28, 11, 12, 6, 2, 0, 0, 23, 23, 43, 65, 72, 81, 110, 114, 127, 123, 127, 125, 127, 112, 90, 93, 72, 62, 45, 33, 28, 30, 7, 5, 14, 0, 0, 0, 21, 25, 19, 35, 43, 56, 73, 93, 94, 117, 127, 122, 127, 112]","[52, 76, 81, 96, 110, 120, 119, 127, 127, 116, 107, 89, 69, 69, 61, 44, 28, 11, 12, 6, 2, 0, 0, 23, 23, 43, 65, 72, 81, 110, 114, 127, 123, 127, 125, 127, 112, 90, 93, 72, 62, 45, 33, 28, 30, 7, 5, 14, 0, 0, 0, 21, 25, 19, 35, 43, 56, 73, 93, 94, 117, 127, 122, 127, 112]"
In-Distribution,25,exact_guidance_u,168,0,66,65,"[129, 52, 76, 81, 96, 110, 120, 119, 127, 127, 116, 107, 89, 69, 69, 61, 44, 28, 11, 12, 6, 2, 0, 0, 23, 23, 43, 65, 72, 81, 110, 114, 127, 123, 127, 125, 127, 112, 90, 93, 72, 62, 45, 33, 28, 30, 7, 5, 14, 0, 0, 0, 21, 25, 19, 35, 43, 56, 73, 93, 94, 117, 127, 122, 127, 112]","[52, 76, 81, 96, 110, 120, 119, 127, 127, 116, 107, 89, 69, 69, 61, 44, 28, 11, 12, 6, 2, 0, 0, 23, 23, 43, 65, 72, 81, 110, 114, 127, 123, 127, 125, 127, 112, 90, 93, 72, 62, 45, 33, 28, 30, 7, 5, 14, 0, 0, 0, 21, 25, 19, 35, 43, 56, 73, 93, 94, 117, 127, 122, 127, 112]"
In-Distribution,25,exact_guidance_u,169,0,66,65,"[129, 52, 76, 81, 96, 110, 120, 119, 127, 127, 116, 107, 89, 69, 69, 61, 44, 28, 11, 12, 6, 2, 0, 0, 23, 23, 43, 65, 72, 81, 110, 114, 127, 123, 127, 125, 127, 112, 90, 93, 72, 62, 45, 33, 28, 30, 7, 5, 14, 0, 0, 0, 21, 25, 19, 35, 43, 56, 73, 93, 94, 117, 127, 122, 127, 112]","[52, 76, 81, 96, 110, 120, 119, 127, 127, 116, 107, 89, 69, 69, 61, 44, 28, 11, 12, 6, 2, 0, 0, 23, 23, 43, 65, 72, 81, 110, 114, 127, 123, 127, 125, 127, 112, 90, 93, 72, 62, 45, 33, 28, 30, 7, 5, 14, 0, 0, 0, 21, 25, 19, 35, 43, 56, 73, 93, 94, 117, 127, 122, 127, 112]"
In-Distribution,25,exact_guidance_u,170,0,66,65,"[129, 52, 76, 81, 96, 110, 120, 119, 127, 127, 116, 107, 89, 69, 69, 61, 44, 28, 11, 12, 6, 2, 0, 0, 23, 23, 43, 65, 72, 81, 110, 114, 127, 123, 127, 125, 127, 112, 90, 93, 72, 62, 45, 33, 28, 30, 7, 5, 14, 0, 0, 0, 21, 25, 19, 35, 43, 56, 73, 93, 94, 117, 127, 122, 127, 112]","[52, 76, 81, 96, 110, 120, 119, 127, 127, 116, 107, 89, 69, 69, 61, 44, 28, 11, 12, 6, 2, 0, 0, 23, 23, 43, 65, 72, 81, 110, 114, 127, 123, 127, 125, 127, 112, 90, 93, 72, 62, 45, 33, 28, 30, 7, 5, 14, 0, 0, 0, 21, 25, 19, 35, 43, 56, 73, 93, 94, 117, 127, 122, 127, 112]"
In-Distribution,25,exact_guidance_u,171,0,66,65,"[129, 52, 76, 81, 96, 110, 120, 119, 127, 127, 116, 107, 89, 69, 69, 61, 44, 28, 11, 12, 6, 2, 0, 0, 23, 23, 43, 65, 72, 81, 110, 114, 127, 123, 127, 125, 127, 112, 90, 93, 72, 62, 45, 33, 28, 30, 7, 5, 14, 0, 0, 0, 21, 25, 19, 35, 43, 56, 73, 93, 94, 117, 127, 122, 127, 112]","[52, 76, 81, 96, 110, 120, 119, 127, 127, 116, 107, 89, 69, 69, 61, 44, 28, 11, 12, 6, 2, 0, 0, 23, 23, 43, 65, 72, 81, 110, 114, 127, 123, 127, 125, 127, 112, 90, 93, 72, 62, 45, 33, 28, 30, 7, 5, 14, 0, 0, 0, 21, 25, 19, 35, 43, 56, 73, 93, 94, 117, 127, 122, 127, 112]"
In-Distribution,25,exact_guidance_u,172,0,66,65,"[129, 52, 76, 81, 96, 110, 120, 119, 127, 127, 116, 107, 89, 69, 69, 61, 44, 28, 11, 12, 6, 2, 0, 0, 23, 23, 43, 65, 72, 81, 110, 114, 127, 123, 127, 125, 127, 112, 90, 93, 72, 62, 45, 33, 28, 30, 7, 5, 14, 0, 0, 0, 21, 25, 19, 35, 43, 56, 73, 93, 94, 117, 127, 122, 127, 112]","[52, 76, 81, 96, 110, 120, 119, 127, 127, 116, 107, 89, 69, 69, 61, 44, 28, 11, 12, 6, 2, 0, 0, 23, 23, 43, 65, 72, 81, 110, 114, 127, 123, 127, 125, 127, 112, 90, 93, 72, 62, 45, 33, 28, 30, 7, 5, 14, 0, 0, 0, 21, 25, 19, 35, 43, 56, 73, 93, 94, 117, 127, 122, 127, 112]"
In-Distribution,25,exact_guidance_u,173,0,66,65,"[129, 52, 76, 81, 96, 110, 120, 119, 127, 127, 116, 107, 89, 69, 69, 61, 44, 28, 11, 12, 6, 2, 0, 0, 23, 23, 43, 65, 72, 81, 110, 114, 127, 123, 127, 125, 127, 112, 90, 93, 72, 62, 45, 33, 28, 30, 7, 5, 14, 0, 0, 0, 21, 25, 19, 35, 43, 56, 73, 93, 94, 117, 127, 122, 127, 112]","[52, 76, 81, 96, 110, 120, 119, 127, 127, 116, 107, 89, 69, 69, 61, 44, 28, 11, 12, 6, 2, 0, 0, 23, 23, 43, 65, 72, 81, 110, 114, 127, 123, 127, 125, 127, 112, 90, 93, 72, 62, 45, 33, 28, 30, 7, 5, 14, 0, 0, 0, 21, 25, 19, 35, 43, 56, 73, 93, 94, 117, 127, 122, 127, 112]"
In-Distribution,25,exact_guidance_u,174,0,66,65,"[129, 52, 76, 81, 96, 110, 120, 119, 127, 127, 116, 107, 89, 69, 69, 61, 44, 28, 11, 12, 6, 2, 0, 0, 23, 23, 43, 65, 72, 81, 110, 114, 127, 123, 127, 125, 127, 112, 90, 93, 72, 62, 45, 33, 28, 30, 7, 5, 14, 0, 0, 0, 21, 25, 19, 35, 43, 56, 73, 93, 94, 117, 127, 122, 127, 112]","[52, 76, 81, 96, 110, 120, 119, 127, 127, 116, 107, 89, 69, 69, 61, 44, 28, 11, 12, 6, 2, 0, 0, 23, 23, 43, 65, 72, 81, 110, 114, 127, 123, 127, 125, 127, 112, 90, 93, 72, 62, 45, 33, 28, 30, 7, 5, 14, 0, 0, 0, 21, 25, 19, 35, 43, 56, 73, 93, 94, 117, 127, 122, 127, 112]"
In-Distribution,25,exact_guidance_u,175,0,66,65,"[129, 52, 76, 81, 96, 110, 120, 119, 127, 127, 116, 107, 89, 69, 69, 61, 44, 28, 11, 12, 6, 2, 0, 0, 23, 23, 43, 65, 72, 81, 110, 114, 127, 123, 127, 125, 127, 112, 90, 93, 72, 62, 45, 33, 28, 30, 7, 5, 14, 0, 0, 0, 21, 25, 19, 35, 43, 56, 73, 93, 94, 117, 127, 122, 127, 112]","[52, 76, 81, 96, 110, 120, 119, 127, 127, 116, 107, 89, 69, 69, 61, 44, 28, 11, 12, 6, 2, 0, 0, 23, 23, 43, 65, 72, 81, 110, 114, 127, 123, 127, 125, 127, 112, 90, 93, 72, 62, 45, 33, 28, 30, 7, 5, 14, 0, 0, 0, 21, 25, 19, 35, 43, 56, 73, 93, 94, 117, 127, 122, 127, 112]"
In-Distribution,25,exact_guidance_u,176,0,66,65,"[129, 52, 76, 81, 96, 110, 120, 119, 127, 127, 116, 107, 89, 69, 69, 61, 44, 28, 11, 12, 6, 2, 0, 0, 23, 23, 43, 65, 72, 81, 110, 114, 127, 123, 127, 125, 127, 112, 90, 93, 72, 62, 45, 33, 28, 30, 7, 5, 14, 0, 0, 0, 21, 25, 19, 35, 43, 56, 73, 93, 94, 117, 127, 122, 127, 112]","[52, 76, 81, 96, 110, 120, 119, 127, 127, 116, 107, 89, 69, 69, 61, 44, 28, 11, 12, 6, 2, 0, 0, 23, 23, 43, 65, 72, 81, 110, 114, 127, 123, 127, 125, 127, 112, 90, 93, 72, 62, 45, 33, 28, 30, 7, 5, 14, 0, 0, 0, 21, 25, 19, 35, 43, 56, 73, 93, 94, 117, 127, 122, 127, 112]"
In-Distribution,25,exact_guidance_u,177,0,66,65,"[129, 52, 76, 81, 96, 110, 120, 119, 127, 127, 116, 107, 89, 69, 69, 61, 44, 28, 11, 12, 6, 2, 0, 0, 23, 23, 43, 65, 72, 81, 110, 114, 127, 123, 127, 125, 127, 112, 90, 93, 72, 62, 45, 33, 28, 30, 7, 5, 14, 0, 0, 0, 21, 25, 19, 35, 43, 56, 73, 93, 94, 117, 127, 122, 127, 112]","[52, 76, 81, 96, 110, 120, 119, 127, 127, 116, 107, 89, 69, 69, 61, 44, 28, 11, 12, 6, 2, 0, 0, 23, 23, 43, 65, 72, 81, 110, 114, 127, 123, 127, 125, 127, 112, 90, 93, 72, 62, 45, 33, 28, 30, 7, 5, 14, 0, 0, 0, 21, 25, 19, 35, 43, 56, 73, 93, 94, 117, 127, 122, 127, 112]"
In-Distribution,25,exact_guidance_u,178,0,66,65,"[129, 52, 76, 81, 96, 110, 120, 119, 127, 127, 116, 107, 89, 69, 69, 61, 44, 28, 11, 12, 6, 2, 0, 0, 23, 23, 43, 65, 72, 81, 110, 114, 127, 123, 127, 125, 127, 112, 90, 93, 72, 62, 45, 33, 28, 30, 7, 5, 14, 0, 0, 0, 21, 25, 19, 35, 43, 56, 73, 93, 94, 117, 127, 122, 127, 112]","[52, 76, 81, 96, 110, 120, 119, 127, 127, 116, 107, 89, 69, 69, 61, 44, 28, 11, 12, 6, 2, 0, 0, 23, 23, 43, 65, 72, 81, 110, 114, 127, 123, 127, 125, 127, 112, 90, 93, 72, 62, 45, 33, 28, 30, 7, 5, 14, 0, 0, 0, 21, 25, 19, 35, 43, 56, 73, 93, 94, 117, 127, 122, 127, 112]"
In-Distribution,25,exact_guidance_u,179,0,66,65,"[129, 52, 76, 81, 96, 110, 120, 119, 127, 127, 116, 107, 89, 69, 69, 61, 44, 28, 11, 12, 6, 2, 0, 0, 23, 23, 43, 65, 72, 81, 110, 114, 127, 123, 127, 125, 127, 112, 90, 93, 72, 62, 45, 33, 28, 30, 7, 5, 14, 0, 0, 0, 21, 25, 19, 35, 43, 56, 73, 93, 94, 117, 127, 122, 127, 112]","[52, 76, 81, 96, 110, 120, 119, 127, 127, 116, 107, 89, 69, 69, 61, 44, 28, 11, 12, 6, 2, 0, 0, 23, 23, 43, 65, 72, 81, 110, 114, 127, 123, 127, 125, 127, 112, 90, 93, 72, 62, 45, 33, 28, 30, 7, 5, 14, 0, 0, 0, 21, 25, 19, 35, 43, 56, 73, 93, 94, 117, 127, 122, 127, 112]"
In-Distribution,25,exact_guidance_u,180,0,66,65,"[129, 52, 76, 81, 96, 110, 120, 119, 127, 127, 116, 107, 89, 69, 69, 61, 44, 28, 11, 12, 6, 2, 0, 0, 23, 23, 43, 65, 72, 81, 110, 114, 127, 123, 127, 125, 127, 112, 90, 93, 72, 62, 45, 33, 28, 30, 7, 5, 14, 0, 0, 0, 21, 25, 19, 35, 43, 56, 73, 93, 94, 117, 127, 122, 127, 112]","[52, 76, 81, 96, 110, 120, 119, 127, 127, 116, 107, 89, 69, 69, 61, 44, 28, 11, 12, 6, 2, 0, 0, 23, 23, 43, 65, 72, 81, 110, 114, 127, 123, 127, 125, 127, 112, 90, 93, 72, 62, 45, 33, 28, 30, 7, 5, 14, 0, 0, 0, 21, 25, 19, 35, 43, 56, 73, 93, 94, 117, 127, 122, 127, 112]"
In-Distribution,25,exact_guidance_u,181,0,66,65,"[129, 52, 76, 81, 96, 110, 120, 119, 127, 127, 116, 107, 89, 69, 69, 61, 44, 28, 11, 12, 6, 2, 0, 0, 23, 23, 43, 65, 72, 81, 110, 114, 127, 123, 127, 125, 127, 112, 90, 93, 72, 62, 45, 33, 28, 30, 7, 5, 14, 0, 0, 0, 21, 25, 19, 35, 43, 56, 73, 93, 94, 117, 127, 122, 127, 112]","[52, 76, 81, 96, 110, 120, 119, 127, 127, 116, 107, 89, 69, 69, 61, 44, 28, 11, 12, 6, 2, 0, 0, 23, 23, 43, 65, 72, 81, 110, 114, 127, 123, 127, 125, 127, 112, 90, 93, 72, 62, 45, 33, 28, 30, 7, 5, 14, 0, 0, 0, 21, 25, 19, 35, 43, 56, 73, 93, 94, 117, 127, 122, 127, 112]"
In-Distribution,25,exact_guidance_u,182,0,66,65,"[129, 52, 76, 81, 96, 110, 120, 119, 127, 127, 116, 107, 89, 69, 69, 61, 44, 28, 11, 12, 6, 2, 0, 0, 23, 23, 43, 65, 72, 81, 110, 114, 127, 123, 127, 125, 127, 112, 90, 93, 72, 62, 45, 33, 28, 30, 7, 5, 14, 0, 0, 0, 21, 25, 19, 35, 43, 56, 73, 93, 94, 117, 127, 122, 127, 112]","[52, 76, 81, 96, 110, 120, 119, 127, 127, 116, 107, 89, 69, 69, 61, 44, 28, 11, 12, 6, 2, 0, 0, 23, 23, 43, 65, 72, 81, 110, 114, 127, 123, 127, 125, 127, 112, 90, 93, 72, 62, 45, 33, 28, 30, 7, 5, 14, 0, 0, 0, 21, 25, 19, 35, 43, 56, 73, 93, 94, 117, 127, 122, 127, 112]"
In-Distribution,25,exact_guidance_u,183,0,66,65,"[129, 52, 76, 81, 96, 110, 120, 119, 127, 127, 116, 107, 89, 69, 69, 61, 44, 28, 11, 12, 6, 2, 0, 0, 23, 23, 43, 65, 72, 81, 110, 114, 127, 123, 127, 125, 127, 112, 90, 93, 72, 62, 45, 33, 28, 30, 7, 5, 14, 0, 0, 0, 21, 25, 19, 35, 43, 56, 73, 93, 94, 117, 127, 122, 127, 112]","[52, 76, 81, 96, 110, 120, 119, 127, 127, 116, 107, 89, 69, 69, 61, 44, 28, 11, 12, 6, 2, 0, 0, 23, 23, 43, 65, 72, 81, 110, 114, 127, 123, 127, 125, 127, 112, 90, 93, 72, 62, 45, 33, 28, 30, 7, 5, 14, 0, 0, 0, 21, 25, 19, 35, 43, 56, 73, 93, 94, 117, 127, 122, 127, 112]"
In-Distribution,25,exact_guidance_u,184,0,66,65,"[129, 52, 76, 81, 96, 110, 120, 119, 127, 127, 116, 107, 89, 69, 69, 61, 44, 28, 11, 12, 6, 2, 0, 0, 23, 23, 43, 65, 72, 81, 110, 114, 127, 123, 127, 125, 127, 112, 90, 93, 72, 62, 45, 33, 28, 30, 7, 5, 14, 0, 0, 0, 21, 25, 19, 35, 43, 56, 73, 93, 94, 117, 127, 122, 127, 112]","[52, 76, 81, 96, 110, 120, 119, 127, 127, 116, 107, 89, 69, 69, 61, 44, 28, 11, 12, 6, 2, 0, 0, 23, 23, 43, 65, 72, 81, 110, 114, 127, 123, 127, 125, 127, 112, 90, 93, 72, 62, 45, 33, 28, 30, 7, 5, 14, 0, 0, 0, 21, 25, 19, 35, 43, 56, 73, 93, 94, 117, 127, 122, 127, 112]"
In-Distribution,25,exact_guidance_u,185,0,66,65,"[129, 52, 76, 81, 96, 110, 120, 119, 127, 127, 116, 107, 89, 69, 69, 61, 44, 28, 11, 12, 6, 2, 0, 0, 23, 23, 43, 65, 72, 81, 110, 114, 127, 123, 127, 125, 127, 112, 90, 93, 72, 62, 45, 33, 28, 30, 7, 5, 14, 0, 0, 0, 21, 25, 19, 35, 43, 56, 73, 93, 94, 117, 127, 122, 127, 112]","[52, 76, 81, 96, 110, 120, 119, 127, 127, 116, 107, 89, 69, 69, 61, 44, 28, 11, 12, 6, 2, 0, 0, 23, 23, 43, 65, 72, 81, 110, 114, 127, 123, 127, 125, 127, 112, 90, 93, 72, 62, 45, 33, 28, 30, 7, 5, 14, 0, 0, 0, 21, 25, 19, 35, 43, 56, 73, 93, 94, 117, 127, 122, 127, 112]"
In-Distribution,25,exact_guidance_u,186,0,66,65,"[129, 52, 76, 81, 96, 110, 120, 119, 127, 127, 116, 107, 89, 69, 69, 61, 44, 28, 11, 12, 6, 2, 0, 0, 23, 23, 43, 65, 72, 81, 110, 114, 127, 123, 127, 125, 127, 112, 90, 93, 72, 62, 45, 33, 28, 30, 7, 5, 14, 0, 0, 0, 21, 25, 19, 35, 43, 56, 73, 93, 94, 117, 127, 122, 127, 112]","[52, 76, 81, 96, 110, 120, 119, 127, 127, 116, 107, 89, 69, 69, 61, 44, 28, 11, 12, 6, 2, 0, 0, 23, 23, 43, 65, 72, 81, 110, 114, 127, 123, 127, 125, 127, 112, 90, 93, 72, 62, 45, 33, 28, 30, 7, 5, 14, 0, 0, 0, 21, 25, 19, 35, 43, 56, 73, 93, 94, 117, 127, 122, 127, 112]"
In-Distribution,25,exact_guidance_u,187,0,66,65,"[129, 52, 76, 81, 96, 110, 120, 119, 127, 127, 116, 107, 89, 69, 69, 61, 44, 28, 11, 12, 6, 2, 0, 0, 23, 23, 43, 65, 72, 81, 110, 114, 127, 123, 127, 125, 127, 112, 90, 93, 72, 62, 45, 33, 28, 30, 7, 5, 14, 0, 0, 0, 21, 25, 19, 35, 43, 56, 73, 93, 94, 117, 127, 122, 127, 112]","[52, 76, 81, 96, 110, 120, 119, 127, 127, 116, 107, 89, 69, 69, 61, 44, 28, 11, 12, 6, 2, 0, 0, 23, 23, 43, 65, 72, 81, 110, 114, 127, 123, 127, 125, 127, 112, 90, 93, 72, 62, 45, 33, 28, 30, 7, 5, 14, 0, 0, 0, 21, 25, 19, 35, 43, 56, 73, 93, 94, 117, 127, 122, 127, 112]"
In-Distribution,25,exact_guidance_u,188,0,66,65,"[129, 52, 76, 81, 96, 110, 120, 119, 127, 127, 116, 107, 89, 69, 69, 61, 44, 28, 11, 12, 6, 2, 0, 0, 23, 23, 43, 65, 72, 81, 110, 114, 127, 123, 127, 125, 127, 112, 90, 93, 72, 62, 45, 33, 28, 30, 7, 5, 14, 0, 0, 0, 21, 25, 19, 35, 43, 56, 73, 93, 94, 117, 127, 122, 127, 112]","[52, 76, 81, 96, 110, 120, 119, 127, 127, 116, 107, 89, 69, 69, 61, 44, 28, 11, 12, 6, 2, 0, 0, 23, 23, 43, 65, 72, 81, 110, 114, 127, 123, 127, 125, 127, 112, 90, 93, 72, 62, 45, 33, 28, 30, 7, 5, 14, 0, 0, 0, 21, 25, 19, 35, 43, 56, 73, 93, 94, 117, 127, 122, 127, 112]"
In-Distribution,25,exact_guidance_u,189,0,66,65,"[129, 52, 76, 81, 96, 110, 120, 119, 127, 127, 116, 107, 89, 69, 69, 61, 44, 28, 11, 12, 6, 2, 0, 0, 23, 23, 43, 65, 72, 81, 110, 114, 127, 123, 127, 125, 127, 112, 90, 93, 72, 62, 45, 33, 28, 30, 7, 5, 14, 0, 0, 0, 21, 25, 19, 35, 43, 56, 73, 93, 94, 117, 127, 122, 127, 112]","[52, 76, 81, 96, 110, 120, 119, 127, 127, 116, 107, 89, 69, 69, 61, 44, 28, 11, 12, 6, 2, 0, 0, 23, 23, 43, 65, 72, 81, 110, 114, 127, 123, 127, 125, 127, 112, 90, 93, 72, 62, 45, 33, 28, 30, 7, 5, 14, 0, 0, 0, 21, 25, 19, 35, 43, 56, 73, 93, 94, 117, 127, 122, 127, 112]"
In-Distribution,25,exact_guidance_u,190,0,66,65,"[129, 52, 76, 81, 96, 110, 120, 119, 127, 127, 116, 107, 89, 69, 69, 61, 44, 28, 11, 12, 6, 2, 0, 0, 23, 23, 43, 65, 72, 81, 110, 114, 127, 123, 127, 125, 127, 112, 90, 93, 72, 62, 45, 33, 28, 30, 7, 5, 14, 0, 0, 0, 21, 25, 19, 35, 43, 56, 73, 93, 94, 117, 127, 122, 127, 112]","[52, 76, 81, 96, 110, 120, 119, 127, 127, 116, 107, 89, 69, 69, 61, 44, 28, 11, 12, 6, 2, 0, 0, 23, 23, 43, 65, 72, 81, 110, 114, 127, 123, 127, 125, 127, 112, 90, 93, 72, 62, 45, 33, 28, 30, 7, 5, 14, 0, 0, 0, 21, 25, 19, 35, 43, 56, 73, 93, 94, 117, 127, 122, 127, 112]"
In-Distribution,25,exact_guidance_u,191,0,66,65,"[129, 52, 76, 81, 96, 110, 120, 119, 127, 127, 116, 107, 89, 69, 69, 61, 44, 28, 11, 12, 6, 2, 0, 0, 23, 23, 43, 65, 72, 81, 110, 114, 127, 123, 127, 125, 127, 112, 90, 93, 72, 62, 45, 33, 28, 30, 7, 5, 14, 0, 0, 0, 21, 25, 19, 35, 43, 56, 73, 93, 94, 117, 127, 122, 127, 112]","[52, 76, 81, 96, 110, 120, 119, 127, 127, 116, 107, 89, 69, 69, 61, 44, 28, 11, 12, 6, 2, 0, 0, 23, 23, 43, 65, 72, 81, 110, 114, 127, 123, 127, 125, 127, 112, 90, 93, 72, 62, 45, 33, 28, 30, 7, 5, 14, 0, 0, 0, 21, 25, 19, 35, 43, 56, 73, 93, 94, 117, 127, 122, 127, 112]"
In-Distribution,25,exact_guidance_u,192,0,66,65,"[129, 52, 76, 81, 96, 110, 120, 119, 127, 127, 116, 107, 89, 69, 69, 61, 44, 28, 11, 12, 6, 2, 0, 0, 23, 23, 43, 65, 72, 81, 110, 114, 127, 123, 127, 125, 127, 112, 90, 93, 72, 62, 45, 33, 28, 30, 7, 5, 14, 0, 0, 0, 21, 25, 19, 35, 43, 56, 73, 93, 94, 117, 127, 122, 127, 112]","[52, 76, 81, 96, 110, 120, 119, 127, 127, 116, 107, 89, 69, 69, 61, 44, 28, 11, 12, 6, 2, 0, 0, 23, 23, 43, 65, 72, 81, 110, 114, 127, 123, 127, 125, 127, 112, 90, 93, 72, 62, 45, 33, 28, 30, 7, 5, 14, 0, 0, 0, 21, 25, 19, 35, 43, 56, 73, 93, 94, 117, 127, 122, 127, 112]"
In-Distribution,25,exact_guidance_u,193,0,66,65,"[129, 52, 76, 81, 96, 110, 120, 119, 127, 127, 116, 107, 89, 69, 69, 61, 44, 28, 11, 12, 6, 2, 0, 0, 23, 23, 43, 65, 72, 81, 110, 114, 127, 123, 127, 125, 127, 112, 90, 93, 72, 62, 45, 33, 28, 30, 7, 5, 14, 0, 0, 0, 21, 25, 19, 35, 43, 56, 73, 93, 94, 117, 127, 122, 127, 112]","[52, 76, 81, 96, 110, 120, 119, 127, 127, 116, 107, 89, 69, 69, 61, 44, 28, 11, 12, 6, 2, 0, 0, 23, 23, 43, 65, 72, 81, 110, 114, 127, 123, 127, 125, 127, 112, 90, 93, 72, 62, 45, 33, 28, 30, 7, 5, 14, 0, 0, 0, 21, 25, 19, 35, 43, 56, 73, 93, 94, 117, 127, 122, 127, 112]"
In-Distribution,25,exact_guidance_u,194,0,66,65,"[129, 52, 76, 81, 96, 110, 120, 119, 127, 127, 116, 107, 89, 69, 69, 61, 44, 28, 11, 12, 6, 2, 0, 0, 23, 23, 43, 65, 72, 81, 110, 114, 127, 123, 127, 125, 127, 112, 90, 93, 72, 62, 45, 33, 28, 30, 7, 5, 14, 0, 0, 0, 21, 25, 19, 35, 43, 56, 73, 93, 94, 117, 127, 122, 127, 112]","[52, 76, 81, 96, 110, 120, 119, 127, 127, 116, 107, 89, 69, 69, 61, 44, 28, 11, 12, 6, 2, 0, 0, 23, 23, 43, 65, 72, 81, 110, 114, 127, 123, 127, 125, 127, 112, 90, 93, 72, 62, 45, 33, 28, 30, 7, 5, 14, 0, 0, 0, 21, 25, 19, 35, 43, 56, 73, 93, 94, 117, 127, 122, 127, 112]"
In-Distribution,25,exact_guidance_u,195,0,66,65,"[129, 52, 76, 81, 96, 110, 120, 119, 127, 127, 116, 107, 89, 69, 69, 61, 44, 28, 11, 12, 6, 2, 0, 0, 23, 23, 43, 65, 72, 81, 110, 114, 127, 123, 127, 125, 127, 112, 90, 93, 72, 62, 45, 33, 28, 30, 7, 5, 14, 0, 0, 0, 21, 25, 19, 35, 43, 56, 73, 93, 94, 117, 127, 122, 127, 112]","[52, 76, 81, 96, 110, 120, 119, 127, 127, 116, 107, 89, 69, 69, 61, 44, 28, 11, 12, 6, 2, 0, 0, 23, 23, 43, 65, 72, 81, 110, 114, 127, 123, 127, 125, 127, 112, 90, 93, 72, 62, 45, 33, 28, 30, 7, 5, 14, 0, 0, 0, 21, 25, 19, 35, 43, 56, 73, 93, 94, 117, 127, 122, 127, 112]"
In-Distribution,25,exact_guidance_u,196,0,66,65,"[129, 52, 76, 81, 96, 110, 120, 119, 127, 127, 116, 107, 89, 69, 69, 61, 44, 28, 11, 12, 6, 2, 0, 0, 23, 23, 43, 65, 72, 81, 110, 114, 127, 123, 127, 125, 127, 112, 90, 93, 72, 62, 45, 33, 28, 30, 7, 5, 14, 0, 0, 0, 21, 25, 19, 35, 43, 56, 73, 93, 94, 117, 127, 122, 127, 112]","[52, 76, 81, 96, 110, 120, 119, 127, 127, 116, 107, 89, 69, 69, 61, 44, 28, 11, 12, 6, 2, 0, 0, 23, 23, 43, 65, 72, 81, 110, 114, 127, 123, 127, 125, 127, 112, 90, 93, 72, 62, 45, 33, 28, 30, 7, 5, 14, 0, 0, 0, 21, 25, 19, 35, 43, 56, 73, 93, 94, 117, 127, 122, 127, 112]"
In-Distribution,25,exact_guidance_u,197,0,66,65,"[129, 52, 76, 81, 96, 110, 120, 119, 127, 127, 116, 107, 89, 69, 69, 61, 44, 28, 11, 12, 6, 2, 0, 0, 23, 23, 43, 65, 72, 81, 110, 114, 127, 123, 127, 125, 127, 112, 90, 93, 72, 62, 45, 33, 28, 30, 7, 5, 14, 0, 0, 0, 21, 25, 19, 35, 43, 56, 73, 93, 94, 117, 127, 122, 127, 112]","[52, 76, 81, 96, 110, 120, 119, 127, 127, 116, 107, 89, 69, 69, 61, 44, 28, 11, 12, 6, 2, 0, 0, 23, 23, 43, 65, 72, 81, 110, 114, 127, 123, 127, 125, 127, 112, 90, 93, 72, 62, 45, 33, 28, 30, 7, 5, 14, 0, 0, 0, 21, 25, 19, 35, 43, 56, 73, 93, 94, 117, 127, 122, 127, 112]"
In-Distribution,25,exact_guidance_u,198,0,66,65,"[129, 52, 76, 81, 96, 110, 120, 119, 127, 127, 116, 107, 89, 69, 69, 61, 44, 28, 11, 12, 6, 2, 0, 0, 23, 23, 43, 65, 72, 81, 110, 114, 127, 123, 127, 125, 127, 112, 90, 93, 72, 62, 45, 33, 28, 30, 7, 5, 14, 0, 0, 0, 21, 25, 19, 35, 43, 56, 73, 93, 94, 117, 127, 122, 127, 112]","[52, 76, 81, 96, 110, 120, 119, 127, 127, 116, 107, 89, 69, 69, 61, 44, 28, 11, 12, 6, 2, 0, 0, 23, 23, 43, 65, 72, 81, 110, 114, 127, 123, 127, 125, 127, 112, 90, 93, 72, 62, 45, 33, 28, 30, 7, 5, 14, 0, 0, 0, 21, 25, 19, 35, 43, 56, 73, 93, 94, 117, 127, 122, 127, 112]"
In-Distribution,25,exact_guidance_u,199,0,66,65,"[129, 52, 76, 81, 96, 110, 120, 119, 127, 127, 116, 107, 89, 69, 69, 61, 44, 28, 11, 12, 6, 2, 0, 0, 23, 23, 43, 65, 72, 81, 110, 114, 127, 123, 127, 125, 127, 112, 90, 93, 72, 62, 45, 33, 28, 30, 7, 5, 14, 0, 0, 0, 21, 25, 19, 35, 43, 56, 73, 93, 94, 117, 127, 122, 127, 112]","[52, 76, 81, 96, 110, 120, 119, 127, 127, 116, 107, 89, 69, 69, 61, 44, 28, 11, 12, 6, 2, 0, 0, 23, 23, 43, 65, 72, 81, 110, 114, 127, 123, 127, 125, 127, 112, 90, 93, 72, 62, 45, 33, 28, 30, 7, 5, 14, 0, 0, 0, 21, 25, 19, 35, 43, 56, 73, 93, 94, 117, 127, 122, 127, 112]"
In-Distribution,25,exact_guidance_u,200,0,66,65,"[129, 52, 76, 81, 96, 110, 120, 119, 127, 127, 116, 107, 89, 69, 69, 61, 44, 28, 11, 12, 6, 2, 0, 0, 23, 23, 43, 65, 72, 81, 110, 114, 127, 123, 127, 125, 127, 112, 90, 93, 72, 62, 45, 33, 28, 30, 7, 5, 14, 0, 0, 0, 21, 25, 19, 35, 43, 56, 73, 93, 94, 117, 127, 122, 127, 112]","[52, 76, 81, 96, 110, 120, 119, 127, 127, 116, 107, 89, 69, 69, 61, 44, 28, 11, 12, 6, 2, 0, 0, 23, 23, 43, 65, 72, 81, 110, 114, 127, 123, 127, 125, 127, 112, 90, 93, 72, 62, 45, 33, 28, 30, 7, 5, 14, 0, 0, 0, 21, 25, 19, 35, 43, 56, 73, 93, 94, 117, 127, 122, 127, 112]"
In-Distribution,25,exact_guidance_u,201,0,66,65,"[129, 52, 76, 81, 96, 110, 120, 119, 127, 127, 116, 107, 89, 69, 69, 61, 44, 28, 11, 12, 6, 2, 0, 0, 23, 23, 43, 65, 72, 81, 110, 114, 127, 123, 127, 125, 127, 112, 90, 93, 72, 62, 45, 33, 28, 30, 7, 5, 14, 0, 0, 0, 21, 25, 19, 35, 43, 56, 73, 93, 94, 117, 127, 122, 127, 112]","[52, 76, 81, 96, 110, 120, 119, 127, 127, 116, 107, 89, 69, 69, 61, 44, 28, 11, 12, 6, 2, 0, 0, 23, 23, 43, 65, 72, 81, 110, 114, 127, 123, 127, 125, 127, 112, 90, 93, 72, 62, 45, 33, 28, 30, 7, 5, 14, 0, 0, 0, 21, 25, 19, 35, 43, 56, 73, 93, 94, 117, 127, 122, 127, 112]"
In-Distribution,25,exact_guidance_u,202,0,66,65,"[129, 52, 76, 81, 96, 110, 120, 119, 127, 127, 116, 107, 89, 69, 69, 61, 44, 28, 11, 12, 6, 2, 0, 0, 23, 23, 43, 65, 72, 81, 110, 114, 127, 123, 127, 125, 127, 112, 90, 93, 72, 62, 45, 33, 28, 30, 7, 5, 14, 0, 0, 0, 21, 25, 19, 35, 43, 56, 73, 93, 94, 117, 127, 122, 127, 112]","[52, 76, 81, 96, 110, 120, 119, 127, 127, 116, 107, 89, 69, 69, 61, 44, 28, 11, 12, 6, 2, 0, 0, 23, 23, 43, 65, 72, 81, 110, 114, 127, 123, 127, 125, 127, 112, 90, 93, 72, 62, 45, 33, 28, 30, 7, 5, 14, 0, 0, 0, 21, 25, 19, 35, 43, 56, 73, 93, 94, 117, 127, 122, 127, 112]"
In-Distribution,25,exact_guidance_u,203,0,66,65,"[129, 52, 76, 81, 96, 110, 120, 119, 127, 127, 116, 107, 89, 69, 69, 61, 44, 28, 11, 12, 6, 2, 0, 0, 23, 23, 43, 65, 72, 81, 110, 114, 127, 123, 127, 125, 127, 112, 90, 93, 72, 62, 45, 33, 28, 30, 7, 5, 14, 0, 0, 0, 21, 25, 19, 35, 43, 56, 73, 93, 94, 117, 127, 122, 127, 112]","[52, 76, 81, 96, 110, 120, 119, 127, 127, 116, 107, 89, 69, 69, 61, 44, 28, 11, 12, 6, 2, 0, 0, 23, 23, 43, 65, 72, 81, 110, 114, 127, 123, 127, 125, 127, 112, 90, 93, 72, 62, 45, 33, 28, 30, 7, 5, 14, 0, 0, 0, 21, 25, 19, 35, 43, 56, 73, 93, 94, 117, 127, 122, 127, 112]"
In-Distribution,25,exact_guidance_u,204,0,66,65,"[129, 52, 76, 81, 96, 110, 120, 119, 127, 127, 116, 107, 89, 69, 69, 61, 44, 28, 11, 12, 6, 2, 0, 0, 23, 23, 43, 65, 72, 81, 110, 114, 127, 123, 127, 125, 127, 112, 90, 93, 72, 62, 45, 33, 28, 30, 7, 5, 14, 0, 0, 0, 21, 25, 19, 35, 43, 56, 73, 93, 94, 117, 127, 122, 127, 112]","[52, 76, 81, 96, 110, 120, 119, 127, 127, 116, 107, 89, 69, 69, 61, 44, 28, 11, 12, 6, 2, 0, 0, 23, 23, 43, 65, 72, 81, 110, 114, 127, 123, 127, 125, 127, 112, 90, 93, 72, 62, 45, 33, 28, 30, 7, 5, 14, 0, 0, 0, 21, 25, 19, 35, 43, 56, 73, 93, 94, 117, 127, 122, 127, 112]"
In-Distribution,25,exact_guidance_u,205,0,66,65,"[129, 52, 76, 81, 96, 110, 120, 119, 127, 127, 116, 107, 89, 69, 69, 61, 44, 28, 11, 12, 6, 2, 0, 0, 23, 23, 43, 65, 72, 81, 110, 114, 127, 123, 127, 125, 127, 112, 90, 93, 72, 62, 45, 33, 28, 30, 7, 5, 14, 0, 0, 0, 21, 25, 19, 35, 43, 56, 73, 93, 94, 117, 127, 122, 127, 112]","[52, 76, 81, 96, 110, 120, 119, 127, 127, 116, 107, 89, 69, 69, 61, 44, 28, 11, 12, 6, 2, 0, 0, 23, 23, 43, 65, 72, 81, 110, 114, 127, 123, 127, 125, 127, 112, 90, 93, 72, 62, 45, 33, 28, 30, 7, 5, 14, 0, 0, 0, 21, 25, 19, 35, 43, 56, 73, 93, 94, 117, 127, 122, 127, 112]"
In-Distribution,25,exact_guidance_u,206,0,66,65,"[129, 52, 76, 81, 96, 110, 120, 119, 127, 127, 116, 107, 89, 69, 69, 61, 44, 28, 11, 12, 6, 2, 0, 0, 23, 23, 43, 65, 72, 81, 110, 114, 127, 123, 127, 125, 127, 112, 90, 93, 72, 62, 45, 33, 28, 30, 7, 5, 14, 0, 0, 0, 21, 25, 19, 35, 43, 56, 73, 93, 94, 117, 127, 122, 127, 112]","[52, 76, 81, 96, 110, 120, 119, 127, 127, 116, 107, 89, 69, 69, 61, 44, 28, 11, 12, 6, 2, 0, 0, 23, 23, 43, 65, 72, 81, 110, 114, 127, 123, 127, 125, 127, 112, 90, 93, 72, 62, 45, 33, 28, 30, 7, 5, 14, 0, 0, 0, 21, 25, 19, 35, 43, 56, 73, 93, 94, 117, 127, 122, 127, 112]"
In-Distribution,25,exact_guidance_u,207,0,66,65,"[129, 52, 76, 81, 96, 110, 120, 119, 127, 127, 116, 107, 89, 69, 69, 61, 44, 28, 11, 12, 6, 2, 0, 0, 23, 23, 43, 65, 72, 81, 110, 114, 127, 123, 127, 125, 127, 112, 90, 93, 72, 62, 45, 33, 28, 30, 7, 5, 14, 0, 0, 0, 21, 25, 19, 35, 43, 56, 73, 93, 94, 117, 127, 122, 127, 112]","[52, 76, 81, 96, 110, 120, 119, 127, 127, 116, 107, 89, 69, 69, 61, 44, 28, 11, 12, 6, 2, 0, 0, 23, 23, 43, 65, 72, 81, 110, 114, 127, 123, 127, 125, 127, 112, 90, 93, 72, 62, 45, 33, 28, 30, 7, 5, 14, 0, 0, 0, 21, 25, 19, 35, 43, 56, 73, 93, 94, 117, 127, 122, 127, 112]"
In-Distribution,25,exact_guidance_u,208,0,66,65,"[129, 52, 76, 81, 96, 110, 120, 119, 127, 127, 116, 107, 89, 69, 69, 61, 44, 28, 11, 12, 6, 2, 0, 0, 23, 23, 43, 65, 72, 81, 110, 114, 127, 123, 127, 125, 127, 112, 90, 93, 72, 62, 45, 33, 28, 30, 7, 5, 14, 0, 0, 0, 21, 25, 19, 35, 43, 56, 73, 93, 94, 117, 127, 122, 127, 112]","[52, 76, 81, 96, 110, 120, 119, 127, 127, 116, 107, 89, 69, 69, 61, 44, 28, 11, 12, 6, 2, 0, 0, 23, 23, 43, 65, 72, 81, 110, 114, 127, 123, 127, 125, 127, 112, 90, 93, 72, 62, 45, 33, 28, 30, 7, 5, 14, 0, 0, 0, 21, 25, 19, 35, 43, 56, 73, 93, 94, 117, 127, 122, 127, 112]"
In-Distribution,25,exact_guidance_u,209,0,66,65,"[129, 52, 76, 81, 96, 110, 120, 119, 127, 127, 116, 107, 89, 69, 69, 61, 44, 28, 11, 12, 6, 2, 0, 0, 23, 23, 43, 65, 72, 81, 110, 114, 127, 123, 127, 125, 127, 112, 90, 93, 72, 62, 45, 33, 28, 30, 7, 5, 14, 0, 0, 0, 21, 25, 19, 35, 43, 56, 73, 93, 94, 117, 127, 122, 127, 112]","[52, 76, 81, 96, 110, 120, 119, 127, 127, 116, 107, 89, 69, 69, 61, 44, 28, 11, 12, 6, 2, 0, 0, 23, 23, 43, 65, 72, 81, 110, 114, 127, 123, 127, 125, 127, 112, 90, 93, 72, 62, 45, 33, 28, 30, 7, 5, 14, 0, 0, 0, 21, 25, 19, 35, 43, 56, 73, 93, 94, 117, 127, 122, 127, 112]"
In-Distribution,25,exact_guidance_u,210,0,66,65,"[129, 52, 76, 81, 96, 110, 120, 119, 127, 127, 116, 107, 89, 69, 69, 61, 44, 28, 11, 12, 6, 2, 0, 0, 23, 23, 43, 65, 72, 81, 110, 114, 127, 123, 127, 125, 127, 112, 90, 93, 72, 62, 45, 33, 28, 30, 7, 5, 14, 0, 0, 0, 21, 25, 19, 35, 43, 56, 73, 93, 94, 117, 127, 122, 127, 112]","[52, 76, 81, 96, 110, 120, 119, 127, 127, 116, 107, 89, 69, 69, 61, 44, 28, 11, 12, 6, 2, 0, 0, 23, 23, 43, 65, 72, 81, 110, 114, 127, 123, 127, 125, 127, 112, 90, 93, 72, 62, 45, 33, 28, 30, 7, 5, 14, 0, 0, 0, 21, 25, 19, 35, 43, 56, 73, 93, 94, 117, 127, 122, 127, 112]"
In-Distribution,25,exact_guidance_u,211,0,66,65,"[129, 52, 76, 81, 96, 110, 120, 119, 127, 127, 116, 107, 89, 69, 69, 61, 44, 28, 11, 12, 6, 2, 0, 0, 23, 23, 43, 65, 72, 81, 110, 114, 127, 123, 127, 125, 127, 112, 90, 93, 72, 62, 45, 33, 28, 30, 7, 5, 14, 0, 0, 0, 21, 25, 19, 35, 43, 56, 73, 93, 94, 117, 127, 122, 127, 112]","[52, 76, 81, 96, 110, 120, 119, 127, 127, 116, 107, 89, 69, 69, 61, 44, 28, 11, 12, 6, 2, 0, 0, 23, 23, 43, 65, 72, 81, 110, 114, 127, 123, 127, 125, 127, 112, 90, 93, 72, 62, 45, 33, 28, 30, 7, 5, 14, 0, 0, 0, 21, 25, 19, 35, 43, 56, 73, 93, 94, 117, 127, 122, 127, 112]"
In-Distribution,25,exact_guidance_u,212,0,66,65,"[129, 52, 76, 81, 96, 110, 120, 119, 127, 127, 116, 107, 89, 69, 69, 61, 44, 28, 11, 12, 6, 2, 0, 0, 23, 23, 43, 65, 72, 81, 110, 114, 127, 123, 127, 125, 127, 112, 90, 93, 72, 62, 45, 33, 28, 30, 7, 5, 14, 0, 0, 0, 21, 25, 19, 35, 43, 56, 73, 93, 94, 117, 127, 122, 127, 112]","[52, 76, 81, 96, 110, 120, 119, 127, 127, 116, 107, 89, 69, 69, 61, 44, 28, 11, 12, 6, 2, 0, 0, 23, 23, 43, 65, 72, 81, 110, 114, 127, 123, 127, 125, 127, 112, 90, 93, 72, 62, 45, 33, 28, 30, 7, 5, 14, 0, 0, 0, 21, 25, 19, 35, 43, 56, 73, 93, 94, 117, 127, 122, 127, 112]"
In-Distribution,25,exact_guidance_u,213,0,66,65,"[129, 52, 76, 81, 96, 110, 120, 119, 127, 127, 116, 107, 89, 69, 69, 61, 44, 28, 11, 12, 6, 2, 0, 0, 23, 23, 43, 65, 72, 81, 110, 114, 127, 123, 127, 125, 127, 112, 90, 93, 72, 62, 45, 33, 28, 30, 7, 5, 14, 0, 0, 0, 21, 25, 19, 35, 43, 56, 73, 93, 94, 117, 127, 122, 127, 112]","[52, 76, 81, 96, 110, 120, 119, 127, 127, 116, 107, 89, 69, 69, 61, 44, 28, 11, 12, 6, 2, 0, 0, 23, 23, 43, 65, 72, 81, 110, 114, 127, 123, 127, 125, 127, 112, 90, 93, 72, 62, 45, 33, 28, 30, 7, 5, 14, 0, 0, 0, 21, 25, 19, 35, 43, 56, 73, 93, 94, 117, 127, 122, 127, 112]"
In-Distribution,25,exact_guidance_u,214,0,66,65,"[129, 52, 76, 81, 96, 110, 120, 119, 127, 127, 116, 107, 89, 69, 69, 61, 44, 28, 11, 12, 6, 2, 0, 0, 23, 23, 43, 65, 72, 81, 110, 114, 127, 123, 127, 125, 127, 112, 90, 93, 72, 62, 45, 33, 28, 30, 7, 5, 14, 0, 0, 0, 21, 25, 19, 35, 43, 56, 73, 93, 94, 117, 127, 122, 127, 112]","[52, 76, 81, 96, 110, 120, 119, 127, 127, 116, 107, 89, 69, 69, 61, 44, 28, 11, 12, 6, 2, 0, 0, 23, 23, 43, 65, 72, 81, 110, 114, 127, 123, 127, 125, 127, 112, 90, 93, 72, 62, 45, 33, 28, 30, 7, 5, 14, 0, 0, 0, 21, 25, 19, 35, 43, 56, 73, 93, 94, 117, 127, 122, 127, 112]"
In-Distribution,25,exact_guidance_u,215,0,66,65,"[129, 52, 76, 81, 96, 110, 120, 119, 127, 127, 116, 107, 89, 69, 69, 61, 44, 28, 11, 12, 6, 2, 0, 0, 23, 23, 43, 65, 72, 81, 110, 114, 127, 123, 127, 125, 127, 112, 90, 93, 72, 62, 45, 33, 28, 30, 7, 5, 14, 0, 0, 0, 21, 25, 19, 35, 43, 56, 73, 93, 94, 117, 127, 122, 127, 112]","[52, 76, 81, 96, 110, 120, 119, 127, 127, 116, 107, 89, 69, 69, 61, 44, 28, 11, 12, 6, 2, 0, 0, 23, 23, 43, 65, 72, 81, 110, 114, 127, 123, 127, 125, 127, 112, 90, 93, 72, 62, 45, 33, 28, 30, 7, 5, 14, 0, 0, 0, 21, 25, 19, 35, 43, 56, 73, 93, 94, 117, 127, 122, 127, 112]"
In-Distribution,25,exact_guidance_u,216,0,66,65,"[129, 52, 76, 81, 96, 110, 120, 119, 127, 127, 116, 107, 89, 69, 69, 61, 44, 28, 11, 12, 6, 2, 0, 0, 23, 23, 43, 65, 72, 81, 110, 114, 127, 123, 127, 125, 127, 112, 90, 93, 72, 62, 45, 33, 28, 30, 7, 5, 14, 0, 0, 0, 21, 25, 19, 35, 43, 56, 73, 93, 94, 117, 127, 122, 127, 112]","[52, 76, 81, 96, 110, 120, 119, 127, 127, 116, 107, 89, 69, 69, 61, 44, 28, 11, 12, 6, 2, 0, 0, 23, 23, 43, 65, 72, 81, 110, 114, 127, 123, 127, 125, 127, 112, 90, 93, 72, 62, 45, 33, 28, 30, 7, 5, 14, 0, 0, 0, 21, 25, 19, 35, 43, 56, 73, 93, 94, 117, 127, 122, 127, 112]"
In-Distribution,25,exact_guidance_u,217,0,66,65,"[129, 52, 76, 81, 96, 110, 120, 119, 127, 127, 116, 107, 89, 69, 69, 61, 44, 28, 11, 12, 6, 2, 0, 0, 23, 23, 43, 65, 72, 81, 110, 114, 127, 123, 127, 125, 127, 112, 90, 93, 72, 62, 45, 33, 28, 30, 7, 5, 14, 0, 0, 0, 21, 25, 19, 35, 43, 56, 73, 93, 94, 117, 127, 122, 127, 112]","[52, 76, 81, 96, 110, 120, 119, 127, 127, 116, 107, 89, 69, 69, 61, 44, 28, 11, 12, 6, 2, 0, 0, 23, 23, 43, 65, 72, 81, 110, 114, 127, 123, 127, 125, 127, 112, 90, 93, 72, 62, 45, 33, 28, 30, 7, 5, 14, 0, 0, 0, 21, 25, 19, 35, 43, 56, 73, 93, 94, 117, 127, 122, 127, 112]"
In-Distribution,25,exact_guidance_u,218,0,66,65,"[129, 52, 76, 81, 96, 110, 120, 119, 127, 127, 116, 107, 89, 69, 69, 61, 44, 28, 11, 12, 6, 2, 0, 0, 23, 23, 43, 65, 72, 81, 110, 114, 127, 123, 127, 125, 127, 112, 90, 93, 72, 62, 45, 33, 28, 30, 7, 5, 14, 0, 0, 0, 21, 25, 19, 35, 43, 56, 73, 93, 94, 117, 127, 122, 127, 112]","[52, 76, 81, 96, 110, 120, 119, 127, 127, 116, 107, 89, 69, 69, 61, 44, 28, 11, 12, 6, 2, 0, 0, 23, 23, 43, 65, 72, 81, 110, 114, 127, 123, 127, 125, 127, 112, 90, 93, 72, 62, 45, 33, 28, 30, 7, 5, 14, 0, 0, 0, 21, 25, 19, 35, 43, 56, 73, 93, 94, 117, 127, 122, 127, 112]"
In-Distribution,25,exact_guidance_u,219,0,66,65,"[129, 52, 76, 81, 96, 110, 120, 119, 127, 127, 116, 107, 89, 69, 69, 61, 44, 28, 11, 12, 6, 2, 0, 0, 23, 23, 43, 65, 72, 81, 110, 114, 127, 123, 127, 125, 127, 112, 90, 93, 72, 62, 45, 33, 28, 30, 7, 5, 14, 0, 0, 0, 21, 25, 19, 35, 43, 56, 73, 93, 94, 117, 127, 122, 127, 112]","[52, 76, 81, 96, 110, 120, 119, 127, 127, 116, 107, 89, 69, 69, 61, 44, 28, 11, 12, 6, 2, 0, 0, 23, 23, 43, 65, 72, 81, 110, 114, 127, 123, 127, 125, 127, 112, 90, 93, 72, 62, 45, 33, 28, 30, 7, 5, 14, 0, 0, 0, 21, 25, 19, 35, 43, 56, 73, 93, 94, 117, 127, 122, 127, 112]"
In-Distribution,25,exact_guidance_u,220,0,66,65,"[129, 52, 76, 81, 96, 110, 120, 119, 127, 127, 116, 107, 89, 69, 69, 61, 44, 28, 11, 12, 6, 2, 0, 0, 23, 23, 43, 65, 72, 81, 110, 114, 127, 123, 127, 125, 127, 112, 90, 93, 72, 62, 45, 33, 28, 30, 7, 5, 14, 0, 0, 0, 21, 25, 19, 35, 43, 56, 73, 93, 94, 117, 127, 122, 127, 112]","[52, 76, 81, 96, 110, 120, 119, 127, 127, 116, 107, 89, 69, 69, 61, 44, 28, 11, 12, 6, 2, 0, 0, 23, 23, 43, 65, 72, 81, 110, 114, 127, 123, 127, 125, 127, 112, 90, 93, 72, 62, 45, 33, 28, 30, 7, 5, 14, 0, 0, 0, 21, 25, 19, 35, 43, 56, 73, 93, 94, 117, 127, 122, 127, 112]"
In-Distribution,25,exact_guidance_u,221,0,66,65,"[129, 52, 76, 81, 96, 110, 120, 119, 127, 127, 116, 107, 89, 69, 69, 61, 44, 28, 11, 12, 6, 2, 0, 0, 23, 23, 43, 65, 72, 81, 110, 114, 127, 123, 127, 125, 127, 112, 90, 93, 72, 62, 45, 33, 28, 30, 7, 5, 14, 0, 0, 0, 21, 25, 19, 35, 43, 56, 73, 93, 94, 117, 127, 122, 127, 112]","[52, 76, 81, 96, 110, 120, 119, 127, 127, 116, 107, 89, 69, 69, 61, 44, 28, 11, 12, 6, 2, 0, 0, 23, 23, 43, 65, 72, 81, 110, 114, 127, 123, 127, 125, 127, 112, 90, 93, 72, 62, 45, 33, 28, 30, 7, 5, 14, 0, 0, 0, 21, 25, 19, 35, 43, 56, 73, 93, 94, 117, 127, 122, 127, 112]"
In-Distribution,25,exact_guidance_u,222,0,66,65,"[129, 52, 76, 81, 96, 110, 120, 119, 127, 127, 116, 107, 89, 69, 69, 61, 44, 28, 11, 12, 6, 2, 0, 0, 23, 23, 43, 65, 72, 81, 110, 114, 127, 123, 127, 125, 127, 112, 90, 93, 72, 62, 45, 33, 28, 30, 7, 5, 14, 0, 0, 0, 21, 25, 19, 35, 43, 56, 73, 93, 94, 117, 127, 122, 127, 112]","[52, 76, 81, 96, 110, 120, 119, 127, 127, 116, 107, 89, 69, 69, 61, 44, 28, 11, 12, 6, 2, 0, 0, 23, 23, 43, 65, 72, 81, 110, 114, 127, 123, 127, 125, 127, 112, 90, 93, 72, 62, 45, 33, 28, 30, 7, 5, 14, 0, 0, 0, 21, 25, 19, 35, 43, 56, 73, 93, 94, 117, 127, 122, 127, 112]"
In-Distribution,25,exact_guidance_u,223,0,66,65,"[129, 52, 76, 81, 96, 110, 120, 119, 127, 127, 116, 107, 89, 69, 69, 61, 44, 28, 11, 12, 6, 2, 0, 0, 23, 23, 43, 65, 72, 81, 110, 114, 127, 123, 127, 125, 127, 112, 90, 93, 72, 62, 45, 33, 28, 30, 7, 5, 14, 0, 0, 0, 21, 25, 19, 35, 43, 56, 73, 93, 94, 117, 127, 122, 127, 112]","[52, 76, 81, 96, 110, 120, 119, 127, 127, 116, 107, 89, 69, 69, 61, 44, 28, 11, 12, 6, 2, 0, 0, 23, 23, 43, 65, 72, 81, 110, 114, 127, 123, 127, 125, 127, 112, 90, 93, 72, 62, 45, 33, 28, 30, 7, 5, 14, 0, 0, 0, 21, 25, 19, 35, 43, 56, 73, 93, 94, 117, 127, 122, 127, 112]"
In-Distribution,25,exact_guidance_u,224,0,66,65,"[129, 52, 76, 81, 96, 110, 120, 119, 127, 127, 116, 107, 89, 69, 69, 61, 44, 28, 11, 12, 6, 2, 0, 0, 23, 23, 43, 65, 72, 81, 110, 114, 127, 123, 127, 125, 127, 112, 90, 93, 72, 62, 45, 33, 28, 30, 7, 5, 14, 0, 0, 0, 21, 25, 19, 35, 43, 56, 73, 93, 94, 117, 127, 122, 127, 112]","[52, 76, 81, 96, 110, 120, 119, 127, 127, 116, 107, 89, 69, 69, 61, 44, 28, 11, 12, 6, 2, 0, 0, 23, 23, 43, 65, 72, 81, 110, 114, 127, 123, 127, 125, 127, 112, 90, 93, 72, 62, 45, 33, 28, 30, 7, 5, 14, 0, 0, 0, 21, 25, 19, 35, 43, 56, 73, 93, 94, 117, 127, 122, 127, 112]"
In-Distribution,25,exact_guidance_u,225,0,66,65,"[129, 52, 76, 81, 96, 110, 120, 119, 127, 127, 116, 107, 89, 69, 69, 61, 44, 28, 11, 12, 6, 2, 0, 0, 23, 23, 43, 65, 72, 81, 110, 114, 127, 123, 127, 125, 127, 112, 90, 93, 72, 62, 45, 33, 28, 30, 7, 5, 14, 0, 0, 0, 21, 25, 19, 35, 43, 56, 73, 93, 94, 117, 127, 122, 127, 112]","[52, 76, 81, 96, 110, 120, 119, 127, 127, 116, 107, 89, 69, 69, 61, 44, 28, 11, 12, 6, 2, 0, 0, 23, 23, 43, 65, 72, 81, 110, 114, 127, 123, 127, 125, 127, 112, 90, 93, 72, 62, 45, 33, 28, 30, 7, 5, 14, 0, 0, 0, 21, 25, 19, 35, 43, 56, 73, 93, 94, 117, 127, 122, 127, 112]"
In-Distribution,25,exact_guidance_u,226,0,66,65,"[129, 52, 76, 81, 96, 110, 120, 119, 127, 127, 116, 107, 89, 69, 69, 61, 44, 28, 11, 12, 6, 2, 0, 0, 23, 23, 43, 65, 72, 81, 110, 114, 127, 123, 127, 125, 127, 112, 90, 93, 72, 62, 45, 33, 28, 30, 7, 5, 14, 0, 0, 0, 21, 25, 19, 35, 43, 56, 73, 93, 94, 117, 127, 122, 127, 112]","[52, 76, 81, 96, 110, 120, 119, 127, 127, 116, 107, 89, 69, 69, 61, 44, 28, 11, 12, 6, 2, 0, 0, 23, 23, 43, 65, 72, 81, 110, 114, 127, 123, 127, 125, 127, 112, 90, 93, 72, 62, 45, 33, 28, 30, 7, 5, 14, 0, 0, 0, 21, 25, 19, 35, 43, 56, 73, 93, 94, 117, 127, 122, 127, 112]"
In-Distribution,25,exact_guidance_u,227,0,67,66,"[129, 52, 76, 81, 96, 110, 120, 123, 119, 127, 127, 116, 107, 89, 69, 69, 61, 44, 28, 11, 12, 6, 2, 0, 0, 23, 23, 43, 65, 72, 81, 110, 114, 127, 123, 127, 125, 127, 112, 90, 93, 72, 62, 45, 33, 28, 30, 7, 5, 14, 0, 0, 0, 21, 25, 19, 35, 43, 56, 73, 93, 94, 117, 127, 122, 127, 112]","[52, 76, 81, 96, 110, 120, 123, 119, 127, 127, 116, 107, 89, 69, 69, 61, 44, 28, 11, 12, 6, 2, 0, 0, 23, 23, 43, 65, 72, 81, 110, 114, 127, 123, 127, 125, 127, 112, 90, 93, 72, 62, 45, 33, 28, 30, 7, 5, 14, 0, 0, 0, 21, 25, 19, 35, 43, 56, 73, 93, 94, 117, 127, 122, 127, 112]"
In-Distribution,25,exact_guidance_u,228,0,67,66,"[129, 52, 76, 81, 96, 110, 120, 123, 119, 127, 127, 116, 107, 89, 69, 69, 61, 44, 28, 11, 12, 6, 2, 0, 0, 23, 23, 43, 65, 72, 81, 110, 114, 127, 123, 127, 125, 127, 112, 90, 93, 72, 62, 45, 33, 28, 30, 7, 5, 14, 0, 0, 0, 21, 25, 19, 35, 43, 56, 73, 93, 94, 117, 127, 122, 127, 112]","[52, 76, 81, 96, 110, 120, 123, 119, 127, 127, 116, 107, 89, 69, 69, 61, 44, 28, 11, 12, 6, 2, 0, 0, 23, 23, 43, 65, 72, 81, 110, 114, 127, 123, 127, 125, 127, 112, 90, 93, 72, 62, 45, 33, 28, 30, 7, 5, 14, 0, 0, 0, 21, 25, 19, 35, 43, 56, 73, 93, 94, 117, 127, 122, 127, 112]"
In-Distribution,25,exact_guidance_u,229,0,67,66,"[129, 52, 76, 81, 96, 110, 120, 123, 119, 127, 127, 116, 107, 89, 69, 69, 61, 44, 28, 11, 12, 6, 2, 0, 0, 23, 23, 43, 65, 72, 81, 110, 114, 127, 123, 127, 125, 127, 112, 90, 93, 72, 62, 45, 33, 28, 30, 7, 5, 14, 0, 0, 0, 21, 25, 19, 35, 43, 56, 73, 93, 94, 117, 127, 122, 127, 112]","[52, 76, 81, 96, 110, 120, 123, 119, 127, 127, 116, 107, 89, 69, 69, 61, 44, 28, 11, 12, 6, 2, 0, 0, 23, 23, 43, 65, 72, 81, 110, 114, 127, 123, 127, 125, 127, 112, 90, 93, 72, 62, 45, 33, 28, 30, 7, 5, 14, 0, 0, 0, 21, 25, 19, 35, 43, 56, 73, 93, 94, 117, 127, 122, 127, 112]"
In-Distribution,25,exact_guidance_u,230,0,67,66,"[129, 52, 76, 81, 96, 110, 120, 123, 119, 127, 127, 116, 107, 89, 69, 69, 61, 44, 28, 11, 12, 6, 2, 0, 0, 23, 23, 43, 65, 72, 81, 110, 114, 127, 123, 127, 125, 127, 112, 90, 93, 72, 62, 45, 33, 28, 30, 7, 5, 14, 0, 0, 0, 21, 25, 19, 35, 43, 56, 73, 93, 94, 117, 127, 122, 127, 112]","[52, 76, 81, 96, 110, 120, 123, 119, 127, 127, 116, 107, 89, 69, 69, 61, 44, 28, 11, 12, 6, 2, 0, 0, 23, 23, 43, 65, 72, 81, 110, 114, 127, 123, 127, 125, 127, 112, 90, 93, 72, 62, 45, 33, 28, 30, 7, 5, 14, 0, 0, 0, 21, 25, 19, 35, 43, 56, 73, 93, 94, 117, 127, 122, 127, 112]"
In-Distribution,25,exact_guidance_u,231,0,67,66,"[129, 52, 76, 81, 96, 110, 120, 123, 119, 127, 127, 116, 107, 89, 69, 69, 61, 44, 28, 11, 12, 6, 2, 0, 0, 23, 23, 43, 65, 72, 81, 110, 114, 127, 123, 127, 125, 127, 112, 90, 93, 72, 62, 45, 33, 28, 30, 7, 5, 14, 0, 0, 0, 21, 25, 19, 35, 43, 56, 73, 93, 94, 117, 127, 122, 127, 112]","[52, 76, 81, 96, 110, 120, 123, 119, 127, 127, 116, 107, 89, 69, 69, 61, 44, 28, 11, 12, 6, 2, 0, 0, 23, 23, 43, 65, 72, 81, 110, 114, 127, 123, 127, 125, 127, 112, 90, 93, 72, 62, 45, 33, 28, 30, 7, 5, 14, 0, 0, 0, 21, 25, 19, 35, 43, 56, 73, 93, 94, 117, 127, 122, 127, 112]"
In-Distribution,25,exact_guidance_u,232,0,67,66,"[129, 52, 76, 81, 96, 110, 120, 123, 119, 127, 127, 116, 107, 89, 69, 69, 61, 44, 28, 11, 12, 6, 2, 0, 0, 23, 23, 43, 65, 72, 81, 110, 114, 127, 123, 127, 125, 127, 112, 90, 93, 72, 62, 45, 33, 28, 30, 7, 5, 14, 0, 0, 0, 21, 25, 19, 35, 43, 56, 73, 93, 94, 117, 127, 122, 127, 112]","[52, 76, 81, 96, 110, 120, 123, 119, 127, 127, 116, 107, 89, 69, 69, 61, 44, 28, 11, 12, 6, 2, 0, 0, 23, 23, 43, 65, 72, 81, 110, 114, 127, 123, 127, 125, 127, 112, 90, 93, 72, 62, 45, 33, 28, 30, 7, 5, 14, 0, 0, 0, 21, 25, 19, 35, 43, 56, 73, 93, 94, 117, 127, 122, 127, 112]"
In-Distribution,25,exact_guidance_u,233,0,67,66,"[129, 52, 76, 81, 96, 110, 120, 123, 119, 127, 127, 116, 107, 89, 69, 69, 61, 44, 28, 11, 12, 6, 2, 0, 0, 23, 23, 43, 65, 72, 81, 110, 114, 127, 123, 127, 125, 127, 112, 90, 93, 72, 62, 45, 33, 28, 30, 7, 5, 14, 0, 0, 0, 21, 25, 19, 35, 43, 56, 73, 93, 94, 117, 127, 122, 127, 112]","[52, 76, 81, 96, 110, 120, 123, 119, 127, 127, 116, 107, 89, 69, 69, 61, 44, 28, 11, 12, 6, 2, 0, 0, 23, 23, 43, 65, 72, 81, 110, 114, 127, 123, 127, 125, 127, 112, 90, 93, 72, 62, 45, 33, 28, 30, 7, 5, 14, 0, 0, 0, 21, 25, 19, 35, 43, 56, 73, 93, 94, 117, 127, 122, 127, 112]"
In-Distribution,25,exact_guidance_u,234,0,67,66,"[129, 52, 76, 81, 96, 110, 120, 123, 119, 127, 127, 116, 107, 89, 69, 69, 61, 44, 28, 11, 12, 6, 2, 0, 0, 23, 23, 43, 65, 72, 81, 110, 114, 127, 123, 127, 125, 127, 112, 90, 93, 72, 62, 45, 33, 28, 30, 7, 5, 14, 0, 0, 0, 21, 25, 19, 35, 43, 56, 73, 93, 94, 117, 127, 122, 127, 112]","[52, 76, 81, 96, 110, 120, 123, 119, 127, 127, 116, 107, 89, 69, 69, 61, 44, 28, 11, 12, 6, 2, 0, 0, 23, 23, 43, 65, 72, 81, 110, 114, 127, 123, 127, 125, 127, 112, 90, 93, 72, 62, 45, 33, 28, 30, 7, 5, 14, 0, 0, 0, 21, 25, 19, 35, 43, 56, 73, 93, 94, 117, 127, 122, 127, 112]"
In-Distribution,25,exact_guidance_u,235,0,67,66,"[129, 52, 76, 81, 96, 110, 120, 123, 119, 127, 127, 116, 107, 89, 69, 69, 61, 44, 28, 11, 12, 6, 2, 0, 0, 23, 23, 43, 65, 72, 81, 110, 114, 127, 123, 127, 125, 127, 112, 90, 93, 72, 62, 45, 33, 28, 30, 7, 5, 14, 0, 0, 0, 21, 25, 19, 35, 43, 56, 73, 93, 94, 117, 127, 122, 127, 112]","[52, 76, 81, 96, 110, 120, 123, 119, 127, 127, 116, 107, 89, 69, 69, 61, 44, 28, 11, 12, 6, 2, 0, 0, 23, 23, 43, 65, 72, 81, 110, 114, 127, 123, 127, 125, 127, 112, 90, 93, 72, 62, 45, 33, 28, 30, 7, 5, 14, 0, 0, 0, 21, 25, 19, 35, 43, 56, 73, 93, 94, 117, 127, 122, 127, 112]"
In-Distribution,25,exact_guidance_u,236,0,67,66,"[129, 52, 76, 81, 96, 110, 120, 123, 119, 127, 127, 116, 107, 89, 69, 69, 61, 44, 28, 11, 12, 6, 2, 0, 0, 23, 23, 43, 65, 72, 81, 110, 114, 127, 123, 127, 125, 127, 112, 90, 93, 72, 62, 45, 33, 28, 30, 7, 5, 14, 0, 0, 0, 21, 25, 19, 35, 43, 56, 73, 93, 94, 117, 127, 122, 127, 112]","[52, 76, 81, 96, 110, 120, 123, 119, 127, 127, 116, 107, 89, 69, 69, 61, 44, 28, 11, 12, 6, 2, 0, 0, 23, 23, 43, 65, 72, 81, 110, 114, 127, 123, 127, 125, 127, 112, 90, 93, 72, 62, 45, 33, 28, 30, 7, 5, 14, 0, 0, 0, 21, 25, 19, 35, 43, 56, 73, 93, 94, 117, 127, 122, 127, 112]"
In-Distribution,25,exact_guidance_u,237,0,67,66,"[129, 52, 76, 81, 96, 110, 120, 123, 119, 127, 127, 116, 107, 89, 69, 69, 61, 44, 28, 11, 12, 6, 2, 0, 0, 23, 23, 43, 65, 72, 81, 110, 114, 127, 123, 127, 125, 127, 112, 90, 93, 72, 62, 45, 33, 28, 30, 7, 5, 14, 0, 0, 0, 21, 25, 19, 35, 43, 56, 73, 93, 94, 117, 127, 122, 127, 112]","[52, 76, 81, 96, 110, 120, 123, 119, 127, 127, 116, 107, 89, 69, 69, 61, 44, 28, 11, 12, 6, 2, 0, 0, 23, 23, 43, 65, 72, 81, 110, 114, 127, 123, 127, 125, 127, 112, 90, 93, 72, 62, 45, 33, 28, 30, 7, 5, 14, 0, 0, 0, 21, 25, 19, 35, 43, 56, 73, 93, 94, 117, 127, 122, 127, 112]"
In-Distribution,25,exact_guidance_u,238,0,67,66,"[129, 52, 76, 81, 96, 110, 120, 123, 119, 127, 127, 116, 107, 89, 69, 69, 61, 44, 28, 11, 12, 6, 2, 0, 0, 23, 23, 43, 65, 72, 81, 110, 114, 127, 123, 127, 125, 127, 112, 90, 93, 72, 62, 45, 33, 28, 30, 7, 5, 14, 0, 0, 0, 21, 25, 19, 35, 43, 56, 73, 93, 94, 117, 127, 122, 127, 112]","[52, 76, 81, 96, 110, 120, 123, 119, 127, 127, 116, 107, 89, 69, 69, 61, 44, 28, 11, 12, 6, 2, 0, 0, 23, 23, 43, 65, 72, 81, 110, 114, 127, 123, 127, 125, 127, 112, 90, 93, 72, 62, 45, 33, 28, 30, 7, 5, 14, 0, 0, 0, 21, 25, 19, 35, 43, 56, 73, 93, 94, 117, 127, 122, 127, 112]"
In-Distribution,25,exact_guidance_u,239,0,67,66,"[129, 52, 76, 81, 96, 110, 120, 123, 119, 127, 127, 116, 107, 89, 69, 69, 61, 44, 28, 11, 12, 6, 2, 0, 0, 23, 23, 43, 65, 72, 81, 110, 114, 127, 123, 127, 125, 127, 112, 90, 93, 72, 62, 45, 33, 28, 30, 7, 5, 14, 0, 0, 0, 21, 25, 19, 35, 43, 56, 73, 93, 94, 117, 127, 122, 127, 112]","[52, 76, 81, 96, 110, 120, 123, 119, 127, 127, 116, 107, 89, 69, 69, 61, 44, 28, 11, 12, 6, 2, 0, 0, 23, 23, 43, 65, 72, 81, 110, 114, 127, 123, 127, 125, 127, 112, 90, 93, 72, 62, 45, 33, 28, 30, 7, 5, 14, 0, 0, 0, 21, 25, 19, 35, 43, 56, 73, 93, 94, 117, 127, 122, 127, 112]"
In-Distribution,25,exact_guidance_u,240,0,67,66,"[129, 52, 76, 81, 96, 110, 120, 123, 119, 127, 127, 116, 107, 89, 69, 69, 61, 44, 28, 11, 12, 6, 2, 0, 0, 23, 23, 43, 65, 72, 81, 110, 114, 127, 123, 127, 125, 127, 112, 90, 93, 72, 62, 45, 33, 28, 30, 7, 5, 14, 0, 0, 0, 21, 25, 19, 35, 43, 56, 73, 93, 94, 117, 127, 122, 127, 112]","[52, 76, 81, 96, 110, 120, 123, 119, 127, 127, 116, 107, 89, 69, 69, 61, 44, 28, 11, 12, 6, 2, 0, 0, 23, 23, 43, 65, 72, 81, 110, 114, 127, 123, 127, 125, 127, 112, 90, 93, 72, 62, 45, 33, 28, 30, 7, 5, 14, 0, 0, 0, 21, 25, 19, 35, 43, 56, 73, 93, 94, 117, 127, 122, 127, 112]"
In-Distribution,25,exact_guidance_u,241,0,67,66,"[129, 52, 76, 81, 96, 110, 120, 123, 119, 127, 127, 116, 107, 89, 69, 69, 61, 44, 28, 11, 12, 6, 2, 0, 0, 23, 23, 43, 65, 72, 81, 110, 114, 127, 123, 127, 125, 127, 112, 90, 93, 72, 62, 45, 33, 28, 30, 7, 5, 14, 0, 0, 0, 21, 25, 19, 35, 43, 56, 73, 93, 94, 117, 127, 122, 127, 112]","[52, 76, 81, 96, 110, 120, 123, 119, 127, 127, 116, 107, 89, 69, 69, 61, 44, 28, 11, 12, 6, 2, 0, 0, 23, 23, 43, 65, 72, 81, 110, 114, 127, 123, 127, 125, 127, 112, 90, 93, 72, 62, 45, 33, 28, 30, 7, 5, 14, 0, 0, 0, 21, 25, 19, 35, 43, 56, 73, 93, 94, 117, 127, 122, 127, 112]"
In-Distribution,25,exact_guidance_u,242,0,67,66,"[129, 52, 76, 81, 96, 110, 120, 123, 119, 127, 127, 116, 107, 89, 69, 69, 61, 44, 28, 11, 12, 6, 2, 0, 0, 23, 23, 43, 65, 72, 81, 110, 114, 127, 123, 127, 125, 127, 112, 90, 93, 72, 62, 45, 33, 28, 30, 7, 5, 14, 0, 0, 0, 21, 25, 19, 35, 43, 56, 73, 93, 94, 117, 127, 122, 127, 112]","[52, 76, 81, 96, 110, 120, 123, 119, 127, 127, 116, 107, 89, 69, 69, 61, 44, 28, 11, 12, 6, 2, 0, 0, 23, 23, 43, 65, 72, 81, 110, 114, 127, 123, 127, 125, 127, 112, 90, 93, 72, 62, 45, 33, 28, 30, 7, 5, 14, 0, 0, 0, 21, 25, 19, 35, 43, 56, 73, 93, 94, 117, 127, 122, 127, 112]"
In-Distribution,25,exact_guidance_u,243,0,67,66,"[129, 52, 76, 81, 96, 110, 120, 123, 119, 127, 127, 116, 107, 89, 69, 69, 61, 44, 28, 11, 12, 6, 2, 0, 0, 23, 23, 43, 65, 72, 81, 110, 114, 127, 123, 127, 125, 127, 112, 90, 93, 72, 62, 45, 33, 28, 30, 7, 5, 14, 0, 0, 0, 21, 25, 19, 35, 43, 56, 73, 93, 94, 117, 127, 122, 127, 112]","[52, 76, 81, 96, 110, 120, 123, 119, 127, 127, 116, 107, 89, 69, 69, 61, 44, 28, 11, 12, 6, 2, 0, 0, 23, 23, 43, 65, 72, 81, 110, 114, 127, 123, 127, 125, 127, 112, 90, 93, 72, 62, 45, 33, 28, 30, 7, 5, 14, 0, 0, 0, 21, 25, 19, 35, 43, 56, 73, 93, 94, 117, 127, 122, 127, 112]"
In-Distribution,25,exact_guidance_u,244,0,68,67,"[129, 52, 76, 81, 96, 110, 120, 123, 119, 127, 127, 116, 107, 89, 69, 69, 61, 44, 28, 11, 12, 6, 2, 0, 0, 23, 23, 43, 65, 72, 81, 110, 114, 127, 123, 127, 127, 125, 127, 112, 90, 93, 72, 62, 45, 33, 28, 30, 7, 5, 14, 0, 0, 0, 21, 25, 19, 35, 43, 56, 73, 93, 94, 117, 127, 122, 127, 112]","[52, 76, 81, 96, 110, 120, 123, 119, 127, 127, 116, 107, 89, 69, 69, 61, 44, 28, 11, 12, 6, 2, 0, 0, 23, 23, 43, 65, 72, 81, 110, 114, 127, 123, 127, 127, 125, 127, 112, 90, 93, 72, 62, 45, 33, 28, 30, 7, 5, 14, 0, 0, 0, 21, 25, 19, 35, 43, 56, 73, 93, 94, 117, 127, 122, 127, 112]"
In-Distribution,25,exact_guidance_u,245,0,68,67,"[129, 52, 76, 81, 96, 110, 120, 123, 119, 127, 127, 116, 107, 89, 69, 69, 61, 44, 28, 11, 12, 6, 2, 0, 0, 23, 23, 43, 65, 72, 81, 110, 114, 127, 123, 127, 127, 125, 127, 112, 90, 93, 72, 62, 45, 33, 28, 30, 7, 5, 14, 0, 0, 0, 21, 25, 19, 35, 43, 56, 73, 93, 94, 117, 127, 122, 127, 112]","[52, 76, 81, 96, 110, 120, 123, 119, 127, 127, 116, 107, 89, 69, 69, 61, 44, 28, 11, 12, 6, 2, 0, 0, 23, 23, 43, 65, 72, 81, 110, 114, 127, 123, 127, 127, 125, 127, 112, 90, 93, 72, 62, 45, 33, 28, 30, 7, 5, 14, 0, 0, 0, 21, 25, 19, 35, 43, 56, 73, 93, 94, 117, 127, 122, 127, 112]"
In-Distribution,25,exact_guidance_u,246,0,68,67,"[129, 52, 76, 81, 96, 110, 120, 123, 119, 127, 127, 116, 107, 89, 69, 69, 61, 44, 28, 11, 12, 6, 2, 0, 0, 23, 23, 43, 65, 72, 81, 110, 114, 127, 123, 127, 127, 125, 127, 112, 90, 93, 72, 62, 45, 33, 28, 30, 7, 5, 14, 0, 0, 0, 21, 25, 19, 35, 43, 56, 73, 93, 94, 117, 127, 122, 127, 112]","[52, 76, 81, 96, 110, 120, 123, 119, 127, 127, 116, 107, 89, 69, 69, 61, 44, 28, 11, 12, 6, 2, 0, 0, 23, 23, 43, 65, 72, 81, 110, 114, 127, 123, 127, 127, 125, 127, 112, 90, 93, 72, 62, 45, 33, 28, 30, 7, 5, 14, 0, 0, 0, 21, 25, 19, 35, 43, 56, 73, 93, 94, 117, 127, 122, 127, 112]"
In-Distribution,25,exact_guidance_u,247,0,68,67,"[129, 52, 76, 81, 96, 110, 120, 123, 119, 127, 127, 116, 107, 89, 69, 69, 61, 44, 28, 11, 12, 6, 2, 0, 0, 23, 23, 43, 65, 72, 81, 110, 114, 127, 123, 127, 127, 125, 127, 112, 90, 93, 72, 62, 45, 33, 28, 30, 7, 5, 14, 0, 0, 0, 21, 25, 19, 35, 43, 56, 73, 93, 94, 117, 127, 122, 127, 112]","[52, 76, 81, 96, 110, 120, 123, 119, 127, 127, 116, 107, 89, 69, 69, 61, 44, 28, 11, 12, 6, 2, 0, 0, 23, 23, 43, 65, 72, 81, 110, 114, 127, 123, 127, 127, 125, 127, 112, 90, 93, 72, 62, 45, 33, 28, 30, 7, 5, 14, 0, 0, 0, 21, 25, 19, 35, 43, 56, 73, 93, 94, 117, 127, 122, 127, 112]"
In-Distribution,25,exact_guidance_u,248,0,69,68,"[129, 52, 76, 81, 96, 110, 120, 123, 119, 127, 127, 116, 107, 89, 69, 69, 61, 44, 28, 11, 12, 6, 2, 0, 0, 23, 23, 43, 65, 72, 81, 110, 114, 127, 123, 127, 127, 125, 127, 112, 90, 93, 72, 62, 45, 33, 28, 30, 7, 5, 14, 0, 0, 0, 21, 25, 19, 35, 43, 56, 73, 93, 94, 109, 117, 127, 122, 127, 112]","[52, 76, 81, 96, 110, 120, 123, 119, 127, 127, 116, 107, 89, 69, 69, 61, 44, 28, 11, 12, 6, 2, 0, 0, 23, 23, 43, 65, 72, 81, 110, 114, 127, 123, 127, 127, 125, 127, 112, 90, 93, 72, 62, 45, 33, 28, 30, 7, 5, 14, 0, 0, 0, 21, 25, 19, 35, 43, 56, 73, 93, 94, 109, 117, 127, 122, 127, 112]"
In-Distribution,25,exact_guidance_u,249,0,69,68,"[129, 52, 76, 81, 96, 110, 120, 123, 119, 127, 127, 116, 107, 89, 69, 69, 61, 44, 28, 11, 12, 6, 2, 0, 0, 23, 23, 43, 65, 72, 81, 110, 114, 127, 123, 127, 127, 125, 127, 112, 90, 93, 72, 62, 45, 33, 28, 30, 7, 5, 14, 0, 0, 0, 21, 25, 19, 35, 43, 56, 73, 93, 94, 109, 117, 127, 122, 127, 112]","[52, 76, 81, 96, 110, 120, 123, 119, 127, 127, 116, 107, 89, 69, 69, 61, 44, 28, 11, 12, 6, 2, 0, 0, 23, 23, 43, 65, 72, 81, 110, 114, 127, 123, 127, 127, 125, 127, 112, 90, 93, 72, 62, 45, 33, 28, 30, 7, 5, 14, 0, 0, 0, 21, 25, 19, 35, 43, 56, 73, 93, 94, 109, 117, 127, 122, 127, 112]"
In-Distribution,25,exact_guidance_u,250,0,69,68,"[129, 52, 76, 81, 96, 110, 120, 123, 119, 127, 127, 116, 107, 89, 69, 69, 61, 44, 28, 11, 12, 6, 2, 0, 0, 23, 23, 43, 65, 72, 81, 110, 114, 127, 123, 127, 127, 125, 127, 112, 90, 93, 72, 62, 45, 33, 28, 30, 7, 5, 14, 0, 0, 0, 21, 25, 19, 35, 43, 56, 73, 93, 94, 109, 117, 127, 122, 127, 112]","[52, 76, 81, 96, 110, 120, 123, 119, 127, 127, 116, 107, 89, 69, 69, 61, 44, 28, 11, 12, 6, 2, 0, 0, 23, 23, 43, 65, 72, 81, 110, 114, 127, 123, 127, 127, 125, 127, 112, 90, 93, 72, 62, 45, 33, 28, 30, 7, 5, 14, 0, 0, 0, 21, 25, 19, 35, 43, 56, 73, 93, 94, 109, 117, 127, 122, 127, 112]"
In-Distribution,25,exact_guidance_u,251,0,69,68,"[129, 52, 76, 81, 96, 110, 120, 123, 119, 127, 127, 116, 107, 89, 69, 69, 61, 44, 28, 11, 12, 6, 2, 0, 0, 23, 23, 43, 65, 72, 81, 110, 114, 127, 123, 127, 127, 125, 127, 112, 90, 93, 72, 62, 45, 33, 28, 30, 7, 5, 14, 0, 0, 0, 21, 25, 19, 35, 43, 56, 73, 93, 94, 109, 117, 127, 122, 127, 112]","[52, 76, 81, 96, 110, 120, 123, 119, 127, 127, 116, 107, 89, 69, 69, 61, 44, 28, 11, 12, 6, 2, 0, 0, 23, 23, 43, 65, 72, 81, 110, 114, 127, 123, 127, 127, 125, 127, 112, 90, 93, 72, 62, 45, 33, 28, 30, 7, 5, 14, 0, 0, 0, 21, 25, 19, 35, 43, 56, 73, 93, 94, 109, 117, 127, 122, 127, 112]"
In-Distribution,25,exact_guidance_u,252,0,69,68,"[129, 52, 76, 81, 96, 110, 120, 123, 119, 127, 127, 116, 107, 89, 69, 69, 61, 44, 28, 11, 12, 6, 2, 0, 0, 23, 23, 43, 65, 72, 81, 110, 114, 127, 123, 127, 127, 125, 127, 112, 90, 93, 72, 62, 45, 33, 28, 30, 7, 5, 14, 0, 0, 0, 21, 25, 19, 35, 43, 56, 73, 93, 94, 109, 117, 127, 122, 127, 112]","[52, 76, 81, 96, 110, 120, 123, 119, 127, 127, 116, 107, 89, 69, 69, 61, 44, 28, 11, 12, 6, 2, 0, 0, 23, 23, 43, 65, 72, 81, 110, 114, 127, 123, 127, 127, 125, 127, 112, 90, 93, 72, 62, 45, 33, 28, 30, 7, 5, 14, 0, 0, 0, 21, 25, 19, 35, 43, 56, 73, 93, 94, 109, 117, 127, 122, 127, 112]"
In-Distribution,25,exact_guidance_u,253,0,69,68,"[129, 52, 76, 81, 96, 110, 120, 123, 119, 127, 127, 116, 107, 89, 69, 69, 61, 44, 28, 11, 12, 6, 2, 0, 0, 23, 23, 43, 65, 72, 81, 110, 114, 127, 123, 127, 127, 125, 127, 112, 90, 93, 72, 62, 45, 33, 28, 30, 7, 5, 14, 0, 0, 0, 21, 25, 19, 35, 43, 56, 73, 93, 94, 109, 117, 127, 122, 127, 112]","[52, 76, 81, 96, 110, 120, 123, 119, 127, 127, 116, 107, 89, 69, 69, 61, 44, 28, 11, 12, 6, 2, 0, 0, 23, 23, 43, 65, 72, 81, 110, 114, 127, 123, 127, 127, 125, 127, 112, 90, 93, 72, 62, 45, 33, 28, 30, 7, 5, 14, 0, 0, 0, 21, 25, 19, 35, 43, 56, 73, 93, 94, 109, 117, 127, 122, 127, 112]"
In-Distribution,25,exact_guidance_u,254,0,69,68,"[129, 52, 76, 81, 96, 110, 120, 123, 119, 127, 127, 116, 107, 89, 69, 69, 61, 44, 28, 11, 12, 6, 2, 0, 0, 23, 23, 43, 65, 72, 81, 110, 114, 127, 123, 127, 127, 125, 127, 112, 90, 93, 72, 62, 45, 33, 28, 30, 7, 5, 14, 0, 0, 0, 21, 25, 19, 35, 43, 56, 73, 93, 94, 109, 117, 127, 122, 127, 112]","[52, 76, 81, 96, 110, 120, 123, 119, 127, 127, 116, 107, 89, 69, 69, 61, 44, 28, 11, 12, 6, 2, 0, 0, 23, 23, 43, 65, 72, 81, 110, 114, 127, 123, 127, 127, 125, 127, 112, 90, 93, 72, 62, 45, 33, 28, 30, 7, 5, 14, 0, 0, 0, 21, 25, 19, 35, 43, 56, 73, 93, 94, 109, 117, 127, 122, 127, 112]"
In-Distribution,25,exact_guidance_u,255,0,69,68,"[129, 52, 76, 81, 96, 110, 120, 123, 119, 127, 127, 116, 107, 89, 69, 69, 61, 44, 28, 11, 12, 6, 2, 0, 0, 23, 23, 43, 65, 72, 81, 110, 114, 127, 123, 127, 127, 125, 127, 112, 90, 93, 72, 62, 45, 33, 28, 30, 7, 5, 14, 0, 0, 0, 21, 25, 19, 35, 43, 56, 73, 93, 94, 109, 117, 127, 122, 127, 112]","[52, 76, 81, 96, 110, 120, 123, 119, 127, 127, 116, 107, 89, 69, 69, 61, 44, 28, 11, 12, 6, 2, 0, 0, 23, 23, 43, 65, 72, 81, 110, 114, 127, 123, 127, 127, 125, 127, 112, 90, 93, 72, 62, 45, 33, 28, 30, 7, 5, 14, 0, 0, 0, 21, 25, 19, 35, 43, 56, 73, 93, 94, 109, 117, 127, 122, 127, 112]"
In-Distribution,25,exact_guidance_u,256,0,69,68,"[129, 52, 76, 81, 96, 110, 120, 123, 119, 127, 127, 116, 107, 89, 69, 69, 61, 44, 28, 11, 12, 6, 2, 0, 0, 23, 23, 43, 65, 72, 81, 110, 114, 127, 123, 127, 127, 125, 127, 112, 90, 93, 72, 62, 45, 33, 28, 30, 7, 5, 14, 0, 0, 0, 21, 25, 19, 35, 43, 56, 73, 93, 94, 109, 117, 127, 122, 127, 112]","[52, 76, 81, 96, 110, 120, 123, 119, 127, 127, 116, 107, 89, 69, 69, 61, 44, 28, 11, 12, 6, 2, 0, 0, 23, 23, 43, 65, 72, 81, 110, 114, 127, 123, 127, 127, 125, 127, 112, 90, 93, 72, 62, 45, 33, 28, 30, 7, 5, 14, 0, 0, 0, 21, 25, 19, 35, 43, 56, 73, 93, 94, 109, 117, 127, 122, 127, 112]"
In-Distribution,25,exact_guidance_u,257,0,69,68,"[129, 52, 76, 81, 96, 110, 120, 123, 119, 127, 127, 116, 107, 89, 69, 69, 61, 44, 28, 11, 12, 6, 2, 0, 0, 23, 23, 43, 65, 72, 81, 110, 114, 127, 123, 127, 127, 125, 127, 112, 90, 93, 72, 62, 45, 33, 28, 30, 7, 5, 14, 0, 0, 0, 21, 25, 19, 35, 43, 56, 73, 93, 94, 109, 117, 127, 122, 127, 112]","[52, 76, 81, 96, 110, 120, 123, 119, 127, 127, 116, 107, 89, 69, 69, 61, 44, 28, 11, 12, 6, 2, 0, 0, 23, 23, 43, 65, 72, 81, 110, 114, 127, 123, 127, 127, 125, 127, 112, 90, 93, 72, 62, 45, 33, 28, 30, 7, 5, 14, 0, 0, 0, 21, 25, 19, 35, 43, 56, 73, 93, 94, 109, 117, 127, 122, 127, 112]"
In-Distribution,25,exact_guidance_u,258,0,69,68,"[129, 52, 76, 81, 96, 110, 120, 123, 119, 127, 127, 116, 107, 89, 69, 69, 61, 44, 28, 11, 12, 6, 2, 0, 0, 23, 23, 43, 65, 72, 81, 110, 114, 127, 123, 127, 127, 125, 127, 112, 90, 93, 72, 62, 45, 33, 28, 30, 7, 5, 14, 0, 0, 0, 21, 25, 19, 35, 43, 56, 73, 93, 94, 109, 117, 127, 122, 127, 112]","[52, 76, 81, 96, 110, 120, 123, 119, 127, 127, 116, 107, 89, 69, 69, 61, 44, 28, 11, 12, 6, 2, 0, 0, 23, 23, 43, 65, 72, 81, 110, 114, 127, 123, 127, 127, 125, 127, 112, 90, 93, 72, 62, 45, 33, 28, 30, 7, 5, 14, 0, 0, 0, 21, 25, 19, 35, 43, 56, 73, 93, 94, 109, 117, 127, 122, 127, 112]"
In-Distribution,25,exact_guidance_u,259,0,69,68,"[129, 52, 76, 81, 96, 110, 120, 123, 119, 127, 127, 116, 107, 89, 69, 69, 61, 44, 28, 11, 12, 6, 2, 0, 0, 23, 23, 43, 65, 72, 81, 110, 114, 127, 123, 127, 127, 125, 127, 112, 90, 93, 72, 62, 45, 33, 28, 30, 7, 5, 14, 0, 0, 0, 21, 25, 19, 35, 43, 56, 73, 93, 94, 109, 117, 127, 122, 127, 112]","[52, 76, 81, 96, 110, 120, 123, 119, 127, 127, 116, 107, 89, 69, 69, 61, 44, 28, 11, 12, 6, 2, 0, 0, 23, 23, 43, 65, 72, 81, 110, 114, 127, 123, 127, 127, 125, 127, 112, 90, 93, 72, 62, 45, 33, 28, 30, 7, 5, 14, 0, 0, 0, 21, 25, 19, 35, 43, 56, 73, 93, 94, 109, 117, 127, 122, 127, 112]"
In-Distribution,25,exact_guidance_u,260,0,69,68,"[129, 52, 76, 81, 96, 110, 120, 123, 119, 127, 127, 116, 107, 89, 69, 69, 61, 44, 28, 11, 12, 6, 2, 0, 0, 23, 23, 43, 65, 72, 81, 110, 114, 127, 123, 127, 127, 125, 127, 112, 90, 93, 72, 62, 45, 33, 28, 30, 7, 5, 14, 0, 0, 0, 21, 25, 19, 35, 43, 56, 73, 93, 94, 109, 117, 127, 122, 127, 112]","[52, 76, 81, 96, 110, 120, 123, 119, 127, 127, 116, 107, 89, 69, 69, 61, 44, 28, 11, 12, 6, 2, 0, 0, 23, 23, 43, 65, 72, 81, 110, 114, 127, 123, 127, 127, 125, 127, 112, 90, 93, 72, 62, 45, 33, 28, 30, 7, 5, 14, 0, 0, 0, 21, 25, 19, 35, 43, 56, 73, 93, 94, 109, 117, 127, 122, 127, 112]"
In-Distribution,25,exact_guidance_u,261,0,69,68,"[129, 52, 76, 81, 96, 110, 120, 123, 119, 127, 127, 116, 107, 89, 69, 69, 61, 44, 28, 11, 12, 6, 2, 0, 0, 23, 23, 43, 65, 72, 81, 110, 114, 127, 123, 127, 127, 125, 127, 112, 90, 93, 72, 62, 45, 33, 28, 30, 7, 5, 14, 0, 0, 0, 21, 25, 19, 35, 43, 56, 73, 93, 94, 109, 117, 127, 122, 127, 112]","[52, 76, 81, 96, 110, 120, 123, 119, 127, 127, 116, 107, 89, 69, 69, 61, 44, 28, 11, 12, 6, 2, 0, 0, 23, 23, 43, 65, 72, 81, 110, 114, 127, 123, 127, 127, 125, 127, 112, 90, 93, 72, 62, 45, 33, 28, 30, 7, 5, 14, 0, 0, 0, 21, 25, 19, 35, 43, 56, 73, 93, 94, 109, 117, 127, 122, 127, 112]"
In-Distribution,25,exact_guidance_u,262,0,69,68,"[129, 52, 76, 81, 96, 110, 120, 123, 119, 127, 127, 116, 107, 89, 69, 69, 61, 44, 28, 11, 12, 6, 2, 0, 0, 23, 23, 43, 65, 72, 81, 110, 114, 127, 123, 127, 127, 125, 127, 112, 90, 93, 72, 62, 45, 33, 28, 30, 7, 5, 14, 0, 0, 0, 21, 25, 19, 35, 43, 56, 73, 93, 94, 109, 117, 127, 122, 127, 112]","[52, 76, 81, 96, 110, 120, 123, 119, 127, 127, 116, 107, 89, 69, 69, 61, 44, 28, 11, 12, 6, 2, 0, 0, 23, 23, 43, 65, 72, 81, 110, 114, 127, 123, 127, 127, 125, 127, 112, 90, 93, 72, 62, 45, 33, 28, 30, 7, 5, 14, 0, 0, 0, 21, 25, 19, 35, 43, 56, 73, 93, 94, 109, 117, 127, 122, 127, 112]"
In-Distribution,25,exact_guidance_u,263,0,69,68,"[129, 52, 76, 81, 96, 110, 120, 123, 119, 127, 127, 116, 107, 89, 69, 69, 61, 44, 28, 11, 12, 6, 2, 0, 0, 23, 23, 43, 65, 72, 81, 110, 114, 127, 123, 127, 127, 125, 127, 112, 90, 93, 72, 62, 45, 33, 28, 30, 7, 5, 14, 0, 0, 0, 21, 25, 19, 35, 43, 56, 73, 93, 94, 109, 117, 127, 122, 127, 112]","[52, 76, 81, 96, 110, 120, 123, 119, 127, 127, 116, 107, 89, 69, 69, 61, 44, 28, 11, 12, 6, 2, 0, 0, 23, 23, 43, 65, 72, 81, 110, 114, 127, 123, 127, 127, 125, 127, 112, 90, 93, 72, 62, 45, 33, 28, 30, 7, 5, 14, 0, 0, 0, 21, 25, 19, 35, 43, 56, 73, 93, 94, 109, 117, 127, 122, 127, 112]"
In-Distribution,25,exact_guidance_u,264,0,69,68,"[129, 52, 76, 81, 96, 110, 120, 123, 119, 127, 127, 116, 107, 89, 69, 69, 61, 44, 28, 11, 12, 6, 2, 0, 0, 23, 23, 43, 65, 72, 81, 110, 114, 127, 123, 127, 127, 125, 127, 112, 90, 93, 72, 62, 45, 33, 28, 30, 7, 5, 14, 0, 0, 0, 21, 25, 19, 35, 43, 56, 73, 93, 94, 109, 117, 127, 122, 127, 112]","[52, 76, 81, 96, 110, 120, 123, 119, 127, 127, 116, 107, 89, 69, 69, 61, 44, 28, 11, 12, 6, 2, 0, 0, 23, 23, 43, 65, 72, 81, 110, 114, 127, 123, 127, 127, 125, 127, 112, 90, 93, 72, 62, 45, 33, 28, 30, 7, 5, 14, 0, 0, 0, 21, 25, 19, 35, 43, 56, 73, 93, 94, 109, 117, 127, 122, 127, 112]"
In-Distribution,25,exact_guidance_u,265,0,69,68,"[129, 52, 76, 81, 96, 110, 120, 123, 119, 127, 127, 116, 107, 89, 69, 69, 61, 44, 28, 11, 12, 6, 2, 0, 0, 23, 23, 43, 65, 72, 81, 110, 114, 127, 123, 127, 127, 125, 127, 112, 90, 93, 72, 62, 45, 33, 28, 30, 7, 5, 14, 0, 0, 0, 21, 25, 19, 35, 43, 56, 73, 93, 94, 109, 117, 127, 122, 127, 112]","[52, 76, 81, 96, 110, 120, 123, 119, 127, 127, 116, 107, 89, 69, 69, 61, 44, 28, 11, 12, 6, 2, 0, 0, 23, 23, 43, 65, 72, 81, 110, 114, 127, 123, 127, 127, 125, 127, 112, 90, 93, 72, 62, 45, 33, 28, 30, 7, 5, 14, 0, 0, 0, 21, 25, 19, 35, 43, 56, 73, 93, 94, 109, 117, 127, 122, 127, 112]"
In-Distribution,25,exact_guidance_u,266,0,69,68,"[129, 52, 76, 81, 96, 110, 120, 123, 119, 127, 127, 116, 107, 89, 69, 69, 61, 44, 28, 11, 12, 6, 2, 0, 0, 23, 23, 43, 65, 72, 81, 110, 114, 127, 123, 127, 127, 125, 127, 112, 90, 93, 72, 62, 45, 33, 28, 30, 7, 5, 14, 0, 0, 0, 21, 25, 19, 35, 43, 56, 73, 93, 94, 109, 117, 127, 122, 127, 112]","[52, 76, 81, 96, 110, 120, 123, 119, 127, 127, 116, 107, 89, 69, 69, 61, 44, 28, 11, 12, 6, 2, 0, 0, 23, 23, 43, 65, 72, 81, 110, 114, 127, 123, 127, 127, 125, 127, 112, 90, 93, 72, 62, 45, 33, 28, 30, 7, 5, 14, 0, 0, 0, 21, 25, 19, 35, 43, 56, 73, 93, 94, 109, 117, 127, 122, 127, 112]"
In-Distribution,25,exact_guidance_u,267,0,69,68,"[129, 52, 76, 81, 96, 110, 120, 123, 119, 127, 127, 116, 107, 89, 69, 69, 61, 44, 28, 11, 12, 6, 2, 0, 0, 23, 23, 43, 65, 72, 81, 110, 114, 127, 123, 127, 127, 125, 127, 112, 90, 93, 72, 62, 45, 33, 28, 30, 7, 5, 14, 0, 0, 0, 21, 25, 19, 35, 43, 56, 73, 93, 94, 109, 117, 127, 122, 127, 112]","[52, 76, 81, 96, 110, 120, 123, 119, 127, 127, 116, 107, 89, 69, 69, 61, 44, 28, 11, 12, 6, 2, 0, 0, 23, 23, 43, 65, 72, 81, 110, 114, 127, 123, 127, 127, 125, 127, 112, 90, 93, 72, 62, 45, 33, 28, 30, 7, 5, 14, 0, 0, 0, 21, 25, 19, 35, 43, 56, 73, 93, 94, 109, 117, 127, 122, 127, 112]"
In-Distribution,25,exact_guidance_u,268,0,69,68,"[129, 52, 76, 81, 96, 110, 120, 123, 119, 127, 127, 116, 107, 89, 69, 69, 61, 44, 28, 11, 12, 6, 2, 0, 0, 23, 23, 43, 65, 72, 81, 110, 114, 127, 123, 127, 127, 125, 127, 112, 90, 93, 72, 62, 45, 33, 28, 30, 7, 5, 14, 0, 0, 0, 21, 25, 19, 35, 43, 56, 73, 93, 94, 109, 117, 127, 122, 127, 112]","[52, 76, 81, 96, 110, 120, 123, 119, 127, 127, 116, 107, 89, 69, 69, 61, 44, 28, 11, 12, 6, 2, 0, 0, 23, 23, 43, 65, 72, 81, 110, 114, 127, 123, 127, 127, 125, 127, 112, 90, 93, 72, 62, 45, 33, 28, 30, 7, 5, 14, 0, 0, 0, 21, 25, 19, 35, 43, 56, 73, 93, 94, 109, 117, 127, 122, 127, 112]"
In-Distribution,25,exact_guidance_u,269,0,69,68,"[129, 52, 76, 81, 96, 110, 120, 123, 119, 127, 127, 116, 107, 89, 69, 69, 61, 44, 28, 11, 12, 6, 2, 0, 0, 23, 23, 43, 65, 72, 81, 110, 114, 127, 123, 127, 127, 125, 127, 112, 90, 93, 72, 62, 45, 33, 28, 30, 7, 5, 14, 0, 0, 0, 21, 25, 19, 35, 43, 56, 73, 93, 94, 109, 117, 127, 122, 127, 112]","[52, 76, 81, 96, 110, 120, 123, 119, 127, 127, 116, 107, 89, 69, 69, 61, 44, 28, 11, 12, 6, 2, 0, 0, 23, 23, 43, 65, 72, 81, 110, 114, 127, 123, 127, 127, 125, 127, 112, 90, 93, 72, 62, 45, 33, 28, 30, 7, 5, 14, 0, 0, 0, 21, 25, 19, 35, 43, 56, 73, 93, 94, 109, 117, 127, 122, 127, 112]"
In-Distribution,25,exact_guidance_u,270,0,69,68,"[129, 52, 76, 81, 96, 110, 120, 123, 119, 127, 127, 116, 107, 89, 69, 69, 61, 44, 28, 11, 12, 6, 2, 0, 0, 23, 23, 43, 65, 72, 81, 110, 114, 127, 123, 127, 127, 125, 127, 112, 90, 93, 72, 62, 45, 33, 28, 30, 7, 5, 14, 0, 0, 0, 21, 25, 19, 35, 43, 56, 73, 93, 94, 109, 117, 127, 122, 127, 112]","[52, 76, 81, 96, 110, 120, 123, 119, 127, 127, 116, 107, 89, 69, 69, 61, 44, 28, 11, 12, 6, 2, 0, 0, 23, 23, 43, 65, 72, 81, 110, 114, 127, 123, 127, 127, 125, 127, 112, 90, 93, 72, 62, 45, 33, 28, 30, 7, 5, 14, 0, 0, 0, 21, 25, 19, 35, 43, 56, 73, 93, 94, 109, 117, 127, 122, 127, 112]"
In-Distribution,25,exact_guidance_u,271,0,69,68,"[129, 52, 76, 81, 96, 110, 120, 123, 119, 127, 127, 116, 107, 89, 69, 69, 61, 44, 28, 11, 12, 6, 2, 0, 0, 23, 23, 43, 65, 72, 81, 110, 114, 127, 123, 127, 127, 125, 127, 112, 90, 93, 72, 62, 45, 33, 28, 30, 7, 5, 14, 0, 0, 0, 21, 25, 19, 35, 43, 56, 73, 93, 94, 109, 117, 127, 122, 127, 112]","[52, 76, 81, 96, 110, 120, 123, 119, 127, 127, 116, 107, 89, 69, 69, 61, 44, 28, 11, 12, 6, 2, 0, 0, 23, 23, 43, 65, 72, 81, 110, 114, 127, 123, 127, 127, 125, 127, 112, 90, 93, 72, 62, 45, 33, 28, 30, 7, 5, 14, 0, 0, 0, 21, 25, 19, 35, 43, 56, 73, 93, 94, 109, 117, 127, 122, 127, 112]"
In-Distribution,25,exact_guidance_u,272,0,69,68,"[129, 52, 76, 81, 96, 110, 120, 123, 119, 127, 127, 116, 107, 89, 69, 69, 61, 44, 28, 11, 12, 6, 2, 0, 0, 23, 23, 43, 65, 72, 81, 110, 114, 127, 123, 127, 127, 125, 127, 112, 90, 93, 72, 62, 45, 33, 28, 30, 7, 5, 14, 0, 0, 0, 21, 25, 19, 35, 43, 56, 73, 93, 94, 109, 117, 127, 122, 127, 112]","[52, 76, 81, 96, 110, 120, 123, 119, 127, 127, 116, 107, 89, 69, 69, 61, 44, 28, 11, 12, 6, 2, 0, 0, 23, 23, 43, 65, 72, 81, 110, 114, 127, 123, 127, 127, 125, 127, 112, 90, 93, 72, 62, 45, 33, 28, 30, 7, 5, 14, 0, 0, 0, 21, 25, 19, 35, 43, 56, 73, 93, 94, 109, 117, 127, 122, 127, 112]"
In-Distribution,25,exact_guidance_u,273,0,69,68,"[129, 52, 76, 81, 96, 110, 120, 123, 119, 127, 127, 116, 107, 89, 69, 69, 61, 44, 28, 11, 12, 6, 2, 0, 0, 23, 23, 43, 65, 72, 81, 110, 114, 127, 123, 127, 127, 125, 127, 112, 90, 93, 72, 62, 45, 33, 28, 30, 7, 5, 14, 0, 0, 0, 21, 25, 19, 35, 43, 56, 73, 93, 94, 109, 117, 127, 122, 127, 112]","[52, 76, 81, 96, 110, 120, 123, 119, 127, 127, 116, 107, 89, 69, 69, 61, 44, 28, 11, 12, 6, 2, 0, 0, 23, 23, 43, 65, 72, 81, 110, 114, 127, 123, 127, 127, 125, 127, 112, 90, 93, 72, 62, 45, 33, 28, 30, 7, 5, 14, 0, 0, 0, 21, 25, 19, 35, 43, 56, 73, 93, 94, 109, 117, 127, 122, 127, 112]"
In-Distribution,25,exact_guidance_u,274,0,69,68,"[129, 52, 76, 81, 96, 110, 120, 123, 119, 127, 127, 116, 107, 89, 69, 69, 61, 44, 28, 11, 12, 6, 2, 0, 0, 23, 23, 43, 65, 72, 81, 110, 114, 127, 123, 127, 127, 125, 127, 112, 90, 93, 72, 62, 45, 33, 28, 30, 7, 5, 14, 0, 0, 0, 21, 25, 19, 35, 43, 56, 73, 93, 94, 109, 117, 127, 122, 127, 112]","[52, 76, 81, 96, 110, 120, 123, 119, 127, 127, 116, 107, 89, 69, 69, 61, 44, 28, 11, 12, 6, 2, 0, 0, 23, 23, 43, 65, 72, 81, 110, 114, 127, 123, 127, 127, 125, 127, 112, 90, 93, 72, 62, 45, 33, 28, 30, 7, 5, 14, 0, 0, 0, 21, 25, 19, 35, 43, 56, 73, 93, 94, 109, 117, 127, 122, 127, 112]"
In-Distribution,25,exact_guidance_u,275,0,69,68,"[129, 52, 76, 81, 96, 110, 120, 123, 119, 127, 127, 116, 107, 89, 69, 69, 61, 44, 28, 11, 12, 6, 2, 0, 0, 23, 23, 43, 65, 72, 81, 110, 114, 127, 123, 127, 127, 125, 127, 112, 90, 93, 72, 62, 45, 33, 28, 30, 7, 5, 14, 0, 0, 0, 21, 25, 19, 35, 43, 56, 73, 93, 94, 109, 117, 127, 122, 127, 112]","[52, 76, 81, 96, 110, 120, 123, 119, 127, 127, 116, 107, 89, 69, 69, 61, 44, 28, 11, 12, 6, 2, 0, 0, 23, 23, 43, 65, 72, 81, 110, 114, 127, 123, 127, 127, 125, 127, 112, 90, 93, 72, 62, 45, 33, 28, 30, 7, 5, 14, 0, 0, 0, 21, 25, 19, 35, 43, 56, 73, 93, 94, 109, 117, 127, 122, 127, 112]"
In-Distribution,25,exact_guidance_u,276,0,69,68,"[129, 52, 76, 81, 96, 110, 120, 123, 119, 127, 127, 116, 107, 89, 69, 69, 61, 44, 28, 11, 12, 6, 2, 0, 0, 23, 23, 43, 65, 72, 81, 110, 114, 127, 123, 127, 127, 125, 127, 112, 90, 93, 72, 62, 45, 33, 28, 30, 7, 5, 14, 0, 0, 0, 21, 25, 19, 35, 43, 56, 73, 93, 94, 109, 117, 127, 122, 127, 112]","[52, 76, 81, 96, 110, 120, 123, 119, 127, 127, 116, 107, 89, 69, 69, 61, 44, 28, 11, 12, 6, 2, 0, 0, 23, 23, 43, 65, 72, 81, 110, 114, 127, 123, 127, 127, 125, 127, 112, 90, 93, 72, 62, 45, 33, 28, 30, 7, 5, 14, 0, 0, 0, 21, 25, 19, 35, 43, 56, 73, 93, 94, 109, 117, 127, 122, 127, 112]"
In-Distribution,25,exact_guidance_u,277,0,69,68,"[129, 52, 76, 81, 96, 110, 120, 123, 119, 127, 127, 116, 107, 89, 69, 69, 61, 44, 28, 11, 12, 6, 2, 0, 0, 23, 23, 43, 65, 72, 81, 110, 114, 127, 123, 127, 127, 125, 127, 112, 90, 93, 72, 62, 45, 33, 28, 30, 7, 5, 14, 0, 0, 0, 21, 25, 19, 35, 43, 56, 73, 93, 94, 109, 117, 127, 122, 127, 112]","[52, 76, 81, 96, 110, 120, 123, 119, 127, 127, 116, 107, 89, 69, 69, 61, 44, 28, 11, 12, 6, 2, 0, 0, 23, 23, 43, 65, 72, 81, 110, 114, 127, 123, 127, 127, 125, 127, 112, 90, 93, 72, 62, 45, 33, 28, 30, 7, 5, 14, 0, 0, 0, 21, 25, 19, 35, 43, 56, 73, 93, 94, 109, 117, 127, 122, 127, 112]"
In-Distribution,25,exact_guidance_u,278,0,69,68,"[129, 52, 76, 81, 96, 110, 120, 123, 119, 127, 127, 116, 107, 89, 69, 69, 61, 44, 28, 11, 12, 6, 2, 0, 0, 23, 23, 43, 65, 72, 81, 110, 114, 127, 123, 127, 127, 125, 127, 112, 90, 93, 72, 62, 45, 33, 28, 30, 7, 5, 14, 0, 0, 0, 21, 25, 19, 35, 43, 56, 73, 93, 94, 109, 117, 127, 122, 127, 112]","[52, 76, 81, 96, 110, 120, 123, 119, 127, 127, 116, 107, 89, 69, 69, 61, 44, 28, 11, 12, 6, 2, 0, 0, 23, 23, 43, 65, 72, 81, 110, 114, 127, 123, 127, 127, 125, 127, 112, 90, 93, 72, 62, 45, 33, 28, 30, 7, 5, 14, 0, 0, 0, 21, 25, 19, 35, 43, 56, 73, 93, 94, 109, 117, 127, 122, 127, 112]"
In-Distribution,25,exact_guidance_u,279,0,70,69,"[129, 52, 76, 81, 96, 110, 120, 123, 119, 127, 127, 116, 107, 106, 89, 69, 69, 61, 44, 28, 11, 12, 6, 2, 0, 0, 23, 23, 43, 65, 72, 81, 110, 114, 127, 123, 127, 127, 125, 127, 112, 90, 93, 72, 62, 45, 33, 28, 30, 7, 5, 14, 0, 0, 0, 21, 25, 19, 35, 43, 56, 73, 93, 94, 109, 117, 127, 122, 127, 112]","[52, 76, 81, 96, 110, 120, 123, 119, 127, 127, 116, 107, 106, 89, 69, 69, 61, 44, 28, 11, 12, 6, 2, 0, 0, 23, 23, 43, 65, 72, 81, 110, 114, 127, 123, 127, 127, 125, 127, 112, 90, 93, 72, 62, 45, 33, 28, 30, 7, 5, 14, 0, 0, 0, 21, 25, 19, 35, 43, 56, 73, 93, 94, 109, 117, 127, 122, 127, 112]"
Linear,20,exact_guidance_u,0,0,1,0,[129],[]
Linear,20,exact_guidance_u,1,0,2,1,"[129, 11]",[11]
Linear,20,exact_guidance_u,2,0,4,3,"[129, 3, 11, 112]","[3, 11, 112]"
Linear,20,exact_guidance_u,3,0,6,5,"[129, 0, 3, 11, 105, 112]","[0, 3, 11, 105, 112]"
Linear,20,exact_guidance_u,4,0,6,5,"[129, 0, 3, 11, 105, 112]","[0, 3, 11, 105, 112]"
Linear,20,exact_guidance_u,5,0,7,6,"[129, 0, 3, 11, 101, 105, 112]","[0, 3, 11, 101, 105, 112]"
Linear,20,exact_guidance_u,6,0,9,8,"[129, 0, 2, 3, 11, 73, 101, 105, 112]","[0, 2, 3, 11, 73, 101, 105, 112]"
Linear,20,exact_guidance_u,7,0,10,9,"[129, 101, 0, 2, 3, 11, 73, 101, 105, 112]","[101, 0, 2, 3, 11, 73, 101, 105, 112]"
Linear,20,exact_guidance_u,8,0,10,9,"[129, 101, 0, 2, 3, 11, 73, 101, 105, 112]","[101, 0, 2, 3, 11, 73, 101, 105, 112]"
Linear,20,exact_guidance_u,9,0,11,10,"[129, 101, 0, 2, 3, 11, 73, 101, 105, 112, 125]","[101, 0, 2, 3, 11, 73, 101, 105, 112, 125]"
Linear,20,exact_guidance_u,10,0,11,10,"[129, 101, 0, 2, 3, 11, 73, 101, 105, 112, 125]","[101, 0, 2, 3, 11, 73, 101, 105, 112, 125]"
Linear,20,exact_guidance_u,11,0,13,12,"[129, 101, 0, 12, 2, 3, 11, 73, 101, 105, 112, 125, 126]","[101, 0, 12, 2, 3, 11, 73, 101, 105, 112, 125, 126]"
Linear,20,exact_guidance_u,12,0,15,14,"[129, 101, 0, 12, 2, 3, 11, 34, 73, 101, 105, 112, 117, 125, 126]","[101, 0, 12, 2, 3, 11, 34, 73, 101, 105, 112, 117, 125, 126]"
Linear,20,exact_guidance_u,13,0,15,14,"[129, 101, 0, 12, 2, 3, 11, 34, 73, 101, 105, 112, 117, 125, 126]","[101, 0, 12, 2, 3, 11, 34, 73, 101, 105, 112, 117, 125, 126]"
Linear,20,exact_guidance_u,14,0,15,14,"[129, 101, 0, 12, 2, 3, 11, 34, 73, 101, 105, 112, 117, 125, 126]","[101, 0, 12, 2, 3, 11, 34, 73, 101, 105, 112, 117, 125, 126]"
Linear,20,exact_guidance_u,15,0,16,15,"[129, 101, 0, 12, 2, 3, 16, 11, 34, 73, 101, 105, 112, 117, 125, 126]","[101, 0, 12, 2, 3, 16, 11, 34, 73, 101, 105, 112, 117, 125, 126]"
Linear,20,exact_guidance_u,16,0,17,16,"[129, 101, 0, 12, 2, 3, 16, 11, 31, 34, 73, 101, 105, 112, 117, 125, 126]","[101, 0, 12, 2, 3, 16, 11, 31, 34, 73, 101, 105, 112, 117, 125, 126]"
Linear,20,exact_guidance_u,17,0,18,17,"[129, 101, 0, 12, 2, 3, 16, 9, 11, 31, 34, 73, 101, 105, 112, 117, 125, 126]","[101, 0, 12, 2, 3, 16, 9, 11, 31, 34, 73, 101, 105, 112, 117, 125, 126]"
Linear,20,exact_guidance_u,18,0,18,17,"[129, 101, 0, 12, 2, 3, 16, 9, 11, 31, 34, 73, 101, 105, 112, 117, 125, 126]","[101, 0, 12, 2, 3, 16, 9, 11, 31, 34, 73, 101, 105, 112, 117, 125, 126]"
Linear,20,exact_guidance_u,19,0,18,17,"[129, 101, 0, 12, 2, 3, 16, 9, 11, 31, 34, 73, 101, 105, 112, 117, 125, 126]","[101, 0, 12, 2, 3, 16, 9, 11, 31, 34, 73, 101, 105, 112, 117, 125, 126]"
Linear,20,exact_guidance_u,20,0,18,17,"[129, 101, 0, 12, 2, 3, 16, 9, 11, 31, 34, 73, 101, 105, 112, 117, 125, 126]","[101, 0, 12, 2, 3, 16, 9, 11, 31, 34, 73, 101, 105, 112, 117, 125, 126]"
Linear,20,exact_guidance_u,21,0,19,18,"[129, 101, 0, 12, 2, 3, 16, 76, 9, 11, 31, 34, 73, 101, 105, 112, 117, 125, 126]","[101, 0, 12, 2, 3, 16, 76, 9, 11, 31, 34, 73, 101, 105, 112, 117, 125, 126]"
Linear,20,exact_guidance_u,22,0,19,18,"[129, 101, 0, 12, 2, 3, 16, 76, 9, 11, 31, 34, 73, 101, 105, 112, 117, 125, 126]","[101, 0, 12, 2, 3, 16, 76, 9, 11, 31, 34, 73, 101, 105, 112, 117, 125, 126]"
Linear,20,exact_guidance_u,23,0,19,18,"[129, 101, 0, 12, 2, 3, 16, 76, 9, 11, 31, 34, 73, 101, 105, 112, 117, 125, 126]","[101, 0, 12, 2, 3, 16, 76, 9, 11, 31, 34, 73, 101, 105, 112, 117, 125, 126]"
Linear,20,exact_guidance_u,24,0,21,20,"[129, 101, 0, 12, 96, 2, 3, 16, 76, 9, 11, 31, 34, 73, 103, 101, 105, 112, 117, 125, 126]","[101, 0, 12, 96, 2, 3, 16, 76, 9, 11, 31, 34, 73, 103, 101, 105, 112, 117, 125, 126]"
Linear,20,exact_guidance_u,25,0,21,20,"[129, 101, 0, 12, 96, 2, 3, 16, 76, 9, 11, 31, 34, 73, 103, 101, 105, 112, 117, 125, 126]","[101, 0, 12, 96, 2, 3, 16, 76, 9, 11, 31, 34, 73, 103, 101, 105, 112, 117, 125, 126]"
Linear,20,exact_guidance_u,26,0,24,23,"[129, 101, 0, 12, 96, 2, 3, 16, 50, 76, 9, 11, 14, 31, 34, 73, 94, 103, 101, 105, 112, 117, 125, 126]","[101, 0, 12, 96, 2, 3, 16, 50, 76, 9, 11, 14, 31, 34, 73, 94, 103, 101, 105, 112, 117, 125, 126]"
Linear,20,exact_guidance_u,27,0,24,23,"[129, 101, 0, 12, 96, 2, 3, 16, 50, 76, 9, 11, 14, 31, 34, 73, 94, 103, 101, 105, 112, 117, 125, 126]","[101, 0, 12, 96, 2, 3, 16, 50, 76, 9, 11, 14, 31, 34, 73, 94, 103, 101, 105, 112, 117, 125, 126]"
Linear,20,exact_guidance_u,28,0,25,24,"[129, 101, 0, 12, 96, 2, 3, 16, 50, 76, 8, 9, 11, 14, 31, 34, 73, 94, 103, 101, 105, 112, 117, 125, 126]","[101, 0, 12, 96, 2, 3, 16, 50, 76, 8, 9, 11, 14, 31, 34, 73, 94, 103, 101, 105, 112, 117, 125, 126]"
Linear,20,exact_guidance_u,29,0,25,24,"[129, 101, 0, 12, 96, 2, 3, 16, 50, 76, 8, 9, 11, 14, 31, 34, 73, 94, 103, 101, 105, 112, 117, 125, 126]","[101, 0, 12, 96, 2, 3, 16, 50, 76, 8, 9, 11, 14, 31, 34, 73, 94, 103, 101, 105, 112, 117, 125, 126]"
Linear,20,exact_guidance_u,30,0,27,26,"[129, 101, 0, 12, 96, 2, 3, 16, 50, 76, 8, 9, 11, 14, 35, 31, 34, 40, 73, 94, 103, 101, 105, 112, 117, 125, 126]","[101, 0, 12, 96, 2, 3, 16, 50, 76, 8, 9, 11, 14, 35, 31, 34, 40, 73, 94, 103, 101, 105, 112, 117, 125, 126]"
Linear,20,exact_guidance_u,31,0,28,27,"[129, 101, 0, 12, 96, 2, 3, 16, 50, 76, 15, 8, 9, 11, 14, 35, 31, 34, 40, 73, 94, 103, 101, 105, 112, 117, 125, 126]","[101, 0, 12, 96, 2, 3, 16, 50, 76, 15, 8, 9, 11, 14, 35, 31, 34, 40, 73, 94, 103, 101, 105, 112, 117, 125, 126]"
Linear,20,exact_guidance_u,32,0,28,27,"[129, 101, 0, 12, 96, 2, 3, 16, 50, 76, 15, 8, 9, 11, 14, 35, 31, 34, 40, 73, 94, 103, 101, 105, 112, 117, 125, 126]","[101, 0, 12, 96, 2, 3, 16, 50, 76, 15, 8, 9, 11, 14, 35, 31, 34, 40, 73, 94, 103, 101, 105, 112, 117, 125, 126]"
Linear,20,exact_guidance_u,33,0,29,28,"[129, 101, 0, 12, 96, 2, 3, 16, 50, 76, 15, 8, 9, 11, 12, 14, 35, 31, 34, 40, 73, 94, 103, 101, 105, 112, 117, 125, 126]","[101, 0, 12, 96, 2, 3, 16, 50, 76, 15, 8, 9, 11, 12, 14, 35, 31, 34, 40, 73, 94, 103, 101, 105, 112, 117, 125, 126]"
Linear,20,exact_guidance_u,34,0,32,31,"[129, 101, 0, 12, 96, 18, 2, 3, 16, 50, 76, 108, 15, 8, 9, 11, 12, 14, 35, 31, 34, 40, 64, 73, 94, 103, 101, 105, 112, 117, 125, 126]","[101, 0, 12, 96, 18, 2, 3, 16, 50, 76, 108, 15, 8, 9, 11, 12, 14, 35, 31, 34, 40, 64, 73, 94, 103, 101, 105, 112, 117, 125, 126]"
Linear,20,exact_guidance_u,35,0,32,31,"[129, 101, 0, 12, 96, 18, 2, 3, 16, 50, 76, 108, 15, 8, 9, 11, 12, 14, 35, 31, 34, 40, 64, 73, 94, 103, 101, 105, 112, 117, 125, 126]","[101, 0, 12, 96, 18, 2, 3, 16, 50, 76, 108, 15, 8, 9, 11, 12, 14, 35, 31, 34, 40, 64, 73, 94, 103, 101, 105, 112, 117, 125, 126]"
Linear,20,exact_guidance_u,36,0,32,31,"[129, 101, 0, 12, 96, 18, 2, 3, 16, 50, 76, 108, 15, 8, 9, 11, 12, 14, 35, 31, 34, 40, 64, 73, 94, 103, 101, 105, 112, 117, 125, 126]","[101, 0, 12, 96, 18, 2, 3, 16, 50, 76, 108, 15, 8, 9, 11, 12, 14, 35, 31, 34, 40, 64, 73, 94, 103, 101, 105, 112, 117, 125, 126]"
Linear,20,exact_guidance_u,37,0,32,31,"[129, 101, 0, 12, 96, 18, 2, 3, 16, 50, 76, 108, 15, 8, 9, 11, 12, 14, 35, 31, 34, 40, 64, 73, 94, 103, 101, 105, 112, 117, 125, 126]","[101, 0, 12, 96, 18, 2, 3, 16, 50, 76, 108, 15, 8, 9, 11, 12, 14, 35, 31, 34, 40, 64, 73, 94, 103, 101, 105, 112, 117, 125, 126]"
Linear,20,exact_guidance_u,38,0,32,31,"[129, 101, 0, 12, 96, 18, 2, 3, 16, 50, 76, 108, 15, 8, 9, 11, 12, 14, 35, 31, 34, 40, 64, 73, 94, 103, 101, 105, 112, 117, 125, 126]","[101, 0, 12, 96, 18, 2, 3, 16, 50, 76, 108, 15, 8, 9, 11, 12, 14, 35, 31, 34, 40, 64, 73, 94, 103, 101, 105, 112, 117, 125, 126]"
Linear,20,exact_guidance_u,39,0,34,33,"[129, 101, 0, 12, 96, 18, 2, 3, 16, 4, 50, 76, 108, 15, 8, 9, 11, 12, 14, 35, 31, 34, 40, 54, 64, 73, 94, 103, 101, 105, 112, 117, 125, 126]","[101, 0, 12, 96, 18, 2, 3, 16, 4, 50, 76, 108, 15, 8, 9, 11, 12, 14, 35, 31, 34, 40, 54, 64, 73, 94, 103, 101, 105, 112, 117, 125, 126]"
Linear,20,exact_guidance_u,40,0,34,33,"[129, 101, 0, 12, 96, 18, 2, 3, 16, 4, 50, 76, 108, 15, 8, 9, 11, 12, 14, 35, 31, 34, 40, 54, 64, 73, 94, 103, 101, 105, 112, 117, 125, 126]","[101, 0, 12, 96, 18, 2, 3, 16, 4, 50, 76, 108, 15, 8, 9, 11, 12, 14, 35, 31, 34, 40, 54, 64, 73, 94, 103, 101, 105, 112, 117, 125, 126]"
Linear,20,exact_guidance_u,41,0,35,34,"[129, 101, 0, 12, 96, 18, 2, 3, 16, 4, 50, 76, 108, 15, 8, 9, 11, 12, 14, 35, 31, 34, 40, 54, 64, 73, 87, 94, 103, 101, 105, 112, 117, 125, 126]","[101, 0, 12, 96, 18, 2, 3, 16, 4, 50, 76, 108, 15, 8, 9, 11, 12, 14, 35, 31, 34, 40, 54, 64, 73, 87, 94, 103, 101, 105, 112, 117, 125, 126]"
Linear,20,exact_guidance_u,42,0,35,34,"[129, 101, 0, 12, 96, 18, 2, 3, 16, 4, 50, 76, 108, 15, 8, 9, 11, 12, 14, 35, 31, 34, 40, 54, 64, 73, 87, 94, 103, 101, 105, 112, 117, 125, 126]","[101, 0, 12, 96, 18, 2, 3, 16, 4, 50, 76, 108, 15, 8, 9, 11, 12, 14, 35, 31, 34, 40, 54, 64, 73, 87, 94, 103, 101, 105, 112, 117, 125, 126]"
Linear,20,exact_guidance_u,43,0,35,34,"[129, 101, 0, 12, 96, 18, 2, 3, 16, 4, 50, 76, 108, 15, 8, 9, 11, 12, 14, 35, 31, 34, 40, 54, 64, 73, 87, 94, 103, 101, 105, 112, 117, 125, 126]","[101, 0, 12, 96, 18, 2, 3, 16, 4, 50, 76, 108, 15, 8, 9, 11, 12, 14, 35, 31, 34, 40, 54, 64, 73, 87, 94, 103, 101, 105, 112, 117, 125, 126]"
Linear,20,exact_guidance_u,44,0,35,34,"[129, 101, 0, 12, 96, 18, 2, 3, 16, 4, 50, 76, 108, 15, 8, 9, 11, 12, 14, 35, 31, 34, 40, 54, 64, 73, 87, 94, 103, 101, 105, 112, 117, 125, 126]","[101, 0, 12, 96, 18, 2, 3, 16, 4, 50, 76, 108, 15, 8, 9, 11, 12, 14, 35, 31, 34, 40, 54, 64, 73, 87, 94, 103, 101, 105, 112, 117, 125, 126]"
Linear,20,exact_guidance_u,45,0,35,34,"[129, 101, 0, 12, 96, 18, 2, 3, 16, 4, 50, 76, 108, 15, 8, 9, 11, 12, 14, 35, 31, 34, 40, 54, 64, 73, 87, 94, 103, 101, 105, 112, 117, 125, 126]","[101, 0, 12, 96, 18, 2, 3, 16, 4, 50, 76, 108, 15, 8, 9, 11, 12, 14, 35, 31, 34, 40, 54, 64, 73, 87, 94, 103, 101, 105, 112, 117, 125, 126]"
Linear,20,exact_guidance_u,46,0,35,34,"[129, 101, 0, 12, 96, 18, 2, 3, 16, 4, 50, 76, 108, 15, 8, 9, 11, 12, 14, 35, 31, 34, 40, 54, 64, 73, 87, 94, 103, 101, 105, 112, 117, 125, 126]","[101, 0, 12, 96, 18, 2, 3, 16, 4, 50, 76, 108, 15, 8, 9, 11, 12, 14, 35, 31, 34, 40, 54, 64, 73, 87, 94, 103, 101, 105, 112, 117, 125, 126]"
Linear,20,exact_guidance_u,47,0,35,34,"[129, 101, 0, 12, 96, 18, 2, 3, 16, 4, 50, 76, 108, 15, 8, 9, 11, 12, 14, 35, 31, 34, 40, 54, 64, 73, 87, 94, 103, 101, 105, 112, 117, 125, 126]","[101, 0, 12, 96, 18, 2, 3, 16, 4, 50, 76, 108, 15, 8, 9, 11, 12, 14, 35, 31, 34, 40, 54, 64, 73, 87, 94, 103, 101, 105, 112, 117, 125, 126]"
Linear,20,exact_guidance_u,48,0,35,34,"[129, 101, 0, 12, 96, 18, 2, 3, 16, 4, 50, 76, 108, 15, 8, 9, 11, 12, 14, 35, 31, 34, 40, 54, 64, 73, 87, 94, 103, 101, 105, 112, 117, 125, 126]","[101, 0, 12, 96, 18, 2, 3, 16, 4, 50, 76, 108, 15, 8, 9, 11, 12, 14, 35, 31, 34, 40, 54, 64, 73, 87, 94, 103, 101, 105, 112, 117, 125, 126]"
Linear,20,exact_guidance_u,49,0,35,34,"[129, 101, 0, 12, 96, 18, 2, 3, 16, 4, 50, 76, 108, 15, 8, 9, 11, 12, 14, 35, 31, 34, 40, 54, 64, 73, 87, 94, 103, 101, 105, 112, 117, 125, 126]","[101, 0, 12, 96, 18, 2, 3, 16, 4, 50, 76, 108, 15, 8, 9, 11, 12, 14, 35, 31, 34, 40, 54, 64, 73, 87, 94, 103, 101, 105, 112, 117, 125, 126]"
Linear,20,exact_guidance_u,50,0,35,34,"[129, 101, 0, 12, 96, 18, 2, 3, 16, 4, 50, 76, 108, 15, 8, 9, 11, 12, 14, 35, 31, 34, 40, 54, 64, 73, 87, 94, 103, 101, 105, 112, 117, 125, 126]","[101, 0, 12, 96, 18, 2, 3, 16, 4, 50, 76, 108, 15, 8, 9, 11, 12, 14, 35, 31, 34, 40, 54, 64, 73, 87, 94, 103, 101, 105, 112, 117, 125, 126]"
Linear,20,exact_guidance_u,51,0,35,34,"[129, 101, 0, 12, 96, 18, 2, 3, 16, 4, 50, 76, 108, 15, 8, 9, 11, 12, 14, 35, 31, 34, 40, 54, 64, 73, 87, 94, 103, 101, 105, 112, 117, 125, 126]","[101, 0, 12, 96, 18, 2, 3, 16, 4, 50, 76, 108, 15, 8, 9, 11, 12, 14, 35, 31, 34, 40, 54, 64, 73, 87, 94, 103, 101, 105, 112, 117, 125, 126]"
Linear,20,exact_guidance_u,52,0,35,34,"[129, 101, 0, 12, 96, 18, 2, 3, 16, 4, 50, 76, 108, 15, 8, 9, 11, 12, 14, 35, 31, 34, 40, 54, 64, 73, 87, 94, 103, 101, 105, 112, 117, 125, 126]","[101, 0, 12, 96, 18, 2, 3, 16, 4, 50, 76, 108, 15, 8, 9, 11, 12, 14, 35, 31, 34, 40, 54, 64, 73, 87, 94, 103, 101, 105, 112, 117, 125, 126]"
Linear,20,exact_guidance_u,53,0,35,34,"[129, 101, 0, 12, 96, 18, 2, 3, 16, 4, 50, 76, 108, 15, 8, 9, 11, 12, 14, 35, 31, 34, 40, 54, 64, 73, 87, 94, 103, 101, 105, 112, 117, 125, 126]","[101, 0, 12, 96, 18, 2, 3, 16, 4, 50, 76, 108, 15, 8, 9, 11, 12, 14, 35, 31, 34, 40, 54, 64, 73, 87, 94, 103, 101, 105, 112, 117, 125, 126]"
Linear,20,exact_guidance_u,54,0,35,34,"[129, 101, 0, 12, 96, 18, 2, 3, 16, 4, 50, 76, 108, 15, 8, 9, 11, 12, 14, 35, 31, 34, 40, 54, 64, 73, 87, 94, 103, 101, 105, 112, 117, 125, 126]","[101, 0, 12, 96, 18, 2, 3, 16, 4, 50, 76, 108, 15, 8, 9, 11, 12, 14, 35, 31, 34, 40, 54, 64, 73, 87, 94, 103, 101, 105, 112, 117, 125, 126]"
Linear,20,exact_guidance_u,55,0,35,34,"[129, 101, 0, 12, 96, 18, 2, 3, 16, 4, 50, 76, 108, 15, 8, 9, 11, 12, 14, 35, 31, 34, 40, 54, 64, 73, 87, 94, 103, 101, 105, 112, 117, 125, 126]","[101, 0, 12, 96, 18, 2, 3, 16, 4, 50, 76, 108, 15, 8, 9, 11, 12, 14, 35, 31, 34, 40, 54, 64, 73, 87, 94, 103, 101, 105, 112, 117, 125, 126]"
Linear,20,exact_guidance_u,56,0,36,35,"[129, 101, 0, 12, 96, 64, 18, 2, 3, 16, 4, 50, 76, 108, 15, 8, 9, 11, 12, 14, 35, 31, 34, 40, 54, 64, 73, 87, 94, 103, 101, 105, 112, 117, 125, 126]","[101, 0, 12, 96, 64, 18, 2, 3, 16, 4, 50, 76, 108, 15, 8, 9, 11, 12, 14, 35, 31, 34, 40, 54, 64, 73, 87, 94, 103, 101, 105, 112, 117, 125, 126]"
Linear,20,exact_guidance_u,57,0,36,35,"[129, 101, 0, 12, 96, 64, 18, 2, 3, 16, 4, 50, 76, 108, 15, 8, 9, 11, 12, 14, 35, 31, 34, 40, 54, 64, 73, 87, 94, 103, 101, 105, 112, 117, 125, 126]","[101, 0, 12, 96, 64, 18, 2, 3, 16, 4, 50, 76, 108, 15, 8, 9, 11, 12, 14, 35, 31, 34, 40, 54, 64, 73, 87, 94, 103, 101, 105, 112, 117, 125, 126]"
Linear,20,exact_guidance_u,58,0,36,35,"[129, 101, 0, 12, 96, 64, 18, 2, 3, 16, 4, 50, 76, 108, 15, 8, 9, 11, 12, 14, 35, 31, 34, 40, 54, 64, 73, 87, 94, 103, 101, 105, 112, 117, 125, 126]","[101, 0, 12, 96, 64, 18, 2, 3, 16, 4, 50, 76, 108, 15, 8, 9, 11, 12, 14, 35, 31, 34, 40, 54, 64, 73, 87, 94, 103, 101, 105, 112, 117, 125, 126]"
Linear,20,exact_guidance_u,59,0,36,35,"[129, 101, 0, 12, 96, 64, 18, 2, 3, 16, 4, 50, 76, 108, 15, 8, 9, 11, 12, 14, 35, 31, 34, 40, 54, 64, 73, 87, 94, 103, 101, 105, 112, 117, 125, 126]","[101, 0, 12, 96, 64, 18, 2, 3, 16, 4, 50, 76, 108, 15, 8, 9, 11, 12, 14, 35, 31, 34, 40, 54, 64, 73, 87, 94, 103, 101, 105, 112, 117, 125, 126]"
Linear,20,exact_guidance_u,60,0,36,35,"[129, 101, 0, 12, 96, 64, 18, 2, 3, 16, 4, 50, 76, 108, 15, 8, 9, 11, 12, 14, 35, 31, 34, 40, 54, 64, 73, 87, 94, 103, 101, 105, 112, 117, 125, 126]","[101, 0, 12, 96, 64, 18, 2, 3, 16, 4, 50, 76, 108, 15, 8, 9, 11, 12, 14, 35, 31, 34, 40, 54, 64, 73, 87, 94, 103, 101, 105, 112, 117, 125, 126]"
Linear,20,exact_guidance_u,61,0,36,35,"[129, 101, 0, 12, 96, 64, 18, 2, 3, 16, 4, 50, 76, 108, 15, 8, 9, 11, 12, 14, 35, 31, 34, 40, 54, 64, 73, 87, 94, 103, 101, 105, 112, 117, 125, 126]","[101, 0, 12, 96, 64, 18, 2, 3, 16, 4, 50, 76, 108, 15, 8, 9, 11, 12, 14, 35, 31, 34, 40, 54, 64, 73, 87, 94, 103, 101, 105, 112, 117, 125, 126]"
Linear,20,exact_guidance_u,62,0,36,35,"[129, 101, 0, 12, 96, 64, 18, 2, 3, 16, 4, 50, 76, 108, 15, 8, 9, 11, 12, 14, 35, 31, 34, 40, 54, 64, 73, 87, 94, 103, 101, 105, 112, 117, 125, 126]","[101, 0, 12, 96, 64, 18, 2, 3, 16, 4, 50, 76, 108, 15, 8, 9, 11, 12, 14, 35, 31, 34, 40, 54, 64, 73, 87, 94, 103, 101, 105, 112, 117, 125, 126]"
Linear,20,exact_guidance_u,63,0,36,35,"[129, 101, 0, 12, 96, 64, 18, 2, 3, 16, 4, 50, 76, 108, 15, 8, 9, 11, 12, 14, 35, 31, 34, 40, 54, 64, 73, 87, 94, 103, 101, 105, 112, 117, 125, 126]","[101, 0, 12, 96, 64, 18, 2, 3, 16, 4, 50, 76, 108, 15, 8, 9, 11, 12, 14, 35, 31, 34, 40, 54, 64, 73, 87, 94, 103, 101, 105, 112, 117, 125, 126]"
Linear,20,exact_guidance_u,64,0,36,35,"[129, 101, 0, 12, 96, 64, 18, 2, 3, 16, 4, 50, 76, 108, 15, 8, 9, 11, 12, 14, 35, 31, 34, 40, 54, 64, 73, 87, 94, 103, 101, 105, 112, 117, 125, 126]","[101, 0, 12, 96, 64, 18, 2, 3, 16, 4, 50, 76, 108, 15, 8, 9, 11, 12, 14, 35, 31, 34, 40, 54, 64, 73, 87, 94, 103, 101, 105, 112, 117, 125, 126]"
Linear,20,exact_guidance_u,65,0,36,35,"[129, 101, 0, 12, 96, 64, 18, 2, 3, 16, 4, 50, 76, 108, 15, 8, 9, 11, 12, 14, 35, 31, 34, 40, 54, 64, 73, 87, 94, 103, 101, 105, 112, 117, 125, 126]","[101, 0, 12, 96, 64, 18, 2, 3, 16, 4, 50, 76, 108, 15, 8, 9, 11, 12, 14, 35, 31, 34, 40, 54, 64, 73, 87, 94, 103, 101, 105, 112, 117, 125, 126]"
Linear,20,exact_guidance_u,66,0,37,36,"[129, 101, 0, 12, 96, 64, 18, 2, 3, 16, 4, 50, 76, 108, 15, 8, 9, 11, 12, 14, 35, 31, 34, 40, 54, 64, 73, 74, 87, 94, 103, 101, 105, 112, 117, 125, 126]","[101, 0, 12, 96, 64, 18, 2, 3, 16, 4, 50, 76, 108, 15, 8, 9, 11, 12, 14, 35, 31, 34, 40, 54, 64, 73, 74, 87, 94, 103, 101, 105, 112, 117, 125, 126]"
Linear,20,exact_guidance_u,67,0,37,36,"[129, 101, 0, 12, 96, 64, 18, 2, 3, 16, 4, 50, 76, 108, 15, 8, 9, 11, 12, 14, 35, 31, 34, 40, 54, 64, 73, 74, 87, 94, 103, 101, 105, 112, 117, 125, 126]","[101, 0, 12, 96, 64, 18, 2, 3, 16, 4, 50, 76, 108, 15, 8, 9, 11, 12, 14, 35, 31, 34, 40, 54, 64, 73, 74, 87, 94, 103, 101, 105, 112, 117, 125, 126]"
Linear,20,exact_guidance_u,68,0,37,36,"[129, 101, 0, 12, 96, 64, 18, 2, 3, 16, 4, 50, 76, 108, 15, 8, 9, 11, 12, 14, 35, 31, 34, 40, 54, 64, 73, 74, 87, 94, 103, 101, 105, 112, 117, 125, 126]","[101, 0, 12, 96, 64, 18, 2, 3, 16, 4, 50, 76, 108, 15, 8, 9, 11, 12, 14, 35, 31, 34, 40, 54, 64, 73, 74, 87, 94, 103, 101, 105, 112, 117, 125, 126]"
Linear,20,exact_guidance_u,69,0,38,37,"[129, 101, 0, 12, 96, 64, 18, 2, 3, 16, 4, 50, 76, 108, 15, 6, 8, 9, 11, 12, 14, 35, 31, 34, 40, 54, 64, 73, 74, 87, 94, 103, 101, 105, 112, 117, 125, 126]","[101, 0, 12, 96, 64, 18, 2, 3, 16, 4, 50, 76, 108, 15, 6, 8, 9, 11, 12, 14, 35, 31, 34, 40, 54, 64, 73, 74, 87, 94, 103, 101, 105, 112, 117, 125, 126]"
Linear,20,exact_guidance_u,70,0,38,37,"[129, 101, 0, 12, 96, 64, 18, 2, 3, 16, 4, 50, 76, 108, 15, 6, 8, 9, 11, 12, 14, 35, 31, 34, 40, 54, 64, 73, 74, 87, 94, 103, 101, 105, 112, 117, 125, 126]","[101, 0, 12, 96, 64, 18, 2, 3, 16, 4, 50, 76, 108, 15, 6, 8, 9, 11, 12, 14, 35, 31, 34, 40, 54, 64, 73, 74, 87, 94, 103, 101, 105, 112, 117, 125, 126]"
Linear,20,exact_guidance_u,71,0,38,37,"[129, 101, 0, 12, 96, 64, 18, 2, 3, 16, 4, 50, 76, 108, 15, 6, 8, 9, 11, 12, 14, 35, 31, 34, 40, 54, 64, 73, 74, 87, 94, 103, 101, 105, 112, 117, 125, 126]","[101, 0, 12, 96, 64, 18, 2, 3, 16, 4, 50, 76, 108, 15, 6, 8, 9, 11, 12, 14, 35, 31, 34, 40, 54, 64, 73, 74, 87, 94, 103, 101, 105, 112, 117, 125, 126]"
Linear,20,exact_guidance_u,72,0,38,37,"[129, 101, 0, 12, 96, 64, 18, 2, 3, 16, 4, 50, 76, 108, 15, 6, 8, 9, 11, 12, 14, 35, 31, 34, 40, 54, 64, 73, 74, 87, 94, 103, 101, 105, 112, 117, 125, 126]","[101, 0, 12, 96, 64, 18, 2, 3, 16, 4, 50, 76, 108, 15, 6, 8, 9, 11, 12, 14, 35, 31, 34, 40, 54, 64, 73, 74, 87, 94, 103, 101, 105, 112, 117, 125, 126]"
Linear,20,exact_guidance_u,73,0,40,39,"[129, 101, 0, 12, 96, 64, 18, 2, 3, 16, 4, 50, 76, 119, 108, 50, 15, 6, 8, 9, 11, 12, 14, 35, 31, 34, 40, 54, 64, 73, 74, 87, 94, 103, 101, 105, 112, 117, 125, 126]","[101, 0, 12, 96, 64, 18, 2, 3, 16, 4, 50, 76, 119, 108, 50, 15, 6, 8, 9, 11, 12, 14, 35, 31, 34, 40, 54, 64, 73, 74, 87, 94, 103, 101, 105, 112, 117, 125, 126]"
Linear,20,exact_guidance_u,74,0,40,39,"[129, 101, 0, 12, 96, 64, 18, 2, 3, 16, 4, 50, 76, 119, 108, 50, 15, 6, 8, 9, 11, 12, 14, 35, 31, 34, 40, 54, 64, 73, 74, 87, 94, 103, 101, 105, 112, 117, 125, 126]","[101, 0, 12, 96, 64, 18, 2, 3, 16, 4, 50, 76, 119, 108, 50, 15, 6, 8, 9, 11, 12, 14, 35, 31, 34, 40, 54, 64, 73, 74, 87, 94, 103, 101, 105, 112, 117, 125, 126]"
Linear,20,exact_guidance_u,75,0,41,40,"[129, 101, 70, 0, 12, 96, 64, 18, 2, 3, 16, 4, 50, 76, 119, 108, 50, 15, 6, 8, 9, 11, 12, 14, 35, 31, 34, 40, 54, 64, 73, 74, 87, 94, 103, 101, 105, 112, 117, 125, 126]","[101, 70, 0, 12, 96, 64, 18, 2, 3, 16, 4, 50, 76, 119, 108, 50, 15, 6, 8, 9, 11, 12, 14, 35, 31, 34, 40, 54, 64, 73, 74, 87, 94, 103, 101, 105, 112, 117, 125, 126]"
Linear,20,exact_guidance_u,76,0,42,41,"[129, 101, 70, 0, 12, 127, 96, 64, 18, 2, 3, 16, 4, 50, 76, 119, 108, 50, 15, 6, 8, 9, 11, 12, 14, 35, 31, 34, 40, 54, 64, 73, 74, 87, 94, 103, 101, 105, 112, 117, 125, 126]","[101, 70, 0, 12, 127, 96, 64, 18, 2, 3, 16, 4, 50, 76, 119, 108, 50, 15, 6, 8, 9, 11, 12, 14, 35, 31, 34, 40, 54, 64, 73, 74, 87, 94, 103, 101, 105, 112, 117, 125, 126]"
Linear,20,exact_guidance_u,77,0,43,42,"[129, 101, 70, 29, 0, 12, 127, 96, 64, 18, 2, 3, 16, 4, 50, 76, 119, 108, 50, 15, 6, 8, 9, 11, 12, 14, 35, 31, 34, 40, 54, 64, 73, 74, 87, 94, 103, 101, 105, 112, 117, 125, 126]","[101, 70, 29, 0, 12, 127, 96, 64, 18, 2, 3, 16, 4, 50, 76, 119, 108, 50, 15, 6, 8, 9, 11, 12, 14, 35, 31, 34, 40, 54, 64, 73, 74, 87, 94, 103, 101, 105, 112, 117, 125, 126]"
Linear,20,exact_guidance_u,78,0,43,42,"[129, 101, 70, 29, 0, 12, 127, 96, 64, 18, 2, 3, 16, 4, 50, 76, 119, 108, 50, 15, 6, 8, 9, 11, 12, 14, 35, 31, 34, 40, 54, 64, 73, 74, 87, 94, 103, 101, 105, 112, 117, 125, 126]","[101, 70, 29, 0, 12, 127, 96, 64, 18, 2, 3, 16, 4, 50, 76, 119, 108, 50, 15, 6, 8, 9, 11, 12, 14, 35, 31, 34, 40, 54, 64, 73, 74, 87, 94, 103, 101, 105, 112, 117, 125, 126]"
Linear,20,exact_guidance_u,79,0,45,44,"[129, 101, 70, 29, 0, 12, 52, 127, 96, 64, 37, 18, 2, 3, 16, 4, 50, 76, 119, 108, 50, 15, 6, 8, 9, 11, 12, 14, 35, 31, 34, 40, 54, 64, 73, 74, 87, 94, 103, 101, 105, 112, 117, 125, 126]","[101, 70, 29, 0, 12, 52, 127, 96, 64, 37, 18, 2, 3, 16, 4, 50, 76, 119, 108, 50, 15, 6, 8, 9, 11, 12, 14, 35, 31, 34, 40, 54, 64, 73, 74, 87, 94, 103, 101, 105, 112, 117, 125, 126]"
Linear,20,exact_guidance_u,80,0,46,45,"[129, 101, 70, 29, 0, 12, 52, 127, 96, 96, 64, 37, 18, 2, 3, 16, 4, 50, 76, 119, 108, 50, 15, 6, 8, 9, 11, 12, 14, 35, 31, 34, 40, 54, 64, 73, 74, 87, 94, 103, 101, 105, 112, 117, 125, 126]","[101, 70, 29, 0, 12, 52, 127, 96, 96, 64, 37, 18, 2, 3, 16, 4, 50, 76, 119, 108, 50, 15, 6, 8, 9, 11, 12, 14, 35, 31, 34, 40, 54, 64, 73, 74, 87, 94, 103, 101, 105, 112, 117, 125, 126]"
Linear,20,exact_guidance_u,81,0,47,46,"[129, 101, 70, 29, 0, 12, 52, 127, 96, 96, 64, 37, 18, 13, 2, 3, 16, 4, 50, 76, 119, 108, 50, 15, 6, 8, 9, 11, 12, 14, 35, 31, 34, 40, 54, 64, 73, 74, 87, 94, 103, 101, 105, 112, 117, 125, 126]","[101, 70, 29, 0, 12, 52, 127, 96, 96, 64, 37, 18, 13, 2, 3, 16, 4, 50, 76, 119, 108, 50, 15, 6, 8, 9, 11, 12, 14, 35, 31, 34, 40, 54, 64, 73, 74, 87, 94, 103, 101, 105, 112, 117, 125, 126]"
Linear,20,exact_guidance_u,82,0,47,46,"[129, 101, 70, 29, 0, 12, 52, 127, 96, 96, 64, 37, 18, 13, 2, 3, 16, 4, 50, 76, 119, 108, 50, 15, 6, 8, 9, 11, 12, 14, 35, 31, 34, 40, 54, 64, 73, 74, 87, 94, 103, 101, 105, 112, 117, 125, 126]","[101, 70, 29, 0, 12, 52, 127, 96, 96, 64, 37, 18, 13, 2, 3, 16, 4, 50, 76, 119, 108, 50, 15, 6, 8, 9, 11, 12, 14, 35, 31, 34, 40, 54, 64, 73, 74, 87, 94, 103, 101, 105, 112, 117, 125, 126]"
Linear,20,exact_guidance_u,83,0,47,46,"[129, 101, 70, 29, 0, 12, 52, 127, 96, 96, 64, 37, 18, 13, 2, 3, 16, 4, 50, 76, 119, 108, 50, 15, 6, 8, 9, 11, 12, 14, 35, 31, 34, 40, 54, 64, 73, 74, 87, 94, 103, 101, 105, 112, 117, 125, 126]","[101, 70, 29, 0, 12, 52, 127, 96, 96, 64, 37, 18, 13, 2, 3, 16, 4, 50, 76, 119, 108, 50, 15, 6, 8, 9, 11, 12, 14, 35, 31, 34, 40, 54, 64, 73, 74, 87, 94, 103, 101, 105, 112, 117, 125, 126]"
Linear,20,exact_guidance_u,84,0,47,46,"[129, 101, 70, 29, 0, 12, 52, 127, 96, 96, 64, 37, 18, 13, 2, 3, 16, 4, 50, 76, 119, 108, 50, 15, 6, 8, 9, 11, 12, 14, 35, 31, 34, 40, 54, 64, 73, 74, 87, 94, 103, 101, 105, 112, 117, 125, 126]","[101, 70, 29, 0, 12, 52, 127, 96, 96, 64, 37, 18, 13, 2, 3, 16, 4, 50, 76, 119, 108, 50, 15, 6, 8, 9, 11, 12, 14, 35, 31, 34, 40, 54, 64, 73, 74, 87, 94, 103, 101, 105, 112, 117, 125, 126]"
Linear,20,exact_guidance_u,85,0,47,46,"[129, 101, 70, 29, 0, 12, 52, 127, 96, 96, 64, 37, 18, 13, 2, 3, 16, 4, 50, 76, 119, 108, 50, 15, 6, 8, 9, 11, 12, 14, 35, 31, 34, 40, 54, 64, 73, 74, 87, 94, 103, 101, 105, 112, 117, 125, 126]","[101, 70, 29, 0, 12, 52, 127, 96, 96, 64, 37, 18, 13, 2, 3, 16, 4, 50, 76, 119, 108, 50, 15, 6, 8, 9, 11, 12, 14, 35, 31, 34, 40, 54, 64, 73, 74, 87, 94, 103, 101, 105, 112, 117, 125, 126]"
Linear,20,exact_guidance_u,86,0,47,46,"[129, 101, 70, 29, 0, 12, 52, 127, 96, 96, 64, 37, 18, 13, 2, 3, 16, 4, 50, 76, 119, 108, 50, 15, 6, 8, 9, 11, 12, 14, 35, 31, 34, 40, 54, 64, 73, 74, 87, 94, 103, 101, 105, 112, 117, 125, 126]","[101, 70, 29, 0, 12, 52, 127, 96, 96, 64, 37, 18, 13, 2, 3, 16, 4, 50, 76, 119, 108, 50, 15, 6, 8, 9, 11, 12, 14, 35, 31, 34, 40, 54, 64, 73, 74, 87, 94, 103, 101, 105, 112, 117, 125, 126]"
Linear,20,exact_guidance_u,87,0,47,46,"[129, 101, 70, 29, 0, 12, 52, 127, 96, 96, 64, 37, 18, 13, 2, 3, 16, 4, 50, 76, 119, 108, 50, 15, 6, 8, 9, 11, 12, 14, 35, 31, 34, 40, 54, 64, 73, 74, 87, 94, 103, 101, 105, 112, 117, 125, 126]","[101, 70, 29, 0, 12, 52, 127, 96, 96, 64, 37, 18, 13, 2, 3, 16, 4, 50, 76, 119, 108, 50, 15, 6, 8, 9, 11, 12, 14, 35, 31, 34, 40, 54, 64, 73, 74, 87, 94, 103, 101, 105, 112, 117, 125, 126]"
Linear,20,exact_guidance_u,88,0,47,46,"[129, 101, 70, 29, 0, 12, 52, 127, 96, 96, 64, 37, 18, 13, 2, 3, 16, 4, 50, 76, 119, 108, 50, 15, 6, 8, 9, 11, 12, 14, 35, 31, 34, 40, 54, 64, 73, 74, 87, 94, 103, 101, 105, 112, 117, 125, 126]","[101, 70, 29, 0, 12, 52, 127, 96, 96, 64, 37, 18, 13, 2, 3, 16, 4, 50, 76, 119, 108, 50, 15, 6, 8, 9, 11, 12, 14, 35, 31, 34, 40, 54, 64, 73, 74, 87, 94, 103, 101, 105, 112, 117, 125, 126]"
Linear,20,exact_guidance_u,89,0,47,46,"[129, 101, 70, 29, 0, 12, 52, 127, 96, 96, 64, 37, 18, 13, 2, 3, 16, 4, 50, 76, 119, 108, 50, 15, 6, 8, 9, 11, 12, 14, 35, 31, 34, 40, 54, 64, 73, 74, 87, 94, 103, 101, 105, 112, 117, 125, 126]","[101, 70, 29, 0, 12, 52, 127, 96, 96, 64, 37, 18, 13, 2, 3, 16, 4, 50, 76, 119, 108, 50, 15, 6, 8, 9, 11, 12, 14, 35, 31, 34, 40, 54, 64, 73, 74, 87, 94, 103, 101, 105, 112, 117, 125, 126]"
Linear,20,exact_guidance_u,90,0,48,47,"[129, 101, 70, 29, 0, 12, 52, 127, 115, 96, 96, 64, 37, 18, 13, 2, 3, 16, 4, 50, 76, 119, 108, 50, 15, 6, 8, 9, 11, 12, 14, 35, 31, 34, 40, 54, 64, 73, 74, 87, 94, 103, 101, 105, 112, 117, 125, 126]","[101, 70, 29, 0, 12, 52, 127, 115, 96, 96, 64, 37, 18, 13, 2, 3, 16, 4, 50, 76, 119, 108, 50, 15, 6, 8, 9, 11, 12, 14, 35, 31, 34, 40, 54, 64, 73, 74, 87, 94, 103, 101, 105, 112, 117, 125, 126]"
Linear,20,exact_guidance_u,91,0,48,47,"[129, 101, 70, 29, 0, 12, 52, 127, 115, 96, 96, 64, 37, 18, 13, 2, 3, 16, 4, 50, 76, 119, 108, 50, 15, 6, 8, 9, 11, 12, 14, 35, 31, 34, 40, 54, 64, 73, 74, 87, 94, 103, 101, 105, 112, 117, 125, 126]","[101, 70, 29, 0, 12, 52, 127, 115, 96, 96, 64, 37, 18, 13, 2, 3, 16, 4, 50, 76, 119, 108, 50, 15, 6, 8, 9, 11, 12, 14, 35, 31, 34, 40, 54, 64, 73, 74, 87, 94, 103, 101, 105, 112, 117, 125, 126]"
Linear,20,exact_guidance_u,92,0,48,47,"[129, 101, 70, 29, 0, 12, 52, 127, 115, 96, 96, 64, 37, 18, 13, 2, 3, 16, 4, 50, 76, 119, 108, 50, 15, 6, 8, 9, 11, 12, 14, 35, 31, 34, 40, 54, 64, 73, 74, 87, 94, 103, 101, 105, 112, 117, 125, 126]","[101, 70, 29, 0, 12, 52, 127, 115, 96, 96, 64, 37, 18, 13, 2, 3, 16, 4, 50, 76, 119, 108, 50, 15, 6, 8, 9, 11, 12, 14, 35, 31, 34, 40, 54, 64, 73, 74, 87, 94, 103, 101, 105, 112, 117, 125, 126]"
Linear,20,exact_guidance_u,93,0,48,47,"[129, 101, 70, 29, 0, 12, 52, 127, 115, 96, 96, 64, 37, 18, 13, 2, 3, 16, 4, 50, 76, 119, 108, 50, 15, 6, 8, 9, 11, 12, 14, 35, 31, 34, 40, 54, 64, 73, 74, 87, 94, 103, 101, 105, 112, 117, 125, 126]","[101, 70, 29, 0, 12, 52, 127, 115, 96, 96, 64, 37, 18, 13, 2, 3, 16, 4, 50, 76, 119, 108, 50, 15, 6, 8, 9, 11, 12, 14, 35, 31, 34, 40, 54, 64, 73, 74, 87, 94, 103, 101, 105, 112, 117, 125, 126]"
Linear,20,exact_guidance_u,94,0,48,47,"[129, 101, 70, 29, 0, 12, 52, 127, 115, 96, 96, 64, 37, 18, 13, 2, 3, 16, 4, 50, 76, 119, 108, 50, 15, 6, 8, 9, 11, 12, 14, 35, 31, 34, 40, 54, 64, 73, 74, 87, 94, 103, 101, 105, 112, 117, 125, 126]","[101, 70, 29, 0, 12, 52, 127, 115, 96, 96, 64, 37, 18, 13, 2, 3, 16, 4, 50, 76, 119, 108, 50, 15, 6, 8, 9, 11, 12, 14, 35, 31, 34, 40, 54, 64, 73, 74, 87, 94, 103, 101, 105, 112, 117, 125, 126]"
Linear,20,exact_guidance_u,95,0,48,47,"[129, 101, 70, 29, 0, 12, 52, 127, 115, 96, 96, 64, 37, 18, 13, 2, 3, 16, 4, 50, 76, 119, 108, 50, 15, 6, 8, 9, 11, 12, 14, 35, 31, 34, 40, 54, 64, 73, 74, 87, 94, 103, 101, 105, 112, 117, 125, 126]","[101, 70, 29, 0, 12, 52, 127, 115, 96, 96, 64, 37, 18, 13, 2, 3, 16, 4, 50, 76, 119, 108, 50, 15, 6, 8, 9, 11, 12, 14, 35, 31, 34, 40, 54, 64, 73, 74, 87, 94, 103, 101, 105, 112, 117, 125, 126]"
Linear,20,exact_guidance_u,96,0,48,47,"[129, 101, 70, 29, 0, 12, 52, 127, 115, 96, 96, 64, 37, 18, 13, 2, 3, 16, 4, 50, 76, 119, 108, 50, 15, 6, 8, 9, 11, 12, 14, 35, 31, 34, 40, 54, 64, 73, 74, 87, 94, 103, 101, 105, 112, 117, 125, 126]","[101, 70, 29, 0, 12, 52, 127, 115, 96, 96, 64, 37, 18, 13, 2, 3, 16, 4, 50, 76, 119, 108, 50, 15, 6, 8, 9, 11, 12, 14, 35, 31, 34, 40, 54, 64, 73, 74, 87, 94, 103, 101, 105, 112, 117, 125, 126]"
Linear,20,exact_guidance_u,97,0,48,47,"[129, 101, 70, 29, 0, 12, 52, 127, 115, 96, 96, 64, 37, 18, 13, 2, 3, 16, 4, 50, 76, 119, 108, 50, 15, 6, 8, 9, 11, 12, 14, 35, 31, 34, 40, 54, 64, 73, 74, 87, 94, 103, 101, 105, 112, 117, 125, 126]","[101, 70, 29, 0, 12, 52, 127, 115, 96, 96, 64, 37, 18, 13, 2, 3, 16, 4, 50, 76, 119, 108, 50, 15, 6, 8, 9, 11, 12, 14, 35, 31, 34, 40, 54, 64, 73, 74, 87, 94, 103, 101, 105, 112, 117, 125, 126]"
Linear,20,exact_guidance_u,98,0,48,47,"[129, 101, 70, 29, 0, 12, 52, 127, 115, 96, 96, 64, 37, 18, 13, 2, 3, 16, 4, 50, 76, 119, 108, 50, 15, 6, 8, 9, 11, 12, 14, 35, 31, 34, 40, 54, 64, 73, 74, 87, 94, 103, 101, 105, 112, 117, 125, 126]","[101, 70, 29, 0, 12, 52, 127, 115, 96, 96, 64, 37, 18, 13, 2, 3, 16, 4, 50, 76, 119, 108, 50, 15, 6, 8, 9, 11, 12, 14, 35, 31, 34, 40, 54, 64, 73, 74, 87, 94, 103, 101, 105, 112, 117, 125, 126]"
Linear,20,exact_guidance_u,99,0,48,47,"[129, 101, 70, 29, 0, 12, 52, 127, 115, 96, 96, 64, 37, 18, 13, 2, 3, 16, 4, 50, 76, 119, 108, 50, 15, 6, 8, 9, 11, 12, 14, 35, 31, 34, 40, 54, 64, 73, 74, 87, 94, 103, 101, 105, 112, 117, 125, 126]","[101, 70, 29, 0, 12, 52, 127, 115, 96, 96, 64, 37, 18, 13, 2, 3, 16, 4, 50, 76, 119, 108, 50, 15, 6, 8, 9, 11, 12, 14, 35, 31, 34, 40, 54, 64, 73, 74, 87, 94, 103, 101, 105, 112, 117, 125, 126]"
Linear,20,exact_guidance_u,100,0,48,47,"[129, 101, 70, 29, 0, 12, 52, 127, 115, 96, 96, 64, 37, 18, 13, 2, 3, 16, 4, 50, 76, 119, 108, 50, 15, 6, 8, 9, 11, 12, 14, 35, 31, 34, 40, 54, 64, 73, 74, 87, 94, 103, 101, 105, 112, 117, 125, 126]","[101, 70, 29, 0, 12, 52, 127, 115, 96, 96, 64, 37, 18, 13, 2, 3, 16, 4, 50, 76, 119, 108, 50, 15, 6, 8, 9, 11, 12, 14, 35, 31, 34, 40, 54, 64, 73, 74, 87, 94, 103, 101, 105, 112, 117, 125, 126]"
Linear,20,exact_guidance_u,101,0,48,47,"[129, 101, 70, 29, 0, 12, 52, 127, 115, 96, 96, 64, 37, 18, 13, 2, 3, 16, 4, 50, 76, 119, 108, 50, 15, 6, 8, 9, 11, 12, 14, 35, 31, 34, 40, 54, 64, 73, 74, 87, 94, 103, 101, 105, 112, 117, 125, 126]","[101, 70, 29, 0, 12, 52, 127, 115, 96, 96, 64, 37, 18, 13, 2, 3, 16, 4, 50, 76, 119, 108, 50, 15, 6, 8, 9, 11, 12, 14, 35, 31, 34, 40, 54, 64, 73, 74, 87, 94, 103, 101, 105, 112, 117, 125, 126]"
Linear,20,exact_guidance_u,102,0,48,47,"[129, 101, 70, 29, 0, 12, 52, 127, 115, 96, 96, 64, 37, 18, 13, 2, 3, 16, 4, 50, 76, 119, 108, 50, 15, 6, 8, 9, 11, 12, 14, 35, 31, 34, 40, 54, 64, 73, 74, 87, 94, 103, 101, 105, 112, 117, 125, 126]","[101, 70, 29, 0, 12, 52, 127, 115, 96, 96, 64, 37, 18, 13, 2, 3, 16, 4, 50, 76, 119, 108, 50, 15, 6, 8, 9, 11, 12, 14, 35, 31, 34, 40, 54, 64, 73, 74, 87, 94, 103, 101, 105, 112, 117, 125, 126]"
Linear,20,exact_guidance_u,103,0,48,47,"[129, 101, 70, 29, 0, 12, 52, 127, 115, 96, 96, 64, 37, 18, 13, 2, 3, 16, 4, 50, 76, 119, 108, 50, 15, 6, 8, 9, 11, 12, 14, 35, 31, 34, 40, 54, 64, 73, 74, 87, 94, 103, 101, 105, 112, 117, 125, 126]","[101, 70, 29, 0, 12, 52, 127, 115, 96, 96, 64, 37, 18, 13, 2, 3, 16, 4, 50, 76, 119, 108, 50, 15, 6, 8, 9, 11, 12, 14, 35, 31, 34, 40, 54, 64, 73, 74, 87, 94, 103, 101, 105, 112, 117, 125, 126]"
Linear,20,exact_guidance_u,104,0,48,47,"[129, 101, 70, 29, 0, 12, 52, 127, 115, 96, 96, 64, 37, 18, 13, 2, 3, 16, 4, 50, 76, 119, 108, 50, 15, 6, 8, 9, 11, 12, 14, 35, 31, 34, 40, 54, 64, 73, 74, 87, 94, 103, 101, 105, 112, 117, 125, 126]","[101, 70, 29, 0, 12, 52, 127, 115, 96, 96, 64, 37, 18, 13, 2, 3, 16, 4, 50, 76, 119, 108, 50, 15, 6, 8, 9, 11, 12, 14, 35, 31, 34, 40, 54, 64, 73, 74, 87, 94, 103, 101, 105, 112, 117, 125, 126]"
Linear,20,exact_guidance_u,105,0,48,47,"[129, 101, 70, 29, 0, 12, 52, 127, 115, 96, 96, 64, 37, 18, 13, 2, 3, 16, 4, 50, 76, 119, 108, 50, 15, 6, 8, 9, 11, 12, 14, 35, 31, 34, 40, 54, 64, 73, 74, 87, 94, 103, 101, 105, 112, 117, 125, 126]","[101, 70, 29, 0, 12, 52, 127, 115, 96, 96, 64, 37, 18, 13, 2, 3, 16, 4, 50, 76, 119, 108, 50, 15, 6, 8, 9, 11, 12, 14, 35, 31, 34, 40, 54, 64, 73, 74, 87, 94, 103, 101, 105, 112, 117, 125, 126]"
Linear,20,exact_guidance_u,106,0,48,47,"[129, 101, 70, 29, 0, 12, 52, 127, 115, 96, 96, 64, 37, 18, 13, 2, 3, 16, 4, 50, 76, 119, 108, 50, 15, 6, 8, 9, 11, 12, 14, 35, 31, 34, 40, 54, 64, 73, 74, 87, 94, 103, 101, 105, 112, 117, 125, 126]","[101, 70, 29, 0, 12, 52, 127, 115, 96, 96, 64, 37, 18, 13, 2, 3, 16, 4, 50, 76, 119, 108, 50, 15, 6, 8, 9, 11, 12, 14, 35, 31, 34, 40, 54, 64, 73, 74, 87, 94, 103, 101, 105, 112, 117, 125, 126]"
Linear,20,exact_guidance_u,107,0,48,47,"[129, 101, 70, 29, 0, 12, 52, 127, 115, 96, 96, 64, 37, 18, 13, 2, 3, 16, 4, 50, 76, 119, 108, 50, 15, 6, 8, 9, 11, 12, 14, 35, 31, 34, 40, 54, 64, 73, 74, 87, 94, 103, 101, 105, 112, 117, 125, 126]","[101, 70, 29, 0, 12, 52, 127, 115, 96, 96, 64, 37, 18, 13, 2, 3, 16, 4, 50, 76, 119, 108, 50, 15, 6, 8, 9, 11, 12, 14, 35, 31, 34, 40, 54, 64, 73, 74, 87, 94, 103, 101, 105, 112, 117, 125, 126]"
Linear,20,exact_guidance_u,108,0,48,47,"[129, 101, 70, 29, 0, 12, 52, 127, 115, 96, 96, 64, 37, 18, 13, 2, 3, 16, 4, 50, 76, 119, 108, 50, 15, 6, 8, 9, 11, 12, 14, 35, 31, 34, 40, 54, 64, 73, 74, 87, 94, 103, 101, 105, 112, 117, 125, 126]","[101, 70, 29, 0, 12, 52, 127, 115, 96, 96, 64, 37, 18, 13, 2, 3, 16, 4, 50, 76, 119, 108, 50, 15, 6, 8, 9, 11, 12, 14, 35, 31, 34, 40, 54, 64, 73, 74, 87, 94, 103, 101, 105, 112, 117, 125, 126]"
Linear,20,exact_guidance_u,109,0,48,47,"[129, 101, 70, 29, 0, 12, 52, 127, 115, 96, 96, 64, 37, 18, 13, 2, 3, 16, 4, 50, 76, 119, 108, 50, 15, 6, 8, 9, 11, 12, 14, 35, 31, 34, 40, 54, 64, 73, 74, 87, 94, 103, 101, 105, 112, 117, 125, 126]","[101, 70, 29, 0, 12, 52, 127, 115, 96, 96, 64, 37, 18, 13, 2, 3, 16, 4, 50, 76, 119, 108, 50, 15, 6, 8, 9, 11, 12, 14, 35, 31, 34, 40, 54, 64, 73, 74, 87, 94, 103, 101, 105, 112, 117, 125, 126]"
Linear,20,exact_guidance_u,110,0,48,47,"[129, 101, 70, 29, 0, 12, 52, 127, 115, 96, 96, 64, 37, 18, 13, 2, 3, 16, 4, 50, 76, 119, 108, 50, 15, 6, 8, 9, 11, 12, 14, 35, 31, 34, 40, 54, 64, 73, 74, 87, 94, 103, 101, 105, 112, 117, 125, 126]","[101, 70, 29, 0, 12, 52, 127, 115, 96, 96, 64, 37, 18, 13, 2, 3, 16, 4, 50, 76, 119, 108, 50, 15, 6, 8, 9, 11, 12, 14, 35, 31, 34, 40, 54, 64, 73, 74, 87, 94, 103, 101, 105, 112, 117, 125, 126]"
Linear,20,exact_guidance_u,111,0,48,47,"[129, 101, 70, 29, 0, 12, 52, 127, 115, 96, 96, 64, 37, 18, 13, 2, 3, 16, 4, 50, 76, 119, 108, 50, 15, 6, 8, 9, 11, 12, 14, 35, 31, 34, 40, 54, 64, 73, 74, 87, 94, 103, 101, 105, 112, 117, 125, 126]","[101, 70, 29, 0, 12, 52, 127, 115, 96, 96, 64, 37, 18, 13, 2, 3, 16, 4, 50, 76, 119, 108, 50, 15, 6, 8, 9, 11, 12, 14, 35, 31, 34, 40, 54, 64, 73, 74, 87, 94, 103, 101, 105, 112, 117, 125, 126]"
Linear,20,exact_guidance_u,112,0,48,47,"[129, 101, 70, 29, 0, 12, 52, 127, 115, 96, 96, 64, 37, 18, 13, 2, 3, 16, 4, 50, 76, 119, 108, 50, 15, 6, 8, 9, 11, 12, 14, 35, 31, 34, 40, 54, 64, 73, 74, 87, 94, 103, 101, 105, 112, 117, 125, 126]","[101, 70, 29, 0, 12, 52, 127, 115, 96, 96, 64, 37, 18, 13, 2, 3, 16, 4, 50, 76, 119, 108, 50, 15, 6, 8, 9, 11, 12, 14, 35, 31, 34, 40, 54, 64, 73, 74, 87, 94, 103, 101, 105, 112, 117, 125, 126]"
Linear,20,exact_guidance_u,113,0,48,47,"[129, 101, 70, 29, 0, 12, 52, 127, 115, 96, 96, 64, 37, 18, 13, 2, 3, 16, 4, 50, 76, 119, 108, 50, 15, 6, 8, 9, 11, 12, 14, 35, 31, 34, 40, 54, 64, 73, 74, 87, 94, 103, 101, 105, 112, 117, 125, 126]","[101, 70, 29, 0, 12, 52, 127, 115, 96, 96, 64, 37, 18, 13, 2, 3, 16, 4, 50, 76, 119, 108, 50, 15, 6, 8, 9, 11, 12, 14, 35, 31, 34, 40, 54, 64, 73, 74, 87, 94, 103, 101, 105, 112, 117, 125, 126]"
Linear,20,exact_guidance_u,114,0,48,47,"[129, 101, 70, 29, 0, 12, 52, 127, 115, 96, 96, 64, 37, 18, 13, 2, 3, 16, 4, 50, 76, 119, 108, 50, 15, 6, 8, 9, 11, 12, 14, 35, 31, 34, 40, 54, 64, 73, 74, 87, 94, 103, 101, 105, 112, 117, 125, 126]","[101, 70, 29, 0, 12, 52, 127, 115, 96, 96, 64, 37, 18, 13, 2, 3, 16, 4, 50, 76, 119, 108, 50, 15, 6, 8, 9, 11, 12, 14, 35, 31, 34, 40, 54, 64, 73, 74, 87, 94, 103, 101, 105, 112, 117, 125, 126]"
Linear,20,exact_guidance_u,115,0,48,47,"[129, 101, 70, 29, 0, 12, 52, 127, 115, 96, 96, 64, 37, 18, 13, 2, 3, 16, 4, 50, 76, 119, 108, 50, 15, 6, 8, 9, 11, 12, 14, 35, 31, 34, 40, 54, 64, 73, 74, 87, 94, 103, 101, 105, 112, 117, 125, 126]","[101, 70, 29, 0, 12, 52, 127, 115, 96, 96, 64, 37, 18, 13, 2, 3, 16, 4, 50, 76, 119, 108, 50, 15, 6, 8, 9, 11, 12, 14, 35, 31, 34, 40, 54, 64, 73, 74, 87, 94, 103, 101, 105, 112, 117, 125, 126]"
Linear,20,exact_guidance_u,116,0,48,47,"[129, 101, 70, 29, 0, 12, 52, 127, 115, 96, 96, 64, 37, 18, 13, 2, 3, 16, 4, 50, 76, 119, 108, 50, 15, 6, 8, 9, 11, 12, 14, 35, 31, 34, 40, 54, 64, 73, 74, 87, 94, 103, 101, 105, 112, 117, 125, 126]","[101, 70, 29, 0, 12, 52, 127, 115, 96, 96, 64, 37, 18, 13, 2, 3, 16, 4, 50, 76, 119, 108, 50, 15, 6, 8, 9, 11, 12, 14, 35, 31, 34, 40, 54, 64, 73, 74, 87, 94, 103, 101, 105, 112, 117, 125, 126]"
Linear,20,exact_guidance_u,117,0,48,47,"[129, 101, 70, 29, 0, 12, 52, 127, 115, 96, 96, 64, 37, 18, 13, 2, 3, 16, 4, 50, 76, 119, 108, 50, 15, 6, 8, 9, 11, 12, 14, 35, 31, 34, 40, 54, 64, 73, 74, 87, 94, 103, 101, 105, 112, 117, 125, 126]","[101, 70, 29, 0, 12, 52, 127, 115, 96, 96, 64, 37, 18, 13, 2, 3, 16, 4, 50, 76, 119, 108, 50, 15, 6, 8, 9, 11, 12, 14, 35, 31, 34, 40, 54, 64, 73, 74, 87, 94, 103, 101, 105, 112, 117, 125, 126]"
Linear,20,exact_guidance_u,118,0,48,47,"[129, 101, 70, 29, 0, 12, 52, 127, 115, 96, 96, 64, 37, 18, 13, 2, 3, 16, 4, 50, 76, 119, 108, 50, 15, 6, 8, 9, 11, 12, 14, 35, 31, 34, 40, 54, 64, 73, 74, 87, 94, 103, 101, 105, 112, 117, 125, 126]","[101, 70, 29, 0, 12, 52, 127, 115, 96, 96, 64, 37, 18, 13, 2, 3, 16, 4, 50, 76, 119, 108, 50, 15, 6, 8, 9, 11, 12, 14, 35, 31, 34, 40, 54, 64, 73, 74, 87, 94, 103, 101, 105, 112, 117, 125, 126]"
Linear,20,exact_guidance_u,119,0,48,47,"[129, 101, 70, 29, 0, 12, 52, 127, 115, 96, 96, 64, 37, 18, 13, 2, 3, 16, 4, 50, 76, 119, 108, 50, 15, 6, 8, 9, 11, 12, 14, 35, 31, 34, 40, 54, 64, 73, 74, 87, 94, 103, 101, 105, 112, 117, 125, 126]","[101, 70, 29, 0, 12, 52, 127, 115, 96, 96, 64, 37, 18, 13, 2, 3, 16, 4, 50, 76, 119, 108, 50, 15, 6, 8, 9, 11, 12, 14, 35, 31, 34, 40, 54, 64, 73, 74, 87, 94, 103, 101, 105, 112, 117, 125, 126]"
Linear,20,exact_guidance_u,120,0,48,47,"[129, 101, 70, 29, 0, 12, 52, 127, 115, 96, 96, 64, 37, 18, 13, 2, 3, 16, 4, 50, 76, 119, 108, 50, 15, 6, 8, 9, 11, 12, 14, 35, 31, 34, 40, 54, 64, 73, 74, 87, 94, 103, 101, 105, 112, 117, 125, 126]","[101, 70, 29, 0, 12, 52, 127, 115, 96, 96, 64, 37, 18, 13, 2, 3, 16, 4, 50, 76, 119, 108, 50, 15, 6, 8, 9, 11, 12, 14, 35, 31, 34, 40, 54, 64, 73, 74, 87, 94, 103, 101, 105, 112, 117, 125, 126]"
Linear,20,exact_guidance_u,121,0,48,47,"[129, 101, 70, 29, 0, 12, 52, 127, 115, 96, 96, 64, 37, 18, 13, 2, 3, 16, 4, 50, 76, 119, 108, 50, 15, 6, 8, 9, 11, 12, 14, 35, 31, 34, 40, 54, 64, 73, 74, 87, 94, 103, 101, 105, 112, 117, 125, 126]","[101, 70, 29, 0, 12, 52, 127, 115, 96, 96, 64, 37, 18, 13, 2, 3, 16, 4, 50, 76, 119, 108, 50, 15, 6, 8, 9, 11, 12, 14, 35, 31, 34, 40, 54, 64, 73, 74, 87, 94, 103, 101, 105, 112, 117, 125, 126]"
Linear,20,exact_guidance_u,122,0,48,47,"[129, 101, 70, 29, 0, 12, 52, 127, 115, 96, 96, 64, 37, 18, 13, 2, 3, 16, 4, 50, 76, 119, 108, 50, 15, 6, 8, 9, 11, 12, 14, 35, 31, 34, 40, 54, 64, 73, 74, 87, 94, 103, 101, 105, 112, 117, 125, 126]","[101, 70, 29, 0, 12, 52, 127, 115, 96, 96, 64, 37, 18, 13, 2, 3, 16, 4, 50, 76, 119, 108, 50, 15, 6, 8, 9, 11, 12, 14, 35, 31, 34, 40, 54, 64, 73, 74, 87, 94, 103, 101, 105, 112, 117, 125, 126]"
Linear,20,exact_guidance_u,123,0,48,47,"[129, 101, 70, 29, 0, 12, 52, 127, 115, 96, 96, 64, 37, 18, 13, 2, 3, 16, 4, 50, 76, 119, 108, 50, 15, 6, 8, 9, 11, 12, 14, 35, 31, 34, 40, 54, 64, 73, 74, 87, 94, 103, 101, 105, 112, 117, 125, 126]","[101, 70, 29, 0, 12, 52, 127, 115, 96, 96, 64, 37, 18, 13, 2, 3, 16, 4, 50, 76, 119, 108, 50, 15, 6, 8, 9, 11, 12, 14, 35, 31, 34, 40, 54, 64, 73, 74, 87, 94, 103, 101, 105, 112, 117, 125, 126]"
Linear,20,exact_guidance_u,124,0,48,47,"[129, 101, 70, 29, 0, 12, 52, 127, 115, 96, 96, 64, 37, 18, 13, 2, 3, 16, 4, 50, 76, 119, 108, 50, 15, 6, 8, 9, 11, 12, 14, 35, 31, 34, 40, 54, 64, 73, 74, 87, 94, 103, 101, 105, 112, 117, 125, 126]","[101, 70, 29, 0, 12, 52, 127, 115, 96, 96, 64, 37, 18, 13, 2, 3, 16, 4, 50, 76, 119, 108, 50, 15, 6, 8, 9, 11, 12, 14, 35, 31, 34, 40, 54, 64, 73, 74, 87, 94, 103, 101, 105, 112, 117, 125, 126]"
Linear,20,exact_guidance_u,125,0,48,47,"[129, 101, 70, 29, 0, 12, 52, 127, 115, 96, 96, 64, 37, 18, 13, 2, 3, 16, 4, 50, 76, 119, 108, 50, 15, 6, 8, 9, 11, 12, 14, 35, 31, 34, 40, 54, 64, 73, 74, 87, 94, 103, 101, 105, 112, 117, 125, 126]","[101, 70, 29, 0, 12, 52, 127, 115, 96, 96, 64, 37, 18, 13, 2, 3, 16, 4, 50, 76, 119, 108, 50, 15, 6, 8, 9, 11, 12, 14, 35, 31, 34, 40, 54, 64, 73, 74, 87, 94, 103, 101, 105, 112, 117, 125, 126]"
Linear,20,exact_guidance_u,126,0,48,47,"[129, 101, 70, 29, 0, 12, 52, 127, 115, 96, 96, 64, 37, 18, 13, 2, 3, 16, 4, 50, 76, 119, 108, 50, 15, 6, 8, 9, 11, 12, 14, 35, 31, 34, 40, 54, 64, 73, 74, 87, 94, 103, 101, 105, 112, 117, 125, 126]","[101, 70, 29, 0, 12, 52, 127, 115, 96, 96, 64, 37, 18, 13, 2, 3, 16, 4, 50, 76, 119, 108, 50, 15, 6, 8, 9, 11, 12, 14, 35, 31, 34, 40, 54, 64, 73, 74, 87, 94, 103, 101, 105, 112, 117, 125, 126]"
Linear,20,exact_guidance_u,127,0,48,47,"[129, 101, 70, 29, 0, 12, 52, 127, 115, 96, 96, 64, 37, 18, 13, 2, 3, 16, 4, 50, 76, 119, 108, 50, 15, 6, 8, 9, 11, 12, 14, 35, 31, 34, 40, 54, 64, 73, 74, 87, 94, 103, 101, 105, 112, 117, 125, 126]","[101, 70, 29, 0, 12, 52, 127, 115, 96, 96, 64, 37, 18, 13, 2, 3, 16, 4, 50, 76, 119, 108, 50, 15, 6, 8, 9, 11, 12, 14, 35, 31, 34, 40, 54, 64, 73, 74, 87, 94, 103, 101, 105, 112, 117, 125, 126]"
Linear,20,exact_guidance_u,128,0,48,47,"[129, 101, 70, 29, 0, 12, 52, 127, 115, 96, 96, 64, 37, 18, 13, 2, 3, 16, 4, 50, 76, 119, 108, 50, 15, 6, 8, 9, 11, 12, 14, 35, 31, 34, 40, 54, 64, 73, 74, 87, 94, 103, 101, 105, 112, 117, 125, 126]","[101, 70, 29, 0, 12, 52, 127, 115, 96, 96, 64, 37, 18, 13, 2, 3, 16, 4, 50, 76, 119, 108, 50, 15, 6, 8, 9, 11, 12, 14, 35, 31, 34, 40, 54, 64, 73, 74, 87, 94, 103, 101, 105, 112, 117, 125, 126]"
Linear,20,exact_guidance_u,129,0,48,47,"[129, 101, 70, 29, 0, 12, 52, 127, 115, 96, 96, 64, 37, 18, 13, 2, 3, 16, 4, 50, 76, 119, 108, 50, 15, 6, 8, 9, 11, 12, 14, 35, 31, 34, 40, 54, 64, 73, 74, 87, 94, 103, 101, 105, 112, 117, 125, 126]","[101, 70, 29, 0, 12, 52, 127, 115, 96, 96, 64, 37, 18, 13, 2, 3, 16, 4, 50, 76, 119, 108, 50, 15, 6, 8, 9, 11, 12, 14, 35, 31, 34, 40, 54, 64, 73, 74, 87, 94, 103, 101, 105, 112, 117, 125, 126]"
Linear,20,exact_guidance_u,130,0,49,48,"[129, 101, 70, 29, 0, 12, 52, 127, 115, 96, 96, 64, 37, 18, 13, 2, 3, 16, 4, 50, 76, 119, 127, 108, 50, 15, 6, 8, 9, 11, 12, 14, 35, 31, 34, 40, 54, 64, 73, 74, 87, 94, 103, 101, 105, 112, 117, 125, 126]","[101, 70, 29, 0, 12, 52, 127, 115, 96, 96, 64, 37, 18, 13, 2, 3, 16, 4, 50, 76, 119, 127, 108, 50, 15, 6, 8, 9, 11, 12, 14, 35, 31, 34, 40, 54, 64, 73, 74, 87, 94, 103, 101, 105, 112, 117, 125, 126]"
Linear,20,exact_guidance_u,131,0,49,48,"[129, 101, 70, 29, 0, 12, 52, 127, 115, 96, 96, 64, 37, 18, 13, 2, 3, 16, 4, 50, 76, 119, 127, 108, 50, 15, 6, 8, 9, 11, 12, 14, 35, 31, 34, 40, 54, 64, 73, 74, 87, 94, 103, 101, 105, 112, 117, 125, 126]","[101, 70, 29, 0, 12, 52, 127, 115, 96, 96, 64, 37, 18, 13, 2, 3, 16, 4, 50, 76, 119, 127, 108, 50, 15, 6, 8, 9, 11, 12, 14, 35, 31, 34, 40, 54, 64, 73, 74, 87, 94, 103, 101, 105, 112, 117, 125, 126]"
Linear,20,exact_guidance_u,132,0,49,48,"[129, 101, 70, 29, 0, 12, 52, 127, 115, 96, 96, 64, 37, 18, 13, 2, 3, 16, 4, 50, 76, 119, 127, 108, 50, 15, 6, 8, 9, 11, 12, 14, 35, 31, 34, 40, 54, 64, 73, 74, 87, 94, 103, 101, 105, 112, 117, 125, 126]","[101, 70, 29, 0, 12, 52, 127, 115, 96, 96, 64, 37, 18, 13, 2, 3, 16, 4, 50, 76, 119, 127, 108, 50, 15, 6, 8, 9, 11, 12, 14, 35, 31, 34, 40, 54, 64, 73, 74, 87, 94, 103, 101, 105, 112, 117, 125, 126]"
Linear,20,exact_guidance_u,133,0,49,48,"[129, 101, 70, 29, 0, 12, 52, 127, 115, 96, 96, 64, 37, 18, 13, 2, 3, 16, 4, 50, 76, 119, 127, 108, 50, 15, 6, 8, 9, 11, 12, 14, 35, 31, 34, 40, 54, 64, 73, 74, 87, 94, 103, 101, 105, 112, 117, 125, 126]","[101, 70, 29, 0, 12, 52, 127, 115, 96, 96, 64, 37, 18, 13, 2, 3, 16, 4, 50, 76, 119, 127, 108, 50, 15, 6, 8, 9, 11, 12, 14, 35, 31, 34, 40, 54, 64, 73, 74, 87, 94, 103, 101, 105, 112, 117, 125, 126]"
Linear,20,exact_guidance_u,134,0,49,48,"[129, 101, 70, 29, 0, 12, 52, 127, 115, 96, 96, 64, 37, 18, 13, 2, 3, 16, 4, 50, 76, 119, 127, 108, 50, 15, 6, 8, 9, 11, 12, 14, 35, 31, 34, 40, 54, 64, 73, 74, 87, 94, 103, 101, 105, 112, 117, 125, 126]","[101, 70, 29, 0, 12, 52, 127, 115, 96, 96, 64, 37, 18, 13, 2, 3, 16, 4, 50, 76, 119, 127, 108, 50, 15, 6, 8, 9, 11, 12, 14, 35, 31, 34, 40, 54, 64, 73, 74, 87, 94, 103, 101, 105, 112, 117, 125, 126]"
Linear,20,exact_guidance_u,135,0,50,49,"[129, 101, 70, 29, 0, 12, 52, 127, 115, 96, 96, 64, 37, 18, 13, 2, 3, 16, 4, 50, 57, 76, 119, 127, 108, 50, 15, 6, 8, 9, 11, 12, 14, 35, 31, 34, 40, 54, 64, 73, 74, 87, 94, 103, 101, 105, 112, 117, 125, 126]","[101, 70, 29, 0, 12, 52, 127, 115, 96, 96, 64, 37, 18, 13, 2, 3, 16, 4, 50, 57, 76, 119, 127, 108, 50, 15, 6, 8, 9, 11, 12, 14, 35, 31, 34, 40, 54, 64, 73, 74, 87, 94, 103, 101, 105, 112, 117, 125, 126]"
Linear,20,exact_guidance_u,136,0,50,49,"[129, 101, 70, 29, 0, 12, 52, 127, 115, 96, 96, 64, 37, 18, 13, 2, 3, 16, 4, 50, 57, 76, 119, 127, 108, 50, 15, 6, 8, 9, 11, 12, 14, 35, 31, 34, 40, 54, 64, 73, 74, 87, 94, 103, 101, 105, 112, 117, 125, 126]","[101, 70, 29, 0, 12, 52, 127, 115, 96, 96, 64, 37, 18, 13, 2, 3, 16, 4, 50, 57, 76, 119, 127, 108, 50, 15, 6, 8, 9, 11, 12, 14, 35, 31, 34, 40, 54, 64, 73, 74, 87, 94, 103, 101, 105, 112, 117, 125, 126]"
Linear,20,exact_guidance_u,137,0,50,49,"[129, 101, 70, 29, 0, 12, 52, 127, 115, 96, 96, 64, 37, 18, 13, 2, 3, 16, 4, 50, 57, 76, 119, 127, 108, 50, 15, 6, 8, 9, 11, 12, 14, 35, 31, 34, 40, 54, 64, 73, 74, 87, 94, 103, 101, 105, 112, 117, 125, 126]","[101, 70, 29, 0, 12, 52, 127, 115, 96, 96, 64, 37, 18, 13, 2, 3, 16, 4, 50, 57, 76, 119, 127, 108, 50, 15, 6, 8, 9, 11, 12, 14, 35, 31, 34, 40, 54, 64, 73, 74, 87, 94, 103, 101, 105, 112, 117, 125, 126]"
Linear,20,exact_guidance_u,138,0,50,49,"[129, 101, 70, 29, 0, 12, 52, 127, 115, 96, 96, 64, 37, 18, 13, 2, 3, 16, 4, 50, 57, 76, 119, 127, 108, 50, 15, 6, 8, 9, 11, 12, 14, 35, 31, 34, 40, 54, 64, 73, 74, 87, 94, 103, 101, 105, 112, 117, 125, 126]","[101, 70, 29, 0, 12, 52, 127, 115, 96, 96, 64, 37, 18, 13, 2, 3, 16, 4, 50, 57, 76, 119, 127, 108, 50, 15, 6, 8, 9, 11, 12, 14, 35, 31, 34, 40, 54, 64, 73, 74, 87, 94, 103, 101, 105, 112, 117, 125, 126]"
Linear,20,exact_guidance_u,139,0,50,49,"[129, 101, 70, 29, 0, 12, 52, 127, 115, 96, 96, 64, 37, 18, 13, 2, 3, 16, 4, 50, 57, 76, 119, 127, 108, 50, 15, 6, 8, 9, 11, 12, 14, 35, 31, 34, 40, 54, 64, 73, 74, 87, 94, 103, 101, 105, 112, 117, 125, 126]","[101, 70, 29, 0, 12, 52, 127, 115, 96, 96, 64, 37, 18, 13, 2, 3, 16, 4, 50, 57, 76, 119, 127, 108, 50, 15, 6, 8, 9, 11, 12, 14, 35, 31, 34, 40, 54, 64, 73, 74, 87, 94, 103, 101, 105, 112, 117, 125, 126]"
Linear,20,exact_guidance_u,140,0,51,50,"[129, 101, 70, 29, 0, 12, 52, 127, 115, 96, 96, 64, 37, 18, 13, 2, 3, 16, 4, 50, 57, 76, 119, 127, 108, 50, 15, 6, 8, 9, 11, 12, 14, 35, 31, 34, 40, 54, 64, 73, 74, 87, 94, 103, 101, 105, 112, 117, 125, 120, 126]","[101, 70, 29, 0, 12, 52, 127, 115, 96, 96, 64, 37, 18, 13, 2, 3, 16, 4, 50, 57, 76, 119, 127, 108, 50, 15, 6, 8, 9, 11, 12, 14, 35, 31, 34, 40, 54, 64, 73, 74, 87, 94, 103, 101, 105, 112, 117, 125, 120, 126]"
Linear,20,exact_guidance_u,141,0,51,50,"[129, 101, 70, 29, 0, 12, 52, 127, 115, 96, 96, 64, 37, 18, 13, 2, 3, 16, 4, 50, 57, 76, 119, 127, 108, 50, 15, 6, 8, 9, 11, 12, 14, 35, 31, 34, 40, 54, 64, 73, 74, 87, 94, 103, 101, 105, 112, 117, 125, 120, 126]","[101, 70, 29, 0, 12, 52, 127, 115, 96, 96, 64, 37, 18, 13, 2, 3, 16, 4, 50, 57, 76, 119, 127, 108, 50, 15, 6, 8, 9, 11, 12, 14, 35, 31, 34, 40, 54, 64, 73, 74, 87, 94, 103, 101, 105, 112, 117, 125, 120, 126]"
Linear,20,exact_guidance_u,142,0,51,50,"[129, 101, 70, 29, 0, 12, 52, 127, 115, 96, 96, 64, 37, 18, 13, 2, 3, 16, 4, 50, 57, 76, 119, 127, 108, 50, 15, 6, 8, 9, 11, 12, 14, 35, 31, 34, 40, 54, 64, 73, 74, 87, 94, 103, 101, 105, 112, 117, 125, 120, 126]","[101, 70, 29, 0, 12, 52, 127, 115, 96, 96, 64, 37, 18, 13, 2, 3, 16, 4, 50, 57, 76, 119, 127, 108, 50, 15, 6, 8, 9, 11, 12, 14, 35, 31, 34, 40, 54, 64, 73, 74, 87, 94, 103, 101, 105, 112, 117, 125, 120, 126]"
Linear,20,exact_guidance_u,143,0,52,51,"[129, 101, 70, 29, 0, 12, 52, 127, 115, 96, 96, 64, 37, 18, 13, 2, 3, 16, 4, 50, 57, 58, 76, 119, 127, 108, 50, 15, 6, 8, 9, 11, 12, 14, 35, 31, 34, 40, 54, 64, 73, 74, 87, 94, 103, 101, 105, 112, 117, 125, 120, 126]","[101, 70, 29, 0, 12, 52, 127, 115, 96, 96, 64, 37, 18, 13, 2, 3, 16, 4, 50, 57, 58, 76, 119, 127, 108, 50, 15, 6, 8, 9, 11, 12, 14, 35, 31, 34, 40, 54, 64, 73, 74, 87, 94, 103, 101, 105, 112, 117, 125, 120, 126]"
Linear,20,exact_guidance_u,144,0,52,51,"[129, 101, 70, 29, 0, 12, 52, 127, 115, 96, 96, 64, 37, 18, 13, 2, 3, 16, 4, 50, 57, 58, 76, 119, 127, 108, 50, 15, 6, 8, 9, 11, 12, 14, 35, 31, 34, 40, 54, 64, 73, 74, 87, 94, 103, 101, 105, 112, 117, 125, 120, 126]","[101, 70, 29, 0, 12, 52, 127, 115, 96, 96, 64, 37, 18, 13, 2, 3, 16, 4, 50, 57, 58, 76, 119, 127, 108, 50, 15, 6, 8, 9, 11, 12, 14, 35, 31, 34, 40, 54, 64, 73, 74, 87, 94, 103, 101, 105, 112, 117, 125, 120, 126]"
Linear,20,exact_guidance_u,145,0,52,51,"[129, 101, 70, 29, 0, 12, 52, 127, 115, 96, 96, 64, 37, 18, 13, 2, 3, 16, 4, 50, 57, 58, 76, 119, 127, 108, 50, 15, 6, 8, 9, 11, 12, 14, 35, 31, 34, 40, 54, 64, 73, 74, 87, 94, 103, 101, 105, 112, 117, 125, 120, 126]","[101, 70, 29, 0, 12, 52, 127, 115, 96, 96, 64, 37, 18, 13, 2, 3, 16, 4, 50, 57, 58, 76, 119, 127, 108, 50, 15, 6, 8, 9, 11, 12, 14, 35, 31, 34, 40, 54, 64, 73, 74, 87, 94, 103, 101, 105, 112, 117, 125, 120, 126]"
Linear,20,exact_guidance_u,146,0,52,51,"[129, 101, 70, 29, 0, 12, 52, 127, 115, 96, 96, 64, 37, 18, 13, 2, 3, 16, 4, 50, 57, 58, 76, 119, 127, 108, 50, 15, 6, 8, 9, 11, 12, 14, 35, 31, 34, 40, 54, 64, 73, 74, 87, 94, 103, 101, 105, 112, 117, 125, 120, 126]","[101, 70, 29, 0, 12, 52, 127, 115, 96, 96, 64, 37, 18, 13, 2, 3, 16, 4, 50, 57, 58, 76, 119, 127, 108, 50, 15, 6, 8, 9, 11, 12, 14, 35, 31, 34, 40, 54, 64, 73, 74, 87, 94, 103, 101, 105, 112, 117, 125, 120, 126]"
Linear,20,exact_guidance_u,147,0,52,51,"[129, 101, 70, 29, 0, 12, 52, 127, 115, 96, 96, 64, 37, 18, 13, 2, 3, 16, 4, 50, 57, 58, 76, 119, 127, 108, 50, 15, 6, 8, 9, 11, 12, 14, 35, 31, 34, 40, 54, 64, 73, 74, 87, 94, 103, 101, 105, 112, 117, 125, 120, 126]","[101, 70, 29, 0, 12, 52, 127, 115, 96, 96, 64, 37, 18, 13, 2, 3, 16, 4, 50, 57, 58, 76, 119, 127, 108, 50, 15, 6, 8, 9, 11, 12, 14, 35, 31, 34, 40, 54, 64, 73, 74, 87, 94, 103, 101, 105, 112, 117, 125, 120, 126]"
Linear,20,exact_guidance_u,148,0,53,52,"[129, 101, 70, 29, 0, 12, 52, 127, 127, 115, 96, 96, 64, 37, 18, 13, 2, 3, 16, 4, 50, 57, 58, 76, 119, 127, 108, 50, 15, 6, 8, 9, 11, 12, 14, 35, 31, 34, 40, 54, 64, 73, 74, 87, 94, 103, 101, 105, 112, 117, 125, 120, 126]","[101, 70, 29, 0, 12, 52, 127, 127, 115, 96, 96, 64, 37, 18, 13, 2, 3, 16, 4, 50, 57, 58, 76, 119, 127, 108, 50, 15, 6, 8, 9, 11, 12, 14, 35, 31, 34, 40, 54, 64, 73, 74, 87, 94, 103, 101, 105, 112, 117, 125, 120, 126]"
Linear,20,exact_guidance_u,149,0,54,53,"[129, 101, 70, 29, 0, 12, 52, 127, 127, 115, 96, 96, 64, 37, 18, 13, 2, 3, 16, 4, 18, 50, 57, 58, 76, 119, 127, 108, 50, 15, 6, 8, 9, 11, 12, 14, 35, 31, 34, 40, 54, 64, 73, 74, 87, 94, 103, 101, 105, 112, 117, 125, 120, 126]","[101, 70, 29, 0, 12, 52, 127, 127, 115, 96, 96, 64, 37, 18, 13, 2, 3, 16, 4, 18, 50, 57, 58, 76, 119, 127, 108, 50, 15, 6, 8, 9, 11, 12, 14, 35, 31, 34, 40, 54, 64, 73, 74, 87, 94, 103, 101, 105, 112, 117, 125, 120, 126]"
Linear,20,exact_guidance_u,150,0,54,53,"[129, 101, 70, 29, 0, 12, 52, 127, 127, 115, 96, 96, 64, 37, 18, 13, 2, 3, 16, 4, 18, 50, 57, 58, 76, 119, 127, 108, 50, 15, 6, 8, 9, 11, 12, 14, 35, 31, 34, 40, 54, 64, 73, 74, 87, 94, 103, 101, 105, 112, 117, 125, 120, 126]","[101, 70, 29, 0, 12, 52, 127, 127, 115, 96, 96, 64, 37, 18, 13, 2, 3, 16, 4, 18, 50, 57, 58, 76, 119, 127, 108, 50, 15, 6, 8, 9, 11, 12, 14, 35, 31, 34, 40, 54, 64, 73, 74, 87, 94, 103, 101, 105, 112, 117, 125, 120, 126]"
Linear,20,exact_guidance_u,151,0,55,54,"[129, 101, 70, 29, 0, 12, 52, 127, 127, 115, 96, 96, 64, 37, 18, 13, 2, 3, 16, 4, 18, 50, 57, 58, 76, 119, 127, 127, 108, 50, 15, 6, 8, 9, 11, 12, 14, 35, 31, 34, 40, 54, 64, 73, 74, 87, 94, 103, 101, 105, 112, 117, 125, 120, 126]","[101, 70, 29, 0, 12, 52, 127, 127, 115, 96, 96, 64, 37, 18, 13, 2, 3, 16, 4, 18, 50, 57, 58, 76, 119, 127, 127, 108, 50, 15, 6, 8, 9, 11, 12, 14, 35, 31, 34, 40, 54, 64, 73, 74, 87, 94, 103, 101, 105, 112, 117, 125, 120, 126]"
Linear,20,exact_guidance_u,152,0,55,54,"[129, 101, 70, 29, 0, 12, 52, 127, 127, 115, 96, 96, 64, 37, 18, 13, 2, 3, 16, 4, 18, 50, 57, 58, 76, 119, 127, 127, 108, 50, 15, 6, 8, 9, 11, 12, 14, 35, 31, 34, 40, 54, 64, 73, 74, 87, 94, 103, 101, 105, 112, 117, 125, 120, 126]","[101, 70, 29, 0, 12, 52, 127, 127, 115, 96, 96, 64, 37, 18, 13, 2, 3, 16, 4, 18, 50, 57, 58, 76, 119, 127, 127, 108, 50, 15, 6, 8, 9, 11, 12, 14, 35, 31, 34, 40, 54, 64, 73, 74, 87, 94, 103, 101, 105, 112, 117, 125, 120, 126]"
Linear,20,exact_guidance_u,153,0,55,54,"[129, 101, 70, 29, 0, 12, 52, 127, 127, 115, 96, 96, 64, 37, 18, 13, 2, 3, 16, 4, 18, 50, 57, 58, 76, 119, 127, 127, 108, 50, 15, 6, 8, 9, 11, 12, 14, 35, 31, 34, 40, 54, 64, 73, 74, 87, 94, 103, 101, 105, 112, 117, 125, 120, 126]","[101, 70, 29, 0, 12, 52, 127, 127, 115, 96, 96, 64, 37, 18, 13, 2, 3, 16, 4, 18, 50, 57, 58, 76, 119, 127, 127, 108, 50, 15, 6, 8, 9, 11, 12, 14, 35, 31, 34, 40, 54, 64, 73, 74, 87, 94, 103, 101, 105, 112, 117, 125, 120, 126]"
Linear,20,exact_guidance_u,154,0,55,54,"[129, 101, 70, 29, 0, 12, 52, 127, 127, 115, 96, 96, 64, 37, 18, 13, 2, 3, 16, 4, 18, 50, 57, 58, 76, 119, 127, 127, 108, 50, 15, 6, 8, 9, 11, 12, 14, 35, 31, 34, 40, 54, 64, 73, 74, 87, 94, 103, 101, 105, 112, 117, 125, 120, 126]","[101, 70, 29, 0, 12, 52, 127, 127, 115, 96, 96, 64, 37, 18, 13, 2, 3, 16, 4, 18, 50, 57, 58, 76, 119, 127, 127, 108, 50, 15, 6, 8, 9, 11, 12, 14, 35, 31, 34, 40, 54, 64, 73, 74, 87, 94, 103, 101, 105, 112, 117, 125, 120, 126]"
Linear,20,exact_guidance_u,155,0,55,54,"[129, 101, 70, 29, 0, 12, 52, 127, 127, 115, 96, 96, 64, 37, 18, 13, 2, 3, 16, 4, 18, 50, 57, 58, 76, 119, 127, 127, 108, 50, 15, 6, 8, 9, 11, 12, 14, 35, 31, 34, 40, 54, 64, 73, 74, 87, 94, 103, 101, 105, 112, 117, 125, 120, 126]","[101, 70, 29, 0, 12, 52, 127, 127, 115, 96, 96, 64, 37, 18, 13, 2, 3, 16, 4, 18, 50, 57, 58, 76, 119, 127, 127, 108, 50, 15, 6, 8, 9, 11, 12, 14, 35, 31, 34, 40, 54, 64, 73, 74, 87, 94, 103, 101, 105, 112, 117, 125, 120, 126]"
Linear,20,exact_guidance_u,156,0,55,54,"[129, 101, 70, 29, 0, 12, 52, 127, 127, 115, 96, 96, 64, 37, 18, 13, 2, 3, 16, 4, 18, 50, 57, 58, 76, 119, 127, 127, 108, 50, 15, 6, 8, 9, 11, 12, 14, 35, 31, 34, 40, 54, 64, 73, 74, 87, 94, 103, 101, 105, 112, 117, 125, 120, 126]","[101, 70, 29, 0, 12, 52, 127, 127, 115, 96, 96, 64, 37, 18, 13, 2, 3, 16, 4, 18, 50, 57, 58, 76, 119, 127, 127, 108, 50, 15, 6, 8, 9, 11, 12, 14, 35, 31, 34, 40, 54, 64, 73, 74, 87, 94, 103, 101, 105, 112, 117, 125, 120, 126]"
Linear,20,exact_guidance_u,157,0,55,54,"[129, 101, 70, 29, 0, 12, 52, 127, 127, 115, 96, 96, 64, 37, 18, 13, 2, 3, 16, 4, 18, 50, 57, 58, 76, 119, 127, 127, 108, 50, 15, 6, 8, 9, 11, 12, 14, 35, 31, 34, 40, 54, 64, 73, 74, 87, 94, 103, 101, 105, 112, 117, 125, 120, 126]","[101, 70, 29, 0, 12, 52, 127, 127, 115, 96, 96, 64, 37, 18, 13, 2, 3, 16, 4, 18, 50, 57, 58, 76, 119, 127, 127, 108, 50, 15, 6, 8, 9, 11, 12, 14, 35, 31, 34, 40, 54, 64, 73, 74, 87, 94, 103, 101, 105, 112, 117, 125, 120, 126]"
Linear,20,exact_guidance_u,158,0,55,54,"[129, 101, 70, 29, 0, 12, 52, 127, 127, 115, 96, 96, 64, 37, 18, 13, 2, 3, 16, 4, 18, 50, 57, 58, 76, 119, 127, 127, 108, 50, 15, 6, 8, 9, 11, 12, 14, 35, 31, 34, 40, 54, 64, 73, 74, 87, 94, 103, 101, 105, 112, 117, 125, 120, 126]","[101, 70, 29, 0, 12, 52, 127, 127, 115, 96, 96, 64, 37, 18, 13, 2, 3, 16, 4, 18, 50, 57, 58, 76, 119, 127, 127, 108, 50, 15, 6, 8, 9, 11, 12, 14, 35, 31, 34, 40, 54, 64, 73, 74, 87, 94, 103, 101, 105, 112, 117, 125, 120, 126]"
Linear,20,exact_guidance_u,159,0,55,54,"[129, 101, 70, 29, 0, 12, 52, 127, 127, 115, 96, 96, 64, 37, 18, 13, 2, 3, 16, 4, 18, 50, 57, 58, 76, 119, 127, 127, 108, 50, 15, 6, 8, 9, 11, 12, 14, 35, 31, 34, 40, 54, 64, 73, 74, 87, 94, 103, 101, 105, 112, 117, 125, 120, 126]","[101, 70, 29, 0, 12, 52, 127, 127, 115, 96, 96, 64, 37, 18, 13, 2, 3, 16, 4, 18, 50, 57, 58, 76, 119, 127, 127, 108, 50, 15, 6, 8, 9, 11, 12, 14, 35, 31, 34, 40, 54, 64, 73, 74, 87, 94, 103, 101, 105, 112, 117, 125, 120, 126]"
Linear,20,exact_guidance_u,160,0,55,54,"[129, 101, 70, 29, 0, 12, 52, 127, 127, 115, 96, 96, 64, 37, 18, 13, 2, 3, 16, 4, 18, 50, 57, 58, 76, 119, 127, 127, 108, 50, 15, 6, 8, 9, 11, 12, 14, 35, 31, 34, 40, 54, 64, 73, 74, 87, 94, 103, 101, 105, 112, 117, 125, 120, 126]","[101, 70, 29, 0, 12, 52, 127, 127, 115, 96, 96, 64, 37, 18, 13, 2, 3, 16, 4, 18, 50, 57, 58, 76, 119, 127, 127, 108, 50, 15, 6, 8, 9, 11, 12, 14, 35, 31, 34, 40, 54, 64, 73, 74, 87, 94, 103, 101, 105, 112, 117, 125, 120, 126]"
Linear,20,exact_guidance_u,161,0,55,54,"[129, 101, 70, 29, 0, 12, 52, 127, 127, 115, 96, 96, 64, 37, 18, 13, 2, 3, 16, 4, 18, 50, 57, 58, 76, 119, 127, 127, 108, 50, 15, 6, 8, 9, 11, 12, 14, 35, 31, 34, 40, 54, 64, 73, 74, 87, 94, 103, 101, 105, 112, 117, 125, 120, 126]","[101, 70, 29, 0, 12, 52, 127, 127, 115, 96, 96, 64, 37, 18, 13, 2, 3, 16, 4, 18, 50, 57, 58, 76, 119, 127, 127, 108, 50, 15, 6, 8, 9, 11, 12, 14, 35, 31, 34, 40, 54, 64, 73, 74, 87, 94, 103, 101, 105, 112, 117, 125, 120, 126]"
Linear,20,exact_guidance_u,162,0,55,54,"[129, 101, 70, 29, 0, 12, 52, 127, 127, 115, 96, 96, 64, 37, 18, 13, 2, 3, 16, 4, 18, 50, 57, 58, 76, 119, 127, 127, 108, 50, 15, 6, 8, 9, 11, 12, 14, 35, 31, 34, 40, 54, 64, 73, 74, 87, 94, 103, 101, 105, 112, 117, 125, 120, 126]","[101, 70, 29, 0, 12, 52, 127, 127, 115, 96, 96, 64, 37, 18, 13, 2, 3, 16, 4, 18, 50, 57, 58, 76, 119, 127, 127, 108, 50, 15, 6, 8, 9, 11, 12, 14, 35, 31, 34, 40, 54, 64, 73, 74, 87, 94, 103, 101, 105, 112, 117, 125, 120, 126]"
Linear,20,exact_guidance_u,163,0,55,54,"[129, 101, 70, 29, 0, 12, 52, 127, 127, 115, 96, 96, 64, 37, 18, 13, 2, 3, 16, 4, 18, 50, 57, 58, 76, 119, 127, 127, 108, 50, 15, 6, 8, 9, 11, 12, 14, 35, 31, 34, 40, 54, 64, 73, 74, 87, 94, 103, 101, 105, 112, 117, 125, 120, 126]","[101, 70, 29, 0, 12, 52, 127, 127, 115, 96, 96, 64, 37, 18, 13, 2, 3, 16, 4, 18, 50, 57, 58, 76, 119, 127, 127, 108, 50, 15, 6, 8, 9, 11, 12, 14, 35, 31, 34, 40, 54, 64, 73, 74, 87, 94, 103, 101, 105, 112, 117, 125, 120, 126]"
Linear,20,exact_guidance_u,164,0,55,54,"[129, 101, 70, 29, 0, 12, 52, 127, 127, 115, 96, 96, 64, 37, 18, 13, 2, 3, 16, 4, 18, 50, 57, 58, 76, 119, 127, 127, 108, 50, 15, 6, 8, 9, 11, 12, 14, 35, 31, 34, 40, 54, 64, 73, 74, 87, 94, 103, 101, 105, 112, 117, 125, 120, 126]","[101, 70, 29, 0, 12, 52, 127, 127, 115, 96, 96, 64, 37, 18, 13, 2, 3, 16, 4, 18, 50, 57, 58, 76, 119, 127, 127, 108, 50, 15, 6, 8, 9, 11, 12, 14, 35, 31, 34, 40, 54, 64, 73, 74, 87, 94, 103, 101, 105, 112, 117, 125, 120, 126]"
Linear,20,exact_guidance_u,165,0,56,55,"[129, 101, 70, 29, 0, 12, 52, 127, 127, 115, 115, 96, 96, 64, 37, 18, 13, 2, 3, 16, 4, 18, 50, 57, 58, 76, 119, 127, 127, 108, 50, 15, 6, 8, 9, 11, 12, 14, 35, 31, 34, 40, 54, 64, 73, 74, 87, 94, 103, 101, 105, 112, 117, 125, 120, 126]","[101, 70, 29, 0, 12, 52, 127, 127, 115, 115, 96, 96, 64, 37, 18, 13, 2, 3, 16, 4, 18, 50, 57, 58, 76, 119, 127, 127, 108, 50, 15, 6, 8, 9, 11, 12, 14, 35, 31, 34, 40, 54, 64, 73, 74, 87, 94, 103, 101, 105, 112, 117, 125, 120, 126]"
Linear,20,exact_guidance_u,166,0,57,56,"[129, 101, 70, 29, 0, 0, 12, 52, 127, 127, 115, 115, 96, 96, 64, 37, 18, 13, 2, 3, 16, 4, 18, 50, 57, 58, 76, 119, 127, 127, 108, 50, 15, 6, 8, 9, 11, 12, 14, 35, 31, 34, 40, 54, 64, 73, 74, 87, 94, 103, 101, 105, 112, 117, 125, 120, 126]","[101, 70, 29, 0, 0, 12, 52, 127, 127, 115, 115, 96, 96, 64, 37, 18, 13, 2, 3, 16, 4, 18, 50, 57, 58, 76, 119, 127, 127, 108, 50, 15, 6, 8, 9, 11, 12, 14, 35, 31, 34, 40, 54, 64, 73, 74, 87, 94, 103, 101, 105, 112, 117, 125, 120, 126]"
Linear,20,exact_guidance_u,167,0,57,56,"[129, 101, 70, 29, 0, 0, 12, 52, 127, 127, 115, 115, 96, 96, 64, 37, 18, 13, 2, 3, 16, 4, 18, 50, 57, 58, 76, 119, 127, 127, 108, 50, 15, 6, 8, 9, 11, 12, 14, 35, 31, 34, 40, 54, 64, 73, 74, 87, 94, 103, 101, 105, 112, 117, 125, 120, 126]","[101, 70, 29, 0, 0, 12, 52, 127, 127, 115, 115, 96, 96, 64, 37, 18, 13, 2, 3, 16, 4, 18, 50, 57, 58, 76, 119, 127, 127, 108, 50, 15, 6, 8, 9, 11, 12, 14, 35, 31, 34, 40, 54, 64, 73, 74, 87, 94, 103, 101, 105, 112, 117, 125, 120, 126]"
Linear,20,exact_guidance_u,168,0,57,56,"[129, 101, 70, 29, 0, 0, 12, 52, 127, 127, 115, 115, 96, 96, 64, 37, 18, 13, 2, 3, 16, 4, 18, 50, 57, 58, 76, 119, 127, 127, 108, 50, 15, 6, 8, 9, 11, 12, 14, 35, 31, 34, 40, 54, 64, 73, 74, 87, 94, 103, 101, 105, 112, 117, 125, 120, 126]","[101, 70, 29, 0, 0, 12, 52, 127, 127, 115, 115, 96, 96, 64, 37, 18, 13, 2, 3, 16, 4, 18, 50, 57, 58, 76, 119, 127, 127, 108, 50, 15, 6, 8, 9, 11, 12, 14, 35, 31, 34, 40, 54, 64, 73, 74, 87, 94, 103, 101, 105, 112, 117, 125, 120, 126]"
Linear,20,exact_guidance_u,169,0,57,56,"[129, 101, 70, 29, 0, 0, 12, 52, 127, 127, 115, 115, 96, 96, 64, 37, 18, 13, 2, 3, 16, 4, 18, 50, 57, 58, 76, 119, 127, 127, 108, 50, 15, 6, 8, 9, 11, 12, 14, 35, 31, 34, 40, 54, 64, 73, 74, 87, 94, 103, 101, 105, 112, 117, 125, 120, 126]","[101, 70, 29, 0, 0, 12, 52, 127, 127, 115, 115, 96, 96, 64, 37, 18, 13, 2, 3, 16, 4, 18, 50, 57, 58, 76, 119, 127, 127, 108, 50, 15, 6, 8, 9, 11, 12, 14, 35, 31, 34, 40, 54, 64, 73, 74, 87, 94, 103, 101, 105, 112, 117, 125, 120, 126]"
Linear,20,exact_guidance_u,170,0,57,56,"[129, 101, 70, 29, 0, 0, 12, 52, 127, 127, 115, 115, 96, 96, 64, 37, 18, 13, 2, 3, 16, 4, 18, 50, 57, 58, 76, 119, 127, 127, 108, 50, 15, 6, 8, 9, 11, 12, 14, 35, 31, 34, 40, 54, 64, 73, 74, 87, 94, 103, 101, 105, 112, 117, 125, 120, 126]","[101, 70, 29, 0, 0, 12, 52, 127, 127, 115, 115, 96, 96, 64, 37, 18, 13, 2, 3, 16, 4, 18, 50, 57, 58, 76, 119, 127, 127, 108, 50, 15, 6, 8, 9, 11, 12, 14, 35, 31, 34, 40, 54, 64, 73, 74, 87, 94, 103, 101, 105, 112, 117, 125, 120, 126]"
Linear,20,exact_guidance_u,171,0,57,56,"[129, 101, 70, 29, 0, 0, 12, 52, 127, 127, 115, 115, 96, 96, 64, 37, 18, 13, 2, 3, 16, 4, 18, 50, 57, 58, 76, 119, 127, 127, 108, 50, 15, 6, 8, 9, 11, 12, 14, 35, 31, 34, 40, 54, 64, 73, 74, 87, 94, 103, 101, 105, 112, 117, 125, 120, 126]","[101, 70, 29, 0, 0, 12, 52, 127, 127, 115, 115, 96, 96, 64, 37, 18, 13, 2, 3, 16, 4, 18, 50, 57, 58, 76, 119, 127, 127, 108, 50, 15, 6, 8, 9, 11, 12, 14, 35, 31, 34, 40, 54, 64, 73, 74, 87, 94, 103, 101, 105, 112, 117, 125, 120, 126]"
Linear,20,exact_guidance_u,172,0,57,56,"[129, 101, 70, 29, 0, 0, 12, 52, 127, 127, 115, 115, 96, 96, 64, 37, 18, 13, 2, 3, 16, 4, 18, 50, 57, 58, 76, 119, 127, 127, 108, 50, 15, 6, 8, 9, 11, 12, 14, 35, 31, 34, 40, 54, 64, 73, 74, 87, 94, 103, 101, 105, 112, 117, 125, 120, 126]","[101, 70, 29, 0, 0, 12, 52, 127, 127, 115, 115, 96, 96, 64, 37, 18, 13, 2, 3, 16, 4, 18, 50, 57, 58, 76, 119, 127, 127, 108, 50, 15, 6, 8, 9, 11, 12, 14, 35, 31, 34, 40, 54, 64, 73, 74, 87, 94, 103, 101, 105, 112, 117, 125, 120, 126]"
Linear,20,exact_guidance_u,173,0,57,56,"[129, 101, 70, 29, 0, 0, 12, 52, 127, 127, 115, 115, 96, 96, 64, 37, 18, 13, 2, 3, 16, 4, 18, 50, 57, 58, 76, 119, 127, 127, 108, 50, 15, 6, 8, 9, 11, 12, 14, 35, 31, 34, 40, 54, 64, 73, 74, 87, 94, 103, 101, 105, 112, 117, 125, 120, 126]","[101, 70, 29, 0, 0, 12, 52, 127, 127, 115, 115, 96, 96, 64, 37, 18, 13, 2, 3, 16, 4, 18, 50, 57, 58, 76, 119, 127, 127, 108, 50, 15, 6, 8, 9, 11, 12, 14, 35, 31, 34, 40, 54, 64, 73, 74, 87, 94, 103, 101, 105, 112, 117, 125, 120, 126]"
Linear,20,exact_guidance_u,174,0,57,56,"[129, 101, 70, 29, 0, 0, 12, 52, 127, 127, 115, 115, 96, 96, 64, 37, 18, 13, 2, 3, 16, 4, 18, 50, 57, 58, 76, 119, 127, 127, 108, 50, 15, 6, 8, 9, 11, 12, 14, 35, 31, 34, 40, 54, 64, 73, 74, 87, 94, 103, 101, 105, 112, 117, 125, 120, 126]","[101, 70, 29, 0, 0, 12, 52, 127, 127, 115, 115, 96, 96, 64, 37, 18, 13, 2, 3, 16, 4, 18, 50, 57, 58, 76, 119, 127, 127, 108, 50, 15, 6, 8, 9, 11, 12, 14, 35, 31, 34, 40, 54, 64, 73, 74, 87, 94, 103, 101, 105, 112, 117, 125, 120, 126]"
Linear,20,exact_guidance_u,175,0,57,56,"[129, 101, 70, 29, 0, 0, 12, 52, 127, 127, 115, 115, 96, 96, 64, 37, 18, 13, 2, 3, 16, 4, 18, 50, 57, 58, 76, 119, 127, 127, 108, 50, 15, 6, 8, 9, 11, 12, 14, 35, 31, 34, 40, 54, 64, 73, 74, 87, 94, 103, 101, 105, 112, 117, 125, 120, 126]","[101, 70, 29, 0, 0, 12, 52, 127, 127, 115, 115, 96, 96, 64, 37, 18, 13, 2, 3, 16, 4, 18, 50, 57, 58, 76, 119, 127, 127, 108, 50, 15, 6, 8, 9, 11, 12, 14, 35, 31, 34, 40, 54, 64, 73, 74, 87, 94, 103, 101, 105, 112, 117, 125, 120, 126]"
Linear,20,exact_guidance_u,176,0,57,56,"[129, 101, 70, 29, 0, 0, 12, 52, 127, 127, 115, 115, 96, 96, 64, 37, 18, 13, 2, 3, 16, 4, 18, 50, 57, 58, 76, 119, 127, 127, 108, 50, 15, 6, 8, 9, 11, 12, 14, 35, 31, 34, 40, 54, 64, 73, 74, 87, 94, 103, 101, 105, 112, 117, 125, 120, 126]","[101, 70, 29, 0, 0, 12, 52, 127, 127, 115, 115, 96, 96, 64, 37, 18, 13, 2, 3, 16, 4, 18, 50, 57, 58, 76, 119, 127, 127, 108, 50, 15, 6, 8, 9, 11, 12, 14, 35, 31, 34, 40, 54, 64, 73, 74, 87, 94, 103, 101, 105, 112, 117, 125, 120, 126]"
Linear,20,exact_guidance_u,177,0,57,56,"[129, 101, 70, 29, 0, 0, 12, 52, 127, 127, 115, 115, 96, 96, 64, 37, 18, 13, 2, 3, 16, 4, 18, 50, 57, 58, 76, 119, 127, 127, 108, 50, 15, 6, 8, 9, 11, 12, 14, 35, 31, 34, 40, 54, 64, 73, 74, 87, 94, 103, 101, 105, 112, 117, 125, 120, 126]","[101, 70, 29, 0, 0, 12, 52, 127, 127, 115, 115, 96, 96, 64, 37, 18, 13, 2, 3, 16, 4, 18, 50, 57, 58, 76, 119, 127, 127, 108, 50, 15, 6, 8, 9, 11, 12, 14, 35, 31, 34, 40, 54, 64, 73, 74, 87, 94, 103, 101, 105, 112, 117, 125, 120, 126]"
Linear,20,exact_guidance_u,178,0,57,56,"[129, 101, 70, 29, 0, 0, 12, 52, 127, 127, 115, 115, 96, 96, 64, 37, 18, 13, 2, 3, 16, 4, 18, 50, 57, 58, 76, 119, 127, 127, 108, 50, 15, 6, 8, 9, 11, 12, 14, 35, 31, 34, 40, 54, 64, 73, 74, 87, 94, 103, 101, 105, 112, 117, 125, 120, 126]","[101, 70, 29, 0, 0, 12, 52, 127, 127, 115, 115, 96, 96, 64, 37, 18, 13, 2, 3, 16, 4, 18, 50, 57, 58, 76, 119, 127, 127, 108, 50, 15, 6, 8, 9, 11, 12, 14, 35, 31, 34, 40, 54, 64, 73, 74, 87, 94, 103, 101, 105, 112, 117, 125, 120, 126]"
Linear,20,exact_guidance_u,179,0,57,56,"[129, 101, 70, 29, 0, 0, 12, 52, 127, 127, 115, 115, 96, 96, 64, 37, 18, 13, 2, 3, 16, 4, 18, 50, 57, 58, 76, 119, 127, 127, 108, 50, 15, 6, 8, 9, 11, 12, 14, 35, 31, 34, 40, 54, 64, 73, 74, 87, 94, 103, 101, 105, 112, 117, 125, 120, 126]","[101, 70, 29, 0, 0, 12, 52, 127, 127, 115, 115, 96, 96, 64, 37, 18, 13, 2, 3, 16, 4, 18, 50, 57, 58, 76, 119, 127, 127, 108, 50, 15, 6, 8, 9, 11, 12, 14, 35, 31, 34, 40, 54, 64, 73, 74, 87, 94, 103, 101, 105, 112, 117, 125, 120, 126]"
Linear,20,exact_guidance_u,180,0,57,56,"[129, 101, 70, 29, 0, 0, 12, 52, 127, 127, 115, 115, 96, 96, 64, 37, 18, 13, 2, 3, 16, 4, 18, 50, 57, 58, 76, 119, 127, 127, 108, 50, 15, 6, 8, 9, 11, 12, 14, 35, 31, 34, 40, 54, 64, 73, 74, 87, 94, 103, 101, 105, 112, 117, 125, 120, 126]","[101, 70, 29, 0, 0, 12, 52, 127, 127, 115, 115, 96, 96, 64, 37, 18, 13, 2, 3, 16, 4, 18, 50, 57, 58, 76, 119, 127, 127, 108, 50, 15, 6, 8, 9, 11, 12, 14, 35, 31, 34, 40, 54, 64, 73, 74, 87, 94, 103, 101, 105, 112, 117, 125, 120, 126]"
Linear,20,exact_guidance_u,181,0,57,56,"[129, 101, 70, 29, 0, 0, 12, 52, 127, 127, 115, 115, 96, 96, 64, 37, 18, 13, 2, 3, 16, 4, 18, 50, 57, 58, 76, 119, 127, 127, 108, 50, 15, 6, 8, 9, 11, 12, 14, 35, 31, 34, 40, 54, 64, 73, 74, 87, 94, 103, 101, 105, 112, 117, 125, 120, 126]","[101, 70, 29, 0, 0, 12, 52, 127, 127, 115, 115, 96, 96, 64, 37, 18, 13, 2, 3, 16, 4, 18, 50, 57, 58, 76, 119, 127, 127, 108, 50, 15, 6, 8, 9, 11, 12, 14, 35, 31, 34, 40, 54, 64, 73, 74, 87, 94, 103, 101, 105, 112, 117, 125, 120, 126]"
Linear,20,exact_guidance_u,182,0,57,56,"[129, 101, 70, 29, 0, 0, 12, 52, 127, 127, 115, 115, 96, 96, 64, 37, 18, 13, 2, 3, 16, 4, 18, 50, 57, 58, 76, 119, 127, 127, 108, 50, 15, 6, 8, 9, 11, 12, 14, 35, 31, 34, 40, 54, 64, 73, 74, 87, 94, 103, 101, 105, 112, 117, 125, 120, 126]","[101, 70, 29, 0, 0, 12, 52, 127, 127, 115, 115, 96, 96, 64, 37, 18, 13, 2, 3, 16, 4, 18, 50, 57, 58, 76, 119, 127, 127, 108, 50, 15, 6, 8, 9, 11, 12, 14, 35, 31, 34, 40, 54, 64, 73, 74, 87, 94, 103, 101, 105, 112, 117, 125, 120, 126]"
Linear,20,exact_guidance_u,183,0,57,56,"[129, 101, 70, 29, 0, 0, 12, 52, 127, 127, 115, 115, 96, 96, 64, 37, 18, 13, 2, 3, 16, 4, 18, 50, 57, 58, 76, 119, 127, 127, 108, 50, 15, 6, 8, 9, 11, 12, 14, 35, 31, 34, 40, 54, 64, 73, 74, 87, 94, 103, 101, 105, 112, 117, 125, 120, 126]","[101, 70, 29, 0, 0, 12, 52, 127, 127, 115, 115, 96, 96, 64, 37, 18, 13, 2, 3, 16, 4, 18, 50, 57, 58, 76, 119, 127, 127, 108, 50, 15, 6, 8, 9, 11, 12, 14, 35, 31, 34, 40, 54, 64, 73, 74, 87, 94, 103, 101, 105, 112, 117, 125, 120, 126]"
Linear,20,exact_guidance_u,184,0,57,56,"[129, 101, 70, 29, 0, 0, 12, 52, 127, 127, 115, 115, 96, 96, 64, 37, 18, 13, 2, 3, 16, 4, 18, 50, 57, 58, 76, 119, 127, 127, 108, 50, 15, 6, 8, 9, 11, 12, 14, 35, 31, 34, 40, 54, 64, 73, 74, 87, 94, 103, 101, 105, 112, 117, 125, 120, 126]","[101, 70, 29, 0, 0, 12, 52, 127, 127, 115, 115, 96, 96, 64, 37, 18, 13, 2, 3, 16, 4, 18, 50, 57, 58, 76, 119, 127, 127, 108, 50, 15, 6, 8, 9, 11, 12, 14, 35, 31, 34, 40, 54, 64, 73, 74, 87, 94, 103, 101, 105, 112, 117, 125, 120, 126]"
Linear,20,exact_guidance_u,185,0,57,56,"[129, 101, 70, 29, 0, 0, 12, 52, 127, 127, 115, 115, 96, 96, 64, 37, 18, 13, 2, 3, 16, 4, 18, 50, 57, 58, 76, 119, 127, 127, 108, 50, 15, 6, 8, 9, 11, 12, 14, 35, 31, 34, 40, 54, 64, 73, 74, 87, 94, 103, 101, 105, 112, 117, 125, 120, 126]","[101, 70, 29, 0, 0, 12, 52, 127, 127, 115, 115, 96, 96, 64, 37, 18, 13, 2, 3, 16, 4, 18, 50, 57, 58, 76, 119, 127, 127, 108, 50, 15, 6, 8, 9, 11, 12, 14, 35, 31, 34, 40, 54, 64, 73, 74, 87, 94, 103, 101, 105, 112, 117, 125, 120, 126]"
Linear,20,exact_guidance_u,186,0,57,56,"[129, 101, 70, 29, 0, 0, 12, 52, 127, 127, 115, 115, 96, 96, 64, 37, 18, 13, 2, 3, 16, 4, 18, 50, 57, 58, 76, 119, 127, 127, 108, 50, 15, 6, 8, 9, 11, 12, 14, 35, 31, 34, 40, 54, 64, 73, 74, 87, 94, 103, 101, 105, 112, 117, 125, 120, 126]","[101, 70, 29, 0, 0, 12, 52, 127, 127, 115, 115, 96, 96, 64, 37, 18, 13, 2, 3, 16, 4, 18, 50, 57, 58, 76, 119, 127, 127, 108, 50, 15, 6, 8, 9, 11, 12, 14, 35, 31, 34, 40, 54, 64, 73, 74, 87, 94, 103, 101, 105, 112, 117, 125, 120, 126]"
Linear,20,exact_guidance_u,187,0,57,56,"[129, 101, 70, 29, 0, 0, 12, 52, 127, 127, 115, 115, 96, 96, 64, 37, 18, 13, 2, 3, 16, 4, 18, 50, 57, 58, 76, 119, 127, 127, 108, 50, 15, 6, 8, 9, 11, 12, 14, 35, 31, 34, 40, 54, 64, 73, 74, 87, 94, 103, 101, 105, 112, 117, 125, 120, 126]","[101, 70, 29, 0, 0, 12, 52, 127, 127, 115, 115, 96, 96, 64, 37, 18, 13, 2, 3, 16, 4, 18, 50, 57, 58, 76, 119, 127, 127, 108, 50, 15, 6, 8, 9, 11, 12, 14, 35, 31, 34, 40, 54, 64, 73, 74, 87, 94, 103, 101, 105, 112, 117, 125, 120, 126]"
Linear,20,exact_guidance_u,188,0,57,56,"[129, 101, 70, 29, 0, 0, 12, 52, 127, 127, 115, 115, 96, 96, 64, 37, 18, 13, 2, 3, 16, 4, 18, 50, 57, 58, 76, 119, 127, 127, 108, 50, 15, 6, 8, 9, 11, 12, 14, 35, 31, 34, 40, 54, 64, 73, 74, 87, 94, 103, 101, 105, 112, 117, 125, 120, 126]","[101, 70, 29, 0, 0, 12, 52, 127, 127, 115, 115, 96, 96, 64, 37, 18, 13, 2, 3, 16, 4, 18, 50, 57, 58, 76, 119, 127, 127, 108, 50, 15, 6, 8, 9, 11, 12, 14, 35, 31, 34, 40, 54, 64, 73, 74, 87, 94, 103, 101, 105, 112, 117, 125, 120, 126]"
Linear,20,exact_guidance_u,189,0,57,56,"[129, 101, 70, 29, 0, 0, 12, 52, 127, 127, 115, 115, 96, 96, 64, 37, 18, 13, 2, 3, 16, 4, 18, 50, 57, 58, 76, 119, 127, 127, 108, 50, 15, 6, 8, 9, 11, 12, 14, 35, 31, 34, 40, 54, 64, 73, 74, 87, 94, 103, 101, 105, 112, 117, 125, 120, 126]","[101, 70, 29, 0, 0, 12, 52, 127, 127, 115, 115, 96, 96, 64, 37, 18, 13, 2, 3, 16, 4, 18, 50, 57, 58, 76, 119, 127, 127, 108, 50, 15, 6, 8, 9, 11, 12, 14, 35, 31, 34, 40, 54, 64, 73, 74, 87, 94, 103, 101, 105, 112, 117, 125, 120, 126]"
Linear,20,exact_guidance_u,190,0,57,56,"[129, 101, 70, 29, 0, 0, 12, 52, 127, 127, 115, 115, 96, 96, 64, 37, 18, 13, 2, 3, 16, 4, 18, 50, 57, 58, 76, 119, 127, 127, 108, 50, 15, 6, 8, 9, 11, 12, 14, 35, 31, 34, 40, 54, 64, 73, 74, 87, 94, 103, 101, 105, 112, 117, 125, 120, 126]","[101, 70, 29, 0, 0, 12, 52, 127, 127, 115, 115, 96, 96, 64, 37, 18, 13, 2, 3, 16, 4, 18, 50, 57, 58, 76, 119, 127, 127, 108, 50, 15, 6, 8, 9, 11, 12, 14, 35, 31, 34, 40, 54, 64, 73, 74, 87, 94, 103, 101, 105, 112, 117, 125, 120, 126]"
Linear,20,exact_guidance_u,191,0,57,56,"[129, 101, 70, 29, 0, 0, 12, 52, 127, 127, 115, 115, 96, 96, 64, 37, 18, 13, 2, 3, 16, 4, 18, 50, 57, 58, 76, 119, 127, 127, 108, 50, 15, 6, 8, 9, 11, 12, 14, 35, 31, 34, 40, 54, 64, 73, 74, 87, 94, 103, 101, 105, 112, 117, 125, 120, 126]","[101, 70, 29, 0, 0, 12, 52, 127, 127, 115, 115, 96, 96, 64, 37, 18, 13, 2, 3, 16, 4, 18, 50, 57, 58, 76, 119, 127, 127, 108, 50, 15, 6, 8, 9, 11, 12, 14, 35, 31, 34, 40, 54, 64, 73, 74, 87, 94, 103, 101, 105, 112, 117, 125, 120, 126]"
Linear,20,exact_guidance_u,192,0,57,56,"[129, 101, 70, 29, 0, 0, 12, 52, 127, 127, 115, 115, 96, 96, 64, 37, 18, 13, 2, 3, 16, 4, 18, 50, 57, 58, 76, 119, 127, 127, 108, 50, 15, 6, 8, 9, 11, 12, 14, 35, 31, 34, 40, 54, 64, 73, 74, 87, 94, 103, 101, 105, 112, 117, 125, 120, 126]","[101, 70, 29, 0, 0, 12, 52, 127, 127, 115, 115, 96, 96, 64, 37, 18, 13, 2, 3, 16, 4, 18, 50, 57, 58, 76, 119, 127, 127, 108, 50, 15, 6, 8, 9, 11, 12, 14, 35, 31, 34, 40, 54, 64, 73, 74, 87, 94, 103, 101, 105, 112, 117, 125, 120, 126]"
Linear,20,exact_guidance_u,193,0,57,56,"[129, 101, 70, 29, 0, 0, 12, 52, 127, 127, 115, 115, 96, 96, 64, 37, 18, 13, 2, 3, 16, 4, 18, 50, 57, 58, 76, 119, 127, 127, 108, 50, 15, 6, 8, 9, 11, 12, 14, 35, 31, 34, 40, 54, 64, 73, 74, 87, 94, 103, 101, 105, 112, 117, 125, 120, 126]","[101, 70, 29, 0, 0, 12, 52, 127, 127, 115, 115, 96, 96, 64, 37, 18, 13, 2, 3, 16, 4, 18, 50, 57, 58, 76, 119, 127, 127, 108, 50, 15, 6, 8, 9, 11, 12, 14, 35, 31, 34, 40, 54, 64, 73, 74, 87, 94, 103, 101, 105, 112, 117, 125, 120, 126]"
Linear,20,exact_guidance_u,194,0,57,56,"[129, 101, 70, 29, 0, 0, 12, 52, 127, 127, 115, 115, 96, 96, 64, 37, 18, 13, 2, 3, 16, 4, 18, 50, 57, 58, 76, 119, 127, 127, 108, 50, 15, 6, 8, 9, 11, 12, 14, 35, 31, 34, 40, 54, 64, 73, 74, 87, 94, 103, 101, 105, 112, 117, 125, 120, 126]","[101, 70, 29, 0, 0, 12, 52, 127, 127, 115, 115, 96, 96, 64, 37, 18, 13, 2, 3, 16, 4, 18, 50, 57, 58, 76, 119, 127, 127, 108, 50, 15, 6, 8, 9, 11, 12, 14, 35, 31, 34, 40, 54, 64, 73, 74, 87, 94, 103, 101, 105, 112, 117, 125, 120, 126]"
Linear,20,exact_guidance_u,195,0,57,56,"[129, 101, 70, 29, 0, 0, 12, 52, 127, 127, 115, 115, 96, 96, 64, 37, 18, 13, 2, 3, 16, 4, 18, 50, 57, 58, 76, 119, 127, 127, 108, 50, 15, 6, 8, 9, 11, 12, 14, 35, 31, 34, 40, 54, 64, 73, 74, 87, 94, 103, 101, 105, 112, 117, 125, 120, 126]","[101, 70, 29, 0, 0, 12, 52, 127, 127, 115, 115, 96, 96, 64, 37, 18, 13, 2, 3, 16, 4, 18, 50, 57, 58, 76, 119, 127, 127, 108, 50, 15, 6, 8, 9, 11, 12, 14, 35, 31, 34, 40, 54, 64, 73, 74, 87, 94, 103, 101, 105, 112, 117, 125, 120, 126]"
Linear,20,exact_guidance_u,196,0,57,56,"[129, 101, 70, 29, 0, 0, 12, 52, 127, 127, 115, 115, 96, 96, 64, 37, 18, 13, 2, 3, 16, 4, 18, 50, 57, 58, 76, 119, 127, 127, 108, 50, 15, 6, 8, 9, 11, 12, 14, 35, 31, 34, 40, 54, 64, 73, 74, 87, 94, 103, 101, 105, 112, 117, 125, 120, 126]","[101, 70, 29, 0, 0, 12, 52, 127, 127, 115, 115, 96, 96, 64, 37, 18, 13, 2, 3, 16, 4, 18, 50, 57, 58, 76, 119, 127, 127, 108, 50, 15, 6, 8, 9, 11, 12, 14, 35, 31, 34, 40, 54, 64, 73, 74, 87, 94, 103, 101, 105, 112, 117, 125, 120, 126]"
Linear,20,exact_guidance_u,197,0,57,56,"[129, 101, 70, 29, 0, 0, 12, 52, 127, 127, 115, 115, 96, 96, 64, 37, 18, 13, 2, 3, 16, 4, 18, 50, 57, 58, 76, 119, 127, 127, 108, 50, 15, 6, 8, 9, 11, 12, 14, 35, 31, 34, 40, 54, 64, 73, 74, 87, 94, 103, 101, 105, 112, 117, 125, 120, 126]","[101, 70, 29, 0, 0, 12, 52, 127, 127, 115, 115, 96, 96, 64, 37, 18, 13, 2, 3, 16, 4, 18, 50, 57, 58, 76, 119, 127, 127, 108, 50, 15, 6, 8, 9, 11, 12, 14, 35, 31, 34, 40, 54, 64, 73, 74, 87, 94, 103, 101, 105, 112, 117, 125, 120, 126]"
Linear,20,exact_guidance_u,198,0,57,56,"[129, 101, 70, 29, 0, 0, 12, 52, 127, 127, 115, 115, 96, 96, 64, 37, 18, 13, 2, 3, 16, 4, 18, 50, 57, 58, 76, 119, 127, 127, 108, 50, 15, 6, 8, 9, 11, 12, 14, 35, 31, 34, 40, 54, 64, 73, 74, 87, 94, 103, 101, 105, 112, 117, 125, 120, 126]","[101, 70, 29, 0, 0, 12, 52, 127, 127, 115, 115, 96, 96, 64, 37, 18, 13, 2, 3, 16, 4, 18, 50, 57, 58, 76, 119, 127, 127, 108, 50, 15, 6, 8, 9, 11, 12, 14, 35, 31, 34, 40, 54, 64, 73, 74, 87, 94, 103, 101, 105, 112, 117, 125, 120, 126]"
Linear,20,exact_guidance_u,199,0,57,56,"[129, 101, 70, 29, 0, 0, 12, 52, 127, 127, 115, 115, 96, 96, 64, 37, 18, 13, 2, 3, 16, 4, 18, 50, 57, 58, 76, 119, 127, 127, 108, 50, 15, 6, 8, 9, 11, 12, 14, 35, 31, 34, 40, 54, 64, 73, 74, 87, 94, 103, 101, 105, 112, 117, 125, 120, 126]","[101, 70, 29, 0, 0, 12, 52, 127, 127, 115, 115, 96, 96, 64, 37, 18, 13, 2, 3, 16, 4, 18, 50, 57, 58, 76, 119, 127, 127, 108, 50, 15, 6, 8, 9, 11, 12, 14, 35, 31, 34, 40, 54, 64, 73, 74, 87, 94, 103, 101, 105, 112, 117, 125, 120, 126]"
Linear,20,exact_guidance_u,200,0,57,56,"[129, 101, 70, 29, 0, 0, 12, 52, 127, 127, 115, 115, 96, 96, 64, 37, 18, 13, 2, 3, 16, 4, 18, 50, 57, 58, 76, 119, 127, 127, 108, 50, 15, 6, 8, 9, 11, 12, 14, 35, 31, 34, 40, 54, 64, 73, 74, 87, 94, 103, 101, 105, 112, 117, 125, 120, 126]","[101, 70, 29, 0, 0, 12, 52, 127, 127, 115, 115, 96, 96, 64, 37, 18, 13, 2, 3, 16, 4, 18, 50, 57, 58, 76, 119, 127, 127, 108, 50, 15, 6, 8, 9, 11, 12, 14, 35, 31, 34, 40, 54, 64, 73, 74, 87, 94, 103, 101, 105, 112, 117, 125, 120, 126]"
Linear,20,exact_guidance_u,201,0,57,56,"[129, 101, 70, 29, 0, 0, 12, 52, 127, 127, 115, 115, 96, 96, 64, 37, 18, 13, 2, 3, 16, 4, 18, 50, 57, 58, 76, 119, 127, 127, 108, 50, 15, 6, 8, 9, 11, 12, 14, 35, 31, 34, 40, 54, 64, 73, 74, 87, 94, 103, 101, 105, 112, 117, 125, 120, 126]","[101, 70, 29, 0, 0, 12, 52, 127, 127, 115, 115, 96, 96, 64, 37, 18, 13, 2, 3, 16, 4, 18, 50, 57, 58, 76, 119, 127, 127, 108, 50, 15, 6, 8, 9, 11, 12, 14, 35, 31, 34, 40, 54, 64, 73, 74, 87, 94, 103, 101, 105, 112, 117, 125, 120, 126]"
Linear,20,exact_guidance_u,202,0,57,56,"[129, 101, 70, 29, 0, 0, 12, 52, 127, 127, 115, 115, 96, 96, 64, 37, 18, 13, 2, 3, 16, 4, 18, 50, 57, 58, 76, 119, 127, 127, 108, 50, 15, 6, 8, 9, 11, 12, 14, 35, 31, 34, 40, 54, 64, 73, 74, 87, 94, 103, 101, 105, 112, 117, 125, 120, 126]","[101, 70, 29, 0, 0, 12, 52, 127, 127, 115, 115, 96, 96, 64, 37, 18, 13, 2, 3, 16, 4, 18, 50, 57, 58, 76, 119, 127, 127, 108, 50, 15, 6, 8, 9, 11, 12, 14, 35, 31, 34, 40, 54, 64, 73, 74, 87, 94, 103, 101, 105, 112, 117, 125, 120, 126]"
Linear,20,exact_guidance_u,203,0,57,56,"[129, 101, 70, 29, 0, 0, 12, 52, 127, 127, 115, 115, 96, 96, 64, 37, 18, 13, 2, 3, 16, 4, 18, 50, 57, 58, 76, 119, 127, 127, 108, 50, 15, 6, 8, 9, 11, 12, 14, 35, 31, 34, 40, 54, 64, 73, 74, 87, 94, 103, 101, 105, 112, 117, 125, 120, 126]","[101, 70, 29, 0, 0, 12, 52, 127, 127, 115, 115, 96, 96, 64, 37, 18, 13, 2, 3, 16, 4, 18, 50, 57, 58, 76, 119, 127, 127, 108, 50, 15, 6, 8, 9, 11, 12, 14, 35, 31, 34, 40, 54, 64, 73, 74, 87, 94, 103, 101, 105, 112, 117, 125, 120, 126]"
Linear,20,exact_guidance_u,204,0,57,56,"[129, 101, 70, 29, 0, 0, 12, 52, 127, 127, 115, 115, 96, 96, 64, 37, 18, 13, 2, 3, 16, 4, 18, 50, 57, 58, 76, 119, 127, 127, 108, 50, 15, 6, 8, 9, 11, 12, 14, 35, 31, 34, 40, 54, 64, 73, 74, 87, 94, 103, 101, 105, 112, 117, 125, 120, 126]","[101, 70, 29, 0, 0, 12, 52, 127, 127, 115, 115, 96, 96, 64, 37, 18, 13, 2, 3, 16, 4, 18, 50, 57, 58, 76, 119, 127, 127, 108, 50, 15, 6, 8, 9, 11, 12, 14, 35, 31, 34, 40, 54, 64, 73, 74, 87, 94, 103, 101, 105, 112, 117, 125, 120, 126]"
Linear,20,exact_guidance_u,205,0,57,56,"[129, 101, 70, 29, 0, 0, 12, 52, 127, 127, 115, 115, 96, 96, 64, 37, 18, 13, 2, 3, 16, 4, 18, 50, 57, 58, 76, 119, 127, 127, 108, 50, 15, 6, 8, 9, 11, 12, 14, 35, 31, 34, 40, 54, 64, 73, 74, 87, 94, 103, 101, 105, 112, 117, 125, 120, 126]","[101, 70, 29, 0, 0, 12, 52, 127, 127, 115, 115, 96, 96, 64, 37, 18, 13, 2, 3, 16, 4, 18, 50, 57, 58, 76, 119, 127, 127, 108, 50, 15, 6, 8, 9, 11, 12, 14, 35, 31, 34, 40, 54, 64, 73, 74, 87, 94, 103, 101, 105, 112, 117, 125, 120, 126]"
Linear,20,exact_guidance_u,206,0,57,56,"[129, 101, 70, 29, 0, 0, 12, 52, 127, 127, 115, 115, 96, 96, 64, 37, 18, 13, 2, 3, 16, 4, 18, 50, 57, 58, 76, 119, 127, 127, 108, 50, 15, 6, 8, 9, 11, 12, 14, 35, 31, 34, 40, 54, 64, 73, 74, 87, 94, 103, 101, 105, 112, 117, 125, 120, 126]","[101, 70, 29, 0, 0, 12, 52, 127, 127, 115, 115, 96, 96, 64, 37, 18, 13, 2, 3, 16, 4, 18, 50, 57, 58, 76, 119, 127, 127, 108, 50, 15, 6, 8, 9, 11, 12, 14, 35, 31, 34, 40, 54, 64, 73, 74, 87, 94, 103, 101, 105, 112, 117, 125, 120, 126]"
Linear,20,exact_guidance_u,207,0,57,56,"[129, 101, 70, 29, 0, 0, 12, 52, 127, 127, 115, 115, 96, 96, 64, 37, 18, 13, 2, 3, 16, 4, 18, 50, 57, 58, 76, 119, 127, 127, 108, 50, 15, 6, 8, 9, 11, 12, 14, 35, 31, 34, 40, 54, 64, 73, 74, 87, 94, 103, 101, 105, 112, 117, 125, 120, 126]","[101, 70, 29, 0, 0, 12, 52, 127, 127, 115, 115, 96, 96, 64, 37, 18, 13, 2, 3, 16, 4, 18, 50, 57, 58, 76, 119, 127, 127, 108, 50, 15, 6, 8, 9, 11, 12, 14, 35, 31, 34, 40, 54, 64, 73, 74, 87, 94, 103, 101, 105, 112, 117, 125, 120, 126]"
Linear,20,exact_guidance_u,208,0,57,56,"[129, 101, 70, 29, 0, 0, 12, 52, 127, 127, 115, 115, 96, 96, 64, 37, 18, 13, 2, 3, 16, 4, 18, 50, 57, 58, 76, 119, 127, 127, 108, 50, 15, 6, 8, 9, 11, 12, 14, 35, 31, 34, 40, 54, 64, 73, 74, 87, 94, 103, 101, 105, 112, 117, 125, 120, 126]","[101, 70, 29, 0, 0, 12, 52, 127, 127, 115, 115, 96, 96, 64, 37, 18, 13, 2, 3, 16, 4, 18, 50, 57, 58, 76, 119, 127, 127, 108, 50, 15, 6, 8, 9, 11, 12, 14, 35, 31, 34, 40, 54, 64, 73, 74, 87, 94, 103, 101, 105, 112, 117, 125, 120, 126]"
Linear,20,exact_guidance_u,209,0,57,56,"[129, 101, 70, 29, 0, 0, 12, 52, 127, 127, 115, 115, 96, 96, 64, 37, 18, 13, 2, 3, 16, 4, 18, 50, 57, 58, 76, 119, 127, 127, 108, 50, 15, 6, 8, 9, 11, 12, 14, 35, 31, 34, 40, 54, 64, 73, 74, 87, 94, 103, 101, 105, 112, 117, 125, 120, 126]","[101, 70, 29, 0, 0, 12, 52, 127, 127, 115, 115, 96, 96, 64, 37, 18, 13, 2, 3, 16, 4, 18, 50, 57, 58, 76, 119, 127, 127, 108, 50, 15, 6, 8, 9, 11, 12, 14, 35, 31, 34, 40, 54, 64, 73, 74, 87, 94, 103, 101, 105, 112, 117, 125, 120, 126]"
Linear,20,exact_guidance_u,210,0,57,56,"[129, 101, 70, 29, 0, 0, 12, 52, 127, 127, 115, 115, 96, 96, 64, 37, 18, 13, 2, 3, 16, 4, 18, 50, 57, 58, 76, 119, 127, 127, 108, 50, 15, 6, 8, 9, 11, 12, 14, 35, 31, 34, 40, 54, 64, 73, 74, 87, 94, 103, 101, 105, 112, 117, 125, 120, 126]","[101, 70, 29, 0, 0, 12, 52, 127, 127, 115, 115, 96, 96, 64, 37, 18, 13, 2, 3, 16, 4, 18, 50, 57, 58, 76, 119, 127, 127, 108, 50, 15, 6, 8, 9, 11, 12, 14, 35, 31, 34, 40, 54, 64, 73, 74, 87, 94, 103, 101, 105, 112, 117, 125, 120, 126]"
Linear,20,exact_guidance_u,211,0,57,56,"[129, 101, 70, 29, 0, 0, 12, 52, 127, 127, 115, 115, 96, 96, 64, 37, 18, 13, 2, 3, 16, 4, 18, 50, 57, 58, 76, 119, 127, 127, 108, 50, 15, 6, 8, 9, 11, 12, 14, 35, 31, 34, 40, 54, 64, 73, 74, 87, 94, 103, 101, 105, 112, 117, 125, 120, 126]","[101, 70, 29, 0, 0, 12, 52, 127, 127, 115, 115, 96, 96, 64, 37, 18, 13, 2, 3, 16, 4, 18, 50, 57, 58, 76, 119, 127, 127, 108, 50, 15, 6, 8, 9, 11, 12, 14, 35, 31, 34, 40, 54, 64, 73, 74, 87, 94, 103, 101, 105, 112, 117, 125, 120, 126]"
Linear,20,exact_guidance_u,212,0,57,56,"[129, 101, 70, 29, 0, 0, 12, 52, 127, 127, 115, 115, 96, 96, 64, 37, 18, 13, 2, 3, 16, 4, 18, 50, 57, 58, 76, 119, 127, 127, 108, 50, 15, 6, 8, 9, 11, 12, 14, 35, 31, 34, 40, 54, 64, 73, 74, 87, 94, 103, 101, 105, 112, 117, 125, 120, 126]","[101, 70, 29, 0, 0, 12, 52, 127, 127, 115, 115, 96, 96, 64, 37, 18, 13, 2, 3, 16, 4, 18, 50, 57, 58, 76, 119, 127, 127, 108, 50, 15, 6, 8, 9, 11, 12, 14, 35, 31, 34, 40, 54, 64, 73, 74, 87, 94, 103, 101, 105, 112, 117, 125, 120, 126]"
Linear,20,exact_guidance_u,213,0,57,56,"[129, 101, 70, 29, 0, 0, 12, 52, 127, 127, 115, 115, 96, 96, 64, 37, 18, 13, 2, 3, 16, 4, 18, 50, 57, 58, 76, 119, 127, 127, 108, 50, 15, 6, 8, 9, 11, 12, 14, 35, 31, 34, 40, 54, 64, 73, 74, 87, 94, 103, 101, 105, 112, 117, 125, 120, 126]","[101, 70, 29, 0, 0, 12, 52, 127, 127, 115, 115, 96, 96, 64, 37, 18, 13, 2, 3, 16, 4, 18, 50, 57, 58, 76, 119, 127, 127, 108, 50, 15, 6, 8, 9, 11, 12, 14, 35, 31, 34, 40, 54, 64, 73, 74, 87, 94, 103, 101, 105, 112, 117, 125, 120, 126]"
Linear,20,exact_guidance_u,214,0,58,57,"[129, 101, 70, 29, 0, 0, 12, 52, 127, 127, 115, 115, 96, 96, 64, 37, 18, 13, 2, 3, 16, 4, 18, 50, 57, 58, 79, 76, 119, 127, 127, 108, 50, 15, 6, 8, 9, 11, 12, 14, 35, 31, 34, 40, 54, 64, 73, 74, 87, 94, 103, 101, 105, 112, 117, 125, 120, 126]","[101, 70, 29, 0, 0, 12, 52, 127, 127, 115, 115, 96, 96, 64, 37, 18, 13, 2, 3, 16, 4, 18, 50, 57, 58, 79, 76, 119, 127, 127, 108, 50, 15, 6, 8, 9, 11, 12, 14, 35, 31, 34, 40, 54, 64, 73, 74, 87, 94, 103, 101, 105, 112, 117, 125, 120, 126]"
Linear,20,exact_guidance_u,215,0,59,58,"[129, 101, 70, 29, 0, 0, 11, 12, 52, 127, 127, 115, 115, 96, 96, 64, 37, 18, 13, 2, 3, 16, 4, 18, 50, 57, 58, 79, 76, 119, 127, 127, 108, 50, 15, 6, 8, 9, 11, 12, 14, 35, 31, 34, 40, 54, 64, 73, 74, 87, 94, 103, 101, 105, 112, 117, 125, 120, 126]","[101, 70, 29, 0, 0, 11, 12, 52, 127, 127, 115, 115, 96, 96, 64, 37, 18, 13, 2, 3, 16, 4, 18, 50, 57, 58, 79, 76, 119, 127, 127, 108, 50, 15, 6, 8, 9, 11, 12, 14, 35, 31, 34, 40, 54, 64, 73, 74, 87, 94, 103, 101, 105, 112, 117, 125, 120, 126]"
Linear,20,exact_guidance_u,216,0,60,59,"[129, 101, 70, 29, 6, 0, 0, 11, 12, 52, 127, 127, 115, 115, 96, 96, 64, 37, 18, 13, 2, 3, 16, 4, 18, 50, 57, 58, 79, 76, 119, 127, 127, 108, 50, 15, 6, 8, 9, 11, 12, 14, 35, 31, 34, 40, 54, 64, 73, 74, 87, 94, 103, 101, 105, 112, 117, 125, 120, 126]","[101, 70, 29, 6, 0, 0, 11, 12, 52, 127, 127, 115, 115, 96, 96, 64, 37, 18, 13, 2, 3, 16, 4, 18, 50, 57, 58, 79, 76, 119, 127, 127, 108, 50, 15, 6, 8, 9, 11, 12, 14, 35, 31, 34, 40, 54, 64, 73, 74, 87, 94, 103, 101, 105, 112, 117, 125, 120, 126]"
Linear,20,exact_guidance_u,217,0,60,59,"[129, 101, 70, 29, 6, 0, 0, 11, 12, 52, 127, 127, 115, 115, 96, 96, 64, 37, 18, 13, 2, 3, 16, 4, 18, 50, 57, 58, 79, 76, 119, 127, 127, 108, 50, 15, 6, 8, 9, 11, 12, 14, 35, 31, 34, 40, 54, 64, 73, 74, 87, 94, 103, 101, 105, 112, 117, 125, 120, 126]","[101, 70, 29, 6, 0, 0, 11, 12, 52, 127, 127, 115, 115, 96, 96, 64, 37, 18, 13, 2, 3, 16, 4, 18, 50, 57, 58, 79, 76, 119, 127, 127, 108, 50, 15, 6, 8, 9, 11, 12, 14, 35, 31, 34, 40, 54, 64, 73, 74, 87, 94, 103, 101, 105, 112, 117, 125, 120, 126]"
Linear,20,exact_guidance_u,218,0,60,59,"[129, 101, 70, 29, 6, 0, 0, 11, 12, 52, 127, 127, 115, 115, 96, 96, 64, 37, 18, 13, 2, 3, 16, 4, 18, 50, 57, 58, 79, 76, 119, 127, 127, 108, 50, 15, 6, 8, 9, 11, 12, 14, 35, 31, 34, 40, 54, 64, 73, 74, 87, 94, 103, 101, 105, 112, 117, 125, 120, 126]","[101, 70, 29, 6, 0, 0, 11, 12, 52, 127, 127, 115, 115, 96, 96, 64, 37, 18, 13, 2, 3, 16, 4, 18, 50, 57, 58, 79, 76, 119, 127, 127, 108, 50, 15, 6, 8, 9, 11, 12, 14, 35, 31, 34, 40, 54, 64, 73, 74, 87, 94, 103, 101, 105, 112, 117, 125, 120, 126]"
Linear,20,exact_guidance_u,219,0,61,60,"[129, 101, 70, 29, 6, 0, 0, 11, 12, 52, 51, 127, 127, 115, 115, 96, 96, 64, 37, 18, 13, 2, 3, 16, 4, 18, 50, 57, 58, 79, 76, 119, 127, 127, 108, 50, 15, 6, 8, 9, 11, 12, 14, 35, 31, 34, 40, 54, 64, 73, 74, 87, 94, 103, 101, 105, 112, 117, 125, 120, 126]","[101, 70, 29, 6, 0, 0, 11, 12, 52, 51, 127, 127, 115, 115, 96, 96, 64, 37, 18, 13, 2, 3, 16, 4, 18, 50, 57, 58, 79, 76, 119, 127, 127, 108, 50, 15, 6, 8, 9, 11, 12, 14, 35, 31, 34, 40, 54, 64, 73, 74, 87, 94, 103, 101, 105, 112, 117, 125, 120, 126]"
Linear,20,exact_guidance_u,220,0,62,61,"[129, 101, 70, 29, 6, 0, 0, 11, 12, 52, 51, 127, 127, 115, 115, 96, 96, 64, 37, 18, 13, 2, 3, 16, 4, 18, 50, 57, 58, 79, 76, 119, 127, 127, 127, 108, 50, 15, 6, 8, 9, 11, 12, 14, 35, 31, 34, 40, 54, 64, 73, 74, 87, 94, 103, 101, 105, 112, 117, 125, 120, 126]","[101, 70, 29, 6, 0, 0, 11, 12, 52, 51, 127, 127, 115, 115, 96, 96, 64, 37, 18, 13, 2, 3, 16, 4, 18, 50, 57, 58, 79, 76, 119, 127, 127, 127, 108, 50, 15, 6, 8, 9, 11, 12, 14, 35, 31, 34, 40, 54, 64, 73, 74, 87, 94, 103, 101, 105, 112, 117, 125, 120, 126]"
Linear,20,exact_guidance_u,221,0,65,64,"[129, 101, 70, 29, 6, 0, 0, 11, 12, 52, 51, 127, 127, 115, 115, 96, 96, 64, 37, 31, 18, 13, 2, 3, 16, 4, 18, 36, 50, 57, 58, 79, 76, 119, 127, 127, 127, 108, 50, 17, 15, 6, 8, 9, 11, 12, 14, 35, 31, 34, 40, 54, 64, 73, 74, 87, 94, 103, 101, 105, 112, 117, 125, 120, 126]","[101, 70, 29, 6, 0, 0, 11, 12, 52, 51, 127, 127, 115, 115, 96, 96, 64, 37, 31, 18, 13, 2, 3, 16, 4, 18, 36, 50, 57, 58, 79, 76, 119, 127, 127, 127, 108, 50, 17, 15, 6, 8, 9, 11, 12, 14, 35, 31, 34, 40, 54, 64, 73, 74, 87, 94, 103, 101, 105, 112, 117, 125, 120, 126]"
Linear,20,exact_guidance_u,222,0,66,65,"[129, 101, 70, 29, 6, 0, 0, 11, 12, 52, 51, 127, 127, 115, 115, 96, 96, 64, 37, 31, 18, 13, 10, 2, 3, 16, 4, 18, 36, 50, 57, 58, 79, 76, 119, 127, 127, 127, 108, 50, 17, 15, 6, 8, 9, 11, 12, 14, 35, 31, 34, 40, 54, 64, 73, 74, 87, 94, 103, 101, 105, 112, 117, 125, 120, 126]","[101, 70, 29, 6, 0, 0, 11, 12, 52, 51, 127, 127, 115, 115, 96, 96, 64, 37, 31, 18, 13, 10, 2, 3, 16, 4, 18, 36, 50, 57, 58, 79, 76, 119, 127, 127, 127, 108, 50, 17, 15, 6, 8, 9, 11, 12, 14, 35, 31, 34, 40, 54, 64, 73, 74, 87, 94, 103, 101, 105, 112, 117, 125, 120, 126]"
Linear,20,exact_guidance_u,223,0,68,67,"[129, 111, 101, 70, 29, 6, 0, 0, 11, 12, 52, 51, 127, 127, 115, 115, 96, 96, 64, 37, 31, 18, 13, 10, 2, 3, 16, 4, 18, 36, 50, 57, 58, 79, 76, 127, 119, 127, 127, 127, 108, 50, 17, 15, 6, 8, 9, 11, 12, 14, 35, 31, 34, 40, 54, 64, 73, 74, 87, 94, 103, 101, 105, 112, 117, 125, 120, 126]","[111, 101, 70, 29, 6, 0, 0, 11, 12, 52, 51, 127, 127, 115, 115, 96, 96, 64, 37, 31, 18, 13, 10, 2, 3, 16, 4, 18, 36, 50, 57, 58, 79, 76, 127, 119, 127, 127, 127, 108, 50, 17, 15, 6, 8, 9, 11, 12, 14, 35, 31, 34, 40, 54, 64, 73, 74, 87, 94, 103, 101, 105, 112, 117, 125, 120, 126]"
Linear,20,exact_guidance_u,224,0,68,67,"[129, 111, 101, 70, 29, 6, 0, 0, 11, 12, 52, 51, 127, 127, 115, 115, 96, 96, 64, 37, 31, 18, 13, 10, 2, 3, 16, 4, 18, 36, 50, 57, 58, 79, 76, 127, 119, 127, 127, 127, 108, 50, 17, 15, 6, 8, 9, 11, 12, 14, 35, 31, 34, 40, 54, 64, 73, 74, 87, 94, 103, 101, 105, 112, 117, 125, 120, 126]","[111, 101, 70, 29, 6, 0, 0, 11, 12, 52, 51, 127, 127, 115, 115, 96, 96, 64, 37, 31, 18, 13, 10, 2, 3, 16, 4, 18, 36, 50, 57, 58, 79, 76, 127, 119, 127, 127, 127, 108, 50, 17, 15, 6, 8, 9, 11, 12, 14, 35, 31, 34, 40, 54, 64, 73, 74, 87, 94, 103, 101, 105, 112, 117, 125, 120, 126]"
Linear,20,exact_guidance_u,225,0,68,67,"[129, 111, 101, 70, 29, 6, 0, 0, 11, 12, 52, 51, 127, 127, 115, 115, 96, 96, 64, 37, 31, 18, 13, 10, 2, 3, 16, 4, 18, 36, 50, 57, 58, 79, 76, 127, 119, 127, 127, 127, 108, 50, 17, 15, 6, 8, 9, 11, 12, 14, 35, 31, 34, 40, 54, 64, 73, 74, 87, 94, 103, 101, 105, 112, 117, 125, 120, 126]","[111, 101, 70, 29, 6, 0, 0, 11, 12, 52, 51, 127, 127, 115, 115, 96, 96, 64, 37, 31, 18, 13, 10, 2, 3, 16, 4, 18, 36, 50, 57, 58, 79, 76, 127, 119, 127, 127, 127, 108, 50, 17, 15, 6, 8, 9, 11, 12, 14, 35, 31, 34, 40, 54, 64, 73, 74, 87, 94, 103, 101, 105, 112, 117, 125, 120, 126]"
Linear,20,exact_guidance_u,226,0,68,67,"[129, 111, 101, 70, 29, 6, 0, 0, 11, 12, 52, 51, 127, 127, 115, 115, 96, 96, 64, 37, 31, 18, 13, 10, 2, 3, 16, 4, 18, 36, 50, 57, 58, 79, 76, 127, 119, 127, 127, 127, 108, 50, 17, 15, 6, 8, 9, 11, 12, 14, 35, 31, 34, 40, 54, 64, 73, 74, 87, 94, 103, 101, 105, 112, 117, 125, 120, 126]","[111, 101, 70, 29, 6, 0, 0, 11, 12, 52, 51, 127, 127, 115, 115, 96, 96, 64, 37, 31, 18, 13, 10, 2, 3, 16, 4, 18, 36, 50, 57, 58, 79, 76, 127, 119, 127, 127, 127, 108, 50, 17, 15, 6, 8, 9, 11, 12, 14, 35, 31, 34, 40, 54, 64, 73, 74, 87, 94, 103, 101, 105, 112, 117, 125, 120, 126]"
Linear,20,exact_guidance_u,227,0,69,68,"[129, 111, 101, 70, 29, 6, 0, 0, 11, 12, 52, 51, 127, 127, 115, 115, 96, 96, 64, 37, 31, 18, 13, 10, 2, 3, 16, 4, 18, 36, 50, 57, 58, 79, 76, 127, 119, 127, 127, 127, 108, 64, 50, 17, 15, 6, 8, 9, 11, 12, 14, 35, 31, 34, 40, 54, 64, 73, 74, 87, 94, 103, 101, 105, 112, 117, 125, 120, 126]","[111, 101, 70, 29, 6, 0, 0, 11, 12, 52, 51, 127, 127, 115, 115, 96, 96, 64, 37, 31, 18, 13, 10, 2, 3, 16, 4, 18, 36, 50, 57, 58, 79, 76, 127, 119, 127, 127, 127, 108, 64, 50, 17, 15, 6, 8, 9, 11, 12, 14, 35, 31, 34, 40, 54, 64, 73, 74, 87, 94, 103, 101, 105, 112, 117, 125, 120, 126]"
Linear,20,exact_guidance_u,228,0,70,69,"[129, 111, 101, 70, 29, 6, 0, 0, 11, 12, 52, 51, 65, 127, 127, 115, 115, 96, 96, 64, 37, 31, 18, 13, 10, 2, 3, 16, 4, 18, 36, 50, 57, 58, 79, 76, 127, 119, 127, 127, 127, 108, 64, 50, 17, 15, 6, 8, 9, 11, 12, 14, 35, 31, 34, 40, 54, 64, 73, 74, 87, 94, 103, 101, 105, 112, 117, 125, 120, 126]","[111, 101, 70, 29, 6, 0, 0, 11, 12, 52, 51, 65, 127, 127, 115, 115, 96, 96, 64, 37, 31, 18, 13, 10, 2, 3, 16, 4, 18, 36, 50, 57, 58, 79, 76, 127, 119, 127, 127, 127, 108, 64, 50, 17, 15, 6, 8, 9, 11, 12, 14, 35, 31, 34, 40, 54, 64, 73, 74, 87, 94, 103, 101, 105, 112, 117, 125, 120, 126]"
Linear,20,exact_guidance_u,229,0,70,69,"[129, 111, 101, 70, 29, 6, 0, 0, 11, 12, 52, 51, 65, 127, 127, 115, 115, 96, 96, 64, 37, 31, 18, 13, 10, 2, 3, 16, 4, 18, 36, 50, 57, 58, 79, 76, 127, 119, 127, 127, 127, 108, 64, 50, 17, 15, 6, 8, 9, 11, 12, 14, 35, 31, 34, 40, 54, 64, 73, 74, 87, 94, 103, 101, 105, 112, 117, 125, 120, 126]","[111, 101, 70, 29, 6, 0, 0, 11, 12, 52, 51, 65, 127, 127, 115, 115, 96, 96, 64, 37, 31, 18, 13, 10, 2, 3, 16, 4, 18, 36, 50, 57, 58, 79, 76, 127, 119, 127, 127, 127, 108, 64, 50, 17, 15, 6, 8, 9, 11, 12, 14, 35, 31, 34, 40, 54, 64, 73, 74, 87, 94, 103, 101, 105, 112, 117, 125, 120, 126]"
Linear,20,exact_guidance_u,230,0,70,69,"[129, 111, 101, 70, 29, 6, 0, 0, 11, 12, 52, 51, 65, 127, 127, 115, 115, 96, 96, 64, 37, 31, 18, 13, 10, 2, 3, 16, 4, 18, 36, 50, 57, 58, 79, 76, 127, 119, 127, 127, 127, 108, 64, 50, 17, 15, 6, 8, 9, 11, 12, 14, 35, 31, 34, 40, 54, 64, 73, 74, 87, 94, 103, 101, 105, 112, 117, 125, 120, 126]","[111, 101, 70, 29, 6, 0, 0, 11, 12, 52, 51, 65, 127, 127, 115, 115, 96, 96, 64, 37, 31, 18, 13, 10, 2, 3, 16, 4, 18, 36, 50, 57, 58, 79, 76, 127, 119, 127, 127, 127, 108, 64, 50, 17, 15, 6, 8, 9, 11, 12, 14, 35, 31, 34, 40, 54, 64, 73, 74, 87, 94, 103, 101, 105, 112, 117, 125, 120, 126]"
Linear,20,exact_guidance_u,231,0,70,69,"[129, 111, 101, 70, 29, 6, 0, 0, 11, 12, 52, 51, 65, 127, 127, 115, 115, 96, 96, 64, 37, 31, 18, 13, 10, 2, 3, 16, 4, 18, 36, 50, 57, 58, 79, 76, 127, 119, 127, 127, 127, 108, 64, 50, 17, 15, 6, 8, 9, 11, 12, 14, 35, 31, 34, 40, 54, 64, 73, 74, 87, 94, 103, 101, 105, 112, 117, 125, 120, 126]","[111, 101, 70, 29, 6, 0, 0, 11, 12, 52, 51, 65, 127, 127, 115, 115, 96, 96, 64, 37, 31, 18, 13, 10, 2, 3, 16, 4, 18, 36, 50, 57, 58, 79, 76, 127, 119, 127, 127, 127, 108, 64, 50, 17, 15, 6, 8, 9, 11, 12, 14, 35, 31, 34, 40, 54, 64, 73, 74, 87, 94, 103, 101, 105, 112, 117, 125, 120, 126]"
Linear,20,exact_guidance_u,232,0,72,71,"[129, 111, 101, 70, 29, 6, 0, 0, 11, 12, 13, 52, 51, 65, 84, 127, 127, 115, 115, 96, 96, 64, 37, 31, 18, 13, 10, 2, 3, 16, 4, 18, 36, 50, 57, 58, 79, 76, 127, 119, 127, 127, 127, 108, 64, 50, 17, 15, 6, 8, 9, 11, 12, 14, 35, 31, 34, 40, 54, 64, 73, 74, 87, 94, 103, 101, 105, 112, 117, 125, 120, 126]","[111, 101, 70, 29, 6, 0, 0, 11, 12, 13, 52, 51, 65, 84, 127, 127, 115, 115, 96, 96, 64, 37, 31, 18, 13, 10, 2, 3, 16, 4, 18, 36, 50, 57, 58, 79, 76, 127, 119, 127, 127, 127, 108, 64, 50, 17, 15, 6, 8, 9, 11, 12, 14, 35, 31, 34, 40, 54, 64, 73, 74, 87, 94, 103, 101, 105, 112, 117, 125, 120, 126]"
Linear,20,exact_guidance_u,233,0,73,72,"[129, 111, 101, 70, 29, 6, 0, 0, 11, 12, 13, 52, 51, 65, 84, 107, 127, 127, 115, 115, 96, 96, 64, 37, 31, 18, 13, 10, 2, 3, 16, 4, 18, 36, 50, 57, 58, 79, 76, 127, 119, 127, 127, 127, 108, 64, 50, 17, 15, 6, 8, 9, 11, 12, 14, 35, 31, 34, 40, 54, 64, 73, 74, 87, 94, 103, 101, 105, 112, 117, 125, 120, 126]","[111, 101, 70, 29, 6, 0, 0, 11, 12, 13, 52, 51, 65, 84, 107, 127, 127, 115, 115, 96, 96, 64, 37, 31, 18, 13, 10, 2, 3, 16, 4, 18, 36, 50, 57, 58, 79, 76, 127, 119, 127, 127, 127, 108, 64, 50, 17, 15, 6, 8, 9, 11, 12, 14, 35, 31, 34, 40, 54, 64, 73, 74, 87, 94, 103, 101, 105, 112, 117, 125, 120, 126]"
Linear,20,exact_guidance_u,234,0,73,72,"[129, 111, 101, 70, 29, 6, 0, 0, 11, 12, 13, 52, 51, 65, 84, 107, 127, 127, 115, 115, 96, 96, 64, 37, 31, 18, 13, 10, 2, 3, 16, 4, 18, 36, 50, 57, 58, 79, 76, 127, 119, 127, 127, 127, 108, 64, 50, 17, 15, 6, 8, 9, 11, 12, 14, 35, 31, 34, 40, 54, 64, 73, 74, 87, 94, 103, 101, 105, 112, 117, 125, 120, 126]","[111, 101, 70, 29, 6, 0, 0, 11, 12, 13, 52, 51, 65, 84, 107, 127, 127, 115, 115, 96, 96, 64, 37, 31, 18, 13, 10, 2, 3, 16, 4, 18, 36, 50, 57, 58, 79, 76, 127, 119, 127, 127, 127, 108, 64, 50, 17, 15, 6, 8, 9, 11, 12, 14, 35, 31, 34, 40, 54, 64, 73, 74, 87, 94, 103, 101, 105, 112, 117, 125, 120, 126]"
Linear,20,exact_guidance_u,235,0,73,72,"[129, 111, 101, 70, 29, 6, 0, 0, 11, 12, 13, 52, 51, 65, 84, 107, 127, 127, 115, 115, 96, 96, 64, 37, 31, 18, 13, 10, 2, 3, 16, 4, 18, 36, 50, 57, 58, 79, 76, 127, 119, 127, 127, 127, 108, 64, 50, 17, 15, 6, 8, 9, 11, 12, 14, 35, 31, 34, 40, 54, 64, 73, 74, 87, 94, 103, 101, 105, 112, 117, 125, 120, 126]","[111, 101, 70, 29, 6, 0, 0, 11, 12, 13, 52, 51, 65, 84, 107, 127, 127, 115, 115, 96, 96, 64, 37, 31, 18, 13, 10, 2, 3, 16, 4, 18, 36, 50, 57, 58, 79, 76, 127, 119, 127, 127, 127, 108, 64, 50, 17, 15, 6, 8, 9, 11, 12, 14, 35, 31, 34, 40, 54, 64, 73, 74, 87, 94, 103, 101, 105, 112, 117, 125, 120, 126]"
Linear,20,exact_guidance_u,236,0,73,72,"[129, 111, 101, 70, 29, 6, 0, 0, 11, 12, 13, 52, 51, 65, 84, 107, 127, 127, 115, 115, 96, 96, 64, 37, 31, 18, 13, 10, 2, 3, 16, 4, 18, 36, 50, 57, 58, 79, 76, 127, 119, 127, 127, 127, 108, 64, 50, 17, 15, 6, 8, 9, 11, 12, 14, 35, 31, 34, 40, 54, 64, 73, 74, 87, 94, 103, 101, 105, 112, 117, 125, 120, 126]","[111, 101, 70, 29, 6, 0, 0, 11, 12, 13, 52, 51, 65, 84, 107, 127, 127, 115, 115, 96, 96, 64, 37, 31, 18, 13, 10, 2, 3, 16, 4, 18, 36, 50, 57, 58, 79, 76, 127, 119, 127, 127, 127, 108, 64, 50, 17, 15, 6, 8, 9, 11, 12, 14, 35, 31, 34, 40, 54, 64, 73, 74, 87, 94, 103, 101, 105, 112, 117, 125, 120, 126]"
Linear,20,exact_guidance_u,237,0,74,73,"[129, 111, 101, 70, 29, 6, 0, 0, 11, 12, 13, 52, 51, 65, 84, 107, 127, 127, 115, 115, 96, 96, 64, 37, 31, 18, 13, 10, 2, 3, 16, 4, 18, 36, 50, 57, 58, 79, 76, 127, 119, 127, 127, 127, 108, 82, 64, 50, 17, 15, 6, 8, 9, 11, 12, 14, 35, 31, 34, 40, 54, 64, 73, 74, 87, 94, 103, 101, 105, 112, 117, 125, 120, 126]","[111, 101, 70, 29, 6, 0, 0, 11, 12, 13, 52, 51, 65, 84, 107, 127, 127, 115, 115, 96, 96, 64, 37, 31, 18, 13, 10, 2, 3, 16, 4, 18, 36, 50, 57, 58, 79, 76, 127, 119, 127, 127, 127, 108, 82, 64, 50, 17, 15, 6, 8, 9, 11, 12, 14, 35, 31, 34, 40, 54, 64, 73, 74, 87, 94, 103, 101, 105, 112, 117, 125, 120, 126]"
Linear,20,exact_guidance_u,238,0,74,73,"[129, 111, 101, 70, 29, 6, 0, 0, 11, 12, 13, 52, 51, 65, 84, 107, 127, 127, 115, 115, 96, 96, 64, 37, 31, 18, 13, 10, 2, 3, 16, 4, 18, 36, 50, 57, 58, 79, 76, 127, 119, 127, 127, 127, 108, 82, 64, 50, 17, 15, 6, 8, 9, 11, 12, 14, 35, 31, 34, 40, 54, 64, 73, 74, 87, 94, 103, 101, 105, 112, 117, 125, 120, 126]","[111, 101, 70, 29, 6, 0, 0, 11, 12, 13, 52, 51, 65, 84, 107, 127, 127, 115, 115, 96, 96, 64, 37, 31, 18, 13, 10, 2, 3, 16, 4, 18, 36, 50, 57, 58, 79, 76, 127, 119, 127, 127, 127, 108, 82, 64, 50, 17, 15, 6, 8, 9, 11, 12, 14, 35, 31, 34, 40, 54, 64, 73, 74, 87, 94, 103, 101, 105, 112, 117, 125, 120, 126]"
Linear,20,exact_guidance_u,239,0,74,73,"[129, 111, 101, 70, 29, 6, 0, 0, 11, 12, 13, 52, 51, 65, 84, 107, 127, 127, 115, 115, 96, 96, 64, 37, 31, 18, 13, 10, 2, 3, 16, 4, 18, 36, 50, 57, 58, 79, 76, 127, 119, 127, 127, 127, 108, 82, 64, 50, 17, 15, 6, 8, 9, 11, 12, 14, 35, 31, 34, 40, 54, 64, 73, 74, 87, 94, 103, 101, 105, 112, 117, 125, 120, 126]","[111, 101, 70, 29, 6, 0, 0, 11, 12, 13, 52, 51, 65, 84, 107, 127, 127, 115, 115, 96, 96, 64, 37, 31, 18, 13, 10, 2, 3, 16, 4, 18, 36, 50, 57, 58, 79, 76, 127, 119, 127, 127, 127, 108, 82, 64, 50, 17, 15, 6, 8, 9, 11, 12, 14, 35, 31, 34, 40, 54, 64, 73, 74, 87, 94, 103, 101, 105, 112, 117, 125, 120, 126]"
Linear,20,exact_guidance_u,240,0,74,73,"[129, 111, 101, 70, 29, 6, 0, 0, 11, 12, 13, 52, 51, 65, 84, 107, 127, 127, 115, 115, 96, 96, 64, 37, 31, 18, 13, 10, 2, 3, 16, 4, 18, 36, 50, 57, 58, 79, 76, 127, 119, 127, 127, 127, 108, 82, 64, 50, 17, 15, 6, 8, 9, 11, 12, 14, 35, 31, 34, 40, 54, 64, 73, 74, 87, 94, 103, 101, 105, 112, 117, 125, 120, 126]","[111, 101, 70, 29, 6, 0, 0, 11, 12, 13, 52, 51, 65, 84, 107, 127, 127, 115, 115, 96, 96, 64, 37, 31, 18, 13, 10, 2, 3, 16, 4, 18, 36, 50, 57, 58, 79, 76, 127, 119, 127, 127, 127, 108, 82, 64, 50, 17, 15, 6, 8, 9, 11, 12, 14, 35, 31, 34, 40, 54, 64, 73, 74, 87, 94, 103, 101, 105, 112, 117, 125, 120, 126]"
Linear,20,exact_guidance_u,241,0,74,73,"[129, 111, 101, 70, 29, 6, 0, 0, 11, 12, 13, 52, 51, 65, 84, 107, 127, 127, 115, 115, 96, 96, 64, 37, 31, 18, 13, 10, 2, 3, 16, 4, 18, 36, 50, 57, 58, 79, 76, 127, 119, 127, 127, 127, 108, 82, 64, 50, 17, 15, 6, 8, 9, 11, 12, 14, 35, 31, 34, 40, 54, 64, 73, 74, 87, 94, 103, 101, 105, 112, 117, 125, 120, 126]","[111, 101, 70, 29, 6, 0, 0, 11, 12, 13, 52, 51, 65, 84, 107, 127, 127, 115, 115, 96, 96, 64, 37, 31, 18, 13, 10, 2, 3, 16, 4, 18, 36, 50, 57, 58, 79, 76, 127, 119, 127, 127, 127, 108, 82, 64, 50, 17, 15, 6, 8, 9, 11, 12, 14, 35, 31, 34, 40, 54, 64, 73, 74, 87, 94, 103, 101, 105, 112, 117, 125, 120, 126]"
Linear,20,exact_guidance_u,242,0,75,74,"[129, 111, 101, 70, 29, 6, 0, 0, 11, 12, 13, 52, 51, 65, 84, 107, 127, 127, 115, 115, 96, 96, 82, 64, 37, 31, 18, 13, 10, 2, 3, 16, 4, 18, 36, 50, 57, 58, 79, 76, 127, 119, 127, 127, 127, 108, 82, 64, 50, 17, 15, 6, 8, 9, 11, 12, 14, 35, 31, 34, 40, 54, 64, 73, 74, 87, 94, 103, 101, 105, 112, 117, 125, 120, 126]","[111, 101, 70, 29, 6, 0, 0, 11, 12, 13, 52, 51, 65, 84, 107, 127, 127, 115, 115, 96, 96, 82, 64, 37, 31, 18, 13, 10, 2, 3, 16, 4, 18, 36, 50, 57, 58, 79, 76, 127, 119, 127, 127, 127, 108, 82, 64, 50, 17, 15, 6, 8, 9, 11, 12, 14, 35, 31, 34, 40, 54, 64, 73, 74, 87, 94, 103, 101, 105, 112, 117, 125, 120, 126]"
Linear,20,exact_guidance_u,243,0,75,74,"[129, 111, 101, 70, 29, 6, 0, 0, 11, 12, 13, 52, 51, 65, 84, 107, 127, 127, 115, 115, 96, 96, 82, 64, 37, 31, 18, 13, 10, 2, 3, 16, 4, 18, 36, 50, 57, 58, 79, 76, 127, 119, 127, 127, 127, 108, 82, 64, 50, 17, 15, 6, 8, 9, 11, 12, 14, 35, 31, 34, 40, 54, 64, 73, 74, 87, 94, 103, 101, 105, 112, 117, 125, 120, 126]","[111, 101, 70, 29, 6, 0, 0, 11, 12, 13, 52, 51, 65, 84, 107, 127, 127, 115, 115, 96, 96, 82, 64, 37, 31, 18, 13, 10, 2, 3, 16, 4, 18, 36, 50, 57, 58, 79, 76, 127, 119, 127, 127, 127, 108, 82, 64, 50, 17, 15, 6, 8, 9, 11, 12, 14, 35, 31, 34, 40, 54, 64, 73, 74, 87, 94, 103, 101, 105, 112, 117, 125, 120, 126]"
Linear,20,exact_guidance_u,244,0,76,75,"[129, 111, 101, 70, 29, 6, 0, 0, 11, 12, 13, 52, 51, 65, 84, 107, 127, 127, 115, 115, 96, 96, 82, 64, 37, 31, 18, 13, 10, 2, 3, 16, 4, 18, 36, 50, 57, 58, 79, 76, 127, 119, 127, 127, 127, 108, 116, 82, 64, 50, 17, 15, 6, 8, 9, 11, 12, 14, 35, 31, 34, 40, 54, 64, 73, 74, 87, 94, 103, 101, 105, 112, 117, 125, 120, 126]","[111, 101, 70, 29, 6, 0, 0, 11, 12, 13, 52, 51, 65, 84, 107, 127, 127, 115, 115, 96, 96, 82, 64, 37, 31, 18, 13, 10, 2, 3, 16, 4, 18, 36, 50, 57, 58, 79, 76, 127, 119, 127, 127, 127, 108, 116, 82, 64, 50, 17, 15, 6, 8, 9, 11, 12, 14, 35, 31, 34, 40, 54, 64, 73, 74, 87, 94, 103, 101, 105, 112, 117, 125, 120, 126]"
Linear,20,exact_guidance_u,245,0,76,75,"[129, 111, 101, 70, 29, 6, 0, 0, 11, 12, 13, 52, 51, 65, 84, 107, 127, 127, 115, 115, 96, 96, 82, 64, 37, 31, 18, 13, 10, 2, 3, 16, 4, 18, 36, 50, 57, 58, 79, 76, 127, 119, 127, 127, 127, 108, 116, 82, 64, 50, 17, 15, 6, 8, 9, 11, 12, 14, 35, 31, 34, 40, 54, 64, 73, 74, 87, 94, 103, 101, 105, 112, 117, 125, 120, 126]","[111, 101, 70, 29, 6, 0, 0, 11, 12, 13, 52, 51, 65, 84, 107, 127, 127, 115, 115, 96, 96, 82, 64, 37, 31, 18, 13, 10, 2, 3, 16, 4, 18, 36, 50, 57, 58, 79, 76, 127, 119, 127, 127, 127, 108, 116, 82, 64, 50, 17, 15, 6, 8, 9, 11, 12, 14, 35, 31, 34, 40, 54, 64, 73, 74, 87, 94, 103, 101, 105, 112, 117, 125, 120, 126]"
Linear,20,exact_guidance_u,246,0,78,77,"[129, 111, 101, 70, 29, 6, 0, 0, 11, 12, 13, 52, 51, 65, 84, 107, 127, 127, 127, 115, 115, 96, 96, 82, 64, 37, 31, 18, 13, 10, 2, 3, 1, 16, 4, 18, 36, 50, 57, 58, 79, 76, 127, 119, 127, 127, 127, 108, 116, 82, 64, 50, 17, 15, 6, 8, 9, 11, 12, 14, 35, 31, 34, 40, 54, 64, 73, 74, 87, 94, 103, 101, 105, 112, 117, 125, 120, 126]","[111, 101, 70, 29, 6, 0, 0, 11, 12, 13, 52, 51, 65, 84, 107, 127, 127, 127, 115, 115, 96, 96, 82, 64, 37, 31, 18, 13, 10, 2, 3, 1, 16, 4, 18, 36, 50, 57, 58, 79, 76, 127, 119, 127, 127, 127, 108, 116, 82, 64, 50, 17, 15, 6, 8, 9, 11, 12, 14, 35, 31, 34, 40, 54, 64, 73, 74, 87, 94, 103, 101, 105, 112, 117, 125, 120, 126]"
Linear,20,exact_guidance_u,247,0,78,77,"[129, 111, 101, 70, 29, 6, 0, 0, 11, 12, 13, 52, 51, 65, 84, 107, 127, 127, 127, 115, 115, 96, 96, 82, 64, 37, 31, 18, 13, 10, 2, 3, 1, 16, 4, 18, 36, 50, 57, 58, 79, 76, 127, 119, 127, 127, 127, 108, 116, 82, 64, 50, 17, 15, 6, 8, 9, 11, 12, 14, 35, 31, 34, 40, 54, 64, 73, 74, 87, 94, 103, 101, 105, 112, 117, 125, 120, 126]","[111, 101, 70, 29, 6, 0, 0, 11, 12, 13, 52, 51, 65, 84, 107, 127, 127, 127, 115, 115, 96, 96, 82, 64, 37, 31, 18, 13, 10, 2, 3, 1, 16, 4, 18, 36, 50, 57, 58, 79, 76, 127, 119, 127, 127, 127, 108, 116, 82, 64, 50, 17, 15, 6, 8, 9, 11, 12, 14, 35, 31, 34, 40, 54, 64, 73, 74, 87, 94, 103, 101, 105, 112, 117, 125, 120, 126]"
Linear,20,exact_guidance_u,248,0,78,77,"[129, 111, 101, 70, 29, 6, 0, 0, 11, 12, 13, 52, 51, 65, 84, 107, 127, 127, 127, 115, 115, 96, 96, 82, 64, 37, 31, 18, 13, 10, 2, 3, 1, 16, 4, 18, 36, 50, 57, 58, 79, 76, 127, 119, 127, 127, 127, 108, 116, 82, 64, 50, 17, 15, 6, 8, 9, 11, 12, 14, 35, 31, 34, 40, 54, 64, 73, 74, 87, 94, 103, 101, 105, 112, 117, 125, 120, 126]","[111, 101, 70, 29, 6, 0, 0, 11, 12, 13, 52, 51, 65, 84, 107, 127, 127, 127, 115, 115, 96, 96, 82, 64, 37, 31, 18, 13, 10, 2, 3, 1, 16, 4, 18, 36, 50, 57, 58, 79, 76, 127, 119, 127, 127, 127, 108, 116, 82, 64, 50, 17, 15, 6, 8, 9, 11, 12, 14, 35, 31, 34, 40, 54, 64, 73, 74, 87, 94, 103, 101, 105, 112, 117, 125, 120, 126]"
Linear,20,exact_guidance_u,249,0,80,79,"[129, 111, 101, 70, 29, 19, 6, 6, 0, 0, 11, 12, 13, 52, 51, 65, 84, 107, 127, 127, 127, 115, 115, 96, 96, 82, 64, 37, 31, 18, 13, 10, 2, 3, 1, 16, 4, 18, 36, 50, 57, 58, 79, 76, 127, 119, 127, 127, 127, 108, 116, 82, 64, 50, 17, 15, 6, 8, 9, 11, 12, 14, 35, 31, 34, 40, 54, 64, 73, 74, 87, 94, 103, 101, 105, 112, 117, 125, 120, 126]","[111, 101, 70, 29, 19, 6, 6, 0, 0, 11, 12, 13, 52, 51, 65, 84, 107, 127, 127, 127, 115, 115, 96, 96, 82, 64, 37, 31, 18, 13, 10, 2, 3, 1, 16, 4, 18, 36, 50, 57, 58, 79, 76, 127, 119, 127, 127, 127, 108, 116, 82, 64, 50, 17, 15, 6, 8, 9, 11, 12, 14, 35, 31, 34, 40, 54, 64, 73, 74, 87, 94, 103, 101, 105, 112, 117, 125, 120, 126]"
Linear,20,exact_guidance_u,250,0,80,79,"[129, 111, 101, 70, 29, 19, 6, 6, 0, 0, 11, 12, 13, 52, 51, 65, 84, 107, 127, 127, 127, 115, 115, 96, 96, 82, 64, 37, 31, 18, 13, 10, 2, 3, 1, 16, 4, 18, 36, 50, 57, 58, 79, 76, 127, 119, 127, 127, 127, 108, 116, 82, 64, 50, 17, 15, 6, 8, 9, 11, 12, 14, 35, 31, 34, 40, 54, 64, 73, 74, 87, 94, 103, 101, 105, 112, 117, 125, 120, 126]","[111, 101, 70, 29, 19, 6, 6, 0, 0, 11, 12, 13, 52, 51, 65, 84, 107, 127, 127, 127, 115, 115, 96, 96, 82, 64, 37, 31, 18, 13, 10, 2, 3, 1, 16, 4, 18, 36, 50, 57, 58, 79, 76, 127, 119, 127, 127, 127, 108, 116, 82, 64, 50, 17, 15, 6, 8, 9, 11, 12, 14, 35, 31, 34, 40, 54, 64, 73, 74, 87, 94, 103, 101, 105, 112, 117, 125, 120, 126]"
Linear,20,exact_guidance_u,251,0,81,80,"[129, 111, 101, 70, 63, 29, 19, 6, 6, 0, 0, 11, 12, 13, 52, 51, 65, 84, 107, 127, 127, 127, 115, 115, 96, 96, 82, 64, 37, 31, 18, 13, 10, 2, 3, 1, 16, 4, 18, 36, 50, 57, 58, 79, 76, 127, 119, 127, 127, 127, 108, 116, 82, 64, 50, 17, 15, 6, 8, 9, 11, 12, 14, 35, 31, 34, 40, 54, 64, 73, 74, 87, 94, 103, 101, 105, 112, 117, 125, 120, 126]","[111, 101, 70, 63, 29, 19, 6, 6, 0, 0, 11, 12, 13, 52, 51, 65, 84, 107, 127, 127, 127, 115, 115, 96, 96, 82, 64, 37, 31, 18, 13, 10, 2, 3, 1, 16, 4, 18, 36, 50, 57, 58, 79, 76, 127, 119, 127, 127, 127, 108, 116, 82, 64, 50, 17, 15, 6, 8, 9, 11, 12, 14, 35, 31, 34, 40, 54, 64, 73, 74, 87, 94, 103, 101, 105, 112, 117, 125, 120, 126]"
Linear,20,exact_guidance_u,252,0,82,81,"[129, 111, 101, 70, 63, 29, 19, 6, 6, 0, 0, 11, 12, 13, 52, 51, 65, 84, 107, 127, 127, 127, 115, 127, 115, 96, 96, 82, 64, 37, 31, 18, 13, 10, 2, 3, 1, 16, 4, 18, 36, 50, 57, 58, 79, 76, 127, 119, 127, 127, 127, 108, 116, 82, 64, 50, 17, 15, 6, 8, 9, 11, 12, 14, 35, 31, 34, 40, 54, 64, 73, 74, 87, 94, 103, 101, 105, 112, 117, 125, 120, 126]","[111, 101, 70, 63, 29, 19, 6, 6, 0, 0, 11, 12, 13, 52, 51, 65, 84, 107, 127, 127, 127, 115, 127, 115, 96, 96, 82, 64, 37, 31, 18, 13, 10, 2, 3, 1, 16, 4, 18, 36, 50, 57, 58, 79, 76, 127, 119, 127, 127, 127, 108, 116, 82, 64, 50, 17, 15, 6, 8, 9, 11, 12, 14, 35, 31, 34, 40, 54, 64, 73, 74, 87, 94, 103, 101, 105, 112, 117, 125, 120, 126]"
Linear,20,exact_guidance_u,253,0,82,81,"[129, 111, 101, 70, 63, 29, 19, 6, 6, 0, 0, 11, 12, 13, 52, 51, 65, 84, 107, 127, 127, 127, 115, 127, 115, 96, 96, 82, 64, 37, 31, 18, 13, 10, 2, 3, 1, 16, 4, 18, 36, 50, 57, 58, 79, 76, 127, 119, 127, 127, 127, 108, 116, 82, 64, 50, 17, 15, 6, 8, 9, 11, 12, 14, 35, 31, 34, 40, 54, 64, 73, 74, 87, 94, 103, 101, 105, 112, 117, 125, 120, 126]","[111, 101, 70, 63, 29, 19, 6, 6, 0, 0, 11, 12, 13, 52, 51, 65, 84, 107, 127, 127, 127, 115, 127, 115, 96, 96, 82, 64, 37, 31, 18, 13, 10, 2, 3, 1, 16, 4, 18, 36, 50, 57, 58, 79, 76, 127, 119, 127, 127, 127, 108, 116, 82, 64, 50, 17, 15, 6, 8, 9, 11, 12, 14, 35, 31, 34, 40, 54, 64, 73, 74, 87, 94, 103, 101, 105, 112, 117, 125, 120, 126]"
Linear,20,exact_guidance_u,254,0,82,81,"[129, 111, 101, 70, 63, 29, 19, 6, 6, 0, 0, 11, 12, 13, 52, 51, 65, 84, 107, 127, 127, 127, 115, 127, 115, 96, 96, 82, 64, 37, 31, 18, 13, 10, 2, 3, 1, 16, 4, 18, 36, 50, 57, 58, 79, 76, 127, 119, 127, 127, 127, 108, 116, 82, 64, 50, 17, 15, 6, 8, 9, 11, 12, 14, 35, 31, 34, 40, 54, 64, 73, 74, 87, 94, 103, 101, 105, 112, 117, 125, 120, 126]","[111, 101, 70, 63, 29, 19, 6, 6, 0, 0, 11, 12, 13, 52, 51, 65, 84, 107, 127, 127, 127, 115, 127, 115, 96, 96, 82, 64, 37, 31, 18, 13, 10, 2, 3, 1, 16, 4, 18, 36, 50, 57, 58, 79, 76, 127, 119, 127, 127, 127, 108, 116, 82, 64, 50, 17, 15, 6, 8, 9, 11, 12, 14, 35, 31, 34, 40, 54, 64, 73, 74, 87, 94, 103, 101, 105, 112, 117, 125, 120, 126]"
Linear,20,exact_guidance_u,255,0,82,81,"[129, 111, 101, 70, 63, 29, 19, 6, 6, 0, 0, 11, 12, 13, 52, 51, 65, 84, 107, 127, 127, 127, 115, 127, 115, 96, 96, 82, 64, 37, 31, 18, 13, 10, 2, 3, 1, 16, 4, 18, 36, 50, 57, 58, 79, 76, 127, 119, 127, 127, 127, 108, 116, 82, 64, 50, 17, 15, 6, 8, 9, 11, 12, 14, 35, 31, 34, 40, 54, 64, 73, 74, 87, 94, 103, 101, 105, 112, 117, 125, 120, 126]","[111, 101, 70, 63, 29, 19, 6, 6, 0, 0, 11, 12, 13, 52, 51, 65, 84, 107, 127, 127, 127, 115, 127, 115, 96, 96, 82, 64, 37, 31, 18, 13, 10, 2, 3, 1, 16, 4, 18, 36, 50, 57, 58, 79, 76, 127, 119, 127, 127, 127, 108, 116, 82, 64, 50, 17, 15, 6, 8, 9, 11, 12, 14, 35, 31, 34, 40, 54, 64, 73, 74, 87, 94, 103, 101, 105, 112, 117, 125, 120, 126]"
Linear,20,exact_guidance_u,256,0,82,81,"[129, 111, 101, 70, 63, 29, 19, 6, 6, 0, 0, 11, 12, 13, 52, 51, 65, 84, 107, 127, 127, 127, 115, 127, 115, 96, 96, 82, 64, 37, 31, 18, 13, 10, 2, 3, 1, 16, 4, 18, 36, 50, 57, 58, 79, 76, 127, 119, 127, 127, 127, 108, 116, 82, 64, 50, 17, 15, 6, 8, 9, 11, 12, 14, 35, 31, 34, 40, 54, 64, 73, 74, 87, 94, 103, 101, 105, 112, 117, 125, 120, 126]","[111, 101, 70, 63, 29, 19, 6, 6, 0, 0, 11, 12, 13, 52, 51, 65, 84, 107, 127, 127, 127, 115, 127, 115, 96, 96, 82, 64, 37, 31, 18, 13, 10, 2, 3, 1, 16, 4, 18, 36, 50, 57, 58, 79, 76, 127, 119, 127, 127, 127, 108, 116, 82, 64, 50, 17, 15, 6, 8, 9, 11, 12, 14, 35, 31, 34, 40, 54, 64, 73, 74, 87, 94, 103, 101, 105, 112, 117, 125, 120, 126]"
Linear,20,exact_guidance_u,257,0,82,81,"[129, 111, 101, 70, 63, 29, 19, 6, 6, 0, 0, 11, 12, 13, 52, 51, 65, 84, 107, 127, 127, 127, 115, 127, 115, 96, 96, 82, 64, 37, 31, 18, 13, 10, 2, 3, 1, 16, 4, 18, 36, 50, 57, 58, 79, 76, 127, 119, 127, 127, 127, 108, 116, 82, 64, 50, 17, 15, 6, 8, 9, 11, 12, 14, 35, 31, 34, 40, 54, 64, 73, 74, 87, 94, 103, 101, 105, 112, 117, 125, 120, 126]","[111, 101, 70, 63, 29, 19, 6, 6, 0, 0, 11, 12, 13, 52, 51, 65, 84, 107, 127, 127, 127, 115, 127, 115, 96, 96, 82, 64, 37, 31, 18, 13, 10, 2, 3, 1, 16, 4, 18, 36, 50, 57, 58, 79, 76, 127, 119, 127, 127, 127, 108, 116, 82, 64, 50, 17, 15, 6, 8, 9, 11, 12, 14, 35, 31, 34, 40, 54, 64, 73, 74, 87, 94, 103, 101, 105, 112, 117, 125, 120, 126]"
Linear,20,exact_guidance_u,258,0,82,81,"[129, 111, 101, 70, 63, 29, 19, 6, 6, 0, 0, 11, 12, 13, 52, 51, 65, 84, 107, 127, 127, 127, 115, 127, 115, 96, 96, 82, 64, 37, 31, 18, 13, 10, 2, 3, 1, 16, 4, 18, 36, 50, 57, 58, 79, 76, 127, 119, 127, 127, 127, 108, 116, 82, 64, 50, 17, 15, 6, 8, 9, 11, 12, 14, 35, 31, 34, 40, 54, 64, 73, 74, 87, 94, 103, 101, 105, 112, 117, 125, 120, 126]","[111, 101, 70, 63, 29, 19, 6, 6, 0, 0, 11, 12, 13, 52, 51, 65, 84, 107, 127, 127, 127, 115, 127, 115, 96, 96, 82, 64, 37, 31, 18, 13, 10, 2, 3, 1, 16, 4, 18, 36, 50, 57, 58, 79, 76, 127, 119, 127, 127, 127, 108, 116, 82, 64, 50, 17, 15, 6, 8, 9, 11, 12, 14, 35, 31, 34, 40, 54, 64, 73, 74, 87, 94, 103, 101, 105, 112, 117, 125, 120, 126]"
Linear,20,exact_guidance_u,259,0,82,81,"[129, 111, 101, 70, 63, 29, 19, 6, 6, 0, 0, 11, 12, 13, 52, 51, 65, 84, 107, 127, 127, 127, 115, 127, 115, 96, 96, 82, 64, 37, 31, 18, 13, 10, 2, 3, 1, 16, 4, 18, 36, 50, 57, 58, 79, 76, 127, 119, 127, 127, 127, 108, 116, 82, 64, 50, 17, 15, 6, 8, 9, 11, 12, 14, 35, 31, 34, 40, 54, 64, 73, 74, 87, 94, 103, 101, 105, 112, 117, 125, 120, 126]","[111, 101, 70, 63, 29, 19, 6, 6, 0, 0, 11, 12, 13, 52, 51, 65, 84, 107, 127, 127, 127, 115, 127, 115, 96, 96, 82, 64, 37, 31, 18, 13, 10, 2, 3, 1, 16, 4, 18, 36, 50, 57, 58, 79, 76, 127, 119, 127, 127, 127, 108, 116, 82, 64, 50, 17, 15, 6, 8, 9, 11, 12, 14, 35, 31, 34, 40, 54, 64, 73, 74, 87, 94, 103, 101, 105, 112, 117, 125, 120, 126]"
Linear,20,exact_guidance_u,260,0,83,82,"[129, 111, 101, 70, 63, 29, 19, 6, 6, 0, 0, 10, 11, 12, 13, 52, 51, 65, 84, 107, 127, 127, 127, 115, 127, 115, 96, 96, 82, 64, 37, 31, 18, 13, 10, 2, 3, 1, 16, 4, 18, 36, 50, 57, 58, 79, 76, 127, 119, 127, 127, 127, 108, 116, 82, 64, 50, 17, 15, 6, 8, 9, 11, 12, 14, 35, 31, 34, 40, 54, 64, 73, 74, 87, 94, 103, 101, 105, 112, 117, 125, 120, 126]","[111, 101, 70, 63, 29, 19, 6, 6, 0, 0, 10, 11, 12, 13, 52, 51, 65, 84, 107, 127, 127, 127, 115, 127, 115, 96, 96, 82, 64, 37, 31, 18, 13, 10, 2, 3, 1, 16, 4, 18, 36, 50, 57, 58, 79, 76, 127, 119, 127, 127, 127, 108, 116, 82, 64, 50, 17, 15, 6, 8, 9, 11, 12, 14, 35, 31, 34, 40, 54, 64, 73, 74, 87, 94, 103, 101, 105, 112, 117, 125, 120, 126]"
Linear,20,exact_guidance_u,261,0,83,82,"[129, 111, 101, 70, 63, 29, 19, 6, 6, 0, 0, 10, 11, 12, 13, 52, 51, 65, 84, 107, 127, 127, 127, 115, 127, 115, 96, 96, 82, 64, 37, 31, 18, 13, 10, 2, 3, 1, 16, 4, 18, 36, 50, 57, 58, 79, 76, 127, 119, 127, 127, 127, 108, 116, 82, 64, 50, 17, 15, 6, 8, 9, 11, 12, 14, 35, 31, 34, 40, 54, 64, 73, 74, 87, 94, 103, 101, 105, 112, 117, 125, 120, 126]","[111, 101, 70, 63, 29, 19, 6, 6, 0, 0, 10, 11, 12, 13, 52, 51, 65, 84, 107, 127, 127, 127, 115, 127, 115, 96, 96, 82, 64, 37, 31, 18, 13, 10, 2, 3, 1, 16, 4, 18, 36, 50, 57, 58, 79, 76, 127, 119, 127, 127, 127, 108, 116, 82, 64, 50, 17, 15, 6, 8, 9, 11, 12, 14, 35, 31, 34, 40, 54, 64, 73, 74, 87, 94, 103, 101, 105, 112, 117, 125, 120, 126]"
Linear,20,exact_guidance_u,262,0,83,82,"[129, 111, 101, 70, 63, 29, 19, 6, 6, 0, 0, 10, 11, 12, 13, 52, 51, 65, 84, 107, 127, 127, 127, 115, 127, 115, 96, 96, 82, 64, 37, 31, 18, 13, 10, 2, 3, 1, 16, 4, 18, 36, 50, 57, 58, 79, 76, 127, 119, 127, 127, 127, 108, 116, 82, 64, 50, 17, 15, 6, 8, 9, 11, 12, 14, 35, 31, 34, 40, 54, 64, 73, 74, 87, 94, 103, 101, 105, 112, 117, 125, 120, 126]","[111, 101, 70, 63, 29, 19, 6, 6, 0, 0, 10, 11, 12, 13, 52, 51, 65, 84, 107, 127, 127, 127, 115, 127, 115, 96, 96, 82, 64, 37, 31, 18, 13, 10, 2, 3, 1, 16, 4, 18, 36, 50, 57, 58, 79, 76, 127, 119, 127, 127, 127, 108, 116, 82, 64, 50, 17, 15, 6, 8, 9, 11, 12, 14, 35, 31, 34, 40, 54, 64, 73, 74, 87, 94, 103, 101, 105, 112, 117, 125, 120, 126]"
Linear,20,exact_guidance_u,263,0,83,82,"[129, 111, 101, 70, 63, 29, 19, 6, 6, 0, 0, 10, 11, 12, 13, 52, 51, 65, 84, 107, 127, 127, 127, 115, 127, 115, 96, 96, 82, 64, 37, 31, 18, 13, 10, 2, 3, 1, 16, 4, 18, 36, 50, 57, 58, 79, 76, 127, 119, 127, 127, 127, 108, 116, 82, 64, 50, 17, 15, 6, 8, 9, 11, 12, 14, 35, 31, 34, 40, 54, 64, 73, 74, 87, 94, 103, 101, 105, 112, 117, 125, 120, 126]","[111, 101, 70, 63, 29, 19, 6, 6, 0, 0, 10, 11, 12, 13, 52, 51, 65, 84, 107, 127, 127, 127, 115, 127, 115, 96, 96, 82, 64, 37, 31, 18, 13, 10, 2, 3, 1, 16, 4, 18, 36, 50, 57, 58, 79, 76, 127, 119, 127, 127, 127, 108, 116, 82, 64, 50, 17, 15, 6, 8, 9, 11, 12, 14, 35, 31, 34, 40, 54, 64, 73, 74, 87, 94, 103, 101, 105, 112, 117, 125, 120, 126]"
Linear,20,exact_guidance_u,264,0,83,82,"[129, 111, 101, 70, 63, 29, 19, 6, 6, 0, 0, 10, 11, 12, 13, 52, 51, 65, 84, 107, 127, 127, 127, 115, 127, 115, 96, 96, 82, 64, 37, 31, 18, 13, 10, 2, 3, 1, 16, 4, 18, 36, 50, 57, 58, 79, 76, 127, 119, 127, 127, 127, 108, 116, 82, 64, 50, 17, 15, 6, 8, 9, 11, 12, 14, 35, 31, 34, 40, 54, 64, 73, 74, 87, 94, 103, 101, 105, 112, 117, 125, 120, 126]","[111, 101, 70, 63, 29, 19, 6, 6, 0, 0, 10, 11, 12, 13, 52, 51, 65, 84, 107, 127, 127, 127, 115, 127, 115, 96, 96, 82, 64, 37, 31, 18, 13, 10, 2, 3, 1, 16, 4, 18, 36, 50, 57, 58, 79, 76, 127, 119, 127, 127, 127, 108, 116, 82, 64, 50, 17, 15, 6, 8, 9, 11, 12, 14, 35, 31, 34, 40, 54, 64, 73, 74, 87, 94, 103, 101, 105, 112, 117, 125, 120, 126]"
Linear,20,exact_guidance_u,265,0,83,82,"[129, 111, 101, 70, 63, 29, 19, 6, 6, 0, 0, 10, 11, 12, 13, 52, 51, 65, 84, 107, 127, 127, 127, 115, 127, 115, 96, 96, 82, 64, 37, 31, 18, 13, 10, 2, 3, 1, 16, 4, 18, 36, 50, 57, 58, 79, 76, 127, 119, 127, 127, 127, 108, 116, 82, 64, 50, 17, 15, 6, 8, 9, 11, 12, 14, 35, 31, 34, 40, 54, 64, 73, 74, 87, 94, 103, 101, 105, 112, 117, 125, 120, 126]","[111, 101, 70, 63, 29, 19, 6, 6, 0, 0, 10, 11, 12, 13, 52, 51, 65, 84, 107, 127, 127, 127, 115, 127, 115, 96, 96, 82, 64, 37, 31, 18, 13, 10, 2, 3, 1, 16, 4, 18, 36, 50, 57, 58, 79, 76, 127, 119, 127, 127, 127, 108, 116, 82, 64, 50, 17, 15, 6, 8, 9, 11, 12, 14, 35, 31, 34, 40, 54, 64, 73, 74, 87, 94, 103, 101, 105, 112, 117, 125, 120, 126]"
Linear,20,exact_guidance_u,266,0,83,82,"[129, 111, 101, 70, 63, 29, 19, 6, 6, 0, 0, 10, 11, 12, 13, 52, 51, 65, 84, 107, 127, 127, 127, 115, 127, 115, 96, 96, 82, 64, 37, 31, 18, 13, 10, 2, 3, 1, 16, 4, 18, 36, 50, 57, 58, 79, 76, 127, 119, 127, 127, 127, 108, 116, 82, 64, 50, 17, 15, 6, 8, 9, 11, 12, 14, 35, 31, 34, 40, 54, 64, 73, 74, 87, 94, 103, 101, 105, 112, 117, 125, 120, 126]","[111, 101, 70, 63, 29, 19, 6, 6, 0, 0, 10, 11, 12, 13, 52, 51, 65, 84, 107, 127, 127, 127, 115, 127, 115, 96, 96, 82, 64, 37, 31, 18, 13, 10, 2, 3, 1, 16, 4, 18, 36, 50, 57, 58, 79, 76, 127, 119, 127, 127, 127, 108, 116, 82, 64, 50, 17, 15, 6, 8, 9, 11, 12, 14, 35, 31, 34, 40, 54, 64, 73, 74, 87, 94, 103, 101, 105, 112, 117, 125, 120, 126]"
Linear,20,exact_guidance_u,267,0,83,82,"[129, 111, 101, 70, 63, 29, 19, 6, 6, 0, 0, 10, 11, 12, 13, 52, 51, 65, 84, 107, 127, 127, 127, 115, 127, 115, 96, 96, 82, 64, 37, 31, 18, 13, 10, 2, 3, 1, 16, 4, 18, 36, 50, 57, 58, 79, 76, 127, 119, 127, 127, 127, 108, 116, 82, 64, 50, 17, 15, 6, 8, 9, 11, 12, 14, 35, 31, 34, 40, 54, 64, 73, 74, 87, 94, 103, 101, 105, 112, 117, 125, 120, 126]","[111, 101, 70, 63, 29, 19, 6, 6, 0, 0, 10, 11, 12, 13, 52, 51, 65, 84, 107, 127, 127, 127, 115, 127, 115, 96, 96, 82, 64, 37, 31, 18, 13, 10, 2, 3, 1, 16, 4, 18, 36, 50, 57, 58, 79, 76, 127, 119, 127, 127, 127, 108, 116, 82, 64, 50, 17, 15, 6, 8, 9, 11, 12, 14, 35, 31, 34, 40, 54, 64, 73, 74, 87, 94, 103, 101, 105, 112, 117, 125, 120, 126]"
Linear,20,exact_guidance_u,268,0,84,83,"[129, 111, 101, 70, 63, 29, 19, 6, 6, 0, 0, 10, 11, 12, 13, 52, 51, 54, 65, 84, 107, 127, 127, 127, 115, 127, 115, 96, 96, 82, 64, 37, 31, 18, 13, 10, 2, 3, 1, 16, 4, 18, 36, 50, 57, 58, 79, 76, 127, 119, 127, 127, 127, 108, 116, 82, 64, 50, 17, 15, 6, 8, 9, 11, 12, 14, 35, 31, 34, 40, 54, 64, 73, 74, 87, 94, 103, 101, 105, 112, 117, 125, 120, 126]","[111, 101, 70, 63, 29, 19, 6, 6, 0, 0, 10, 11, 12, 13, 52, 51, 54, 65, 84, 107, 127, 127, 127, 115, 127, 115, 96, 96, 82, 64, 37, 31, 18, 13, 10, 2, 3, 1, 16, 4, 18, 36, 50, 57, 58, 79, 76, 127, 119, 127, 127, 127, 108, 116, 82, 64, 50, 17, 15, 6, 8, 9, 11, 12, 14, 35, 31, 34, 40, 54, 64, 73, 74, 87, 94, 103, 101, 105, 112, 117, 125, 120, 126]"
Linear,20,exact_guidance_u,269,0,85,84,"[129, 111, 101, 70, 63, 29, 19, 6, 6, 0, 0, 10, 11, 12, 13, 52, 51, 54, 65, 84, 107, 127, 127, 127, 115, 127, 115, 96, 96, 82, 64, 37, 31, 18, 13, 10, 2, 3, 1, 16, 4, 18, 36, 50, 57, 58, 79, 76, 127, 119, 127, 127, 127, 108, 116, 82, 69, 64, 50, 17, 15, 6, 8, 9, 11, 12, 14, 35, 31, 34, 40, 54, 64, 73, 74, 87, 94, 103, 101, 105, 112, 117, 125, 120, 126]","[111, 101, 70, 63, 29, 19, 6, 6, 0, 0, 10, 11, 12, 13, 52, 51, 54, 65, 84, 107, 127, 127, 127, 115, 127, 115, 96, 96, 82, 64, 37, 31, 18, 13, 10, 2, 3, 1, 16, 4, 18, 36, 50, 57, 58, 79, 76, 127, 119, 127, 127, 127, 108, 116, 82, 69, 64, 50, 17, 15, 6, 8, 9, 11, 12, 14, 35, 31, 34, 40, 54, 64, 73, 74, 87, 94, 103, 101, 105, 112, 117, 125, 120, 126]"
Linear,20,exact_guidance_u,270,0,85,84,"[129, 111, 101, 70, 63, 29, 19, 6, 6, 0, 0, 10, 11, 12, 13, 52, 51, 54, 65, 84, 107, 127, 127, 127, 115, 127, 115, 96, 96, 82, 64, 37, 31, 18, 13, 10, 2, 3, 1, 16, 4, 18, 36, 50, 57, 58, 79, 76, 127, 119, 127, 127, 127, 108, 116, 82, 69, 64, 50, 17, 15, 6, 8, 9, 11, 12, 14, 35, 31, 34, 40, 54, 64, 73, 74, 87, 94, 103, 101, 105, 112, 117, 125, 120, 126]","[111, 101, 70, 63, 29, 19, 6, 6, 0, 0, 10, 11, 12, 13, 52, 51, 54, 65, 84, 107, 127, 127, 127, 115, 127, 115, 96, 96, 82, 64, 37, 31, 18, 13, 10, 2, 3, 1, 16, 4, 18, 36, 50, 57, 58, 79, 76, 127, 119, 127, 127, 127, 108, 116, 82, 69, 64, 50, 17, 15, 6, 8, 9, 11, 12, 14, 35, 31, 34, 40, 54, 64, 73, 74, 87, 94, 103, 101, 105, 112, 117, 125, 120, 126]"
Linear,20,exact_guidance_u,271,0,86,85,"[129, 111, 101, 70, 63, 29, 19, 6, 6, 0, 0, 10, 11, 12, 13, 52, 51, 54, 65, 83, 84, 107, 127, 127, 127, 115, 127, 115, 96, 96, 82, 64, 37, 31, 18, 13, 10, 2, 3, 1, 16, 4, 18, 36, 50, 57, 58, 79, 76, 127, 119, 127, 127, 127, 108, 116, 82, 69, 64, 50, 17, 15, 6, 8, 9, 11, 12, 14, 35, 31, 34, 40, 54, 64, 73, 74, 87, 94, 103, 101, 105, 112, 117, 125, 120, 126]","[111, 101, 70, 63, 29, 19, 6, 6, 0, 0, 10, 11, 12, 13, 52, 51, 54, 65, 83, 84, 107, 127, 127, 127, 115, 127, 115, 96, 96, 82, 64, 37, 31, 18, 13, 10, 2, 3, 1, 16, 4, 18, 36, 50, 57, 58, 79, 76, 127, 119, 127, 127, 127, 108, 116, 82, 69, 64, 50, 17, 15, 6, 8, 9, 11, 12, 14, 35, 31, 34, 40, 54, 64, 73, 74, 87, 94, 103, 101, 105, 112, 117, 125, 120, 126]"
Linear,20,exact_guidance_u,272,0,87,86,"[129, 111, 101, 70, 63, 29, 19, 6, 6, 0, 0, 10, 11, 12, 13, 52, 51, 54, 65, 83, 84, 107, 125, 127, 127, 127, 115, 127, 115, 96, 96, 82, 64, 37, 31, 18, 13, 10, 2, 3, 1, 16, 4, 18, 36, 50, 57, 58, 79, 76, 127, 119, 127, 127, 127, 108, 116, 82, 69, 64, 50, 17, 15, 6, 8, 9, 11, 12, 14, 35, 31, 34, 40, 54, 64, 73, 74, 87, 94, 103, 101, 105, 112, 117, 125, 120, 126]","[111, 101, 70, 63, 29, 19, 6, 6, 0, 0, 10, 11, 12, 13, 52, 51, 54, 65, 83, 84, 107, 125, 127, 127, 127, 115, 127, 115, 96, 96, 82, 64, 37, 31, 18, 13, 10, 2, 3, 1, 16, 4, 18, 36, 50, 57, 58, 79, 76, 127, 119, 127, 127, 127, 108, 116, 82, 69, 64, 50, 17, 15, 6, 8, 9, 11, 12, 14, 35, 31, 34, 40, 54, 64, 73, 74, 87, 94, 103, 101, 105, 112, 117, 125, 120, 126]"
Linear,20,exact_guidance_u,273,0,88,87,"[129, 111, 101, 70, 63, 29, 19, 6, 6, 0, 0, 10, 11, 12, 13, 52, 51, 54, 65, 83, 84, 107, 125, 127, 127, 127, 115, 127, 115, 96, 96, 82, 64, 37, 38, 31, 18, 13, 10, 2, 3, 1, 16, 4, 18, 36, 50, 57, 58, 79, 76, 127, 119, 127, 127, 127, 108, 116, 82, 69, 64, 50, 17, 15, 6, 8, 9, 11, 12, 14, 35, 31, 34, 40, 54, 64, 73, 74, 87, 94, 103, 101, 105, 112, 117, 125, 120, 126]","[111, 101, 70, 63, 29, 19, 6, 6, 0, 0, 10, 11, 12, 13, 52, 51, 54, 65, 83, 84, 107, 125, 127, 127, 127, 115, 127, 115, 96, 96, 82, 64, 37, 38, 31, 18, 13, 10, 2, 3, 1, 16, 4, 18, 36, 50, 57, 58, 79, 76, 127, 119, 127, 127, 127, 108, 116, 82, 69, 64, 50, 17, 15, 6, 8, 9, 11, 12, 14, 35, 31, 34, 40, 54, 64, 73, 74, 87, 94, 103, 101, 105, 112, 117, 125, 120, 126]"
Linear,20,exact_guidance_u,274,0,88,87,"[129, 111, 101, 70, 63, 29, 19, 6, 6, 0, 0, 10, 11, 12, 13, 52, 51, 54, 65, 83, 84, 107, 125, 127, 127, 127, 115, 127, 115, 96, 96, 82, 64, 37, 38, 31, 18, 13, 10, 2, 3, 1, 16, 4, 18, 36, 50, 57, 58, 79, 76, 127, 119, 127, 127, 127, 108, 116, 82, 69, 64, 50, 17, 15, 6, 8, 9, 11, 12, 14, 35, 31, 34, 40, 54, 64, 73, 74, 87, 94, 103, 101, 105, 112, 117, 125, 120, 126]","[111, 101, 70, 63, 29, 19, 6, 6, 0, 0, 10, 11, 12, 13, 52, 51, 54, 65, 83, 84, 107, 125, 127, 127, 127, 115, 127, 115, 96, 96, 82, 64, 37, 38, 31, 18, 13, 10, 2, 3, 1, 16, 4, 18, 36, 50, 57, 58, 79, 76, 127, 119, 127, 127, 127, 108, 116, 82, 69, 64, 50, 17, 15, 6, 8, 9, 11, 12, 14, 35, 31, 34, 40, 54, 64, 73, 74, 87, 94, 103, 101, 105, 112, 117, 125, 120, 126]"
Linear,20,exact_guidance_u,275,0,88,87,"[129, 111, 101, 70, 63, 29, 19, 6, 6, 0, 0, 10, 11, 12, 13, 52, 51, 54, 65, 83, 84, 107, 125, 127, 127, 127, 115, 127, 115, 96, 96, 82, 64, 37, 38, 31, 18, 13, 10, 2, 3, 1, 16, 4, 18, 36, 50, 57, 58, 79, 76, 127, 119, 127, 127, 127, 108, 116, 82, 69, 64, 50, 17, 15, 6, 8, 9, 11, 12, 14, 35, 31, 34, 40, 54, 64, 73, 74, 87, 94, 103, 101, 105, 112, 117, 125, 120, 126]","[111, 101, 70, 63, 29, 19, 6, 6, 0, 0, 10, 11, 12, 13, 52, 51, 54, 65, 83, 84, 107, 125, 127, 127, 127, 115, 127, 115, 96, 96, 82, 64, 37, 38, 31, 18, 13, 10, 2, 3, 1, 16, 4, 18, 36, 50, 57, 58, 79, 76, 127, 119, 127, 127, 127, 108, 116, 82, 69, 64, 50, 17, 15, 6, 8, 9, 11, 12, 14, 35, 31, 34, 40, 54, 64, 73, 74, 87, 94, 103, 101, 105, 112, 117, 125, 120, 126]"
Linear,20,exact_guidance_u,276,0,88,87,"[129, 111, 101, 70, 63, 29, 19, 6, 6, 0, 0, 10, 11, 12, 13, 52, 51, 54, 65, 83, 84, 107, 125, 127, 127, 127, 115, 127, 115, 96, 96, 82, 64, 37, 38, 31, 18, 13, 10, 2, 3, 1, 16, 4, 18, 36, 50, 57, 58, 79, 76, 127, 119, 127, 127, 127, 108, 116, 82, 69, 64, 50, 17, 15, 6, 8, 9, 11, 12, 14, 35, 31, 34, 40, 54, 64, 73, 74, 87, 94, 103, 101, 105, 112, 117, 125, 120, 126]","[111, 101, 70, 63, 29, 19, 6, 6, 0, 0, 10, 11, 12, 13, 52, 51, 54, 65, 83, 84, 107, 125, 127, 127, 127, 115, 127, 115, 96, 96, 82, 64, 37, 38, 31, 18, 13, 10, 2, 3, 1, 16, 4, 18, 36, 50, 57, 58, 79, 76, 127, 119, 127, 127, 127, 108, 116, 82, 69, 64, 50, 17, 15, 6, 8, 9, 11, 12, 14, 35, 31, 34, 40, 54, 64, 73, 74, 87, 94, 103, 101, 105, 112, 117, 125, 120, 126]"
Linear,20,exact_guidance_u,277,0,88,87,"[129, 111, 101, 70, 63, 29, 19, 6, 6, 0, 0, 10, 11, 12, 13, 52, 51, 54, 65, 83, 84, 107, 125, 127, 127, 127, 115, 127, 115, 96, 96, 82, 64, 37, 38, 31, 18, 13, 10, 2, 3, 1, 16, 4, 18, 36, 50, 57, 58, 79, 76, 127, 119, 127, 127, 127, 108, 116, 82, 69, 64, 50, 17, 15, 6, 8, 9, 11, 12, 14, 35, 31, 34, 40, 54, 64, 73, 74, 87, 94, 103, 101, 105, 112, 117, 125, 120, 126]","[111, 101, 70, 63, 29, 19, 6, 6, 0, 0, 10, 11, 12, 13, 52, 51, 54, 65, 83, 84, 107, 125, 127, 127, 127, 115, 127, 115, 96, 96, 82, 64, 37, 38, 31, 18, 13, 10, 2, 3, 1, 16, 4, 18, 36, 50, 57, 58, 79, 76, 127, 119, 127, 127, 127, 108, 116, 82, 69, 64, 50, 17, 15, 6, 8, 9, 11, 12, 14, 35, 31, 34, 40, 54, 64, 73, 74, 87, 94, 103, 101, 105, 112, 117, 125, 120, 126]"
Linear,20,exact_guidance_u,278,0,88,87,"[129, 111, 101, 70, 63, 29, 19, 6, 6, 0, 0, 10, 11, 12, 13, 52, 51, 54, 65, 83, 84, 107, 125, 127, 127, 127, 115, 127, 115, 96, 96, 82, 64, 37, 38, 31, 18, 13, 10, 2, 3, 1, 16, 4, 18, 36, 50, 57, 58, 79, 76, 127, 119, 127, 127, 127, 108, 116, 82, 69, 64, 50, 17, 15, 6, 8, 9, 11, 12, 14, 35, 31, 34, 40, 54, 64, 73, 74, 87, 94, 103, 101, 105, 112, 117, 125, 120, 126]","[111, 101, 70, 63, 29, 19, 6, 6, 0, 0, 10, 11, 12, 13, 52, 51, 54, 65, 83, 84, 107, 125, 127, 127, 127, 115, 127, 115, 96, 96, 82, 64, 37, 38, 31, 18, 13, 10, 2, 3, 1, 16, 4, 18, 36, 50, 57, 58, 79, 76, 127, 119, 127, 127, 127, 108, 116, 82, 69, 64, 50, 17, 15, 6, 8, 9, 11, 12, 14, 35, 31, 34, 40, 54, 64, 73, 74, 87, 94, 103, 101, 105, 112, 117, 125, 120, 126]"
Linear,20,exact_guidance_u,279,0,88,87,"[129, 111, 101, 70, 63, 29, 19, 6, 6, 0, 0, 10, 11, 12, 13, 52, 51, 54, 65, 83, 84, 107, 125, 127, 127, 127, 115, 127, 115, 96, 96, 82, 64, 37, 38, 31, 18, 13, 10, 2, 3, 1, 16, 4, 18, 36, 50, 57, 58, 79, 76, 127, 119, 127, 127, 127, 108, 116, 82, 69, 64, 50, 17, 15, 6, 8, 9, 11, 12, 14, 35, 31, 34, 40, 54, 64, 73, 74, 87, 94, 103, 101, 105, 112, 117, 125, 120, 126]","[111, 101, 70, 63, 29, 19, 6, 6, 0, 0, 10, 11, 12, 13, 52, 51, 54, 65, 83, 84, 107, 125, 127, 127, 127, 115, 127, 115, 96, 96, 82, 64, 37, 38, 31, 18, 13, 10, 2, 3, 1, 16, 4, 18, 36, 50, 57, 58, 79, 76, 127, 119, 127, 127, 127, 108, 116, 82, 69, 64, 50, 17, 15, 6, 8, 9, 11, 12, 14, 35, 31, 34, 40, 54, 64, 73, 74, 87, 94, 103, 101, 105, 112, 117, 125, 120, 126]"
Linear,25,exact_guidance_u,0,0,1,0,[129],[]
Linear,25,exact_guidance_u,1,0,2,1,"[129, 123]",[123]
Linear,25,exact_guidance_u,2,0,4,3,"[129, 68, 123, 55]","[68, 123, 55]"
Linear,25,exact_guidance_u,3,0,6,5,"[129, 27, 68, 109, 123, 55]","[27, 68, 109, 123, 55]"
Linear,25,exact_guidance_u,4,0,10,9,"[129, 18, 27, 39, 68, 109, 123, 124, 55, 124]","[18, 27, 39, 68, 109, 123, 124, 55, 124]"
Linear,25,exact_guidance_u,5,0,11,10,"[129, 18, 27, 39, 68, 76, 109, 123, 124, 55, 124]","[18, 27, 39, 68, 76, 109, 123, 124, 55, 124]"
Linear,25,exact_guidance_u,6,0,12,11,"[129, 18, 27, 39, 68, 76, 109, 116, 123, 124, 55, 124]","[18, 27, 39, 68, 76, 109, 116, 123, 124, 55, 124]"
Linear,25,exact_guidance_u,7,0,14,13,"[129, 18, 27, 28, 39, 68, 76, 109, 116, 121, 123, 124, 55, 124]","[18, 27, 28, 39, 68, 76, 109, 116, 121, 123, 124, 55, 124]"
Linear,25,exact_guidance_u,8,0,15,14,"[129, 18, 27, 28, 39, 68, 76, 109, 116, 119, 121, 123, 124, 55, 124]","[18, 27, 28, 39, 68, 76, 109, 116, 119, 121, 123, 124, 55, 124]"
Linear,25,exact_guidance_u,9,0,16,15,"[129, 18, 27, 28, 39, 68, 76, 94, 109, 116, 119, 121, 123, 124, 55, 124]","[18, 27, 28, 39, 68, 76, 94, 109, 116, 119, 121, 123, 124, 55, 124]"
Linear,25,exact_guidance_u,10,0,16,15,"[129, 18, 27, 28, 39, 68, 76, 94, 109, 116, 119, 121, 123, 124, 55, 124]","[18, 27, 28, 39, 68, 76, 94, 109, 116, 119, 121, 123, 124, 55, 124]"
Linear,25,exact_guidance_u,11,0,16,15,"[129, 18, 27, 28, 39, 68, 76, 94, 109, 116, 119, 121, 123, 124, 55, 124]","[18, 27, 28, 39, 68, 76, 94, 109, 116, 119, 121, 123, 124, 55, 124]"
Linear,25,exact_guidance_u,12,0,18,17,"[129, 18, 19, 27, 28, 39, 68, 76, 94, 109, 116, 117, 119, 121, 123, 124, 55, 124]","[18, 19, 27, 28, 39, 68, 76, 94, 109, 116, 117, 119, 121, 123, 124, 55, 124]"
Linear,25,exact_guidance_u,13,0,21,20,"[129, 0, 18, 19, 27, 28, 39, 68, 76, 88, 94, 109, 111, 116, 117, 119, 121, 123, 124, 55, 124]","[0, 18, 19, 27, 28, 39, 68, 76, 88, 94, 109, 111, 116, 117, 119, 121, 123, 124, 55, 124]"
Linear,25,exact_guidance_u,14,0,22,21,"[129, 0, 18, 19, 27, 28, 39, 42, 68, 76, 88, 94, 109, 111, 116, 117, 119, 121, 123, 124, 55, 124]","[0, 18, 19, 27, 28, 39, 42, 68, 76, 88, 94, 109, 111, 116, 117, 119, 121, 123, 124, 55, 124]"
Linear,25,exact_guidance_u,15,0,22,21,"[129, 0, 18, 19, 27, 28, 39, 42, 68, 76, 88, 94, 109, 111, 116, 117, 119, 121, 123, 124, 55, 124]","[0, 18, 19, 27, 28, 39, 42, 68, 76, 88, 94, 109, 111, 116, 117, 119, 121, 123, 124, 55, 124]"
Linear,25,exact_guidance_u,16,0,23,22,"[129, 0, 9, 18, 19, 27, 28, 39, 42, 68, 76, 88, 94, 109, 111, 116, 117, 119, 121, 123, 124, 55, 124]","[0, 9, 18, 19, 27, 28, 39, 42, 68, 76, 88, 94, 109, 111, 116, 117, 119, 121, 123, 124, 55, 124]"
Linear,25,exact_guidance_u,17,0,23,22,"[129, 0, 9, 18, 19, 27, 28, 39, 42, 68, 76, 88, 94, 109, 111, 116, 117, 119, 121, 123, 124, 55, 124]","[0, 9, 18, 19, 27, 28, 39, 42, 68, 76, 88, 94, 109, 111, 116, 117, 119, 121, 123, 124, 55, 124]"
Linear,25,exact_guidance_u,18,0,23,22,"[129, 0, 9, 18, 19, 27, 28, 39, 42, 68, 76, 88, 94, 109, 111, 116, 117, 119, 121, 123, 124, 55, 124]","[0, 9, 18, 19, 27, 28, 39, 42, 68, 76, 88, 94, 109, 111, 116, 117, 119, 121, 123, 124, 55, 124]"
Linear,25,exact_guidance_u,19,0,25,24,"[129, 0, 6, 9, 18, 19, 27, 28, 39, 42, 68, 76, 88, 94, 105, 109, 111, 116, 117, 119, 121, 123, 124, 55, 124]","[0, 6, 9, 18, 19, 27, 28, 39, 42, 68, 76, 88, 94, 105, 109, 111, 116, 117, 119, 121, 123, 124, 55, 124]"
Linear,25,exact_guidance_u,20,0,25,24,"[129, 0, 6, 9, 18, 19, 27, 28, 39, 42, 68, 76, 88, 94, 105, 109, 111, 116, 117, 119, 121, 123, 124, 55, 124]","[0, 6, 9, 18, 19, 27, 28, 39, 42, 68, 76, 88, 94, 105, 109, 111, 116, 117, 119, 121, 123, 124, 55, 124]"
Linear,25,exact_guidance_u,21,0,25,24,"[129, 0, 6, 9, 18, 19, 27, 28, 39, 42, 68, 76, 88, 94, 105, 109, 111, 116, 117, 119, 121, 123, 124, 55, 124]","[0, 6, 9, 18, 19, 27, 28, 39, 42, 68, 76, 88, 94, 105, 109, 111, 116, 117, 119, 121, 123, 124, 55, 124]"
Linear,25,exact_guidance_u,22,0,26,25,"[129, 0, 6, 9, 18, 19, 27, 28, 39, 42, 58, 68, 76, 88, 94, 105, 109, 111, 116, 117, 119, 121, 123, 124, 55, 124]","[0, 6, 9, 18, 19, 27, 28, 39, 42, 58, 68, 76, 88, 94, 105, 109, 111, 116, 117, 119, 121, 123, 124, 55, 124]"
Linear,25,exact_guidance_u,23,0,27,26,"[129, 0, 6, 9, 18, 19, 27, 28, 39, 42, 52, 58, 68, 76, 88, 94, 105, 109, 111, 116, 117, 119, 121, 123, 124, 55, 124]","[0, 6, 9, 18, 19, 27, 28, 39, 42, 52, 58, 68, 76, 88, 94, 105, 109, 111, 116, 117, 119, 121, 123, 124, 55, 124]"
Linear,25,exact_guidance_u,24,0,27,26,"[129, 0, 6, 9, 18, 19, 27, 28, 39, 42, 52, 58, 68, 76, 88, 94, 105, 109, 111, 116, 117, 119, 121, 123, 124, 55, 124]","[0, 6, 9, 18, 19, 27, 28, 39, 42, 52, 58, 68, 76, 88, 94, 105, 109, 111, 116, 117, 119, 121, 123, 124, 55, 124]"
Linear,25,exact_guidance_u,25,0,27,26,"[129, 0, 6, 9, 18, 19, 27, 28, 39, 42, 52, 58, 68, 76, 88, 94, 105, 109, 111, 116, 117, 119, 121, 123, 124, 55, 124]","[0, 6, 9, 18, 19, 27, 28, 39, 42, 52, 58, 68, 76, 88, 94, 105, 109, 111, 116, 117, 119, 121, 123, 124, 55, 124]"
Linear,25,exact_guidance_u,26,0,27,26,"[129, 0, 6, 9, 18, 19, 27, 28, 39, 42, 52, 58, 68, 76, 88, 94, 105, 109, 111, 116, 117, 119, 121, 123, 124, 55, 124]","[0, 6, 9, 18, 19, 27, 28, 39, 42, 52, 58, 68, 76, 88, 94, 105, 109, 111, 116, 117, 119, 121, 123, 124, 55, 124]"
Linear,25,exact_guidance_u,27,0,28,27,"[129, 0, 6, 9, 18, 19, 27, 28, 39, 42, 52, 58, 68, 76, 81, 88, 94, 105, 109, 111, 116, 117, 119, 121, 123, 124, 55, 124]","[0, 6, 9, 18, 19, 27, 28, 39, 42, 52, 58, 68, 76, 81, 88, 94, 105, 109, 111, 116, 117, 119, 121, 123, 124, 55, 124]"
Linear,25,exact_guidance_u,28,0,28,27,"[129, 0, 6, 9, 18, 19, 27, 28, 39, 42, 52, 58, 68, 76, 81, 88, 94, 105, 109, 111, 116, 117, 119, 121, 123, 124, 55, 124]","[0, 6, 9, 18, 19, 27, 28, 39, 42, 52, 58, 68, 76, 81, 88, 94, 105, 109, 111, 116, 117, 119, 121, 123, 124, 55, 124]"
Linear,25,exact_guidance_u,29,0,28,27,"[129, 0, 6, 9, 18, 19, 27, 28, 39, 42, 52, 58, 68, 76, 81, 88, 94, 105, 109, 111, 116, 117, 119, 121, 123, 124, 55, 124]","[0, 6, 9, 18, 19, 27, 28, 39, 42, 52, 58, 68, 76, 81, 88, 94, 105, 109, 111, 116, 117, 119, 121, 123, 124, 55, 124]"
Linear,25,exact_guidance_u,30,0,28,27,"[129, 0, 6, 9, 18, 19, 27, 28, 39, 42, 52, 58, 68, 76, 81, 88, 94, 105, 109, 111, 116, 117, 119, 121, 123, 124, 55, 124]","[0, 6, 9, 18, 19, 27, 28, 39, 42, 52, 58, 68, 76, 81, 88, 94, 105, 109, 111, 116, 117, 119, 121, 123, 124, 55, 124]"
Linear,25,exact_guidance_u,31,0,31,30,"[129, 0, 6, 0, 9, 18, 19, 122, 27, 28, 39, 42, 52, 58, 68, 76, 81, 88, 94, 105, 109, 100, 111, 116, 117, 119, 121, 123, 124, 55, 124]","[0, 6, 0, 9, 18, 19, 122, 27, 28, 39, 42, 52, 58, 68, 76, 81, 88, 94, 105, 109, 100, 111, 116, 117, 119, 121, 123, 124, 55, 124]"
Linear,25,exact_guidance_u,32,0,31,30,"[129, 0, 6, 0, 9, 18, 19, 122, 27, 28, 39, 42, 52, 58, 68, 76, 81, 88, 94, 105, 109, 100, 111, 116, 117, 119, 121, 123, 124, 55, 124]","[0, 6, 0, 9, 18, 19, 122, 27, 28, 39, 42, 52, 58, 68, 76, 81, 88, 94, 105, 109, 100, 111, 116, 117, 119, 121, 123, 124, 55, 124]"
Linear,25,exact_guidance_u,33,0,31,30,"[129, 0, 6, 0, 9, 18, 19, 122, 27, 28, 39, 42, 52, 58, 68, 76, 81, 88, 94, 105, 109, 100, 111, 116, 117, 119, 121, 123, 124, 55, 124]","[0, 6, 0, 9, 18, 19, 122, 27, 28, 39, 42, 52, 58, 68, 76, 81, 88, 94, 105, 109, 100, 111, 116, 117, 119, 121, 123, 124, 55, 124]"
Linear,25,exact_guidance_u,34,0,32,31,"[129, 0, 6, 0, 9, 13, 18, 19, 122, 27, 28, 39, 42, 52, 58, 68, 76, 81, 88, 94, 105, 109, 100, 111, 116, 117, 119, 121, 123, 124, 55, 124]","[0, 6, 0, 9, 13, 18, 19, 122, 27, 28, 39, 42, 52, 58, 68, 76, 81, 88, 94, 105, 109, 100, 111, 116, 117, 119, 121, 123, 124, 55, 124]"
Linear,25,exact_guidance_u,35,0,32,31,"[129, 0, 6, 0, 9, 13, 18, 19, 122, 27, 28, 39, 42, 52, 58, 68, 76, 81, 88, 94, 105, 109, 100, 111, 116, 117, 119, 121, 123, 124, 55, 124]","[0, 6, 0, 9, 13, 18, 19, 122, 27, 28, 39, 42, 52, 58, 68, 76, 81, 88, 94, 105, 109, 100, 111, 116, 117, 119, 121, 123, 124, 55, 124]"
Linear,25,exact_guidance_u,36,0,33,32,"[129, 0, 6, 0, 9, 13, 18, 19, 122, 27, 28, 32, 39, 42, 52, 58, 68, 76, 81, 88, 94, 105, 109, 100, 111, 116, 117, 119, 121, 123, 124, 55, 124]","[0, 6, 0, 9, 13, 18, 19, 122, 27, 28, 32, 39, 42, 52, 58, 68, 76, 81, 88, 94, 105, 109, 100, 111, 116, 117, 119, 121, 123, 124, 55, 124]"
Linear,25,exact_guidance_u,37,0,33,32,"[129, 0, 6, 0, 9, 13, 18, 19, 122, 27, 28, 32, 39, 42, 52, 58, 68, 76, 81, 88, 94, 105, 109, 100, 111, 116, 117, 119, 121, 123, 124, 55, 124]","[0, 6, 0, 9, 13, 18, 19, 122, 27, 28, 32, 39, 42, 52, 58, 68, 76, 81, 88, 94, 105, 109, 100, 111, 116, 117, 119, 121, 123, 124, 55, 124]"
Linear,25,exact_guidance_u,38,0,34,33,"[129, 0, 6, 0, 9, 13, 18, 19, 51, 122, 27, 28, 32, 39, 42, 52, 58, 68, 76, 81, 88, 94, 105, 109, 100, 111, 116, 117, 119, 121, 123, 124, 55, 124]","[0, 6, 0, 9, 13, 18, 19, 51, 122, 27, 28, 32, 39, 42, 52, 58, 68, 76, 81, 88, 94, 105, 109, 100, 111, 116, 117, 119, 121, 123, 124, 55, 124]"
Linear,25,exact_guidance_u,39,0,36,35,"[129, 0, 6, 0, 9, 13, 18, 19, 51, 122, 27, 28, 32, 0, 39, 42, 52, 58, 68, 76, 81, 88, 90, 94, 105, 109, 100, 111, 116, 117, 119, 121, 123, 124, 55, 124]","[0, 6, 0, 9, 13, 18, 19, 51, 122, 27, 28, 32, 0, 39, 42, 52, 58, 68, 76, 81, 88, 90, 94, 105, 109, 100, 111, 116, 117, 119, 121, 123, 124, 55, 124]"
Linear,25,exact_guidance_u,40,0,36,35,"[129, 0, 6, 0, 9, 13, 18, 19, 51, 122, 27, 28, 32, 0, 39, 42, 52, 58, 68, 76, 81, 88, 90, 94, 105, 109, 100, 111, 116, 117, 119, 121, 123, 124, 55, 124]","[0, 6, 0, 9, 13, 18, 19, 51, 122, 27, 28, 32, 0, 39, 42, 52, 58, 68, 76, 81, 88, 90, 94, 105, 109, 100, 111, 116, 117, 119, 121, 123, 124, 55, 124]"
Linear,25,exact_guidance_u,41,0,37,36,"[129, 0, 6, 0, 9, 13, 18, 19, 51, 122, 27, 28, 32, 0, 36, 39, 42, 52, 58, 68, 76, 81, 88, 90, 94, 105, 109, 100, 111, 116, 117, 119, 121, 123, 124, 55, 124]","[0, 6, 0, 9, 13, 18, 19, 51, 122, 27, 28, 32, 0, 36, 39, 42, 52, 58, 68, 76, 81, 88, 90, 94, 105, 109, 100, 111, 116, 117, 119, 121, 123, 124, 55, 124]"
Linear,25,exact_guidance_u,42,0,38,37,"[129, 0, 6, 0, 9, 16, 13, 18, 19, 51, 122, 27, 28, 32, 0, 36, 39, 42, 52, 58, 68, 76, 81, 88, 90, 94, 105, 109, 100, 111, 116, 117, 119, 121, 123, 124, 55, 124]","[0, 6, 0, 9, 16, 13, 18, 19, 51, 122, 27, 28, 32, 0, 36, 39, 42, 52, 58, 68, 76, 81, 88, 90, 94, 105, 109, 100, 111, 116, 117, 119, 121, 123, 124, 55, 124]"
Linear,25,exact_guidance_u,43,0,41,40,"[129, 0, 2, 6, 0, 9, 16, 13, 18, 19, 51, 122, 113, 27, 28, 32, 0, 36, 39, 42, 52, 58, 68, 76, 81, 88, 90, 94, 105, 101, 109, 100, 111, 116, 117, 119, 121, 123, 124, 55, 124]","[0, 2, 6, 0, 9, 16, 13, 18, 19, 51, 122, 113, 27, 28, 32, 0, 36, 39, 42, 52, 58, 68, 76, 81, 88, 90, 94, 105, 101, 109, 100, 111, 116, 117, 119, 121, 123, 124, 55, 124]"
Linear,25,exact_guidance_u,44,0,42,41,"[129, 0, 2, 6, 0, 9, 16, 13, 18, 19, 51, 122, 113, 58, 27, 28, 32, 0, 36, 39, 42, 52, 58, 68, 76, 81, 88, 90, 94, 105, 101, 109, 100, 111, 116, 117, 119, 121, 123, 124, 55, 124]","[0, 2, 6, 0, 9, 16, 13, 18, 19, 51, 122, 113, 58, 27, 28, 32, 0, 36, 39, 42, 52, 58, 68, 76, 81, 88, 90, 94, 105, 101, 109, 100, 111, 116, 117, 119, 121, 123, 124, 55, 124]"
Linear,25,exact_guidance_u,45,0,42,41,"[129, 0, 2, 6, 0, 9, 16, 13, 18, 19, 51, 122, 113, 58, 27, 28, 32, 0, 36, 39, 42, 52, 58, 68, 76, 81, 88, 90, 94, 105, 101, 109, 100, 111, 116, 117, 119, 121, 123, 124, 55, 124]","[0, 2, 6, 0, 9, 16, 13, 18, 19, 51, 122, 113, 58, 27, 28, 32, 0, 36, 39, 42, 52, 58, 68, 76, 81, 88, 90, 94, 105, 101, 109, 100, 111, 116, 117, 119, 121, 123, 124, 55, 124]"
Linear,25,exact_guidance_u,46,0,42,41,"[129, 0, 2, 6, 0, 9, 16, 13, 18, 19, 51, 122, 113, 58, 27, 28, 32, 0, 36, 39, 42, 52, 58, 68, 76, 81, 88, 90, 94, 105, 101, 109, 100, 111, 116, 117, 119, 121, 123, 124, 55, 124]","[0, 2, 6, 0, 9, 16, 13, 18, 19, 51, 122, 113, 58, 27, 28, 32, 0, 36, 39, 42, 52, 58, 68, 76, 81, 88, 90, 94, 105, 101, 109, 100, 111, 116, 117, 119, 121, 123, 124, 55, 124]"
Linear,25,exact_guidance_u,47,0,42,41,"[129, 0, 2, 6, 0, 9, 16, 13, 18, 19, 51, 122, 113, 58, 27, 28, 32, 0, 36, 39, 42, 52, 58, 68, 76, 81, 88, 90, 94, 105, 101, 109, 100, 111, 116, 117, 119, 121, 123, 124, 55, 124]","[0, 2, 6, 0, 9, 16, 13, 18, 19, 51, 122, 113, 58, 27, 28, 32, 0, 36, 39, 42, 52, 58, 68, 76, 81, 88, 90, 94, 105, 101, 109, 100, 111, 116, 117, 119, 121, 123, 124, 55, 124]"
Linear,25,exact_guidance_u,48,0,42,41,"[129, 0, 2, 6, 0, 9, 16, 13, 18, 19, 51, 122, 113, 58, 27, 28, 32, 0, 36, 39, 42, 52, 58, 68, 76, 81, 88, 90, 94, 105, 101, 109, 100, 111, 116, 117, 119, 121, 123, 124, 55, 124]","[0, 2, 6, 0, 9, 16, 13, 18, 19, 51, 122, 113, 58, 27, 28, 32, 0, 36, 39, 42, 52, 58, 68, 76, 81, 88, 90, 94, 105, 101, 109, 100, 111, 116, 117, 119, 121, 123, 124, 55, 124]"
Linear,25,exact_guidance_u,49,0,42,41,"[129, 0, 2, 6, 0, 9, 16, 13, 18, 19, 51, 122, 113, 58, 27, 28, 32, 0, 36, 39, 42, 52, 58, 68, 76, 81, 88, 90, 94, 105, 101, 109, 100, 111, 116, 117, 119, 121, 123, 124, 55, 124]","[0, 2, 6, 0, 9, 16, 13, 18, 19, 51, 122, 113, 58, 27, 28, 32, 0, 36, 39, 42, 52, 58, 68, 76, 81, 88, 90, 94, 105, 101, 109, 100, 111, 116, 117, 119, 121, 123, 124, 55, 124]"
Linear,25,exact_guidance_u,50,0,43,42,"[129, 0, 2, 6, 0, 9, 16, 13, 18, 19, 51, 122, 113, 58, 27, 28, 32, 32, 0, 36, 39, 42, 52, 58, 68, 76, 81, 88, 90, 94, 105, 101, 109, 100, 111, 116, 117, 119, 121, 123, 124, 55, 124]","[0, 2, 6, 0, 9, 16, 13, 18, 19, 51, 122, 113, 58, 27, 28, 32, 32, 0, 36, 39, 42, 52, 58, 68, 76, 81, 88, 90, 94, 105, 101, 109, 100, 111, 116, 117, 119, 121, 123, 124, 55, 124]"
Linear,25,exact_guidance_u,51,0,43,42,"[129, 0, 2, 6, 0, 9, 16, 13, 18, 19, 51, 122, 113, 58, 27, 28, 32, 32, 0, 36, 39, 42, 52, 58, 68, 76, 81, 88, 90, 94, 105, 101, 109, 100, 111, 116, 117, 119, 121, 123, 124, 55, 124]","[0, 2, 6, 0, 9, 16, 13, 18, 19, 51, 122, 113, 58, 27, 28, 32, 32, 0, 36, 39, 42, 52, 58, 68, 76, 81, 88, 90, 94, 105, 101, 109, 100, 111, 116, 117, 119, 121, 123, 124, 55, 124]"
Linear,25,exact_guidance_u,52,0,43,42,"[129, 0, 2, 6, 0, 9, 16, 13, 18, 19, 51, 122, 113, 58, 27, 28, 32, 32, 0, 36, 39, 42, 52, 58, 68, 76, 81, 88, 90, 94, 105, 101, 109, 100, 111, 116, 117, 119, 121, 123, 124, 55, 124]","[0, 2, 6, 0, 9, 16, 13, 18, 19, 51, 122, 113, 58, 27, 28, 32, 32, 0, 36, 39, 42, 52, 58, 68, 76, 81, 88, 90, 94, 105, 101, 109, 100, 111, 116, 117, 119, 121, 123, 124, 55, 124]"
Linear,25,exact_guidance_u,53,0,43,42,"[129, 0, 2, 6, 0, 9, 16, 13, 18, 19, 51, 122, 113, 58, 27, 28, 32, 32, 0, 36, 39, 42, 52, 58, 68, 76, 81, 88, 90, 94, 105, 101, 109, 100, 111, 116, 117, 119, 121, 123, 124, 55, 124]","[0, 2, 6, 0, 9, 16, 13, 18, 19, 51, 122, 113, 58, 27, 28, 32, 32, 0, 36, 39, 42, 52, 58, 68, 76, 81, 88, 90, 94, 105, 101, 109, 100, 111, 116, 117, 119, 121, 123, 124, 55, 124]"
Linear,25,exact_guidance_u,54,0,44,43,"[129, 0, 2, 6, 0, 9, 16, 13, 18, 19, 51, 122, 113, 58, 27, 28, 32, 32, 0, 36, 39, 42, 52, 58, 68, 76, 81, 88, 90, 94, 105, 101, 109, 100, 111, 116, 117, 119, 121, 123, 124, 55, 0, 124]","[0, 2, 6, 0, 9, 16, 13, 18, 19, 51, 122, 113, 58, 27, 28, 32, 32, 0, 36, 39, 42, 52, 58, 68, 76, 81, 88, 90, 94, 105, 101, 109, 100, 111, 116, 117, 119, 121, 123, 124, 55, 0, 124]"
Linear,25,exact_guidance_u,55,0,46,45,"[129, 0, 2, 6, 0, 9, 16, 13, 17, 18, 19, 51, 86, 122, 113, 58, 27, 28, 32, 32, 0, 36, 39, 42, 52, 58, 68, 76, 81, 88, 90, 94, 105, 101, 109, 100, 111, 116, 117, 119, 121, 123, 124, 55, 0, 124]","[0, 2, 6, 0, 9, 16, 13, 17, 18, 19, 51, 86, 122, 113, 58, 27, 28, 32, 32, 0, 36, 39, 42, 52, 58, 68, 76, 81, 88, 90, 94, 105, 101, 109, 100, 111, 116, 117, 119, 121, 123, 124, 55, 0, 124]"
Linear,25,exact_guidance_u,56,0,46,45,"[129, 0, 2, 6, 0, 9, 16, 13, 17, 18, 19, 51, 86, 122, 113, 58, 27, 28, 32, 32, 0, 36, 39, 42, 52, 58, 68, 76, 81, 88, 90, 94, 105, 101, 109, 100, 111, 116, 117, 119, 121, 123, 124, 55, 0, 124]","[0, 2, 6, 0, 9, 16, 13, 17, 18, 19, 51, 86, 122, 113, 58, 27, 28, 32, 32, 0, 36, 39, 42, 52, 58, 68, 76, 81, 88, 90, 94, 105, 101, 109, 100, 111, 116, 117, 119, 121, 123, 124, 55, 0, 124]"
Linear,25,exact_guidance_u,57,0,47,46,"[129, 0, 2, 6, 0, 9, 16, 13, 17, 18, 19, 51, 86, 122, 113, 58, 27, 28, 32, 32, 0, 36, 39, 42, 52, 58, 68, 76, 81, 88, 90, 94, 105, 101, 109, 100, 111, 116, 117, 119, 121, 123, 124, 115, 55, 0, 124]","[0, 2, 6, 0, 9, 16, 13, 17, 18, 19, 51, 86, 122, 113, 58, 27, 28, 32, 32, 0, 36, 39, 42, 52, 58, 68, 76, 81, 88, 90, 94, 105, 101, 109, 100, 111, 116, 117, 119, 121, 123, 124, 115, 55, 0, 124]"
Linear,25,exact_guidance_u,58,0,47,46,"[129, 0, 2, 6, 0, 9, 16, 13, 17, 18, 19, 51, 86, 122, 113, 58, 27, 28, 32, 32, 0, 36, 39, 42, 52, 58, 68, 76, 81, 88, 90, 94, 105, 101, 109, 100, 111, 116, 117, 119, 121, 123, 124, 115, 55, 0, 124]","[0, 2, 6, 0, 9, 16, 13, 17, 18, 19, 51, 86, 122, 113, 58, 27, 28, 32, 32, 0, 36, 39, 42, 52, 58, 68, 76, 81, 88, 90, 94, 105, 101, 109, 100, 111, 116, 117, 119, 121, 123, 124, 115, 55, 0, 124]"
Linear,25,exact_guidance_u,59,0,47,46,"[129, 0, 2, 6, 0, 9, 16, 13, 17, 18, 19, 51, 86, 122, 113, 58, 27, 28, 32, 32, 0, 36, 39, 42, 52, 58, 68, 76, 81, 88, 90, 94, 105, 101, 109, 100, 111, 116, 117, 119, 121, 123, 124, 115, 55, 0, 124]","[0, 2, 6, 0, 9, 16, 13, 17, 18, 19, 51, 86, 122, 113, 58, 27, 28, 32, 32, 0, 36, 39, 42, 52, 58, 68, 76, 81, 88, 90, 94, 105, 101, 109, 100, 111, 116, 117, 119, 121, 123, 124, 115, 55, 0, 124]"
Linear,25,exact_guidance_u,60,0,47,46,"[129, 0, 2, 6, 0, 9, 16, 13, 17, 18, 19, 51, 86, 122, 113, 58, 27, 28, 32, 32, 0, 36, 39, 42, 52, 58, 68, 76, 81, 88, 90, 94, 105, 101, 109, 100, 111, 116, 117, 119, 121, 123, 124, 115, 55, 0, 124]","[0, 2, 6, 0, 9, 16, 13, 17, 18, 19, 51, 86, 122, 113, 58, 27, 28, 32, 32, 0, 36, 39, 42, 52, 58, 68, 76, 81, 88, 90, 94, 105, 101, 109, 100, 111, 116, 117, 119, 121, 123, 124, 115, 55, 0, 124]"
Linear,25,exact_guidance_u,61,0,47,46,"[129, 0, 2, 6, 0, 9, 16, 13, 17, 18, 19, 51, 86, 122, 113, 58, 27, 28, 32, 32, 0, 36, 39, 42, 52, 58, 68, 76, 81, 88, 90, 94, 105, 101, 109, 100, 111, 116, 117, 119, 121, 123, 124, 115, 55, 0, 124]","[0, 2, 6, 0, 9, 16, 13, 17, 18, 19, 51, 86, 122, 113, 58, 27, 28, 32, 32, 0, 36, 39, 42, 52, 58, 68, 76, 81, 88, 90, 94, 105, 101, 109, 100, 111, 116, 117, 119, 121, 123, 124, 115, 55, 0, 124]"
Linear,25,exact_guidance_u,62,0,47,46,"[129, 0, 2, 6, 0, 9, 16, 13, 17, 18, 19, 51, 86, 122, 113, 58, 27, 28, 32, 32, 0, 36, 39, 42, 52, 58, 68, 76, 81, 88, 90, 94, 105, 101, 109, 100, 111, 116, 117, 119, 121, 123, 124, 115, 55, 0, 124]","[0, 2, 6, 0, 9, 16, 13, 17, 18, 19, 51, 86, 122, 113, 58, 27, 28, 32, 32, 0, 36, 39, 42, 52, 58, 68, 76, 81, 88, 90, 94, 105, 101, 109, 100, 111, 116, 117, 119, 121, 123, 124, 115, 55, 0, 124]"
Linear,25,exact_guidance_u,63,0,47,46,"[129, 0, 2, 6, 0, 9, 16, 13, 17, 18, 19, 51, 86, 122, 113, 58, 27, 28, 32, 32, 0, 36, 39, 42, 52, 58, 68, 76, 81, 88, 90, 94, 105, 101, 109, 100, 111, 116, 117, 119, 121, 123, 124, 115, 55, 0, 124]","[0, 2, 6, 0, 9, 16, 13, 17, 18, 19, 51, 86, 122, 113, 58, 27, 28, 32, 32, 0, 36, 39, 42, 52, 58, 68, 76, 81, 88, 90, 94, 105, 101, 109, 100, 111, 116, 117, 119, 121, 123, 124, 115, 55, 0, 124]"
Linear,25,exact_guidance_u,64,0,48,47,"[129, 0, 2, 6, 0, 9, 16, 13, 17, 18, 19, 51, 86, 122, 113, 58, 27, 28, 32, 32, 0, 0, 36, 39, 42, 52, 58, 68, 76, 81, 88, 90, 94, 105, 101, 109, 100, 111, 116, 117, 119, 121, 123, 124, 115, 55, 0, 124]","[0, 2, 6, 0, 9, 16, 13, 17, 18, 19, 51, 86, 122, 113, 58, 27, 28, 32, 32, 0, 0, 36, 39, 42, 52, 58, 68, 76, 81, 88, 90, 94, 105, 101, 109, 100, 111, 116, 117, 119, 121, 123, 124, 115, 55, 0, 124]"
Linear,25,exact_guidance_u,65,0,48,47,"[129, 0, 2, 6, 0, 9, 16, 13, 17, 18, 19, 51, 86, 122, 113, 58, 27, 28, 32, 32, 0, 0, 36, 39, 42, 52, 58, 68, 76, 81, 88, 90, 94, 105, 101, 109, 100, 111, 116, 117, 119, 121, 123, 124, 115, 55, 0, 124]","[0, 2, 6, 0, 9, 16, 13, 17, 18, 19, 51, 86, 122, 113, 58, 27, 28, 32, 32, 0, 0, 36, 39, 42, 52, 58, 68, 76, 81, 88, 90, 94, 105, 101, 109, 100, 111, 116, 117, 119, 121, 123, 124, 115, 55, 0, 124]"
Linear,25,exact_guidance_u,66,0,49,48,"[129, 0, 2, 6, 0, 9, 16, 13, 17, 18, 19, 51, 86, 122, 113, 58, 27, 28, 32, 32, 5, 0, 0, 36, 39, 42, 52, 58, 68, 76, 81, 88, 90, 94, 105, 101, 109, 100, 111, 116, 117, 119, 121, 123, 124, 115, 55, 0, 124]","[0, 2, 6, 0, 9, 16, 13, 17, 18, 19, 51, 86, 122, 113, 58, 27, 28, 32, 32, 5, 0, 0, 36, 39, 42, 52, 58, 68, 76, 81, 88, 90, 94, 105, 101, 109, 100, 111, 116, 117, 119, 121, 123, 124, 115, 55, 0, 124]"
Linear,25,exact_guidance_u,67,0,49,48,"[129, 0, 2, 6, 0, 9, 16, 13, 17, 18, 19, 51, 86, 122, 113, 58, 27, 28, 32, 32, 5, 0, 0, 36, 39, 42, 52, 58, 68, 76, 81, 88, 90, 94, 105, 101, 109, 100, 111, 116, 117, 119, 121, 123, 124, 115, 55, 0, 124]","[0, 2, 6, 0, 9, 16, 13, 17, 18, 19, 51, 86, 122, 113, 58, 27, 28, 32, 32, 5, 0, 0, 36, 39, 42, 52, 58, 68, 76, 81, 88, 90, 94, 105, 101, 109, 100, 111, 116, 117, 119, 121, 123, 124, 115, 55, 0, 124]"
Linear,25,exact_guidance_u,68,0,49,48,"[129, 0, 2, 6, 0, 9, 16, 13, 17, 18, 19, 51, 86, 122, 113, 58, 27, 28, 32, 32, 5, 0, 0, 36, 39, 42, 52, 58, 68, 76, 81, 88, 90, 94, 105, 101, 109, 100, 111, 116, 117, 119, 121, 123, 124, 115, 55, 0, 124]","[0, 2, 6, 0, 9, 16, 13, 17, 18, 19, 51, 86, 122, 113, 58, 27, 28, 32, 32, 5, 0, 0, 36, 39, 42, 52, 58, 68, 76, 81, 88, 90, 94, 105, 101, 109, 100, 111, 116, 117, 119, 121, 123, 124, 115, 55, 0, 124]"
Linear,25,exact_guidance_u,69,0,49,48,"[129, 0, 2, 6, 0, 9, 16, 13, 17, 18, 19, 51, 86, 122, 113, 58, 27, 28, 32, 32, 5, 0, 0, 36, 39, 42, 52, 58, 68, 76, 81, 88, 90, 94, 105, 101, 109, 100, 111, 116, 117, 119, 121, 123, 124, 115, 55, 0, 124]","[0, 2, 6, 0, 9, 16, 13, 17, 18, 19, 51, 86, 122, 113, 58, 27, 28, 32, 32, 5, 0, 0, 36, 39, 42, 52, 58, 68, 76, 81, 88, 90, 94, 105, 101, 109, 100, 111, 116, 117, 119, 121, 123, 124, 115, 55, 0, 124]"
Linear,25,exact_guidance_u,70,0,50,49,"[129, 0, 2, 6, 0, 9, 16, 13, 17, 18, 19, 51, 86, 116, 122, 113, 58, 27, 28, 32, 32, 5, 0, 0, 36, 39, 42, 52, 58, 68, 76, 81, 88, 90, 94, 105, 101, 109, 100, 111, 116, 117, 119, 121, 123, 124, 115, 55, 0, 124]","[0, 2, 6, 0, 9, 16, 13, 17, 18, 19, 51, 86, 116, 122, 113, 58, 27, 28, 32, 32, 5, 0, 0, 36, 39, 42, 52, 58, 68, 76, 81, 88, 90, 94, 105, 101, 109, 100, 111, 116, 117, 119, 121, 123, 124, 115, 55, 0, 124]"
Linear,25,exact_guidance_u,71,0,51,50,"[129, 0, 2, 6, 0, 9, 16, 13, 17, 18, 19, 51, 86, 116, 117, 122, 113, 58, 27, 28, 32, 32, 5, 0, 0, 36, 39, 42, 52, 58, 68, 76, 81, 88, 90, 94, 105, 101, 109, 100, 111, 116, 117, 119, 121, 123, 124, 115, 55, 0, 124]","[0, 2, 6, 0, 9, 16, 13, 17, 18, 19, 51, 86, 116, 117, 122, 113, 58, 27, 28, 32, 32, 5, 0, 0, 36, 39, 42, 52, 58, 68, 76, 81, 88, 90, 94, 105, 101, 109, 100, 111, 116, 117, 119, 121, 123, 124, 115, 55, 0, 124]"
Linear,25,exact_guidance_u,72,0,51,50,"[129, 0, 2, 6, 0, 9, 16, 13, 17, 18, 19, 51, 86, 116, 117, 122, 113, 58, 27, 28, 32, 32, 5, 0, 0, 36, 39, 42, 52, 58, 68, 76, 81, 88, 90, 94, 105, 101, 109, 100, 111, 116, 117, 119, 121, 123, 124, 115, 55, 0, 124]","[0, 2, 6, 0, 9, 16, 13, 17, 18, 19, 51, 86, 116, 117, 122, 113, 58, 27, 28, 32, 32, 5, 0, 0, 36, 39, 42, 52, 58, 68, 76, 81, 88, 90, 94, 105, 101, 109, 100, 111, 116, 117, 119, 121, 123, 124, 115, 55, 0, 124]"
Linear,25,exact_guidance_u,73,0,52,51,"[129, 0, 2, 6, 0, 9, 16, 13, 17, 18, 19, 51, 86, 116, 117, 122, 113, 58, 27, 28, 32, 32, 5, 0, 0, 36, 39, 42, 47, 52, 58, 68, 76, 81, 88, 90, 94, 105, 101, 109, 100, 111, 116, 117, 119, 121, 123, 124, 115, 55, 0, 124]","[0, 2, 6, 0, 9, 16, 13, 17, 18, 19, 51, 86, 116, 117, 122, 113, 58, 27, 28, 32, 32, 5, 0, 0, 36, 39, 42, 47, 52, 58, 68, 76, 81, 88, 90, 94, 105, 101, 109, 100, 111, 116, 117, 119, 121, 123, 124, 115, 55, 0, 124]"
Linear,25,exact_guidance_u,74,0,53,52,"[129, 0, 2, 6, 0, 9, 16, 13, 17, 18, 19, 51, 86, 116, 117, 122, 113, 58, 27, 28, 32, 32, 5, 0, 0, 36, 39, 42, 47, 52, 58, 68, 76, 81, 88, 90, 94, 104, 105, 101, 109, 100, 111, 116, 117, 119, 121, 123, 124, 115, 55, 0, 124]","[0, 2, 6, 0, 9, 16, 13, 17, 18, 19, 51, 86, 116, 117, 122, 113, 58, 27, 28, 32, 32, 5, 0, 0, 36, 39, 42, 47, 52, 58, 68, 76, 81, 88, 90, 94, 104, 105, 101, 109, 100, 111, 116, 117, 119, 121, 123, 124, 115, 55, 0, 124]"
Linear,25,exact_guidance_u,75,0,53,52,"[129, 0, 2, 6, 0, 9, 16, 13, 17, 18, 19, 51, 86, 116, 117, 122, 113, 58, 27, 28, 32, 32, 5, 0, 0, 36, 39, 42, 47, 52, 58, 68, 76, 81, 88, 90, 94, 104, 105, 101, 109, 100, 111, 116, 117, 119, 121, 123, 124, 115, 55, 0, 124]","[0, 2, 6, 0, 9, 16, 13, 17, 18, 19, 51, 86, 116, 117, 122, 113, 58, 27, 28, 32, 32, 5, 0, 0, 36, 39, 42, 47, 52, 58, 68, 76, 81, 88, 90, 94, 104, 105, 101, 109, 100, 111, 116, 117, 119, 121, 123, 124, 115, 55, 0, 124]"
Linear,25,exact_guidance_u,76,0,53,52,"[129, 0, 2, 6, 0, 9, 16, 13, 17, 18, 19, 51, 86, 116, 117, 122, 113, 58, 27, 28, 32, 32, 5, 0, 0, 36, 39, 42, 47, 52, 58, 68, 76, 81, 88, 90, 94, 104, 105, 101, 109, 100, 111, 116, 117, 119, 121, 123, 124, 115, 55, 0, 124]","[0, 2, 6, 0, 9, 16, 13, 17, 18, 19, 51, 86, 116, 117, 122, 113, 58, 27, 28, 32, 32, 5, 0, 0, 36, 39, 42, 47, 52, 58, 68, 76, 81, 88, 90, 94, 104, 105, 101, 109, 100, 111, 116, 117, 119, 121, 123, 124, 115, 55, 0, 124]"
Linear,25,exact_guidance_u,77,0,53,52,"[129, 0, 2, 6, 0, 9, 16, 13, 17, 18, 19, 51, 86, 116, 117, 122, 113, 58, 27, 28, 32, 32, 5, 0, 0, 36, 39, 42, 47, 52, 58, 68, 76, 81, 88, 90, 94, 104, 105, 101, 109, 100, 111, 116, 117, 119, 121, 123, 124, 115, 55, 0, 124]","[0, 2, 6, 0, 9, 16, 13, 17, 18, 19, 51, 86, 116, 117, 122, 113, 58, 27, 28, 32, 32, 5, 0, 0, 36, 39, 42, 47, 52, 58, 68, 76, 81, 88, 90, 94, 104, 105, 101, 109, 100, 111, 116, 117, 119, 121, 123, 124, 115, 55, 0, 124]"
Linear,25,exact_guidance_u,78,0,53,52,"[129, 0, 2, 6, 0, 9, 16, 13, 17, 18, 19, 51, 86, 116, 117, 122, 113, 58, 27, 28, 32, 32, 5, 0, 0, 36, 39, 42, 47, 52, 58, 68, 76, 81, 88, 90, 94, 104, 105, 101, 109, 100, 111, 116, 117, 119, 121, 123, 124, 115, 55, 0, 124]","[0, 2, 6, 0, 9, 16, 13, 17, 18, 19, 51, 86, 116, 117, 122, 113, 58, 27, 28, 32, 32, 5, 0, 0, 36, 39, 42, 47, 52, 58, 68, 76, 81, 88, 90, 94, 104, 105, 101, 109, 100, 111, 116, 117, 119, 121, 123, 124, 115, 55, 0, 124]"
Linear,25,exact_guidance_u,79,0,53,52,"[129, 0, 2, 6, 0, 9, 16, 13, 17, 18, 19, 51, 86, 116, 117, 122, 113, 58, 27, 28, 32, 32, 5, 0, 0, 36, 39, 42, 47, 52, 58, 68, 76, 81, 88, 90, 94, 104, 105, 101, 109, 100, 111, 116, 117, 119, 121, 123, 124, 115, 55, 0, 124]","[0, 2, 6, 0, 9, 16, 13, 17, 18, 19, 51, 86, 116, 117, 122, 113, 58, 27, 28, 32, 32, 5, 0, 0, 36, 39, 42, 47, 52, 58, 68, 76, 81, 88, 90, 94, 104, 105, 101, 109, 100, 111, 116, 117, 119, 121, 123, 124, 115, 55, 0, 124]"
Linear,25,exact_guidance_u,80,0,53,52,"[129, 0, 2, 6, 0, 9, 16, 13, 17, 18, 19, 51, 86, 116, 117, 122, 113, 58, 27, 28, 32, 32, 5, 0, 0, 36, 39, 42, 47, 52, 58, 68, 76, 81, 88, 90, 94, 104, 105, 101, 109, 100, 111, 116, 117, 119, 121, 123, 124, 115, 55, 0, 124]","[0, 2, 6, 0, 9, 16, 13, 17, 18, 19, 51, 86, 116, 117, 122, 113, 58, 27, 28, 32, 32, 5, 0, 0, 36, 39, 42, 47, 52, 58, 68, 76, 81, 88, 90, 94, 104, 105, 101, 109, 100, 111, 116, 117, 119, 121, 123, 124, 115, 55, 0, 124]"
Linear,25,exact_guidance_u,81,0,53,52,"[129, 0, 2, 6, 0, 9, 16, 13, 17, 18, 19, 51, 86, 116, 117, 122, 113, 58, 27, 28, 32, 32, 5, 0, 0, 36, 39, 42, 47, 52, 58, 68, 76, 81, 88, 90, 94, 104, 105, 101, 109, 100, 111, 116, 117, 119, 121, 123, 124, 115, 55, 0, 124]","[0, 2, 6, 0, 9, 16, 13, 17, 18, 19, 51, 86, 116, 117, 122, 113, 58, 27, 28, 32, 32, 5, 0, 0, 36, 39, 42, 47, 52, 58, 68, 76, 81, 88, 90, 94, 104, 105, 101, 109, 100, 111, 116, 117, 119, 121, 123, 124, 115, 55, 0, 124]"
Linear,25,exact_guidance_u,82,0,53,52,"[129, 0, 2, 6, 0, 9, 16, 13, 17, 18, 19, 51, 86, 116, 117, 122, 113, 58, 27, 28, 32, 32, 5, 0, 0, 36, 39, 42, 47, 52, 58, 68, 76, 81, 88, 90, 94, 104, 105, 101, 109, 100, 111, 116, 117, 119, 121, 123, 124, 115, 55, 0, 124]","[0, 2, 6, 0, 9, 16, 13, 17, 18, 19, 51, 86, 116, 117, 122, 113, 58, 27, 28, 32, 32, 5, 0, 0, 36, 39, 42, 47, 52, 58, 68, 76, 81, 88, 90, 94, 104, 105, 101, 109, 100, 111, 116, 117, 119, 121, 123, 124, 115, 55, 0, 124]"
Linear,25,exact_guidance_u,83,0,54,53,"[129, 0, 2, 6, 0, 9, 16, 13, 17, 18, 19, 51, 86, 116, 117, 122, 113, 58, 27, 28, 32, 32, 5, 0, 0, 36, 39, 42, 47, 52, 58, 68, 76, 81, 88, 90, 94, 104, 105, 107, 101, 109, 100, 111, 116, 117, 119, 121, 123, 124, 115, 55, 0, 124]","[0, 2, 6, 0, 9, 16, 13, 17, 18, 19, 51, 86, 116, 117, 122, 113, 58, 27, 28, 32, 32, 5, 0, 0, 36, 39, 42, 47, 52, 58, 68, 76, 81, 88, 90, 94, 104, 105, 107, 101, 109, 100, 111, 116, 117, 119, 121, 123, 124, 115, 55, 0, 124]"
Linear,25,exact_guidance_u,84,0,54,53,"[129, 0, 2, 6, 0, 9, 16, 13, 17, 18, 19, 51, 86, 116, 117, 122, 113, 58, 27, 28, 32, 32, 5, 0, 0, 36, 39, 42, 47, 52, 58, 68, 76, 81, 88, 90, 94, 104, 105, 107, 101, 109, 100, 111, 116, 117, 119, 121, 123, 124, 115, 55, 0, 124]","[0, 2, 6, 0, 9, 16, 13, 17, 18, 19, 51, 86, 116, 117, 122, 113, 58, 27, 28, 32, 32, 5, 0, 0, 36, 39, 42, 47, 52, 58, 68, 76, 81, 88, 90, 94, 104, 105, 107, 101, 109, 100, 111, 116, 117, 119, 121, 123, 124, 115, 55, 0, 124]"
Linear,25,exact_guidance_u,85,0,54,53,"[129, 0, 2, 6, 0, 9, 16, 13, 17, 18, 19, 51, 86, 116, 117, 122, 113, 58, 27, 28, 32, 32, 5, 0, 0, 36, 39, 42, 47, 52, 58, 68, 76, 81, 88, 90, 94, 104, 105, 107, 101, 109, 100, 111, 116, 117, 119, 121, 123, 124, 115, 55, 0, 124]","[0, 2, 6, 0, 9, 16, 13, 17, 18, 19, 51, 86, 116, 117, 122, 113, 58, 27, 28, 32, 32, 5, 0, 0, 36, 39, 42, 47, 52, 58, 68, 76, 81, 88, 90, 94, 104, 105, 107, 101, 109, 100, 111, 116, 117, 119, 121, 123, 124, 115, 55, 0, 124]"
Linear,25,exact_guidance_u,86,0,54,53,"[129, 0, 2, 6, 0, 9, 16, 13, 17, 18, 19, 51, 86, 116, 117, 122, 113, 58, 27, 28, 32, 32, 5, 0, 0, 36, 39, 42, 47, 52, 58, 68, 76, 81, 88, 90, 94, 104, 105, 107, 101, 109, 100, 111, 116, 117, 119, 121, 123, 124, 115, 55, 0, 124]","[0, 2, 6, 0, 9, 16, 13, 17, 18, 19, 51, 86, 116, 117, 122, 113, 58, 27, 28, 32, 32, 5, 0, 0, 36, 39, 42, 47, 52, 58, 68, 76, 81, 88, 90, 94, 104, 105, 107, 101, 109, 100, 111, 116, 117, 119, 121, 123, 124, 115, 55, 0, 124]"
Linear,25,exact_guidance_u,87,0,54,53,"[129, 0, 2, 6, 0, 9, 16, 13, 17, 18, 19, 51, 86, 116, 117, 122, 113, 58, 27, 28, 32, 32, 5, 0, 0, 36, 39, 42, 47, 52, 58, 68, 76, 81, 88, 90, 94, 104, 105, 107, 101, 109, 100, 111, 116, 117, 119, 121, 123, 124, 115, 55, 0, 124]","[0, 2, 6, 0, 9, 16, 13, 17, 18, 19, 51, 86, 116, 117, 122, 113, 58, 27, 28, 32, 32, 5, 0, 0, 36, 39, 42, 47, 52, 58, 68, 76, 81, 88, 90, 94, 104, 105, 107, 101, 109, 100, 111, 116, 117, 119, 121, 123, 124, 115, 55, 0, 124]"
Linear,25,exact_guidance_u,88,0,54,53,"[129, 0, 2, 6, 0, 9, 16, 13, 17, 18, 19, 51, 86, 116, 117, 122, 113, 58, 27, 28, 32, 32, 5, 0, 0, 36, 39, 42, 47, 52, 58, 68, 76, 81, 88, 90, 94, 104, 105, 107, 101, 109, 100, 111, 116, 117, 119, 121, 123, 124, 115, 55, 0, 124]","[0, 2, 6, 0, 9, 16, 13, 17, 18, 19, 51, 86, 116, 117, 122, 113, 58, 27, 28, 32, 32, 5, 0, 0, 36, 39, 42, 47, 52, 58, 68, 76, 81, 88, 90, 94, 104, 105, 107, 101, 109, 100, 111, 116, 117, 119, 121, 123, 124, 115, 55, 0, 124]"
Linear,25,exact_guidance_u,89,0,54,53,"[129, 0, 2, 6, 0, 9, 16, 13, 17, 18, 19, 51, 86, 116, 117, 122, 113, 58, 27, 28, 32, 32, 5, 0, 0, 36, 39, 42, 47, 52, 58, 68, 76, 81, 88, 90, 94, 104, 105, 107, 101, 109, 100, 111, 116, 117, 119, 121, 123, 124, 115, 55, 0, 124]","[0, 2, 6, 0, 9, 16, 13, 17, 18, 19, 51, 86, 116, 117, 122, 113, 58, 27, 28, 32, 32, 5, 0, 0, 36, 39, 42, 47, 52, 58, 68, 76, 81, 88, 90, 94, 104, 105, 107, 101, 109, 100, 111, 116, 117, 119, 121, 123, 124, 115, 55, 0, 124]"
Linear,25,exact_guidance_u,90,0,54,53,"[129, 0, 2, 6, 0, 9, 16, 13, 17, 18, 19, 51, 86, 116, 117, 122, 113, 58, 27, 28, 32, 32, 5, 0, 0, 36, 39, 42, 47, 52, 58, 68, 76, 81, 88, 90, 94, 104, 105, 107, 101, 109, 100, 111, 116, 117, 119, 121, 123, 124, 115, 55, 0, 124]","[0, 2, 6, 0, 9, 16, 13, 17, 18, 19, 51, 86, 116, 117, 122, 113, 58, 27, 28, 32, 32, 5, 0, 0, 36, 39, 42, 47, 52, 58, 68, 76, 81, 88, 90, 94, 104, 105, 107, 101, 109, 100, 111, 116, 117, 119, 121, 123, 124, 115, 55, 0, 124]"
Linear,25,exact_guidance_u,91,0,54,53,"[129, 0, 2, 6, 0, 9, 16, 13, 17, 18, 19, 51, 86, 116, 117, 122, 113, 58, 27, 28, 32, 32, 5, 0, 0, 36, 39, 42, 47, 52, 58, 68, 76, 81, 88, 90, 94, 104, 105, 107, 101, 109, 100, 111, 116, 117, 119, 121, 123, 124, 115, 55, 0, 124]","[0, 2, 6, 0, 9, 16, 13, 17, 18, 19, 51, 86, 116, 117, 122, 113, 58, 27, 28, 32, 32, 5, 0, 0, 36, 39, 42, 47, 52, 58, 68, 76, 81, 88, 90, 94, 104, 105, 107, 101, 109, 100, 111, 116, 117, 119, 121, 123, 124, 115, 55, 0, 124]"
Linear,25,exact_guidance_u,92,0,54,53,"[129, 0, 2, 6, 0, 9, 16, 13, 17, 18, 19, 51, 86, 116, 117, 122, 113, 58, 27, 28, 32, 32, 5, 0, 0, 36, 39, 42, 47, 52, 58, 68, 76, 81, 88, 90, 94, 104, 105, 107, 101, 109, 100, 111, 116, 117, 119, 121, 123, 124, 115, 55, 0, 124]","[0, 2, 6, 0, 9, 16, 13, 17, 18, 19, 51, 86, 116, 117, 122, 113, 58, 27, 28, 32, 32, 5, 0, 0, 36, 39, 42, 47, 52, 58, 68, 76, 81, 88, 90, 94, 104, 105, 107, 101, 109, 100, 111, 116, 117, 119, 121, 123, 124, 115, 55, 0, 124]"
Linear,25,exact_guidance_u,93,0,54,53,"[129, 0, 2, 6, 0, 9, 16, 13, 17, 18, 19, 51, 86, 116, 117, 122, 113, 58, 27, 28, 32, 32, 5, 0, 0, 36, 39, 42, 47, 52, 58, 68, 76, 81, 88, 90, 94, 104, 105, 107, 101, 109, 100, 111, 116, 117, 119, 121, 123, 124, 115, 55, 0, 124]","[0, 2, 6, 0, 9, 16, 13, 17, 18, 19, 51, 86, 116, 117, 122, 113, 58, 27, 28, 32, 32, 5, 0, 0, 36, 39, 42, 47, 52, 58, 68, 76, 81, 88, 90, 94, 104, 105, 107, 101, 109, 100, 111, 116, 117, 119, 121, 123, 124, 115, 55, 0, 124]"
Linear,25,exact_guidance_u,94,0,54,53,"[129, 0, 2, 6, 0, 9, 16, 13, 17, 18, 19, 51, 86, 116, 117, 122, 113, 58, 27, 28, 32, 32, 5, 0, 0, 36, 39, 42, 47, 52, 58, 68, 76, 81, 88, 90, 94, 104, 105, 107, 101, 109, 100, 111, 116, 117, 119, 121, 123, 124, 115, 55, 0, 124]","[0, 2, 6, 0, 9, 16, 13, 17, 18, 19, 51, 86, 116, 117, 122, 113, 58, 27, 28, 32, 32, 5, 0, 0, 36, 39, 42, 47, 52, 58, 68, 76, 81, 88, 90, 94, 104, 105, 107, 101, 109, 100, 111, 116, 117, 119, 121, 123, 124, 115, 55, 0, 124]"
Linear,25,exact_guidance_u,95,0,54,53,"[129, 0, 2, 6, 0, 9, 16, 13, 17, 18, 19, 51, 86, 116, 117, 122, 113, 58, 27, 28, 32, 32, 5, 0, 0, 36, 39, 42, 47, 52, 58, 68, 76, 81, 88, 90, 94, 104, 105, 107, 101, 109, 100, 111, 116, 117, 119, 121, 123, 124, 115, 55, 0, 124]","[0, 2, 6, 0, 9, 16, 13, 17, 18, 19, 51, 86, 116, 117, 122, 113, 58, 27, 28, 32, 32, 5, 0, 0, 36, 39, 42, 47, 52, 58, 68, 76, 81, 88, 90, 94, 104, 105, 107, 101, 109, 100, 111, 116, 117, 119, 121, 123, 124, 115, 55, 0, 124]"
Linear,25,exact_guidance_u,96,0,54,53,"[129, 0, 2, 6, 0, 9, 16, 13, 17, 18, 19, 51, 86, 116, 117, 122, 113, 58, 27, 28, 32, 32, 5, 0, 0, 36, 39, 42, 47, 52, 58, 68, 76, 81, 88, 90, 94, 104, 105, 107, 101, 109, 100, 111, 116, 117, 119, 121, 123, 124, 115, 55, 0, 124]","[0, 2, 6, 0, 9, 16, 13, 17, 18, 19, 51, 86, 116, 117, 122, 113, 58, 27, 28, 32, 32, 5, 0, 0, 36, 39, 42, 47, 52, 58, 68, 76, 81, 88, 90, 94, 104, 105, 107, 101, 109, 100, 111, 116, 117, 119, 121, 123, 124, 115, 55, 0, 124]"
Linear,25,exact_guidance_u,97,0,54,53,"[129, 0, 2, 6, 0, 9, 16, 13, 17, 18, 19, 51, 86, 116, 117, 122, 113, 58, 27, 28, 32, 32, 5, 0, 0, 36, 39, 42, 47, 52, 58, 68, 76, 81, 88, 90, 94, 104, 105, 107, 101, 109, 100, 111, 116, 117, 119, 121, 123, 124, 115, 55, 0, 124]","[0, 2, 6, 0, 9, 16, 13, 17, 18, 19, 51, 86, 116, 117, 122, 113, 58, 27, 28, 32, 32, 5, 0, 0, 36, 39, 42, 47, 52, 58, 68, 76, 81, 88, 90, 94, 104, 105, 107, 101, 109, 100, 111, 116, 117, 119, 121, 123, 124, 115, 55, 0, 124]"
Linear,25,exact_guidance_u,98,0,54,53,"[129, 0, 2, 6, 0, 9, 16, 13, 17, 18, 19, 51, 86, 116, 117, 122, 113, 58, 27, 28, 32, 32, 5, 0, 0, 36, 39, 42, 47, 52, 58, 68, 76, 81, 88, 90, 94, 104, 105, 107, 101, 109, 100, 111, 116, 117, 119, 121, 123, 124, 115, 55, 0, 124]","[0, 2, 6, 0, 9, 16, 13, 17, 18, 19, 51, 86, 116, 117, 122, 113, 58, 27, 28, 32, 32, 5, 0, 0, 36, 39, 42, 47, 52, 58, 68, 76, 81, 88, 90, 94, 104, 105, 107, 101, 109, 100, 111, 116, 117, 119, 121, 123, 124, 115, 55, 0, 124]"
Linear,25,exact_guidance_u,99,0,54,53,"[129, 0, 2, 6, 0, 9, 16, 13, 17, 18, 19, 51, 86, 116, 117, 122, 113, 58, 27, 28, 32, 32, 5, 0, 0, 36, 39, 42, 47, 52, 58, 68, 76, 81, 88, 90, 94, 104, 105, 107, 101, 109, 100, 111, 116, 117, 119, 121, 123, 124, 115, 55, 0, 124]","[0, 2, 6, 0, 9, 16, 13, 17, 18, 19, 51, 86, 116, 117, 122, 113, 58, 27, 28, 32, 32, 5, 0, 0, 36, 39, 42, 47, 52, 58, 68, 76, 81, 88, 90, 94, 104, 105, 107, 101, 109, 100, 111, 116, 117, 119, 121, 123, 124, 115, 55, 0, 124]"
Linear,25,exact_guidance_u,100,0,54,53,"[129, 0, 2, 6, 0, 9, 16, 13, 17, 18, 19, 51, 86, 116, 117, 122, 113, 58, 27, 28, 32, 32, 5, 0, 0, 36, 39, 42, 47, 52, 58, 68, 76, 81, 88, 90, 94, 104, 105, 107, 101, 109, 100, 111, 116, 117, 119, 121, 123, 124, 115, 55, 0, 124]","[0, 2, 6, 0, 9, 16, 13, 17, 18, 19, 51, 86, 116, 117, 122, 113, 58, 27, 28, 32, 32, 5, 0, 0, 36, 39, 42, 47, 52, 58, 68, 76, 81, 88, 90, 94, 104, 105, 107, 101, 109, 100, 111, 116, 117, 119, 121, 123, 124, 115, 55, 0, 124]"
Linear,25,exact_guidance_u,101,0,54,53,"[129, 0, 2, 6, 0, 9, 16, 13, 17, 18, 19, 51, 86, 116, 117, 122, 113, 58, 27, 28, 32, 32, 5, 0, 0, 36, 39, 42, 47, 52, 58, 68, 76, 81, 88, 90, 94, 104, 105, 107, 101, 109, 100, 111, 116, 117, 119, 121, 123, 124, 115, 55, 0, 124]","[0, 2, 6, 0, 9, 16, 13, 17, 18, 19, 51, 86, 116, 117, 122, 113, 58, 27, 28, 32, 32, 5, 0, 0, 36, 39, 42, 47, 52, 58, 68, 76, 81, 88, 90, 94, 104, 105, 107, 101, 109, 100, 111, 116, 117, 119, 121, 123, 124, 115, 55, 0, 124]"
Linear,25,exact_guidance_u,102,0,54,53,"[129, 0, 2, 6, 0, 9, 16, 13, 17, 18, 19, 51, 86, 116, 117, 122, 113, 58, 27, 28, 32, 32, 5, 0, 0, 36, 39, 42, 47, 52, 58, 68, 76, 81, 88, 90, 94, 104, 105, 107, 101, 109, 100, 111, 116, 117, 119, 121, 123, 124, 115, 55, 0, 124]","[0, 2, 6, 0, 9, 16, 13, 17, 18, 19, 51, 86, 116, 117, 122, 113, 58, 27, 28, 32, 32, 5, 0, 0, 36, 39, 42, 47, 52, 58, 68, 76, 81, 88, 90, 94, 104, 105, 107, 101, 109, 100, 111, 116, 117, 119, 121, 123, 124, 115, 55, 0, 124]"
Linear,25,exact_guidance_u,103,0,54,53,"[129, 0, 2, 6, 0, 9, 16, 13, 17, 18, 19, 51, 86, 116, 117, 122, 113, 58, 27, 28, 32, 32, 5, 0, 0, 36, 39, 42, 47, 52, 58, 68, 76, 81, 88, 90, 94, 104, 105, 107, 101, 109, 100, 111, 116, 117, 119, 121, 123, 124, 115, 55, 0, 124]","[0, 2, 6, 0, 9, 16, 13, 17, 18, 19, 51, 86, 116, 117, 122, 113, 58, 27, 28, 32, 32, 5, 0, 0, 36, 39, 42, 47, 52, 58, 68, 76, 81, 88, 90, 94, 104, 105, 107, 101, 109, 100, 111, 116, 117, 119, 121, 123, 124, 115, 55, 0, 124]"
Linear,25,exact_guidance_u,104,0,55,54,"[129, 0, 2, 6, 0, 9, 16, 13, 17, 18, 19, 51, 86, 116, 117, 122, 113, 58, 27, 28, 32, 32, 5, 0, 0, 0, 36, 39, 42, 47, 52, 58, 68, 76, 81, 88, 90, 94, 104, 105, 107, 101, 109, 100, 111, 116, 117, 119, 121, 123, 124, 115, 55, 0, 124]","[0, 2, 6, 0, 9, 16, 13, 17, 18, 19, 51, 86, 116, 117, 122, 113, 58, 27, 28, 32, 32, 5, 0, 0, 0, 36, 39, 42, 47, 52, 58, 68, 76, 81, 88, 90, 94, 104, 105, 107, 101, 109, 100, 111, 116, 117, 119, 121, 123, 124, 115, 55, 0, 124]"
Linear,25,exact_guidance_u,105,0,55,54,"[129, 0, 2, 6, 0, 9, 16, 13, 17, 18, 19, 51, 86, 116, 117, 122, 113, 58, 27, 28, 32, 32, 5, 0, 0, 0, 36, 39, 42, 47, 52, 58, 68, 76, 81, 88, 90, 94, 104, 105, 107, 101, 109, 100, 111, 116, 117, 119, 121, 123, 124, 115, 55, 0, 124]","[0, 2, 6, 0, 9, 16, 13, 17, 18, 19, 51, 86, 116, 117, 122, 113, 58, 27, 28, 32, 32, 5, 0, 0, 0, 36, 39, 42, 47, 52, 58, 68, 76, 81, 88, 90, 94, 104, 105, 107, 101, 109, 100, 111, 116, 117, 119, 121, 123, 124, 115, 55, 0, 124]"
Linear,25,exact_guidance_u,106,0,55,54,"[129, 0, 2, 6, 0, 9, 16, 13, 17, 18, 19, 51, 86, 116, 117, 122, 113, 58, 27, 28, 32, 32, 5, 0, 0, 0, 36, 39, 42, 47, 52, 58, 68, 76, 81, 88, 90, 94, 104, 105, 107, 101, 109, 100, 111, 116, 117, 119, 121, 123, 124, 115, 55, 0, 124]","[0, 2, 6, 0, 9, 16, 13, 17, 18, 19, 51, 86, 116, 117, 122, 113, 58, 27, 28, 32, 32, 5, 0, 0, 0, 36, 39, 42, 47, 52, 58, 68, 76, 81, 88, 90, 94, 104, 105, 107, 101, 109, 100, 111, 116, 117, 119, 121, 123, 124, 115, 55, 0, 124]"
Linear,25,exact_guidance_u,107,0,55,54,"[129, 0, 2, 6, 0, 9, 16, 13, 17, 18, 19, 51, 86, 116, 117, 122, 113, 58, 27, 28, 32, 32, 5, 0, 0, 0, 36, 39, 42, 47, 52, 58, 68, 76, 81, 88, 90, 94, 104, 105, 107, 101, 109, 100, 111, 116, 117, 119, 121, 123, 124, 115, 55, 0, 124]","[0, 2, 6, 0, 9, 16, 13, 17, 18, 19, 51, 86, 116, 117, 122, 113, 58, 27, 28, 32, 32, 5, 0, 0, 0, 36, 39, 42, 47, 52, 58, 68, 76, 81, 88, 90, 94, 104, 105, 107, 101, 109, 100, 111, 116, 117, 119, 121, 123, 124, 115, 55, 0, 124]"
Linear,25,exact_guidance_u,108,0,55,54,"[129, 0, 2, 6, 0, 9, 16, 13, 17, 18, 19, 51, 86, 116, 117, 122, 113, 58, 27, 28, 32, 32, 5, 0, 0, 0, 36, 39, 42, 47, 52, 58, 68, 76, 81, 88, 90, 94, 104, 105, 107, 101, 109, 100, 111, 116, 117, 119, 121, 123, 124, 115, 55, 0, 124]","[0, 2, 6, 0, 9, 16, 13, 17, 18, 19, 51, 86, 116, 117, 122, 113, 58, 27, 28, 32, 32, 5, 0, 0, 0, 36, 39, 42, 47, 52, 58, 68, 76, 81, 88, 90, 94, 104, 105, 107, 101, 109, 100, 111, 116, 117, 119, 121, 123, 124, 115, 55, 0, 124]"
Linear,25,exact_guidance_u,109,0,55,54,"[129, 0, 2, 6, 0, 9, 16, 13, 17, 18, 19, 51, 86, 116, 117, 122, 113, 58, 27, 28, 32, 32, 5, 0, 0, 0, 36, 39, 42, 47, 52, 58, 68, 76, 81, 88, 90, 94, 104, 105, 107, 101, 109, 100, 111, 116, 117, 119, 121, 123, 124, 115, 55, 0, 124]","[0, 2, 6, 0, 9, 16, 13, 17, 18, 19, 51, 86, 116, 117, 122, 113, 58, 27, 28, 32, 32, 5, 0, 0, 0, 36, 39, 42, 47, 52, 58, 68, 76, 81, 88, 90, 94, 104, 105, 107, 101, 109, 100, 111, 116, 117, 119, 121, 123, 124, 115, 55, 0, 124]"
Linear,25,exact_guidance_u,110,0,56,55,"[129, 0, 2, 6, 0, 9, 16, 13, 17, 18, 19, 51, 86, 116, 117, 122, 113, 58, 27, 28, 32, 32, 16, 5, 0, 0, 0, 36, 39, 42, 47, 52, 58, 68, 76, 81, 88, 90, 94, 104, 105, 107, 101, 109, 100, 111, 116, 117, 119, 121, 123, 124, 115, 55, 0, 124]","[0, 2, 6, 0, 9, 16, 13, 17, 18, 19, 51, 86, 116, 117, 122, 113, 58, 27, 28, 32, 32, 16, 5, 0, 0, 0, 36, 39, 42, 47, 52, 58, 68, 76, 81, 88, 90, 94, 104, 105, 107, 101, 109, 100, 111, 116, 117, 119, 121, 123, 124, 115, 55, 0, 124]"
Linear,25,exact_guidance_u,111,0,56,55,"[129, 0, 2, 6, 0, 9, 16, 13, 17, 18, 19, 51, 86, 116, 117, 122, 113, 58, 27, 28, 32, 32, 16, 5, 0, 0, 0, 36, 39, 42, 47, 52, 58, 68, 76, 81, 88, 90, 94, 104, 105, 107, 101, 109, 100, 111, 116, 117, 119, 121, 123, 124, 115, 55, 0, 124]","[0, 2, 6, 0, 9, 16, 13, 17, 18, 19, 51, 86, 116, 117, 122, 113, 58, 27, 28, 32, 32, 16, 5, 0, 0, 0, 36, 39, 42, 47, 52, 58, 68, 76, 81, 88, 90, 94, 104, 105, 107, 101, 109, 100, 111, 116, 117, 119, 121, 123, 124, 115, 55, 0, 124]"
Linear,25,exact_guidance_u,112,0,56,55,"[129, 0, 2, 6, 0, 9, 16, 13, 17, 18, 19, 51, 86, 116, 117, 122, 113, 58, 27, 28, 32, 32, 16, 5, 0, 0, 0, 36, 39, 42, 47, 52, 58, 68, 76, 81, 88, 90, 94, 104, 105, 107, 101, 109, 100, 111, 116, 117, 119, 121, 123, 124, 115, 55, 0, 124]","[0, 2, 6, 0, 9, 16, 13, 17, 18, 19, 51, 86, 116, 117, 122, 113, 58, 27, 28, 32, 32, 16, 5, 0, 0, 0, 36, 39, 42, 47, 52, 58, 68, 76, 81, 88, 90, 94, 104, 105, 107, 101, 109, 100, 111, 116, 117, 119, 121, 123, 124, 115, 55, 0, 124]"
Linear,25,exact_guidance_u,113,0,56,55,"[129, 0, 2, 6, 0, 9, 16, 13, 17, 18, 19, 51, 86, 116, 117, 122, 113, 58, 27, 28, 32, 32, 16, 5, 0, 0, 0, 36, 39, 42, 47, 52, 58, 68, 76, 81, 88, 90, 94, 104, 105, 107, 101, 109, 100, 111, 116, 117, 119, 121, 123, 124, 115, 55, 0, 124]","[0, 2, 6, 0, 9, 16, 13, 17, 18, 19, 51, 86, 116, 117, 122, 113, 58, 27, 28, 32, 32, 16, 5, 0, 0, 0, 36, 39, 42, 47, 52, 58, 68, 76, 81, 88, 90, 94, 104, 105, 107, 101, 109, 100, 111, 116, 117, 119, 121, 123, 124, 115, 55, 0, 124]"
Linear,25,exact_guidance_u,114,0,57,56,"[129, 0, 2, 6, 0, 9, 16, 13, 17, 18, 19, 36, 51, 86, 116, 117, 122, 113, 58, 27, 28, 32, 32, 16, 5, 0, 0, 0, 36, 39, 42, 47, 52, 58, 68, 76, 81, 88, 90, 94, 104, 105, 107, 101, 109, 100, 111, 116, 117, 119, 121, 123, 124, 115, 55, 0, 124]","[0, 2, 6, 0, 9, 16, 13, 17, 18, 19, 36, 51, 86, 116, 117, 122, 113, 58, 27, 28, 32, 32, 16, 5, 0, 0, 0, 36, 39, 42, 47, 52, 58, 68, 76, 81, 88, 90, 94, 104, 105, 107, 101, 109, 100, 111, 116, 117, 119, 121, 123, 124, 115, 55, 0, 124]"
Linear,25,exact_guidance_u,115,0,57,56,"[129, 0, 2, 6, 0, 9, 16, 13, 17, 18, 19, 36, 51, 86, 116, 117, 122, 113, 58, 27, 28, 32, 32, 16, 5, 0, 0, 0, 36, 39, 42, 47, 52, 58, 68, 76, 81, 88, 90, 94, 104, 105, 107, 101, 109, 100, 111, 116, 117, 119, 121, 123, 124, 115, 55, 0, 124]","[0, 2, 6, 0, 9, 16, 13, 17, 18, 19, 36, 51, 86, 116, 117, 122, 113, 58, 27, 28, 32, 32, 16, 5, 0, 0, 0, 36, 39, 42, 47, 52, 58, 68, 76, 81, 88, 90, 94, 104, 105, 107, 101, 109, 100, 111, 116, 117, 119, 121, 123, 124, 115, 55, 0, 124]"
Linear,25,exact_guidance_u,116,0,57,56,"[129, 0, 2, 6, 0, 9, 16, 13, 17, 18, 19, 36, 51, 86, 116, 117, 122, 113, 58, 27, 28, 32, 32, 16, 5, 0, 0, 0, 36, 39, 42, 47, 52, 58, 68, 76, 81, 88, 90, 94, 104, 105, 107, 101, 109, 100, 111, 116, 117, 119, 121, 123, 124, 115, 55, 0, 124]","[0, 2, 6, 0, 9, 16, 13, 17, 18, 19, 36, 51, 86, 116, 117, 122, 113, 58, 27, 28, 32, 32, 16, 5, 0, 0, 0, 36, 39, 42, 47, 52, 58, 68, 76, 81, 88, 90, 94, 104, 105, 107, 101, 109, 100, 111, 116, 117, 119, 121, 123, 124, 115, 55, 0, 124]"
Linear,25,exact_guidance_u,117,0,57,56,"[129, 0, 2, 6, 0, 9, 16, 13, 17, 18, 19, 36, 51, 86, 116, 117, 122, 113, 58, 27, 28, 32, 32, 16, 5, 0, 0, 0, 36, 39, 42, 47, 52, 58, 68, 76, 81, 88, 90, 94, 104, 105, 107, 101, 109, 100, 111, 116, 117, 119, 121, 123, 124, 115, 55, 0, 124]","[0, 2, 6, 0, 9, 16, 13, 17, 18, 19, 36, 51, 86, 116, 117, 122, 113, 58, 27, 28, 32, 32, 16, 5, 0, 0, 0, 36, 39, 42, 47, 52, 58, 68, 76, 81, 88, 90, 94, 104, 105, 107, 101, 109, 100, 111, 116, 117, 119, 121, 123, 124, 115, 55, 0, 124]"
Linear,25,exact_guidance_u,118,0,57,56,"[129, 0, 2, 6, 0, 9, 16, 13, 17, 18, 19, 36, 51, 86, 116, 117, 122, 113, 58, 27, 28, 32, 32, 16, 5, 0, 0, 0, 36, 39, 42, 47, 52, 58, 68, 76, 81, 88, 90, 94, 104, 105, 107, 101, 109, 100, 111, 116, 117, 119, 121, 123, 124, 115, 55, 0, 124]","[0, 2, 6, 0, 9, 16, 13, 17, 18, 19, 36, 51, 86, 116, 117, 122, 113, 58, 27, 28, 32, 32, 16, 5, 0, 0, 0, 36, 39, 42, 47, 52, 58, 68, 76, 81, 88, 90, 94, 104, 105, 107, 101, 109, 100, 111, 116, 117, 119, 121, 123, 124, 115, 55, 0, 124]"
Linear,25,exact_guidance_u,119,0,57,56,"[129, 0, 2, 6, 0, 9, 16, 13, 17, 18, 19, 36, 51, 86, 116, 117, 122, 113, 58, 27, 28, 32, 32, 16, 5, 0, 0, 0, 36, 39, 42, 47, 52, 58, 68, 76, 81, 88, 90, 94, 104, 105, 107, 101, 109, 100, 111, 116, 117, 119, 121, 123, 124, 115, 55, 0, 124]","[0, 2, 6, 0, 9, 16, 13, 17, 18, 19, 36, 51, 86, 116, 117, 122, 113, 58, 27, 28, 32, 32, 16, 5, 0, 0, 0, 36, 39, 42, 47, 52, 58, 68, 76, 81, 88, 90, 94, 104, 105, 107, 101, 109, 100, 111, 116, 117, 119, 121, 123, 124, 115, 55, 0, 124]"
Linear,25,exact_guidance_u,120,0,57,56,"[129, 0, 2, 6, 0, 9, 16, 13, 17, 18, 19, 36, 51, 86, 116, 117, 122, 113, 58, 27, 28, 32, 32, 16, 5, 0, 0, 0, 36, 39, 42, 47, 52, 58, 68, 76, 81, 88, 90, 94, 104, 105, 107, 101, 109, 100, 111, 116, 117, 119, 121, 123, 124, 115, 55, 0, 124]","[0, 2, 6, 0, 9, 16, 13, 17, 18, 19, 36, 51, 86, 116, 117, 122, 113, 58, 27, 28, 32, 32, 16, 5, 0, 0, 0, 36, 39, 42, 47, 52, 58, 68, 76, 81, 88, 90, 94, 104, 105, 107, 101, 109, 100, 111, 116, 117, 119, 121, 123, 124, 115, 55, 0, 124]"
Linear,25,exact_guidance_u,121,0,57,56,"[129, 0, 2, 6, 0, 9, 16, 13, 17, 18, 19, 36, 51, 86, 116, 117, 122, 113, 58, 27, 28, 32, 32, 16, 5, 0, 0, 0, 36, 39, 42, 47, 52, 58, 68, 76, 81, 88, 90, 94, 104, 105, 107, 101, 109, 100, 111, 116, 117, 119, 121, 123, 124, 115, 55, 0, 124]","[0, 2, 6, 0, 9, 16, 13, 17, 18, 19, 36, 51, 86, 116, 117, 122, 113, 58, 27, 28, 32, 32, 16, 5, 0, 0, 0, 36, 39, 42, 47, 52, 58, 68, 76, 81, 88, 90, 94, 104, 105, 107, 101, 109, 100, 111, 116, 117, 119, 121, 123, 124, 115, 55, 0, 124]"
Linear,25,exact_guidance_u,122,0,58,57,"[129, 0, 2, 6, 0, 9, 16, 13, 17, 18, 19, 36, 51, 86, 116, 117, 122, 113, 85, 58, 27, 28, 32, 32, 16, 5, 0, 0, 0, 36, 39, 42, 47, 52, 58, 68, 76, 81, 88, 90, 94, 104, 105, 107, 101, 109, 100, 111, 116, 117, 119, 121, 123, 124, 115, 55, 0, 124]","[0, 2, 6, 0, 9, 16, 13, 17, 18, 19, 36, 51, 86, 116, 117, 122, 113, 85, 58, 27, 28, 32, 32, 16, 5, 0, 0, 0, 36, 39, 42, 47, 52, 58, 68, 76, 81, 88, 90, 94, 104, 105, 107, 101, 109, 100, 111, 116, 117, 119, 121, 123, 124, 115, 55, 0, 124]"
Linear,25,exact_guidance_u,123,0,58,57,"[129, 0, 2, 6, 0, 9, 16, 13, 17, 18, 19, 36, 51, 86, 116, 117, 122, 113, 85, 58, 27, 28, 32, 32, 16, 5, 0, 0, 0, 36, 39, 42, 47, 52, 58, 68, 76, 81, 88, 90, 94, 104, 105, 107, 101, 109, 100, 111, 116, 117, 119, 121, 123, 124, 115, 55, 0, 124]","[0, 2, 6, 0, 9, 16, 13, 17, 18, 19, 36, 51, 86, 116, 117, 122, 113, 85, 58, 27, 28, 32, 32, 16, 5, 0, 0, 0, 36, 39, 42, 47, 52, 58, 68, 76, 81, 88, 90, 94, 104, 105, 107, 101, 109, 100, 111, 116, 117, 119, 121, 123, 124, 115, 55, 0, 124]"
Linear,25,exact_guidance_u,124,0,58,57,"[129, 0, 2, 6, 0, 9, 16, 13, 17, 18, 19, 36, 51, 86, 116, 117, 122, 113, 85, 58, 27, 28, 32, 32, 16, 5, 0, 0, 0, 36, 39, 42, 47, 52, 58, 68, 76, 81, 88, 90, 94, 104, 105, 107, 101, 109, 100, 111, 116, 117, 119, 121, 123, 124, 115, 55, 0, 124]","[0, 2, 6, 0, 9, 16, 13, 17, 18, 19, 36, 51, 86, 116, 117, 122, 113, 85, 58, 27, 28, 32, 32, 16, 5, 0, 0, 0, 36, 39, 42, 47, 52, 58, 68, 76, 81, 88, 90, 94, 104, 105, 107, 101, 109, 100, 111, 116, 117, 119, 121, 123, 124, 115, 55, 0, 124]"
Linear,25,exact_guidance_u,125,0,59,58,"[129, 0, 2, 6, 0, 9, 16, 13, 17, 18, 19, 36, 51, 86, 116, 117, 122, 113, 85, 58, 27, 28, 32, 32, 16, 5, 0, 0, 0, 36, 39, 42, 47, 52, 58, 68, 76, 81, 88, 90, 94, 104, 105, 107, 101, 109, 100, 111, 116, 117, 119, 121, 123, 124, 115, 55, 0, 74, 124]","[0, 2, 6, 0, 9, 16, 13, 17, 18, 19, 36, 51, 86, 116, 117, 122, 113, 85, 58, 27, 28, 32, 32, 16, 5, 0, 0, 0, 36, 39, 42, 47, 52, 58, 68, 76, 81, 88, 90, 94, 104, 105, 107, 101, 109, 100, 111, 116, 117, 119, 121, 123, 124, 115, 55, 0, 74, 124]"
Linear,25,exact_guidance_u,126,0,59,58,"[129, 0, 2, 6, 0, 9, 16, 13, 17, 18, 19, 36, 51, 86, 116, 117, 122, 113, 85, 58, 27, 28, 32, 32, 16, 5, 0, 0, 0, 36, 39, 42, 47, 52, 58, 68, 76, 81, 88, 90, 94, 104, 105, 107, 101, 109, 100, 111, 116, 117, 119, 121, 123, 124, 115, 55, 0, 74, 124]","[0, 2, 6, 0, 9, 16, 13, 17, 18, 19, 36, 51, 86, 116, 117, 122, 113, 85, 58, 27, 28, 32, 32, 16, 5, 0, 0, 0, 36, 39, 42, 47, 52, 58, 68, 76, 81, 88, 90, 94, 104, 105, 107, 101, 109, 100, 111, 116, 117, 119, 121, 123, 124, 115, 55, 0, 74, 124]"
Linear,25,exact_guidance_u,127,0,60,59,"[129, 0, 2, 6, 0, 9, 16, 13, 17, 18, 19, 36, 51, 86, 116, 117, 122, 113, 85, 67, 58, 27, 28, 32, 32, 16, 5, 0, 0, 0, 36, 39, 42, 47, 52, 58, 68, 76, 81, 88, 90, 94, 104, 105, 107, 101, 109, 100, 111, 116, 117, 119, 121, 123, 124, 115, 55, 0, 74, 124]","[0, 2, 6, 0, 9, 16, 13, 17, 18, 19, 36, 51, 86, 116, 117, 122, 113, 85, 67, 58, 27, 28, 32, 32, 16, 5, 0, 0, 0, 36, 39, 42, 47, 52, 58, 68, 76, 81, 88, 90, 94, 104, 105, 107, 101, 109, 100, 111, 116, 117, 119, 121, 123, 124, 115, 55, 0, 74, 124]"
Linear,25,exact_guidance_u,128,0,60,59,"[129, 0, 2, 6, 0, 9, 16, 13, 17, 18, 19, 36, 51, 86, 116, 117, 122, 113, 85, 67, 58, 27, 28, 32, 32, 16, 5, 0, 0, 0, 36, 39, 42, 47, 52, 58, 68, 76, 81, 88, 90, 94, 104, 105, 107, 101, 109, 100, 111, 116, 117, 119, 121, 123, 124, 115, 55, 0, 74, 124]","[0, 2, 6, 0, 9, 16, 13, 17, 18, 19, 36, 51, 86, 116, 117, 122, 113, 85, 67, 58, 27, 28, 32, 32, 16, 5, 0, 0, 0, 36, 39, 42, 47, 52, 58, 68, 76, 81, 88, 90, 94, 104, 105, 107, 101, 109, 100, 111, 116, 117, 119, 121, 123, 124, 115, 55, 0, 74, 124]"
Linear,25,exact_guidance_u,129,0,61,60,"[129, 0, 2, 6, 0, 9, 16, 13, 17, 18, 19, 36, 51, 86, 116, 117, 122, 113, 85, 67, 58, 27, 28, 32, 32, 16, 5, 7, 0, 0, 0, 36, 39, 42, 47, 52, 58, 68, 76, 81, 88, 90, 94, 104, 105, 107, 101, 109, 100, 111, 116, 117, 119, 121, 123, 124, 115, 55, 0, 74, 124]","[0, 2, 6, 0, 9, 16, 13, 17, 18, 19, 36, 51, 86, 116, 117, 122, 113, 85, 67, 58, 27, 28, 32, 32, 16, 5, 7, 0, 0, 0, 36, 39, 42, 47, 52, 58, 68, 76, 81, 88, 90, 94, 104, 105, 107, 101, 109, 100, 111, 116, 117, 119, 121, 123, 124, 115, 55, 0, 74, 124]"
Linear,25,exact_guidance_u,130,0,61,60,"[129, 0, 2, 6, 0, 9, 16, 13, 17, 18, 19, 36, 51, 86, 116, 117, 122, 113, 85, 67, 58, 27, 28, 32, 32, 16, 5, 7, 0, 0, 0, 36, 39, 42, 47, 52, 58, 68, 76, 81, 88, 90, 94, 104, 105, 107, 101, 109, 100, 111, 116, 117, 119, 121, 123, 124, 115, 55, 0, 74, 124]","[0, 2, 6, 0, 9, 16, 13, 17, 18, 19, 36, 51, 86, 116, 117, 122, 113, 85, 67, 58, 27, 28, 32, 32, 16, 5, 7, 0, 0, 0, 36, 39, 42, 47, 52, 58, 68, 76, 81, 88, 90, 94, 104, 105, 107, 101, 109, 100, 111, 116, 117, 119, 121, 123, 124, 115, 55, 0, 74, 124]"
Linear,25,exact_guidance_u,131,0,61,60,"[129, 0, 2, 6, 0, 9, 16, 13, 17, 18, 19, 36, 51, 86, 116, 117, 122, 113, 85, 67, 58, 27, 28, 32, 32, 16, 5, 7, 0, 0, 0, 36, 39, 42, 47, 52, 58, 68, 76, 81, 88, 90, 94, 104, 105, 107, 101, 109, 100, 111, 116, 117, 119, 121, 123, 124, 115, 55, 0, 74, 124]","[0, 2, 6, 0, 9, 16, 13, 17, 18, 19, 36, 51, 86, 116, 117, 122, 113, 85, 67, 58, 27, 28, 32, 32, 16, 5, 7, 0, 0, 0, 36, 39, 42, 47, 52, 58, 68, 76, 81, 88, 90, 94, 104, 105, 107, 101, 109, 100, 111, 116, 117, 119, 121, 123, 124, 115, 55, 0, 74, 124]"
Linear,25,exact_guidance_u,132,0,61,60,"[129, 0, 2, 6, 0, 9, 16, 13, 17, 18, 19, 36, 51, 86, 116, 117, 122, 113, 85, 67, 58, 27, 28, 32, 32, 16, 5, 7, 0, 0, 0, 36, 39, 42, 47, 52, 58, 68, 76, 81, 88, 90, 94, 104, 105, 107, 101, 109, 100, 111, 116, 117, 119, 121, 123, 124, 115, 55, 0, 74, 124]","[0, 2, 6, 0, 9, 16, 13, 17, 18, 19, 36, 51, 86, 116, 117, 122, 113, 85, 67, 58, 27, 28, 32, 32, 16, 5, 7, 0, 0, 0, 36, 39, 42, 47, 52, 58, 68, 76, 81, 88, 90, 94, 104, 105, 107, 101, 109, 100, 111, 116, 117, 119, 121, 123, 124, 115, 55, 0, 74, 124]"
Linear,25,exact_guidance_u,133,0,61,60,"[129, 0, 2, 6, 0, 9, 16, 13, 17, 18, 19, 36, 51, 86, 116, 117, 122, 113, 85, 67, 58, 27, 28, 32, 32, 16, 5, 7, 0, 0, 0, 36, 39, 42, 47, 52, 58, 68, 76, 81, 88, 90, 94, 104, 105, 107, 101, 109, 100, 111, 116, 117, 119, 121, 123, 124, 115, 55, 0, 74, 124]","[0, 2, 6, 0, 9, 16, 13, 17, 18, 19, 36, 51, 86, 116, 117, 122, 113, 85, 67, 58, 27, 28, 32, 32, 16, 5, 7, 0, 0, 0, 36, 39, 42, 47, 52, 58, 68, 76, 81, 88, 90, 94, 104, 105, 107, 101, 109, 100, 111, 116, 117, 119, 121, 123, 124, 115, 55, 0, 74, 124]"
Linear,25,exact_guidance_u,134,0,61,60,"[129, 0, 2, 6, 0, 9, 16, 13, 17, 18, 19, 36, 51, 86, 116, 117, 122, 113, 85, 67, 58, 27, 28, 32, 32, 16, 5, 7, 0, 0, 0, 36, 39, 42, 47, 52, 58, 68, 76, 81, 88, 90, 94, 104, 105, 107, 101, 109, 100, 111, 116, 117, 119, 121, 123, 124, 115, 55, 0, 74, 124]","[0, 2, 6, 0, 9, 16, 13, 17, 18, 19, 36, 51, 86, 116, 117, 122, 113, 85, 67, 58, 27, 28, 32, 32, 16, 5, 7, 0, 0, 0, 36, 39, 42, 47, 52, 58, 68, 76, 81, 88, 90, 94, 104, 105, 107, 101, 109, 100, 111, 116, 117, 119, 121, 123, 124, 115, 55, 0, 74, 124]"
Linear,25,exact_guidance_u,135,0,62,61,"[129, 0, 2, 6, 6, 0, 9, 16, 13, 17, 18, 19, 36, 51, 86, 116, 117, 122, 113, 85, 67, 58, 27, 28, 32, 32, 16, 5, 7, 0, 0, 0, 36, 39, 42, 47, 52, 58, 68, 76, 81, 88, 90, 94, 104, 105, 107, 101, 109, 100, 111, 116, 117, 119, 121, 123, 124, 115, 55, 0, 74, 124]","[0, 2, 6, 6, 0, 9, 16, 13, 17, 18, 19, 36, 51, 86, 116, 117, 122, 113, 85, 67, 58, 27, 28, 32, 32, 16, 5, 7, 0, 0, 0, 36, 39, 42, 47, 52, 58, 68, 76, 81, 88, 90, 94, 104, 105, 107, 101, 109, 100, 111, 116, 117, 119, 121, 123, 124, 115, 55, 0, 74, 124]"
Linear,25,exact_guidance_u,136,0,62,61,"[129, 0, 2, 6, 6, 0, 9, 16, 13, 17, 18, 19, 36, 51, 86, 116, 117, 122, 113, 85, 67, 58, 27, 28, 32, 32, 16, 5, 7, 0, 0, 0, 36, 39, 42, 47, 52, 58, 68, 76, 81, 88, 90, 94, 104, 105, 107, 101, 109, 100, 111, 116, 117, 119, 121, 123, 124, 115, 55, 0, 74, 124]","[0, 2, 6, 6, 0, 9, 16, 13, 17, 18, 19, 36, 51, 86, 116, 117, 122, 113, 85, 67, 58, 27, 28, 32, 32, 16, 5, 7, 0, 0, 0, 36, 39, 42, 47, 52, 58, 68, 76, 81, 88, 90, 94, 104, 105, 107, 101, 109, 100, 111, 116, 117, 119, 121, 123, 124, 115, 55, 0, 74, 124]"
Linear,25,exact_guidance_u,137,0,62,61,"[129, 0, 2, 6, 6, 0, 9, 16, 13, 17, 18, 19, 36, 51, 86, 116, 117, 122, 113, 85, 67, 58, 27, 28, 32, 32, 16, 5, 7, 0, 0, 0, 36, 39, 42, 47, 52, 58, 68, 76, 81, 88, 90, 94, 104, 105, 107, 101, 109, 100, 111, 116, 117, 119, 121, 123, 124, 115, 55, 0, 74, 124]","[0, 2, 6, 6, 0, 9, 16, 13, 17, 18, 19, 36, 51, 86, 116, 117, 122, 113, 85, 67, 58, 27, 28, 32, 32, 16, 5, 7, 0, 0, 0, 36, 39, 42, 47, 52, 58, 68, 76, 81, 88, 90, 94, 104, 105, 107, 101, 109, 100, 111, 116, 117, 119, 121, 123, 124, 115, 55, 0, 74, 124]"
Linear,25,exact_guidance_u,138,0,62,61,"[129, 0, 2, 6, 6, 0, 9, 16, 13, 17, 18, 19, 36, 51, 86, 116, 117, 122, 113, 85, 67, 58, 27, 28, 32, 32, 16, 5, 7, 0, 0, 0, 36, 39, 42, 47, 52, 58, 68, 76, 81, 88, 90, 94, 104, 105, 107, 101, 109, 100, 111, 116, 117, 119, 121, 123, 124, 115, 55, 0, 74, 124]","[0, 2, 6, 6, 0, 9, 16, 13, 17, 18, 19, 36, 51, 86, 116, 117, 122, 113, 85, 67, 58, 27, 28, 32, 32, 16, 5, 7, 0, 0, 0, 36, 39, 42, 47, 52, 58, 68, 76, 81, 88, 90, 94, 104, 105, 107, 101, 109, 100, 111, 116, 117, 119, 121, 123, 124, 115, 55, 0, 74, 124]"
Linear,25,exact_guidance_u,139,0,62,61,"[129, 0, 2, 6, 6, 0, 9, 16, 13, 17, 18, 19, 36, 51, 86, 116, 117, 122, 113, 85, 67, 58, 27, 28, 32, 32, 16, 5, 7, 0, 0, 0, 36, 39, 42, 47, 52, 58, 68, 76, 81, 88, 90, 94, 104, 105, 107, 101, 109, 100, 111, 116, 117, 119, 121, 123, 124, 115, 55, 0, 74, 124]","[0, 2, 6, 6, 0, 9, 16, 13, 17, 18, 19, 36, 51, 86, 116, 117, 122, 113, 85, 67, 58, 27, 28, 32, 32, 16, 5, 7, 0, 0, 0, 36, 39, 42, 47, 52, 58, 68, 76, 81, 88, 90, 94, 104, 105, 107, 101, 109, 100, 111, 116, 117, 119, 121, 123, 124, 115, 55, 0, 74, 124]"
Linear,25,exact_guidance_u,140,0,62,61,"[129, 0, 2, 6, 6, 0, 9, 16, 13, 17, 18, 19, 36, 51, 86, 116, 117, 122, 113, 85, 67, 58, 27, 28, 32, 32, 16, 5, 7, 0, 0, 0, 36, 39, 42, 47, 52, 58, 68, 76, 81, 88, 90, 94, 104, 105, 107, 101, 109, 100, 111, 116, 117, 119, 121, 123, 124, 115, 55, 0, 74, 124]","[0, 2, 6, 6, 0, 9, 16, 13, 17, 18, 19, 36, 51, 86, 116, 117, 122, 113, 85, 67, 58, 27, 28, 32, 32, 16, 5, 7, 0, 0, 0, 36, 39, 42, 47, 52, 58, 68, 76, 81, 88, 90, 94, 104, 105, 107, 101, 109, 100, 111, 116, 117, 119, 121, 123, 124, 115, 55, 0, 74, 124]"
Linear,25,exact_guidance_u,141,0,62,61,"[129, 0, 2, 6, 6, 0, 9, 16, 13, 17, 18, 19, 36, 51, 86, 116, 117, 122, 113, 85, 67, 58, 27, 28, 32, 32, 16, 5, 7, 0, 0, 0, 36, 39, 42, 47, 52, 58, 68, 76, 81, 88, 90, 94, 104, 105, 107, 101, 109, 100, 111, 116, 117, 119, 121, 123, 124, 115, 55, 0, 74, 124]","[0, 2, 6, 6, 0, 9, 16, 13, 17, 18, 19, 36, 51, 86, 116, 117, 122, 113, 85, 67, 58, 27, 28, 32, 32, 16, 5, 7, 0, 0, 0, 36, 39, 42, 47, 52, 58, 68, 76, 81, 88, 90, 94, 104, 105, 107, 101, 109, 100, 111, 116, 117, 119, 121, 123, 124, 115, 55, 0, 74, 124]"
Linear,25,exact_guidance_u,142,0,62,61,"[129, 0, 2, 6, 6, 0, 9, 16, 13, 17, 18, 19, 36, 51, 86, 116, 117, 122, 113, 85, 67, 58, 27, 28, 32, 32, 16, 5, 7, 0, 0, 0, 36, 39, 42, 47, 52, 58, 68, 76, 81, 88, 90, 94, 104, 105, 107, 101, 109, 100, 111, 116, 117, 119, 121, 123, 124, 115, 55, 0, 74, 124]","[0, 2, 6, 6, 0, 9, 16, 13, 17, 18, 19, 36, 51, 86, 116, 117, 122, 113, 85, 67, 58, 27, 28, 32, 32, 16, 5, 7, 0, 0, 0, 36, 39, 42, 47, 52, 58, 68, 76, 81, 88, 90, 94, 104, 105, 107, 101, 109, 100, 111, 116, 117, 119, 121, 123, 124, 115, 55, 0, 74, 124]"
Linear,25,exact_guidance_u,143,0,62,61,"[129, 0, 2, 6, 6, 0, 9, 16, 13, 17, 18, 19, 36, 51, 86, 116, 117, 122, 113, 85, 67, 58, 27, 28, 32, 32, 16, 5, 7, 0, 0, 0, 36, 39, 42, 47, 52, 58, 68, 76, 81, 88, 90, 94, 104, 105, 107, 101, 109, 100, 111, 116, 117, 119, 121, 123, 124, 115, 55, 0, 74, 124]","[0, 2, 6, 6, 0, 9, 16, 13, 17, 18, 19, 36, 51, 86, 116, 117, 122, 113, 85, 67, 58, 27, 28, 32, 32, 16, 5, 7, 0, 0, 0, 36, 39, 42, 47, 52, 58, 68, 76, 81, 88, 90, 94, 104, 105, 107, 101, 109, 100, 111, 116, 117, 119, 121, 123, 124, 115, 55, 0, 74, 124]"
Linear,25,exact_guidance_u,144,0,62,61,"[129, 0, 2, 6, 6, 0, 9, 16, 13, 17, 18, 19, 36, 51, 86, 116, 117, 122, 113, 85, 67, 58, 27, 28, 32, 32, 16, 5, 7, 0, 0, 0, 36, 39, 42, 47, 52, 58, 68, 76, 81, 88, 90, 94, 104, 105, 107, 101, 109, 100, 111, 116, 117, 119, 121, 123, 124, 115, 55, 0, 74, 124]","[0, 2, 6, 6, 0, 9, 16, 13, 17, 18, 19, 36, 51, 86, 116, 117, 122, 113, 85, 67, 58, 27, 28, 32, 32, 16, 5, 7, 0, 0, 0, 36, 39, 42, 47, 52, 58, 68, 76, 81, 88, 90, 94, 104, 105, 107, 101, 109, 100, 111, 116, 117, 119, 121, 123, 124, 115, 55, 0, 74, 124]"
Linear,25,exact_guidance_u,145,0,62,61,"[129, 0, 2, 6, 6, 0, 9, 16, 13, 17, 18, 19, 36, 51, 86, 116, 117, 122, 113, 85, 67, 58, 27, 28, 32, 32, 16, 5, 7, 0, 0, 0, 36, 39, 42, 47, 52, 58, 68, 76, 81, 88, 90, 94, 104, 105, 107, 101, 109, 100, 111, 116, 117, 119, 121, 123, 124, 115, 55, 0, 74, 124]","[0, 2, 6, 6, 0, 9, 16, 13, 17, 18, 19, 36, 51, 86, 116, 117, 122, 113, 85, 67, 58, 27, 28, 32, 32, 16, 5, 7, 0, 0, 0, 36, 39, 42, 47, 52, 58, 68, 76, 81, 88, 90, 94, 104, 105, 107, 101, 109, 100, 111, 116, 117, 119, 121, 123, 124, 115, 55, 0, 74, 124]"
Linear,25,exact_guidance_u,146,0,62,61,"[129, 0, 2, 6, 6, 0, 9, 16, 13, 17, 18, 19, 36, 51, 86, 116, 117, 122, 113, 85, 67, 58, 27, 28, 32, 32, 16, 5, 7, 0, 0, 0, 36, 39, 42, 47, 52, 58, 68, 76, 81, 88, 90, 94, 104, 105, 107, 101, 109, 100, 111, 116, 117, 119, 121, 123, 124, 115, 55, 0, 74, 124]","[0, 2, 6, 6, 0, 9, 16, 13, 17, 18, 19, 36, 51, 86, 116, 117, 122, 113, 85, 67, 58, 27, 28, 32, 32, 16, 5, 7, 0, 0, 0, 36, 39, 42, 47, 52, 58, 68, 76, 81, 88, 90, 94, 104, 105, 107, 101, 109, 100, 111, 116, 117, 119, 121, 123, 124, 115, 55, 0, 74, 124]"
Linear,25,exact_guidance_u,147,0,62,61,"[129, 0, 2, 6, 6, 0, 9, 16, 13, 17, 18, 19, 36, 51, 86, 116, 117, 122, 113, 85, 67, 58, 27, 28, 32, 32, 16, 5, 7, 0, 0, 0, 36, 39, 42, 47, 52, 58, 68, 76, 81, 88, 90, 94, 104, 105, 107, 101, 109, 100, 111, 116, 117, 119, 121, 123, 124, 115, 55, 0, 74, 124]","[0, 2, 6, 6, 0, 9, 16, 13, 17, 18, 19, 36, 51, 86, 116, 117, 122, 113, 85, 67, 58, 27, 28, 32, 32, 16, 5, 7, 0, 0, 0, 36, 39, 42, 47, 52, 58, 68, 76, 81, 88, 90, 94, 104, 105, 107, 101, 109, 100, 111, 116, 117, 119, 121, 123, 124, 115, 55, 0, 74, 124]"
Linear,25,exact_guidance_u,148,0,62,61,"[129, 0, 2, 6, 6, 0, 9, 16, 13, 17, 18, 19, 36, 51, 86, 116, 117, 122, 113, 85, 67, 58, 27, 28, 32, 32, 16, 5, 7, 0, 0, 0, 36, 39, 42, 47, 52, 58, 68, 76, 81, 88, 90, 94, 104, 105, 107, 101, 109, 100, 111, 116, 117, 119, 121, 123, 124, 115, 55, 0, 74, 124]","[0, 2, 6, 6, 0, 9, 16, 13, 17, 18, 19, 36, 51, 86, 116, 117, 122, 113, 85, 67, 58, 27, 28, 32, 32, 16, 5, 7, 0, 0, 0, 36, 39, 42, 47, 52, 58, 68, 76, 81, 88, 90, 94, 104, 105, 107, 101, 109, 100, 111, 116, 117, 119, 121, 123, 124, 115, 55, 0, 74, 124]"
Linear,25,exact_guidance_u,149,0,62,61,"[129, 0, 2, 6, 6, 0, 9, 16, 13, 17, 18, 19, 36, 51, 86, 116, 117, 122, 113, 85, 67, 58, 27, 28, 32, 32, 16, 5, 7, 0, 0, 0, 36, 39, 42, 47, 52, 58, 68, 76, 81, 88, 90, 94, 104, 105, 107, 101, 109, 100, 111, 116, 117, 119, 121, 123, 124, 115, 55, 0, 74, 124]","[0, 2, 6, 6, 0, 9, 16, 13, 17, 18, 19, 36, 51, 86, 116, 117, 122, 113, 85, 67, 58, 27, 28, 32, 32, 16, 5, 7, 0, 0, 0, 36, 39, 42, 47, 52, 58, 68, 76, 81, 88, 90, 94, 104, 105, 107, 101, 109, 100, 111, 116, 117, 119, 121, 123, 124, 115, 55, 0, 74, 124]"
Linear,25,exact_guidance_u,150,0,63,62,"[129, 0, 1, 2, 6, 6, 0, 9, 16, 13, 17, 18, 19, 36, 51, 86, 116, 117, 122, 113, 85, 67, 58, 27, 28, 32, 32, 16, 5, 7, 0, 0, 0, 36, 39, 42, 47, 52, 58, 68, 76, 81, 88, 90, 94, 104, 105, 107, 101, 109, 100, 111, 116, 117, 119, 121, 123, 124, 115, 55, 0, 74, 124]","[0, 1, 2, 6, 6, 0, 9, 16, 13, 17, 18, 19, 36, 51, 86, 116, 117, 122, 113, 85, 67, 58, 27, 28, 32, 32, 16, 5, 7, 0, 0, 0, 36, 39, 42, 47, 52, 58, 68, 76, 81, 88, 90, 94, 104, 105, 107, 101, 109, 100, 111, 116, 117, 119, 121, 123, 124, 115, 55, 0, 74, 124]"
Linear,25,exact_guidance_u,151,0,63,62,"[129, 0, 1, 2, 6, 6, 0, 9, 16, 13, 17, 18, 19, 36, 51, 86, 116, 117, 122, 113, 85, 67, 58, 27, 28, 32, 32, 16, 5, 7, 0, 0, 0, 36, 39, 42, 47, 52, 58, 68, 76, 81, 88, 90, 94, 104, 105, 107, 101, 109, 100, 111, 116, 117, 119, 121, 123, 124, 115, 55, 0, 74, 124]","[0, 1, 2, 6, 6, 0, 9, 16, 13, 17, 18, 19, 36, 51, 86, 116, 117, 122, 113, 85, 67, 58, 27, 28, 32, 32, 16, 5, 7, 0, 0, 0, 36, 39, 42, 47, 52, 58, 68, 76, 81, 88, 90, 94, 104, 105, 107, 101, 109, 100, 111, 116, 117, 119, 121, 123, 124, 115, 55, 0, 74, 124]"
Linear,25,exact_guidance_u,152,0,63,62,"[129, 0, 1, 2, 6, 6, 0, 9, 16, 13, 17, 18, 19, 36, 51, 86, 116, 117, 122, 113, 85, 67, 58, 27, 28, 32, 32, 16, 5, 7, 0, 0, 0, 36, 39, 42, 47, 52, 58, 68, 76, 81, 88, 90, 94, 104, 105, 107, 101, 109, 100, 111, 116, 117, 119, 121, 123, 124, 115, 55, 0, 74, 124]","[0, 1, 2, 6, 6, 0, 9, 16, 13, 17, 18, 19, 36, 51, 86, 116, 117, 122, 113, 85, 67, 58, 27, 28, 32, 32, 16, 5, 7, 0, 0, 0, 36, 39, 42, 47, 52, 58, 68, 76, 81, 88, 90, 94, 104, 105, 107, 101, 109, 100, 111, 116, 117, 119, 121, 123, 124, 115, 55, 0, 74, 124]"
Linear,25,exact_guidance_u,153,0,63,62,"[129, 0, 1, 2, 6, 6, 0, 9, 16, 13, 17, 18, 19, 36, 51, 86, 116, 117, 122, 113, 85, 67, 58, 27, 28, 32, 32, 16, 5, 7, 0, 0, 0, 36, 39, 42, 47, 52, 58, 68, 76, 81, 88, 90, 94, 104, 105, 107, 101, 109, 100, 111, 116, 117, 119, 121, 123, 124, 115, 55, 0, 74, 124]","[0, 1, 2, 6, 6, 0, 9, 16, 13, 17, 18, 19, 36, 51, 86, 116, 117, 122, 113, 85, 67, 58, 27, 28, 32, 32, 16, 5, 7, 0, 0, 0, 36, 39, 42, 47, 52, 58, 68, 76, 81, 88, 90, 94, 104, 105, 107, 101, 109, 100, 111, 116, 117, 119, 121, 123, 124, 115, 55, 0, 74, 124]"
Linear,25,exact_guidance_u,154,0,63,62,"[129, 0, 1, 2, 6, 6, 0, 9, 16, 13, 17, 18, 19, 36, 51, 86, 116, 117, 122, 113, 85, 67, 58, 27, 28, 32, 32, 16, 5, 7, 0, 0, 0, 36, 39, 42, 47, 52, 58, 68, 76, 81, 88, 90, 94, 104, 105, 107, 101, 109, 100, 111, 116, 117, 119, 121, 123, 124, 115, 55, 0, 74, 124]","[0, 1, 2, 6, 6, 0, 9, 16, 13, 17, 18, 19, 36, 51, 86, 116, 117, 122, 113, 85, 67, 58, 27, 28, 32, 32, 16, 5, 7, 0, 0, 0, 36, 39, 42, 47, 52, 58, 68, 76, 81, 88, 90, 94, 104, 105, 107, 101, 109, 100, 111, 116, 117, 119, 121, 123, 124, 115, 55, 0, 74, 124]"
Linear,25,exact_guidance_u,155,0,63,62,"[129, 0, 1, 2, 6, 6, 0, 9, 16, 13, 17, 18, 19, 36, 51, 86, 116, 117, 122, 113, 85, 67, 58, 27, 28, 32, 32, 16, 5, 7, 0, 0, 0, 36, 39, 42, 47, 52, 58, 68, 76, 81, 88, 90, 94, 104, 105, 107, 101, 109, 100, 111, 116, 117, 119, 121, 123, 124, 115, 55, 0, 74, 124]","[0, 1, 2, 6, 6, 0, 9, 16, 13, 17, 18, 19, 36, 51, 86, 116, 117, 122, 113, 85, 67, 58, 27, 28, 32, 32, 16, 5, 7, 0, 0, 0, 36, 39, 42, 47, 52, 58, 68, 76, 81, 88, 90, 94, 104, 105, 107, 101, 109, 100, 111, 116, 117, 119, 121, 123, 124, 115, 55, 0, 74, 124]"
Linear,25,exact_guidance_u,156,0,63,62,"[129, 0, 1, 2, 6, 6, 0, 9, 16, 13, 17, 18, 19, 36, 51, 86, 116, 117, 122, 113, 85, 67, 58, 27, 28, 32, 32, 16, 5, 7, 0, 0, 0, 36, 39, 42, 47, 52, 58, 68, 76, 81, 88, 90, 94, 104, 105, 107, 101, 109, 100, 111, 116, 117, 119, 121, 123, 124, 115, 55, 0, 74, 124]","[0, 1, 2, 6, 6, 0, 9, 16, 13, 17, 18, 19, 36, 51, 86, 116, 117, 122, 113, 85, 67, 58, 27, 28, 32, 32, 16, 5, 7, 0, 0, 0, 36, 39, 42, 47, 52, 58, 68, 76, 81, 88, 90, 94, 104, 105, 107, 101, 109, 100, 111, 116, 117, 119, 121, 123, 124, 115, 55, 0, 74, 124]"
Linear,25,exact_guidance_u,157,0,63,62,"[129, 0, 1, 2, 6, 6, 0, 9, 16, 13, 17, 18, 19, 36, 51, 86, 116, 117, 122, 113, 85, 67, 58, 27, 28, 32, 32, 16, 5, 7, 0, 0, 0, 36, 39, 42, 47, 52, 58, 68, 76, 81, 88, 90, 94, 104, 105, 107, 101, 109, 100, 111, 116, 117, 119, 121, 123, 124, 115, 55, 0, 74, 124]","[0, 1, 2, 6, 6, 0, 9, 16, 13, 17, 18, 19, 36, 51, 86, 116, 117, 122, 113, 85, 67, 58, 27, 28, 32, 32, 16, 5, 7, 0, 0, 0, 36, 39, 42, 47, 52, 58, 68, 76, 81, 88, 90, 94, 104, 105, 107, 101, 109, 100, 111, 116, 117, 119, 121, 123, 124, 115, 55, 0, 74, 124]"
Linear,25,exact_guidance_u,158,0,63,62,"[129, 0, 1, 2, 6, 6, 0, 9, 16, 13, 17, 18, 19, 36, 51, 86, 116, 117, 122, 113, 85, 67, 58, 27, 28, 32, 32, 16, 5, 7, 0, 0, 0, 36, 39, 42, 47, 52, 58, 68, 76, 81, 88, 90, 94, 104, 105, 107, 101, 109, 100, 111, 116, 117, 119, 121, 123, 124, 115, 55, 0, 74, 124]","[0, 1, 2, 6, 6, 0, 9, 16, 13, 17, 18, 19, 36, 51, 86, 116, 117, 122, 113, 85, 67, 58, 27, 28, 32, 32, 16, 5, 7, 0, 0, 0, 36, 39, 42, 47, 52, 58, 68, 76, 81, 88, 90, 94, 104, 105, 107, 101, 109, 100, 111, 116, 117, 119, 121, 123, 124, 115, 55, 0, 74, 124]"
Linear,25,exact_guidance_u,159,0,63,62,"[129, 0, 1, 2, 6, 6, 0, 9, 16, 13, 17, 18, 19, 36, 51, 86, 116, 117, 122, 113, 85, 67, 58, 27, 28, 32, 32, 16, 5, 7, 0, 0, 0, 36, 39, 42, 47, 52, 58, 68, 76, 81, 88, 90, 94, 104, 105, 107, 101, 109, 100, 111, 116, 117, 119, 121, 123, 124, 115, 55, 0, 74, 124]","[0, 1, 2, 6, 6, 0, 9, 16, 13, 17, 18, 19, 36, 51, 86, 116, 117, 122, 113, 85, 67, 58, 27, 28, 32, 32, 16, 5, 7, 0, 0, 0, 36, 39, 42, 47, 52, 58, 68, 76, 81, 88, 90, 94, 104, 105, 107, 101, 109, 100, 111, 116, 117, 119, 121, 123, 124, 115, 55, 0, 74, 124]"
Linear,25,exact_guidance_u,160,0,63,62,"[129, 0, 1, 2, 6, 6, 0, 9, 16, 13, 17, 18, 19, 36, 51, 86, 116, 117, 122, 113, 85, 67, 58, 27, 28, 32, 32, 16, 5, 7, 0, 0, 0, 36, 39, 42, 47, 52, 58, 68, 76, 81, 88, 90, 94, 104, 105, 107, 101, 109, 100, 111, 116, 117, 119, 121, 123, 124, 115, 55, 0, 74, 124]","[0, 1, 2, 6, 6, 0, 9, 16, 13, 17, 18, 19, 36, 51, 86, 116, 117, 122, 113, 85, 67, 58, 27, 28, 32, 32, 16, 5, 7, 0, 0, 0, 36, 39, 42, 47, 52, 58, 68, 76, 81, 88, 90, 94, 104, 105, 107, 101, 109, 100, 111, 116, 117, 119, 121, 123, 124, 115, 55, 0, 74, 124]"
Linear,25,exact_guidance_u,161,0,63,62,"[129, 0, 1, 2, 6, 6, 0, 9, 16, 13, 17, 18, 19, 36, 51, 86, 116, 117, 122, 113, 85, 67, 58, 27, 28, 32, 32, 16, 5, 7, 0, 0, 0, 36, 39, 42, 47, 52, 58, 68, 76, 81, 88, 90, 94, 104, 105, 107, 101, 109, 100, 111, 116, 117, 119, 121, 123, 124, 115, 55, 0, 74, 124]","[0, 1, 2, 6, 6, 0, 9, 16, 13, 17, 18, 19, 36, 51, 86, 116, 117, 122, 113, 85, 67, 58, 27, 28, 32, 32, 16, 5, 7, 0, 0, 0, 36, 39, 42, 47, 52, 58, 68, 76, 81, 88, 90, 94, 104, 105, 107, 101, 109, 100, 111, 116, 117, 119, 121, 123, 124, 115, 55, 0, 74, 124]"
Linear,25,exact_guidance_u,162,0,63,62,"[129, 0, 1, 2, 6, 6, 0, 9, 16, 13, 17, 18, 19, 36, 51, 86, 116, 117, 122, 113, 85, 67, 58, 27, 28, 32, 32, 16, 5, 7, 0, 0, 0, 36, 39, 42, 47, 52, 58, 68, 76, 81, 88, 90, 94, 104, 105, 107, 101, 109, 100, 111, 116, 117, 119, 121, 123, 124, 115, 55, 0, 74, 124]","[0, 1, 2, 6, 6, 0, 9, 16, 13, 17, 18, 19, 36, 51, 86, 116, 117, 122, 113, 85, 67, 58, 27, 28, 32, 32, 16, 5, 7, 0, 0, 0, 36, 39, 42, 47, 52, 58, 68, 76, 81, 88, 90, 94, 104, 105, 107, 101, 109, 100, 111, 116, 117, 119, 121, 123, 124, 115, 55, 0, 74, 124]"
Linear,25,exact_guidance_u,163,0,63,62,"[129, 0, 1, 2, 6, 6, 0, 9, 16, 13, 17, 18, 19, 36, 51, 86, 116, 117, 122, 113, 85, 67, 58, 27, 28, 32, 32, 16, 5, 7, 0, 0, 0, 36, 39, 42, 47, 52, 58, 68, 76, 81, 88, 90, 94, 104, 105, 107, 101, 109, 100, 111, 116, 117, 119, 121, 123, 124, 115, 55, 0, 74, 124]","[0, 1, 2, 6, 6, 0, 9, 16, 13, 17, 18, 19, 36, 51, 86, 116, 117, 122, 113, 85, 67, 58, 27, 28, 32, 32, 16, 5, 7, 0, 0, 0, 36, 39, 42, 47, 52, 58, 68, 76, 81, 88, 90, 94, 104, 105, 107, 101, 109, 100, 111, 116, 117, 119, 121, 123, 124, 115, 55, 0, 74, 124]"
Linear,25,exact_guidance_u,164,0,63,62,"[129, 0, 1, 2, 6, 6, 0, 9, 16, 13, 17, 18, 19, 36, 51, 86, 116, 117, 122, 113, 85, 67, 58, 27, 28, 32, 32, 16, 5, 7, 0, 0, 0, 36, 39, 42, 47, 52, 58, 68, 76, 81, 88, 90, 94, 104, 105, 107, 101, 109, 100, 111, 116, 117, 119, 121, 123, 124, 115, 55, 0, 74, 124]","[0, 1, 2, 6, 6, 0, 9, 16, 13, 17, 18, 19, 36, 51, 86, 116, 117, 122, 113, 85, 67, 58, 27, 28, 32, 32, 16, 5, 7, 0, 0, 0, 36, 39, 42, 47, 52, 58, 68, 76, 81, 88, 90, 94, 104, 105, 107, 101, 109, 100, 111, 116, 117, 119, 121, 123, 124, 115, 55, 0, 74, 124]"
Linear,25,exact_guidance_u,165,0,63,62,"[129, 0, 1, 2, 6, 6, 0, 9, 16, 13, 17, 18, 19, 36, 51, 86, 116, 117, 122, 113, 85, 67, 58, 27, 28, 32, 32, 16, 5, 7, 0, 0, 0, 36, 39, 42, 47, 52, 58, 68, 76, 81, 88, 90, 94, 104, 105, 107, 101, 109, 100, 111, 116, 117, 119, 121, 123, 124, 115, 55, 0, 74, 124]","[0, 1, 2, 6, 6, 0, 9, 16, 13, 17, 18, 19, 36, 51, 86, 116, 117, 122, 113, 85, 67, 58, 27, 28, 32, 32, 16, 5, 7, 0, 0, 0, 36, 39, 42, 47, 52, 58, 68, 76, 81, 88, 90, 94, 104, 105, 107, 101, 109, 100, 111, 116, 117, 119, 121, 123, 124, 115, 55, 0, 74, 124]"
Linear,25,exact_guidance_u,166,0,63,62,"[129, 0, 1, 2, 6, 6, 0, 9, 16, 13, 17, 18, 19, 36, 51, 86, 116, 117, 122, 113, 85, 67, 58, 27, 28, 32, 32, 16, 5, 7, 0, 0, 0, 36, 39, 42, 47, 52, 58, 68, 76, 81, 88, 90, 94, 104, 105, 107, 101, 109, 100, 111, 116, 117, 119, 121, 123, 124, 115, 55, 0, 74, 124]","[0, 1, 2, 6, 6, 0, 9, 16, 13, 17, 18, 19, 36, 51, 86, 116, 117, 122, 113, 85, 67, 58, 27, 28, 32, 32, 16, 5, 7, 0, 0, 0, 36, 39, 42, 47, 52, 58, 68, 76, 81, 88, 90, 94, 104, 105, 107, 101, 109, 100, 111, 116, 117, 119, 121, 123, 124, 115, 55, 0, 74, 124]"
Linear,25,exact_guidance_u,167,0,63,62,"[129, 0, 1, 2, 6, 6, 0, 9, 16, 13, 17, 18, 19, 36, 51, 86, 116, 117, 122, 113, 85, 67, 58, 27, 28, 32, 32, 16, 5, 7, 0, 0, 0, 36, 39, 42, 47, 52, 58, 68, 76, 81, 88, 90, 94, 104, 105, 107, 101, 109, 100, 111, 116, 117, 119, 121, 123, 124, 115, 55, 0, 74, 124]","[0, 1, 2, 6, 6, 0, 9, 16, 13, 17, 18, 19, 36, 51, 86, 116, 117, 122, 113, 85, 67, 58, 27, 28, 32, 32, 16, 5, 7, 0, 0, 0, 36, 39, 42, 47, 52, 58, 68, 76, 81, 88, 90, 94, 104, 105, 107, 101, 109, 100, 111, 116, 117, 119, 121, 123, 124, 115, 55, 0, 74, 124]"
Linear,25,exact_guidance_u,168,0,63,62,"[129, 0, 1, 2, 6, 6, 0, 9, 16, 13, 17, 18, 19, 36, 51, 86, 116, 117, 122, 113, 85, 67, 58, 27, 28, 32, 32, 16, 5, 7, 0, 0, 0, 36, 39, 42, 47, 52, 58, 68, 76, 81, 88, 90, 94, 104, 105, 107, 101, 109, 100, 111, 116, 117, 119, 121, 123, 124, 115, 55, 0, 74, 124]","[0, 1, 2, 6, 6, 0, 9, 16, 13, 17, 18, 19, 36, 51, 86, 116, 117, 122, 113, 85, 67, 58, 27, 28, 32, 32, 16, 5, 7, 0, 0, 0, 36, 39, 42, 47, 52, 58, 68, 76, 81, 88, 90, 94, 104, 105, 107, 101, 109, 100, 111, 116, 117, 119, 121, 123, 124, 115, 55, 0, 74, 124]"
Linear,25,exact_guidance_u,169,0,63,62,"[129, 0, 1, 2, 6, 6, 0, 9, 16, 13, 17, 18, 19, 36, 51, 86, 116, 117, 122, 113, 85, 67, 58, 27, 28, 32, 32, 16, 5, 7, 0, 0, 0, 36, 39, 42, 47, 52, 58, 68, 76, 81, 88, 90, 94, 104, 105, 107, 101, 109, 100, 111, 116, 117, 119, 121, 123, 124, 115, 55, 0, 74, 124]","[0, 1, 2, 6, 6, 0, 9, 16, 13, 17, 18, 19, 36, 51, 86, 116, 117, 122, 113, 85, 67, 58, 27, 28, 32, 32, 16, 5, 7, 0, 0, 0, 36, 39, 42, 47, 52, 58, 68, 76, 81, 88, 90, 94, 104, 105, 107, 101, 109, 100, 111, 116, 117, 119, 121, 123, 124, 115, 55, 0, 74, 124]"
Linear,25,exact_guidance_u,170,0,63,62,"[129, 0, 1, 2, 6, 6, 0, 9, 16, 13, 17, 18, 19, 36, 51, 86, 116, 117, 122, 113, 85, 67, 58, 27, 28, 32, 32, 16, 5, 7, 0, 0, 0, 36, 39, 42, 47, 52, 58, 68, 76, 81, 88, 90, 94, 104, 105, 107, 101, 109, 100, 111, 116, 117, 119, 121, 123, 124, 115, 55, 0, 74, 124]","[0, 1, 2, 6, 6, 0, 9, 16, 13, 17, 18, 19, 36, 51, 86, 116, 117, 122, 113, 85, 67, 58, 27, 28, 32, 32, 16, 5, 7, 0, 0, 0, 36, 39, 42, 47, 52, 58, 68, 76, 81, 88, 90, 94, 104, 105, 107, 101, 109, 100, 111, 116, 117, 119, 121, 123, 124, 115, 55, 0, 74, 124]"
Linear,25,exact_guidance_u,171,0,63,62,"[129, 0, 1, 2, 6, 6, 0, 9, 16, 13, 17, 18, 19, 36, 51, 86, 116, 117, 122, 113, 85, 67, 58, 27, 28, 32, 32, 16, 5, 7, 0, 0, 0, 36, 39, 42, 47, 52, 58, 68, 76, 81, 88, 90, 94, 104, 105, 107, 101, 109, 100, 111, 116, 117, 119, 121, 123, 124, 115, 55, 0, 74, 124]","[0, 1, 2, 6, 6, 0, 9, 16, 13, 17, 18, 19, 36, 51, 86, 116, 117, 122, 113, 85, 67, 58, 27, 28, 32, 32, 16, 5, 7, 0, 0, 0, 36, 39, 42, 47, 52, 58, 68, 76, 81, 88, 90, 94, 104, 105, 107, 101, 109, 100, 111, 116, 117, 119, 121, 123, 124, 115, 55, 0, 74, 124]"
Linear,25,exact_guidance_u,172,0,63,62,"[129, 0, 1, 2, 6, 6, 0, 9, 16, 13, 17, 18, 19, 36, 51, 86, 116, 117, 122, 113, 85, 67, 58, 27, 28, 32, 32, 16, 5, 7, 0, 0, 0, 36, 39, 42, 47, 52, 58, 68, 76, 81, 88, 90, 94, 104, 105, 107, 101, 109, 100, 111, 116, 117, 119, 121, 123, 124, 115, 55, 0, 74, 124]","[0, 1, 2, 6, 6, 0, 9, 16, 13, 17, 18, 19, 36, 51, 86, 116, 117, 122, 113, 85, 67, 58, 27, 28, 32, 32, 16, 5, 7, 0, 0, 0, 36, 39, 42, 47, 52, 58, 68, 76, 81, 88, 90, 94, 104, 105, 107, 101, 109, 100, 111, 116, 117, 119, 121, 123, 124, 115, 55, 0, 74, 124]"
Linear,25,exact_guidance_u,173,0,63,62,"[129, 0, 1, 2, 6, 6, 0, 9, 16, 13, 17, 18, 19, 36, 51, 86, 116, 117, 122, 113, 85, 67, 58, 27, 28, 32, 32, 16, 5, 7, 0, 0, 0, 36, 39, 42, 47, 52, 58, 68, 76, 81, 88, 90, 94, 104, 105, 107, 101, 109, 100, 111, 116, 117, 119, 121, 123, 124, 115, 55, 0, 74, 124]","[0, 1, 2, 6, 6, 0, 9, 16, 13, 17, 18, 19, 36, 51, 86, 116, 117, 122, 113, 85, 67, 58, 27, 28, 32, 32, 16, 5, 7, 0, 0, 0, 36, 39, 42, 47, 52, 58, 68, 76, 81, 88, 90, 94, 104, 105, 107, 101, 109, 100, 111, 116, 117, 119, 121, 123, 124, 115, 55, 0, 74, 124]"
Linear,25,exact_guidance_u,174,0,63,62,"[129, 0, 1, 2, 6, 6, 0, 9, 16, 13, 17, 18, 19, 36, 51, 86, 116, 117, 122, 113, 85, 67, 58, 27, 28, 32, 32, 16, 5, 7, 0, 0, 0, 36, 39, 42, 47, 52, 58, 68, 76, 81, 88, 90, 94, 104, 105, 107, 101, 109, 100, 111, 116, 117, 119, 121, 123, 124, 115, 55, 0, 74, 124]","[0, 1, 2, 6, 6, 0, 9, 16, 13, 17, 18, 19, 36, 51, 86, 116, 117, 122, 113, 85, 67, 58, 27, 28, 32, 32, 16, 5, 7, 0, 0, 0, 36, 39, 42, 47, 52, 58, 68, 76, 81, 88, 90, 94, 104, 105, 107, 101, 109, 100, 111, 116, 117, 119, 121, 123, 124, 115, 55, 0, 74, 124]"
Linear,25,exact_guidance_u,175,0,63,62,"[129, 0, 1, 2, 6, 6, 0, 9, 16, 13, 17, 18, 19, 36, 51, 86, 116, 117, 122, 113, 85, 67, 58, 27, 28, 32, 32, 16, 5, 7, 0, 0, 0, 36, 39, 42, 47, 52, 58, 68, 76, 81, 88, 90, 94, 104, 105, 107, 101, 109, 100, 111, 116, 117, 119, 121, 123, 124, 115, 55, 0, 74, 124]","[0, 1, 2, 6, 6, 0, 9, 16, 13, 17, 18, 19, 36, 51, 86, 116, 117, 122, 113, 85, 67, 58, 27, 28, 32, 32, 16, 5, 7, 0, 0, 0, 36, 39, 42, 47, 52, 58, 68, 76, 81, 88, 90, 94, 104, 105, 107, 101, 109, 100, 111, 116, 117, 119, 121, 123, 124, 115, 55, 0, 74, 124]"
Linear,25,exact_guidance_u,176,0,63,62,"[129, 0, 1, 2, 6, 6, 0, 9, 16, 13, 17, 18, 19, 36, 51, 86, 116, 117, 122, 113, 85, 67, 58, 27, 28, 32, 32, 16, 5, 7, 0, 0, 0, 36, 39, 42, 47, 52, 58, 68, 76, 81, 88, 90, 94, 104, 105, 107, 101, 109, 100, 111, 116, 117, 119, 121, 123, 124, 115, 55, 0, 74, 124]","[0, 1, 2, 6, 6, 0, 9, 16, 13, 17, 18, 19, 36, 51, 86, 116, 117, 122, 113, 85, 67, 58, 27, 28, 32, 32, 16, 5, 7, 0, 0, 0, 36, 39, 42, 47, 52, 58, 68, 76, 81, 88, 90, 94, 104, 105, 107, 101, 109, 100, 111, 116, 117, 119, 121, 123, 124, 115, 55, 0, 74, 124]"
Linear,25,exact_guidance_u,177,0,63,62,"[129, 0, 1, 2, 6, 6, 0, 9, 16, 13, 17, 18, 19, 36, 51, 86, 116, 117, 122, 113, 85, 67, 58, 27, 28, 32, 32, 16, 5, 7, 0, 0, 0, 36, 39, 42, 47, 52, 58, 68, 76, 81, 88, 90, 94, 104, 105, 107, 101, 109, 100, 111, 116, 117, 119, 121, 123, 124, 115, 55, 0, 74, 124]","[0, 1, 2, 6, 6, 0, 9, 16, 13, 17, 18, 19, 36, 51, 86, 116, 117, 122, 113, 85, 67, 58, 27, 28, 32, 32, 16, 5, 7, 0, 0, 0, 36, 39, 42, 47, 52, 58, 68, 76, 81, 88, 90, 94, 104, 105, 107, 101, 109, 100, 111, 116, 117, 119, 121, 123, 124, 115, 55, 0, 74, 124]"
Linear,25,exact_guidance_u,178,0,63,62,"[129, 0, 1, 2, 6, 6, 0, 9, 16, 13, 17, 18, 19, 36, 51, 86, 116, 117, 122, 113, 85, 67, 58, 27, 28, 32, 32, 16, 5, 7, 0, 0, 0, 36, 39, 42, 47, 52, 58, 68, 76, 81, 88, 90, 94, 104, 105, 107, 101, 109, 100, 111, 116, 117, 119, 121, 123, 124, 115, 55, 0, 74, 124]","[0, 1, 2, 6, 6, 0, 9, 16, 13, 17, 18, 19, 36, 51, 86, 116, 117, 122, 113, 85, 67, 58, 27, 28, 32, 32, 16, 5, 7, 0, 0, 0, 36, 39, 42, 47, 52, 58, 68, 76, 81, 88, 90, 94, 104, 105, 107, 101, 109, 100, 111, 116, 117, 119, 121, 123, 124, 115, 55, 0, 74, 124]"
Linear,25,exact_guidance_u,179,0,63,62,"[129, 0, 1, 2, 6, 6, 0, 9, 16, 13, 17, 18, 19, 36, 51, 86, 116, 117, 122, 113, 85, 67, 58, 27, 28, 32, 32, 16, 5, 7, 0, 0, 0, 36, 39, 42, 47, 52, 58, 68, 76, 81, 88, 90, 94, 104, 105, 107, 101, 109, 100, 111, 116, 117, 119, 121, 123, 124, 115, 55, 0, 74, 124]","[0, 1, 2, 6, 6, 0, 9, 16, 13, 17, 18, 19, 36, 51, 86, 116, 117, 122, 113, 85, 67, 58, 27, 28, 32, 32, 16, 5, 7, 0, 0, 0, 36, 39, 42, 47, 52, 58, 68, 76, 81, 88, 90, 94, 104, 105, 107, 101, 109, 100, 111, 116, 117, 119, 121, 123, 124, 115, 55, 0, 74, 124]"
Linear,25,exact_guidance_u,180,0,63,62,"[129, 0, 1, 2, 6, 6, 0, 9, 16, 13, 17, 18, 19, 36, 51, 86, 116, 117, 122, 113, 85, 67, 58, 27, 28, 32, 32, 16, 5, 7, 0, 0, 0, 36, 39, 42, 47, 52, 58, 68, 76, 81, 88, 90, 94, 104, 105, 107, 101, 109, 100, 111, 116, 117, 119, 121, 123, 124, 115, 55, 0, 74, 124]","[0, 1, 2, 6, 6, 0, 9, 16, 13, 17, 18, 19, 36, 51, 86, 116, 117, 122, 113, 85, 67, 58, 27, 28, 32, 32, 16, 5, 7, 0, 0, 0, 36, 39, 42, 47, 52, 58, 68, 76, 81, 88, 90, 94, 104, 105, 107, 101, 109, 100, 111, 116, 117, 119, 121, 123, 124, 115, 55, 0, 74, 124]"
Linear,25,exact_guidance_u,181,0,63,62,"[129, 0, 1, 2, 6, 6, 0, 9, 16, 13, 17, 18, 19, 36, 51, 86, 116, 117, 122, 113, 85, 67, 58, 27, 28, 32, 32, 16, 5, 7, 0, 0, 0, 36, 39, 42, 47, 52, 58, 68, 76, 81, 88, 90, 94, 104, 105, 107, 101, 109, 100, 111, 116, 117, 119, 121, 123, 124, 115, 55, 0, 74, 124]","[0, 1, 2, 6, 6, 0, 9, 16, 13, 17, 18, 19, 36, 51, 86, 116, 117, 122, 113, 85, 67, 58, 27, 28, 32, 32, 16, 5, 7, 0, 0, 0, 36, 39, 42, 47, 52, 58, 68, 76, 81, 88, 90, 94, 104, 105, 107, 101, 109, 100, 111, 116, 117, 119, 121, 123, 124, 115, 55, 0, 74, 124]"
Linear,25,exact_guidance_u,182,0,63,62,"[129, 0, 1, 2, 6, 6, 0, 9, 16, 13, 17, 18, 19, 36, 51, 86, 116, 117, 122, 113, 85, 67, 58, 27, 28, 32, 32, 16, 5, 7, 0, 0, 0, 36, 39, 42, 47, 52, 58, 68, 76, 81, 88, 90, 94, 104, 105, 107, 101, 109, 100, 111, 116, 117, 119, 121, 123, 124, 115, 55, 0, 74, 124]","[0, 1, 2, 6, 6, 0, 9, 16, 13, 17, 18, 19, 36, 51, 86, 116, 117, 122, 113, 85, 67, 58, 27, 28, 32, 32, 16, 5, 7, 0, 0, 0, 36, 39, 42, 47, 52, 58, 68, 76, 81, 88, 90, 94, 104, 105, 107, 101, 109, 100, 111, 116, 117, 119, 121, 123, 124, 115, 55, 0, 74, 124]"
Linear,25,exact_guidance_u,183,0,63,62,"[129, 0, 1, 2, 6, 6, 0, 9, 16, 13, 17, 18, 19, 36, 51, 86, 116, 117, 122, 113, 85, 67, 58, 27, 28, 32, 32, 16, 5, 7, 0, 0, 0, 36, 39, 42, 47, 52, 58, 68, 76, 81, 88, 90, 94, 104, 105, 107, 101, 109, 100, 111, 116, 117, 119, 121, 123, 124, 115, 55, 0, 74, 124]","[0, 1, 2, 6, 6, 0, 9, 16, 13, 17, 18, 19, 36, 51, 86, 116, 117, 122, 113, 85, 67, 58, 27, 28, 32, 32, 16, 5, 7, 0, 0, 0, 36, 39, 42, 47, 52, 58, 68, 76, 81, 88, 90, 94, 104, 105, 107, 101, 109, 100, 111, 116, 117, 119, 121, 123, 124, 115, 55, 0, 74, 124]"
Linear,25,exact_guidance_u,184,0,63,62,"[129, 0, 1, 2, 6, 6, 0, 9, 16, 13, 17, 18, 19, 36, 51, 86, 116, 117, 122, 113, 85, 67, 58, 27, 28, 32, 32, 16, 5, 7, 0, 0, 0, 36, 39, 42, 47, 52, 58, 68, 76, 81, 88, 90, 94, 104, 105, 107, 101, 109, 100, 111, 116, 117, 119, 121, 123, 124, 115, 55, 0, 74, 124]","[0, 1, 2, 6, 6, 0, 9, 16, 13, 17, 18, 19, 36, 51, 86, 116, 117, 122, 113, 85, 67, 58, 27, 28, 32, 32, 16, 5, 7, 0, 0, 0, 36, 39, 42, 47, 52, 58, 68, 76, 81, 88, 90, 94, 104, 105, 107, 101, 109, 100, 111, 116, 117, 119, 121, 123, 124, 115, 55, 0, 74, 124]"
Linear,25,exact_guidance_u,185,0,63,62,"[129, 0, 1, 2, 6, 6, 0, 9, 16, 13, 17, 18, 19, 36, 51, 86, 116, 117, 122, 113, 85, 67, 58, 27, 28, 32, 32, 16, 5, 7, 0, 0, 0, 36, 39, 42, 47, 52, 58, 68, 76, 81, 88, 90, 94, 104, 105, 107, 101, 109, 100, 111, 116, 117, 119, 121, 123, 124, 115, 55, 0, 74, 124]","[0, 1, 2, 6, 6, 0, 9, 16, 13, 17, 18, 19, 36, 51, 86, 116, 117, 122, 113, 85, 67, 58, 27, 28, 32, 32, 16, 5, 7, 0, 0, 0, 36, 39, 42, 47, 52, 58, 68, 76, 81, 88, 90, 94, 104, 105, 107, 101, 109, 100, 111, 116, 117, 119, 121, 123, 124, 115, 55, 0, 74, 124]"
Linear,25,exact_guidance_u,186,0,63,62,"[129, 0, 1, 2, 6, 6, 0, 9, 16, 13, 17, 18, 19, 36, 51, 86, 116, 117, 122, 113, 85, 67, 58, 27, 28, 32, 32, 16, 5, 7, 0, 0, 0, 36, 39, 42, 47, 52, 58, 68, 76, 81, 88, 90, 94, 104, 105, 107, 101, 109, 100, 111, 116, 117, 119, 121, 123, 124, 115, 55, 0, 74, 124]","[0, 1, 2, 6, 6, 0, 9, 16, 13, 17, 18, 19, 36, 51, 86, 116, 117, 122, 113, 85, 67, 58, 27, 28, 32, 32, 16, 5, 7, 0, 0, 0, 36, 39, 42, 47, 52, 58, 68, 76, 81, 88, 90, 94, 104, 105, 107, 101, 109, 100, 111, 116, 117, 119, 121, 123, 124, 115, 55, 0, 74, 124]"
Linear,25,exact_guidance_u,187,0,63,62,"[129, 0, 1, 2, 6, 6, 0, 9, 16, 13, 17, 18, 19, 36, 51, 86, 116, 117, 122, 113, 85, 67, 58, 27, 28, 32, 32, 16, 5, 7, 0, 0, 0, 36, 39, 42, 47, 52, 58, 68, 76, 81, 88, 90, 94, 104, 105, 107, 101, 109, 100, 111, 116, 117, 119, 121, 123, 124, 115, 55, 0, 74, 124]","[0, 1, 2, 6, 6, 0, 9, 16, 13, 17, 18, 19, 36, 51, 86, 116, 117, 122, 113, 85, 67, 58, 27, 28, 32, 32, 16, 5, 7, 0, 0, 0, 36, 39, 42, 47, 52, 58, 68, 76, 81, 88, 90, 94, 104, 105, 107, 101, 109, 100, 111, 116, 117, 119, 121, 123, 124, 115, 55, 0, 74, 124]"
Linear,25,exact_guidance_u,188,0,63,62,"[129, 0, 1, 2, 6, 6, 0, 9, 16, 13, 17, 18, 19, 36, 51, 86, 116, 117, 122, 113, 85, 67, 58, 27, 28, 32, 32, 16, 5, 7, 0, 0, 0, 36, 39, 42, 47, 52, 58, 68, 76, 81, 88, 90, 94, 104, 105, 107, 101, 109, 100, 111, 116, 117, 119, 121, 123, 124, 115, 55, 0, 74, 124]","[0, 1, 2, 6, 6, 0, 9, 16, 13, 17, 18, 19, 36, 51, 86, 116, 117, 122, 113, 85, 67, 58, 27, 28, 32, 32, 16, 5, 7, 0, 0, 0, 36, 39, 42, 47, 52, 58, 68, 76, 81, 88, 90, 94, 104, 105, 107, 101, 109, 100, 111, 116, 117, 119, 121, 123, 124, 115, 55, 0, 74, 124]"
Linear,25,exact_guidance_u,189,0,63,62,"[129, 0, 1, 2, 6, 6, 0, 9, 16, 13, 17, 18, 19, 36, 51, 86, 116, 117, 122, 113, 85, 67, 58, 27, 28, 32, 32, 16, 5, 7, 0, 0, 0, 36, 39, 42, 47, 52, 58, 68, 76, 81, 88, 90, 94, 104, 105, 107, 101, 109, 100, 111, 116, 117, 119, 121, 123, 124, 115, 55, 0, 74, 124]","[0, 1, 2, 6, 6, 0, 9, 16, 13, 17, 18, 19, 36, 51, 86, 116, 117, 122, 113, 85, 67, 58, 27, 28, 32, 32, 16, 5, 7, 0, 0, 0, 36, 39, 42, 47, 52, 58, 68, 76, 81, 88, 90, 94, 104, 105, 107, 101, 109, 100, 111, 116, 117, 119, 121, 123, 124, 115, 55, 0, 74, 124]"
Linear,25,exact_guidance_u,190,0,63,62,"[129, 0, 1, 2, 6, 6, 0, 9, 16, 13, 17, 18, 19, 36, 51, 86, 116, 117, 122, 113, 85, 67, 58, 27, 28, 32, 32, 16, 5, 7, 0, 0, 0, 36, 39, 42, 47, 52, 58, 68, 76, 81, 88, 90, 94, 104, 105, 107, 101, 109, 100, 111, 116, 117, 119, 121, 123, 124, 115, 55, 0, 74, 124]","[0, 1, 2, 6, 6, 0, 9, 16, 13, 17, 18, 19, 36, 51, 86, 116, 117, 122, 113, 85, 67, 58, 27, 28, 32, 32, 16, 5, 7, 0, 0, 0, 36, 39, 42, 47, 52, 58, 68, 76, 81, 88, 90, 94, 104, 105, 107, 101, 109, 100, 111, 116, 117, 119, 121, 123, 124, 115, 55, 0, 74, 124]"
Linear,25,exact_guidance_u,191,0,63,62,"[129, 0, 1, 2, 6, 6, 0, 9, 16, 13, 17, 18, 19, 36, 51, 86, 116, 117, 122, 113, 85, 67, 58, 27, 28, 32, 32, 16, 5, 7, 0, 0, 0, 36, 39, 42, 47, 52, 58, 68, 76, 81, 88, 90, 94, 104, 105, 107, 101, 109, 100, 111, 116, 117, 119, 121, 123, 124, 115, 55, 0, 74, 124]","[0, 1, 2, 6, 6, 0, 9, 16, 13, 17, 18, 19, 36, 51, 86, 116, 117, 122, 113, 85, 67, 58, 27, 28, 32, 32, 16, 5, 7, 0, 0, 0, 36, 39, 42, 47, 52, 58, 68, 76, 81, 88, 90, 94, 104, 105, 107, 101, 109, 100, 111, 116, 117, 119, 121, 123, 124, 115, 55, 0, 74, 124]"
Linear,25,exact_guidance_u,192,0,63,62,"[129, 0, 1, 2, 6, 6, 0, 9, 16, 13, 17, 18, 19, 36, 51, 86, 116, 117, 122, 113, 85, 67, 58, 27, 28, 32, 32, 16, 5, 7, 0, 0, 0, 36, 39, 42, 47, 52, 58, 68, 76, 81, 88, 90, 94, 104, 105, 107, 101, 109, 100, 111, 116, 117, 119, 121, 123, 124, 115, 55, 0, 74, 124]","[0, 1, 2, 6, 6, 0, 9, 16, 13, 17, 18, 19, 36, 51, 86, 116, 117, 122, 113, 85, 67, 58, 27, 28, 32, 32, 16, 5, 7, 0, 0, 0, 36, 39, 42, 47, 52, 58, 68, 76, 81, 88, 90, 94, 104, 105, 107, 101, 109, 100, 111, 116, 117, 119, 121, 123, 124, 115, 55, 0, 74, 124]"
Linear,25,exact_guidance_u,193,0,63,62,"[129, 0, 1, 2, 6, 6, 0, 9, 16, 13, 17, 18, 19, 36, 51, 86, 116, 117, 122, 113, 85, 67, 58, 27, 28, 32, 32, 16, 5, 7, 0, 0, 0, 36, 39, 42, 47, 52, 58, 68, 76, 81, 88, 90, 94, 104, 105, 107, 101, 109, 100, 111, 116, 117, 119, 121, 123, 124, 115, 55, 0, 74, 124]","[0, 1, 2, 6, 6, 0, 9, 16, 13, 17, 18, 19, 36, 51, 86, 116, 117, 122, 113, 85, 67, 58, 27, 28, 32, 32, 16, 5, 7, 0, 0, 0, 36, 39, 42, 47, 52, 58, 68, 76, 81, 88, 90, 94, 104, 105, 107, 101, 109, 100, 111, 116, 117, 119, 121, 123, 124, 115, 55, 0, 74, 124]"
Linear,25,exact_guidance_u,194,0,64,63,"[129, 0, 1, 2, 6, 6, 0, 9, 16, 13, 17, 18, 19, 36, 51, 86, 114, 116, 117, 122, 113, 85, 67, 58, 27, 28, 32, 32, 16, 5, 7, 0, 0, 0, 36, 39, 42, 47, 52, 58, 68, 76, 81, 88, 90, 94, 104, 105, 107, 101, 109, 100, 111, 116, 117, 119, 121, 123, 124, 115, 55, 0, 74, 124]","[0, 1, 2, 6, 6, 0, 9, 16, 13, 17, 18, 19, 36, 51, 86, 114, 116, 117, 122, 113, 85, 67, 58, 27, 28, 32, 32, 16, 5, 7, 0, 0, 0, 36, 39, 42, 47, 52, 58, 68, 76, 81, 88, 90, 94, 104, 105, 107, 101, 109, 100, 111, 116, 117, 119, 121, 123, 124, 115, 55, 0, 74, 124]"
Linear,25,exact_guidance_u,195,0,64,63,"[129, 0, 1, 2, 6, 6, 0, 9, 16, 13, 17, 18, 19, 36, 51, 86, 114, 116, 117, 122, 113, 85, 67, 58, 27, 28, 32, 32, 16, 5, 7, 0, 0, 0, 36, 39, 42, 47, 52, 58, 68, 76, 81, 88, 90, 94, 104, 105, 107, 101, 109, 100, 111, 116, 117, 119, 121, 123, 124, 115, 55, 0, 74, 124]","[0, 1, 2, 6, 6, 0, 9, 16, 13, 17, 18, 19, 36, 51, 86, 114, 116, 117, 122, 113, 85, 67, 58, 27, 28, 32, 32, 16, 5, 7, 0, 0, 0, 36, 39, 42, 47, 52, 58, 68, 76, 81, 88, 90, 94, 104, 105, 107, 101, 109, 100, 111, 116, 117, 119, 121, 123, 124, 115, 55, 0, 74, 124]"
Linear,25,exact_guidance_u,196,0,64,63,"[129, 0, 1, 2, 6, 6, 0, 9, 16, 13, 17, 18, 19, 36, 51, 86, 114, 116, 117, 122, 113, 85, 67, 58, 27, 28, 32, 32, 16, 5, 7, 0, 0, 0, 36, 39, 42, 47, 52, 58, 68, 76, 81, 88, 90, 94, 104, 105, 107, 101, 109, 100, 111, 116, 117, 119, 121, 123, 124, 115, 55, 0, 74, 124]","[0, 1, 2, 6, 6, 0, 9, 16, 13, 17, 18, 19, 36, 51, 86, 114, 116, 117, 122, 113, 85, 67, 58, 27, 28, 32, 32, 16, 5, 7, 0, 0, 0, 36, 39, 42, 47, 52, 58, 68, 76, 81, 88, 90, 94, 104, 105, 107, 101, 109, 100, 111, 116, 117, 119, 121, 123, 124, 115, 55, 0, 74, 124]"
Linear,25,exact_guidance_u,197,0,64,63,"[129, 0, 1, 2, 6, 6, 0, 9, 16, 13, 17, 18, 19, 36, 51, 86, 114, 116, 117, 122, 113, 85, 67, 58, 27, 28, 32, 32, 16, 5, 7, 0, 0, 0, 36, 39, 42, 47, 52, 58, 68, 76, 81, 88, 90, 94, 104, 105, 107, 101, 109, 100, 111, 116, 117, 119, 121, 123, 124, 115, 55, 0, 74, 124]","[0, 1, 2, 6, 6, 0, 9, 16, 13, 17, 18, 19, 36, 51, 86, 114, 116, 117, 122, 113, 85, 67, 58, 27, 28, 32, 32, 16, 5, 7, 0, 0, 0, 36, 39, 42, 47, 52, 58, 68, 76, 81, 88, 90, 94, 104, 105, 107, 101, 109, 100, 111, 116, 117, 119, 121, 123, 124, 115, 55, 0, 74, 124]"
Linear,25,exact_guidance_u,198,0,64,63,"[129, 0, 1, 2, 6, 6, 0, 9, 16, 13, 17, 18, 19, 36, 51, 86, 114, 116, 117, 122, 113, 85, 67, 58, 27, 28, 32, 32, 16, 5, 7, 0, 0, 0, 36, 39, 42, 47, 52, 58, 68, 76, 81, 88, 90, 94, 104, 105, 107, 101, 109, 100, 111, 116, 117, 119, 121, 123, 124, 115, 55, 0, 74, 124]","[0, 1, 2, 6, 6, 0, 9, 16, 13, 17, 18, 19, 36, 51, 86, 114, 116, 117, 122, 113, 85, 67, 58, 27, 28, 32, 32, 16, 5, 7, 0, 0, 0, 36, 39, 42, 47, 52, 58, 68, 76, 81, 88, 90, 94, 104, 105, 107, 101, 109, 100, 111, 116, 117, 119, 121, 123, 124, 115, 55, 0, 74, 124]"
Linear,25,exact_guidance_u,199,0,64,63,"[129, 0, 1, 2, 6, 6, 0, 9, 16, 13, 17, 18, 19, 36, 51, 86, 114, 116, 117, 122, 113, 85, 67, 58, 27, 28, 32, 32, 16, 5, 7, 0, 0, 0, 36, 39, 42, 47, 52, 58, 68, 76, 81, 88, 90, 94, 104, 105, 107, 101, 109, 100, 111, 116, 117, 119, 121, 123, 124, 115, 55, 0, 74, 124]","[0, 1, 2, 6, 6, 0, 9, 16, 13, 17, 18, 19, 36, 51, 86, 114, 116, 117, 122, 113, 85, 67, 58, 27, 28, 32, 32, 16, 5, 7, 0, 0, 0, 36, 39, 42, 47, 52, 58, 68, 76, 81, 88, 90, 94, 104, 105, 107, 101, 109, 100, 111, 116, 117, 119, 121, 123, 124, 115, 55, 0, 74, 124]"
Linear,25,exact_guidance_u,200,0,64,63,"[129, 0, 1, 2, 6, 6, 0, 9, 16, 13, 17, 18, 19, 36, 51, 86, 114, 116, 117, 122, 113, 85, 67, 58, 27, 28, 32, 32, 16, 5, 7, 0, 0, 0, 36, 39, 42, 47, 52, 58, 68, 76, 81, 88, 90, 94, 104, 105, 107, 101, 109, 100, 111, 116, 117, 119, 121, 123, 124, 115, 55, 0, 74, 124]","[0, 1, 2, 6, 6, 0, 9, 16, 13, 17, 18, 19, 36, 51, 86, 114, 116, 117, 122, 113, 85, 67, 58, 27, 28, 32, 32, 16, 5, 7, 0, 0, 0, 36, 39, 42, 47, 52, 58, 68, 76, 81, 88, 90, 94, 104, 105, 107, 101, 109, 100, 111, 116, 117, 119, 121, 123, 124, 115, 55, 0, 74, 124]"
Linear,25,exact_guidance_u,201,0,64,63,"[129, 0, 1, 2, 6, 6, 0, 9, 16, 13, 17, 18, 19, 36, 51, 86, 114, 116, 117, 122, 113, 85, 67, 58, 27, 28, 32, 32, 16, 5, 7, 0, 0, 0, 36, 39, 42, 47, 52, 58, 68, 76, 81, 88, 90, 94, 104, 105, 107, 101, 109, 100, 111, 116, 117, 119, 121, 123, 124, 115, 55, 0, 74, 124]","[0, 1, 2, 6, 6, 0, 9, 16, 13, 17, 18, 19, 36, 51, 86, 114, 116, 117, 122, 113, 85, 67, 58, 27, 28, 32, 32, 16, 5, 7, 0, 0, 0, 36, 39, 42, 47, 52, 58, 68, 76, 81, 88, 90, 94, 104, 105, 107, 101, 109, 100, 111, 116, 117, 119, 121, 123, 124, 115, 55, 0, 74, 124]"
Linear,25,exact_guidance_u,202,0,64,63,"[129, 0, 1, 2, 6, 6, 0, 9, 16, 13, 17, 18, 19, 36, 51, 86, 114, 116, 117, 122, 113, 85, 67, 58, 27, 28, 32, 32, 16, 5, 7, 0, 0, 0, 36, 39, 42, 47, 52, 58, 68, 76, 81, 88, 90, 94, 104, 105, 107, 101, 109, 100, 111, 116, 117, 119, 121, 123, 124, 115, 55, 0, 74, 124]","[0, 1, 2, 6, 6, 0, 9, 16, 13, 17, 18, 19, 36, 51, 86, 114, 116, 117, 122, 113, 85, 67, 58, 27, 28, 32, 32, 16, 5, 7, 0, 0, 0, 36, 39, 42, 47, 52, 58, 68, 76, 81, 88, 90, 94, 104, 105, 107, 101, 109, 100, 111, 116, 117, 119, 121, 123, 124, 115, 55, 0, 74, 124]"
Linear,25,exact_guidance_u,203,0,64,63,"[129, 0, 1, 2, 6, 6, 0, 9, 16, 13, 17, 18, 19, 36, 51, 86, 114, 116, 117, 122, 113, 85, 67, 58, 27, 28, 32, 32, 16, 5, 7, 0, 0, 0, 36, 39, 42, 47, 52, 58, 68, 76, 81, 88, 90, 94, 104, 105, 107, 101, 109, 100, 111, 116, 117, 119, 121, 123, 124, 115, 55, 0, 74, 124]","[0, 1, 2, 6, 6, 0, 9, 16, 13, 17, 18, 19, 36, 51, 86, 114, 116, 117, 122, 113, 85, 67, 58, 27, 28, 32, 32, 16, 5, 7, 0, 0, 0, 36, 39, 42, 47, 52, 58, 68, 76, 81, 88, 90, 94, 104, 105, 107, 101, 109, 100, 111, 116, 117, 119, 121, 123, 124, 115, 55, 0, 74, 124]"
Linear,25,exact_guidance_u,204,0,64,63,"[129, 0, 1, 2, 6, 6, 0, 9, 16, 13, 17, 18, 19, 36, 51, 86, 114, 116, 117, 122, 113, 85, 67, 58, 27, 28, 32, 32, 16, 5, 7, 0, 0, 0, 36, 39, 42, 47, 52, 58, 68, 76, 81, 88, 90, 94, 104, 105, 107, 101, 109, 100, 111, 116, 117, 119, 121, 123, 124, 115, 55, 0, 74, 124]","[0, 1, 2, 6, 6, 0, 9, 16, 13, 17, 18, 19, 36, 51, 86, 114, 116, 117, 122, 113, 85, 67, 58, 27, 28, 32, 32, 16, 5, 7, 0, 0, 0, 36, 39, 42, 47, 52, 58, 68, 76, 81, 88, 90, 94, 104, 105, 107, 101, 109, 100, 111, 116, 117, 119, 121, 123, 124, 115, 55, 0, 74, 124]"
Linear,25,exact_guidance_u,205,0,64,63,"[129, 0, 1, 2, 6, 6, 0, 9, 16, 13, 17, 18, 19, 36, 51, 86, 114, 116, 117, 122, 113, 85, 67, 58, 27, 28, 32, 32, 16, 5, 7, 0, 0, 0, 36, 39, 42, 47, 52, 58, 68, 76, 81, 88, 90, 94, 104, 105, 107, 101, 109, 100, 111, 116, 117, 119, 121, 123, 124, 115, 55, 0, 74, 124]","[0, 1, 2, 6, 6, 0, 9, 16, 13, 17, 18, 19, 36, 51, 86, 114, 116, 117, 122, 113, 85, 67, 58, 27, 28, 32, 32, 16, 5, 7, 0, 0, 0, 36, 39, 42, 47, 52, 58, 68, 76, 81, 88, 90, 94, 104, 105, 107, 101, 109, 100, 111, 116, 117, 119, 121, 123, 124, 115, 55, 0, 74, 124]"
Linear,25,exact_guidance_u,206,0,64,63,"[129, 0, 1, 2, 6, 6, 0, 9, 16, 13, 17, 18, 19, 36, 51, 86, 114, 116, 117, 122, 113, 85, 67, 58, 27, 28, 32, 32, 16, 5, 7, 0, 0, 0, 36, 39, 42, 47, 52, 58, 68, 76, 81, 88, 90, 94, 104, 105, 107, 101, 109, 100, 111, 116, 117, 119, 121, 123, 124, 115, 55, 0, 74, 124]","[0, 1, 2, 6, 6, 0, 9, 16, 13, 17, 18, 19, 36, 51, 86, 114, 116, 117, 122, 113, 85, 67, 58, 27, 28, 32, 32, 16, 5, 7, 0, 0, 0, 36, 39, 42, 47, 52, 58, 68, 76, 81, 88, 90, 94, 104, 105, 107, 101, 109, 100, 111, 116, 117, 119, 121, 123, 124, 115, 55, 0, 74, 124]"
Linear,25,exact_guidance_u,207,0,64,63,"[129, 0, 1, 2, 6, 6, 0, 9, 16, 13, 17, 18, 19, 36, 51, 86, 114, 116, 117, 122, 113, 85, 67, 58, 27, 28, 32, 32, 16, 5, 7, 0, 0, 0, 36, 39, 42, 47, 52, 58, 68, 76, 81, 88, 90, 94, 104, 105, 107, 101, 109, 100, 111, 116, 117, 119, 121, 123, 124, 115, 55, 0, 74, 124]","[0, 1, 2, 6, 6, 0, 9, 16, 13, 17, 18, 19, 36, 51, 86, 114, 116, 117, 122, 113, 85, 67, 58, 27, 28, 32, 32, 16, 5, 7, 0, 0, 0, 36, 39, 42, 47, 52, 58, 68, 76, 81, 88, 90, 94, 104, 105, 107, 101, 109, 100, 111, 116, 117, 119, 121, 123, 124, 115, 55, 0, 74, 124]"
Linear,25,exact_guidance_u,208,0,64,63,"[129, 0, 1, 2, 6, 6, 0, 9, 16, 13, 17, 18, 19, 36, 51, 86, 114, 116, 117, 122, 113, 85, 67, 58, 27, 28, 32, 32, 16, 5, 7, 0, 0, 0, 36, 39, 42, 47, 52, 58, 68, 76, 81, 88, 90, 94, 104, 105, 107, 101, 109, 100, 111, 116, 117, 119, 121, 123, 124, 115, 55, 0, 74, 124]","[0, 1, 2, 6, 6, 0, 9, 16, 13, 17, 18, 19, 36, 51, 86, 114, 116, 117, 122, 113, 85, 67, 58, 27, 28, 32, 32, 16, 5, 7, 0, 0, 0, 36, 39, 42, 47, 52, 58, 68, 76, 81, 88, 90, 94, 104, 105, 107, 101, 109, 100, 111, 116, 117, 119, 121, 123, 124, 115, 55, 0, 74, 124]"
Linear,25,exact_guidance_u,209,0,64,63,"[129, 0, 1, 2, 6, 6, 0, 9, 16, 13, 17, 18, 19, 36, 51, 86, 114, 116, 117, 122, 113, 85, 67, 58, 27, 28, 32, 32, 16, 5, 7, 0, 0, 0, 36, 39, 42, 47, 52, 58, 68, 76, 81, 88, 90, 94, 104, 105, 107, 101, 109, 100, 111, 116, 117, 119, 121, 123, 124, 115, 55, 0, 74, 124]","[0, 1, 2, 6, 6, 0, 9, 16, 13, 17, 18, 19, 36, 51, 86, 114, 116, 117, 122, 113, 85, 67, 58, 27, 28, 32, 32, 16, 5, 7, 0, 0, 0, 36, 39, 42, 47, 52, 58, 68, 76, 81, 88, 90, 94, 104, 105, 107, 101, 109, 100, 111, 116, 117, 119, 121, 123, 124, 115, 55, 0, 74, 124]"
Linear,25,exact_guidance_u,210,0,64,63,"[129, 0, 1, 2, 6, 6, 0, 9, 16, 13, 17, 18, 19, 36, 51, 86, 114, 116, 117, 122, 113, 85, 67, 58, 27, 28, 32, 32, 16, 5, 7, 0, 0, 0, 36, 39, 42, 47, 52, 58, 68, 76, 81, 88, 90, 94, 104, 105, 107, 101, 109, 100, 111, 116, 117, 119, 121, 123, 124, 115, 55, 0, 74, 124]","[0, 1, 2, 6, 6, 0, 9, 16, 13, 17, 18, 19, 36, 51, 86, 114, 116, 117, 122, 113, 85, 67, 58, 27, 28, 32, 32, 16, 5, 7, 0, 0, 0, 36, 39, 42, 47, 52, 58, 68, 76, 81, 88, 90, 94, 104, 105, 107, 101, 109, 100, 111, 116, 117, 119, 121, 123, 124, 115, 55, 0, 74, 124]"
Linear,25,exact_guidance_u,211,0,64,63,"[129, 0, 1, 2, 6, 6, 0, 9, 16, 13, 17, 18, 19, 36, 51, 86, 114, 116, 117, 122, 113, 85, 67, 58, 27, 28, 32, 32, 16, 5, 7, 0, 0, 0, 36, 39, 42, 47, 52, 58, 68, 76, 81, 88, 90, 94, 104, 105, 107, 101, 109, 100, 111, 116, 117, 119, 121, 123, 124, 115, 55, 0, 74, 124]","[0, 1, 2, 6, 6, 0, 9, 16, 13, 17, 18, 19, 36, 51, 86, 114, 116, 117, 122, 113, 85, 67, 58, 27, 28, 32, 32, 16, 5, 7, 0, 0, 0, 36, 39, 42, 47, 52, 58, 68, 76, 81, 88, 90, 94, 104, 105, 107, 101, 109, 100, 111, 116, 117, 119, 121, 123, 124, 115, 55, 0, 74, 124]"
Linear,25,exact_guidance_u,212,0,64,63,"[129, 0, 1, 2, 6, 6, 0, 9, 16, 13, 17, 18, 19, 36, 51, 86, 114, 116, 117, 122, 113, 85, 67, 58, 27, 28, 32, 32, 16, 5, 7, 0, 0, 0, 36, 39, 42, 47, 52, 58, 68, 76, 81, 88, 90, 94, 104, 105, 107, 101, 109, 100, 111, 116, 117, 119, 121, 123, 124, 115, 55, 0, 74, 124]","[0, 1, 2, 6, 6, 0, 9, 16, 13, 17, 18, 19, 36, 51, 86, 114, 116, 117, 122, 113, 85, 67, 58, 27, 28, 32, 32, 16, 5, 7, 0, 0, 0, 36, 39, 42, 47, 52, 58, 68, 76, 81, 88, 90, 94, 104, 105, 107, 101, 109, 100, 111, 116, 117, 119, 121, 123, 124, 115, 55, 0, 74, 124]"
Linear,25,exact_guidance_u,213,0,64,63,"[129, 0, 1, 2, 6, 6, 0, 9, 16, 13, 17, 18, 19, 36, 51, 86, 114, 116, 117, 122, 113, 85, 67, 58, 27, 28, 32, 32, 16, 5, 7, 0, 0, 0, 36, 39, 42, 47, 52, 58, 68, 76, 81, 88, 90, 94, 104, 105, 107, 101, 109, 100, 111, 116, 117, 119, 121, 123, 124, 115, 55, 0, 74, 124]","[0, 1, 2, 6, 6, 0, 9, 16, 13, 17, 18, 19, 36, 51, 86, 114, 116, 117, 122, 113, 85, 67, 58, 27, 28, 32, 32, 16, 5, 7, 0, 0, 0, 36, 39, 42, 47, 52, 58, 68, 76, 81, 88, 90, 94, 104, 105, 107, 101, 109, 100, 111, 116, 117, 119, 121, 123, 124, 115, 55, 0, 74, 124]"
Linear,25,exact_guidance_u,214,0,64,63,"[129, 0, 1, 2, 6, 6, 0, 9, 16, 13, 17, 18, 19, 36, 51, 86, 114, 116, 117, 122, 113, 85, 67, 58, 27, 28, 32, 32, 16, 5, 7, 0, 0, 0, 36, 39, 42, 47, 52, 58, 68, 76, 81, 88, 90, 94, 104, 105, 107, 101, 109, 100, 111, 116, 117, 119, 121, 123, 124, 115, 55, 0, 74, 124]","[0, 1, 2, 6, 6, 0, 9, 16, 13, 17, 18, 19, 36, 51, 86, 114, 116, 117, 122, 113, 85, 67, 58, 27, 28, 32, 32, 16, 5, 7, 0, 0, 0, 36, 39, 42, 47, 52, 58, 68, 76, 81, 88, 90, 94, 104, 105, 107, 101, 109, 100, 111, 116, 117, 119, 121, 123, 124, 115, 55, 0, 74, 124]"
Linear,25,exact_guidance_u,215,0,64,63,"[129, 0, 1, 2, 6, 6, 0, 9, 16, 13, 17, 18, 19, 36, 51, 86, 114, 116, 117, 122, 113, 85, 67, 58, 27, 28, 32, 32, 16, 5, 7, 0, 0, 0, 36, 39, 42, 47, 52, 58, 68, 76, 81, 88, 90, 94, 104, 105, 107, 101, 109, 100, 111, 116, 117, 119, 121, 123, 124, 115, 55, 0, 74, 124]","[0, 1, 2, 6, 6, 0, 9, 16, 13, 17, 18, 19, 36, 51, 86, 114, 116, 117, 122, 113, 85, 67, 58, 27, 28, 32, 32, 16, 5, 7, 0, 0, 0, 36, 39, 42, 47, 52, 58, 68, 76, 81, 88, 90, 94, 104, 105, 107, 101, 109, 100, 111, 116, 117, 119, 121, 123, 124, 115, 55, 0, 74, 124]"
Linear,25,exact_guidance_u,216,0,64,63,"[129, 0, 1, 2, 6, 6, 0, 9, 16, 13, 17, 18, 19, 36, 51, 86, 114, 116, 117, 122, 113, 85, 67, 58, 27, 28, 32, 32, 16, 5, 7, 0, 0, 0, 36, 39, 42, 47, 52, 58, 68, 76, 81, 88, 90, 94, 104, 105, 107, 101, 109, 100, 111, 116, 117, 119, 121, 123, 124, 115, 55, 0, 74, 124]","[0, 1, 2, 6, 6, 0, 9, 16, 13, 17, 18, 19, 36, 51, 86, 114, 116, 117, 122, 113, 85, 67, 58, 27, 28, 32, 32, 16, 5, 7, 0, 0, 0, 36, 39, 42, 47, 52, 58, 68, 76, 81, 88, 90, 94, 104, 105, 107, 101, 109, 100, 111, 116, 117, 119, 121, 123, 124, 115, 55, 0, 74, 124]"
Linear,25,exact_guidance_u,217,0,64,63,"[129, 0, 1, 2, 6, 6, 0, 9, 16, 13, 17, 18, 19, 36, 51, 86, 114, 116, 117, 122, 113, 85, 67, 58, 27, 28, 32, 32, 16, 5, 7, 0, 0, 0, 36, 39, 42, 47, 52, 58, 68, 76, 81, 88, 90, 94, 104, 105, 107, 101, 109, 100, 111, 116, 117, 119, 121, 123, 124, 115, 55, 0, 74, 124]","[0, 1, 2, 6, 6, 0, 9, 16, 13, 17, 18, 19, 36, 51, 86, 114, 116, 117, 122, 113, 85, 67, 58, 27, 28, 32, 32, 16, 5, 7, 0, 0, 0, 36, 39, 42, 47, 52, 58, 68, 76, 81, 88, 90, 94, 104, 105, 107, 101, 109, 100, 111, 116, 117, 119, 121, 123, 124, 115, 55, 0, 74, 124]"
Linear,25,exact_guidance_u,218,0,64,63,"[129, 0, 1, 2, 6, 6, 0, 9, 16, 13, 17, 18, 19, 36, 51, 86, 114, 116, 117, 122, 113, 85, 67, 58, 27, 28, 32, 32, 16, 5, 7, 0, 0, 0, 36, 39, 42, 47, 52, 58, 68, 76, 81, 88, 90, 94, 104, 105, 107, 101, 109, 100, 111, 116, 117, 119, 121, 123, 124, 115, 55, 0, 74, 124]","[0, 1, 2, 6, 6, 0, 9, 16, 13, 17, 18, 19, 36, 51, 86, 114, 116, 117, 122, 113, 85, 67, 58, 27, 28, 32, 32, 16, 5, 7, 0, 0, 0, 36, 39, 42, 47, 52, 58, 68, 76, 81, 88, 90, 94, 104, 105, 107, 101, 109, 100, 111, 116, 117, 119, 121, 123, 124, 115, 55, 0, 74, 124]"
Linear,25,exact_guidance_u,219,0,64,63,"[129, 0, 1, 2, 6, 6, 0, 9, 16, 13, 17, 18, 19, 36, 51, 86, 114, 116, 117, 122, 113, 85, 67, 58, 27, 28, 32, 32, 16, 5, 7, 0, 0, 0, 36, 39, 42, 47, 52, 58, 68, 76, 81, 88, 90, 94, 104, 105, 107, 101, 109, 100, 111, 116, 117, 119, 121, 123, 124, 115, 55, 0, 74, 124]","[0, 1, 2, 6, 6, 0, 9, 16, 13, 17, 18, 19, 36, 51, 86, 114, 116, 117, 122, 113, 85, 67, 58, 27, 28, 32, 32, 16, 5, 7, 0, 0, 0, 36, 39, 42, 47, 52, 58, 68, 76, 81, 88, 90, 94, 104, 105, 107, 101, 109, 100, 111, 116, 117, 119, 121, 123, 124, 115, 55, 0, 74, 124]"
Linear,25,exact_guidance_u,220,0,64,63,"[129, 0, 1, 2, 6, 6, 0, 9, 16, 13, 17, 18, 19, 36, 51, 86, 114, 116, 117, 122, 113, 85, 67, 58, 27, 28, 32, 32, 16, 5, 7, 0, 0, 0, 36, 39, 42, 47, 52, 58, 68, 76, 81, 88, 90, 94, 104, 105, 107, 101, 109, 100, 111, 116, 117, 119, 121, 123, 124, 115, 55, 0, 74, 124]","[0, 1, 2, 6, 6, 0, 9, 16, 13, 17, 18, 19, 36, 51, 86, 114, 116, 117, 122, 113, 85, 67, 58, 27, 28, 32, 32, 16, 5, 7, 0, 0, 0, 36, 39, 42, 47, 52, 58, 68, 76, 81, 88, 90, 94, 104, 105, 107, 101, 109, 100, 111, 116, 117, 119, 121, 123, 124, 115, 55, 0, 74, 124]"
Linear,25,exact_guidance_u,221,0,64,63,"[129, 0, 1, 2, 6, 6, 0, 9, 16, 13, 17, 18, 19, 36, 51, 86, 114, 116, 117, 122, 113, 85, 67, 58, 27, 28, 32, 32, 16, 5, 7, 0, 0, 0, 36, 39, 42, 47, 52, 58, 68, 76, 81, 88, 90, 94, 104, 105, 107, 101, 109, 100, 111, 116, 117, 119, 121, 123, 124, 115, 55, 0, 74, 124]","[0, 1, 2, 6, 6, 0, 9, 16, 13, 17, 18, 19, 36, 51, 86, 114, 116, 117, 122, 113, 85, 67, 58, 27, 28, 32, 32, 16, 5, 7, 0, 0, 0, 36, 39, 42, 47, 52, 58, 68, 76, 81, 88, 90, 94, 104, 105, 107, 101, 109, 100, 111, 116, 117, 119, 121, 123, 124, 115, 55, 0, 74, 124]"
Linear,25,exact_guidance_u,222,0,64,63,"[129, 0, 1, 2, 6, 6, 0, 9, 16, 13, 17, 18, 19, 36, 51, 86, 114, 116, 117, 122, 113, 85, 67, 58, 27, 28, 32, 32, 16, 5, 7, 0, 0, 0, 36, 39, 42, 47, 52, 58, 68, 76, 81, 88, 90, 94, 104, 105, 107, 101, 109, 100, 111, 116, 117, 119, 121, 123, 124, 115, 55, 0, 74, 124]","[0, 1, 2, 6, 6, 0, 9, 16, 13, 17, 18, 19, 36, 51, 86, 114, 116, 117, 122, 113, 85, 67, 58, 27, 28, 32, 32, 16, 5, 7, 0, 0, 0, 36, 39, 42, 47, 52, 58, 68, 76, 81, 88, 90, 94, 104, 105, 107, 101, 109, 100, 111, 116, 117, 119, 121, 123, 124, 115, 55, 0, 74, 124]"
Linear,25,exact_guidance_u,223,0,64,63,"[129, 0, 1, 2, 6, 6, 0, 9, 16, 13, 17, 18, 19, 36, 51, 86, 114, 116, 117, 122, 113, 85, 67, 58, 27, 28, 32, 32, 16, 5, 7, 0, 0, 0, 36, 39, 42, 47, 52, 58, 68, 76, 81, 88, 90, 94, 104, 105, 107, 101, 109, 100, 111, 116, 117, 119, 121, 123, 124, 115, 55, 0, 74, 124]","[0, 1, 2, 6, 6, 0, 9, 16, 13, 17, 18, 19, 36, 51, 86, 114, 116, 117, 122, 113, 85, 67, 58, 27, 28, 32, 32, 16, 5, 7, 0, 0, 0, 36, 39, 42, 47, 52, 58, 68, 76, 81, 88, 90, 94, 104, 105, 107, 101, 109, 100, 111, 116, 117, 119, 121, 123, 124, 115, 55, 0, 74, 124]"
Linear,25,exact_guidance_u,224,0,64,63,"[129, 0, 1, 2, 6, 6, 0, 9, 16, 13, 17, 18, 19, 36, 51, 86, 114, 116, 117, 122, 113, 85, 67, 58, 27, 28, 32, 32, 16, 5, 7, 0, 0, 0, 36, 39, 42, 47, 52, 58, 68, 76, 81, 88, 90, 94, 104, 105, 107, 101, 109, 100, 111, 116, 117, 119, 121, 123, 124, 115, 55, 0, 74, 124]","[0, 1, 2, 6, 6, 0, 9, 16, 13, 17, 18, 19, 36, 51, 86, 114, 116, 117, 122, 113, 85, 67, 58, 27, 28, 32, 32, 16, 5, 7, 0, 0, 0, 36, 39, 42, 47, 52, 58, 68, 76, 81, 88, 90, 94, 104, 105, 107, 101, 109, 100, 111, 116, 117, 119, 121, 123, 124, 115, 55, 0, 74, 124]"
Linear,25,exact_guidance_u,225,0,64,63,"[129, 0, 1, 2, 6, 6, 0, 9, 16, 13, 17, 18, 19, 36, 51, 86, 114, 116, 117, 122, 113, 85, 67, 58, 27, 28, 32, 32, 16, 5, 7, 0, 0, 0, 36, 39, 42, 47, 52, 58, 68, 76, 81, 88, 90, 94, 104, 105, 107, 101, 109, 100, 111, 116, 117, 119, 121, 123, 124, 115, 55, 0, 74, 124]","[0, 1, 2, 6, 6, 0, 9, 16, 13, 17, 18, 19, 36, 51, 86, 114, 116, 117, 122, 113, 85, 67, 58, 27, 28, 32, 32, 16, 5, 7, 0, 0, 0, 36, 39, 42, 47, 52, 58, 68, 76, 81, 88, 90, 94, 104, 105, 107, 101, 109, 100, 111, 116, 117, 119, 121, 123, 124, 115, 55, 0, 74, 124]"
Linear,25,exact_guidance_u,226,0,64,63,"[129, 0, 1, 2, 6, 6, 0, 9, 16, 13, 17, 18, 19, 36, 51, 86, 114, 116, 117, 122, 113, 85, 67, 58, 27, 28, 32, 32, 16, 5, 7, 0, 0, 0, 36, 39, 42, 47, 52, 58, 68, 76, 81, 88, 90, 94, 104, 105, 107, 101, 109, 100, 111, 116, 117, 119, 121, 123, 124, 115, 55, 0, 74, 124]","[0, 1, 2, 6, 6, 0, 9, 16, 13, 17, 18, 19, 36, 51, 86, 114, 116, 117, 122, 113, 85, 67, 58, 27, 28, 32, 32, 16, 5, 7, 0, 0, 0, 36, 39, 42, 47, 52, 58, 68, 76, 81, 88, 90, 94, 104, 105, 107, 101, 109, 100, 111, 116, 117, 119, 121, 123, 124, 115, 55, 0, 74, 124]"
Linear,25,exact_guidance_u,227,0,64,63,"[129, 0, 1, 2, 6, 6, 0, 9, 16, 13, 17, 18, 19, 36, 51, 86, 114, 116, 117, 122, 113, 85, 67, 58, 27, 28, 32, 32, 16, 5, 7, 0, 0, 0, 36, 39, 42, 47, 52, 58, 68, 76, 81, 88, 90, 94, 104, 105, 107, 101, 109, 100, 111, 116, 117, 119, 121, 123, 124, 115, 55, 0, 74, 124]","[0, 1, 2, 6, 6, 0, 9, 16, 13, 17, 18, 19, 36, 51, 86, 114, 116, 117, 122, 113, 85, 67, 58, 27, 28, 32, 32, 16, 5, 7, 0, 0, 0, 36, 39, 42, 47, 52, 58, 68, 76, 81, 88, 90, 94, 104, 105, 107, 101, 109, 100, 111, 116, 117, 119, 121, 123, 124, 115, 55, 0, 74, 124]"
Linear,25,exact_guidance_u,228,0,64,63,"[129, 0, 1, 2, 6, 6, 0, 9, 16, 13, 17, 18, 19, 36, 51, 86, 114, 116, 117, 122, 113, 85, 67, 58, 27, 28, 32, 32, 16, 5, 7, 0, 0, 0, 36, 39, 42, 47, 52, 58, 68, 76, 81, 88, 90, 94, 104, 105, 107, 101, 109, 100, 111, 116, 117, 119, 121, 123, 124, 115, 55, 0, 74, 124]","[0, 1, 2, 6, 6, 0, 9, 16, 13, 17, 18, 19, 36, 51, 86, 114, 116, 117, 122, 113, 85, 67, 58, 27, 28, 32, 32, 16, 5, 7, 0, 0, 0, 36, 39, 42, 47, 52, 58, 68, 76, 81, 88, 90, 94, 104, 105, 107, 101, 109, 100, 111, 116, 117, 119, 121, 123, 124, 115, 55, 0, 74, 124]"
Linear,25,exact_guidance_u,229,0,64,63,"[129, 0, 1, 2, 6, 6, 0, 9, 16, 13, 17, 18, 19, 36, 51, 86, 114, 116, 117, 122, 113, 85, 67, 58, 27, 28, 32, 32, 16, 5, 7, 0, 0, 0, 36, 39, 42, 47, 52, 58, 68, 76, 81, 88, 90, 94, 104, 105, 107, 101, 109, 100, 111, 116, 117, 119, 121, 123, 124, 115, 55, 0, 74, 124]","[0, 1, 2, 6, 6, 0, 9, 16, 13, 17, 18, 19, 36, 51, 86, 114, 116, 117, 122, 113, 85, 67, 58, 27, 28, 32, 32, 16, 5, 7, 0, 0, 0, 36, 39, 42, 47, 52, 58, 68, 76, 81, 88, 90, 94, 104, 105, 107, 101, 109, 100, 111, 116, 117, 119, 121, 123, 124, 115, 55, 0, 74, 124]"
Linear,25,exact_guidance_u,230,0,64,63,"[129, 0, 1, 2, 6, 6, 0, 9, 16, 13, 17, 18, 19, 36, 51, 86, 114, 116, 117, 122, 113, 85, 67, 58, 27, 28, 32, 32, 16, 5, 7, 0, 0, 0, 36, 39, 42, 47, 52, 58, 68, 76, 81, 88, 90, 94, 104, 105, 107, 101, 109, 100, 111, 116, 117, 119, 121, 123, 124, 115, 55, 0, 74, 124]","[0, 1, 2, 6, 6, 0, 9, 16, 13, 17, 18, 19, 36, 51, 86, 114, 116, 117, 122, 113, 85, 67, 58, 27, 28, 32, 32, 16, 5, 7, 0, 0, 0, 36, 39, 42, 47, 52, 58, 68, 76, 81, 88, 90, 94, 104, 105, 107, 101, 109, 100, 111, 116, 117, 119, 121, 123, 124, 115, 55, 0, 74, 124]"
Linear,25,exact_guidance_u,231,0,64,63,"[129, 0, 1, 2, 6, 6, 0, 9, 16, 13, 17, 18, 19, 36, 51, 86, 114, 116, 117, 122, 113, 85, 67, 58, 27, 28, 32, 32, 16, 5, 7, 0, 0, 0, 36, 39, 42, 47, 52, 58, 68, 76, 81, 88, 90, 94, 104, 105, 107, 101, 109, 100, 111, 116, 117, 119, 121, 123, 124, 115, 55, 0, 74, 124]","[0, 1, 2, 6, 6, 0, 9, 16, 13, 17, 18, 19, 36, 51, 86, 114, 116, 117, 122, 113, 85, 67, 58, 27, 28, 32, 32, 16, 5, 7, 0, 0, 0, 36, 39, 42, 47, 52, 58, 68, 76, 81, 88, 90, 94, 104, 105, 107, 101, 109, 100, 111, 116, 117, 119, 121, 123, 124, 115, 55, 0, 74, 124]"
Linear,25,exact_guidance_u,232,0,64,63,"[129, 0, 1, 2, 6, 6, 0, 9, 16, 13, 17, 18, 19, 36, 51, 86, 114, 116, 117, 122, 113, 85, 67, 58, 27, 28, 32, 32, 16, 5, 7, 0, 0, 0, 36, 39, 42, 47, 52, 58, 68, 76, 81, 88, 90, 94, 104, 105, 107, 101, 109, 100, 111, 116, 117, 119, 121, 123, 124, 115, 55, 0, 74, 124]","[0, 1, 2, 6, 6, 0, 9, 16, 13, 17, 18, 19, 36, 51, 86, 114, 116, 117, 122, 113, 85, 67, 58, 27, 28, 32, 32, 16, 5, 7, 0, 0, 0, 36, 39, 42, 47, 52, 58, 68, 76, 81, 88, 90, 94, 104, 105, 107, 101, 109, 100, 111, 116, 117, 119, 121, 123, 124, 115, 55, 0, 74, 124]"
Linear,25,exact_guidance_u,233,0,64,63,"[129, 0, 1, 2, 6, 6, 0, 9, 16, 13, 17, 18, 19, 36, 51, 86, 114, 116, 117, 122, 113, 85, 67, 58, 27, 28, 32, 32, 16, 5, 7, 0, 0, 0, 36, 39, 42, 47, 52, 58, 68, 76, 81, 88, 90, 94, 104, 105, 107, 101, 109, 100, 111, 116, 117, 119, 121, 123, 124, 115, 55, 0, 74, 124]","[0, 1, 2, 6, 6, 0, 9, 16, 13, 17, 18, 19, 36, 51, 86, 114, 116, 117, 122, 113, 85, 67, 58, 27, 28, 32, 32, 16, 5, 7, 0, 0, 0, 36, 39, 42, 47, 52, 58, 68, 76, 81, 88, 90, 94, 104, 105, 107, 101, 109, 100, 111, 116, 117, 119, 121, 123, 124, 115, 55, 0, 74, 124]"
Linear,25,exact_guidance_u,234,0,64,63,"[129, 0, 1, 2, 6, 6, 0, 9, 16, 13, 17, 18, 19, 36, 51, 86, 114, 116, 117, 122, 113, 85, 67, 58, 27, 28, 32, 32, 16, 5, 7, 0, 0, 0, 36, 39, 42, 47, 52, 58, 68, 76, 81, 88, 90, 94, 104, 105, 107, 101, 109, 100, 111, 116, 117, 119, 121, 123, 124, 115, 55, 0, 74, 124]","[0, 1, 2, 6, 6, 0, 9, 16, 13, 17, 18, 19, 36, 51, 86, 114, 116, 117, 122, 113, 85, 67, 58, 27, 28, 32, 32, 16, 5, 7, 0, 0, 0, 36, 39, 42, 47, 52, 58, 68, 76, 81, 88, 90, 94, 104, 105, 107, 101, 109, 100, 111, 116, 117, 119, 121, 123, 124, 115, 55, 0, 74, 124]"
Linear,25,exact_guidance_u,235,0,65,64,"[129, 0, 1, 2, 6, 6, 0, 9, 16, 13, 17, 18, 19, 36, 51, 86, 101, 114, 116, 117, 122, 113, 85, 67, 58, 27, 28, 32, 32, 16, 5, 7, 0, 0, 0, 36, 39, 42, 47, 52, 58, 68, 76, 81, 88, 90, 94, 104, 105, 107, 101, 109, 100, 111, 116, 117, 119, 121, 123, 124, 115, 55, 0, 74, 124]","[0, 1, 2, 6, 6, 0, 9, 16, 13, 17, 18, 19, 36, 51, 86, 101, 114, 116, 117, 122, 113, 85, 67, 58, 27, 28, 32, 32, 16, 5, 7, 0, 0, 0, 36, 39, 42, 47, 52, 58, 68, 76, 81, 88, 90, 94, 104, 105, 107, 101, 109, 100, 111, 116, 117, 119, 121, 123, 124, 115, 55, 0, 74, 124]"
Linear,25,exact_guidance_u,236,0,66,65,"[129, 0, 1, 2, 6, 6, 0, 9, 16, 13, 17, 18, 19, 36, 51, 86, 101, 113, 114, 116, 117, 122, 113, 85, 67, 58, 27, 28, 32, 32, 16, 5, 7, 0, 0, 0, 36, 39, 42, 47, 52, 58, 68, 76, 81, 88, 90, 94, 104, 105, 107, 101, 109, 100, 111, 116, 117, 119, 121, 123, 124, 115, 55, 0, 74, 124]","[0, 1, 2, 6, 6, 0, 9, 16, 13, 17, 18, 19, 36, 51, 86, 101, 113, 114, 116, 117, 122, 113, 85, 67, 58, 27, 28, 32, 32, 16, 5, 7, 0, 0, 0, 36, 39, 42, 47, 52, 58, 68, 76, 81, 88, 90, 94, 104, 105, 107, 101, 109, 100, 111, 116, 117, 119, 121, 123, 124, 115, 55, 0, 74, 124]"
Linear,25,exact_guidance_u,237,0,66,65,"[129, 0, 1, 2, 6, 6, 0, 9, 16, 13, 17, 18, 19, 36, 51, 86, 101, 113, 114, 116, 117, 122, 113, 85, 67, 58, 27, 28, 32, 32, 16, 5, 7, 0, 0, 0, 36, 39, 42, 47, 52, 58, 68, 76, 81, 88, 90, 94, 104, 105, 107, 101, 109, 100, 111, 116, 117, 119, 121, 123, 124, 115, 55, 0, 74, 124]","[0, 1, 2, 6, 6, 0, 9, 16, 13, 17, 18, 19, 36, 51, 86, 101, 113, 114, 116, 117, 122, 113, 85, 67, 58, 27, 28, 32, 32, 16, 5, 7, 0, 0, 0, 36, 39, 42, 47, 52, 58, 68, 76, 81, 88, 90, 94, 104, 105, 107, 101, 109, 100, 111, 116, 117, 119, 121, 123, 124, 115, 55, 0, 74, 124]"
Linear,25,exact_guidance_u,238,0,67,66,"[129, 0, 1, 2, 6, 6, 0, 9, 16, 13, 17, 18, 19, 36, 51, 86, 101, 113, 114, 116, 117, 122, 113, 85, 67, 58, 44, 27, 28, 32, 32, 16, 5, 7, 0, 0, 0, 36, 39, 42, 47, 52, 58, 68, 76, 81, 88, 90, 94, 104, 105, 107, 101, 109, 100, 111, 116, 117, 119, 121, 123, 124, 115, 55, 0, 74, 124]","[0, 1, 2, 6, 6, 0, 9, 16, 13, 17, 18, 19, 36, 51, 86, 101, 113, 114, 116, 117, 122, 113, 85, 67, 58, 44, 27, 28, 32, 32, 16, 5, 7, 0, 0, 0, 36, 39, 42, 47, 52, 58, 68, 76, 81, 88, 90, 94, 104, 105, 107, 101, 109, 100, 111, 116, 117, 119, 121, 123, 124, 115, 55, 0, 74, 124]"
Linear,25,exact_guidance_u,239,0,67,66,"[129, 0, 1, 2, 6, 6, 0, 9, 16, 13, 17, 18, 19, 36, 51, 86, 101, 113, 114, 116, 117, 122, 113, 85, 67, 58, 44, 27, 28, 32, 32, 16, 5, 7, 0, 0, 0, 36, 39, 42, 47, 52, 58, 68, 76, 81, 88, 90, 94, 104, 105, 107, 101, 109, 100, 111, 116, 117, 119, 121, 123, 124, 115, 55, 0, 74, 124]","[0, 1, 2, 6, 6, 0, 9, 16, 13, 17, 18, 19, 36, 51, 86, 101, 113, 114, 116, 117, 122, 113, 85, 67, 58, 44, 27, 28, 32, 32, 16, 5, 7, 0, 0, 0, 36, 39, 42, 47, 52, 58, 68, 76, 81, 88, 90, 94, 104, 105, 107, 101, 109, 100, 111, 116, 117, 119, 121, 123, 124, 115, 55, 0, 74, 124]"
Linear,25,exact_guidance_u,240,0,67,66,"[129, 0, 1, 2, 6, 6, 0, 9, 16, 13, 17, 18, 19, 36, 51, 86, 101, 113, 114, 116, 117, 122, 113, 85, 67, 58, 44, 27, 28, 32, 32, 16, 5, 7, 0, 0, 0, 36, 39, 42, 47, 52, 58, 68, 76, 81, 88, 90, 94, 104, 105, 107, 101, 109, 100, 111, 116, 117, 119, 121, 123, 124, 115, 55, 0, 74, 124]","[0, 1, 2, 6, 6, 0, 9, 16, 13, 17, 18, 19, 36, 51, 86, 101, 113, 114, 116, 117, 122, 113, 85, 67, 58, 44, 27, 28, 32, 32, 16, 5, 7, 0, 0, 0, 36, 39, 42, 47, 52, 58, 68, 76, 81, 88, 90, 94, 104, 105, 107, 101, 109, 100, 111, 116, 117, 119, 121, 123, 124, 115, 55, 0, 74, 124]"
Linear,25,exact_guidance_u,241,0,67,66,"[129, 0, 1, 2, 6, 6, 0, 9, 16, 13, 17, 18, 19, 36, 51, 86, 101, 113, 114, 116, 117, 122, 113, 85, 67, 58, 44, 27, 28, 32, 32, 16, 5, 7, 0, 0, 0, 36, 39, 42, 47, 52, 58, 68, 76, 81, 88, 90, 94, 104, 105, 107, 101, 109, 100, 111, 116, 117, 119, 121, 123, 124, 115, 55, 0, 74, 124]","[0, 1, 2, 6, 6, 0, 9, 16, 13, 17, 18, 19, 36, 51, 86, 101, 113, 114, 116, 117, 122, 113, 85, 67, 58, 44, 27, 28, 32, 32, 16, 5, 7, 0, 0, 0, 36, 39, 42, 47, 52, 58, 68, 76, 81, 88, 90, 94, 104, 105, 107, 101, 109, 100, 111, 116, 117, 119, 121, 123, 124, 115, 55, 0, 74, 124]"
Linear,25,exact_guidance_u,242,0,67,66,"[129, 0, 1, 2, 6, 6, 0, 9, 16, 13, 17, 18, 19, 36, 51, 86, 101, 113, 114, 116, 117, 122, 113, 85, 67, 58, 44, 27, 28, 32, 32, 16, 5, 7, 0, 0, 0, 36, 39, 42, 47, 52, 58, 68, 76, 81, 88, 90, 94, 104, 105, 107, 101, 109, 100, 111, 116, 117, 119, 121, 123, 124, 115, 55, 0, 74, 124]","[0, 1, 2, 6, 6, 0, 9, 16, 13, 17, 18, 19, 36, 51, 86, 101, 113, 114, 116, 117, 122, 113, 85, 67, 58, 44, 27, 28, 32, 32, 16, 5, 7, 0, 0, 0, 36, 39, 42, 47, 52, 58, 68, 76, 81, 88, 90, 94, 104, 105, 107, 101, 109, 100, 111, 116, 117, 119, 121, 123, 124, 115, 55, 0, 74, 124]"
Linear,25,exact_guidance_u,243,0,67,66,"[129, 0, 1, 2, 6, 6, 0, 9, 16, 13, 17, 18, 19, 36, 51, 86, 101, 113, 114, 116, 117, 122, 113, 85, 67, 58, 44, 27, 28, 32, 32, 16, 5, 7, 0, 0, 0, 36, 39, 42, 47, 52, 58, 68, 76, 81, 88, 90, 94, 104, 105, 107, 101, 109, 100, 111, 116, 117, 119, 121, 123, 124, 115, 55, 0, 74, 124]","[0, 1, 2, 6, 6, 0, 9, 16, 13, 17, 18, 19, 36, 51, 86, 101, 113, 114, 116, 117, 122, 113, 85, 67, 58, 44, 27, 28, 32, 32, 16, 5, 7, 0, 0, 0, 36, 39, 42, 47, 52, 58, 68, 76, 81, 88, 90, 94, 104, 105, 107, 101, 109, 100, 111, 116, 117, 119, 121, 123, 124, 115, 55, 0, 74, 124]"
Linear,25,exact_guidance_u,244,0,67,66,"[129, 0, 1, 2, 6, 6, 0, 9, 16, 13, 17, 18, 19, 36, 51, 86, 101, 113, 114, 116, 117, 122, 113, 85, 67, 58, 44, 27, 28, 32, 32, 16, 5, 7, 0, 0, 0, 36, 39, 42, 47, 52, 58, 68, 76, 81, 88, 90, 94, 104, 105, 107, 101, 109, 100, 111, 116, 117, 119, 121, 123, 124, 115, 55, 0, 74, 124]","[0, 1, 2, 6, 6, 0, 9, 16, 13, 17, 18, 19, 36, 51, 86, 101, 113, 114, 116, 117, 122, 113, 85, 67, 58, 44, 27, 28, 32, 32, 16, 5, 7, 0, 0, 0, 36, 39, 42, 47, 52, 58, 68, 76, 81, 88, 90, 94, 104, 105, 107, 101, 109, 100, 111, 116, 117, 119, 121, 123, 124, 115, 55, 0, 74, 124]"
Linear,25,exact_guidance_u,245,0,67,66,"[129, 0, 1, 2, 6, 6, 0, 9, 16, 13, 17, 18, 19, 36, 51, 86, 101, 113, 114, 116, 117, 122, 113, 85, 67, 58, 44, 27, 28, 32, 32, 16, 5, 7, 0, 0, 0, 36, 39, 42, 47, 52, 58, 68, 76, 81, 88, 90, 94, 104, 105, 107, 101, 109, 100, 111, 116, 117, 119, 121, 123, 124, 115, 55, 0, 74, 124]","[0, 1, 2, 6, 6, 0, 9, 16, 13, 17, 18, 19, 36, 51, 86, 101, 113, 114, 116, 117, 122, 113, 85, 67, 58, 44, 27, 28, 32, 32, 16, 5, 7, 0, 0, 0, 36, 39, 42, 47, 52, 58, 68, 76, 81, 88, 90, 94, 104, 105, 107, 101, 109, 100, 111, 116, 117, 119, 121, 123, 124, 115, 55, 0, 74, 124]"
Linear,25,exact_guidance_u,246,0,67,66,"[129, 0, 1, 2, 6, 6, 0, 9, 16, 13, 17, 18, 19, 36, 51, 86, 101, 113, 114, 116, 117, 122, 113, 85, 67, 58, 44, 27, 28, 32, 32, 16, 5, 7, 0, 0, 0, 36, 39, 42, 47, 52, 58, 68, 76, 81, 88, 90, 94, 104, 105, 107, 101, 109, 100, 111, 116, 117, 119, 121, 123, 124, 115, 55, 0, 74, 124]","[0, 1, 2, 6, 6, 0, 9, 16, 13, 17, 18, 19, 36, 51, 86, 101, 113, 114, 116, 117, 122, 113, 85, 67, 58, 44, 27, 28, 32, 32, 16, 5, 7, 0, 0, 0, 36, 39, 42, 47, 52, 58, 68, 76, 81, 88, 90, 94, 104, 105, 107, 101, 109, 100, 111, 116, 117, 119, 121, 123, 124, 115, 55, 0, 74, 124]"
Linear,25,exact_guidance_u,247,0,67,66,"[129, 0, 1, 2, 6, 6, 0, 9, 16, 13, 17, 18, 19, 36, 51, 86, 101, 113, 114, 116, 117, 122, 113, 85, 67, 58, 44, 27, 28, 32, 32, 16, 5, 7, 0, 0, 0, 36, 39, 42, 47, 52, 58, 68, 76, 81, 88, 90, 94, 104, 105, 107, 101, 109, 100, 111, 116, 117, 119, 121, 123, 124, 115, 55, 0, 74, 124]","[0, 1, 2, 6, 6, 0, 9, 16, 13, 17, 18, 19, 36, 51, 86, 101, 113, 114, 116, 117, 122, 113, 85, 67, 58, 44, 27, 28, 32, 32, 16, 5, 7, 0, 0, 0, 36, 39, 42, 47, 52, 58, 68, 76, 81, 88, 90, 94, 104, 105, 107, 101, 109, 100, 111, 116, 117, 119, 121, 123, 124, 115, 55, 0, 74, 124]"
Linear,25,exact_guidance_u,248,0,67,66,"[129, 0, 1, 2, 6, 6, 0, 9, 16, 13, 17, 18, 19, 36, 51, 86, 101, 113, 114, 116, 117, 122, 113, 85, 67, 58, 44, 27, 28, 32, 32, 16, 5, 7, 0, 0, 0, 36, 39, 42, 47, 52, 58, 68, 76, 81, 88, 90, 94, 104, 105, 107, 101, 109, 100, 111, 116, 117, 119, 121, 123, 124, 115, 55, 0, 74, 124]","[0, 1, 2, 6, 6, 0, 9, 16, 13, 17, 18, 19, 36, 51, 86, 101, 113, 114, 116, 117, 122, 113, 85, 67, 58, 44, 27, 28, 32, 32, 16, 5, 7, 0, 0, 0, 36, 39, 42, 47, 52, 58, 68, 76, 81, 88, 90, 94, 104, 105, 107, 101, 109, 100, 111, 116, 117, 119, 121, 123, 124, 115, 55, 0, 74, 124]"
Linear,25,exact_guidance_u,249,0,67,66,"[129, 0, 1, 2, 6, 6, 0, 9, 16, 13, 17, 18, 19, 36, 51, 86, 101, 113, 114, 116, 117, 122, 113, 85, 67, 58, 44, 27, 28, 32, 32, 16, 5, 7, 0, 0, 0, 36, 39, 42, 47, 52, 58, 68, 76, 81, 88, 90, 94, 104, 105, 107, 101, 109, 100, 111, 116, 117, 119, 121, 123, 124, 115, 55, 0, 74, 124]","[0, 1, 2, 6, 6, 0, 9, 16, 13, 17, 18, 19, 36, 51, 86, 101, 113, 114, 116, 117, 122, 113, 85, 67, 58, 44, 27, 28, 32, 32, 16, 5, 7, 0, 0, 0, 36, 39, 42, 47, 52, 58, 68, 76, 81, 88, 90, 94, 104, 105, 107, 101, 109, 100, 111, 116, 117, 119, 121, 123, 124, 115, 55, 0, 74, 124]"
Linear,25,exact_guidance_u,250,0,68,67,"[129, 0, 1, 2, 6, 6, 0, 9, 16, 13, 17, 18, 19, 36, 51, 86, 101, 113, 114, 116, 117, 122, 113, 85, 67, 58, 44, 27, 28, 32, 32, 16, 5, 7, 0, 0, 0, 36, 39, 42, 47, 52, 58, 68, 76, 81, 88, 90, 94, 104, 105, 107, 101, 109, 100, 111, 116, 117, 119, 121, 123, 124, 115, 55, 0, 74, 90, 124]","[0, 1, 2, 6, 6, 0, 9, 16, 13, 17, 18, 19, 36, 51, 86, 101, 113, 114, 116, 117, 122, 113, 85, 67, 58, 44, 27, 28, 32, 32, 16, 5, 7, 0, 0, 0, 36, 39, 42, 47, 52, 58, 68, 76, 81, 88, 90, 94, 104, 105, 107, 101, 109, 100, 111, 116, 117, 119, 121, 123, 124, 115, 55, 0, 74, 90, 124]"
Linear,25,exact_guidance_u,251,0,68,67,"[129, 0, 1, 2, 6, 6, 0, 9, 16, 13, 17, 18, 19, 36, 51, 86, 101, 113, 114, 116, 117, 122, 113, 85, 67, 58, 44, 27, 28, 32, 32, 16, 5, 7, 0, 0, 0, 36, 39, 42, 47, 52, 58, 68, 76, 81, 88, 90, 94, 104, 105, 107, 101, 109, 100, 111, 116, 117, 119, 121, 123, 124, 115, 55, 0, 74, 90, 124]","[0, 1, 2, 6, 6, 0, 9, 16, 13, 17, 18, 19, 36, 51, 86, 101, 113, 114, 116, 117, 122, 113, 85, 67, 58, 44, 27, 28, 32, 32, 16, 5, 7, 0, 0, 0, 36, 39, 42, 47, 52, 58, 68, 76, 81, 88, 90, 94, 104, 105, 107, 101, 109, 100, 111, 116, 117, 119, 121, 123, 124, 115, 55, 0, 74, 90, 124]"
Linear,25,exact_guidance_u,252,0,68,67,"[129, 0, 1, 2, 6, 6, 0, 9, 16, 13, 17, 18, 19, 36, 51, 86, 101, 113, 114, 116, 117, 122, 113, 85, 67, 58, 44, 27, 28, 32, 32, 16, 5, 7, 0, 0, 0, 36, 39, 42, 47, 52, 58, 68, 76, 81, 88, 90, 94, 104, 105, 107, 101, 109, 100, 111, 116, 117, 119, 121, 123, 124, 115, 55, 0, 74, 90, 124]","[0, 1, 2, 6, 6, 0, 9, 16, 13, 17, 18, 19, 36, 51, 86, 101, 113, 114, 116, 117, 122, 113, 85, 67, 58, 44, 27, 28, 32, 32, 16, 5, 7, 0, 0, 0, 36, 39, 42, 47, 52, 58, 68, 76, 81, 88, 90, 94, 104, 105, 107, 101, 109, 100, 111, 116, 117, 119, 121, 123, 124, 115, 55, 0, 74, 90, 124]"
Linear,25,exact_guidance_u,253,0,68,67,"[129, 0, 1, 2, 6, 6, 0, 9, 16, 13, 17, 18, 19, 36, 51, 86, 101, 113, 114, 116, 117, 122, 113, 85, 67, 58, 44, 27, 28, 32, 32, 16, 5, 7, 0, 0, 0, 36, 39, 42, 47, 52, 58, 68, 76, 81, 88, 90, 94, 104, 105, 107, 101, 109, 100, 111, 116, 117, 119, 121, 123, 124, 115, 55, 0, 74, 90, 124]","[0, 1, 2, 6, 6, 0, 9, 16, 13, 17, 18, 19, 36, 51, 86, 101, 113, 114, 116, 117, 122, 113, 85, 67, 58, 44, 27, 28, 32, 32, 16, 5, 7, 0, 0, 0, 36, 39, 42, 47, 52, 58, 68, 76, 81, 88, 90, 94, 104, 105, 107, 101, 109, 100, 111, 116, 117, 119, 121, 123, 124, 115, 55, 0, 74, 90, 124]"
Linear,25,exact_guidance_u,254,0,68,67,"[129, 0, 1, 2, 6, 6, 0, 9, 16, 13, 17, 18, 19, 36, 51, 86, 101, 113, 114, 116, 117, 122, 113, 85, 67, 58, 44, 27, 28, 32, 32, 16, 5, 7, 0, 0, 0, 36, 39, 42, 47, 52, 58, 68, 76, 81, 88, 90, 94, 104, 105, 107, 101, 109, 100, 111, 116, 117, 119, 121, 123, 124, 115, 55, 0, 74, 90, 124]","[0, 1, 2, 6, 6, 0, 9, 16, 13, 17, 18, 19, 36, 51, 86, 101, 113, 114, 116, 117, 122, 113, 85, 67, 58, 44, 27, 28, 32, 32, 16, 5, 7, 0, 0, 0, 36, 39, 42, 47, 52, 58, 68, 76, 81, 88, 90, 94, 104, 105, 107, 101, 109, 100, 111, 116, 117, 119, 121, 123, 124, 115, 55, 0, 74, 90, 124]"
Linear,25,exact_guidance_u,255,0,68,67,"[129, 0, 1, 2, 6, 6, 0, 9, 16, 13, 17, 18, 19, 36, 51, 86, 101, 113, 114, 116, 117, 122, 113, 85, 67, 58, 44, 27, 28, 32, 32, 16, 5, 7, 0, 0, 0, 36, 39, 42, 47, 52, 58, 68, 76, 81, 88, 90, 94, 104, 105, 107, 101, 109, 100, 111, 116, 117, 119, 121, 123, 124, 115, 55, 0, 74, 90, 124]","[0, 1, 2, 6, 6, 0, 9, 16, 13, 17, 18, 19, 36, 51, 86, 101, 113, 114, 116, 117, 122, 113, 85, 67, 58, 44, 27, 28, 32, 32, 16, 5, 7, 0, 0, 0, 36, 39, 42, 47, 52, 58, 68, 76, 81, 88, 90, 94, 104, 105, 107, 101, 109, 100, 111, 116, 117, 119, 121, 123, 124, 115, 55, 0, 74, 90, 124]"
Linear,25,exact_guidance_u,256,0,68,67,"[129, 0, 1, 2, 6, 6, 0, 9, 16, 13, 17, 18, 19, 36, 51, 86, 101, 113, 114, 116, 117, 122, 113, 85, 67, 58, 44, 27, 28, 32, 32, 16, 5, 7, 0, 0, 0, 36, 39, 42, 47, 52, 58, 68, 76, 81, 88, 90, 94, 104, 105, 107, 101, 109, 100, 111, 116, 117, 119, 121, 123, 124, 115, 55, 0, 74, 90, 124]","[0, 1, 2, 6, 6, 0, 9, 16, 13, 17, 18, 19, 36, 51, 86, 101, 113, 114, 116, 117, 122, 113, 85, 67, 58, 44, 27, 28, 32, 32, 16, 5, 7, 0, 0, 0, 36, 39, 42, 47, 52, 58, 68, 76, 81, 88, 90, 94, 104, 105, 107, 101, 109, 100, 111, 116, 117, 119, 121, 123, 124, 115, 55, 0, 74, 90, 124]"
Linear,25,exact_guidance_u,257,0,69,68,"[129, 0, 1, 2, 6, 6, 0, 9, 16, 13, 17, 18, 19, 36, 51, 86, 101, 113, 114, 116, 117, 122, 113, 85, 67, 58, 44, 27, 28, 32, 32, 16, 5, 7, 0, 0, 0, 36, 39, 42, 47, 52, 58, 68, 76, 81, 88, 90, 94, 104, 105, 107, 101, 109, 100, 111, 116, 117, 119, 121, 123, 124, 115, 55, 54, 0, 74, 90, 124]","[0, 1, 2, 6, 6, 0, 9, 16, 13, 17, 18, 19, 36, 51, 86, 101, 113, 114, 116, 117, 122, 113, 85, 67, 58, 44, 27, 28, 32, 32, 16, 5, 7, 0, 0, 0, 36, 39, 42, 47, 52, 58, 68, 76, 81, 88, 90, 94, 104, 105, 107, 101, 109, 100, 111, 116, 117, 119, 121, 123, 124, 115, 55, 54, 0, 74, 90, 124]"
Linear,25,exact_guidance_u,258,0,69,68,"[129, 0, 1, 2, 6, 6, 0, 9, 16, 13, 17, 18, 19, 36, 51, 86, 101, 113, 114, 116, 117, 122, 113, 85, 67, 58, 44, 27, 28, 32, 32, 16, 5, 7, 0, 0, 0, 36, 39, 42, 47, 52, 58, 68, 76, 81, 88, 90, 94, 104, 105, 107, 101, 109, 100, 111, 116, 117, 119, 121, 123, 124, 115, 55, 54, 0, 74, 90, 124]","[0, 1, 2, 6, 6, 0, 9, 16, 13, 17, 18, 19, 36, 51, 86, 101, 113, 114, 116, 117, 122, 113, 85, 67, 58, 44, 27, 28, 32, 32, 16, 5, 7, 0, 0, 0, 36, 39, 42, 47, 52, 58, 68, 76, 81, 88, 90, 94, 104, 105, 107, 101, 109, 100, 111, 116, 117, 119, 121, 123, 124, 115, 55, 54, 0, 74, 90, 124]"
Linear,25,exact_guidance_u,259,0,69,68,"[129, 0, 1, 2, 6, 6, 0, 9, 16, 13, 17, 18, 19, 36, 51, 86, 101, 113, 114, 116, 117, 122, 113, 85, 67, 58, 44, 27, 28, 32, 32, 16, 5, 7, 0, 0, 0, 36, 39, 42, 47, 52, 58, 68, 76, 81, 88, 90, 94, 104, 105, 107, 101, 109, 100, 111, 116, 117, 119, 121, 123, 124, 115, 55, 54, 0, 74, 90, 124]","[0, 1, 2, 6, 6, 0, 9, 16, 13, 17, 18, 19, 36, 51, 86, 101, 113, 114, 116, 117, 122, 113, 85, 67, 58, 44, 27, 28, 32, 32, 16, 5, 7, 0, 0, 0, 36, 39, 42, 47, 52, 58, 68, 76, 81, 88, 90, 94, 104, 105, 107, 101, 109, 100, 111, 116, 117, 119, 121, 123, 124, 115, 55, 54, 0, 74, 90, 124]"
Linear,25,exact_guidance_u,260,0,69,68,"[129, 0, 1, 2, 6, 6, 0, 9, 16, 13, 17, 18, 19, 36, 51, 86, 101, 113, 114, 116, 117, 122, 113, 85, 67, 58, 44, 27, 28, 32, 32, 16, 5, 7, 0, 0, 0, 36, 39, 42, 47, 52, 58, 68, 76, 81, 88, 90, 94, 104, 105, 107, 101, 109, 100, 111, 116, 117, 119, 121, 123, 124, 115, 55, 54, 0, 74, 90, 124]","[0, 1, 2, 6, 6, 0, 9, 16, 13, 17, 18, 19, 36, 51, 86, 101, 113, 114, 116, 117, 122, 113, 85, 67, 58, 44, 27, 28, 32, 32, 16, 5, 7, 0, 0, 0, 36, 39, 42, 47, 52, 58, 68, 76, 81, 88, 90, 94, 104, 105, 107, 101, 109, 100, 111, 116, 117, 119, 121, 123, 124, 115, 55, 54, 0, 74, 90, 124]"
Linear,25,exact_guidance_u,261,0,70,69,"[129, 0, 1, 2, 6, 6, 0, 9, 16, 13, 17, 18, 19, 36, 51, 86, 101, 113, 114, 116, 117, 122, 113, 85, 67, 58, 44, 27, 28, 32, 32, 16, 5, 7, 0, 0, 0, 36, 39, 42, 47, 52, 58, 68, 76, 81, 88, 90, 94, 104, 105, 107, 101, 109, 100, 111, 116, 117, 119, 121, 123, 124, 115, 84, 55, 54, 0, 74, 90, 124]","[0, 1, 2, 6, 6, 0, 9, 16, 13, 17, 18, 19, 36, 51, 86, 101, 113, 114, 116, 117, 122, 113, 85, 67, 58, 44, 27, 28, 32, 32, 16, 5, 7, 0, 0, 0, 36, 39, 42, 47, 52, 58, 68, 76, 81, 88, 90, 94, 104, 105, 107, 101, 109, 100, 111, 116, 117, 119, 121, 123, 124, 115, 84, 55, 54, 0, 74, 90, 124]"
Linear,25,exact_guidance_u,262,0,70,69,"[129, 0, 1, 2, 6, 6, 0, 9, 16, 13, 17, 18, 19, 36, 51, 86, 101, 113, 114, 116, 117, 122, 113, 85, 67, 58, 44, 27, 28, 32, 32, 16, 5, 7, 0, 0, 0, 36, 39, 42, 47, 52, 58, 68, 76, 81, 88, 90, 94, 104, 105, 107, 101, 109, 100, 111, 116, 117, 119, 121, 123, 124, 115, 84, 55, 54, 0, 74, 90, 124]","[0, 1, 2, 6, 6, 0, 9, 16, 13, 17, 18, 19, 36, 51, 86, 101, 113, 114, 116, 117, 122, 113, 85, 67, 58, 44, 27, 28, 32, 32, 16, 5, 7, 0, 0, 0, 36, 39, 42, 47, 52, 58, 68, 76, 81, 88, 90, 94, 104, 105, 107, 101, 109, 100, 111, 116, 117, 119, 121, 123, 124, 115, 84, 55, 54, 0, 74, 90, 124]"
Linear,25,exact_guidance_u,263,0,71,70,"[129, 0, 1, 2, 6, 6, 0, 9, 16, 13, 17, 18, 19, 36, 51, 86, 101, 113, 114, 116, 117, 122, 113, 85, 67, 58, 44, 27, 28, 32, 32, 16, 5, 7, 0, 0, 0, 36, 39, 42, 47, 52, 58, 68, 76, 81, 88, 90, 94, 104, 105, 107, 101, 109, 100, 111, 116, 117, 119, 121, 123, 124, 115, 84, 66, 55, 54, 0, 74, 90, 124]","[0, 1, 2, 6, 6, 0, 9, 16, 13, 17, 18, 19, 36, 51, 86, 101, 113, 114, 116, 117, 122, 113, 85, 67, 58, 44, 27, 28, 32, 32, 16, 5, 7, 0, 0, 0, 36, 39, 42, 47, 52, 58, 68, 76, 81, 88, 90, 94, 104, 105, 107, 101, 109, 100, 111, 116, 117, 119, 121, 123, 124, 115, 84, 66, 55, 54, 0, 74, 90, 124]"
Linear,25,exact_guidance_u,264,0,71,70,"[129, 0, 1, 2, 6, 6, 0, 9, 16, 13, 17, 18, 19, 36, 51, 86, 101, 113, 114, 116, 117, 122, 113, 85, 67, 58, 44, 27, 28, 32, 32, 16, 5, 7, 0, 0, 0, 36, 39, 42, 47, 52, 58, 68, 76, 81, 88, 90, 94, 104, 105, 107, 101, 109, 100, 111, 116, 117, 119, 121, 123, 124, 115, 84, 66, 55, 54, 0, 74, 90, 124]","[0, 1, 2, 6, 6, 0, 9, 16, 13, 17, 18, 19, 36, 51, 86, 101, 113, 114, 116, 117, 122, 113, 85, 67, 58, 44, 27, 28, 32, 32, 16, 5, 7, 0, 0, 0, 36, 39, 42, 47, 52, 58, 68, 76, 81, 88, 90, 94, 104, 105, 107, 101, 109, 100, 111, 116, 117, 119, 121, 123, 124, 115, 84, 66, 55, 54, 0, 74, 90, 124]"
Linear,25,exact_guidance_u,265,0,71,70,"[129, 0, 1, 2, 6, 6, 0, 9, 16, 13, 17, 18, 19, 36, 51, 86, 101, 113, 114, 116, 117, 122, 113, 85, 67, 58, 44, 27, 28, 32, 32, 16, 5, 7, 0, 0, 0, 36, 39, 42, 47, 52, 58, 68, 76, 81, 88, 90, 94, 104, 105, 107, 101, 109, 100, 111, 116, 117, 119, 121, 123, 124, 115, 84, 66, 55, 54, 0, 74, 90, 124]","[0, 1, 2, 6, 6, 0, 9, 16, 13, 17, 18, 19, 36, 51, 86, 101, 113, 114, 116, 117, 122, 113, 85, 67, 58, 44, 27, 28, 32, 32, 16, 5, 7, 0, 0, 0, 36, 39, 42, 47, 52, 58, 68, 76, 81, 88, 90, 94, 104, 105, 107, 101, 109, 100, 111, 116, 117, 119, 121, 123, 124, 115, 84, 66, 55, 54, 0, 74, 90, 124]"
Linear,25,exact_guidance_u,266,0,71,70,"[129, 0, 1, 2, 6, 6, 0, 9, 16, 13, 17, 18, 19, 36, 51, 86, 101, 113, 114, 116, 117, 122, 113, 85, 67, 58, 44, 27, 28, 32, 32, 16, 5, 7, 0, 0, 0, 36, 39, 42, 47, 52, 58, 68, 76, 81, 88, 90, 94, 104, 105, 107, 101, 109, 100, 111, 116, 117, 119, 121, 123, 124, 115, 84, 66, 55, 54, 0, 74, 90, 124]","[0, 1, 2, 6, 6, 0, 9, 16, 13, 17, 18, 19, 36, 51, 86, 101, 113, 114, 116, 117, 122, 113, 85, 67, 58, 44, 27, 28, 32, 32, 16, 5, 7, 0, 0, 0, 36, 39, 42, 47, 52, 58, 68, 76, 81, 88, 90, 94, 104, 105, 107, 101, 109, 100, 111, 116, 117, 119, 121, 123, 124, 115, 84, 66, 55, 54, 0, 74, 90, 124]"
Linear,25,exact_guidance_u,267,0,71,70,"[129, 0, 1, 2, 6, 6, 0, 9, 16, 13, 17, 18, 19, 36, 51, 86, 101, 113, 114, 116, 117, 122, 113, 85, 67, 58, 44, 27, 28, 32, 32, 16, 5, 7, 0, 0, 0, 36, 39, 42, 47, 52, 58, 68, 76, 81, 88, 90, 94, 104, 105, 107, 101, 109, 100, 111, 116, 117, 119, 121, 123, 124, 115, 84, 66, 55, 54, 0, 74, 90, 124]","[0, 1, 2, 6, 6, 0, 9, 16, 13, 17, 18, 19, 36, 51, 86, 101, 113, 114, 116, 117, 122, 113, 85, 67, 58, 44, 27, 28, 32, 32, 16, 5, 7, 0, 0, 0, 36, 39, 42, 47, 52, 58, 68, 76, 81, 88, 90, 94, 104, 105, 107, 101, 109, 100, 111, 116, 117, 119, 121, 123, 124, 115, 84, 66, 55, 54, 0, 74, 90, 124]"
Linear,25,exact_guidance_u,268,0,71,70,"[129, 0, 1, 2, 6, 6, 0, 9, 16, 13, 17, 18, 19, 36, 51, 86, 101, 113, 114, 116, 117, 122, 113, 85, 67, 58, 44, 27, 28, 32, 32, 16, 5, 7, 0, 0, 0, 36, 39, 42, 47, 52, 58, 68, 76, 81, 88, 90, 94, 104, 105, 107, 101, 109, 100, 111, 116, 117, 119, 121, 123, 124, 115, 84, 66, 55, 54, 0, 74, 90, 124]","[0, 1, 2, 6, 6, 0, 9, 16, 13, 17, 18, 19, 36, 51, 86, 101, 113, 114, 116, 117, 122, 113, 85, 67, 58, 44, 27, 28, 32, 32, 16, 5, 7, 0, 0, 0, 36, 39, 42, 47, 52, 58, 68, 76, 81, 88, 90, 94, 104, 105, 107, 101, 109, 100, 111, 116, 117, 119, 121, 123, 124, 115, 84, 66, 55, 54, 0, 74, 90, 124]"
Linear,25,exact_guidance_u,269,0,72,71,"[129, 0, 1, 2, 6, 6, 0, 9, 16, 13, 17, 18, 19, 36, 51, 86, 101, 113, 114, 116, 117, 122, 113, 85, 67, 58, 44, 27, 28, 32, 32, 16, 5, 7, 0, 0, 0, 36, 39, 42, 47, 52, 58, 68, 76, 81, 88, 90, 94, 104, 105, 107, 101, 109, 100, 111, 116, 117, 119, 121, 123, 124, 115, 84, 66, 55, 54, 0, 74, 90, 125, 124]","[0, 1, 2, 6, 6, 0, 9, 16, 13, 17, 18, 19, 36, 51, 86, 101, 113, 114, 116, 117, 122, 113, 85, 67, 58, 44, 27, 28, 32, 32, 16, 5, 7, 0, 0, 0, 36, 39, 42, 47, 52, 58, 68, 76, 81, 88, 90, 94, 104, 105, 107, 101, 109, 100, 111, 116, 117, 119, 121, 123, 124, 115, 84, 66, 55, 54, 0, 74, 90, 125, 124]"
Linear,25,exact_guidance_u,270,0,72,71,"[129, 0, 1, 2, 6, 6, 0, 9, 16, 13, 17, 18, 19, 36, 51, 86, 101, 113, 114, 116, 117, 122, 113, 85, 67, 58, 44, 27, 28, 32, 32, 16, 5, 7, 0, 0, 0, 36, 39, 42, 47, 52, 58, 68, 76, 81, 88, 90, 94, 104, 105, 107, 101, 109, 100, 111, 116, 117, 119, 121, 123, 124, 115, 84, 66, 55, 54, 0, 74, 90, 125, 124]","[0, 1, 2, 6, 6, 0, 9, 16, 13, 17, 18, 19, 36, 51, 86, 101, 113, 114, 116, 117, 122, 113, 85, 67, 58, 44, 27, 28, 32, 32, 16, 5, 7, 0, 0, 0, 36, 39, 42, 47, 52, 58, 68, 76, 81, 88, 90, 94, 104, 105, 107, 101, 109, 100, 111, 116, 117, 119, 121, 123, 124, 115, 84, 66, 55, 54, 0, 74, 90, 125, 124]"
Linear,25,exact_guidance_u,271,0,72,71,"[129, 0, 1, 2, 6, 6, 0, 9, 16, 13, 17, 18, 19, 36, 51, 86, 101, 113, 114, 116, 117, 122, 113, 85, 67, 58, 44, 27, 28, 32, 32, 16, 5, 7, 0, 0, 0, 36, 39, 42, 47, 52, 58, 68, 76, 81, 88, 90, 94, 104, 105, 107, 101, 109, 100, 111, 116, 117, 119, 121, 123, 124, 115, 84, 66, 55, 54, 0, 74, 90, 125, 124]","[0, 1, 2, 6, 6, 0, 9, 16, 13, 17, 18, 19, 36, 51, 86, 101, 113, 114, 116, 117, 122, 113, 85, 67, 58, 44, 27, 28, 32, 32, 16, 5, 7, 0, 0, 0, 36, 39, 42, 47, 52, 58, 68, 76, 81, 88, 90, 94, 104, 105, 107, 101, 109, 100, 111, 116, 117, 119, 121, 123, 124, 115, 84, 66, 55, 54, 0, 74, 90, 125, 124]"
Linear,25,exact_guidance_u,272,0,72,71,"[129, 0, 1, 2, 6, 6, 0, 9, 16, 13, 17, 18, 19, 36, 51, 86, 101, 113, 114, 116, 117, 122, 113, 85, 67, 58, 44, 27, 28, 32, 32, 16, 5, 7, 0, 0, 0, 36, 39, 42, 47, 52, 58, 68, 76, 81, 88, 90, 94, 104, 105, 107, 101, 109, 100, 111, 116, 117, 119, 121, 123, 124, 115, 84, 66, 55, 54, 0, 74, 90, 125, 124]","[0, 1, 2, 6, 6, 0, 9, 16, 13, 17, 18, 19, 36, 51, 86, 101, 113, 114, 116, 117, 122, 113, 85, 67, 58, 44, 27, 28, 32, 32, 16, 5, 7, 0, 0, 0, 36, 39, 42, 47, 52, 58, 68, 76, 81, 88, 90, 94, 104, 105, 107, 101, 109, 100, 111, 116, 117, 119, 121, 123, 124, 115, 84, 66, 55, 54, 0, 74, 90, 125, 124]"
Linear,25,exact_guidance_u,273,0,72,71,"[129, 0, 1, 2, 6, 6, 0, 9, 16, 13, 17, 18, 19, 36, 51, 86, 101, 113, 114, 116, 117, 122, 113, 85, 67, 58, 44, 27, 28, 32, 32, 16, 5, 7, 0, 0, 0, 36, 39, 42, 47, 52, 58, 68, 76, 81, 88, 90, 94, 104, 105, 107, 101, 109, 100, 111, 116, 117, 119, 121, 123, 124, 115, 84, 66, 55, 54, 0, 74, 90, 125, 124]","[0, 1, 2, 6, 6, 0, 9, 16, 13, 17, 18, 19, 36, 51, 86, 101, 113, 114, 116, 117, 122, 113, 85, 67, 58, 44, 27, 28, 32, 32, 16, 5, 7, 0, 0, 0, 36, 39, 42, 47, 52, 58, 68, 76, 81, 88, 90, 94, 104, 105, 107, 101, 109, 100, 111, 116, 117, 119, 121, 123, 124, 115, 84, 66, 55, 54, 0, 74, 90, 125, 124]"
Linear,25,exact_guidance_u,274,0,72,71,"[129, 0, 1, 2, 6, 6, 0, 9, 16, 13, 17, 18, 19, 36, 51, 86, 101, 113, 114, 116, 117, 122, 113, 85, 67, 58, 44, 27, 28, 32, 32, 16, 5, 7, 0, 0, 0, 36, 39, 42, 47, 52, 58, 68, 76, 81, 88, 90, 94, 104, 105, 107, 101, 109, 100, 111, 116, 117, 119, 121, 123, 124, 115, 84, 66, 55, 54, 0, 74, 90, 125, 124]","[0, 1, 2, 6, 6, 0, 9, 16, 13, 17, 18, 19, 36, 51, 86, 101, 113, 114, 116, 117, 122, 113, 85, 67, 58, 44, 27, 28, 32, 32, 16, 5, 7, 0, 0, 0, 36, 39, 42, 47, 52, 58, 68, 76, 81, 88, 90, 94, 104, 105, 107, 101, 109, 100, 111, 116, 117, 119, 121, 123, 124, 115, 84, 66, 55, 54, 0, 74, 90, 125, 124]"
Linear,25,exact_guidance_u,275,0,72,71,"[129, 0, 1, 2, 6, 6, 0, 9, 16, 13, 17, 18, 19, 36, 51, 86, 101, 113, 114, 116, 117, 122, 113, 85, 67, 58, 44, 27, 28, 32, 32, 16, 5, 7, 0, 0, 0, 36, 39, 42, 47, 52, 58, 68, 76, 81, 88, 90, 94, 104, 105, 107, 101, 109, 100, 111, 116, 117, 119, 121, 123, 124, 115, 84, 66, 55, 54, 0, 74, 90, 125, 124]","[0, 1, 2, 6, 6, 0, 9, 16, 13, 17, 18, 19, 36, 51, 86, 101, 113, 114, 116, 117, 122, 113, 85, 67, 58, 44, 27, 28, 32, 32, 16, 5, 7, 0, 0, 0, 36, 39, 42, 47, 52, 58, 68, 76, 81, 88, 90, 94, 104, 105, 107, 101, 109, 100, 111, 116, 117, 119, 121, 123, 124, 115, 84, 66, 55, 54, 0, 74, 90, 125, 124]"
Linear,25,exact_guidance_u,276,0,72,71,"[129, 0, 1, 2, 6, 6, 0, 9, 16, 13, 17, 18, 19, 36, 51, 86, 101, 113, 114, 116, 117, 122, 113, 85, 67, 58, 44, 27, 28, 32, 32, 16, 5, 7, 0, 0, 0, 36, 39, 42, 47, 52, 58, 68, 76, 81, 88, 90, 94, 104, 105, 107, 101, 109, 100, 111, 116, 117, 119, 121, 123, 124, 115, 84, 66, 55, 54, 0, 74, 90, 125, 124]","[0, 1, 2, 6, 6, 0, 9, 16, 13, 17, 18, 19, 36, 51, 86, 101, 113, 114, 116, 117, 122, 113, 85, 67, 58, 44, 27, 28, 32, 32, 16, 5, 7, 0, 0, 0, 36, 39, 42, 47, 52, 58, 68, 76, 81, 88, 90, 94, 104, 105, 107, 101, 109, 100, 111, 116, 117, 119, 121, 123, 124, 115, 84, 66, 55, 54, 0, 74, 90, 125, 124]"
Linear,25,exact_guidance_u,277,0,73,72,"[129, 0, 1, 2, 6, 6, 0, 9, 16, 13, 17, 18, 19, 36, 51, 86, 101, 113, 114, 116, 117, 122, 113, 85, 67, 58, 44, 27, 28, 32, 32, 16, 5, 7, 0, 0, 0, 36, 39, 42, 47, 52, 58, 68, 76, 81, 88, 90, 94, 104, 105, 107, 101, 109, 100, 111, 116, 117, 119, 121, 123, 124, 115, 84, 66, 55, 54, 0, 18, 74, 90, 125, 124]","[0, 1, 2, 6, 6, 0, 9, 16, 13, 17, 18, 19, 36, 51, 86, 101, 113, 114, 116, 117, 122, 113, 85, 67, 58, 44, 27, 28, 32, 32, 16, 5, 7, 0, 0, 0, 36, 39, 42, 47, 52, 58, 68, 76, 81, 88, 90, 94, 104, 105, 107, 101, 109, 100, 111, 116, 117, 119, 121, 123, 124, 115, 84, 66, 55, 54, 0, 18, 74, 90, 125, 124]"
Linear,25,exact_guidance_u,278,0,74,73,"[129, 0, 1, 2, 6, 6, 0, 9, 16, 13, 17, 18, 19, 36, 51, 86, 101, 113, 114, 116, 117, 122, 113, 85, 67, 58, 44, 27, 28, 32, 32, 16, 5, 7, 0, 0, 0, 36, 39, 42, 47, 52, 58, 68, 76, 81, 88, 90, 94, 104, 105, 107, 101, 109, 100, 111, 116, 117, 119, 121, 123, 124, 115, 84, 66, 55, 54, 0, 18, 74, 90, 115, 125, 124]","[0, 1, 2, 6, 6, 0, 9, 16, 13, 17, 18, 19, 36, 51, 86, 101, 113, 114, 116, 117, 122, 113, 85, 67, 58, 44, 27, 28, 32, 32, 16, 5, 7, 0, 0, 0, 36, 39, 42, 47, 52, 58, 68, 76, 81, 88, 90, 94, 104, 105, 107, 101, 109, 100, 111, 116, 117, 119, 121, 123, 124, 115, 84, 66, 55, 54, 0, 18, 74, 90, 115, 125, 124]"
Linear,25,exact_guidance_u,279,0,74,73,"[129, 0, 1, 2, 6, 6, 0, 9, 16, 13, 17, 18, 19, 36, 51, 86, 101, 113, 114, 116, 117, 122, 113, 85, 67, 58, 44, 27, 28, 32, 32, 16, 5, 7, 0, 0, 0, 36, 39, 42, 47, 52, 58, 68, 76, 81, 88, 90, 94, 104, 105, 107, 101, 109, 100, 111, 116, 117, 119, 121, 123, 124, 115, 84, 66, 55, 54, 0, 18, 74, 90, 115, 125, 124]","[0, 1, 2, 6, 6, 0, 9, 16, 13, 17, 18, 19, 36, 51, 86, 101, 113, 114, 116, 117, 122, 113, 85, 67, 58, 44, 27, 28, 32, 32, 16, 5, 7, 0, 0, 0, 36, 39, 42, 47, 52, 58, 68, 76, 81, 88, 90, 94, 104, 105, 107, 101, 109, 100, 111, 116, 117, 119, 121, 123, 124, 115, 84, 66, 55, 54, 0, 18, 74, 90, 115, 125, 124]"
