target,beta,method_key,step,sample_idx,seq_len_full,seq_len_semantic,tokens_full_json,tokens_semantic_json
In-Distribution,5,exact_guidance_u,0,0,1,0,[129],[]
In-Distribution,5,exact_guidance_u,1,0,2,1,"[129, 33]",[33]
In-Distribution,5,exact_guidance_u,2,0,3,2,"[129, 51, 33]","[51, 33]"
In-Distribution,5,exact_guidance_u,3,0,3,2,"[129, 51, 33]","[51, 33]"
In-Distribution,5,exact_guidance_u,4,0,4,3,"[129, 44, 51, 33]","[44, 51, 33]"
In-Distribution,5,exact_guidance_u,5,0,4,3,"[129, 44, 51, 33]","[44, 51, 33]"
In-Distribution,5,exact_guidance_u,6,0,6,5,"[129, 127, 44, 76, 51, 33]","[127, 44, 76, 51, 33]"
In-Distribution,5,exact_guidance_u,7,0,6,5,"[129, 127, 44, 76, 51, 33]","[127, 44, 76, 51, 33]"
In-Distribution,5,exact_guidance_u,8,0,6,5,"[129, 127, 44, 76, 51, 33]","[127, 44, 76, 51, 33]"
In-Distribution,5,exact_guidance_u,9,0,7,6,"[129, 127, 44, 76, 51, 0, 33]","[127, 44, 76, 51, 0, 33]"
In-Distribution,5,exact_guidance_u,10,0,7,6,"[129, 127, 44, 76, 51, 0, 33]","[127, 44, 76, 51, 0, 33]"
In-Distribution,5,exact_guidance_u,11,0,7,6,"[129, 127, 44, 76, 51, 0, 33]","[127, 44, 76, 51, 0, 33]"
In-Distribution,5,exact_guidance_u,12,0,8,7,"[129, 127, 44, 76, 51, 4, 0, 33]","[127, 44, 76, 51, 4, 0, 33]"
In-Distribution,5,exact_guidance_u,13,0,8,7,"[129, 127, 44, 76, 51, 4, 0, 33]","[127, 44, 76, 51, 4, 0, 33]"
In-Distribution,5,exact_guidance_u,14,0,8,7,"[129, 127, 44, 76, 51, 4, 0, 33]","[127, 44, 76, 51, 4, 0, 33]"
In-Distribution,5,exact_guidance_u,15,0,11,10,"[129, 127, 79, 44, 53, 76, 125, 51, 4, 0, 33]","[127, 79, 44, 53, 76, 125, 51, 4, 0, 33]"
In-Distribution,5,exact_guidance_u,16,0,11,10,"[129, 127, 79, 44, 53, 76, 125, 51, 4, 0, 33]","[127, 79, 44, 53, 76, 125, 51, 4, 0, 33]"
In-Distribution,5,exact_guidance_u,17,0,11,10,"[129, 127, 79, 44, 53, 76, 125, 51, 4, 0, 33]","[127, 79, 44, 53, 76, 125, 51, 4, 0, 33]"
In-Distribution,5,exact_guidance_u,18,0,12,11,"[129, 127, 79, 44, 53, 76, 125, 51, 4, 119, 0, 33]","[127, 79, 44, 53, 76, 125, 51, 4, 119, 0, 33]"
In-Distribution,5,exact_guidance_u,19,0,12,11,"[129, 127, 79, 44, 53, 76, 125, 51, 4, 119, 0, 33]","[127, 79, 44, 53, 76, 125, 51, 4, 119, 0, 33]"
In-Distribution,5,exact_guidance_u,20,0,12,11,"[129, 127, 79, 44, 53, 76, 125, 51, 4, 119, 0, 33]","[127, 79, 44, 53, 76, 125, 51, 4, 119, 0, 33]"
In-Distribution,5,exact_guidance_u,21,0,13,12,"[129, 127, 79, 44, 53, 76, 125, 51, 4, 68, 119, 0, 33]","[127, 79, 44, 53, 76, 125, 51, 4, 68, 119, 0, 33]"
In-Distribution,5,exact_guidance_u,22,0,13,12,"[129, 127, 79, 44, 53, 76, 125, 51, 4, 68, 119, 0, 33]","[127, 79, 44, 53, 76, 125, 51, 4, 68, 119, 0, 33]"
In-Distribution,5,exact_guidance_u,23,0,13,12,"[129, 127, 79, 44, 53, 76, 125, 51, 4, 68, 119, 0, 33]","[127, 79, 44, 53, 76, 125, 51, 4, 68, 119, 0, 33]"
In-Distribution,5,exact_guidance_u,24,0,14,13,"[129, 127, 79, 44, 53, 76, 110, 125, 51, 4, 68, 119, 0, 33]","[127, 79, 44, 53, 76, 110, 125, 51, 4, 68, 119, 0, 33]"
In-Distribution,5,exact_guidance_u,25,0,14,13,"[129, 127, 79, 44, 53, 76, 110, 125, 51, 4, 68, 119, 0, 33]","[127, 79, 44, 53, 76, 110, 125, 51, 4, 68, 119, 0, 33]"
In-Distribution,5,exact_guidance_u,26,0,15,14,"[129, 127, 116, 79, 44, 53, 76, 110, 125, 51, 4, 68, 119, 0, 33]","[127, 116, 79, 44, 53, 76, 110, 125, 51, 4, 68, 119, 0, 33]"
In-Distribution,5,exact_guidance_u,27,0,15,14,"[129, 127, 116, 79, 44, 53, 76, 110, 125, 51, 4, 68, 119, 0, 33]","[127, 116, 79, 44, 53, 76, 110, 125, 51, 4, 68, 119, 0, 33]"
In-Distribution,5,exact_guidance_u,28,0,16,15,"[129, 127, 116, 79, 44, 53, 76, 110, 125, 51, 4, 68, 124, 119, 0, 33]","[127, 116, 79, 44, 53, 76, 110, 125, 51, 4, 68, 124, 119, 0, 33]"
In-Distribution,5,exact_guidance_u,29,0,16,15,"[129, 127, 116, 79, 44, 53, 76, 110, 125, 51, 4, 68, 124, 119, 0, 33]","[127, 116, 79, 44, 53, 76, 110, 125, 51, 4, 68, 124, 119, 0, 33]"
In-Distribution,5,exact_guidance_u,30,0,16,15,"[129, 127, 116, 79, 44, 53, 76, 110, 125, 51, 4, 68, 124, 119, 0, 33]","[127, 116, 79, 44, 53, 76, 110, 125, 51, 4, 68, 124, 119, 0, 33]"
In-Distribution,5,exact_guidance_u,31,0,17,16,"[129, 127, 116, 79, 44, 53, 76, 110, 125, 51, 4, 68, 97, 124, 119, 0, 33]","[127, 116, 79, 44, 53, 76, 110, 125, 51, 4, 68, 97, 124, 119, 0, 33]"
In-Distribution,5,exact_guidance_u,32,0,17,16,"[129, 127, 116, 79, 44, 53, 76, 110, 125, 51, 4, 68, 97, 124, 119, 0, 33]","[127, 116, 79, 44, 53, 76, 110, 125, 51, 4, 68, 97, 124, 119, 0, 33]"
In-Distribution,5,exact_guidance_u,33,0,18,17,"[129, 127, 116, 79, 44, 53, 76, 110, 125, 107, 51, 4, 68, 97, 124, 119, 0, 33]","[127, 116, 79, 44, 53, 76, 110, 125, 107, 51, 4, 68, 97, 124, 119, 0, 33]"
In-Distribution,5,exact_guidance_u,34,0,19,18,"[129, 127, 116, 79, 44, 53, 76, 113, 110, 125, 107, 51, 4, 68, 97, 124, 119, 0, 33]","[127, 116, 79, 44, 53, 76, 113, 110, 125, 107, 51, 4, 68, 97, 124, 119, 0, 33]"
In-Distribution,5,exact_guidance_u,35,0,19,18,"[129, 127, 116, 79, 44, 53, 76, 113, 110, 125, 107, 51, 4, 68, 97, 124, 119, 0, 33]","[127, 116, 79, 44, 53, 76, 113, 110, 125, 107, 51, 4, 68, 97, 124, 119, 0, 33]"
In-Distribution,5,exact_guidance_u,36,0,20,19,"[129, 127, 116, 79, 44, 53, 76, 113, 110, 125, 97, 107, 51, 4, 68, 97, 124, 119, 0, 33]","[127, 116, 79, 44, 53, 76, 113, 110, 125, 97, 107, 51, 4, 68, 97, 124, 119, 0, 33]"
In-Distribution,5,exact_guidance_u,37,0,20,19,"[129, 127, 116, 79, 44, 53, 76, 113, 110, 125, 97, 107, 51, 4, 68, 97, 124, 119, 0, 33]","[127, 116, 79, 44, 53, 76, 113, 110, 125, 97, 107, 51, 4, 68, 97, 124, 119, 0, 33]"
In-Distribution,5,exact_guidance_u,38,0,21,20,"[129, 0, 127, 116, 79, 44, 53, 76, 113, 110, 125, 97, 107, 51, 4, 68, 97, 124, 119, 0, 33]","[0, 127, 116, 79, 44, 53, 76, 113, 110, 125, 97, 107, 51, 4, 68, 97, 124, 119, 0, 33]"
In-Distribution,5,exact_guidance_u,39,0,21,20,"[129, 0, 127, 116, 79, 44, 53, 76, 113, 110, 125, 97, 107, 51, 4, 68, 97, 124, 119, 0, 33]","[0, 127, 116, 79, 44, 53, 76, 113, 110, 125, 97, 107, 51, 4, 68, 97, 124, 119, 0, 33]"
In-Distribution,5,exact_guidance_u,40,0,22,21,"[129, 0, 127, 116, 79, 15, 44, 53, 76, 113, 110, 125, 97, 107, 51, 4, 68, 97, 124, 119, 0, 33]","[0, 127, 116, 79, 15, 44, 53, 76, 113, 110, 125, 97, 107, 51, 4, 68, 97, 124, 119, 0, 33]"
In-Distribution,5,exact_guidance_u,41,0,23,22,"[129, 0, 127, 116, 79, 15, 44, 53, 76, 113, 110, 125, 97, 107, 51, 4, 68, 97, 124, 119, 1, 0, 33]","[0, 127, 116, 79, 15, 44, 53, 76, 113, 110, 125, 97, 107, 51, 4, 68, 97, 124, 119, 1, 0, 33]"
In-Distribution,5,exact_guidance_u,42,0,23,22,"[129, 0, 127, 116, 79, 15, 44, 53, 76, 113, 110, 125, 97, 107, 51, 4, 68, 97, 124, 119, 1, 0, 33]","[0, 127, 116, 79, 15, 44, 53, 76, 113, 110, 125, 97, 107, 51, 4, 68, 97, 124, 119, 1, 0, 33]"
In-Distribution,5,exact_guidance_u,43,0,23,22,"[129, 0, 127, 116, 79, 15, 44, 53, 76, 113, 110, 125, 97, 107, 51, 4, 68, 97, 124, 119, 1, 0, 33]","[0, 127, 116, 79, 15, 44, 53, 76, 113, 110, 125, 97, 107, 51, 4, 68, 97, 124, 119, 1, 0, 33]"
In-Distribution,5,exact_guidance_u,44,0,24,23,"[129, 0, 106, 127, 116, 79, 15, 44, 53, 76, 113, 110, 125, 97, 107, 51, 4, 68, 97, 124, 119, 1, 0, 33]","[0, 106, 127, 116, 79, 15, 44, 53, 76, 113, 110, 125, 97, 107, 51, 4, 68, 97, 124, 119, 1, 0, 33]"
In-Distribution,5,exact_guidance_u,45,0,26,25,"[129, 0, 106, 127, 116, 79, 15, 44, 53, 76, 113, 110, 125, 125, 97, 107, 51, 4, 5, 68, 97, 124, 119, 1, 0, 33]","[0, 106, 127, 116, 79, 15, 44, 53, 76, 113, 110, 125, 125, 97, 107, 51, 4, 5, 68, 97, 124, 119, 1, 0, 33]"
In-Distribution,5,exact_guidance_u,46,0,27,26,"[129, 0, 106, 127, 116, 79, 15, 44, 53, 76, 113, 110, 125, 125, 97, 107, 51, 4, 5, 68, 97, 124, 119, 51, 1, 0, 33]","[0, 106, 127, 116, 79, 15, 44, 53, 76, 113, 110, 125, 125, 97, 107, 51, 4, 5, 68, 97, 124, 119, 51, 1, 0, 33]"
In-Distribution,5,exact_guidance_u,47,0,27,26,"[129, 0, 106, 127, 116, 79, 15, 44, 53, 76, 113, 110, 125, 125, 97, 107, 51, 4, 5, 68, 97, 124, 119, 51, 1, 0, 33]","[0, 106, 127, 116, 79, 15, 44, 53, 76, 113, 110, 125, 125, 97, 107, 51, 4, 5, 68, 97, 124, 119, 51, 1, 0, 33]"
In-Distribution,5,exact_guidance_u,48,0,27,26,"[129, 0, 106, 127, 116, 79, 15, 44, 53, 76, 113, 110, 125, 125, 97, 107, 51, 4, 5, 68, 97, 124, 119, 51, 1, 0, 33]","[0, 106, 127, 116, 79, 15, 44, 53, 76, 113, 110, 125, 125, 97, 107, 51, 4, 5, 68, 97, 124, 119, 51, 1, 0, 33]"
In-Distribution,5,exact_guidance_u,49,0,28,27,"[129, 0, 106, 116, 127, 116, 79, 15, 44, 53, 76, 113, 110, 125, 125, 97, 107, 51, 4, 5, 68, 97, 124, 119, 51, 1, 0, 33]","[0, 106, 116, 127, 116, 79, 15, 44, 53, 76, 113, 110, 125, 125, 97, 107, 51, 4, 5, 68, 97, 124, 119, 51, 1, 0, 33]"
In-Distribution,5,exact_guidance_u,50,0,28,27,"[129, 0, 106, 116, 127, 116, 79, 15, 44, 53, 76, 113, 110, 125, 125, 97, 107, 51, 4, 5, 68, 97, 124, 119, 51, 1, 0, 33]","[0, 106, 116, 127, 116, 79, 15, 44, 53, 76, 113, 110, 125, 125, 97, 107, 51, 4, 5, 68, 97, 124, 119, 51, 1, 0, 33]"
In-Distribution,5,exact_guidance_u,51,0,28,27,"[129, 0, 106, 116, 127, 116, 79, 15, 44, 53, 76, 113, 110, 125, 125, 97, 107, 51, 4, 5, 68, 97, 124, 119, 51, 1, 0, 33]","[0, 106, 116, 127, 116, 79, 15, 44, 53, 76, 113, 110, 125, 125, 97, 107, 51, 4, 5, 68, 97, 124, 119, 51, 1, 0, 33]"
In-Distribution,5,exact_guidance_u,52,0,28,27,"[129, 0, 106, 116, 127, 116, 79, 15, 44, 53, 76, 113, 110, 125, 125, 97, 107, 51, 4, 5, 68, 97, 124, 119, 51, 1, 0, 33]","[0, 106, 116, 127, 116, 79, 15, 44, 53, 76, 113, 110, 125, 125, 97, 107, 51, 4, 5, 68, 97, 124, 119, 51, 1, 0, 33]"
In-Distribution,5,exact_guidance_u,53,0,28,27,"[129, 0, 106, 116, 127, 116, 79, 15, 44, 53, 76, 113, 110, 125, 125, 97, 107, 51, 4, 5, 68, 97, 124, 119, 51, 1, 0, 33]","[0, 106, 116, 127, 116, 79, 15, 44, 53, 76, 113, 110, 125, 125, 97, 107, 51, 4, 5, 68, 97, 124, 119, 51, 1, 0, 33]"
In-Distribution,5,exact_guidance_u,54,0,28,27,"[129, 0, 106, 116, 127, 116, 79, 15, 44, 53, 76, 113, 110, 125, 125, 97, 107, 51, 4, 5, 68, 97, 124, 119, 51, 1, 0, 33]","[0, 106, 116, 127, 116, 79, 15, 44, 53, 76, 113, 110, 125, 125, 97, 107, 51, 4, 5, 68, 97, 124, 119, 51, 1, 0, 33]"
In-Distribution,5,exact_guidance_u,55,0,30,29,"[129, 0, 106, 116, 127, 116, 79, 68, 15, 44, 53, 76, 113, 110, 125, 125, 97, 107, 51, 4, 5, 68, 97, 124, 119, 51, 1, 0, 33, 72]","[0, 106, 116, 127, 116, 79, 68, 15, 44, 53, 76, 113, 110, 125, 125, 97, 107, 51, 4, 5, 68, 97, 124, 119, 51, 1, 0, 33, 72]"
In-Distribution,5,exact_guidance_u,56,0,30,29,"[129, 0, 106, 116, 127, 116, 79, 68, 15, 44, 53, 76, 113, 110, 125, 125, 97, 107, 51, 4, 5, 68, 97, 124, 119, 51, 1, 0, 33, 72]","[0, 106, 116, 127, 116, 79, 68, 15, 44, 53, 76, 113, 110, 125, 125, 97, 107, 51, 4, 5, 68, 97, 124, 119, 51, 1, 0, 33, 72]"
In-Distribution,5,exact_guidance_u,57,0,32,31,"[129, 0, 106, 116, 127, 116, 79, 68, 26, 15, 44, 53, 76, 113, 110, 125, 125, 97, 107, 51, 4, 5, 68, 97, 124, 119, 57, 51, 1, 0, 33, 72]","[0, 106, 116, 127, 116, 79, 68, 26, 15, 44, 53, 76, 113, 110, 125, 125, 97, 107, 51, 4, 5, 68, 97, 124, 119, 57, 51, 1, 0, 33, 72]"
In-Distribution,5,exact_guidance_u,58,0,32,31,"[129, 0, 106, 116, 127, 116, 79, 68, 26, 15, 44, 53, 76, 113, 110, 125, 125, 97, 107, 51, 4, 5, 68, 97, 124, 119, 57, 51, 1, 0, 33, 72]","[0, 106, 116, 127, 116, 79, 68, 26, 15, 44, 53, 76, 113, 110, 125, 125, 97, 107, 51, 4, 5, 68, 97, 124, 119, 57, 51, 1, 0, 33, 72]"
In-Distribution,5,exact_guidance_u,59,0,32,31,"[129, 0, 106, 116, 127, 116, 79, 68, 26, 15, 44, 53, 76, 113, 110, 125, 125, 97, 107, 51, 4, 5, 68, 97, 124, 119, 57, 51, 1, 0, 33, 72]","[0, 106, 116, 127, 116, 79, 68, 26, 15, 44, 53, 76, 113, 110, 125, 125, 97, 107, 51, 4, 5, 68, 97, 124, 119, 57, 51, 1, 0, 33, 72]"
In-Distribution,5,exact_guidance_u,60,0,33,32,"[129, 0, 106, 116, 127, 116, 79, 68, 26, 15, 44, 53, 76, 113, 110, 125, 125, 97, 107, 51, 4, 5, 68, 97, 119, 124, 119, 57, 51, 1, 0, 33, 72]","[0, 106, 116, 127, 116, 79, 68, 26, 15, 44, 53, 76, 113, 110, 125, 125, 97, 107, 51, 4, 5, 68, 97, 119, 124, 119, 57, 51, 1, 0, 33, 72]"
In-Distribution,5,exact_guidance_u,61,0,34,33,"[129, 0, 106, 116, 127, 116, 79, 68, 26, 15, 44, 53, 76, 113, 110, 125, 125, 97, 107, 70, 51, 4, 5, 68, 97, 119, 124, 119, 57, 51, 1, 0, 33, 72]","[0, 106, 116, 127, 116, 79, 68, 26, 15, 44, 53, 76, 113, 110, 125, 125, 97, 107, 70, 51, 4, 5, 68, 97, 119, 124, 119, 57, 51, 1, 0, 33, 72]"
In-Distribution,5,exact_guidance_u,62,0,35,34,"[129, 0, 106, 116, 127, 116, 79, 68, 26, 15, 44, 53, 76, 113, 110, 125, 125, 97, 107, 70, 51, 4, 5, 68, 97, 119, 124, 119, 57, 51, 1, 0, 33, 72, 127]","[0, 106, 116, 127, 116, 79, 68, 26, 15, 44, 53, 76, 113, 110, 125, 125, 97, 107, 70, 51, 4, 5, 68, 97, 119, 124, 119, 57, 51, 1, 0, 33, 72, 127]"
In-Distribution,5,exact_guidance_u,63,0,36,35,"[129, 0, 106, 116, 127, 116, 79, 68, 26, 14, 15, 44, 53, 76, 113, 110, 125, 125, 97, 107, 70, 51, 4, 5, 68, 97, 119, 124, 119, 57, 51, 1, 0, 33, 72, 127]","[0, 106, 116, 127, 116, 79, 68, 26, 14, 15, 44, 53, 76, 113, 110, 125, 125, 97, 107, 70, 51, 4, 5, 68, 97, 119, 124, 119, 57, 51, 1, 0, 33, 72, 127]"
In-Distribution,5,exact_guidance_u,64,0,39,38,"[129, 0, 106, 125, 116, 127, 116, 79, 68, 48, 26, 14, 15, 44, 53, 76, 113, 110, 125, 125, 97, 107, 70, 51, 4, 5, 68, 97, 119, 124, 119, 57, 51, 1, 0, 33, 72, 104, 127]","[0, 106, 125, 116, 127, 116, 79, 68, 48, 26, 14, 15, 44, 53, 76, 113, 110, 125, 125, 97, 107, 70, 51, 4, 5, 68, 97, 119, 124, 119, 57, 51, 1, 0, 33, 72, 104, 127]"
In-Distribution,5,exact_guidance_u,65,0,39,38,"[129, 0, 106, 125, 116, 127, 116, 79, 68, 48, 26, 14, 15, 44, 53, 76, 113, 110, 125, 125, 97, 107, 70, 51, 4, 5, 68, 97, 119, 124, 119, 57, 51, 1, 0, 33, 72, 104, 127]","[0, 106, 125, 116, 127, 116, 79, 68, 48, 26, 14, 15, 44, 53, 76, 113, 110, 125, 125, 97, 107, 70, 51, 4, 5, 68, 97, 119, 124, 119, 57, 51, 1, 0, 33, 72, 104, 127]"
In-Distribution,5,exact_guidance_u,66,0,39,38,"[129, 0, 106, 125, 116, 127, 116, 79, 68, 48, 26, 14, 15, 44, 53, 76, 113, 110, 125, 125, 97, 107, 70, 51, 4, 5, 68, 97, 119, 124, 119, 57, 51, 1, 0, 33, 72, 104, 127]","[0, 106, 125, 116, 127, 116, 79, 68, 48, 26, 14, 15, 44, 53, 76, 113, 110, 125, 125, 97, 107, 70, 51, 4, 5, 68, 97, 119, 124, 119, 57, 51, 1, 0, 33, 72, 104, 127]"
In-Distribution,5,exact_guidance_u,67,0,39,38,"[129, 0, 106, 125, 116, 127, 116, 79, 68, 48, 26, 14, 15, 44, 53, 76, 113, 110, 125, 125, 97, 107, 70, 51, 4, 5, 68, 97, 119, 124, 119, 57, 51, 1, 0, 33, 72, 104, 127]","[0, 106, 125, 116, 127, 116, 79, 68, 48, 26, 14, 15, 44, 53, 76, 113, 110, 125, 125, 97, 107, 70, 51, 4, 5, 68, 97, 119, 124, 119, 57, 51, 1, 0, 33, 72, 104, 127]"
In-Distribution,5,exact_guidance_u,68,0,40,39,"[129, 0, 106, 125, 116, 127, 116, 79, 68, 48, 26, 14, 15, 44, 53, 76, 113, 110, 125, 123, 125, 97, 107, 70, 51, 4, 5, 68, 97, 119, 124, 119, 57, 51, 1, 0, 33, 72, 104, 127]","[0, 106, 125, 116, 127, 116, 79, 68, 48, 26, 14, 15, 44, 53, 76, 113, 110, 125, 123, 125, 97, 107, 70, 51, 4, 5, 68, 97, 119, 124, 119, 57, 51, 1, 0, 33, 72, 104, 127]"
In-Distribution,5,exact_guidance_u,69,0,41,40,"[129, 0, 106, 125, 116, 127, 116, 79, 68, 48, 26, 14, 15, 44, 53, 76, 113, 110, 125, 123, 125, 97, 107, 70, 51, 25, 4, 5, 68, 97, 119, 124, 119, 57, 51, 1, 0, 33, 72, 104, 127]","[0, 106, 125, 116, 127, 116, 79, 68, 48, 26, 14, 15, 44, 53, 76, 113, 110, 125, 123, 125, 97, 107, 70, 51, 25, 4, 5, 68, 97, 119, 124, 119, 57, 51, 1, 0, 33, 72, 104, 127]"
In-Distribution,5,exact_guidance_u,70,0,41,40,"[129, 0, 106, 125, 116, 127, 116, 79, 68, 48, 26, 14, 15, 44, 53, 76, 113, 110, 125, 123, 125, 97, 107, 70, 51, 25, 4, 5, 68, 97, 119, 124, 119, 57, 51, 1, 0, 33, 72, 104, 127]","[0, 106, 125, 116, 127, 116, 79, 68, 48, 26, 14, 15, 44, 53, 76, 113, 110, 125, 123, 125, 97, 107, 70, 51, 25, 4, 5, 68, 97, 119, 124, 119, 57, 51, 1, 0, 33, 72, 104, 127]"
In-Distribution,5,exact_guidance_u,71,0,41,40,"[129, 0, 106, 125, 116, 127, 116, 79, 68, 48, 26, 14, 15, 44, 53, 76, 113, 110, 125, 123, 125, 97, 107, 70, 51, 25, 4, 5, 68, 97, 119, 124, 119, 57, 51, 1, 0, 33, 72, 104, 127]","[0, 106, 125, 116, 127, 116, 79, 68, 48, 26, 14, 15, 44, 53, 76, 113, 110, 125, 123, 125, 97, 107, 70, 51, 25, 4, 5, 68, 97, 119, 124, 119, 57, 51, 1, 0, 33, 72, 104, 127]"
In-Distribution,5,exact_guidance_u,72,0,41,40,"[129, 0, 106, 125, 116, 127, 116, 79, 68, 48, 26, 14, 15, 44, 53, 76, 113, 110, 125, 123, 125, 97, 107, 70, 51, 25, 4, 5, 68, 97, 119, 124, 119, 57, 51, 1, 0, 33, 72, 104, 127]","[0, 106, 125, 116, 127, 116, 79, 68, 48, 26, 14, 15, 44, 53, 76, 113, 110, 125, 123, 125, 97, 107, 70, 51, 25, 4, 5, 68, 97, 119, 124, 119, 57, 51, 1, 0, 33, 72, 104, 127]"
In-Distribution,5,exact_guidance_u,73,0,41,40,"[129, 0, 106, 125, 116, 127, 116, 79, 68, 48, 26, 14, 15, 44, 53, 76, 113, 110, 125, 123, 125, 97, 107, 70, 51, 25, 4, 5, 68, 97, 119, 124, 119, 57, 51, 1, 0, 33, 72, 104, 127]","[0, 106, 125, 116, 127, 116, 79, 68, 48, 26, 14, 15, 44, 53, 76, 113, 110, 125, 123, 125, 97, 107, 70, 51, 25, 4, 5, 68, 97, 119, 124, 119, 57, 51, 1, 0, 33, 72, 104, 127]"
In-Distribution,5,exact_guidance_u,74,0,41,40,"[129, 0, 106, 125, 116, 127, 116, 79, 68, 48, 26, 14, 15, 44, 53, 76, 113, 110, 125, 123, 125, 97, 107, 70, 51, 25, 4, 5, 68, 97, 119, 124, 119, 57, 51, 1, 0, 33, 72, 104, 127]","[0, 106, 125, 116, 127, 116, 79, 68, 48, 26, 14, 15, 44, 53, 76, 113, 110, 125, 123, 125, 97, 107, 70, 51, 25, 4, 5, 68, 97, 119, 124, 119, 57, 51, 1, 0, 33, 72, 104, 127]"
In-Distribution,5,exact_guidance_u,75,0,41,40,"[129, 0, 106, 125, 116, 127, 116, 79, 68, 48, 26, 14, 15, 44, 53, 76, 113, 110, 125, 123, 125, 97, 107, 70, 51, 25, 4, 5, 68, 97, 119, 124, 119, 57, 51, 1, 0, 33, 72, 104, 127]","[0, 106, 125, 116, 127, 116, 79, 68, 48, 26, 14, 15, 44, 53, 76, 113, 110, 125, 123, 125, 97, 107, 70, 51, 25, 4, 5, 68, 97, 119, 124, 119, 57, 51, 1, 0, 33, 72, 104, 127]"
In-Distribution,5,exact_guidance_u,76,0,41,40,"[129, 0, 106, 125, 116, 127, 116, 79, 68, 48, 26, 14, 15, 44, 53, 76, 113, 110, 125, 123, 125, 97, 107, 70, 51, 25, 4, 5, 68, 97, 119, 124, 119, 57, 51, 1, 0, 33, 72, 104, 127]","[0, 106, 125, 116, 127, 116, 79, 68, 48, 26, 14, 15, 44, 53, 76, 113, 110, 125, 123, 125, 97, 107, 70, 51, 25, 4, 5, 68, 97, 119, 124, 119, 57, 51, 1, 0, 33, 72, 104, 127]"
In-Distribution,5,exact_guidance_u,77,0,42,41,"[129, 0, 106, 125, 116, 127, 116, 79, 68, 48, 26, 14, 15, 44, 53, 76, 84, 113, 110, 125, 123, 125, 97, 107, 70, 51, 25, 4, 5, 68, 97, 119, 124, 119, 57, 51, 1, 0, 33, 72, 104, 127]","[0, 106, 125, 116, 127, 116, 79, 68, 48, 26, 14, 15, 44, 53, 76, 84, 113, 110, 125, 123, 125, 97, 107, 70, 51, 25, 4, 5, 68, 97, 119, 124, 119, 57, 51, 1, 0, 33, 72, 104, 127]"
In-Distribution,5,exact_guidance_u,78,0,42,41,"[129, 0, 106, 125, 116, 127, 116, 79, 68, 48, 26, 14, 15, 44, 53, 76, 84, 113, 110, 125, 123, 125, 97, 107, 70, 51, 25, 4, 5, 68, 97, 119, 124, 119, 57, 51, 1, 0, 33, 72, 104, 127]","[0, 106, 125, 116, 127, 116, 79, 68, 48, 26, 14, 15, 44, 53, 76, 84, 113, 110, 125, 123, 125, 97, 107, 70, 51, 25, 4, 5, 68, 97, 119, 124, 119, 57, 51, 1, 0, 33, 72, 104, 127]"
In-Distribution,5,exact_guidance_u,79,0,42,41,"[129, 0, 106, 125, 116, 127, 116, 79, 68, 48, 26, 14, 15, 44, 53, 76, 84, 113, 110, 125, 123, 125, 97, 107, 70, 51, 25, 4, 5, 68, 97, 119, 124, 119, 57, 51, 1, 0, 33, 72, 104, 127]","[0, 106, 125, 116, 127, 116, 79, 68, 48, 26, 14, 15, 44, 53, 76, 84, 113, 110, 125, 123, 125, 97, 107, 70, 51, 25, 4, 5, 68, 97, 119, 124, 119, 57, 51, 1, 0, 33, 72, 104, 127]"
In-Distribution,5,exact_guidance_u,80,0,42,41,"[129, 0, 106, 125, 116, 127, 116, 79, 68, 48, 26, 14, 15, 44, 53, 76, 84, 113, 110, 125, 123, 125, 97, 107, 70, 51, 25, 4, 5, 68, 97, 119, 124, 119, 57, 51, 1, 0, 33, 72, 104, 127]","[0, 106, 125, 116, 127, 116, 79, 68, 48, 26, 14, 15, 44, 53, 76, 84, 113, 110, 125, 123, 125, 97, 107, 70, 51, 25, 4, 5, 68, 97, 119, 124, 119, 57, 51, 1, 0, 33, 72, 104, 127]"
In-Distribution,5,exact_guidance_u,81,0,42,41,"[129, 0, 106, 125, 116, 127, 116, 79, 68, 48, 26, 14, 15, 44, 53, 76, 84, 113, 110, 125, 123, 125, 97, 107, 70, 51, 25, 4, 5, 68, 97, 119, 124, 119, 57, 51, 1, 0, 33, 72, 104, 127]","[0, 106, 125, 116, 127, 116, 79, 68, 48, 26, 14, 15, 44, 53, 76, 84, 113, 110, 125, 123, 125, 97, 107, 70, 51, 25, 4, 5, 68, 97, 119, 124, 119, 57, 51, 1, 0, 33, 72, 104, 127]"
In-Distribution,5,exact_guidance_u,82,0,43,42,"[129, 0, 106, 125, 116, 127, 116, 79, 68, 48, 26, 14, 15, 44, 53, 76, 84, 113, 110, 125, 123, 125, 97, 107, 70, 51, 25, 4, 5, 68, 97, 106, 119, 124, 119, 57, 51, 1, 0, 33, 72, 104, 127]","[0, 106, 125, 116, 127, 116, 79, 68, 48, 26, 14, 15, 44, 53, 76, 84, 113, 110, 125, 123, 125, 97, 107, 70, 51, 25, 4, 5, 68, 97, 106, 119, 124, 119, 57, 51, 1, 0, 33, 72, 104, 127]"
In-Distribution,5,exact_guidance_u,83,0,44,43,"[129, 0, 106, 125, 116, 127, 116, 107, 79, 68, 48, 26, 14, 15, 44, 53, 76, 84, 113, 110, 125, 123, 125, 97, 107, 70, 51, 25, 4, 5, 68, 97, 106, 119, 124, 119, 57, 51, 1, 0, 33, 72, 104, 127]","[0, 106, 125, 116, 127, 116, 107, 79, 68, 48, 26, 14, 15, 44, 53, 76, 84, 113, 110, 125, 123, 125, 97, 107, 70, 51, 25, 4, 5, 68, 97, 106, 119, 124, 119, 57, 51, 1, 0, 33, 72, 104, 127]"
In-Distribution,5,exact_guidance_u,84,0,44,43,"[129, 0, 106, 125, 116, 127, 116, 107, 79, 68, 48, 26, 14, 15, 44, 53, 76, 84, 113, 110, 125, 123, 125, 97, 107, 70, 51, 25, 4, 5, 68, 97, 106, 119, 124, 119, 57, 51, 1, 0, 33, 72, 104, 127]","[0, 106, 125, 116, 127, 116, 107, 79, 68, 48, 26, 14, 15, 44, 53, 76, 84, 113, 110, 125, 123, 125, 97, 107, 70, 51, 25, 4, 5, 68, 97, 106, 119, 124, 119, 57, 51, 1, 0, 33, 72, 104, 127]"
In-Distribution,5,exact_guidance_u,85,0,44,43,"[129, 0, 106, 125, 116, 127, 116, 107, 79, 68, 48, 26, 14, 15, 44, 53, 76, 84, 113, 110, 125, 123, 125, 97, 107, 70, 51, 25, 4, 5, 68, 97, 106, 119, 124, 119, 57, 51, 1, 0, 33, 72, 104, 127]","[0, 106, 125, 116, 127, 116, 107, 79, 68, 48, 26, 14, 15, 44, 53, 76, 84, 113, 110, 125, 123, 125, 97, 107, 70, 51, 25, 4, 5, 68, 97, 106, 119, 124, 119, 57, 51, 1, 0, 33, 72, 104, 127]"
In-Distribution,5,exact_guidance_u,86,0,45,44,"[129, 0, 106, 125, 116, 127, 116, 107, 79, 68, 48, 26, 7, 14, 15, 44, 53, 76, 84, 113, 110, 125, 123, 125, 97, 107, 70, 51, 25, 4, 5, 68, 97, 106, 119, 124, 119, 57, 51, 1, 0, 33, 72, 104, 127]","[0, 106, 125, 116, 127, 116, 107, 79, 68, 48, 26, 7, 14, 15, 44, 53, 76, 84, 113, 110, 125, 123, 125, 97, 107, 70, 51, 25, 4, 5, 68, 97, 106, 119, 124, 119, 57, 51, 1, 0, 33, 72, 104, 127]"
In-Distribution,5,exact_guidance_u,87,0,46,45,"[129, 0, 56, 106, 125, 116, 127, 116, 107, 79, 68, 48, 26, 7, 14, 15, 44, 53, 76, 84, 113, 110, 125, 123, 125, 97, 107, 70, 51, 25, 4, 5, 68, 97, 106, 119, 124, 119, 57, 51, 1, 0, 33, 72, 104, 127]","[0, 56, 106, 125, 116, 127, 116, 107, 79, 68, 48, 26, 7, 14, 15, 44, 53, 76, 84, 113, 110, 125, 123, 125, 97, 107, 70, 51, 25, 4, 5, 68, 97, 106, 119, 124, 119, 57, 51, 1, 0, 33, 72, 104, 127]"
In-Distribution,5,exact_guidance_u,88,0,47,46,"[129, 0, 56, 106, 125, 116, 127, 116, 107, 79, 68, 48, 26, 7, 14, 15, 44, 53, 76, 84, 113, 110, 125, 123, 125, 97, 107, 70, 51, 25, 4, 5, 68, 97, 106, 119, 124, 119, 57, 51, 1, 0, 33, 54, 72, 104, 127]","[0, 56, 106, 125, 116, 127, 116, 107, 79, 68, 48, 26, 7, 14, 15, 44, 53, 76, 84, 113, 110, 125, 123, 125, 97, 107, 70, 51, 25, 4, 5, 68, 97, 106, 119, 124, 119, 57, 51, 1, 0, 33, 54, 72, 104, 127]"
In-Distribution,5,exact_guidance_u,89,0,48,47,"[129, 0, 56, 106, 125, 116, 127, 116, 107, 79, 68, 48, 26, 7, 14, 15, 44, 53, 76, 84, 113, 110, 125, 127, 123, 125, 97, 107, 70, 51, 25, 4, 5, 68, 97, 106, 119, 124, 119, 57, 51, 1, 0, 33, 54, 72, 104, 127]","[0, 56, 106, 125, 116, 127, 116, 107, 79, 68, 48, 26, 7, 14, 15, 44, 53, 76, 84, 113, 110, 125, 127, 123, 125, 97, 107, 70, 51, 25, 4, 5, 68, 97, 106, 119, 124, 119, 57, 51, 1, 0, 33, 54, 72, 104, 127]"
In-Distribution,5,exact_guidance_u,90,0,48,47,"[129, 0, 56, 106, 125, 116, 127, 116, 107, 79, 68, 48, 26, 7, 14, 15, 44, 53, 76, 84, 113, 110, 125, 127, 123, 125, 97, 107, 70, 51, 25, 4, 5, 68, 97, 106, 119, 124, 119, 57, 51, 1, 0, 33, 54, 72, 104, 127]","[0, 56, 106, 125, 116, 127, 116, 107, 79, 68, 48, 26, 7, 14, 15, 44, 53, 76, 84, 113, 110, 125, 127, 123, 125, 97, 107, 70, 51, 25, 4, 5, 68, 97, 106, 119, 124, 119, 57, 51, 1, 0, 33, 54, 72, 104, 127]"
In-Distribution,5,exact_guidance_u,91,0,48,47,"[129, 0, 56, 106, 125, 116, 127, 116, 107, 79, 68, 48, 26, 7, 14, 15, 44, 53, 76, 84, 113, 110, 125, 127, 123, 125, 97, 107, 70, 51, 25, 4, 5, 68, 97, 106, 119, 124, 119, 57, 51, 1, 0, 33, 54, 72, 104, 127]","[0, 56, 106, 125, 116, 127, 116, 107, 79, 68, 48, 26, 7, 14, 15, 44, 53, 76, 84, 113, 110, 125, 127, 123, 125, 97, 107, 70, 51, 25, 4, 5, 68, 97, 106, 119, 124, 119, 57, 51, 1, 0, 33, 54, 72, 104, 127]"
In-Distribution,5,exact_guidance_u,92,0,50,49,"[129, 0, 56, 106, 125, 116, 127, 116, 122, 107, 79, 68, 48, 26, 7, 14, 15, 44, 53, 76, 84, 113, 110, 125, 127, 123, 125, 97, 107, 70, 51, 25, 4, 5, 23, 68, 97, 106, 119, 124, 119, 57, 51, 1, 0, 33, 54, 72, 104, 127]","[0, 56, 106, 125, 116, 127, 116, 122, 107, 79, 68, 48, 26, 7, 14, 15, 44, 53, 76, 84, 113, 110, 125, 127, 123, 125, 97, 107, 70, 51, 25, 4, 5, 23, 68, 97, 106, 119, 124, 119, 57, 51, 1, 0, 33, 54, 72, 104, 127]"
In-Distribution,5,exact_guidance_u,93,0,50,49,"[129, 0, 56, 106, 125, 116, 127, 116, 122, 107, 79, 68, 48, 26, 7, 14, 15, 44, 53, 76, 84, 113, 110, 125, 127, 123, 125, 97, 107, 70, 51, 25, 4, 5, 23, 68, 97, 106, 119, 124, 119, 57, 51, 1, 0, 33, 54, 72, 104, 127]","[0, 56, 106, 125, 116, 127, 116, 122, 107, 79, 68, 48, 26, 7, 14, 15, 44, 53, 76, 84, 113, 110, 125, 127, 123, 125, 97, 107, 70, 51, 25, 4, 5, 23, 68, 97, 106, 119, 124, 119, 57, 51, 1, 0, 33, 54, 72, 104, 127]"
In-Distribution,5,exact_guidance_u,94,0,51,50,"[129, 0, 56, 102, 106, 125, 116, 127, 116, 122, 107, 79, 68, 48, 26, 7, 14, 15, 44, 53, 76, 84, 113, 110, 125, 127, 123, 125, 97, 107, 70, 51, 25, 4, 5, 23, 68, 97, 106, 119, 124, 119, 57, 51, 1, 0, 33, 54, 72, 104, 127]","[0, 56, 102, 106, 125, 116, 127, 116, 122, 107, 79, 68, 48, 26, 7, 14, 15, 44, 53, 76, 84, 113, 110, 125, 127, 123, 125, 97, 107, 70, 51, 25, 4, 5, 23, 68, 97, 106, 119, 124, 119, 57, 51, 1, 0, 33, 54, 72, 104, 127]"
In-Distribution,5,exact_guidance_u,95,0,51,50,"[129, 0, 56, 102, 106, 125, 116, 127, 116, 122, 107, 79, 68, 48, 26, 7, 14, 15, 44, 53, 76, 84, 113, 110, 125, 127, 123, 125, 97, 107, 70, 51, 25, 4, 5, 23, 68, 97, 106, 119, 124, 119, 57, 51, 1, 0, 33, 54, 72, 104, 127]","[0, 56, 102, 106, 125, 116, 127, 116, 122, 107, 79, 68, 48, 26, 7, 14, 15, 44, 53, 76, 84, 113, 110, 125, 127, 123, 125, 97, 107, 70, 51, 25, 4, 5, 23, 68, 97, 106, 119, 124, 119, 57, 51, 1, 0, 33, 54, 72, 104, 127]"
In-Distribution,5,exact_guidance_u,96,0,52,51,"[129, 0, 2, 56, 102, 106, 125, 116, 127, 116, 122, 107, 79, 68, 48, 26, 7, 14, 15, 44, 53, 76, 84, 113, 110, 125, 127, 123, 125, 97, 107, 70, 51, 25, 4, 5, 23, 68, 97, 106, 119, 124, 119, 57, 51, 1, 0, 33, 54, 72, 104, 127]","[0, 2, 56, 102, 106, 125, 116, 127, 116, 122, 107, 79, 68, 48, 26, 7, 14, 15, 44, 53, 76, 84, 113, 110, 125, 127, 123, 125, 97, 107, 70, 51, 25, 4, 5, 23, 68, 97, 106, 119, 124, 119, 57, 51, 1, 0, 33, 54, 72, 104, 127]"
In-Distribution,5,exact_guidance_u,97,0,52,51,"[129, 0, 2, 56, 102, 106, 125, 116, 127, 116, 122, 107, 79, 68, 48, 26, 7, 14, 15, 44, 53, 76, 84, 113, 110, 125, 127, 123, 125, 97, 107, 70, 51, 25, 4, 5, 23, 68, 97, 106, 119, 124, 119, 57, 51, 1, 0, 33, 54, 72, 104, 127]","[0, 2, 56, 102, 106, 125, 116, 127, 116, 122, 107, 79, 68, 48, 26, 7, 14, 15, 44, 53, 76, 84, 113, 110, 125, 127, 123, 125, 97, 107, 70, 51, 25, 4, 5, 23, 68, 97, 106, 119, 124, 119, 57, 51, 1, 0, 33, 54, 72, 104, 127]"
In-Distribution,5,exact_guidance_u,98,0,52,51,"[129, 0, 2, 56, 102, 106, 125, 116, 127, 116, 122, 107, 79, 68, 48, 26, 7, 14, 15, 44, 53, 76, 84, 113, 110, 125, 127, 123, 125, 97, 107, 70, 51, 25, 4, 5, 23, 68, 97, 106, 119, 124, 119, 57, 51, 1, 0, 33, 54, 72, 104, 127]","[0, 2, 56, 102, 106, 125, 116, 127, 116, 122, 107, 79, 68, 48, 26, 7, 14, 15, 44, 53, 76, 84, 113, 110, 125, 127, 123, 125, 97, 107, 70, 51, 25, 4, 5, 23, 68, 97, 106, 119, 124, 119, 57, 51, 1, 0, 33, 54, 72, 104, 127]"
In-Distribution,5,exact_guidance_u,99,0,52,51,"[129, 0, 2, 56, 102, 106, 125, 116, 127, 116, 122, 107, 79, 68, 48, 26, 7, 14, 15, 44, 53, 76, 84, 113, 110, 125, 127, 123, 125, 97, 107, 70, 51, 25, 4, 5, 23, 68, 97, 106, 119, 124, 119, 57, 51, 1, 0, 33, 54, 72, 104, 127]","[0, 2, 56, 102, 106, 125, 116, 127, 116, 122, 107, 79, 68, 48, 26, 7, 14, 15, 44, 53, 76, 84, 113, 110, 125, 127, 123, 125, 97, 107, 70, 51, 25, 4, 5, 23, 68, 97, 106, 119, 124, 119, 57, 51, 1, 0, 33, 54, 72, 104, 127]"
In-Distribution,5,exact_guidance_u,100,0,53,52,"[129, 0, 2, 56, 102, 106, 125, 116, 127, 124, 116, 122, 107, 79, 68, 48, 26, 7, 14, 15, 44, 53, 76, 84, 113, 110, 125, 127, 123, 125, 97, 107, 70, 51, 25, 4, 5, 23, 68, 97, 106, 119, 124, 119, 57, 51, 1, 0, 33, 54, 72, 104, 127]","[0, 2, 56, 102, 106, 125, 116, 127, 124, 116, 122, 107, 79, 68, 48, 26, 7, 14, 15, 44, 53, 76, 84, 113, 110, 125, 127, 123, 125, 97, 107, 70, 51, 25, 4, 5, 23, 68, 97, 106, 119, 124, 119, 57, 51, 1, 0, 33, 54, 72, 104, 127]"
In-Distribution,5,exact_guidance_u,101,0,54,53,"[129, 0, 2, 56, 82, 102, 106, 125, 116, 127, 124, 116, 122, 107, 79, 68, 48, 26, 7, 14, 15, 44, 53, 76, 84, 113, 110, 125, 127, 123, 125, 97, 107, 70, 51, 25, 4, 5, 23, 68, 97, 106, 119, 124, 119, 57, 51, 1, 0, 33, 54, 72, 104, 127]","[0, 2, 56, 82, 102, 106, 125, 116, 127, 124, 116, 122, 107, 79, 68, 48, 26, 7, 14, 15, 44, 53, 76, 84, 113, 110, 125, 127, 123, 125, 97, 107, 70, 51, 25, 4, 5, 23, 68, 97, 106, 119, 124, 119, 57, 51, 1, 0, 33, 54, 72, 104, 127]"
In-Distribution,5,exact_guidance_u,102,0,56,55,"[129, 0, 2, 56, 82, 102, 106, 125, 116, 127, 124, 116, 122, 107, 79, 68, 48, 26, 7, 2, 14, 15, 44, 53, 76, 84, 113, 110, 125, 127, 123, 125, 97, 107, 70, 51, 25, 4, 5, 23, 68, 97, 106, 119, 124, 119, 57, 51, 1, 0, 0, 33, 54, 72, 104, 127]","[0, 2, 56, 82, 102, 106, 125, 116, 127, 124, 116, 122, 107, 79, 68, 48, 26, 7, 2, 14, 15, 44, 53, 76, 84, 113, 110, 125, 127, 123, 125, 97, 107, 70, 51, 25, 4, 5, 23, 68, 97, 106, 119, 124, 119, 57, 51, 1, 0, 0, 33, 54, 72, 104, 127]"
In-Distribution,5,exact_guidance_u,103,0,56,55,"[129, 0, 2, 56, 82, 102, 106, 125, 116, 127, 124, 116, 122, 107, 79, 68, 48, 26, 7, 2, 14, 15, 44, 53, 76, 84, 113, 110, 125, 127, 123, 125, 97, 107, 70, 51, 25, 4, 5, 23, 68, 97, 106, 119, 124, 119, 57, 51, 1, 0, 0, 33, 54, 72, 104, 127]","[0, 2, 56, 82, 102, 106, 125, 116, 127, 124, 116, 122, 107, 79, 68, 48, 26, 7, 2, 14, 15, 44, 53, 76, 84, 113, 110, 125, 127, 123, 125, 97, 107, 70, 51, 25, 4, 5, 23, 68, 97, 106, 119, 124, 119, 57, 51, 1, 0, 0, 33, 54, 72, 104, 127]"
In-Distribution,5,exact_guidance_u,104,0,56,55,"[129, 0, 2, 56, 82, 102, 106, 125, 116, 127, 124, 116, 122, 107, 79, 68, 48, 26, 7, 2, 14, 15, 44, 53, 76, 84, 113, 110, 125, 127, 123, 125, 97, 107, 70, 51, 25, 4, 5, 23, 68, 97, 106, 119, 124, 119, 57, 51, 1, 0, 0, 33, 54, 72, 104, 127]","[0, 2, 56, 82, 102, 106, 125, 116, 127, 124, 116, 122, 107, 79, 68, 48, 26, 7, 2, 14, 15, 44, 53, 76, 84, 113, 110, 125, 127, 123, 125, 97, 107, 70, 51, 25, 4, 5, 23, 68, 97, 106, 119, 124, 119, 57, 51, 1, 0, 0, 33, 54, 72, 104, 127]"
In-Distribution,5,exact_guidance_u,105,0,56,55,"[129, 0, 2, 56, 82, 102, 106, 125, 116, 127, 124, 116, 122, 107, 79, 68, 48, 26, 7, 2, 14, 15, 44, 53, 76, 84, 113, 110, 125, 127, 123, 125, 97, 107, 70, 51, 25, 4, 5, 23, 68, 97, 106, 119, 124, 119, 57, 51, 1, 0, 0, 33, 54, 72, 104, 127]","[0, 2, 56, 82, 102, 106, 125, 116, 127, 124, 116, 122, 107, 79, 68, 48, 26, 7, 2, 14, 15, 44, 53, 76, 84, 113, 110, 125, 127, 123, 125, 97, 107, 70, 51, 25, 4, 5, 23, 68, 97, 106, 119, 124, 119, 57, 51, 1, 0, 0, 33, 54, 72, 104, 127]"
In-Distribution,5,exact_guidance_u,106,0,56,55,"[129, 0, 2, 56, 82, 102, 106, 125, 116, 127, 124, 116, 122, 107, 79, 68, 48, 26, 7, 2, 14, 15, 44, 53, 76, 84, 113, 110, 125, 127, 123, 125, 97, 107, 70, 51, 25, 4, 5, 23, 68, 97, 106, 119, 124, 119, 57, 51, 1, 0, 0, 33, 54, 72, 104, 127]","[0, 2, 56, 82, 102, 106, 125, 116, 127, 124, 116, 122, 107, 79, 68, 48, 26, 7, 2, 14, 15, 44, 53, 76, 84, 113, 110, 125, 127, 123, 125, 97, 107, 70, 51, 25, 4, 5, 23, 68, 97, 106, 119, 124, 119, 57, 51, 1, 0, 0, 33, 54, 72, 104, 127]"
In-Distribution,5,exact_guidance_u,107,0,56,55,"[129, 0, 2, 56, 82, 102, 106, 125, 116, 127, 124, 116, 122, 107, 79, 68, 48, 26, 7, 2, 14, 15, 44, 53, 76, 84, 113, 110, 125, 127, 123, 125, 97, 107, 70, 51, 25, 4, 5, 23, 68, 97, 106, 119, 124, 119, 57, 51, 1, 0, 0, 33, 54, 72, 104, 127]","[0, 2, 56, 82, 102, 106, 125, 116, 127, 124, 116, 122, 107, 79, 68, 48, 26, 7, 2, 14, 15, 44, 53, 76, 84, 113, 110, 125, 127, 123, 125, 97, 107, 70, 51, 25, 4, 5, 23, 68, 97, 106, 119, 124, 119, 57, 51, 1, 0, 0, 33, 54, 72, 104, 127]"
In-Distribution,5,exact_guidance_u,108,0,57,56,"[129, 0, 2, 56, 82, 102, 106, 125, 116, 127, 124, 116, 122, 107, 79, 68, 48, 26, 7, 2, 14, 15, 44, 53, 76, 84, 113, 110, 125, 127, 123, 125, 97, 107, 70, 51, 25, 4, 5, 9, 23, 68, 97, 106, 119, 124, 119, 57, 51, 1, 0, 0, 33, 54, 72, 104, 127]","[0, 2, 56, 82, 102, 106, 125, 116, 127, 124, 116, 122, 107, 79, 68, 48, 26, 7, 2, 14, 15, 44, 53, 76, 84, 113, 110, 125, 127, 123, 125, 97, 107, 70, 51, 25, 4, 5, 9, 23, 68, 97, 106, 119, 124, 119, 57, 51, 1, 0, 0, 33, 54, 72, 104, 127]"
In-Distribution,5,exact_guidance_u,109,0,57,56,"[129, 0, 2, 56, 82, 102, 106, 125, 116, 127, 124, 116, 122, 107, 79, 68, 48, 26, 7, 2, 14, 15, 44, 53, 76, 84, 113, 110, 125, 127, 123, 125, 97, 107, 70, 51, 25, 4, 5, 9, 23, 68, 97, 106, 119, 124, 119, 57, 51, 1, 0, 0, 33, 54, 72, 104, 127]","[0, 2, 56, 82, 102, 106, 125, 116, 127, 124, 116, 122, 107, 79, 68, 48, 26, 7, 2, 14, 15, 44, 53, 76, 84, 113, 110, 125, 127, 123, 125, 97, 107, 70, 51, 25, 4, 5, 9, 23, 68, 97, 106, 119, 124, 119, 57, 51, 1, 0, 0, 33, 54, 72, 104, 127]"
In-Distribution,5,exact_guidance_u,110,0,57,56,"[129, 0, 2, 56, 82, 102, 106, 125, 116, 127, 124, 116, 122, 107, 79, 68, 48, 26, 7, 2, 14, 15, 44, 53, 76, 84, 113, 110, 125, 127, 123, 125, 97, 107, 70, 51, 25, 4, 5, 9, 23, 68, 97, 106, 119, 124, 119, 57, 51, 1, 0, 0, 33, 54, 72, 104, 127]","[0, 2, 56, 82, 102, 106, 125, 116, 127, 124, 116, 122, 107, 79, 68, 48, 26, 7, 2, 14, 15, 44, 53, 76, 84, 113, 110, 125, 127, 123, 125, 97, 107, 70, 51, 25, 4, 5, 9, 23, 68, 97, 106, 119, 124, 119, 57, 51, 1, 0, 0, 33, 54, 72, 104, 127]"
In-Distribution,5,exact_guidance_u,111,0,57,56,"[129, 0, 2, 56, 82, 102, 106, 125, 116, 127, 124, 116, 122, 107, 79, 68, 48, 26, 7, 2, 14, 15, 44, 53, 76, 84, 113, 110, 125, 127, 123, 125, 97, 107, 70, 51, 25, 4, 5, 9, 23, 68, 97, 106, 119, 124, 119, 57, 51, 1, 0, 0, 33, 54, 72, 104, 127]","[0, 2, 56, 82, 102, 106, 125, 116, 127, 124, 116, 122, 107, 79, 68, 48, 26, 7, 2, 14, 15, 44, 53, 76, 84, 113, 110, 125, 127, 123, 125, 97, 107, 70, 51, 25, 4, 5, 9, 23, 68, 97, 106, 119, 124, 119, 57, 51, 1, 0, 0, 33, 54, 72, 104, 127]"
In-Distribution,5,exact_guidance_u,112,0,57,56,"[129, 0, 2, 56, 82, 102, 106, 125, 116, 127, 124, 116, 122, 107, 79, 68, 48, 26, 7, 2, 14, 15, 44, 53, 76, 84, 113, 110, 125, 127, 123, 125, 97, 107, 70, 51, 25, 4, 5, 9, 23, 68, 97, 106, 119, 124, 119, 57, 51, 1, 0, 0, 33, 54, 72, 104, 127]","[0, 2, 56, 82, 102, 106, 125, 116, 127, 124, 116, 122, 107, 79, 68, 48, 26, 7, 2, 14, 15, 44, 53, 76, 84, 113, 110, 125, 127, 123, 125, 97, 107, 70, 51, 25, 4, 5, 9, 23, 68, 97, 106, 119, 124, 119, 57, 51, 1, 0, 0, 33, 54, 72, 104, 127]"
In-Distribution,5,exact_guidance_u,113,0,58,57,"[129, 0, 2, 56, 82, 102, 106, 125, 116, 127, 124, 116, 122, 107, 79, 68, 48, 26, 7, 2, 14, 15, 44, 53, 76, 84, 113, 110, 125, 127, 123, 125, 97, 107, 70, 51, 25, 4, 5, 9, 23, 68, 97, 106, 127, 119, 124, 119, 57, 51, 1, 0, 0, 33, 54, 72, 104, 127]","[0, 2, 56, 82, 102, 106, 125, 116, 127, 124, 116, 122, 107, 79, 68, 48, 26, 7, 2, 14, 15, 44, 53, 76, 84, 113, 110, 125, 127, 123, 125, 97, 107, 70, 51, 25, 4, 5, 9, 23, 68, 97, 106, 127, 119, 124, 119, 57, 51, 1, 0, 0, 33, 54, 72, 104, 127]"
In-Distribution,5,exact_guidance_u,114,0,59,58,"[129, 0, 2, 30, 56, 82, 102, 106, 125, 116, 127, 124, 116, 122, 107, 79, 68, 48, 26, 7, 2, 14, 15, 44, 53, 76, 84, 113, 110, 125, 127, 123, 125, 97, 107, 70, 51, 25, 4, 5, 9, 23, 68, 97, 106, 127, 119, 124, 119, 57, 51, 1, 0, 0, 33, 54, 72, 104, 127]","[0, 2, 30, 56, 82, 102, 106, 125, 116, 127, 124, 116, 122, 107, 79, 68, 48, 26, 7, 2, 14, 15, 44, 53, 76, 84, 113, 110, 125, 127, 123, 125, 97, 107, 70, 51, 25, 4, 5, 9, 23, 68, 97, 106, 127, 119, 124, 119, 57, 51, 1, 0, 0, 33, 54, 72, 104, 127]"
In-Distribution,5,exact_guidance_u,115,0,59,58,"[129, 0, 2, 30, 56, 82, 102, 106, 125, 116, 127, 124, 116, 122, 107, 79, 68, 48, 26, 7, 2, 14, 15, 44, 53, 76, 84, 113, 110, 125, 127, 123, 125, 97, 107, 70, 51, 25, 4, 5, 9, 23, 68, 97, 106, 127, 119, 124, 119, 57, 51, 1, 0, 0, 33, 54, 72, 104, 127]","[0, 2, 30, 56, 82, 102, 106, 125, 116, 127, 124, 116, 122, 107, 79, 68, 48, 26, 7, 2, 14, 15, 44, 53, 76, 84, 113, 110, 125, 127, 123, 125, 97, 107, 70, 51, 25, 4, 5, 9, 23, 68, 97, 106, 127, 119, 124, 119, 57, 51, 1, 0, 0, 33, 54, 72, 104, 127]"
In-Distribution,5,exact_guidance_u,116,0,60,59,"[129, 0, 2, 30, 56, 82, 102, 106, 125, 116, 127, 124, 116, 122, 107, 79, 68, 48, 26, 7, 2, 14, 15, 44, 53, 76, 84, 113, 110, 125, 127, 123, 125, 97, 107, 70, 51, 25, 17, 4, 5, 9, 23, 68, 97, 106, 127, 119, 124, 119, 57, 51, 1, 0, 0, 33, 54, 72, 104, 127]","[0, 2, 30, 56, 82, 102, 106, 125, 116, 127, 124, 116, 122, 107, 79, 68, 48, 26, 7, 2, 14, 15, 44, 53, 76, 84, 113, 110, 125, 127, 123, 125, 97, 107, 70, 51, 25, 17, 4, 5, 9, 23, 68, 97, 106, 127, 119, 124, 119, 57, 51, 1, 0, 0, 33, 54, 72, 104, 127]"
In-Distribution,5,exact_guidance_u,117,0,60,59,"[129, 0, 2, 30, 56, 82, 102, 106, 125, 116, 127, 124, 116, 122, 107, 79, 68, 48, 26, 7, 2, 14, 15, 44, 53, 76, 84, 113, 110, 125, 127, 123, 125, 97, 107, 70, 51, 25, 17, 4, 5, 9, 23, 68, 97, 106, 127, 119, 124, 119, 57, 51, 1, 0, 0, 33, 54, 72, 104, 127]","[0, 2, 30, 56, 82, 102, 106, 125, 116, 127, 124, 116, 122, 107, 79, 68, 48, 26, 7, 2, 14, 15, 44, 53, 76, 84, 113, 110, 125, 127, 123, 125, 97, 107, 70, 51, 25, 17, 4, 5, 9, 23, 68, 97, 106, 127, 119, 124, 119, 57, 51, 1, 0, 0, 33, 54, 72, 104, 127]"
In-Distribution,5,exact_guidance_u,118,0,60,59,"[129, 0, 2, 30, 56, 82, 102, 106, 125, 116, 127, 124, 116, 122, 107, 79, 68, 48, 26, 7, 2, 14, 15, 44, 53, 76, 84, 113, 110, 125, 127, 123, 125, 97, 107, 70, 51, 25, 17, 4, 5, 9, 23, 68, 97, 106, 127, 119, 124, 119, 57, 51, 1, 0, 0, 33, 54, 72, 104, 127]","[0, 2, 30, 56, 82, 102, 106, 125, 116, 127, 124, 116, 122, 107, 79, 68, 48, 26, 7, 2, 14, 15, 44, 53, 76, 84, 113, 110, 125, 127, 123, 125, 97, 107, 70, 51, 25, 17, 4, 5, 9, 23, 68, 97, 106, 127, 119, 124, 119, 57, 51, 1, 0, 0, 33, 54, 72, 104, 127]"
In-Distribution,5,exact_guidance_u,119,0,60,59,"[129, 0, 2, 30, 56, 82, 102, 106, 125, 116, 127, 124, 116, 122, 107, 79, 68, 48, 26, 7, 2, 14, 15, 44, 53, 76, 84, 113, 110, 125, 127, 123, 125, 97, 107, 70, 51, 25, 17, 4, 5, 9, 23, 68, 97, 106, 127, 119, 124, 119, 57, 51, 1, 0, 0, 33, 54, 72, 104, 127]","[0, 2, 30, 56, 82, 102, 106, 125, 116, 127, 124, 116, 122, 107, 79, 68, 48, 26, 7, 2, 14, 15, 44, 53, 76, 84, 113, 110, 125, 127, 123, 125, 97, 107, 70, 51, 25, 17, 4, 5, 9, 23, 68, 97, 106, 127, 119, 124, 119, 57, 51, 1, 0, 0, 33, 54, 72, 104, 127]"
In-Distribution,5,exact_guidance_u,120,0,61,60,"[129, 0, 2, 30, 56, 82, 102, 106, 125, 116, 127, 124, 116, 122, 107, 79, 68, 48, 26, 7, 2, 14, 6, 15, 44, 53, 76, 84, 113, 110, 125, 127, 123, 125, 97, 107, 70, 51, 25, 17, 4, 5, 9, 23, 68, 97, 106, 127, 119, 124, 119, 57, 51, 1, 0, 0, 33, 54, 72, 104, 127]","[0, 2, 30, 56, 82, 102, 106, 125, 116, 127, 124, 116, 122, 107, 79, 68, 48, 26, 7, 2, 14, 6, 15, 44, 53, 76, 84, 113, 110, 125, 127, 123, 125, 97, 107, 70, 51, 25, 17, 4, 5, 9, 23, 68, 97, 106, 127, 119, 124, 119, 57, 51, 1, 0, 0, 33, 54, 72, 104, 127]"
In-Distribution,5,exact_guidance_u,121,0,61,60,"[129, 0, 2, 30, 56, 82, 102, 106, 125, 116, 127, 124, 116, 122, 107, 79, 68, 48, 26, 7, 2, 14, 6, 15, 44, 53, 76, 84, 113, 110, 125, 127, 123, 125, 97, 107, 70, 51, 25, 17, 4, 5, 9, 23, 68, 97, 106, 127, 119, 124, 119, 57, 51, 1, 0, 0, 33, 54, 72, 104, 127]","[0, 2, 30, 56, 82, 102, 106, 125, 116, 127, 124, 116, 122, 107, 79, 68, 48, 26, 7, 2, 14, 6, 15, 44, 53, 76, 84, 113, 110, 125, 127, 123, 125, 97, 107, 70, 51, 25, 17, 4, 5, 9, 23, 68, 97, 106, 127, 119, 124, 119, 57, 51, 1, 0, 0, 33, 54, 72, 104, 127]"
In-Distribution,5,exact_guidance_u,122,0,62,61,"[129, 0, 2, 30, 56, 71, 82, 102, 106, 125, 116, 127, 124, 116, 122, 107, 79, 68, 48, 26, 7, 2, 14, 6, 15, 44, 53, 76, 84, 113, 110, 125, 127, 123, 125, 97, 107, 70, 51, 25, 17, 4, 5, 9, 23, 68, 97, 106, 127, 119, 124, 119, 57, 51, 1, 0, 0, 33, 54, 72, 104, 127]","[0, 2, 30, 56, 71, 82, 102, 106, 125, 116, 127, 124, 116, 122, 107, 79, 68, 48, 26, 7, 2, 14, 6, 15, 44, 53, 76, 84, 113, 110, 125, 127, 123, 125, 97, 107, 70, 51, 25, 17, 4, 5, 9, 23, 68, 97, 106, 127, 119, 124, 119, 57, 51, 1, 0, 0, 33, 54, 72, 104, 127]"
In-Distribution,5,exact_guidance_u,123,0,62,61,"[129, 0, 2, 30, 56, 71, 82, 102, 106, 125, 116, 127, 124, 116, 122, 107, 79, 68, 48, 26, 7, 2, 14, 6, 15, 44, 53, 76, 84, 113, 110, 125, 127, 123, 125, 97, 107, 70, 51, 25, 17, 4, 5, 9, 23, 68, 97, 106, 127, 119, 124, 119, 57, 51, 1, 0, 0, 33, 54, 72, 104, 127]","[0, 2, 30, 56, 71, 82, 102, 106, 125, 116, 127, 124, 116, 122, 107, 79, 68, 48, 26, 7, 2, 14, 6, 15, 44, 53, 76, 84, 113, 110, 125, 127, 123, 125, 97, 107, 70, 51, 25, 17, 4, 5, 9, 23, 68, 97, 106, 127, 119, 124, 119, 57, 51, 1, 0, 0, 33, 54, 72, 104, 127]"
In-Distribution,5,exact_guidance_u,124,0,62,61,"[129, 0, 2, 30, 56, 71, 82, 102, 106, 125, 116, 127, 124, 116, 122, 107, 79, 68, 48, 26, 7, 2, 14, 6, 15, 44, 53, 76, 84, 113, 110, 125, 127, 123, 125, 97, 107, 70, 51, 25, 17, 4, 5, 9, 23, 68, 97, 106, 127, 119, 124, 119, 57, 51, 1, 0, 0, 33, 54, 72, 104, 127]","[0, 2, 30, 56, 71, 82, 102, 106, 125, 116, 127, 124, 116, 122, 107, 79, 68, 48, 26, 7, 2, 14, 6, 15, 44, 53, 76, 84, 113, 110, 125, 127, 123, 125, 97, 107, 70, 51, 25, 17, 4, 5, 9, 23, 68, 97, 106, 127, 119, 124, 119, 57, 51, 1, 0, 0, 33, 54, 72, 104, 127]"
In-Distribution,5,exact_guidance_u,125,0,62,61,"[129, 0, 2, 30, 56, 71, 82, 102, 106, 125, 116, 127, 124, 116, 122, 107, 79, 68, 48, 26, 7, 2, 14, 6, 15, 44, 53, 76, 84, 113, 110, 125, 127, 123, 125, 97, 107, 70, 51, 25, 17, 4, 5, 9, 23, 68, 97, 106, 127, 119, 124, 119, 57, 51, 1, 0, 0, 33, 54, 72, 104, 127]","[0, 2, 30, 56, 71, 82, 102, 106, 125, 116, 127, 124, 116, 122, 107, 79, 68, 48, 26, 7, 2, 14, 6, 15, 44, 53, 76, 84, 113, 110, 125, 127, 123, 125, 97, 107, 70, 51, 25, 17, 4, 5, 9, 23, 68, 97, 106, 127, 119, 124, 119, 57, 51, 1, 0, 0, 33, 54, 72, 104, 127]"
In-Distribution,5,exact_guidance_u,126,0,62,61,"[129, 0, 2, 30, 56, 71, 82, 102, 106, 125, 116, 127, 124, 116, 122, 107, 79, 68, 48, 26, 7, 2, 14, 6, 15, 44, 53, 76, 84, 113, 110, 125, 127, 123, 125, 97, 107, 70, 51, 25, 17, 4, 5, 9, 23, 68, 97, 106, 127, 119, 124, 119, 57, 51, 1, 0, 0, 33, 54, 72, 104, 127]","[0, 2, 30, 56, 71, 82, 102, 106, 125, 116, 127, 124, 116, 122, 107, 79, 68, 48, 26, 7, 2, 14, 6, 15, 44, 53, 76, 84, 113, 110, 125, 127, 123, 125, 97, 107, 70, 51, 25, 17, 4, 5, 9, 23, 68, 97, 106, 127, 119, 124, 119, 57, 51, 1, 0, 0, 33, 54, 72, 104, 127]"
In-Distribution,5,exact_guidance_u,127,0,62,61,"[129, 0, 2, 30, 56, 71, 82, 102, 106, 125, 116, 127, 124, 116, 122, 107, 79, 68, 48, 26, 7, 2, 14, 6, 15, 44, 53, 76, 84, 113, 110, 125, 127, 123, 125, 97, 107, 70, 51, 25, 17, 4, 5, 9, 23, 68, 97, 106, 127, 119, 124, 119, 57, 51, 1, 0, 0, 33, 54, 72, 104, 127]","[0, 2, 30, 56, 71, 82, 102, 106, 125, 116, 127, 124, 116, 122, 107, 79, 68, 48, 26, 7, 2, 14, 6, 15, 44, 53, 76, 84, 113, 110, 125, 127, 123, 125, 97, 107, 70, 51, 25, 17, 4, 5, 9, 23, 68, 97, 106, 127, 119, 124, 119, 57, 51, 1, 0, 0, 33, 54, 72, 104, 127]"
In-Distribution,5,exact_guidance_u,128,0,62,61,"[129, 0, 2, 30, 56, 71, 82, 102, 106, 125, 116, 127, 124, 116, 122, 107, 79, 68, 48, 26, 7, 2, 14, 6, 15, 44, 53, 76, 84, 113, 110, 125, 127, 123, 125, 97, 107, 70, 51, 25, 17, 4, 5, 9, 23, 68, 97, 106, 127, 119, 124, 119, 57, 51, 1, 0, 0, 33, 54, 72, 104, 127]","[0, 2, 30, 56, 71, 82, 102, 106, 125, 116, 127, 124, 116, 122, 107, 79, 68, 48, 26, 7, 2, 14, 6, 15, 44, 53, 76, 84, 113, 110, 125, 127, 123, 125, 97, 107, 70, 51, 25, 17, 4, 5, 9, 23, 68, 97, 106, 127, 119, 124, 119, 57, 51, 1, 0, 0, 33, 54, 72, 104, 127]"
In-Distribution,5,exact_guidance_u,129,0,62,61,"[129, 0, 2, 30, 56, 71, 82, 102, 106, 125, 116, 127, 124, 116, 122, 107, 79, 68, 48, 26, 7, 2, 14, 6, 15, 44, 53, 76, 84, 113, 110, 125, 127, 123, 125, 97, 107, 70, 51, 25, 17, 4, 5, 9, 23, 68, 97, 106, 127, 119, 124, 119, 57, 51, 1, 0, 0, 33, 54, 72, 104, 127]","[0, 2, 30, 56, 71, 82, 102, 106, 125, 116, 127, 124, 116, 122, 107, 79, 68, 48, 26, 7, 2, 14, 6, 15, 44, 53, 76, 84, 113, 110, 125, 127, 123, 125, 97, 107, 70, 51, 25, 17, 4, 5, 9, 23, 68, 97, 106, 127, 119, 124, 119, 57, 51, 1, 0, 0, 33, 54, 72, 104, 127]"
In-Distribution,5,exact_guidance_u,130,0,62,61,"[129, 0, 2, 30, 56, 71, 82, 102, 106, 125, 116, 127, 124, 116, 122, 107, 79, 68, 48, 26, 7, 2, 14, 6, 15, 44, 53, 76, 84, 113, 110, 125, 127, 123, 125, 97, 107, 70, 51, 25, 17, 4, 5, 9, 23, 68, 97, 106, 127, 119, 124, 119, 57, 51, 1, 0, 0, 33, 54, 72, 104, 127]","[0, 2, 30, 56, 71, 82, 102, 106, 125, 116, 127, 124, 116, 122, 107, 79, 68, 48, 26, 7, 2, 14, 6, 15, 44, 53, 76, 84, 113, 110, 125, 127, 123, 125, 97, 107, 70, 51, 25, 17, 4, 5, 9, 23, 68, 97, 106, 127, 119, 124, 119, 57, 51, 1, 0, 0, 33, 54, 72, 104, 127]"
In-Distribution,5,exact_guidance_u,131,0,62,61,"[129, 0, 2, 30, 56, 71, 82, 102, 106, 125, 116, 127, 124, 116, 122, 107, 79, 68, 48, 26, 7, 2, 14, 6, 15, 44, 53, 76, 84, 113, 110, 125, 127, 123, 125, 97, 107, 70, 51, 25, 17, 4, 5, 9, 23, 68, 97, 106, 127, 119, 124, 119, 57, 51, 1, 0, 0, 33, 54, 72, 104, 127]","[0, 2, 30, 56, 71, 82, 102, 106, 125, 116, 127, 124, 116, 122, 107, 79, 68, 48, 26, 7, 2, 14, 6, 15, 44, 53, 76, 84, 113, 110, 125, 127, 123, 125, 97, 107, 70, 51, 25, 17, 4, 5, 9, 23, 68, 97, 106, 127, 119, 124, 119, 57, 51, 1, 0, 0, 33, 54, 72, 104, 127]"
In-Distribution,5,exact_guidance_u,132,0,63,62,"[129, 0, 2, 30, 56, 71, 82, 102, 106, 125, 116, 127, 124, 116, 122, 107, 79, 68, 48, 26, 7, 2, 14, 6, 15, 44, 53, 76, 84, 113, 110, 125, 127, 123, 125, 97, 107, 70, 51, 25, 17, 4, 5, 9, 23, 68, 97, 106, 127, 119, 124, 119, 81, 57, 51, 1, 0, 0, 33, 54, 72, 104, 127]","[0, 2, 30, 56, 71, 82, 102, 106, 125, 116, 127, 124, 116, 122, 107, 79, 68, 48, 26, 7, 2, 14, 6, 15, 44, 53, 76, 84, 113, 110, 125, 127, 123, 125, 97, 107, 70, 51, 25, 17, 4, 5, 9, 23, 68, 97, 106, 127, 119, 124, 119, 81, 57, 51, 1, 0, 0, 33, 54, 72, 104, 127]"
In-Distribution,5,exact_guidance_u,133,0,64,63,"[129, 0, 2, 30, 56, 71, 82, 102, 106, 125, 116, 127, 124, 116, 122, 107, 79, 68, 48, 26, 7, 2, 14, 6, 15, 44, 53, 76, 84, 113, 110, 125, 127, 123, 125, 97, 107, 70, 51, 25, 17, 4, 5, 9, 23, 68, 97, 106, 127, 119, 124, 119, 81, 57, 51, 1, 0, 0, 33, 54, 72, 97, 104, 127]","[0, 2, 30, 56, 71, 82, 102, 106, 125, 116, 127, 124, 116, 122, 107, 79, 68, 48, 26, 7, 2, 14, 6, 15, 44, 53, 76, 84, 113, 110, 125, 127, 123, 125, 97, 107, 70, 51, 25, 17, 4, 5, 9, 23, 68, 97, 106, 127, 119, 124, 119, 81, 57, 51, 1, 0, 0, 33, 54, 72, 97, 104, 127]"
In-Distribution,5,exact_guidance_u,134,0,65,64,"[129, 0, 2, 30, 56, 71, 82, 102, 106, 125, 116, 127, 124, 116, 122, 107, 79, 68, 48, 26, 7, 3, 2, 14, 6, 15, 44, 53, 76, 84, 113, 110, 125, 127, 123, 125, 97, 107, 70, 51, 25, 17, 4, 5, 9, 23, 68, 97, 106, 127, 119, 124, 119, 81, 57, 51, 1, 0, 0, 33, 54, 72, 97, 104, 127]","[0, 2, 30, 56, 71, 82, 102, 106, 125, 116, 127, 124, 116, 122, 107, 79, 68, 48, 26, 7, 3, 2, 14, 6, 15, 44, 53, 76, 84, 113, 110, 125, 127, 123, 125, 97, 107, 70, 51, 25, 17, 4, 5, 9, 23, 68, 97, 106, 127, 119, 124, 119, 81, 57, 51, 1, 0, 0, 33, 54, 72, 97, 104, 127]"
In-Distribution,5,exact_guidance_u,135,0,65,64,"[129, 0, 2, 30, 56, 71, 82, 102, 106, 125, 116, 127, 124, 116, 122, 107, 79, 68, 48, 26, 7, 3, 2, 14, 6, 15, 44, 53, 76, 84, 113, 110, 125, 127, 123, 125, 97, 107, 70, 51, 25, 17, 4, 5, 9, 23, 68, 97, 106, 127, 119, 124, 119, 81, 57, 51, 1, 0, 0, 33, 54, 72, 97, 104, 127]","[0, 2, 30, 56, 71, 82, 102, 106, 125, 116, 127, 124, 116, 122, 107, 79, 68, 48, 26, 7, 3, 2, 14, 6, 15, 44, 53, 76, 84, 113, 110, 125, 127, 123, 125, 97, 107, 70, 51, 25, 17, 4, 5, 9, 23, 68, 97, 106, 127, 119, 124, 119, 81, 57, 51, 1, 0, 0, 33, 54, 72, 97, 104, 127]"
In-Distribution,5,exact_guidance_u,136,0,65,64,"[129, 0, 2, 30, 56, 71, 82, 102, 106, 125, 116, 127, 124, 116, 122, 107, 79, 68, 48, 26, 7, 3, 2, 14, 6, 15, 44, 53, 76, 84, 113, 110, 125, 127, 123, 125, 97, 107, 70, 51, 25, 17, 4, 5, 9, 23, 68, 97, 106, 127, 119, 124, 119, 81, 57, 51, 1, 0, 0, 33, 54, 72, 97, 104, 127]","[0, 2, 30, 56, 71, 82, 102, 106, 125, 116, 127, 124, 116, 122, 107, 79, 68, 48, 26, 7, 3, 2, 14, 6, 15, 44, 53, 76, 84, 113, 110, 125, 127, 123, 125, 97, 107, 70, 51, 25, 17, 4, 5, 9, 23, 68, 97, 106, 127, 119, 124, 119, 81, 57, 51, 1, 0, 0, 33, 54, 72, 97, 104, 127]"
In-Distribution,5,exact_guidance_u,137,0,65,64,"[129, 0, 2, 30, 56, 71, 82, 102, 106, 125, 116, 127, 124, 116, 122, 107, 79, 68, 48, 26, 7, 3, 2, 14, 6, 15, 44, 53, 76, 84, 113, 110, 125, 127, 123, 125, 97, 107, 70, 51, 25, 17, 4, 5, 9, 23, 68, 97, 106, 127, 119, 124, 119, 81, 57, 51, 1, 0, 0, 33, 54, 72, 97, 104, 127]","[0, 2, 30, 56, 71, 82, 102, 106, 125, 116, 127, 124, 116, 122, 107, 79, 68, 48, 26, 7, 3, 2, 14, 6, 15, 44, 53, 76, 84, 113, 110, 125, 127, 123, 125, 97, 107, 70, 51, 25, 17, 4, 5, 9, 23, 68, 97, 106, 127, 119, 124, 119, 81, 57, 51, 1, 0, 0, 33, 54, 72, 97, 104, 127]"
In-Distribution,5,exact_guidance_u,138,0,65,64,"[129, 0, 2, 30, 56, 71, 82, 102, 106, 125, 116, 127, 124, 116, 122, 107, 79, 68, 48, 26, 7, 3, 2, 14, 6, 15, 44, 53, 76, 84, 113, 110, 125, 127, 123, 125, 97, 107, 70, 51, 25, 17, 4, 5, 9, 23, 68, 97, 106, 127, 119, 124, 119, 81, 57, 51, 1, 0, 0, 33, 54, 72, 97, 104, 127]","[0, 2, 30, 56, 71, 82, 102, 106, 125, 116, 127, 124, 116, 122, 107, 79, 68, 48, 26, 7, 3, 2, 14, 6, 15, 44, 53, 76, 84, 113, 110, 125, 127, 123, 125, 97, 107, 70, 51, 25, 17, 4, 5, 9, 23, 68, 97, 106, 127, 119, 124, 119, 81, 57, 51, 1, 0, 0, 33, 54, 72, 97, 104, 127]"
In-Distribution,5,exact_guidance_u,139,0,65,64,"[129, 0, 2, 30, 56, 71, 82, 102, 106, 125, 116, 127, 124, 116, 122, 107, 79, 68, 48, 26, 7, 3, 2, 14, 6, 15, 44, 53, 76, 84, 113, 110, 125, 127, 123, 125, 97, 107, 70, 51, 25, 17, 4, 5, 9, 23, 68, 97, 106, 127, 119, 124, 119, 81, 57, 51, 1, 0, 0, 33, 54, 72, 97, 104, 127]","[0, 2, 30, 56, 71, 82, 102, 106, 125, 116, 127, 124, 116, 122, 107, 79, 68, 48, 26, 7, 3, 2, 14, 6, 15, 44, 53, 76, 84, 113, 110, 125, 127, 123, 125, 97, 107, 70, 51, 25, 17, 4, 5, 9, 23, 68, 97, 106, 127, 119, 124, 119, 81, 57, 51, 1, 0, 0, 33, 54, 72, 97, 104, 127]"
In-Distribution,5,exact_guidance_u,140,0,65,64,"[129, 0, 2, 30, 56, 71, 82, 102, 106, 125, 116, 127, 124, 116, 122, 107, 79, 68, 48, 26, 7, 3, 2, 14, 6, 15, 44, 53, 76, 84, 113, 110, 125, 127, 123, 125, 97, 107, 70, 51, 25, 17, 4, 5, 9, 23, 68, 97, 106, 127, 119, 124, 119, 81, 57, 51, 1, 0, 0, 33, 54, 72, 97, 104, 127]","[0, 2, 30, 56, 71, 82, 102, 106, 125, 116, 127, 124, 116, 122, 107, 79, 68, 48, 26, 7, 3, 2, 14, 6, 15, 44, 53, 76, 84, 113, 110, 125, 127, 123, 125, 97, 107, 70, 51, 25, 17, 4, 5, 9, 23, 68, 97, 106, 127, 119, 124, 119, 81, 57, 51, 1, 0, 0, 33, 54, 72, 97, 104, 127]"
In-Distribution,5,exact_guidance_u,141,0,66,65,"[129, 0, 2, 30, 56, 71, 82, 102, 106, 125, 116, 127, 124, 116, 122, 107, 79, 68, 48, 26, 7, 6, 3, 2, 14, 6, 15, 44, 53, 76, 84, 113, 110, 125, 127, 123, 125, 97, 107, 70, 51, 25, 17, 4, 5, 9, 23, 68, 97, 106, 127, 119, 124, 119, 81, 57, 51, 1, 0, 0, 33, 54, 72, 97, 104, 127]","[0, 2, 30, 56, 71, 82, 102, 106, 125, 116, 127, 124, 116, 122, 107, 79, 68, 48, 26, 7, 6, 3, 2, 14, 6, 15, 44, 53, 76, 84, 113, 110, 125, 127, 123, 125, 97, 107, 70, 51, 25, 17, 4, 5, 9, 23, 68, 97, 106, 127, 119, 124, 119, 81, 57, 51, 1, 0, 0, 33, 54, 72, 97, 104, 127]"
In-Distribution,5,exact_guidance_u,142,0,66,65,"[129, 0, 2, 30, 56, 71, 82, 102, 106, 125, 116, 127, 124, 116, 122, 107, 79, 68, 48, 26, 7, 6, 3, 2, 14, 6, 15, 44, 53, 76, 84, 113, 110, 125, 127, 123, 125, 97, 107, 70, 51, 25, 17, 4, 5, 9, 23, 68, 97, 106, 127, 119, 124, 119, 81, 57, 51, 1, 0, 0, 33, 54, 72, 97, 104, 127]","[0, 2, 30, 56, 71, 82, 102, 106, 125, 116, 127, 124, 116, 122, 107, 79, 68, 48, 26, 7, 6, 3, 2, 14, 6, 15, 44, 53, 76, 84, 113, 110, 125, 127, 123, 125, 97, 107, 70, 51, 25, 17, 4, 5, 9, 23, 68, 97, 106, 127, 119, 124, 119, 81, 57, 51, 1, 0, 0, 33, 54, 72, 97, 104, 127]"
In-Distribution,5,exact_guidance_u,143,0,67,66,"[129, 0, 2, 30, 56, 71, 82, 102, 106, 125, 116, 127, 124, 116, 122, 107, 79, 68, 48, 26, 7, 6, 3, 2, 14, 6, 15, 44, 53, 76, 84, 113, 110, 125, 127, 123, 125, 97, 107, 70, 51, 25, 17, 12, 4, 5, 9, 23, 68, 97, 106, 127, 119, 124, 119, 81, 57, 51, 1, 0, 0, 33, 54, 72, 97, 104, 127]","[0, 2, 30, 56, 71, 82, 102, 106, 125, 116, 127, 124, 116, 122, 107, 79, 68, 48, 26, 7, 6, 3, 2, 14, 6, 15, 44, 53, 76, 84, 113, 110, 125, 127, 123, 125, 97, 107, 70, 51, 25, 17, 12, 4, 5, 9, 23, 68, 97, 106, 127, 119, 124, 119, 81, 57, 51, 1, 0, 0, 33, 54, 72, 97, 104, 127]"
In-Distribution,5,exact_guidance_u,144,0,67,66,"[129, 0, 2, 30, 56, 71, 82, 102, 106, 125, 116, 127, 124, 116, 122, 107, 79, 68, 48, 26, 7, 6, 3, 2, 14, 6, 15, 44, 53, 76, 84, 113, 110, 125, 127, 123, 125, 97, 107, 70, 51, 25, 17, 12, 4, 5, 9, 23, 68, 97, 106, 127, 119, 124, 119, 81, 57, 51, 1, 0, 0, 33, 54, 72, 97, 104, 127]","[0, 2, 30, 56, 71, 82, 102, 106, 125, 116, 127, 124, 116, 122, 107, 79, 68, 48, 26, 7, 6, 3, 2, 14, 6, 15, 44, 53, 76, 84, 113, 110, 125, 127, 123, 125, 97, 107, 70, 51, 25, 17, 12, 4, 5, 9, 23, 68, 97, 106, 127, 119, 124, 119, 81, 57, 51, 1, 0, 0, 33, 54, 72, 97, 104, 127]"
In-Distribution,5,exact_guidance_u,145,0,67,66,"[129, 0, 2, 30, 56, 71, 82, 102, 106, 125, 116, 127, 124, 116, 122, 107, 79, 68, 48, 26, 7, 6, 3, 2, 14, 6, 15, 44, 53, 76, 84, 113, 110, 125, 127, 123, 125, 97, 107, 70, 51, 25, 17, 12, 4, 5, 9, 23, 68, 97, 106, 127, 119, 124, 119, 81, 57, 51, 1, 0, 0, 33, 54, 72, 97, 104, 127]","[0, 2, 30, 56, 71, 82, 102, 106, 125, 116, 127, 124, 116, 122, 107, 79, 68, 48, 26, 7, 6, 3, 2, 14, 6, 15, 44, 53, 76, 84, 113, 110, 125, 127, 123, 125, 97, 107, 70, 51, 25, 17, 12, 4, 5, 9, 23, 68, 97, 106, 127, 119, 124, 119, 81, 57, 51, 1, 0, 0, 33, 54, 72, 97, 104, 127]"
In-Distribution,5,exact_guidance_u,146,0,67,66,"[129, 0, 2, 30, 56, 71, 82, 102, 106, 125, 116, 127, 124, 116, 122, 107, 79, 68, 48, 26, 7, 6, 3, 2, 14, 6, 15, 44, 53, 76, 84, 113, 110, 125, 127, 123, 125, 97, 107, 70, 51, 25, 17, 12, 4, 5, 9, 23, 68, 97, 106, 127, 119, 124, 119, 81, 57, 51, 1, 0, 0, 33, 54, 72, 97, 104, 127]","[0, 2, 30, 56, 71, 82, 102, 106, 125, 116, 127, 124, 116, 122, 107, 79, 68, 48, 26, 7, 6, 3, 2, 14, 6, 15, 44, 53, 76, 84, 113, 110, 125, 127, 123, 125, 97, 107, 70, 51, 25, 17, 12, 4, 5, 9, 23, 68, 97, 106, 127, 119, 124, 119, 81, 57, 51, 1, 0, 0, 33, 54, 72, 97, 104, 127]"
In-Distribution,5,exact_guidance_u,147,0,67,66,"[129, 0, 2, 30, 56, 71, 82, 102, 106, 125, 116, 127, 124, 116, 122, 107, 79, 68, 48, 26, 7, 6, 3, 2, 14, 6, 15, 44, 53, 76, 84, 113, 110, 125, 127, 123, 125, 97, 107, 70, 51, 25, 17, 12, 4, 5, 9, 23, 68, 97, 106, 127, 119, 124, 119, 81, 57, 51, 1, 0, 0, 33, 54, 72, 97, 104, 127]","[0, 2, 30, 56, 71, 82, 102, 106, 125, 116, 127, 124, 116, 122, 107, 79, 68, 48, 26, 7, 6, 3, 2, 14, 6, 15, 44, 53, 76, 84, 113, 110, 125, 127, 123, 125, 97, 107, 70, 51, 25, 17, 12, 4, 5, 9, 23, 68, 97, 106, 127, 119, 124, 119, 81, 57, 51, 1, 0, 0, 33, 54, 72, 97, 104, 127]"
In-Distribution,5,exact_guidance_u,148,0,67,66,"[129, 0, 2, 30, 56, 71, 82, 102, 106, 125, 116, 127, 124, 116, 122, 107, 79, 68, 48, 26, 7, 6, 3, 2, 14, 6, 15, 44, 53, 76, 84, 113, 110, 125, 127, 123, 125, 97, 107, 70, 51, 25, 17, 12, 4, 5, 9, 23, 68, 97, 106, 127, 119, 124, 119, 81, 57, 51, 1, 0, 0, 33, 54, 72, 97, 104, 127]","[0, 2, 30, 56, 71, 82, 102, 106, 125, 116, 127, 124, 116, 122, 107, 79, 68, 48, 26, 7, 6, 3, 2, 14, 6, 15, 44, 53, 76, 84, 113, 110, 125, 127, 123, 125, 97, 107, 70, 51, 25, 17, 12, 4, 5, 9, 23, 68, 97, 106, 127, 119, 124, 119, 81, 57, 51, 1, 0, 0, 33, 54, 72, 97, 104, 127]"
In-Distribution,5,exact_guidance_u,149,0,67,66,"[129, 0, 2, 30, 56, 71, 82, 102, 106, 125, 116, 127, 124, 116, 122, 107, 79, 68, 48, 26, 7, 6, 3, 2, 14, 6, 15, 44, 53, 76, 84, 113, 110, 125, 127, 123, 125, 97, 107, 70, 51, 25, 17, 12, 4, 5, 9, 23, 68, 97, 106, 127, 119, 124, 119, 81, 57, 51, 1, 0, 0, 33, 54, 72, 97, 104, 127]","[0, 2, 30, 56, 71, 82, 102, 106, 125, 116, 127, 124, 116, 122, 107, 79, 68, 48, 26, 7, 6, 3, 2, 14, 6, 15, 44, 53, 76, 84, 113, 110, 125, 127, 123, 125, 97, 107, 70, 51, 25, 17, 12, 4, 5, 9, 23, 68, 97, 106, 127, 119, 124, 119, 81, 57, 51, 1, 0, 0, 33, 54, 72, 97, 104, 127]"
In-Distribution,5,exact_guidance_u,150,0,67,66,"[129, 0, 2, 30, 56, 71, 82, 102, 106, 125, 116, 127, 124, 116, 122, 107, 79, 68, 48, 26, 7, 6, 3, 2, 14, 6, 15, 44, 53, 76, 84, 113, 110, 125, 127, 123, 125, 97, 107, 70, 51, 25, 17, 12, 4, 5, 9, 23, 68, 97, 106, 127, 119, 124, 119, 81, 57, 51, 1, 0, 0, 33, 54, 72, 97, 104, 127]","[0, 2, 30, 56, 71, 82, 102, 106, 125, 116, 127, 124, 116, 122, 107, 79, 68, 48, 26, 7, 6, 3, 2, 14, 6, 15, 44, 53, 76, 84, 113, 110, 125, 127, 123, 125, 97, 107, 70, 51, 25, 17, 12, 4, 5, 9, 23, 68, 97, 106, 127, 119, 124, 119, 81, 57, 51, 1, 0, 0, 33, 54, 72, 97, 104, 127]"
In-Distribution,5,exact_guidance_u,151,0,67,66,"[129, 0, 2, 30, 56, 71, 82, 102, 106, 125, 116, 127, 124, 116, 122, 107, 79, 68, 48, 26, 7, 6, 3, 2, 14, 6, 15, 44, 53, 76, 84, 113, 110, 125, 127, 123, 125, 97, 107, 70, 51, 25, 17, 12, 4, 5, 9, 23, 68, 97, 106, 127, 119, 124, 119, 81, 57, 51, 1, 0, 0, 33, 54, 72, 97, 104, 127]","[0, 2, 30, 56, 71, 82, 102, 106, 125, 116, 127, 124, 116, 122, 107, 79, 68, 48, 26, 7, 6, 3, 2, 14, 6, 15, 44, 53, 76, 84, 113, 110, 125, 127, 123, 125, 97, 107, 70, 51, 25, 17, 12, 4, 5, 9, 23, 68, 97, 106, 127, 119, 124, 119, 81, 57, 51, 1, 0, 0, 33, 54, 72, 97, 104, 127]"
In-Distribution,5,exact_guidance_u,152,0,68,67,"[129, 0, 2, 30, 56, 71, 82, 102, 106, 125, 116, 127, 124, 116, 122, 107, 79, 68, 48, 26, 7, 6, 3, 2, 14, 6, 15, 44, 53, 76, 84, 113, 110, 125, 127, 123, 125, 97, 107, 70, 51, 25, 17, 12, 4, 5, 9, 23, 68, 97, 106, 127, 119, 124, 119, 81, 57, 51, 4, 1, 0, 0, 33, 54, 72, 97, 104, 127]","[0, 2, 30, 56, 71, 82, 102, 106, 125, 116, 127, 124, 116, 122, 107, 79, 68, 48, 26, 7, 6, 3, 2, 14, 6, 15, 44, 53, 76, 84, 113, 110, 125, 127, 123, 125, 97, 107, 70, 51, 25, 17, 12, 4, 5, 9, 23, 68, 97, 106, 127, 119, 124, 119, 81, 57, 51, 4, 1, 0, 0, 33, 54, 72, 97, 104, 127]"
In-Distribution,5,exact_guidance_u,153,0,68,67,"[129, 0, 2, 30, 56, 71, 82, 102, 106, 125, 116, 127, 124, 116, 122, 107, 79, 68, 48, 26, 7, 6, 3, 2, 14, 6, 15, 44, 53, 76, 84, 113, 110, 125, 127, 123, 125, 97, 107, 70, 51, 25, 17, 12, 4, 5, 9, 23, 68, 97, 106, 127, 119, 124, 119, 81, 57, 51, 4, 1, 0, 0, 33, 54, 72, 97, 104, 127]","[0, 2, 30, 56, 71, 82, 102, 106, 125, 116, 127, 124, 116, 122, 107, 79, 68, 48, 26, 7, 6, 3, 2, 14, 6, 15, 44, 53, 76, 84, 113, 110, 125, 127, 123, 125, 97, 107, 70, 51, 25, 17, 12, 4, 5, 9, 23, 68, 97, 106, 127, 119, 124, 119, 81, 57, 51, 4, 1, 0, 0, 33, 54, 72, 97, 104, 127]"
In-Distribution,5,exact_guidance_u,154,0,68,67,"[129, 0, 2, 30, 56, 71, 82, 102, 106, 125, 116, 127, 124, 116, 122, 107, 79, 68, 48, 26, 7, 6, 3, 2, 14, 6, 15, 44, 53, 76, 84, 113, 110, 125, 127, 123, 125, 97, 107, 70, 51, 25, 17, 12, 4, 5, 9, 23, 68, 97, 106, 127, 119, 124, 119, 81, 57, 51, 4, 1, 0, 0, 33, 54, 72, 97, 104, 127]","[0, 2, 30, 56, 71, 82, 102, 106, 125, 116, 127, 124, 116, 122, 107, 79, 68, 48, 26, 7, 6, 3, 2, 14, 6, 15, 44, 53, 76, 84, 113, 110, 125, 127, 123, 125, 97, 107, 70, 51, 25, 17, 12, 4, 5, 9, 23, 68, 97, 106, 127, 119, 124, 119, 81, 57, 51, 4, 1, 0, 0, 33, 54, 72, 97, 104, 127]"
In-Distribution,5,exact_guidance_u,155,0,69,68,"[129, 0, 2, 30, 56, 71, 82, 102, 106, 125, 116, 127, 124, 116, 122, 107, 79, 68, 48, 26, 7, 6, 3, 2, 14, 6, 15, 44, 53, 76, 84, 113, 110, 125, 127, 123, 125, 97, 107, 70, 51, 25, 17, 12, 4, 5, 9, 23, 68, 97, 106, 127, 119, 124, 127, 119, 81, 57, 51, 4, 1, 0, 0, 33, 54, 72, 97, 104, 127]","[0, 2, 30, 56, 71, 82, 102, 106, 125, 116, 127, 124, 116, 122, 107, 79, 68, 48, 26, 7, 6, 3, 2, 14, 6, 15, 44, 53, 76, 84, 113, 110, 125, 127, 123, 125, 97, 107, 70, 51, 25, 17, 12, 4, 5, 9, 23, 68, 97, 106, 127, 119, 124, 127, 119, 81, 57, 51, 4, 1, 0, 0, 33, 54, 72, 97, 104, 127]"
In-Distribution,5,exact_guidance_u,156,0,69,68,"[129, 0, 2, 30, 56, 71, 82, 102, 106, 125, 116, 127, 124, 116, 122, 107, 79, 68, 48, 26, 7, 6, 3, 2, 14, 6, 15, 44, 53, 76, 84, 113, 110, 125, 127, 123, 125, 97, 107, 70, 51, 25, 17, 12, 4, 5, 9, 23, 68, 97, 106, 127, 119, 124, 127, 119, 81, 57, 51, 4, 1, 0, 0, 33, 54, 72, 97, 104, 127]","[0, 2, 30, 56, 71, 82, 102, 106, 125, 116, 127, 124, 116, 122, 107, 79, 68, 48, 26, 7, 6, 3, 2, 14, 6, 15, 44, 53, 76, 84, 113, 110, 125, 127, 123, 125, 97, 107, 70, 51, 25, 17, 12, 4, 5, 9, 23, 68, 97, 106, 127, 119, 124, 127, 119, 81, 57, 51, 4, 1, 0, 0, 33, 54, 72, 97, 104, 127]"
In-Distribution,5,exact_guidance_u,157,0,69,68,"[129, 0, 2, 30, 56, 71, 82, 102, 106, 125, 116, 127, 124, 116, 122, 107, 79, 68, 48, 26, 7, 6, 3, 2, 14, 6, 15, 44, 53, 76, 84, 113, 110, 125, 127, 123, 125, 97, 107, 70, 51, 25, 17, 12, 4, 5, 9, 23, 68, 97, 106, 127, 119, 124, 127, 119, 81, 57, 51, 4, 1, 0, 0, 33, 54, 72, 97, 104, 127]","[0, 2, 30, 56, 71, 82, 102, 106, 125, 116, 127, 124, 116, 122, 107, 79, 68, 48, 26, 7, 6, 3, 2, 14, 6, 15, 44, 53, 76, 84, 113, 110, 125, 127, 123, 125, 97, 107, 70, 51, 25, 17, 12, 4, 5, 9, 23, 68, 97, 106, 127, 119, 124, 127, 119, 81, 57, 51, 4, 1, 0, 0, 33, 54, 72, 97, 104, 127]"
In-Distribution,5,exact_guidance_u,158,0,69,68,"[129, 0, 2, 30, 56, 71, 82, 102, 106, 125, 116, 127, 124, 116, 122, 107, 79, 68, 48, 26, 7, 6, 3, 2, 14, 6, 15, 44, 53, 76, 84, 113, 110, 125, 127, 123, 125, 97, 107, 70, 51, 25, 17, 12, 4, 5, 9, 23, 68, 97, 106, 127, 119, 124, 127, 119, 81, 57, 51, 4, 1, 0, 0, 33, 54, 72, 97, 104, 127]","[0, 2, 30, 56, 71, 82, 102, 106, 125, 116, 127, 124, 116, 122, 107, 79, 68, 48, 26, 7, 6, 3, 2, 14, 6, 15, 44, 53, 76, 84, 113, 110, 125, 127, 123, 125, 97, 107, 70, 51, 25, 17, 12, 4, 5, 9, 23, 68, 97, 106, 127, 119, 124, 127, 119, 81, 57, 51, 4, 1, 0, 0, 33, 54, 72, 97, 104, 127]"
In-Distribution,5,exact_guidance_u,159,0,70,69,"[129, 0, 2, 30, 56, 71, 82, 102, 106, 125, 116, 127, 124, 116, 122, 107, 79, 68, 48, 26, 7, 6, 3, 2, 14, 6, 15, 44, 53, 76, 84, 113, 110, 125, 127, 123, 125, 97, 107, 70, 51, 25, 17, 12, 4, 5, 9, 23, 68, 97, 106, 127, 119, 124, 127, 119, 81, 57, 51, 4, 1, 0, 0, 33, 54, 72, 97, 104, 127, 127]","[0, 2, 30, 56, 71, 82, 102, 106, 125, 116, 127, 124, 116, 122, 107, 79, 68, 48, 26, 7, 6, 3, 2, 14, 6, 15, 44, 53, 76, 84, 113, 110, 125, 127, 123, 125, 97, 107, 70, 51, 25, 17, 12, 4, 5, 9, 23, 68, 97, 106, 127, 119, 124, 127, 119, 81, 57, 51, 4, 1, 0, 0, 33, 54, 72, 97, 104, 127, 127]"
In-Distribution,5,exact_guidance_u,160,0,70,69,"[129, 0, 2, 30, 56, 71, 82, 102, 106, 125, 116, 127, 124, 116, 122, 107, 79, 68, 48, 26, 7, 6, 3, 2, 14, 6, 15, 44, 53, 76, 84, 113, 110, 125, 127, 123, 125, 97, 107, 70, 51, 25, 17, 12, 4, 5, 9, 23, 68, 97, 106, 127, 119, 124, 127, 119, 81, 57, 51, 4, 1, 0, 0, 33, 54, 72, 97, 104, 127, 127]","[0, 2, 30, 56, 71, 82, 102, 106, 125, 116, 127, 124, 116, 122, 107, 79, 68, 48, 26, 7, 6, 3, 2, 14, 6, 15, 44, 53, 76, 84, 113, 110, 125, 127, 123, 125, 97, 107, 70, 51, 25, 17, 12, 4, 5, 9, 23, 68, 97, 106, 127, 119, 124, 127, 119, 81, 57, 51, 4, 1, 0, 0, 33, 54, 72, 97, 104, 127, 127]"
In-Distribution,5,exact_guidance_u,161,0,71,70,"[129, 0, 2, 30, 56, 71, 82, 102, 106, 125, 116, 127, 124, 116, 122, 107, 79, 68, 48, 26, 7, 6, 3, 2, 14, 6, 15, 44, 53, 76, 84, 113, 110, 125, 127, 123, 125, 97, 107, 78, 70, 51, 25, 17, 12, 4, 5, 9, 23, 68, 97, 106, 127, 119, 124, 127, 119, 81, 57, 51, 4, 1, 0, 0, 33, 54, 72, 97, 104, 127, 127]","[0, 2, 30, 56, 71, 82, 102, 106, 125, 116, 127, 124, 116, 122, 107, 79, 68, 48, 26, 7, 6, 3, 2, 14, 6, 15, 44, 53, 76, 84, 113, 110, 125, 127, 123, 125, 97, 107, 78, 70, 51, 25, 17, 12, 4, 5, 9, 23, 68, 97, 106, 127, 119, 124, 127, 119, 81, 57, 51, 4, 1, 0, 0, 33, 54, 72, 97, 104, 127, 127]"
In-Distribution,5,exact_guidance_u,162,0,71,70,"[129, 0, 2, 30, 56, 71, 82, 102, 106, 125, 116, 127, 124, 116, 122, 107, 79, 68, 48, 26, 7, 6, 3, 2, 14, 6, 15, 44, 53, 76, 84, 113, 110, 125, 127, 123, 125, 97, 107, 78, 70, 51, 25, 17, 12, 4, 5, 9, 23, 68, 97, 106, 127, 119, 124, 127, 119, 81, 57, 51, 4, 1, 0, 0, 33, 54, 72, 97, 104, 127, 127]","[0, 2, 30, 56, 71, 82, 102, 106, 125, 116, 127, 124, 116, 122, 107, 79, 68, 48, 26, 7, 6, 3, 2, 14, 6, 15, 44, 53, 76, 84, 113, 110, 125, 127, 123, 125, 97, 107, 78, 70, 51, 25, 17, 12, 4, 5, 9, 23, 68, 97, 106, 127, 119, 124, 127, 119, 81, 57, 51, 4, 1, 0, 0, 33, 54, 72, 97, 104, 127, 127]"
In-Distribution,5,exact_guidance_u,163,0,72,71,"[129, 0, 2, 30, 56, 71, 82, 102, 106, 125, 116, 127, 124, 116, 122, 107, 79, 68, 48, 26, 7, 6, 3, 2, 14, 6, 15, 44, 53, 76, 84, 113, 110, 125, 127, 123, 125, 97, 107, 78, 70, 51, 25, 17, 12, 4, 5, 9, 23, 40, 68, 97, 106, 127, 119, 124, 127, 119, 81, 57, 51, 4, 1, 0, 0, 33, 54, 72, 97, 104, 127, 127]","[0, 2, 30, 56, 71, 82, 102, 106, 125, 116, 127, 124, 116, 122, 107, 79, 68, 48, 26, 7, 6, 3, 2, 14, 6, 15, 44, 53, 76, 84, 113, 110, 125, 127, 123, 125, 97, 107, 78, 70, 51, 25, 17, 12, 4, 5, 9, 23, 40, 68, 97, 106, 127, 119, 124, 127, 119, 81, 57, 51, 4, 1, 0, 0, 33, 54, 72, 97, 104, 127, 127]"
In-Distribution,5,exact_guidance_u,164,0,72,71,"[129, 0, 2, 30, 56, 71, 82, 102, 106, 125, 116, 127, 124, 116, 122, 107, 79, 68, 48, 26, 7, 6, 3, 2, 14, 6, 15, 44, 53, 76, 84, 113, 110, 125, 127, 123, 125, 97, 107, 78, 70, 51, 25, 17, 12, 4, 5, 9, 23, 40, 68, 97, 106, 127, 119, 124, 127, 119, 81, 57, 51, 4, 1, 0, 0, 33, 54, 72, 97, 104, 127, 127]","[0, 2, 30, 56, 71, 82, 102, 106, 125, 116, 127, 124, 116, 122, 107, 79, 68, 48, 26, 7, 6, 3, 2, 14, 6, 15, 44, 53, 76, 84, 113, 110, 125, 127, 123, 125, 97, 107, 78, 70, 51, 25, 17, 12, 4, 5, 9, 23, 40, 68, 97, 106, 127, 119, 124, 127, 119, 81, 57, 51, 4, 1, 0, 0, 33, 54, 72, 97, 104, 127, 127]"
In-Distribution,5,exact_guidance_u,165,0,73,72,"[129, 0, 2, 30, 30, 56, 71, 82, 102, 106, 125, 116, 127, 124, 116, 122, 107, 79, 68, 48, 26, 7, 6, 3, 2, 14, 6, 15, 44, 53, 76, 84, 113, 110, 125, 127, 123, 125, 97, 107, 78, 70, 51, 25, 17, 12, 4, 5, 9, 23, 40, 68, 97, 106, 127, 119, 124, 127, 119, 81, 57, 51, 4, 1, 0, 0, 33, 54, 72, 97, 104, 127, 127]","[0, 2, 30, 30, 56, 71, 82, 102, 106, 125, 116, 127, 124, 116, 122, 107, 79, 68, 48, 26, 7, 6, 3, 2, 14, 6, 15, 44, 53, 76, 84, 113, 110, 125, 127, 123, 125, 97, 107, 78, 70, 51, 25, 17, 12, 4, 5, 9, 23, 40, 68, 97, 106, 127, 119, 124, 127, 119, 81, 57, 51, 4, 1, 0, 0, 33, 54, 72, 97, 104, 127, 127]"
In-Distribution,5,exact_guidance_u,166,0,73,72,"[129, 0, 2, 30, 30, 56, 71, 82, 102, 106, 125, 116, 127, 124, 116, 122, 107, 79, 68, 48, 26, 7, 6, 3, 2, 14, 6, 15, 44, 53, 76, 84, 113, 110, 125, 127, 123, 125, 97, 107, 78, 70, 51, 25, 17, 12, 4, 5, 9, 23, 40, 68, 97, 106, 127, 119, 124, 127, 119, 81, 57, 51, 4, 1, 0, 0, 33, 54, 72, 97, 104, 127, 127]","[0, 2, 30, 30, 56, 71, 82, 102, 106, 125, 116, 127, 124, 116, 122, 107, 79, 68, 48, 26, 7, 6, 3, 2, 14, 6, 15, 44, 53, 76, 84, 113, 110, 125, 127, 123, 125, 97, 107, 78, 70, 51, 25, 17, 12, 4, 5, 9, 23, 40, 68, 97, 106, 127, 119, 124, 127, 119, 81, 57, 51, 4, 1, 0, 0, 33, 54, 72, 97, 104, 127, 127]"
In-Distribution,5,exact_guidance_u,167,0,73,72,"[129, 0, 2, 30, 30, 56, 71, 82, 102, 106, 125, 116, 127, 124, 116, 122, 107, 79, 68, 48, 26, 7, 6, 3, 2, 14, 6, 15, 44, 53, 76, 84, 113, 110, 125, 127, 123, 125, 97, 107, 78, 70, 51, 25, 17, 12, 4, 5, 9, 23, 40, 68, 97, 106, 127, 119, 124, 127, 119, 81, 57, 51, 4, 1, 0, 0, 33, 54, 72, 97, 104, 127, 127]","[0, 2, 30, 30, 56, 71, 82, 102, 106, 125, 116, 127, 124, 116, 122, 107, 79, 68, 48, 26, 7, 6, 3, 2, 14, 6, 15, 44, 53, 76, 84, 113, 110, 125, 127, 123, 125, 97, 107, 78, 70, 51, 25, 17, 12, 4, 5, 9, 23, 40, 68, 97, 106, 127, 119, 124, 127, 119, 81, 57, 51, 4, 1, 0, 0, 33, 54, 72, 97, 104, 127, 127]"
In-Distribution,5,exact_guidance_u,168,0,74,73,"[129, 0, 2, 30, 30, 56, 71, 82, 102, 106, 125, 116, 127, 124, 116, 122, 107, 79, 68, 48, 26, 21, 7, 6, 3, 2, 14, 6, 15, 44, 53, 76, 84, 113, 110, 125, 127, 123, 125, 97, 107, 78, 70, 51, 25, 17, 12, 4, 5, 9, 23, 40, 68, 97, 106, 127, 119, 124, 127, 119, 81, 57, 51, 4, 1, 0, 0, 33, 54, 72, 97, 104, 127, 127]","[0, 2, 30, 30, 56, 71, 82, 102, 106, 125, 116, 127, 124, 116, 122, 107, 79, 68, 48, 26, 21, 7, 6, 3, 2, 14, 6, 15, 44, 53, 76, 84, 113, 110, 125, 127, 123, 125, 97, 107, 78, 70, 51, 25, 17, 12, 4, 5, 9, 23, 40, 68, 97, 106, 127, 119, 124, 127, 119, 81, 57, 51, 4, 1, 0, 0, 33, 54, 72, 97, 104, 127, 127]"
In-Distribution,5,exact_guidance_u,169,0,74,73,"[129, 0, 2, 30, 30, 56, 71, 82, 102, 106, 125, 116, 127, 124, 116, 122, 107, 79, 68, 48, 26, 21, 7, 6, 3, 2, 14, 6, 15, 44, 53, 76, 84, 113, 110, 125, 127, 123, 125, 97, 107, 78, 70, 51, 25, 17, 12, 4, 5, 9, 23, 40, 68, 97, 106, 127, 119, 124, 127, 119, 81, 57, 51, 4, 1, 0, 0, 33, 54, 72, 97, 104, 127, 127]","[0, 2, 30, 30, 56, 71, 82, 102, 106, 125, 116, 127, 124, 116, 122, 107, 79, 68, 48, 26, 21, 7, 6, 3, 2, 14, 6, 15, 44, 53, 76, 84, 113, 110, 125, 127, 123, 125, 97, 107, 78, 70, 51, 25, 17, 12, 4, 5, 9, 23, 40, 68, 97, 106, 127, 119, 124, 127, 119, 81, 57, 51, 4, 1, 0, 0, 33, 54, 72, 97, 104, 127, 127]"
In-Distribution,5,exact_guidance_u,170,0,74,73,"[129, 0, 2, 30, 30, 56, 71, 82, 102, 106, 125, 116, 127, 124, 116, 122, 107, 79, 68, 48, 26, 21, 7, 6, 3, 2, 14, 6, 15, 44, 53, 76, 84, 113, 110, 125, 127, 123, 125, 97, 107, 78, 70, 51, 25, 17, 12, 4, 5, 9, 23, 40, 68, 97, 106, 127, 119, 124, 127, 119, 81, 57, 51, 4, 1, 0, 0, 33, 54, 72, 97, 104, 127, 127]","[0, 2, 30, 30, 56, 71, 82, 102, 106, 125, 116, 127, 124, 116, 122, 107, 79, 68, 48, 26, 21, 7, 6, 3, 2, 14, 6, 15, 44, 53, 76, 84, 113, 110, 125, 127, 123, 125, 97, 107, 78, 70, 51, 25, 17, 12, 4, 5, 9, 23, 40, 68, 97, 106, 127, 119, 124, 127, 119, 81, 57, 51, 4, 1, 0, 0, 33, 54, 72, 97, 104, 127, 127]"
In-Distribution,5,exact_guidance_u,171,0,75,74,"[129, 0, 2, 30, 30, 56, 71, 82, 102, 106, 125, 116, 127, 124, 116, 122, 107, 79, 68, 48, 26, 21, 7, 6, 3, 2, 14, 6, 15, 44, 53, 76, 84, 113, 110, 125, 127, 123, 125, 97, 107, 78, 70, 51, 25, 17, 12, 4, 5, 9, 23, 40, 68, 97, 106, 127, 119, 124, 127, 119, 104, 81, 57, 51, 4, 1, 0, 0, 33, 54, 72, 97, 104, 127, 127]","[0, 2, 30, 30, 56, 71, 82, 102, 106, 125, 116, 127, 124, 116, 122, 107, 79, 68, 48, 26, 21, 7, 6, 3, 2, 14, 6, 15, 44, 53, 76, 84, 113, 110, 125, 127, 123, 125, 97, 107, 78, 70, 51, 25, 17, 12, 4, 5, 9, 23, 40, 68, 97, 106, 127, 119, 124, 127, 119, 104, 81, 57, 51, 4, 1, 0, 0, 33, 54, 72, 97, 104, 127, 127]"
In-Distribution,5,exact_guidance_u,172,0,75,74,"[129, 0, 2, 30, 30, 56, 71, 82, 102, 106, 125, 116, 127, 124, 116, 122, 107, 79, 68, 48, 26, 21, 7, 6, 3, 2, 14, 6, 15, 44, 53, 76, 84, 113, 110, 125, 127, 123, 125, 97, 107, 78, 70, 51, 25, 17, 12, 4, 5, 9, 23, 40, 68, 97, 106, 127, 119, 124, 127, 119, 104, 81, 57, 51, 4, 1, 0, 0, 33, 54, 72, 97, 104, 127, 127]","[0, 2, 30, 30, 56, 71, 82, 102, 106, 125, 116, 127, 124, 116, 122, 107, 79, 68, 48, 26, 21, 7, 6, 3, 2, 14, 6, 15, 44, 53, 76, 84, 113, 110, 125, 127, 123, 125, 97, 107, 78, 70, 51, 25, 17, 12, 4, 5, 9, 23, 40, 68, 97, 106, 127, 119, 124, 127, 119, 104, 81, 57, 51, 4, 1, 0, 0, 33, 54, 72, 97, 104, 127, 127]"
In-Distribution,5,exact_guidance_u,173,0,75,74,"[129, 0, 2, 30, 30, 56, 71, 82, 102, 106, 125, 116, 127, 124, 116, 122, 107, 79, 68, 48, 26, 21, 7, 6, 3, 2, 14, 6, 15, 44, 53, 76, 84, 113, 110, 125, 127, 123, 125, 97, 107, 78, 70, 51, 25, 17, 12, 4, 5, 9, 23, 40, 68, 97, 106, 127, 119, 124, 127, 119, 104, 81, 57, 51, 4, 1, 0, 0, 33, 54, 72, 97, 104, 127, 127]","[0, 2, 30, 30, 56, 71, 82, 102, 106, 125, 116, 127, 124, 116, 122, 107, 79, 68, 48, 26, 21, 7, 6, 3, 2, 14, 6, 15, 44, 53, 76, 84, 113, 110, 125, 127, 123, 125, 97, 107, 78, 70, 51, 25, 17, 12, 4, 5, 9, 23, 40, 68, 97, 106, 127, 119, 124, 127, 119, 104, 81, 57, 51, 4, 1, 0, 0, 33, 54, 72, 97, 104, 127, 127]"
In-Distribution,5,exact_guidance_u,174,0,75,74,"[129, 0, 2, 30, 30, 56, 71, 82, 102, 106, 125, 116, 127, 124, 116, 122, 107, 79, 68, 48, 26, 21, 7, 6, 3, 2, 14, 6, 15, 44, 53, 76, 84, 113, 110, 125, 127, 123, 125, 97, 107, 78, 70, 51, 25, 17, 12, 4, 5, 9, 23, 40, 68, 97, 106, 127, 119, 124, 127, 119, 104, 81, 57, 51, 4, 1, 0, 0, 33, 54, 72, 97, 104, 127, 127]","[0, 2, 30, 30, 56, 71, 82, 102, 106, 125, 116, 127, 124, 116, 122, 107, 79, 68, 48, 26, 21, 7, 6, 3, 2, 14, 6, 15, 44, 53, 76, 84, 113, 110, 125, 127, 123, 125, 97, 107, 78, 70, 51, 25, 17, 12, 4, 5, 9, 23, 40, 68, 97, 106, 127, 119, 124, 127, 119, 104, 81, 57, 51, 4, 1, 0, 0, 33, 54, 72, 97, 104, 127, 127]"
In-Distribution,5,exact_guidance_u,175,0,75,74,"[129, 0, 2, 30, 30, 56, 71, 82, 102, 106, 125, 116, 127, 124, 116, 122, 107, 79, 68, 48, 26, 21, 7, 6, 3, 2, 14, 6, 15, 44, 53, 76, 84, 113, 110, 125, 127, 123, 125, 97, 107, 78, 70, 51, 25, 17, 12, 4, 5, 9, 23, 40, 68, 97, 106, 127, 119, 124, 127, 119, 104, 81, 57, 51, 4, 1, 0, 0, 33, 54, 72, 97, 104, 127, 127]","[0, 2, 30, 30, 56, 71, 82, 102, 106, 125, 116, 127, 124, 116, 122, 107, 79, 68, 48, 26, 21, 7, 6, 3, 2, 14, 6, 15, 44, 53, 76, 84, 113, 110, 125, 127, 123, 125, 97, 107, 78, 70, 51, 25, 17, 12, 4, 5, 9, 23, 40, 68, 97, 106, 127, 119, 124, 127, 119, 104, 81, 57, 51, 4, 1, 0, 0, 33, 54, 72, 97, 104, 127, 127]"
In-Distribution,5,exact_guidance_u,176,0,76,75,"[129, 0, 2, 30, 30, 56, 71, 82, 102, 106, 125, 116, 127, 124, 116, 122, 107, 79, 68, 48, 26, 21, 7, 6, 3, 2, 14, 6, 15, 44, 53, 76, 84, 113, 110, 125, 127, 123, 125, 97, 107, 78, 70, 51, 25, 17, 12, 4, 5, 9, 23, 40, 47, 68, 97, 106, 127, 119, 124, 127, 119, 104, 81, 57, 51, 4, 1, 0, 0, 33, 54, 72, 97, 104, 127, 127]","[0, 2, 30, 30, 56, 71, 82, 102, 106, 125, 116, 127, 124, 116, 122, 107, 79, 68, 48, 26, 21, 7, 6, 3, 2, 14, 6, 15, 44, 53, 76, 84, 113, 110, 125, 127, 123, 125, 97, 107, 78, 70, 51, 25, 17, 12, 4, 5, 9, 23, 40, 47, 68, 97, 106, 127, 119, 124, 127, 119, 104, 81, 57, 51, 4, 1, 0, 0, 33, 54, 72, 97, 104, 127, 127]"
In-Distribution,5,exact_guidance_u,177,0,76,75,"[129, 0, 2, 30, 30, 56, 71, 82, 102, 106, 125, 116, 127, 124, 116, 122, 107, 79, 68, 48, 26, 21, 7, 6, 3, 2, 14, 6, 15, 44, 53, 76, 84, 113, 110, 125, 127, 123, 125, 97, 107, 78, 70, 51, 25, 17, 12, 4, 5, 9, 23, 40, 47, 68, 97, 106, 127, 119, 124, 127, 119, 104, 81, 57, 51, 4, 1, 0, 0, 33, 54, 72, 97, 104, 127, 127]","[0, 2, 30, 30, 56, 71, 82, 102, 106, 125, 116, 127, 124, 116, 122, 107, 79, 68, 48, 26, 21, 7, 6, 3, 2, 14, 6, 15, 44, 53, 76, 84, 113, 110, 125, 127, 123, 125, 97, 107, 78, 70, 51, 25, 17, 12, 4, 5, 9, 23, 40, 47, 68, 97, 106, 127, 119, 124, 127, 119, 104, 81, 57, 51, 4, 1, 0, 0, 33, 54, 72, 97, 104, 127, 127]"
In-Distribution,5,exact_guidance_u,178,0,77,76,"[129, 0, 2, 30, 30, 56, 71, 82, 102, 106, 125, 116, 127, 124, 116, 122, 107, 79, 68, 48, 26, 21, 7, 6, 3, 2, 14, 6, 15, 44, 53, 76, 84, 113, 110, 125, 127, 123, 125, 97, 107, 78, 70, 51, 25, 17, 12, 4, 5, 8, 9, 23, 40, 47, 68, 97, 106, 127, 119, 124, 127, 119, 104, 81, 57, 51, 4, 1, 0, 0, 33, 54, 72, 97, 104, 127, 127]","[0, 2, 30, 30, 56, 71, 82, 102, 106, 125, 116, 127, 124, 116, 122, 107, 79, 68, 48, 26, 21, 7, 6, 3, 2, 14, 6, 15, 44, 53, 76, 84, 113, 110, 125, 127, 123, 125, 97, 107, 78, 70, 51, 25, 17, 12, 4, 5, 8, 9, 23, 40, 47, 68, 97, 106, 127, 119, 124, 127, 119, 104, 81, 57, 51, 4, 1, 0, 0, 33, 54, 72, 97, 104, 127, 127]"
In-Distribution,5,exact_guidance_u,179,0,77,76,"[129, 0, 2, 30, 30, 56, 71, 82, 102, 106, 125, 116, 127, 124, 116, 122, 107, 79, 68, 48, 26, 21, 7, 6, 3, 2, 14, 6, 15, 44, 53, 76, 84, 113, 110, 125, 127, 123, 125, 97, 107, 78, 70, 51, 25, 17, 12, 4, 5, 8, 9, 23, 40, 47, 68, 97, 106, 127, 119, 124, 127, 119, 104, 81, 57, 51, 4, 1, 0, 0, 33, 54, 72, 97, 104, 127, 127]","[0, 2, 30, 30, 56, 71, 82, 102, 106, 125, 116, 127, 124, 116, 122, 107, 79, 68, 48, 26, 21, 7, 6, 3, 2, 14, 6, 15, 44, 53, 76, 84, 113, 110, 125, 127, 123, 125, 97, 107, 78, 70, 51, 25, 17, 12, 4, 5, 8, 9, 23, 40, 47, 68, 97, 106, 127, 119, 124, 127, 119, 104, 81, 57, 51, 4, 1, 0, 0, 33, 54, 72, 97, 104, 127, 127]"
In-Distribution,5,exact_guidance_u,180,0,77,76,"[129, 0, 2, 30, 30, 56, 71, 82, 102, 106, 125, 116, 127, 124, 116, 122, 107, 79, 68, 48, 26, 21, 7, 6, 3, 2, 14, 6, 15, 44, 53, 76, 84, 113, 110, 125, 127, 123, 125, 97, 107, 78, 70, 51, 25, 17, 12, 4, 5, 8, 9, 23, 40, 47, 68, 97, 106, 127, 119, 124, 127, 119, 104, 81, 57, 51, 4, 1, 0, 0, 33, 54, 72, 97, 104, 127, 127]","[0, 2, 30, 30, 56, 71, 82, 102, 106, 125, 116, 127, 124, 116, 122, 107, 79, 68, 48, 26, 21, 7, 6, 3, 2, 14, 6, 15, 44, 53, 76, 84, 113, 110, 125, 127, 123, 125, 97, 107, 78, 70, 51, 25, 17, 12, 4, 5, 8, 9, 23, 40, 47, 68, 97, 106, 127, 119, 124, 127, 119, 104, 81, 57, 51, 4, 1, 0, 0, 33, 54, 72, 97, 104, 127, 127]"
In-Distribution,5,exact_guidance_u,181,0,77,76,"[129, 0, 2, 30, 30, 56, 71, 82, 102, 106, 125, 116, 127, 124, 116, 122, 107, 79, 68, 48, 26, 21, 7, 6, 3, 2, 14, 6, 15, 44, 53, 76, 84, 113, 110, 125, 127, 123, 125, 97, 107, 78, 70, 51, 25, 17, 12, 4, 5, 8, 9, 23, 40, 47, 68, 97, 106, 127, 119, 124, 127, 119, 104, 81, 57, 51, 4, 1, 0, 0, 33, 54, 72, 97, 104, 127, 127]","[0, 2, 30, 30, 56, 71, 82, 102, 106, 125, 116, 127, 124, 116, 122, 107, 79, 68, 48, 26, 21, 7, 6, 3, 2, 14, 6, 15, 44, 53, 76, 84, 113, 110, 125, 127, 123, 125, 97, 107, 78, 70, 51, 25, 17, 12, 4, 5, 8, 9, 23, 40, 47, 68, 97, 106, 127, 119, 124, 127, 119, 104, 81, 57, 51, 4, 1, 0, 0, 33, 54, 72, 97, 104, 127, 127]"
In-Distribution,5,exact_guidance_u,182,0,79,78,"[129, 0, 2, 30, 30, 56, 71, 82, 102, 106, 125, 116, 127, 124, 116, 122, 107, 79, 68, 48, 26, 21, 7, 6, 3, 2, 14, 6, 15, 44, 53, 76, 84, 113, 110, 125, 127, 123, 125, 97, 107, 78, 70, 51, 25, 17, 12, 4, 5, 8, 9, 23, 40, 47, 68, 97, 106, 127, 119, 124, 127, 119, 104, 81, 57, 51, 10, 4, 1, 0, 0, 11, 33, 54, 72, 97, 104, 127, 127]","[0, 2, 30, 30, 56, 71, 82, 102, 106, 125, 116, 127, 124, 116, 122, 107, 79, 68, 48, 26, 21, 7, 6, 3, 2, 14, 6, 15, 44, 53, 76, 84, 113, 110, 125, 127, 123, 125, 97, 107, 78, 70, 51, 25, 17, 12, 4, 5, 8, 9, 23, 40, 47, 68, 97, 106, 127, 119, 124, 127, 119, 104, 81, 57, 51, 10, 4, 1, 0, 0, 11, 33, 54, 72, 97, 104, 127, 127]"
In-Distribution,5,exact_guidance_u,183,0,79,78,"[129, 0, 2, 30, 30, 56, 71, 82, 102, 106, 125, 116, 127, 124, 116, 122, 107, 79, 68, 48, 26, 21, 7, 6, 3, 2, 14, 6, 15, 44, 53, 76, 84, 113, 110, 125, 127, 123, 125, 97, 107, 78, 70, 51, 25, 17, 12, 4, 5, 8, 9, 23, 40, 47, 68, 97, 106, 127, 119, 124, 127, 119, 104, 81, 57, 51, 10, 4, 1, 0, 0, 11, 33, 54, 72, 97, 104, 127, 127]","[0, 2, 30, 30, 56, 71, 82, 102, 106, 125, 116, 127, 124, 116, 122, 107, 79, 68, 48, 26, 21, 7, 6, 3, 2, 14, 6, 15, 44, 53, 76, 84, 113, 110, 125, 127, 123, 125, 97, 107, 78, 70, 51, 25, 17, 12, 4, 5, 8, 9, 23, 40, 47, 68, 97, 106, 127, 119, 124, 127, 119, 104, 81, 57, 51, 10, 4, 1, 0, 0, 11, 33, 54, 72, 97, 104, 127, 127]"
In-Distribution,5,exact_guidance_u,184,0,79,78,"[129, 0, 2, 30, 30, 56, 71, 82, 102, 106, 125, 116, 127, 124, 116, 122, 107, 79, 68, 48, 26, 21, 7, 6, 3, 2, 14, 6, 15, 44, 53, 76, 84, 113, 110, 125, 127, 123, 125, 97, 107, 78, 70, 51, 25, 17, 12, 4, 5, 8, 9, 23, 40, 47, 68, 97, 106, 127, 119, 124, 127, 119, 104, 81, 57, 51, 10, 4, 1, 0, 0, 11, 33, 54, 72, 97, 104, 127, 127]","[0, 2, 30, 30, 56, 71, 82, 102, 106, 125, 116, 127, 124, 116, 122, 107, 79, 68, 48, 26, 21, 7, 6, 3, 2, 14, 6, 15, 44, 53, 76, 84, 113, 110, 125, 127, 123, 125, 97, 107, 78, 70, 51, 25, 17, 12, 4, 5, 8, 9, 23, 40, 47, 68, 97, 106, 127, 119, 124, 127, 119, 104, 81, 57, 51, 10, 4, 1, 0, 0, 11, 33, 54, 72, 97, 104, 127, 127]"
In-Distribution,5,exact_guidance_u,185,0,79,78,"[129, 0, 2, 30, 30, 56, 71, 82, 102, 106, 125, 116, 127, 124, 116, 122, 107, 79, 68, 48, 26, 21, 7, 6, 3, 2, 14, 6, 15, 44, 53, 76, 84, 113, 110, 125, 127, 123, 125, 97, 107, 78, 70, 51, 25, 17, 12, 4, 5, 8, 9, 23, 40, 47, 68, 97, 106, 127, 119, 124, 127, 119, 104, 81, 57, 51, 10, 4, 1, 0, 0, 11, 33, 54, 72, 97, 104, 127, 127]","[0, 2, 30, 30, 56, 71, 82, 102, 106, 125, 116, 127, 124, 116, 122, 107, 79, 68, 48, 26, 21, 7, 6, 3, 2, 14, 6, 15, 44, 53, 76, 84, 113, 110, 125, 127, 123, 125, 97, 107, 78, 70, 51, 25, 17, 12, 4, 5, 8, 9, 23, 40, 47, 68, 97, 106, 127, 119, 124, 127, 119, 104, 81, 57, 51, 10, 4, 1, 0, 0, 11, 33, 54, 72, 97, 104, 127, 127]"
In-Distribution,5,exact_guidance_u,186,0,80,79,"[129, 0, 2, 30, 30, 56, 71, 82, 102, 106, 125, 116, 127, 124, 116, 122, 107, 79, 68, 48, 26, 21, 7, 6, 3, 2, 14, 6, 15, 44, 53, 76, 84, 113, 110, 125, 127, 123, 125, 97, 107, 78, 70, 51, 25, 17, 12, 4, 5, 8, 9, 23, 40, 47, 68, 97, 106, 127, 119, 124, 127, 119, 104, 81, 57, 51, 10, 4, 1, 0, 0, 11, 33, 54, 72, 97, 104, 122, 127, 127]","[0, 2, 30, 30, 56, 71, 82, 102, 106, 125, 116, 127, 124, 116, 122, 107, 79, 68, 48, 26, 21, 7, 6, 3, 2, 14, 6, 15, 44, 53, 76, 84, 113, 110, 125, 127, 123, 125, 97, 107, 78, 70, 51, 25, 17, 12, 4, 5, 8, 9, 23, 40, 47, 68, 97, 106, 127, 119, 124, 127, 119, 104, 81, 57, 51, 10, 4, 1, 0, 0, 11, 33, 54, 72, 97, 104, 122, 127, 127]"
In-Distribution,5,exact_guidance_u,187,0,80,79,"[129, 0, 2, 30, 30, 56, 71, 82, 102, 106, 125, 116, 127, 124, 116, 122, 107, 79, 68, 48, 26, 21, 7, 6, 3, 2, 14, 6, 15, 44, 53, 76, 84, 113, 110, 125, 127, 123, 125, 97, 107, 78, 70, 51, 25, 17, 12, 4, 5, 8, 9, 23, 40, 47, 68, 97, 106, 127, 119, 124, 127, 119, 104, 81, 57, 51, 10, 4, 1, 0, 0, 11, 33, 54, 72, 97, 104, 122, 127, 127]","[0, 2, 30, 30, 56, 71, 82, 102, 106, 125, 116, 127, 124, 116, 122, 107, 79, 68, 48, 26, 21, 7, 6, 3, 2, 14, 6, 15, 44, 53, 76, 84, 113, 110, 125, 127, 123, 125, 97, 107, 78, 70, 51, 25, 17, 12, 4, 5, 8, 9, 23, 40, 47, 68, 97, 106, 127, 119, 124, 127, 119, 104, 81, 57, 51, 10, 4, 1, 0, 0, 11, 33, 54, 72, 97, 104, 122, 127, 127]"
In-Distribution,5,exact_guidance_u,188,0,80,79,"[129, 0, 2, 30, 30, 56, 71, 82, 102, 106, 125, 116, 127, 124, 116, 122, 107, 79, 68, 48, 26, 21, 7, 6, 3, 2, 14, 6, 15, 44, 53, 76, 84, 113, 110, 125, 127, 123, 125, 97, 107, 78, 70, 51, 25, 17, 12, 4, 5, 8, 9, 23, 40, 47, 68, 97, 106, 127, 119, 124, 127, 119, 104, 81, 57, 51, 10, 4, 1, 0, 0, 11, 33, 54, 72, 97, 104, 122, 127, 127]","[0, 2, 30, 30, 56, 71, 82, 102, 106, 125, 116, 127, 124, 116, 122, 107, 79, 68, 48, 26, 21, 7, 6, 3, 2, 14, 6, 15, 44, 53, 76, 84, 113, 110, 125, 127, 123, 125, 97, 107, 78, 70, 51, 25, 17, 12, 4, 5, 8, 9, 23, 40, 47, 68, 97, 106, 127, 119, 124, 127, 119, 104, 81, 57, 51, 10, 4, 1, 0, 0, 11, 33, 54, 72, 97, 104, 122, 127, 127]"
In-Distribution,5,exact_guidance_u,189,0,81,80,"[129, 0, 2, 30, 30, 56, 71, 82, 102, 106, 125, 116, 127, 124, 116, 122, 107, 79, 68, 48, 26, 21, 7, 6, 3, 2, 14, 6, 15, 44, 53, 76, 84, 113, 110, 125, 127, 123, 125, 97, 107, 78, 70, 51, 25, 17, 12, 4, 5, 8, 9, 23, 40, 47, 68, 97, 106, 127, 119, 124, 127, 119, 104, 81, 68, 57, 51, 10, 4, 1, 0, 0, 11, 33, 54, 72, 97, 104, 122, 127, 127]","[0, 2, 30, 30, 56, 71, 82, 102, 106, 125, 116, 127, 124, 116, 122, 107, 79, 68, 48, 26, 21, 7, 6, 3, 2, 14, 6, 15, 44, 53, 76, 84, 113, 110, 125, 127, 123, 125, 97, 107, 78, 70, 51, 25, 17, 12, 4, 5, 8, 9, 23, 40, 47, 68, 97, 106, 127, 119, 124, 127, 119, 104, 81, 68, 57, 51, 10, 4, 1, 0, 0, 11, 33, 54, 72, 97, 104, 122, 127, 127]"
In-Distribution,5,exact_guidance_u,190,0,81,80,"[129, 0, 2, 30, 30, 56, 71, 82, 102, 106, 125, 116, 127, 124, 116, 122, 107, 79, 68, 48, 26, 21, 7, 6, 3, 2, 14, 6, 15, 44, 53, 76, 84, 113, 110, 125, 127, 123, 125, 97, 107, 78, 70, 51, 25, 17, 12, 4, 5, 8, 9, 23, 40, 47, 68, 97, 106, 127, 119, 124, 127, 119, 104, 81, 68, 57, 51, 10, 4, 1, 0, 0, 11, 33, 54, 72, 97, 104, 122, 127, 127]","[0, 2, 30, 30, 56, 71, 82, 102, 106, 125, 116, 127, 124, 116, 122, 107, 79, 68, 48, 26, 21, 7, 6, 3, 2, 14, 6, 15, 44, 53, 76, 84, 113, 110, 125, 127, 123, 125, 97, 107, 78, 70, 51, 25, 17, 12, 4, 5, 8, 9, 23, 40, 47, 68, 97, 106, 127, 119, 124, 127, 119, 104, 81, 68, 57, 51, 10, 4, 1, 0, 0, 11, 33, 54, 72, 97, 104, 122, 127, 127]"
In-Distribution,5,exact_guidance_u,191,0,81,80,"[129, 0, 2, 30, 30, 56, 71, 82, 102, 106, 125, 116, 127, 124, 116, 122, 107, 79, 68, 48, 26, 21, 7, 6, 3, 2, 14, 6, 15, 44, 53, 76, 84, 113, 110, 125, 127, 123, 125, 97, 107, 78, 70, 51, 25, 17, 12, 4, 5, 8, 9, 23, 40, 47, 68, 97, 106, 127, 119, 124, 127, 119, 104, 81, 68, 57, 51, 10, 4, 1, 0, 0, 11, 33, 54, 72, 97, 104, 122, 127, 127]","[0, 2, 30, 30, 56, 71, 82, 102, 106, 125, 116, 127, 124, 116, 122, 107, 79, 68, 48, 26, 21, 7, 6, 3, 2, 14, 6, 15, 44, 53, 76, 84, 113, 110, 125, 127, 123, 125, 97, 107, 78, 70, 51, 25, 17, 12, 4, 5, 8, 9, 23, 40, 47, 68, 97, 106, 127, 119, 124, 127, 119, 104, 81, 68, 57, 51, 10, 4, 1, 0, 0, 11, 33, 54, 72, 97, 104, 122, 127, 127]"
In-Distribution,5,exact_guidance_u,192,0,81,80,"[129, 0, 2, 30, 30, 56, 71, 82, 102, 106, 125, 116, 127, 124, 116, 122, 107, 79, 68, 48, 26, 21, 7, 6, 3, 2, 14, 6, 15, 44, 53, 76, 84, 113, 110, 125, 127, 123, 125, 97, 107, 78, 70, 51, 25, 17, 12, 4, 5, 8, 9, 23, 40, 47, 68, 97, 106, 127, 119, 124, 127, 119, 104, 81, 68, 57, 51, 10, 4, 1, 0, 0, 11, 33, 54, 72, 97, 104, 122, 127, 127]","[0, 2, 30, 30, 56, 71, 82, 102, 106, 125, 116, 127, 124, 116, 122, 107, 79, 68, 48, 26, 21, 7, 6, 3, 2, 14, 6, 15, 44, 53, 76, 84, 113, 110, 125, 127, 123, 125, 97, 107, 78, 70, 51, 25, 17, 12, 4, 5, 8, 9, 23, 40, 47, 68, 97, 106, 127, 119, 124, 127, 119, 104, 81, 68, 57, 51, 10, 4, 1, 0, 0, 11, 33, 54, 72, 97, 104, 122, 127, 127]"
In-Distribution,5,exact_guidance_u,193,0,81,80,"[129, 0, 2, 30, 30, 56, 71, 82, 102, 106, 125, 116, 127, 124, 116, 122, 107, 79, 68, 48, 26, 21, 7, 6, 3, 2, 14, 6, 15, 44, 53, 76, 84, 113, 110, 125, 127, 123, 125, 97, 107, 78, 70, 51, 25, 17, 12, 4, 5, 8, 9, 23, 40, 47, 68, 97, 106, 127, 119, 124, 127, 119, 104, 81, 68, 57, 51, 10, 4, 1, 0, 0, 11, 33, 54, 72, 97, 104, 122, 127, 127]","[0, 2, 30, 30, 56, 71, 82, 102, 106, 125, 116, 127, 124, 116, 122, 107, 79, 68, 48, 26, 21, 7, 6, 3, 2, 14, 6, 15, 44, 53, 76, 84, 113, 110, 125, 127, 123, 125, 97, 107, 78, 70, 51, 25, 17, 12, 4, 5, 8, 9, 23, 40, 47, 68, 97, 106, 127, 119, 124, 127, 119, 104, 81, 68, 57, 51, 10, 4, 1, 0, 0, 11, 33, 54, 72, 97, 104, 122, 127, 127]"
In-Distribution,5,exact_guidance_u,194,0,83,82,"[129, 0, 2, 30, 30, 56, 71, 82, 102, 106, 125, 116, 127, 124, 116, 122, 107, 79, 68, 48, 26, 21, 7, 6, 3, 2, 14, 6, 15, 44, 53, 76, 84, 113, 110, 125, 127, 123, 125, 97, 107, 78, 70, 51, 25, 17, 12, 4, 5, 8, 9, 23, 40, 47, 68, 97, 106, 127, 119, 124, 127, 119, 104, 81, 68, 57, 51, 10, 4, 1, 0, 0, 11, 33, 54, 72, 72, 97, 104, 125, 122, 127, 127]","[0, 2, 30, 30, 56, 71, 82, 102, 106, 125, 116, 127, 124, 116, 122, 107, 79, 68, 48, 26, 21, 7, 6, 3, 2, 14, 6, 15, 44, 53, 76, 84, 113, 110, 125, 127, 123, 125, 97, 107, 78, 70, 51, 25, 17, 12, 4, 5, 8, 9, 23, 40, 47, 68, 97, 106, 127, 119, 124, 127, 119, 104, 81, 68, 57, 51, 10, 4, 1, 0, 0, 11, 33, 54, 72, 72, 97, 104, 125, 122, 127, 127]"
In-Distribution,5,exact_guidance_u,195,0,84,83,"[129, 0, 2, 30, 30, 56, 71, 82, 102, 106, 125, 116, 127, 124, 116, 122, 107, 79, 68, 48, 26, 21, 7, 6, 3, 2, 14, 6, 15, 44, 53, 76, 84, 113, 110, 125, 127, 123, 125, 97, 107, 78, 70, 51, 25, 17, 12, 4, 5, 8, 9, 23, 40, 47, 68, 70, 97, 106, 127, 119, 124, 127, 119, 104, 81, 68, 57, 51, 10, 4, 1, 0, 0, 11, 33, 54, 72, 72, 97, 104, 125, 122, 127, 127]","[0, 2, 30, 30, 56, 71, 82, 102, 106, 125, 116, 127, 124, 116, 122, 107, 79, 68, 48, 26, 21, 7, 6, 3, 2, 14, 6, 15, 44, 53, 76, 84, 113, 110, 125, 127, 123, 125, 97, 107, 78, 70, 51, 25, 17, 12, 4, 5, 8, 9, 23, 40, 47, 68, 70, 97, 106, 127, 119, 124, 127, 119, 104, 81, 68, 57, 51, 10, 4, 1, 0, 0, 11, 33, 54, 72, 72, 97, 104, 125, 122, 127, 127]"
In-Distribution,5,exact_guidance_u,196,0,84,83,"[129, 0, 2, 30, 30, 56, 71, 82, 102, 106, 125, 116, 127, 124, 116, 122, 107, 79, 68, 48, 26, 21, 7, 6, 3, 2, 14, 6, 15, 44, 53, 76, 84, 113, 110, 125, 127, 123, 125, 97, 107, 78, 70, 51, 25, 17, 12, 4, 5, 8, 9, 23, 40, 47, 68, 70, 97, 106, 127, 119, 124, 127, 119, 104, 81, 68, 57, 51, 10, 4, 1, 0, 0, 11, 33, 54, 72, 72, 97, 104, 125, 122, 127, 127]","[0, 2, 30, 30, 56, 71, 82, 102, 106, 125, 116, 127, 124, 116, 122, 107, 79, 68, 48, 26, 21, 7, 6, 3, 2, 14, 6, 15, 44, 53, 76, 84, 113, 110, 125, 127, 123, 125, 97, 107, 78, 70, 51, 25, 17, 12, 4, 5, 8, 9, 23, 40, 47, 68, 70, 97, 106, 127, 119, 124, 127, 119, 104, 81, 68, 57, 51, 10, 4, 1, 0, 0, 11, 33, 54, 72, 72, 97, 104, 125, 122, 127, 127]"
In-Distribution,5,exact_guidance_u,197,0,84,83,"[129, 0, 2, 30, 30, 56, 71, 82, 102, 106, 125, 116, 127, 124, 116, 122, 107, 79, 68, 48, 26, 21, 7, 6, 3, 2, 14, 6, 15, 44, 53, 76, 84, 113, 110, 125, 127, 123, 125, 97, 107, 78, 70, 51, 25, 17, 12, 4, 5, 8, 9, 23, 40, 47, 68, 70, 97, 106, 127, 119, 124, 127, 119, 104, 81, 68, 57, 51, 10, 4, 1, 0, 0, 11, 33, 54, 72, 72, 97, 104, 125, 122, 127, 127]","[0, 2, 30, 30, 56, 71, 82, 102, 106, 125, 116, 127, 124, 116, 122, 107, 79, 68, 48, 26, 21, 7, 6, 3, 2, 14, 6, 15, 44, 53, 76, 84, 113, 110, 125, 127, 123, 125, 97, 107, 78, 70, 51, 25, 17, 12, 4, 5, 8, 9, 23, 40, 47, 68, 70, 97, 106, 127, 119, 124, 127, 119, 104, 81, 68, 57, 51, 10, 4, 1, 0, 0, 11, 33, 54, 72, 72, 97, 104, 125, 122, 127, 127]"
In-Distribution,5,exact_guidance_u,198,0,84,83,"[129, 0, 2, 30, 30, 56, 71, 82, 102, 106, 125, 116, 127, 124, 116, 122, 107, 79, 68, 48, 26, 21, 7, 6, 3, 2, 14, 6, 15, 44, 53, 76, 84, 113, 110, 125, 127, 123, 125, 97, 107, 78, 70, 51, 25, 17, 12, 4, 5, 8, 9, 23, 40, 47, 68, 70, 97, 106, 127, 119, 124, 127, 119, 104, 81, 68, 57, 51, 10, 4, 1, 0, 0, 11, 33, 54, 72, 72, 97, 104, 125, 122, 127, 127]","[0, 2, 30, 30, 56, 71, 82, 102, 106, 125, 116, 127, 124, 116, 122, 107, 79, 68, 48, 26, 21, 7, 6, 3, 2, 14, 6, 15, 44, 53, 76, 84, 113, 110, 125, 127, 123, 125, 97, 107, 78, 70, 51, 25, 17, 12, 4, 5, 8, 9, 23, 40, 47, 68, 70, 97, 106, 127, 119, 124, 127, 119, 104, 81, 68, 57, 51, 10, 4, 1, 0, 0, 11, 33, 54, 72, 72, 97, 104, 125, 122, 127, 127]"
In-Distribution,5,exact_guidance_u,199,0,84,83,"[129, 0, 2, 30, 30, 56, 71, 82, 102, 106, 125, 116, 127, 124, 116, 122, 107, 79, 68, 48, 26, 21, 7, 6, 3, 2, 14, 6, 15, 44, 53, 76, 84, 113, 110, 125, 127, 123, 125, 97, 107, 78, 70, 51, 25, 17, 12, 4, 5, 8, 9, 23, 40, 47, 68, 70, 97, 106, 127, 119, 124, 127, 119, 104, 81, 68, 57, 51, 10, 4, 1, 0, 0, 11, 33, 54, 72, 72, 97, 104, 125, 122, 127, 127]","[0, 2, 30, 30, 56, 71, 82, 102, 106, 125, 116, 127, 124, 116, 122, 107, 79, 68, 48, 26, 21, 7, 6, 3, 2, 14, 6, 15, 44, 53, 76, 84, 113, 110, 125, 127, 123, 125, 97, 107, 78, 70, 51, 25, 17, 12, 4, 5, 8, 9, 23, 40, 47, 68, 70, 97, 106, 127, 119, 124, 127, 119, 104, 81, 68, 57, 51, 10, 4, 1, 0, 0, 11, 33, 54, 72, 72, 97, 104, 125, 122, 127, 127]"
In-Distribution,5,exact_guidance_u,200,0,84,83,"[129, 0, 2, 30, 30, 56, 71, 82, 102, 106, 125, 116, 127, 124, 116, 122, 107, 79, 68, 48, 26, 21, 7, 6, 3, 2, 14, 6, 15, 44, 53, 76, 84, 113, 110, 125, 127, 123, 125, 97, 107, 78, 70, 51, 25, 17, 12, 4, 5, 8, 9, 23, 40, 47, 68, 70, 97, 106, 127, 119, 124, 127, 119, 104, 81, 68, 57, 51, 10, 4, 1, 0, 0, 11, 33, 54, 72, 72, 97, 104, 125, 122, 127, 127]","[0, 2, 30, 30, 56, 71, 82, 102, 106, 125, 116, 127, 124, 116, 122, 107, 79, 68, 48, 26, 21, 7, 6, 3, 2, 14, 6, 15, 44, 53, 76, 84, 113, 110, 125, 127, 123, 125, 97, 107, 78, 70, 51, 25, 17, 12, 4, 5, 8, 9, 23, 40, 47, 68, 70, 97, 106, 127, 119, 124, 127, 119, 104, 81, 68, 57, 51, 10, 4, 1, 0, 0, 11, 33, 54, 72, 72, 97, 104, 125, 122, 127, 127]"
In-Distribution,5,exact_guidance_u,201,0,84,83,"[129, 0, 2, 30, 30, 56, 71, 82, 102, 106, 125, 116, 127, 124, 116, 122, 107, 79, 68, 48, 26, 21, 7, 6, 3, 2, 14, 6, 15, 44, 53, 76, 84, 113, 110, 125, 127, 123, 125, 97, 107, 78, 70, 51, 25, 17, 12, 4, 5, 8, 9, 23, 40, 47, 68, 70, 97, 106, 127, 119, 124, 127, 119, 104, 81, 68, 57, 51, 10, 4, 1, 0, 0, 11, 33, 54, 72, 72, 97, 104, 125, 122, 127, 127]","[0, 2, 30, 30, 56, 71, 82, 102, 106, 125, 116, 127, 124, 116, 122, 107, 79, 68, 48, 26, 21, 7, 6, 3, 2, 14, 6, 15, 44, 53, 76, 84, 113, 110, 125, 127, 123, 125, 97, 107, 78, 70, 51, 25, 17, 12, 4, 5, 8, 9, 23, 40, 47, 68, 70, 97, 106, 127, 119, 124, 127, 119, 104, 81, 68, 57, 51, 10, 4, 1, 0, 0, 11, 33, 54, 72, 72, 97, 104, 125, 122, 127, 127]"
In-Distribution,5,exact_guidance_u,202,0,84,83,"[129, 0, 2, 30, 30, 56, 71, 82, 102, 106, 125, 116, 127, 124, 116, 122, 107, 79, 68, 48, 26, 21, 7, 6, 3, 2, 14, 6, 15, 44, 53, 76, 84, 113, 110, 125, 127, 123, 125, 97, 107, 78, 70, 51, 25, 17, 12, 4, 5, 8, 9, 23, 40, 47, 68, 70, 97, 106, 127, 119, 124, 127, 119, 104, 81, 68, 57, 51, 10, 4, 1, 0, 0, 11, 33, 54, 72, 72, 97, 104, 125, 122, 127, 127]","[0, 2, 30, 30, 56, 71, 82, 102, 106, 125, 116, 127, 124, 116, 122, 107, 79, 68, 48, 26, 21, 7, 6, 3, 2, 14, 6, 15, 44, 53, 76, 84, 113, 110, 125, 127, 123, 125, 97, 107, 78, 70, 51, 25, 17, 12, 4, 5, 8, 9, 23, 40, 47, 68, 70, 97, 106, 127, 119, 124, 127, 119, 104, 81, 68, 57, 51, 10, 4, 1, 0, 0, 11, 33, 54, 72, 72, 97, 104, 125, 122, 127, 127]"
In-Distribution,5,exact_guidance_u,203,0,84,83,"[129, 0, 2, 30, 30, 56, 71, 82, 102, 106, 125, 116, 127, 124, 116, 122, 107, 79, 68, 48, 26, 21, 7, 6, 3, 2, 14, 6, 15, 44, 53, 76, 84, 113, 110, 125, 127, 123, 125, 97, 107, 78, 70, 51, 25, 17, 12, 4, 5, 8, 9, 23, 40, 47, 68, 70, 97, 106, 127, 119, 124, 127, 119, 104, 81, 68, 57, 51, 10, 4, 1, 0, 0, 11, 33, 54, 72, 72, 97, 104, 125, 122, 127, 127]","[0, 2, 30, 30, 56, 71, 82, 102, 106, 125, 116, 127, 124, 116, 122, 107, 79, 68, 48, 26, 21, 7, 6, 3, 2, 14, 6, 15, 44, 53, 76, 84, 113, 110, 125, 127, 123, 125, 97, 107, 78, 70, 51, 25, 17, 12, 4, 5, 8, 9, 23, 40, 47, 68, 70, 97, 106, 127, 119, 124, 127, 119, 104, 81, 68, 57, 51, 10, 4, 1, 0, 0, 11, 33, 54, 72, 72, 97, 104, 125, 122, 127, 127]"
In-Distribution,5,exact_guidance_u,204,0,84,83,"[129, 0, 2, 30, 30, 56, 71, 82, 102, 106, 125, 116, 127, 124, 116, 122, 107, 79, 68, 48, 26, 21, 7, 6, 3, 2, 14, 6, 15, 44, 53, 76, 84, 113, 110, 125, 127, 123, 125, 97, 107, 78, 70, 51, 25, 17, 12, 4, 5, 8, 9, 23, 40, 47, 68, 70, 97, 106, 127, 119, 124, 127, 119, 104, 81, 68, 57, 51, 10, 4, 1, 0, 0, 11, 33, 54, 72, 72, 97, 104, 125, 122, 127, 127]","[0, 2, 30, 30, 56, 71, 82, 102, 106, 125, 116, 127, 124, 116, 122, 107, 79, 68, 48, 26, 21, 7, 6, 3, 2, 14, 6, 15, 44, 53, 76, 84, 113, 110, 125, 127, 123, 125, 97, 107, 78, 70, 51, 25, 17, 12, 4, 5, 8, 9, 23, 40, 47, 68, 70, 97, 106, 127, 119, 124, 127, 119, 104, 81, 68, 57, 51, 10, 4, 1, 0, 0, 11, 33, 54, 72, 72, 97, 104, 125, 122, 127, 127]"
In-Distribution,5,exact_guidance_u,205,0,84,83,"[129, 0, 2, 30, 30, 56, 71, 82, 102, 106, 125, 116, 127, 124, 116, 122, 107, 79, 68, 48, 26, 21, 7, 6, 3, 2, 14, 6, 15, 44, 53, 76, 84, 113, 110, 125, 127, 123, 125, 97, 107, 78, 70, 51, 25, 17, 12, 4, 5, 8, 9, 23, 40, 47, 68, 70, 97, 106, 127, 119, 124, 127, 119, 104, 81, 68, 57, 51, 10, 4, 1, 0, 0, 11, 33, 54, 72, 72, 97, 104, 125, 122, 127, 127]","[0, 2, 30, 30, 56, 71, 82, 102, 106, 125, 116, 127, 124, 116, 122, 107, 79, 68, 48, 26, 21, 7, 6, 3, 2, 14, 6, 15, 44, 53, 76, 84, 113, 110, 125, 127, 123, 125, 97, 107, 78, 70, 51, 25, 17, 12, 4, 5, 8, 9, 23, 40, 47, 68, 70, 97, 106, 127, 119, 124, 127, 119, 104, 81, 68, 57, 51, 10, 4, 1, 0, 0, 11, 33, 54, 72, 72, 97, 104, 125, 122, 127, 127]"
In-Distribution,5,exact_guidance_u,206,0,84,83,"[129, 0, 2, 30, 30, 56, 71, 82, 102, 106, 125, 116, 127, 124, 116, 122, 107, 79, 68, 48, 26, 21, 7, 6, 3, 2, 14, 6, 15, 44, 53, 76, 84, 113, 110, 125, 127, 123, 125, 97, 107, 78, 70, 51, 25, 17, 12, 4, 5, 8, 9, 23, 40, 47, 68, 70, 97, 106, 127, 119, 124, 127, 119, 104, 81, 68, 57, 51, 10, 4, 1, 0, 0, 11, 33, 54, 72, 72, 97, 104, 125, 122, 127, 127]","[0, 2, 30, 30, 56, 71, 82, 102, 106, 125, 116, 127, 124, 116, 122, 107, 79, 68, 48, 26, 21, 7, 6, 3, 2, 14, 6, 15, 44, 53, 76, 84, 113, 110, 125, 127, 123, 125, 97, 107, 78, 70, 51, 25, 17, 12, 4, 5, 8, 9, 23, 40, 47, 68, 70, 97, 106, 127, 119, 124, 127, 119, 104, 81, 68, 57, 51, 10, 4, 1, 0, 0, 11, 33, 54, 72, 72, 97, 104, 125, 122, 127, 127]"
In-Distribution,5,exact_guidance_u,207,0,84,83,"[129, 0, 2, 30, 30, 56, 71, 82, 102, 106, 125, 116, 127, 124, 116, 122, 107, 79, 68, 48, 26, 21, 7, 6, 3, 2, 14, 6, 15, 44, 53, 76, 84, 113, 110, 125, 127, 123, 125, 97, 107, 78, 70, 51, 25, 17, 12, 4, 5, 8, 9, 23, 40, 47, 68, 70, 97, 106, 127, 119, 124, 127, 119, 104, 81, 68, 57, 51, 10, 4, 1, 0, 0, 11, 33, 54, 72, 72, 97, 104, 125, 122, 127, 127]","[0, 2, 30, 30, 56, 71, 82, 102, 106, 125, 116, 127, 124, 116, 122, 107, 79, 68, 48, 26, 21, 7, 6, 3, 2, 14, 6, 15, 44, 53, 76, 84, 113, 110, 125, 127, 123, 125, 97, 107, 78, 70, 51, 25, 17, 12, 4, 5, 8, 9, 23, 40, 47, 68, 70, 97, 106, 127, 119, 124, 127, 119, 104, 81, 68, 57, 51, 10, 4, 1, 0, 0, 11, 33, 54, 72, 72, 97, 104, 125, 122, 127, 127]"
In-Distribution,5,exact_guidance_u,208,0,84,83,"[129, 0, 2, 30, 30, 56, 71, 82, 102, 106, 125, 116, 127, 124, 116, 122, 107, 79, 68, 48, 26, 21, 7, 6, 3, 2, 14, 6, 15, 44, 53, 76, 84, 113, 110, 125, 127, 123, 125, 97, 107, 78, 70, 51, 25, 17, 12, 4, 5, 8, 9, 23, 40, 47, 68, 70, 97, 106, 127, 119, 124, 127, 119, 104, 81, 68, 57, 51, 10, 4, 1, 0, 0, 11, 33, 54, 72, 72, 97, 104, 125, 122, 127, 127]","[0, 2, 30, 30, 56, 71, 82, 102, 106, 125, 116, 127, 124, 116, 122, 107, 79, 68, 48, 26, 21, 7, 6, 3, 2, 14, 6, 15, 44, 53, 76, 84, 113, 110, 125, 127, 123, 125, 97, 107, 78, 70, 51, 25, 17, 12, 4, 5, 8, 9, 23, 40, 47, 68, 70, 97, 106, 127, 119, 124, 127, 119, 104, 81, 68, 57, 51, 10, 4, 1, 0, 0, 11, 33, 54, 72, 72, 97, 104, 125, 122, 127, 127]"
In-Distribution,5,exact_guidance_u,209,0,84,83,"[129, 0, 2, 30, 30, 56, 71, 82, 102, 106, 125, 116, 127, 124, 116, 122, 107, 79, 68, 48, 26, 21, 7, 6, 3, 2, 14, 6, 15, 44, 53, 76, 84, 113, 110, 125, 127, 123, 125, 97, 107, 78, 70, 51, 25, 17, 12, 4, 5, 8, 9, 23, 40, 47, 68, 70, 97, 106, 127, 119, 124, 127, 119, 104, 81, 68, 57, 51, 10, 4, 1, 0, 0, 11, 33, 54, 72, 72, 97, 104, 125, 122, 127, 127]","[0, 2, 30, 30, 56, 71, 82, 102, 106, 125, 116, 127, 124, 116, 122, 107, 79, 68, 48, 26, 21, 7, 6, 3, 2, 14, 6, 15, 44, 53, 76, 84, 113, 110, 125, 127, 123, 125, 97, 107, 78, 70, 51, 25, 17, 12, 4, 5, 8, 9, 23, 40, 47, 68, 70, 97, 106, 127, 119, 124, 127, 119, 104, 81, 68, 57, 51, 10, 4, 1, 0, 0, 11, 33, 54, 72, 72, 97, 104, 125, 122, 127, 127]"
In-Distribution,5,exact_guidance_u,210,0,84,83,"[129, 0, 2, 30, 30, 56, 71, 82, 102, 106, 125, 116, 127, 124, 116, 122, 107, 79, 68, 48, 26, 21, 7, 6, 3, 2, 14, 6, 15, 44, 53, 76, 84, 113, 110, 125, 127, 123, 125, 97, 107, 78, 70, 51, 25, 17, 12, 4, 5, 8, 9, 23, 40, 47, 68, 70, 97, 106, 127, 119, 124, 127, 119, 104, 81, 68, 57, 51, 10, 4, 1, 0, 0, 11, 33, 54, 72, 72, 97, 104, 125, 122, 127, 127]","[0, 2, 30, 30, 56, 71, 82, 102, 106, 125, 116, 127, 124, 116, 122, 107, 79, 68, 48, 26, 21, 7, 6, 3, 2, 14, 6, 15, 44, 53, 76, 84, 113, 110, 125, 127, 123, 125, 97, 107, 78, 70, 51, 25, 17, 12, 4, 5, 8, 9, 23, 40, 47, 68, 70, 97, 106, 127, 119, 124, 127, 119, 104, 81, 68, 57, 51, 10, 4, 1, 0, 0, 11, 33, 54, 72, 72, 97, 104, 125, 122, 127, 127]"
In-Distribution,5,exact_guidance_u,211,0,84,83,"[129, 0, 2, 30, 30, 56, 71, 82, 102, 106, 125, 116, 127, 124, 116, 122, 107, 79, 68, 48, 26, 21, 7, 6, 3, 2, 14, 6, 15, 44, 53, 76, 84, 113, 110, 125, 127, 123, 125, 97, 107, 78, 70, 51, 25, 17, 12, 4, 5, 8, 9, 23, 40, 47, 68, 70, 97, 106, 127, 119, 124, 127, 119, 104, 81, 68, 57, 51, 10, 4, 1, 0, 0, 11, 33, 54, 72, 72, 97, 104, 125, 122, 127, 127]","[0, 2, 30, 30, 56, 71, 82, 102, 106, 125, 116, 127, 124, 116, 122, 107, 79, 68, 48, 26, 21, 7, 6, 3, 2, 14, 6, 15, 44, 53, 76, 84, 113, 110, 125, 127, 123, 125, 97, 107, 78, 70, 51, 25, 17, 12, 4, 5, 8, 9, 23, 40, 47, 68, 70, 97, 106, 127, 119, 124, 127, 119, 104, 81, 68, 57, 51, 10, 4, 1, 0, 0, 11, 33, 54, 72, 72, 97, 104, 125, 122, 127, 127]"
In-Distribution,5,exact_guidance_u,212,0,84,83,"[129, 0, 2, 30, 30, 56, 71, 82, 102, 106, 125, 116, 127, 124, 116, 122, 107, 79, 68, 48, 26, 21, 7, 6, 3, 2, 14, 6, 15, 44, 53, 76, 84, 113, 110, 125, 127, 123, 125, 97, 107, 78, 70, 51, 25, 17, 12, 4, 5, 8, 9, 23, 40, 47, 68, 70, 97, 106, 127, 119, 124, 127, 119, 104, 81, 68, 57, 51, 10, 4, 1, 0, 0, 11, 33, 54, 72, 72, 97, 104, 125, 122, 127, 127]","[0, 2, 30, 30, 56, 71, 82, 102, 106, 125, 116, 127, 124, 116, 122, 107, 79, 68, 48, 26, 21, 7, 6, 3, 2, 14, 6, 15, 44, 53, 76, 84, 113, 110, 125, 127, 123, 125, 97, 107, 78, 70, 51, 25, 17, 12, 4, 5, 8, 9, 23, 40, 47, 68, 70, 97, 106, 127, 119, 124, 127, 119, 104, 81, 68, 57, 51, 10, 4, 1, 0, 0, 11, 33, 54, 72, 72, 97, 104, 125, 122, 127, 127]"
In-Distribution,5,exact_guidance_u,213,0,84,83,"[129, 0, 2, 30, 30, 56, 71, 82, 102, 106, 125, 116, 127, 124, 116, 122, 107, 79, 68, 48, 26, 21, 7, 6, 3, 2, 14, 6, 15, 44, 53, 76, 84, 113, 110, 125, 127, 123, 125, 97, 107, 78, 70, 51, 25, 17, 12, 4, 5, 8, 9, 23, 40, 47, 68, 70, 97, 106, 127, 119, 124, 127, 119, 104, 81, 68, 57, 51, 10, 4, 1, 0, 0, 11, 33, 54, 72, 72, 97, 104, 125, 122, 127, 127]","[0, 2, 30, 30, 56, 71, 82, 102, 106, 125, 116, 127, 124, 116, 122, 107, 79, 68, 48, 26, 21, 7, 6, 3, 2, 14, 6, 15, 44, 53, 76, 84, 113, 110, 125, 127, 123, 125, 97, 107, 78, 70, 51, 25, 17, 12, 4, 5, 8, 9, 23, 40, 47, 68, 70, 97, 106, 127, 119, 124, 127, 119, 104, 81, 68, 57, 51, 10, 4, 1, 0, 0, 11, 33, 54, 72, 72, 97, 104, 125, 122, 127, 127]"
In-Distribution,5,exact_guidance_u,214,0,84,83,"[129, 0, 2, 30, 30, 56, 71, 82, 102, 106, 125, 116, 127, 124, 116, 122, 107, 79, 68, 48, 26, 21, 7, 6, 3, 2, 14, 6, 15, 44, 53, 76, 84, 113, 110, 125, 127, 123, 125, 97, 107, 78, 70, 51, 25, 17, 12, 4, 5, 8, 9, 23, 40, 47, 68, 70, 97, 106, 127, 119, 124, 127, 119, 104, 81, 68, 57, 51, 10, 4, 1, 0, 0, 11, 33, 54, 72, 72, 97, 104, 125, 122, 127, 127]","[0, 2, 30, 30, 56, 71, 82, 102, 106, 125, 116, 127, 124, 116, 122, 107, 79, 68, 48, 26, 21, 7, 6, 3, 2, 14, 6, 15, 44, 53, 76, 84, 113, 110, 125, 127, 123, 125, 97, 107, 78, 70, 51, 25, 17, 12, 4, 5, 8, 9, 23, 40, 47, 68, 70, 97, 106, 127, 119, 124, 127, 119, 104, 81, 68, 57, 51, 10, 4, 1, 0, 0, 11, 33, 54, 72, 72, 97, 104, 125, 122, 127, 127]"
In-Distribution,5,exact_guidance_u,215,0,84,83,"[129, 0, 2, 30, 30, 56, 71, 82, 102, 106, 125, 116, 127, 124, 116, 122, 107, 79, 68, 48, 26, 21, 7, 6, 3, 2, 14, 6, 15, 44, 53, 76, 84, 113, 110, 125, 127, 123, 125, 97, 107, 78, 70, 51, 25, 17, 12, 4, 5, 8, 9, 23, 40, 47, 68, 70, 97, 106, 127, 119, 124, 127, 119, 104, 81, 68, 57, 51, 10, 4, 1, 0, 0, 11, 33, 54, 72, 72, 97, 104, 125, 122, 127, 127]","[0, 2, 30, 30, 56, 71, 82, 102, 106, 125, 116, 127, 124, 116, 122, 107, 79, 68, 48, 26, 21, 7, 6, 3, 2, 14, 6, 15, 44, 53, 76, 84, 113, 110, 125, 127, 123, 125, 97, 107, 78, 70, 51, 25, 17, 12, 4, 5, 8, 9, 23, 40, 47, 68, 70, 97, 106, 127, 119, 124, 127, 119, 104, 81, 68, 57, 51, 10, 4, 1, 0, 0, 11, 33, 54, 72, 72, 97, 104, 125, 122, 127, 127]"
In-Distribution,5,exact_guidance_u,216,0,84,83,"[129, 0, 2, 30, 30, 56, 71, 82, 102, 106, 125, 116, 127, 124, 116, 122, 107, 79, 68, 48, 26, 21, 7, 6, 3, 2, 14, 6, 15, 44, 53, 76, 84, 113, 110, 125, 127, 123, 125, 97, 107, 78, 70, 51, 25, 17, 12, 4, 5, 8, 9, 23, 40, 47, 68, 70, 97, 106, 127, 119, 124, 127, 119, 104, 81, 68, 57, 51, 10, 4, 1, 0, 0, 11, 33, 54, 72, 72, 97, 104, 125, 122, 127, 127]","[0, 2, 30, 30, 56, 71, 82, 102, 106, 125, 116, 127, 124, 116, 122, 107, 79, 68, 48, 26, 21, 7, 6, 3, 2, 14, 6, 15, 44, 53, 76, 84, 113, 110, 125, 127, 123, 125, 97, 107, 78, 70, 51, 25, 17, 12, 4, 5, 8, 9, 23, 40, 47, 68, 70, 97, 106, 127, 119, 124, 127, 119, 104, 81, 68, 57, 51, 10, 4, 1, 0, 0, 11, 33, 54, 72, 72, 97, 104, 125, 122, 127, 127]"
In-Distribution,5,exact_guidance_u,217,0,84,83,"[129, 0, 2, 30, 30, 56, 71, 82, 102, 106, 125, 116, 127, 124, 116, 122, 107, 79, 68, 48, 26, 21, 7, 6, 3, 2, 14, 6, 15, 44, 53, 76, 84, 113, 110, 125, 127, 123, 125, 97, 107, 78, 70, 51, 25, 17, 12, 4, 5, 8, 9, 23, 40, 47, 68, 70, 97, 106, 127, 119, 124, 127, 119, 104, 81, 68, 57, 51, 10, 4, 1, 0, 0, 11, 33, 54, 72, 72, 97, 104, 125, 122, 127, 127]","[0, 2, 30, 30, 56, 71, 82, 102, 106, 125, 116, 127, 124, 116, 122, 107, 79, 68, 48, 26, 21, 7, 6, 3, 2, 14, 6, 15, 44, 53, 76, 84, 113, 110, 125, 127, 123, 125, 97, 107, 78, 70, 51, 25, 17, 12, 4, 5, 8, 9, 23, 40, 47, 68, 70, 97, 106, 127, 119, 124, 127, 119, 104, 81, 68, 57, 51, 10, 4, 1, 0, 0, 11, 33, 54, 72, 72, 97, 104, 125, 122, 127, 127]"
In-Distribution,5,exact_guidance_u,218,0,85,84,"[129, 0, 2, 30, 30, 56, 71, 82, 102, 106, 125, 116, 127, 124, 116, 122, 107, 79, 68, 48, 26, 21, 7, 6, 3, 2, 14, 6, 15, 44, 53, 76, 84, 113, 110, 125, 127, 123, 125, 116, 97, 107, 78, 70, 51, 25, 17, 12, 4, 5, 8, 9, 23, 40, 47, 68, 70, 97, 106, 127, 119, 124, 127, 119, 104, 81, 68, 57, 51, 10, 4, 1, 0, 0, 11, 33, 54, 72, 72, 97, 104, 125, 122, 127, 127]","[0, 2, 30, 30, 56, 71, 82, 102, 106, 125, 116, 127, 124, 116, 122, 107, 79, 68, 48, 26, 21, 7, 6, 3, 2, 14, 6, 15, 44, 53, 76, 84, 113, 110, 125, 127, 123, 125, 116, 97, 107, 78, 70, 51, 25, 17, 12, 4, 5, 8, 9, 23, 40, 47, 68, 70, 97, 106, 127, 119, 124, 127, 119, 104, 81, 68, 57, 51, 10, 4, 1, 0, 0, 11, 33, 54, 72, 72, 97, 104, 125, 122, 127, 127]"
In-Distribution,5,exact_guidance_u,219,0,85,84,"[129, 0, 2, 30, 30, 56, 71, 82, 102, 106, 125, 116, 127, 124, 116, 122, 107, 79, 68, 48, 26, 21, 7, 6, 3, 2, 14, 6, 15, 44, 53, 76, 84, 113, 110, 125, 127, 123, 125, 116, 97, 107, 78, 70, 51, 25, 17, 12, 4, 5, 8, 9, 23, 40, 47, 68, 70, 97, 106, 127, 119, 124, 127, 119, 104, 81, 68, 57, 51, 10, 4, 1, 0, 0, 11, 33, 54, 72, 72, 97, 104, 125, 122, 127, 127]","[0, 2, 30, 30, 56, 71, 82, 102, 106, 125, 116, 127, 124, 116, 122, 107, 79, 68, 48, 26, 21, 7, 6, 3, 2, 14, 6, 15, 44, 53, 76, 84, 113, 110, 125, 127, 123, 125, 116, 97, 107, 78, 70, 51, 25, 17, 12, 4, 5, 8, 9, 23, 40, 47, 68, 70, 97, 106, 127, 119, 124, 127, 119, 104, 81, 68, 57, 51, 10, 4, 1, 0, 0, 11, 33, 54, 72, 72, 97, 104, 125, 122, 127, 127]"
In-Distribution,5,exact_guidance_u,220,0,85,84,"[129, 0, 2, 30, 30, 56, 71, 82, 102, 106, 125, 116, 127, 124, 116, 122, 107, 79, 68, 48, 26, 21, 7, 6, 3, 2, 14, 6, 15, 44, 53, 76, 84, 113, 110, 125, 127, 123, 125, 116, 97, 107, 78, 70, 51, 25, 17, 12, 4, 5, 8, 9, 23, 40, 47, 68, 70, 97, 106, 127, 119, 124, 127, 119, 104, 81, 68, 57, 51, 10, 4, 1, 0, 0, 11, 33, 54, 72, 72, 97, 104, 125, 122, 127, 127]","[0, 2, 30, 30, 56, 71, 82, 102, 106, 125, 116, 127, 124, 116, 122, 107, 79, 68, 48, 26, 21, 7, 6, 3, 2, 14, 6, 15, 44, 53, 76, 84, 113, 110, 125, 127, 123, 125, 116, 97, 107, 78, 70, 51, 25, 17, 12, 4, 5, 8, 9, 23, 40, 47, 68, 70, 97, 106, 127, 119, 124, 127, 119, 104, 81, 68, 57, 51, 10, 4, 1, 0, 0, 11, 33, 54, 72, 72, 97, 104, 125, 122, 127, 127]"
In-Distribution,5,exact_guidance_u,221,0,85,84,"[129, 0, 2, 30, 30, 56, 71, 82, 102, 106, 125, 116, 127, 124, 116, 122, 107, 79, 68, 48, 26, 21, 7, 6, 3, 2, 14, 6, 15, 44, 53, 76, 84, 113, 110, 125, 127, 123, 125, 116, 97, 107, 78, 70, 51, 25, 17, 12, 4, 5, 8, 9, 23, 40, 47, 68, 70, 97, 106, 127, 119, 124, 127, 119, 104, 81, 68, 57, 51, 10, 4, 1, 0, 0, 11, 33, 54, 72, 72, 97, 104, 125, 122, 127, 127]","[0, 2, 30, 30, 56, 71, 82, 102, 106, 125, 116, 127, 124, 116, 122, 107, 79, 68, 48, 26, 21, 7, 6, 3, 2, 14, 6, 15, 44, 53, 76, 84, 113, 110, 125, 127, 123, 125, 116, 97, 107, 78, 70, 51, 25, 17, 12, 4, 5, 8, 9, 23, 40, 47, 68, 70, 97, 106, 127, 119, 124, 127, 119, 104, 81, 68, 57, 51, 10, 4, 1, 0, 0, 11, 33, 54, 72, 72, 97, 104, 125, 122, 127, 127]"
In-Distribution,5,exact_guidance_u,222,0,85,84,"[129, 0, 2, 30, 30, 56, 71, 82, 102, 106, 125, 116, 127, 124, 116, 122, 107, 79, 68, 48, 26, 21, 7, 6, 3, 2, 14, 6, 15, 44, 53, 76, 84, 113, 110, 125, 127, 123, 125, 116, 97, 107, 78, 70, 51, 25, 17, 12, 4, 5, 8, 9, 23, 40, 47, 68, 70, 97, 106, 127, 119, 124, 127, 119, 104, 81, 68, 57, 51, 10, 4, 1, 0, 0, 11, 33, 54, 72, 72, 97, 104, 125, 122, 127, 127]","[0, 2, 30, 30, 56, 71, 82, 102, 106, 125, 116, 127, 124, 116, 122, 107, 79, 68, 48, 26, 21, 7, 6, 3, 2, 14, 6, 15, 44, 53, 76, 84, 113, 110, 125, 127, 123, 125, 116, 97, 107, 78, 70, 51, 25, 17, 12, 4, 5, 8, 9, 23, 40, 47, 68, 70, 97, 106, 127, 119, 124, 127, 119, 104, 81, 68, 57, 51, 10, 4, 1, 0, 0, 11, 33, 54, 72, 72, 97, 104, 125, 122, 127, 127]"
In-Distribution,5,exact_guidance_u,223,0,85,84,"[129, 0, 2, 30, 30, 56, 71, 82, 102, 106, 125, 116, 127, 124, 116, 122, 107, 79, 68, 48, 26, 21, 7, 6, 3, 2, 14, 6, 15, 44, 53, 76, 84, 113, 110, 125, 127, 123, 125, 116, 97, 107, 78, 70, 51, 25, 17, 12, 4, 5, 8, 9, 23, 40, 47, 68, 70, 97, 106, 127, 119, 124, 127, 119, 104, 81, 68, 57, 51, 10, 4, 1, 0, 0, 11, 33, 54, 72, 72, 97, 104, 125, 122, 127, 127]","[0, 2, 30, 30, 56, 71, 82, 102, 106, 125, 116, 127, 124, 116, 122, 107, 79, 68, 48, 26, 21, 7, 6, 3, 2, 14, 6, 15, 44, 53, 76, 84, 113, 110, 125, 127, 123, 125, 116, 97, 107, 78, 70, 51, 25, 17, 12, 4, 5, 8, 9, 23, 40, 47, 68, 70, 97, 106, 127, 119, 124, 127, 119, 104, 81, 68, 57, 51, 10, 4, 1, 0, 0, 11, 33, 54, 72, 72, 97, 104, 125, 122, 127, 127]"
In-Distribution,5,exact_guidance_u,224,0,85,84,"[129, 0, 2, 30, 30, 56, 71, 82, 102, 106, 125, 116, 127, 124, 116, 122, 107, 79, 68, 48, 26, 21, 7, 6, 3, 2, 14, 6, 15, 44, 53, 76, 84, 113, 110, 125, 127, 123, 125, 116, 97, 107, 78, 70, 51, 25, 17, 12, 4, 5, 8, 9, 23, 40, 47, 68, 70, 97, 106, 127, 119, 124, 127, 119, 104, 81, 68, 57, 51, 10, 4, 1, 0, 0, 11, 33, 54, 72, 72, 97, 104, 125, 122, 127, 127]","[0, 2, 30, 30, 56, 71, 82, 102, 106, 125, 116, 127, 124, 116, 122, 107, 79, 68, 48, 26, 21, 7, 6, 3, 2, 14, 6, 15, 44, 53, 76, 84, 113, 110, 125, 127, 123, 125, 116, 97, 107, 78, 70, 51, 25, 17, 12, 4, 5, 8, 9, 23, 40, 47, 68, 70, 97, 106, 127, 119, 124, 127, 119, 104, 81, 68, 57, 51, 10, 4, 1, 0, 0, 11, 33, 54, 72, 72, 97, 104, 125, 122, 127, 127]"
In-Distribution,5,exact_guidance_u,225,0,85,84,"[129, 0, 2, 30, 30, 56, 71, 82, 102, 106, 125, 116, 127, 124, 116, 122, 107, 79, 68, 48, 26, 21, 7, 6, 3, 2, 14, 6, 15, 44, 53, 76, 84, 113, 110, 125, 127, 123, 125, 116, 97, 107, 78, 70, 51, 25, 17, 12, 4, 5, 8, 9, 23, 40, 47, 68, 70, 97, 106, 127, 119, 124, 127, 119, 104, 81, 68, 57, 51, 10, 4, 1, 0, 0, 11, 33, 54, 72, 72, 97, 104, 125, 122, 127, 127]","[0, 2, 30, 30, 56, 71, 82, 102, 106, 125, 116, 127, 124, 116, 122, 107, 79, 68, 48, 26, 21, 7, 6, 3, 2, 14, 6, 15, 44, 53, 76, 84, 113, 110, 125, 127, 123, 125, 116, 97, 107, 78, 70, 51, 25, 17, 12, 4, 5, 8, 9, 23, 40, 47, 68, 70, 97, 106, 127, 119, 124, 127, 119, 104, 81, 68, 57, 51, 10, 4, 1, 0, 0, 11, 33, 54, 72, 72, 97, 104, 125, 122, 127, 127]"
In-Distribution,5,exact_guidance_u,226,0,85,84,"[129, 0, 2, 30, 30, 56, 71, 82, 102, 106, 125, 116, 127, 124, 116, 122, 107, 79, 68, 48, 26, 21, 7, 6, 3, 2, 14, 6, 15, 44, 53, 76, 84, 113, 110, 125, 127, 123, 125, 116, 97, 107, 78, 70, 51, 25, 17, 12, 4, 5, 8, 9, 23, 40, 47, 68, 70, 97, 106, 127, 119, 124, 127, 119, 104, 81, 68, 57, 51, 10, 4, 1, 0, 0, 11, 33, 54, 72, 72, 97, 104, 125, 122, 127, 127]","[0, 2, 30, 30, 56, 71, 82, 102, 106, 125, 116, 127, 124, 116, 122, 107, 79, 68, 48, 26, 21, 7, 6, 3, 2, 14, 6, 15, 44, 53, 76, 84, 113, 110, 125, 127, 123, 125, 116, 97, 107, 78, 70, 51, 25, 17, 12, 4, 5, 8, 9, 23, 40, 47, 68, 70, 97, 106, 127, 119, 124, 127, 119, 104, 81, 68, 57, 51, 10, 4, 1, 0, 0, 11, 33, 54, 72, 72, 97, 104, 125, 122, 127, 127]"
In-Distribution,5,exact_guidance_u,227,0,85,84,"[129, 0, 2, 30, 30, 56, 71, 82, 102, 106, 125, 116, 127, 124, 116, 122, 107, 79, 68, 48, 26, 21, 7, 6, 3, 2, 14, 6, 15, 44, 53, 76, 84, 113, 110, 125, 127, 123, 125, 116, 97, 107, 78, 70, 51, 25, 17, 12, 4, 5, 8, 9, 23, 40, 47, 68, 70, 97, 106, 127, 119, 124, 127, 119, 104, 81, 68, 57, 51, 10, 4, 1, 0, 0, 11, 33, 54, 72, 72, 97, 104, 125, 122, 127, 127]","[0, 2, 30, 30, 56, 71, 82, 102, 106, 125, 116, 127, 124, 116, 122, 107, 79, 68, 48, 26, 21, 7, 6, 3, 2, 14, 6, 15, 44, 53, 76, 84, 113, 110, 125, 127, 123, 125, 116, 97, 107, 78, 70, 51, 25, 17, 12, 4, 5, 8, 9, 23, 40, 47, 68, 70, 97, 106, 127, 119, 124, 127, 119, 104, 81, 68, 57, 51, 10, 4, 1, 0, 0, 11, 33, 54, 72, 72, 97, 104, 125, 122, 127, 127]"
In-Distribution,5,exact_guidance_u,228,0,85,84,"[129, 0, 2, 30, 30, 56, 71, 82, 102, 106, 125, 116, 127, 124, 116, 122, 107, 79, 68, 48, 26, 21, 7, 6, 3, 2, 14, 6, 15, 44, 53, 76, 84, 113, 110, 125, 127, 123, 125, 116, 97, 107, 78, 70, 51, 25, 17, 12, 4, 5, 8, 9, 23, 40, 47, 68, 70, 97, 106, 127, 119, 124, 127, 119, 104, 81, 68, 57, 51, 10, 4, 1, 0, 0, 11, 33, 54, 72, 72, 97, 104, 125, 122, 127, 127]","[0, 2, 30, 30, 56, 71, 82, 102, 106, 125, 116, 127, 124, 116, 122, 107, 79, 68, 48, 26, 21, 7, 6, 3, 2, 14, 6, 15, 44, 53, 76, 84, 113, 110, 125, 127, 123, 125, 116, 97, 107, 78, 70, 51, 25, 17, 12, 4, 5, 8, 9, 23, 40, 47, 68, 70, 97, 106, 127, 119, 124, 127, 119, 104, 81, 68, 57, 51, 10, 4, 1, 0, 0, 11, 33, 54, 72, 72, 97, 104, 125, 122, 127, 127]"
In-Distribution,5,exact_guidance_u,229,0,85,84,"[129, 0, 2, 30, 30, 56, 71, 82, 102, 106, 125, 116, 127, 124, 116, 122, 107, 79, 68, 48, 26, 21, 7, 6, 3, 2, 14, 6, 15, 44, 53, 76, 84, 113, 110, 125, 127, 123, 125, 116, 97, 107, 78, 70, 51, 25, 17, 12, 4, 5, 8, 9, 23, 40, 47, 68, 70, 97, 106, 127, 119, 124, 127, 119, 104, 81, 68, 57, 51, 10, 4, 1, 0, 0, 11, 33, 54, 72, 72, 97, 104, 125, 122, 127, 127]","[0, 2, 30, 30, 56, 71, 82, 102, 106, 125, 116, 127, 124, 116, 122, 107, 79, 68, 48, 26, 21, 7, 6, 3, 2, 14, 6, 15, 44, 53, 76, 84, 113, 110, 125, 127, 123, 125, 116, 97, 107, 78, 70, 51, 25, 17, 12, 4, 5, 8, 9, 23, 40, 47, 68, 70, 97, 106, 127, 119, 124, 127, 119, 104, 81, 68, 57, 51, 10, 4, 1, 0, 0, 11, 33, 54, 72, 72, 97, 104, 125, 122, 127, 127]"
In-Distribution,5,exact_guidance_u,230,0,85,84,"[129, 0, 2, 30, 30, 56, 71, 82, 102, 106, 125, 116, 127, 124, 116, 122, 107, 79, 68, 48, 26, 21, 7, 6, 3, 2, 14, 6, 15, 44, 53, 76, 84, 113, 110, 125, 127, 123, 125, 116, 97, 107, 78, 70, 51, 25, 17, 12, 4, 5, 8, 9, 23, 40, 47, 68, 70, 97, 106, 127, 119, 124, 127, 119, 104, 81, 68, 57, 51, 10, 4, 1, 0, 0, 11, 33, 54, 72, 72, 97, 104, 125, 122, 127, 127]","[0, 2, 30, 30, 56, 71, 82, 102, 106, 125, 116, 127, 124, 116, 122, 107, 79, 68, 48, 26, 21, 7, 6, 3, 2, 14, 6, 15, 44, 53, 76, 84, 113, 110, 125, 127, 123, 125, 116, 97, 107, 78, 70, 51, 25, 17, 12, 4, 5, 8, 9, 23, 40, 47, 68, 70, 97, 106, 127, 119, 124, 127, 119, 104, 81, 68, 57, 51, 10, 4, 1, 0, 0, 11, 33, 54, 72, 72, 97, 104, 125, 122, 127, 127]"
In-Distribution,5,exact_guidance_u,231,0,85,84,"[129, 0, 2, 30, 30, 56, 71, 82, 102, 106, 125, 116, 127, 124, 116, 122, 107, 79, 68, 48, 26, 21, 7, 6, 3, 2, 14, 6, 15, 44, 53, 76, 84, 113, 110, 125, 127, 123, 125, 116, 97, 107, 78, 70, 51, 25, 17, 12, 4, 5, 8, 9, 23, 40, 47, 68, 70, 97, 106, 127, 119, 124, 127, 119, 104, 81, 68, 57, 51, 10, 4, 1, 0, 0, 11, 33, 54, 72, 72, 97, 104, 125, 122, 127, 127]","[0, 2, 30, 30, 56, 71, 82, 102, 106, 125, 116, 127, 124, 116, 122, 107, 79, 68, 48, 26, 21, 7, 6, 3, 2, 14, 6, 15, 44, 53, 76, 84, 113, 110, 125, 127, 123, 125, 116, 97, 107, 78, 70, 51, 25, 17, 12, 4, 5, 8, 9, 23, 40, 47, 68, 70, 97, 106, 127, 119, 124, 127, 119, 104, 81, 68, 57, 51, 10, 4, 1, 0, 0, 11, 33, 54, 72, 72, 97, 104, 125, 122, 127, 127]"
In-Distribution,5,exact_guidance_u,232,0,85,84,"[129, 0, 2, 30, 30, 56, 71, 82, 102, 106, 125, 116, 127, 124, 116, 122, 107, 79, 68, 48, 26, 21, 7, 6, 3, 2, 14, 6, 15, 44, 53, 76, 84, 113, 110, 125, 127, 123, 125, 116, 97, 107, 78, 70, 51, 25, 17, 12, 4, 5, 8, 9, 23, 40, 47, 68, 70, 97, 106, 127, 119, 124, 127, 119, 104, 81, 68, 57, 51, 10, 4, 1, 0, 0, 11, 33, 54, 72, 72, 97, 104, 125, 122, 127, 127]","[0, 2, 30, 30, 56, 71, 82, 102, 106, 125, 116, 127, 124, 116, 122, 107, 79, 68, 48, 26, 21, 7, 6, 3, 2, 14, 6, 15, 44, 53, 76, 84, 113, 110, 125, 127, 123, 125, 116, 97, 107, 78, 70, 51, 25, 17, 12, 4, 5, 8, 9, 23, 40, 47, 68, 70, 97, 106, 127, 119, 124, 127, 119, 104, 81, 68, 57, 51, 10, 4, 1, 0, 0, 11, 33, 54, 72, 72, 97, 104, 125, 122, 127, 127]"
In-Distribution,5,exact_guidance_u,233,0,85,84,"[129, 0, 2, 30, 30, 56, 71, 82, 102, 106, 125, 116, 127, 124, 116, 122, 107, 79, 68, 48, 26, 21, 7, 6, 3, 2, 14, 6, 15, 44, 53, 76, 84, 113, 110, 125, 127, 123, 125, 116, 97, 107, 78, 70, 51, 25, 17, 12, 4, 5, 8, 9, 23, 40, 47, 68, 70, 97, 106, 127, 119, 124, 127, 119, 104, 81, 68, 57, 51, 10, 4, 1, 0, 0, 11, 33, 54, 72, 72, 97, 104, 125, 122, 127, 127]","[0, 2, 30, 30, 56, 71, 82, 102, 106, 125, 116, 127, 124, 116, 122, 107, 79, 68, 48, 26, 21, 7, 6, 3, 2, 14, 6, 15, 44, 53, 76, 84, 113, 110, 125, 127, 123, 125, 116, 97, 107, 78, 70, 51, 25, 17, 12, 4, 5, 8, 9, 23, 40, 47, 68, 70, 97, 106, 127, 119, 124, 127, 119, 104, 81, 68, 57, 51, 10, 4, 1, 0, 0, 11, 33, 54, 72, 72, 97, 104, 125, 122, 127, 127]"
In-Distribution,5,exact_guidance_u,234,0,85,84,"[129, 0, 2, 30, 30, 56, 71, 82, 102, 106, 125, 116, 127, 124, 116, 122, 107, 79, 68, 48, 26, 21, 7, 6, 3, 2, 14, 6, 15, 44, 53, 76, 84, 113, 110, 125, 127, 123, 125, 116, 97, 107, 78, 70, 51, 25, 17, 12, 4, 5, 8, 9, 23, 40, 47, 68, 70, 97, 106, 127, 119, 124, 127, 119, 104, 81, 68, 57, 51, 10, 4, 1, 0, 0, 11, 33, 54, 72, 72, 97, 104, 125, 122, 127, 127]","[0, 2, 30, 30, 56, 71, 82, 102, 106, 125, 116, 127, 124, 116, 122, 107, 79, 68, 48, 26, 21, 7, 6, 3, 2, 14, 6, 15, 44, 53, 76, 84, 113, 110, 125, 127, 123, 125, 116, 97, 107, 78, 70, 51, 25, 17, 12, 4, 5, 8, 9, 23, 40, 47, 68, 70, 97, 106, 127, 119, 124, 127, 119, 104, 81, 68, 57, 51, 10, 4, 1, 0, 0, 11, 33, 54, 72, 72, 97, 104, 125, 122, 127, 127]"
In-Distribution,5,exact_guidance_u,235,0,86,85,"[129, 0, 2, 30, 30, 56, 71, 82, 102, 106, 125, 116, 127, 124, 116, 122, 107, 79, 68, 48, 26, 21, 7, 6, 3, 2, 14, 6, 15, 44, 53, 76, 84, 113, 110, 125, 127, 123, 125, 116, 97, 107, 78, 70, 51, 25, 17, 12, 4, 5, 8, 9, 23, 40, 47, 68, 70, 97, 106, 127, 119, 124, 127, 119, 104, 81, 68, 57, 51, 10, 4, 1, 0, 0, 11, 36, 33, 54, 72, 72, 97, 104, 125, 122, 127, 127]","[0, 2, 30, 30, 56, 71, 82, 102, 106, 125, 116, 127, 124, 116, 122, 107, 79, 68, 48, 26, 21, 7, 6, 3, 2, 14, 6, 15, 44, 53, 76, 84, 113, 110, 125, 127, 123, 125, 116, 97, 107, 78, 70, 51, 25, 17, 12, 4, 5, 8, 9, 23, 40, 47, 68, 70, 97, 106, 127, 119, 124, 127, 119, 104, 81, 68, 57, 51, 10, 4, 1, 0, 0, 11, 36, 33, 54, 72, 72, 97, 104, 125, 122, 127, 127]"
In-Distribution,5,exact_guidance_u,236,0,86,85,"[129, 0, 2, 30, 30, 56, 71, 82, 102, 106, 125, 116, 127, 124, 116, 122, 107, 79, 68, 48, 26, 21, 7, 6, 3, 2, 14, 6, 15, 44, 53, 76, 84, 113, 110, 125, 127, 123, 125, 116, 97, 107, 78, 70, 51, 25, 17, 12, 4, 5, 8, 9, 23, 40, 47, 68, 70, 97, 106, 127, 119, 124, 127, 119, 104, 81, 68, 57, 51, 10, 4, 1, 0, 0, 11, 36, 33, 54, 72, 72, 97, 104, 125, 122, 127, 127]","[0, 2, 30, 30, 56, 71, 82, 102, 106, 125, 116, 127, 124, 116, 122, 107, 79, 68, 48, 26, 21, 7, 6, 3, 2, 14, 6, 15, 44, 53, 76, 84, 113, 110, 125, 127, 123, 125, 116, 97, 107, 78, 70, 51, 25, 17, 12, 4, 5, 8, 9, 23, 40, 47, 68, 70, 97, 106, 127, 119, 124, 127, 119, 104, 81, 68, 57, 51, 10, 4, 1, 0, 0, 11, 36, 33, 54, 72, 72, 97, 104, 125, 122, 127, 127]"
In-Distribution,5,exact_guidance_u,237,0,86,85,"[129, 0, 2, 30, 30, 56, 71, 82, 102, 106, 125, 116, 127, 124, 116, 122, 107, 79, 68, 48, 26, 21, 7, 6, 3, 2, 14, 6, 15, 44, 53, 76, 84, 113, 110, 125, 127, 123, 125, 116, 97, 107, 78, 70, 51, 25, 17, 12, 4, 5, 8, 9, 23, 40, 47, 68, 70, 97, 106, 127, 119, 124, 127, 119, 104, 81, 68, 57, 51, 10, 4, 1, 0, 0, 11, 36, 33, 54, 72, 72, 97, 104, 125, 122, 127, 127]","[0, 2, 30, 30, 56, 71, 82, 102, 106, 125, 116, 127, 124, 116, 122, 107, 79, 68, 48, 26, 21, 7, 6, 3, 2, 14, 6, 15, 44, 53, 76, 84, 113, 110, 125, 127, 123, 125, 116, 97, 107, 78, 70, 51, 25, 17, 12, 4, 5, 8, 9, 23, 40, 47, 68, 70, 97, 106, 127, 119, 124, 127, 119, 104, 81, 68, 57, 51, 10, 4, 1, 0, 0, 11, 36, 33, 54, 72, 72, 97, 104, 125, 122, 127, 127]"
In-Distribution,5,exact_guidance_u,238,0,86,85,"[129, 0, 2, 30, 30, 56, 71, 82, 102, 106, 125, 116, 127, 124, 116, 122, 107, 79, 68, 48, 26, 21, 7, 6, 3, 2, 14, 6, 15, 44, 53, 76, 84, 113, 110, 125, 127, 123, 125, 116, 97, 107, 78, 70, 51, 25, 17, 12, 4, 5, 8, 9, 23, 40, 47, 68, 70, 97, 106, 127, 119, 124, 127, 119, 104, 81, 68, 57, 51, 10, 4, 1, 0, 0, 11, 36, 33, 54, 72, 72, 97, 104, 125, 122, 127, 127]","[0, 2, 30, 30, 56, 71, 82, 102, 106, 125, 116, 127, 124, 116, 122, 107, 79, 68, 48, 26, 21, 7, 6, 3, 2, 14, 6, 15, 44, 53, 76, 84, 113, 110, 125, 127, 123, 125, 116, 97, 107, 78, 70, 51, 25, 17, 12, 4, 5, 8, 9, 23, 40, 47, 68, 70, 97, 106, 127, 119, 124, 127, 119, 104, 81, 68, 57, 51, 10, 4, 1, 0, 0, 11, 36, 33, 54, 72, 72, 97, 104, 125, 122, 127, 127]"
In-Distribution,5,exact_guidance_u,239,0,86,85,"[129, 0, 2, 30, 30, 56, 71, 82, 102, 106, 125, 116, 127, 124, 116, 122, 107, 79, 68, 48, 26, 21, 7, 6, 3, 2, 14, 6, 15, 44, 53, 76, 84, 113, 110, 125, 127, 123, 125, 116, 97, 107, 78, 70, 51, 25, 17, 12, 4, 5, 8, 9, 23, 40, 47, 68, 70, 97, 106, 127, 119, 124, 127, 119, 104, 81, 68, 57, 51, 10, 4, 1, 0, 0, 11, 36, 33, 54, 72, 72, 97, 104, 125, 122, 127, 127]","[0, 2, 30, 30, 56, 71, 82, 102, 106, 125, 116, 127, 124, 116, 122, 107, 79, 68, 48, 26, 21, 7, 6, 3, 2, 14, 6, 15, 44, 53, 76, 84, 113, 110, 125, 127, 123, 125, 116, 97, 107, 78, 70, 51, 25, 17, 12, 4, 5, 8, 9, 23, 40, 47, 68, 70, 97, 106, 127, 119, 124, 127, 119, 104, 81, 68, 57, 51, 10, 4, 1, 0, 0, 11, 36, 33, 54, 72, 72, 97, 104, 125, 122, 127, 127]"
In-Distribution,5,exact_guidance_u,240,0,86,85,"[129, 0, 2, 30, 30, 56, 71, 82, 102, 106, 125, 116, 127, 124, 116, 122, 107, 79, 68, 48, 26, 21, 7, 6, 3, 2, 14, 6, 15, 44, 53, 76, 84, 113, 110, 125, 127, 123, 125, 116, 97, 107, 78, 70, 51, 25, 17, 12, 4, 5, 8, 9, 23, 40, 47, 68, 70, 97, 106, 127, 119, 124, 127, 119, 104, 81, 68, 57, 51, 10, 4, 1, 0, 0, 11, 36, 33, 54, 72, 72, 97, 104, 125, 122, 127, 127]","[0, 2, 30, 30, 56, 71, 82, 102, 106, 125, 116, 127, 124, 116, 122, 107, 79, 68, 48, 26, 21, 7, 6, 3, 2, 14, 6, 15, 44, 53, 76, 84, 113, 110, 125, 127, 123, 125, 116, 97, 107, 78, 70, 51, 25, 17, 12, 4, 5, 8, 9, 23, 40, 47, 68, 70, 97, 106, 127, 119, 124, 127, 119, 104, 81, 68, 57, 51, 10, 4, 1, 0, 0, 11, 36, 33, 54, 72, 72, 97, 104, 125, 122, 127, 127]"
In-Distribution,5,exact_guidance_u,241,0,87,86,"[129, 0, 2, 30, 30, 56, 71, 82, 102, 106, 125, 116, 127, 124, 116, 122, 107, 79, 68, 48, 26, 21, 7, 6, 3, 2, 14, 6, 15, 44, 53, 76, 84, 113, 110, 125, 127, 123, 125, 116, 97, 107, 78, 70, 51, 25, 17, 12, 4, 5, 4, 8, 9, 23, 40, 47, 68, 70, 97, 106, 127, 119, 124, 127, 119, 104, 81, 68, 57, 51, 10, 4, 1, 0, 0, 11, 36, 33, 54, 72, 72, 97, 104, 125, 122, 127, 127]","[0, 2, 30, 30, 56, 71, 82, 102, 106, 125, 116, 127, 124, 116, 122, 107, 79, 68, 48, 26, 21, 7, 6, 3, 2, 14, 6, 15, 44, 53, 76, 84, 113, 110, 125, 127, 123, 125, 116, 97, 107, 78, 70, 51, 25, 17, 12, 4, 5, 4, 8, 9, 23, 40, 47, 68, 70, 97, 106, 127, 119, 124, 127, 119, 104, 81, 68, 57, 51, 10, 4, 1, 0, 0, 11, 36, 33, 54, 72, 72, 97, 104, 125, 122, 127, 127]"
In-Distribution,5,exact_guidance_u,242,0,87,86,"[129, 0, 2, 30, 30, 56, 71, 82, 102, 106, 125, 116, 127, 124, 116, 122, 107, 79, 68, 48, 26, 21, 7, 6, 3, 2, 14, 6, 15, 44, 53, 76, 84, 113, 110, 125, 127, 123, 125, 116, 97, 107, 78, 70, 51, 25, 17, 12, 4, 5, 4, 8, 9, 23, 40, 47, 68, 70, 97, 106, 127, 119, 124, 127, 119, 104, 81, 68, 57, 51, 10, 4, 1, 0, 0, 11, 36, 33, 54, 72, 72, 97, 104, 125, 122, 127, 127]","[0, 2, 30, 30, 56, 71, 82, 102, 106, 125, 116, 127, 124, 116, 122, 107, 79, 68, 48, 26, 21, 7, 6, 3, 2, 14, 6, 15, 44, 53, 76, 84, 113, 110, 125, 127, 123, 125, 116, 97, 107, 78, 70, 51, 25, 17, 12, 4, 5, 4, 8, 9, 23, 40, 47, 68, 70, 97, 106, 127, 119, 124, 127, 119, 104, 81, 68, 57, 51, 10, 4, 1, 0, 0, 11, 36, 33, 54, 72, 72, 97, 104, 125, 122, 127, 127]"
In-Distribution,5,exact_guidance_u,243,0,87,86,"[129, 0, 2, 30, 30, 56, 71, 82, 102, 106, 125, 116, 127, 124, 116, 122, 107, 79, 68, 48, 26, 21, 7, 6, 3, 2, 14, 6, 15, 44, 53, 76, 84, 113, 110, 125, 127, 123, 125, 116, 97, 107, 78, 70, 51, 25, 17, 12, 4, 5, 4, 8, 9, 23, 40, 47, 68, 70, 97, 106, 127, 119, 124, 127, 119, 104, 81, 68, 57, 51, 10, 4, 1, 0, 0, 11, 36, 33, 54, 72, 72, 97, 104, 125, 122, 127, 127]","[0, 2, 30, 30, 56, 71, 82, 102, 106, 125, 116, 127, 124, 116, 122, 107, 79, 68, 48, 26, 21, 7, 6, 3, 2, 14, 6, 15, 44, 53, 76, 84, 113, 110, 125, 127, 123, 125, 116, 97, 107, 78, 70, 51, 25, 17, 12, 4, 5, 4, 8, 9, 23, 40, 47, 68, 70, 97, 106, 127, 119, 124, 127, 119, 104, 81, 68, 57, 51, 10, 4, 1, 0, 0, 11, 36, 33, 54, 72, 72, 97, 104, 125, 122, 127, 127]"
In-Distribution,5,exact_guidance_u,244,0,87,86,"[129, 0, 2, 30, 30, 56, 71, 82, 102, 106, 125, 116, 127, 124, 116, 122, 107, 79, 68, 48, 26, 21, 7, 6, 3, 2, 14, 6, 15, 44, 53, 76, 84, 113, 110, 125, 127, 123, 125, 116, 97, 107, 78, 70, 51, 25, 17, 12, 4, 5, 4, 8, 9, 23, 40, 47, 68, 70, 97, 106, 127, 119, 124, 127, 119, 104, 81, 68, 57, 51, 10, 4, 1, 0, 0, 11, 36, 33, 54, 72, 72, 97, 104, 125, 122, 127, 127]","[0, 2, 30, 30, 56, 71, 82, 102, 106, 125, 116, 127, 124, 116, 122, 107, 79, 68, 48, 26, 21, 7, 6, 3, 2, 14, 6, 15, 44, 53, 76, 84, 113, 110, 125, 127, 123, 125, 116, 97, 107, 78, 70, 51, 25, 17, 12, 4, 5, 4, 8, 9, 23, 40, 47, 68, 70, 97, 106, 127, 119, 124, 127, 119, 104, 81, 68, 57, 51, 10, 4, 1, 0, 0, 11, 36, 33, 54, 72, 72, 97, 104, 125, 122, 127, 127]"
In-Distribution,5,exact_guidance_u,245,0,88,87,"[129, 0, 2, 30, 30, 56, 71, 82, 102, 106, 125, 116, 127, 124, 116, 122, 107, 79, 68, 48, 26, 21, 7, 6, 3, 2, 14, 6, 15, 44, 53, 76, 84, 113, 110, 125, 127, 123, 125, 116, 97, 107, 78, 70, 51, 25, 17, 12, 4, 5, 4, 8, 9, 23, 40, 47, 68, 70, 97, 106, 127, 119, 124, 127, 119, 104, 81, 68, 57, 51, 3, 10, 4, 1, 0, 0, 11, 36, 33, 54, 72, 72, 97, 104, 125, 122, 127, 127]","[0, 2, 30, 30, 56, 71, 82, 102, 106, 125, 116, 127, 124, 116, 122, 107, 79, 68, 48, 26, 21, 7, 6, 3, 2, 14, 6, 15, 44, 53, 76, 84, 113, 110, 125, 127, 123, 125, 116, 97, 107, 78, 70, 51, 25, 17, 12, 4, 5, 4, 8, 9, 23, 40, 47, 68, 70, 97, 106, 127, 119, 124, 127, 119, 104, 81, 68, 57, 51, 3, 10, 4, 1, 0, 0, 11, 36, 33, 54, 72, 72, 97, 104, 125, 122, 127, 127]"
In-Distribution,5,exact_guidance_u,246,0,88,87,"[129, 0, 2, 30, 30, 56, 71, 82, 102, 106, 125, 116, 127, 124, 116, 122, 107, 79, 68, 48, 26, 21, 7, 6, 3, 2, 14, 6, 15, 44, 53, 76, 84, 113, 110, 125, 127, 123, 125, 116, 97, 107, 78, 70, 51, 25, 17, 12, 4, 5, 4, 8, 9, 23, 40, 47, 68, 70, 97, 106, 127, 119, 124, 127, 119, 104, 81, 68, 57, 51, 3, 10, 4, 1, 0, 0, 11, 36, 33, 54, 72, 72, 97, 104, 125, 122, 127, 127]","[0, 2, 30, 30, 56, 71, 82, 102, 106, 125, 116, 127, 124, 116, 122, 107, 79, 68, 48, 26, 21, 7, 6, 3, 2, 14, 6, 15, 44, 53, 76, 84, 113, 110, 125, 127, 123, 125, 116, 97, 107, 78, 70, 51, 25, 17, 12, 4, 5, 4, 8, 9, 23, 40, 47, 68, 70, 97, 106, 127, 119, 124, 127, 119, 104, 81, 68, 57, 51, 3, 10, 4, 1, 0, 0, 11, 36, 33, 54, 72, 72, 97, 104, 125, 122, 127, 127]"
In-Distribution,5,exact_guidance_u,247,0,89,88,"[129, 0, 2, 30, 30, 56, 71, 82, 102, 106, 125, 116, 127, 124, 116, 122, 107, 79, 68, 48, 26, 21, 7, 6, 3, 2, 14, 6, 15, 44, 53, 76, 84, 113, 110, 125, 127, 123, 125, 116, 97, 107, 78, 70, 51, 25, 17, 12, 4, 5, 4, 8, 9, 23, 40, 47, 68, 70, 97, 106, 127, 119, 124, 127, 119, 104, 94, 81, 68, 57, 51, 3, 10, 4, 1, 0, 0, 11, 36, 33, 54, 72, 72, 97, 104, 125, 122, 127, 127]","[0, 2, 30, 30, 56, 71, 82, 102, 106, 125, 116, 127, 124, 116, 122, 107, 79, 68, 48, 26, 21, 7, 6, 3, 2, 14, 6, 15, 44, 53, 76, 84, 113, 110, 125, 127, 123, 125, 116, 97, 107, 78, 70, 51, 25, 17, 12, 4, 5, 4, 8, 9, 23, 40, 47, 68, 70, 97, 106, 127, 119, 124, 127, 119, 104, 94, 81, 68, 57, 51, 3, 10, 4, 1, 0, 0, 11, 36, 33, 54, 72, 72, 97, 104, 125, 122, 127, 127]"
In-Distribution,5,exact_guidance_u,248,0,89,88,"[129, 0, 2, 30, 30, 56, 71, 82, 102, 106, 125, 116, 127, 124, 116, 122, 107, 79, 68, 48, 26, 21, 7, 6, 3, 2, 14, 6, 15, 44, 53, 76, 84, 113, 110, 125, 127, 123, 125, 116, 97, 107, 78, 70, 51, 25, 17, 12, 4, 5, 4, 8, 9, 23, 40, 47, 68, 70, 97, 106, 127, 119, 124, 127, 119, 104, 94, 81, 68, 57, 51, 3, 10, 4, 1, 0, 0, 11, 36, 33, 54, 72, 72, 97, 104, 125, 122, 127, 127]","[0, 2, 30, 30, 56, 71, 82, 102, 106, 125, 116, 127, 124, 116, 122, 107, 79, 68, 48, 26, 21, 7, 6, 3, 2, 14, 6, 15, 44, 53, 76, 84, 113, 110, 125, 127, 123, 125, 116, 97, 107, 78, 70, 51, 25, 17, 12, 4, 5, 4, 8, 9, 23, 40, 47, 68, 70, 97, 106, 127, 119, 124, 127, 119, 104, 94, 81, 68, 57, 51, 3, 10, 4, 1, 0, 0, 11, 36, 33, 54, 72, 72, 97, 104, 125, 122, 127, 127]"
In-Distribution,5,exact_guidance_u,249,0,89,88,"[129, 0, 2, 30, 30, 56, 71, 82, 102, 106, 125, 116, 127, 124, 116, 122, 107, 79, 68, 48, 26, 21, 7, 6, 3, 2, 14, 6, 15, 44, 53, 76, 84, 113, 110, 125, 127, 123, 125, 116, 97, 107, 78, 70, 51, 25, 17, 12, 4, 5, 4, 8, 9, 23, 40, 47, 68, 70, 97, 106, 127, 119, 124, 127, 119, 104, 94, 81, 68, 57, 51, 3, 10, 4, 1, 0, 0, 11, 36, 33, 54, 72, 72, 97, 104, 125, 122, 127, 127]","[0, 2, 30, 30, 56, 71, 82, 102, 106, 125, 116, 127, 124, 116, 122, 107, 79, 68, 48, 26, 21, 7, 6, 3, 2, 14, 6, 15, 44, 53, 76, 84, 113, 110, 125, 127, 123, 125, 116, 97, 107, 78, 70, 51, 25, 17, 12, 4, 5, 4, 8, 9, 23, 40, 47, 68, 70, 97, 106, 127, 119, 124, 127, 119, 104, 94, 81, 68, 57, 51, 3, 10, 4, 1, 0, 0, 11, 36, 33, 54, 72, 72, 97, 104, 125, 122, 127, 127]"
In-Distribution,5,exact_guidance_u,250,0,89,88,"[129, 0, 2, 30, 30, 56, 71, 82, 102, 106, 125, 116, 127, 124, 116, 122, 107, 79, 68, 48, 26, 21, 7, 6, 3, 2, 14, 6, 15, 44, 53, 76, 84, 113, 110, 125, 127, 123, 125, 116, 97, 107, 78, 70, 51, 25, 17, 12, 4, 5, 4, 8, 9, 23, 40, 47, 68, 70, 97, 106, 127, 119, 124, 127, 119, 104, 94, 81, 68, 57, 51, 3, 10, 4, 1, 0, 0, 11, 36, 33, 54, 72, 72, 97, 104, 125, 122, 127, 127]","[0, 2, 30, 30, 56, 71, 82, 102, 106, 125, 116, 127, 124, 116, 122, 107, 79, 68, 48, 26, 21, 7, 6, 3, 2, 14, 6, 15, 44, 53, 76, 84, 113, 110, 125, 127, 123, 125, 116, 97, 107, 78, 70, 51, 25, 17, 12, 4, 5, 4, 8, 9, 23, 40, 47, 68, 70, 97, 106, 127, 119, 124, 127, 119, 104, 94, 81, 68, 57, 51, 3, 10, 4, 1, 0, 0, 11, 36, 33, 54, 72, 72, 97, 104, 125, 122, 127, 127]"
In-Distribution,5,exact_guidance_u,251,0,89,88,"[129, 0, 2, 30, 30, 56, 71, 82, 102, 106, 125, 116, 127, 124, 116, 122, 107, 79, 68, 48, 26, 21, 7, 6, 3, 2, 14, 6, 15, 44, 53, 76, 84, 113, 110, 125, 127, 123, 125, 116, 97, 107, 78, 70, 51, 25, 17, 12, 4, 5, 4, 8, 9, 23, 40, 47, 68, 70, 97, 106, 127, 119, 124, 127, 119, 104, 94, 81, 68, 57, 51, 3, 10, 4, 1, 0, 0, 11, 36, 33, 54, 72, 72, 97, 104, 125, 122, 127, 127]","[0, 2, 30, 30, 56, 71, 82, 102, 106, 125, 116, 127, 124, 116, 122, 107, 79, 68, 48, 26, 21, 7, 6, 3, 2, 14, 6, 15, 44, 53, 76, 84, 113, 110, 125, 127, 123, 125, 116, 97, 107, 78, 70, 51, 25, 17, 12, 4, 5, 4, 8, 9, 23, 40, 47, 68, 70, 97, 106, 127, 119, 124, 127, 119, 104, 94, 81, 68, 57, 51, 3, 10, 4, 1, 0, 0, 11, 36, 33, 54, 72, 72, 97, 104, 125, 122, 127, 127]"
In-Distribution,5,exact_guidance_u,252,0,89,88,"[129, 0, 2, 30, 30, 56, 71, 82, 102, 106, 125, 116, 127, 124, 116, 122, 107, 79, 68, 48, 26, 21, 7, 6, 3, 2, 14, 6, 15, 44, 53, 76, 84, 113, 110, 125, 127, 123, 125, 116, 97, 107, 78, 70, 51, 25, 17, 12, 4, 5, 4, 8, 9, 23, 40, 47, 68, 70, 97, 106, 127, 119, 124, 127, 119, 104, 94, 81, 68, 57, 51, 3, 10, 4, 1, 0, 0, 11, 36, 33, 54, 72, 72, 97, 104, 125, 122, 127, 127]","[0, 2, 30, 30, 56, 71, 82, 102, 106, 125, 116, 127, 124, 116, 122, 107, 79, 68, 48, 26, 21, 7, 6, 3, 2, 14, 6, 15, 44, 53, 76, 84, 113, 110, 125, 127, 123, 125, 116, 97, 107, 78, 70, 51, 25, 17, 12, 4, 5, 4, 8, 9, 23, 40, 47, 68, 70, 97, 106, 127, 119, 124, 127, 119, 104, 94, 81, 68, 57, 51, 3, 10, 4, 1, 0, 0, 11, 36, 33, 54, 72, 72, 97, 104, 125, 122, 127, 127]"
In-Distribution,5,exact_guidance_u,253,0,89,88,"[129, 0, 2, 30, 30, 56, 71, 82, 102, 106, 125, 116, 127, 124, 116, 122, 107, 79, 68, 48, 26, 21, 7, 6, 3, 2, 14, 6, 15, 44, 53, 76, 84, 113, 110, 125, 127, 123, 125, 116, 97, 107, 78, 70, 51, 25, 17, 12, 4, 5, 4, 8, 9, 23, 40, 47, 68, 70, 97, 106, 127, 119, 124, 127, 119, 104, 94, 81, 68, 57, 51, 3, 10, 4, 1, 0, 0, 11, 36, 33, 54, 72, 72, 97, 104, 125, 122, 127, 127]","[0, 2, 30, 30, 56, 71, 82, 102, 106, 125, 116, 127, 124, 116, 122, 107, 79, 68, 48, 26, 21, 7, 6, 3, 2, 14, 6, 15, 44, 53, 76, 84, 113, 110, 125, 127, 123, 125, 116, 97, 107, 78, 70, 51, 25, 17, 12, 4, 5, 4, 8, 9, 23, 40, 47, 68, 70, 97, 106, 127, 119, 124, 127, 119, 104, 94, 81, 68, 57, 51, 3, 10, 4, 1, 0, 0, 11, 36, 33, 54, 72, 72, 97, 104, 125, 122, 127, 127]"
In-Distribution,5,exact_guidance_u,254,0,89,88,"[129, 0, 2, 30, 30, 56, 71, 82, 102, 106, 125, 116, 127, 124, 116, 122, 107, 79, 68, 48, 26, 21, 7, 6, 3, 2, 14, 6, 15, 44, 53, 76, 84, 113, 110, 125, 127, 123, 125, 116, 97, 107, 78, 70, 51, 25, 17, 12, 4, 5, 4, 8, 9, 23, 40, 47, 68, 70, 97, 106, 127, 119, 124, 127, 119, 104, 94, 81, 68, 57, 51, 3, 10, 4, 1, 0, 0, 11, 36, 33, 54, 72, 72, 97, 104, 125, 122, 127, 127]","[0, 2, 30, 30, 56, 71, 82, 102, 106, 125, 116, 127, 124, 116, 122, 107, 79, 68, 48, 26, 21, 7, 6, 3, 2, 14, 6, 15, 44, 53, 76, 84, 113, 110, 125, 127, 123, 125, 116, 97, 107, 78, 70, 51, 25, 17, 12, 4, 5, 4, 8, 9, 23, 40, 47, 68, 70, 97, 106, 127, 119, 124, 127, 119, 104, 94, 81, 68, 57, 51, 3, 10, 4, 1, 0, 0, 11, 36, 33, 54, 72, 72, 97, 104, 125, 122, 127, 127]"
In-Distribution,5,exact_guidance_u,255,0,89,88,"[129, 0, 2, 30, 30, 56, 71, 82, 102, 106, 125, 116, 127, 124, 116, 122, 107, 79, 68, 48, 26, 21, 7, 6, 3, 2, 14, 6, 15, 44, 53, 76, 84, 113, 110, 125, 127, 123, 125, 116, 97, 107, 78, 70, 51, 25, 17, 12, 4, 5, 4, 8, 9, 23, 40, 47, 68, 70, 97, 106, 127, 119, 124, 127, 119, 104, 94, 81, 68, 57, 51, 3, 10, 4, 1, 0, 0, 11, 36, 33, 54, 72, 72, 97, 104, 125, 122, 127, 127]","[0, 2, 30, 30, 56, 71, 82, 102, 106, 125, 116, 127, 124, 116, 122, 107, 79, 68, 48, 26, 21, 7, 6, 3, 2, 14, 6, 15, 44, 53, 76, 84, 113, 110, 125, 127, 123, 125, 116, 97, 107, 78, 70, 51, 25, 17, 12, 4, 5, 4, 8, 9, 23, 40, 47, 68, 70, 97, 106, 127, 119, 124, 127, 119, 104, 94, 81, 68, 57, 51, 3, 10, 4, 1, 0, 0, 11, 36, 33, 54, 72, 72, 97, 104, 125, 122, 127, 127]"
In-Distribution,5,exact_guidance_u,256,0,89,88,"[129, 0, 2, 30, 30, 56, 71, 82, 102, 106, 125, 116, 127, 124, 116, 122, 107, 79, 68, 48, 26, 21, 7, 6, 3, 2, 14, 6, 15, 44, 53, 76, 84, 113, 110, 125, 127, 123, 125, 116, 97, 107, 78, 70, 51, 25, 17, 12, 4, 5, 4, 8, 9, 23, 40, 47, 68, 70, 97, 106, 127, 119, 124, 127, 119, 104, 94, 81, 68, 57, 51, 3, 10, 4, 1, 0, 0, 11, 36, 33, 54, 72, 72, 97, 104, 125, 122, 127, 127]","[0, 2, 30, 30, 56, 71, 82, 102, 106, 125, 116, 127, 124, 116, 122, 107, 79, 68, 48, 26, 21, 7, 6, 3, 2, 14, 6, 15, 44, 53, 76, 84, 113, 110, 125, 127, 123, 125, 116, 97, 107, 78, 70, 51, 25, 17, 12, 4, 5, 4, 8, 9, 23, 40, 47, 68, 70, 97, 106, 127, 119, 124, 127, 119, 104, 94, 81, 68, 57, 51, 3, 10, 4, 1, 0, 0, 11, 36, 33, 54, 72, 72, 97, 104, 125, 122, 127, 127]"
In-Distribution,5,exact_guidance_u,257,0,89,88,"[129, 0, 2, 30, 30, 56, 71, 82, 102, 106, 125, 116, 127, 124, 116, 122, 107, 79, 68, 48, 26, 21, 7, 6, 3, 2, 14, 6, 15, 44, 53, 76, 84, 113, 110, 125, 127, 123, 125, 116, 97, 107, 78, 70, 51, 25, 17, 12, 4, 5, 4, 8, 9, 23, 40, 47, 68, 70, 97, 106, 127, 119, 124, 127, 119, 104, 94, 81, 68, 57, 51, 3, 10, 4, 1, 0, 0, 11, 36, 33, 54, 72, 72, 97, 104, 125, 122, 127, 127]","[0, 2, 30, 30, 56, 71, 82, 102, 106, 125, 116, 127, 124, 116, 122, 107, 79, 68, 48, 26, 21, 7, 6, 3, 2, 14, 6, 15, 44, 53, 76, 84, 113, 110, 125, 127, 123, 125, 116, 97, 107, 78, 70, 51, 25, 17, 12, 4, 5, 4, 8, 9, 23, 40, 47, 68, 70, 97, 106, 127, 119, 124, 127, 119, 104, 94, 81, 68, 57, 51, 3, 10, 4, 1, 0, 0, 11, 36, 33, 54, 72, 72, 97, 104, 125, 122, 127, 127]"
In-Distribution,5,exact_guidance_u,258,0,89,88,"[129, 0, 2, 30, 30, 56, 71, 82, 102, 106, 125, 116, 127, 124, 116, 122, 107, 79, 68, 48, 26, 21, 7, 6, 3, 2, 14, 6, 15, 44, 53, 76, 84, 113, 110, 125, 127, 123, 125, 116, 97, 107, 78, 70, 51, 25, 17, 12, 4, 5, 4, 8, 9, 23, 40, 47, 68, 70, 97, 106, 127, 119, 124, 127, 119, 104, 94, 81, 68, 57, 51, 3, 10, 4, 1, 0, 0, 11, 36, 33, 54, 72, 72, 97, 104, 125, 122, 127, 127]","[0, 2, 30, 30, 56, 71, 82, 102, 106, 125, 116, 127, 124, 116, 122, 107, 79, 68, 48, 26, 21, 7, 6, 3, 2, 14, 6, 15, 44, 53, 76, 84, 113, 110, 125, 127, 123, 125, 116, 97, 107, 78, 70, 51, 25, 17, 12, 4, 5, 4, 8, 9, 23, 40, 47, 68, 70, 97, 106, 127, 119, 124, 127, 119, 104, 94, 81, 68, 57, 51, 3, 10, 4, 1, 0, 0, 11, 36, 33, 54, 72, 72, 97, 104, 125, 122, 127, 127]"
In-Distribution,5,exact_guidance_u,259,0,89,88,"[129, 0, 2, 30, 30, 56, 71, 82, 102, 106, 125, 116, 127, 124, 116, 122, 107, 79, 68, 48, 26, 21, 7, 6, 3, 2, 14, 6, 15, 44, 53, 76, 84, 113, 110, 125, 127, 123, 125, 116, 97, 107, 78, 70, 51, 25, 17, 12, 4, 5, 4, 8, 9, 23, 40, 47, 68, 70, 97, 106, 127, 119, 124, 127, 119, 104, 94, 81, 68, 57, 51, 3, 10, 4, 1, 0, 0, 11, 36, 33, 54, 72, 72, 97, 104, 125, 122, 127, 127]","[0, 2, 30, 30, 56, 71, 82, 102, 106, 125, 116, 127, 124, 116, 122, 107, 79, 68, 48, 26, 21, 7, 6, 3, 2, 14, 6, 15, 44, 53, 76, 84, 113, 110, 125, 127, 123, 125, 116, 97, 107, 78, 70, 51, 25, 17, 12, 4, 5, 4, 8, 9, 23, 40, 47, 68, 70, 97, 106, 127, 119, 124, 127, 119, 104, 94, 81, 68, 57, 51, 3, 10, 4, 1, 0, 0, 11, 36, 33, 54, 72, 72, 97, 104, 125, 122, 127, 127]"
In-Distribution,5,exact_guidance_u,260,0,89,88,"[129, 0, 2, 30, 30, 56, 71, 82, 102, 106, 125, 116, 127, 124, 116, 122, 107, 79, 68, 48, 26, 21, 7, 6, 3, 2, 14, 6, 15, 44, 53, 76, 84, 113, 110, 125, 127, 123, 125, 116, 97, 107, 78, 70, 51, 25, 17, 12, 4, 5, 4, 8, 9, 23, 40, 47, 68, 70, 97, 106, 127, 119, 124, 127, 119, 104, 94, 81, 68, 57, 51, 3, 10, 4, 1, 0, 0, 11, 36, 33, 54, 72, 72, 97, 104, 125, 122, 127, 127]","[0, 2, 30, 30, 56, 71, 82, 102, 106, 125, 116, 127, 124, 116, 122, 107, 79, 68, 48, 26, 21, 7, 6, 3, 2, 14, 6, 15, 44, 53, 76, 84, 113, 110, 125, 127, 123, 125, 116, 97, 107, 78, 70, 51, 25, 17, 12, 4, 5, 4, 8, 9, 23, 40, 47, 68, 70, 97, 106, 127, 119, 124, 127, 119, 104, 94, 81, 68, 57, 51, 3, 10, 4, 1, 0, 0, 11, 36, 33, 54, 72, 72, 97, 104, 125, 122, 127, 127]"
In-Distribution,5,exact_guidance_u,261,0,89,88,"[129, 0, 2, 30, 30, 56, 71, 82, 102, 106, 125, 116, 127, 124, 116, 122, 107, 79, 68, 48, 26, 21, 7, 6, 3, 2, 14, 6, 15, 44, 53, 76, 84, 113, 110, 125, 127, 123, 125, 116, 97, 107, 78, 70, 51, 25, 17, 12, 4, 5, 4, 8, 9, 23, 40, 47, 68, 70, 97, 106, 127, 119, 124, 127, 119, 104, 94, 81, 68, 57, 51, 3, 10, 4, 1, 0, 0, 11, 36, 33, 54, 72, 72, 97, 104, 125, 122, 127, 127]","[0, 2, 30, 30, 56, 71, 82, 102, 106, 125, 116, 127, 124, 116, 122, 107, 79, 68, 48, 26, 21, 7, 6, 3, 2, 14, 6, 15, 44, 53, 76, 84, 113, 110, 125, 127, 123, 125, 116, 97, 107, 78, 70, 51, 25, 17, 12, 4, 5, 4, 8, 9, 23, 40, 47, 68, 70, 97, 106, 127, 119, 124, 127, 119, 104, 94, 81, 68, 57, 51, 3, 10, 4, 1, 0, 0, 11, 36, 33, 54, 72, 72, 97, 104, 125, 122, 127, 127]"
In-Distribution,5,exact_guidance_u,262,0,89,88,"[129, 0, 2, 30, 30, 56, 71, 82, 102, 106, 125, 116, 127, 124, 116, 122, 107, 79, 68, 48, 26, 21, 7, 6, 3, 2, 14, 6, 15, 44, 53, 76, 84, 113, 110, 125, 127, 123, 125, 116, 97, 107, 78, 70, 51, 25, 17, 12, 4, 5, 4, 8, 9, 23, 40, 47, 68, 70, 97, 106, 127, 119, 124, 127, 119, 104, 94, 81, 68, 57, 51, 3, 10, 4, 1, 0, 0, 11, 36, 33, 54, 72, 72, 97, 104, 125, 122, 127, 127]","[0, 2, 30, 30, 56, 71, 82, 102, 106, 125, 116, 127, 124, 116, 122, 107, 79, 68, 48, 26, 21, 7, 6, 3, 2, 14, 6, 15, 44, 53, 76, 84, 113, 110, 125, 127, 123, 125, 116, 97, 107, 78, 70, 51, 25, 17, 12, 4, 5, 4, 8, 9, 23, 40, 47, 68, 70, 97, 106, 127, 119, 124, 127, 119, 104, 94, 81, 68, 57, 51, 3, 10, 4, 1, 0, 0, 11, 36, 33, 54, 72, 72, 97, 104, 125, 122, 127, 127]"
In-Distribution,5,exact_guidance_u,263,0,89,88,"[129, 0, 2, 30, 30, 56, 71, 82, 102, 106, 125, 116, 127, 124, 116, 122, 107, 79, 68, 48, 26, 21, 7, 6, 3, 2, 14, 6, 15, 44, 53, 76, 84, 113, 110, 125, 127, 123, 125, 116, 97, 107, 78, 70, 51, 25, 17, 12, 4, 5, 4, 8, 9, 23, 40, 47, 68, 70, 97, 106, 127, 119, 124, 127, 119, 104, 94, 81, 68, 57, 51, 3, 10, 4, 1, 0, 0, 11, 36, 33, 54, 72, 72, 97, 104, 125, 122, 127, 127]","[0, 2, 30, 30, 56, 71, 82, 102, 106, 125, 116, 127, 124, 116, 122, 107, 79, 68, 48, 26, 21, 7, 6, 3, 2, 14, 6, 15, 44, 53, 76, 84, 113, 110, 125, 127, 123, 125, 116, 97, 107, 78, 70, 51, 25, 17, 12, 4, 5, 4, 8, 9, 23, 40, 47, 68, 70, 97, 106, 127, 119, 124, 127, 119, 104, 94, 81, 68, 57, 51, 3, 10, 4, 1, 0, 0, 11, 36, 33, 54, 72, 72, 97, 104, 125, 122, 127, 127]"
In-Distribution,5,exact_guidance_u,264,0,89,88,"[129, 0, 2, 30, 30, 56, 71, 82, 102, 106, 125, 116, 127, 124, 116, 122, 107, 79, 68, 48, 26, 21, 7, 6, 3, 2, 14, 6, 15, 44, 53, 76, 84, 113, 110, 125, 127, 123, 125, 116, 97, 107, 78, 70, 51, 25, 17, 12, 4, 5, 4, 8, 9, 23, 40, 47, 68, 70, 97, 106, 127, 119, 124, 127, 119, 104, 94, 81, 68, 57, 51, 3, 10, 4, 1, 0, 0, 11, 36, 33, 54, 72, 72, 97, 104, 125, 122, 127, 127]","[0, 2, 30, 30, 56, 71, 82, 102, 106, 125, 116, 127, 124, 116, 122, 107, 79, 68, 48, 26, 21, 7, 6, 3, 2, 14, 6, 15, 44, 53, 76, 84, 113, 110, 125, 127, 123, 125, 116, 97, 107, 78, 70, 51, 25, 17, 12, 4, 5, 4, 8, 9, 23, 40, 47, 68, 70, 97, 106, 127, 119, 124, 127, 119, 104, 94, 81, 68, 57, 51, 3, 10, 4, 1, 0, 0, 11, 36, 33, 54, 72, 72, 97, 104, 125, 122, 127, 127]"
In-Distribution,5,exact_guidance_u,265,0,89,88,"[129, 0, 2, 30, 30, 56, 71, 82, 102, 106, 125, 116, 127, 124, 116, 122, 107, 79, 68, 48, 26, 21, 7, 6, 3, 2, 14, 6, 15, 44, 53, 76, 84, 113, 110, 125, 127, 123, 125, 116, 97, 107, 78, 70, 51, 25, 17, 12, 4, 5, 4, 8, 9, 23, 40, 47, 68, 70, 97, 106, 127, 119, 124, 127, 119, 104, 94, 81, 68, 57, 51, 3, 10, 4, 1, 0, 0, 11, 36, 33, 54, 72, 72, 97, 104, 125, 122, 127, 127]","[0, 2, 30, 30, 56, 71, 82, 102, 106, 125, 116, 127, 124, 116, 122, 107, 79, 68, 48, 26, 21, 7, 6, 3, 2, 14, 6, 15, 44, 53, 76, 84, 113, 110, 125, 127, 123, 125, 116, 97, 107, 78, 70, 51, 25, 17, 12, 4, 5, 4, 8, 9, 23, 40, 47, 68, 70, 97, 106, 127, 119, 124, 127, 119, 104, 94, 81, 68, 57, 51, 3, 10, 4, 1, 0, 0, 11, 36, 33, 54, 72, 72, 97, 104, 125, 122, 127, 127]"
In-Distribution,5,exact_guidance_u,266,0,89,88,"[129, 0, 2, 30, 30, 56, 71, 82, 102, 106, 125, 116, 127, 124, 116, 122, 107, 79, 68, 48, 26, 21, 7, 6, 3, 2, 14, 6, 15, 44, 53, 76, 84, 113, 110, 125, 127, 123, 125, 116, 97, 107, 78, 70, 51, 25, 17, 12, 4, 5, 4, 8, 9, 23, 40, 47, 68, 70, 97, 106, 127, 119, 124, 127, 119, 104, 94, 81, 68, 57, 51, 3, 10, 4, 1, 0, 0, 11, 36, 33, 54, 72, 72, 97, 104, 125, 122, 127, 127]","[0, 2, 30, 30, 56, 71, 82, 102, 106, 125, 116, 127, 124, 116, 122, 107, 79, 68, 48, 26, 21, 7, 6, 3, 2, 14, 6, 15, 44, 53, 76, 84, 113, 110, 125, 127, 123, 125, 116, 97, 107, 78, 70, 51, 25, 17, 12, 4, 5, 4, 8, 9, 23, 40, 47, 68, 70, 97, 106, 127, 119, 124, 127, 119, 104, 94, 81, 68, 57, 51, 3, 10, 4, 1, 0, 0, 11, 36, 33, 54, 72, 72, 97, 104, 125, 122, 127, 127]"
In-Distribution,5,exact_guidance_u,267,0,89,88,"[129, 0, 2, 30, 30, 56, 71, 82, 102, 106, 125, 116, 127, 124, 116, 122, 107, 79, 68, 48, 26, 21, 7, 6, 3, 2, 14, 6, 15, 44, 53, 76, 84, 113, 110, 125, 127, 123, 125, 116, 97, 107, 78, 70, 51, 25, 17, 12, 4, 5, 4, 8, 9, 23, 40, 47, 68, 70, 97, 106, 127, 119, 124, 127, 119, 104, 94, 81, 68, 57, 51, 3, 10, 4, 1, 0, 0, 11, 36, 33, 54, 72, 72, 97, 104, 125, 122, 127, 127]","[0, 2, 30, 30, 56, 71, 82, 102, 106, 125, 116, 127, 124, 116, 122, 107, 79, 68, 48, 26, 21, 7, 6, 3, 2, 14, 6, 15, 44, 53, 76, 84, 113, 110, 125, 127, 123, 125, 116, 97, 107, 78, 70, 51, 25, 17, 12, 4, 5, 4, 8, 9, 23, 40, 47, 68, 70, 97, 106, 127, 119, 124, 127, 119, 104, 94, 81, 68, 57, 51, 3, 10, 4, 1, 0, 0, 11, 36, 33, 54, 72, 72, 97, 104, 125, 122, 127, 127]"
In-Distribution,5,exact_guidance_u,268,0,89,88,"[129, 0, 2, 30, 30, 56, 71, 82, 102, 106, 125, 116, 127, 124, 116, 122, 107, 79, 68, 48, 26, 21, 7, 6, 3, 2, 14, 6, 15, 44, 53, 76, 84, 113, 110, 125, 127, 123, 125, 116, 97, 107, 78, 70, 51, 25, 17, 12, 4, 5, 4, 8, 9, 23, 40, 47, 68, 70, 97, 106, 127, 119, 124, 127, 119, 104, 94, 81, 68, 57, 51, 3, 10, 4, 1, 0, 0, 11, 36, 33, 54, 72, 72, 97, 104, 125, 122, 127, 127]","[0, 2, 30, 30, 56, 71, 82, 102, 106, 125, 116, 127, 124, 116, 122, 107, 79, 68, 48, 26, 21, 7, 6, 3, 2, 14, 6, 15, 44, 53, 76, 84, 113, 110, 125, 127, 123, 125, 116, 97, 107, 78, 70, 51, 25, 17, 12, 4, 5, 4, 8, 9, 23, 40, 47, 68, 70, 97, 106, 127, 119, 124, 127, 119, 104, 94, 81, 68, 57, 51, 3, 10, 4, 1, 0, 0, 11, 36, 33, 54, 72, 72, 97, 104, 125, 122, 127, 127]"
In-Distribution,5,exact_guidance_u,269,0,89,88,"[129, 0, 2, 30, 30, 56, 71, 82, 102, 106, 125, 116, 127, 124, 116, 122, 107, 79, 68, 48, 26, 21, 7, 6, 3, 2, 14, 6, 15, 44, 53, 76, 84, 113, 110, 125, 127, 123, 125, 116, 97, 107, 78, 70, 51, 25, 17, 12, 4, 5, 4, 8, 9, 23, 40, 47, 68, 70, 97, 106, 127, 119, 124, 127, 119, 104, 94, 81, 68, 57, 51, 3, 10, 4, 1, 0, 0, 11, 36, 33, 54, 72, 72, 97, 104, 125, 122, 127, 127]","[0, 2, 30, 30, 56, 71, 82, 102, 106, 125, 116, 127, 124, 116, 122, 107, 79, 68, 48, 26, 21, 7, 6, 3, 2, 14, 6, 15, 44, 53, 76, 84, 113, 110, 125, 127, 123, 125, 116, 97, 107, 78, 70, 51, 25, 17, 12, 4, 5, 4, 8, 9, 23, 40, 47, 68, 70, 97, 106, 127, 119, 124, 127, 119, 104, 94, 81, 68, 57, 51, 3, 10, 4, 1, 0, 0, 11, 36, 33, 54, 72, 72, 97, 104, 125, 122, 127, 127]"
In-Distribution,5,exact_guidance_u,270,0,89,88,"[129, 0, 2, 30, 30, 56, 71, 82, 102, 106, 125, 116, 127, 124, 116, 122, 107, 79, 68, 48, 26, 21, 7, 6, 3, 2, 14, 6, 15, 44, 53, 76, 84, 113, 110, 125, 127, 123, 125, 116, 97, 107, 78, 70, 51, 25, 17, 12, 4, 5, 4, 8, 9, 23, 40, 47, 68, 70, 97, 106, 127, 119, 124, 127, 119, 104, 94, 81, 68, 57, 51, 3, 10, 4, 1, 0, 0, 11, 36, 33, 54, 72, 72, 97, 104, 125, 122, 127, 127]","[0, 2, 30, 30, 56, 71, 82, 102, 106, 125, 116, 127, 124, 116, 122, 107, 79, 68, 48, 26, 21, 7, 6, 3, 2, 14, 6, 15, 44, 53, 76, 84, 113, 110, 125, 127, 123, 125, 116, 97, 107, 78, 70, 51, 25, 17, 12, 4, 5, 4, 8, 9, 23, 40, 47, 68, 70, 97, 106, 127, 119, 124, 127, 119, 104, 94, 81, 68, 57, 51, 3, 10, 4, 1, 0, 0, 11, 36, 33, 54, 72, 72, 97, 104, 125, 122, 127, 127]"
In-Distribution,5,exact_guidance_u,271,0,89,88,"[129, 0, 2, 30, 30, 56, 71, 82, 102, 106, 125, 116, 127, 124, 116, 122, 107, 79, 68, 48, 26, 21, 7, 6, 3, 2, 14, 6, 15, 44, 53, 76, 84, 113, 110, 125, 127, 123, 125, 116, 97, 107, 78, 70, 51, 25, 17, 12, 4, 5, 4, 8, 9, 23, 40, 47, 68, 70, 97, 106, 127, 119, 124, 127, 119, 104, 94, 81, 68, 57, 51, 3, 10, 4, 1, 0, 0, 11, 36, 33, 54, 72, 72, 97, 104, 125, 122, 127, 127]","[0, 2, 30, 30, 56, 71, 82, 102, 106, 125, 116, 127, 124, 116, 122, 107, 79, 68, 48, 26, 21, 7, 6, 3, 2, 14, 6, 15, 44, 53, 76, 84, 113, 110, 125, 127, 123, 125, 116, 97, 107, 78, 70, 51, 25, 17, 12, 4, 5, 4, 8, 9, 23, 40, 47, 68, 70, 97, 106, 127, 119, 124, 127, 119, 104, 94, 81, 68, 57, 51, 3, 10, 4, 1, 0, 0, 11, 36, 33, 54, 72, 72, 97, 104, 125, 122, 127, 127]"
In-Distribution,5,exact_guidance_u,272,0,89,88,"[129, 0, 2, 30, 30, 56, 71, 82, 102, 106, 125, 116, 127, 124, 116, 122, 107, 79, 68, 48, 26, 21, 7, 6, 3, 2, 14, 6, 15, 44, 53, 76, 84, 113, 110, 125, 127, 123, 125, 116, 97, 107, 78, 70, 51, 25, 17, 12, 4, 5, 4, 8, 9, 23, 40, 47, 68, 70, 97, 106, 127, 119, 124, 127, 119, 104, 94, 81, 68, 57, 51, 3, 10, 4, 1, 0, 0, 11, 36, 33, 54, 72, 72, 97, 104, 125, 122, 127, 127]","[0, 2, 30, 30, 56, 71, 82, 102, 106, 125, 116, 127, 124, 116, 122, 107, 79, 68, 48, 26, 21, 7, 6, 3, 2, 14, 6, 15, 44, 53, 76, 84, 113, 110, 125, 127, 123, 125, 116, 97, 107, 78, 70, 51, 25, 17, 12, 4, 5, 4, 8, 9, 23, 40, 47, 68, 70, 97, 106, 127, 119, 124, 127, 119, 104, 94, 81, 68, 57, 51, 3, 10, 4, 1, 0, 0, 11, 36, 33, 54, 72, 72, 97, 104, 125, 122, 127, 127]"
In-Distribution,5,exact_guidance_u,273,0,89,88,"[129, 0, 2, 30, 30, 56, 71, 82, 102, 106, 125, 116, 127, 124, 116, 122, 107, 79, 68, 48, 26, 21, 7, 6, 3, 2, 14, 6, 15, 44, 53, 76, 84, 113, 110, 125, 127, 123, 125, 116, 97, 107, 78, 70, 51, 25, 17, 12, 4, 5, 4, 8, 9, 23, 40, 47, 68, 70, 97, 106, 127, 119, 124, 127, 119, 104, 94, 81, 68, 57, 51, 3, 10, 4, 1, 0, 0, 11, 36, 33, 54, 72, 72, 97, 104, 125, 122, 127, 127]","[0, 2, 30, 30, 56, 71, 82, 102, 106, 125, 116, 127, 124, 116, 122, 107, 79, 68, 48, 26, 21, 7, 6, 3, 2, 14, 6, 15, 44, 53, 76, 84, 113, 110, 125, 127, 123, 125, 116, 97, 107, 78, 70, 51, 25, 17, 12, 4, 5, 4, 8, 9, 23, 40, 47, 68, 70, 97, 106, 127, 119, 124, 127, 119, 104, 94, 81, 68, 57, 51, 3, 10, 4, 1, 0, 0, 11, 36, 33, 54, 72, 72, 97, 104, 125, 122, 127, 127]"
In-Distribution,5,exact_guidance_u,274,0,89,88,"[129, 0, 2, 30, 30, 56, 71, 82, 102, 106, 125, 116, 127, 124, 116, 122, 107, 79, 68, 48, 26, 21, 7, 6, 3, 2, 14, 6, 15, 44, 53, 76, 84, 113, 110, 125, 127, 123, 125, 116, 97, 107, 78, 70, 51, 25, 17, 12, 4, 5, 4, 8, 9, 23, 40, 47, 68, 70, 97, 106, 127, 119, 124, 127, 119, 104, 94, 81, 68, 57, 51, 3, 10, 4, 1, 0, 0, 11, 36, 33, 54, 72, 72, 97, 104, 125, 122, 127, 127]","[0, 2, 30, 30, 56, 71, 82, 102, 106, 125, 116, 127, 124, 116, 122, 107, 79, 68, 48, 26, 21, 7, 6, 3, 2, 14, 6, 15, 44, 53, 76, 84, 113, 110, 125, 127, 123, 125, 116, 97, 107, 78, 70, 51, 25, 17, 12, 4, 5, 4, 8, 9, 23, 40, 47, 68, 70, 97, 106, 127, 119, 124, 127, 119, 104, 94, 81, 68, 57, 51, 3, 10, 4, 1, 0, 0, 11, 36, 33, 54, 72, 72, 97, 104, 125, 122, 127, 127]"
In-Distribution,5,exact_guidance_u,275,0,89,88,"[129, 0, 2, 30, 30, 56, 71, 82, 102, 106, 125, 116, 127, 124, 116, 122, 107, 79, 68, 48, 26, 21, 7, 6, 3, 2, 14, 6, 15, 44, 53, 76, 84, 113, 110, 125, 127, 123, 125, 116, 97, 107, 78, 70, 51, 25, 17, 12, 4, 5, 4, 8, 9, 23, 40, 47, 68, 70, 97, 106, 127, 119, 124, 127, 119, 104, 94, 81, 68, 57, 51, 3, 10, 4, 1, 0, 0, 11, 36, 33, 54, 72, 72, 97, 104, 125, 122, 127, 127]","[0, 2, 30, 30, 56, 71, 82, 102, 106, 125, 116, 127, 124, 116, 122, 107, 79, 68, 48, 26, 21, 7, 6, 3, 2, 14, 6, 15, 44, 53, 76, 84, 113, 110, 125, 127, 123, 125, 116, 97, 107, 78, 70, 51, 25, 17, 12, 4, 5, 4, 8, 9, 23, 40, 47, 68, 70, 97, 106, 127, 119, 124, 127, 119, 104, 94, 81, 68, 57, 51, 3, 10, 4, 1, 0, 0, 11, 36, 33, 54, 72, 72, 97, 104, 125, 122, 127, 127]"
In-Distribution,5,exact_guidance_u,276,0,89,88,"[129, 0, 2, 30, 30, 56, 71, 82, 102, 106, 125, 116, 127, 124, 116, 122, 107, 79, 68, 48, 26, 21, 7, 6, 3, 2, 14, 6, 15, 44, 53, 76, 84, 113, 110, 125, 127, 123, 125, 116, 97, 107, 78, 70, 51, 25, 17, 12, 4, 5, 4, 8, 9, 23, 40, 47, 68, 70, 97, 106, 127, 119, 124, 127, 119, 104, 94, 81, 68, 57, 51, 3, 10, 4, 1, 0, 0, 11, 36, 33, 54, 72, 72, 97, 104, 125, 122, 127, 127]","[0, 2, 30, 30, 56, 71, 82, 102, 106, 125, 116, 127, 124, 116, 122, 107, 79, 68, 48, 26, 21, 7, 6, 3, 2, 14, 6, 15, 44, 53, 76, 84, 113, 110, 125, 127, 123, 125, 116, 97, 107, 78, 70, 51, 25, 17, 12, 4, 5, 4, 8, 9, 23, 40, 47, 68, 70, 97, 106, 127, 119, 124, 127, 119, 104, 94, 81, 68, 57, 51, 3, 10, 4, 1, 0, 0, 11, 36, 33, 54, 72, 72, 97, 104, 125, 122, 127, 127]"
In-Distribution,5,exact_guidance_u,277,0,89,88,"[129, 0, 2, 30, 30, 56, 71, 82, 102, 106, 125, 116, 127, 124, 116, 122, 107, 79, 68, 48, 26, 21, 7, 6, 3, 2, 14, 6, 15, 44, 53, 76, 84, 113, 110, 125, 127, 123, 125, 116, 97, 107, 78, 70, 51, 25, 17, 12, 4, 5, 4, 8, 9, 23, 40, 47, 68, 70, 97, 106, 127, 119, 124, 127, 119, 104, 94, 81, 68, 57, 51, 3, 10, 4, 1, 0, 0, 11, 36, 33, 54, 72, 72, 97, 104, 125, 122, 127, 127]","[0, 2, 30, 30, 56, 71, 82, 102, 106, 125, 116, 127, 124, 116, 122, 107, 79, 68, 48, 26, 21, 7, 6, 3, 2, 14, 6, 15, 44, 53, 76, 84, 113, 110, 125, 127, 123, 125, 116, 97, 107, 78, 70, 51, 25, 17, 12, 4, 5, 4, 8, 9, 23, 40, 47, 68, 70, 97, 106, 127, 119, 124, 127, 119, 104, 94, 81, 68, 57, 51, 3, 10, 4, 1, 0, 0, 11, 36, 33, 54, 72, 72, 97, 104, 125, 122, 127, 127]"
In-Distribution,5,exact_guidance_u,278,0,90,89,"[129, 0, 2, 13, 30, 30, 56, 71, 82, 102, 106, 125, 116, 127, 124, 116, 122, 107, 79, 68, 48, 26, 21, 7, 6, 3, 2, 14, 6, 15, 44, 53, 76, 84, 113, 110, 125, 127, 123, 125, 116, 97, 107, 78, 70, 51, 25, 17, 12, 4, 5, 4, 8, 9, 23, 40, 47, 68, 70, 97, 106, 127, 119, 124, 127, 119, 104, 94, 81, 68, 57, 51, 3, 10, 4, 1, 0, 0, 11, 36, 33, 54, 72, 72, 97, 104, 125, 122, 127, 127]","[0, 2, 13, 30, 30, 56, 71, 82, 102, 106, 125, 116, 127, 124, 116, 122, 107, 79, 68, 48, 26, 21, 7, 6, 3, 2, 14, 6, 15, 44, 53, 76, 84, 113, 110, 125, 127, 123, 125, 116, 97, 107, 78, 70, 51, 25, 17, 12, 4, 5, 4, 8, 9, 23, 40, 47, 68, 70, 97, 106, 127, 119, 124, 127, 119, 104, 94, 81, 68, 57, 51, 3, 10, 4, 1, 0, 0, 11, 36, 33, 54, 72, 72, 97, 104, 125, 122, 127, 127]"
In-Distribution,5,exact_guidance_u,279,0,90,89,"[129, 0, 2, 13, 30, 30, 56, 71, 82, 102, 106, 125, 116, 127, 124, 116, 122, 107, 79, 68, 48, 26, 21, 7, 6, 3, 2, 14, 6, 15, 44, 53, 76, 84, 113, 110, 125, 127, 123, 125, 116, 97, 107, 78, 70, 51, 25, 17, 12, 4, 5, 4, 8, 9, 23, 40, 47, 68, 70, 97, 106, 127, 119, 124, 127, 119, 104, 94, 81, 68, 57, 51, 3, 10, 4, 1, 0, 0, 11, 36, 33, 54, 72, 72, 97, 104, 125, 122, 127, 127]","[0, 2, 13, 30, 30, 56, 71, 82, 102, 106, 125, 116, 127, 124, 116, 122, 107, 79, 68, 48, 26, 21, 7, 6, 3, 2, 14, 6, 15, 44, 53, 76, 84, 113, 110, 125, 127, 123, 125, 116, 97, 107, 78, 70, 51, 25, 17, 12, 4, 5, 4, 8, 9, 23, 40, 47, 68, 70, 97, 106, 127, 119, 124, 127, 119, 104, 94, 81, 68, 57, 51, 3, 10, 4, 1, 0, 0, 11, 36, 33, 54, 72, 72, 97, 104, 125, 122, 127, 127]"
