target,beta,method_key,step,sample_idx,seq_len_full,seq_len_semantic,tokens_full_json,tokens_semantic_json
In-Distribution,10,exact_guidance_u,0,0,1,0,[129],[]
In-Distribution,10,exact_guidance_u,1,0,2,1,"[129, 3]",[3]
In-Distribution,10,exact_guidance_u,2,0,4,3,"[129, 11, 3, 8]","[11, 3, 8]"
In-Distribution,10,exact_guidance_u,3,0,6,5,"[129, 11, 3, 5, 8, 127]","[11, 3, 5, 8, 127]"
In-Distribution,10,exact_guidance_u,4,0,8,7,"[129, 11, 3, 5, 0, 8, 85, 127]","[11, 3, 5, 0, 8, 85, 127]"
In-Distribution,10,exact_guidance_u,5,0,8,7,"[129, 11, 3, 5, 0, 8, 85, 127]","[11, 3, 5, 0, 8, 85, 127]"
In-Distribution,10,exact_guidance_u,6,0,8,7,"[129, 11, 3, 5, 0, 8, 85, 127]","[11, 3, 5, 0, 8, 85, 127]"
In-Distribution,10,exact_guidance_u,7,0,9,8,"[129, 11, 3, 5, 0, 8, 85, 105, 127]","[11, 3, 5, 0, 8, 85, 105, 127]"
In-Distribution,10,exact_guidance_u,8,0,9,8,"[129, 11, 3, 5, 0, 8, 85, 105, 127]","[11, 3, 5, 0, 8, 85, 105, 127]"
In-Distribution,10,exact_guidance_u,9,0,10,9,"[129, 11, 3, 44, 5, 0, 8, 85, 105, 127]","[11, 3, 44, 5, 0, 8, 85, 105, 127]"
In-Distribution,10,exact_guidance_u,10,0,11,10,"[129, 11, 3, 44, 5, 0, 0, 8, 85, 105, 127]","[11, 3, 44, 5, 0, 0, 8, 85, 105, 127]"
In-Distribution,10,exact_guidance_u,11,0,12,11,"[129, 11, 3, 124, 44, 5, 0, 0, 8, 85, 105, 127]","[11, 3, 124, 44, 5, 0, 0, 8, 85, 105, 127]"
In-Distribution,10,exact_guidance_u,12,0,12,11,"[129, 11, 3, 124, 44, 5, 0, 0, 8, 85, 105, 127]","[11, 3, 124, 44, 5, 0, 0, 8, 85, 105, 127]"
In-Distribution,10,exact_guidance_u,13,0,12,11,"[129, 11, 3, 124, 44, 5, 0, 0, 8, 85, 105, 127]","[11, 3, 124, 44, 5, 0, 0, 8, 85, 105, 127]"
In-Distribution,10,exact_guidance_u,14,0,12,11,"[129, 11, 3, 124, 44, 5, 0, 0, 8, 85, 105, 127]","[11, 3, 124, 44, 5, 0, 0, 8, 85, 105, 127]"
In-Distribution,10,exact_guidance_u,15,0,13,12,"[129, 11, 3, 42, 124, 44, 5, 0, 0, 8, 85, 105, 127]","[11, 3, 42, 124, 44, 5, 0, 0, 8, 85, 105, 127]"
In-Distribution,10,exact_guidance_u,16,0,16,15,"[129, 11, 3, 42, 96, 124, 44, 31, 5, 0, 0, 8, 85, 105, 127, 127]","[11, 3, 42, 96, 124, 44, 31, 5, 0, 0, 8, 85, 105, 127, 127]"
In-Distribution,10,exact_guidance_u,17,0,18,17,"[129, 11, 3, 42, 96, 116, 124, 44, 31, 5, 0, 0, 127, 8, 85, 105, 127, 127]","[11, 3, 42, 96, 116, 124, 44, 31, 5, 0, 0, 127, 8, 85, 105, 127, 127]"
In-Distribution,10,exact_guidance_u,18,0,21,20,"[129, 11, 3, 12, 42, 79, 96, 116, 124, 44, 31, 5, 0, 0, 0, 127, 8, 85, 105, 127, 127]","[11, 3, 12, 42, 79, 96, 116, 124, 44, 31, 5, 0, 0, 0, 127, 8, 85, 105, 127, 127]"
In-Distribution,10,exact_guidance_u,19,0,21,20,"[129, 11, 3, 12, 42, 79, 96, 116, 124, 44, 31, 5, 0, 0, 0, 127, 8, 85, 105, 127, 127]","[11, 3, 12, 42, 79, 96, 116, 124, 44, 31, 5, 0, 0, 0, 127, 8, 85, 105, 127, 127]"
In-Distribution,10,exact_guidance_u,20,0,24,23,"[129, 11, 3, 12, 37, 42, 79, 96, 116, 124, 44, 31, 5, 0, 0, 0, 127, 66, 8, 19, 85, 105, 127, 127]","[11, 3, 12, 37, 42, 79, 96, 116, 124, 44, 31, 5, 0, 0, 0, 127, 66, 8, 19, 85, 105, 127, 127]"
In-Distribution,10,exact_guidance_u,21,0,24,23,"[129, 11, 3, 12, 37, 42, 79, 96, 116, 124, 44, 31, 5, 0, 0, 0, 127, 66, 8, 19, 85, 105, 127, 127]","[11, 3, 12, 37, 42, 79, 96, 116, 124, 44, 31, 5, 0, 0, 0, 127, 66, 8, 19, 85, 105, 127, 127]"
In-Distribution,10,exact_guidance_u,22,0,24,23,"[129, 11, 3, 12, 37, 42, 79, 96, 116, 124, 44, 31, 5, 0, 0, 0, 127, 66, 8, 19, 85, 105, 127, 127]","[11, 3, 12, 37, 42, 79, 96, 116, 124, 44, 31, 5, 0, 0, 0, 127, 66, 8, 19, 85, 105, 127, 127]"
In-Distribution,10,exact_guidance_u,23,0,25,24,"[129, 11, 3, 12, 37, 42, 79, 96, 116, 124, 44, 31, 5, 0, 0, 0, 127, 89, 66, 8, 19, 85, 105, 127, 127]","[11, 3, 12, 37, 42, 79, 96, 116, 124, 44, 31, 5, 0, 0, 0, 127, 89, 66, 8, 19, 85, 105, 127, 127]"
In-Distribution,10,exact_guidance_u,24,0,28,27,"[129, 55, 11, 3, 12, 37, 42, 79, 96, 116, 124, 44, 31, 5, 0, 0, 0, 41, 127, 89, 66, 8, 19, 85, 105, 127, 127, 121]","[55, 11, 3, 12, 37, 42, 79, 96, 116, 124, 44, 31, 5, 0, 0, 0, 41, 127, 89, 66, 8, 19, 85, 105, 127, 127, 121]"
In-Distribution,10,exact_guidance_u,25,0,28,27,"[129, 55, 11, 3, 12, 37, 42, 79, 96, 116, 124, 44, 31, 5, 0, 0, 0, 41, 127, 89, 66, 8, 19, 85, 105, 127, 127, 121]","[55, 11, 3, 12, 37, 42, 79, 96, 116, 124, 44, 31, 5, 0, 0, 0, 41, 127, 89, 66, 8, 19, 85, 105, 127, 127, 121]"
In-Distribution,10,exact_guidance_u,26,0,29,28,"[129, 55, 11, 3, 12, 37, 42, 79, 99, 96, 116, 124, 44, 31, 5, 0, 0, 0, 41, 127, 89, 66, 8, 19, 85, 105, 127, 127, 121]","[55, 11, 3, 12, 37, 42, 79, 99, 96, 116, 124, 44, 31, 5, 0, 0, 0, 41, 127, 89, 66, 8, 19, 85, 105, 127, 127, 121]"
In-Distribution,10,exact_guidance_u,27,0,29,28,"[129, 55, 11, 3, 12, 37, 42, 79, 99, 96, 116, 124, 44, 31, 5, 0, 0, 0, 41, 127, 89, 66, 8, 19, 85, 105, 127, 127, 121]","[55, 11, 3, 12, 37, 42, 79, 99, 96, 116, 124, 44, 31, 5, 0, 0, 0, 41, 127, 89, 66, 8, 19, 85, 105, 127, 127, 121]"
In-Distribution,10,exact_guidance_u,28,0,29,28,"[129, 55, 11, 3, 12, 37, 42, 79, 99, 96, 116, 124, 44, 31, 5, 0, 0, 0, 41, 127, 89, 66, 8, 19, 85, 105, 127, 127, 121]","[55, 11, 3, 12, 37, 42, 79, 99, 96, 116, 124, 44, 31, 5, 0, 0, 0, 41, 127, 89, 66, 8, 19, 85, 105, 127, 127, 121]"
In-Distribution,10,exact_guidance_u,29,0,30,29,"[129, 55, 11, 3, 12, 37, 42, 79, 99, 96, 116, 124, 44, 31, 5, 0, 0, 0, 41, 127, 89, 66, 8, 13, 19, 85, 105, 127, 127, 121]","[55, 11, 3, 12, 37, 42, 79, 99, 96, 116, 124, 44, 31, 5, 0, 0, 0, 41, 127, 89, 66, 8, 13, 19, 85, 105, 127, 127, 121]"
In-Distribution,10,exact_guidance_u,30,0,31,30,"[129, 55, 40, 11, 3, 12, 37, 42, 79, 99, 96, 116, 124, 44, 31, 5, 0, 0, 0, 41, 127, 89, 66, 8, 13, 19, 85, 105, 127, 127, 121]","[55, 40, 11, 3, 12, 37, 42, 79, 99, 96, 116, 124, 44, 31, 5, 0, 0, 0, 41, 127, 89, 66, 8, 13, 19, 85, 105, 127, 127, 121]"
In-Distribution,10,exact_guidance_u,31,0,31,30,"[129, 55, 40, 11, 3, 12, 37, 42, 79, 99, 96, 116, 124, 44, 31, 5, 0, 0, 0, 41, 127, 89, 66, 8, 13, 19, 85, 105, 127, 127, 121]","[55, 40, 11, 3, 12, 37, 42, 79, 99, 96, 116, 124, 44, 31, 5, 0, 0, 0, 41, 127, 89, 66, 8, 13, 19, 85, 105, 127, 127, 121]"
In-Distribution,10,exact_guidance_u,32,0,32,31,"[129, 55, 40, 11, 3, 12, 37, 42, 79, 99, 96, 116, 124, 44, 31, 5, 0, 0, 0, 41, 127, 89, 66, 44, 8, 13, 19, 85, 105, 127, 127, 121]","[55, 40, 11, 3, 12, 37, 42, 79, 99, 96, 116, 124, 44, 31, 5, 0, 0, 0, 41, 127, 89, 66, 44, 8, 13, 19, 85, 105, 127, 127, 121]"
In-Distribution,10,exact_guidance_u,33,0,34,33,"[129, 55, 40, 26, 11, 0, 3, 12, 37, 42, 79, 99, 96, 116, 124, 44, 31, 5, 0, 0, 0, 41, 127, 89, 66, 44, 8, 13, 19, 85, 105, 127, 127, 121]","[55, 40, 26, 11, 0, 3, 12, 37, 42, 79, 99, 96, 116, 124, 44, 31, 5, 0, 0, 0, 41, 127, 89, 66, 44, 8, 13, 19, 85, 105, 127, 127, 121]"
In-Distribution,10,exact_guidance_u,34,0,34,33,"[129, 55, 40, 26, 11, 0, 3, 12, 37, 42, 79, 99, 96, 116, 124, 44, 31, 5, 0, 0, 0, 41, 127, 89, 66, 44, 8, 13, 19, 85, 105, 127, 127, 121]","[55, 40, 26, 11, 0, 3, 12, 37, 42, 79, 99, 96, 116, 124, 44, 31, 5, 0, 0, 0, 41, 127, 89, 66, 44, 8, 13, 19, 85, 105, 127, 127, 121]"
In-Distribution,10,exact_guidance_u,35,0,34,33,"[129, 55, 40, 26, 11, 0, 3, 12, 37, 42, 79, 99, 96, 116, 124, 44, 31, 5, 0, 0, 0, 41, 127, 89, 66, 44, 8, 13, 19, 85, 105, 127, 127, 121]","[55, 40, 26, 11, 0, 3, 12, 37, 42, 79, 99, 96, 116, 124, 44, 31, 5, 0, 0, 0, 41, 127, 89, 66, 44, 8, 13, 19, 85, 105, 127, 127, 121]"
In-Distribution,10,exact_guidance_u,36,0,34,33,"[129, 55, 40, 26, 11, 0, 3, 12, 37, 42, 79, 99, 96, 116, 124, 44, 31, 5, 0, 0, 0, 41, 127, 89, 66, 44, 8, 13, 19, 85, 105, 127, 127, 121]","[55, 40, 26, 11, 0, 3, 12, 37, 42, 79, 99, 96, 116, 124, 44, 31, 5, 0, 0, 0, 41, 127, 89, 66, 44, 8, 13, 19, 85, 105, 127, 127, 121]"
In-Distribution,10,exact_guidance_u,37,0,34,33,"[129, 55, 40, 26, 11, 0, 3, 12, 37, 42, 79, 99, 96, 116, 124, 44, 31, 5, 0, 0, 0, 41, 127, 89, 66, 44, 8, 13, 19, 85, 105, 127, 127, 121]","[55, 40, 26, 11, 0, 3, 12, 37, 42, 79, 99, 96, 116, 124, 44, 31, 5, 0, 0, 0, 41, 127, 89, 66, 44, 8, 13, 19, 85, 105, 127, 127, 121]"
In-Distribution,10,exact_guidance_u,38,0,34,33,"[129, 55, 40, 26, 11, 0, 3, 12, 37, 42, 79, 99, 96, 116, 124, 44, 31, 5, 0, 0, 0, 41, 127, 89, 66, 44, 8, 13, 19, 85, 105, 127, 127, 121]","[55, 40, 26, 11, 0, 3, 12, 37, 42, 79, 99, 96, 116, 124, 44, 31, 5, 0, 0, 0, 41, 127, 89, 66, 44, 8, 13, 19, 85, 105, 127, 127, 121]"
In-Distribution,10,exact_guidance_u,39,0,34,33,"[129, 55, 40, 26, 11, 0, 3, 12, 37, 42, 79, 99, 96, 116, 124, 44, 31, 5, 0, 0, 0, 41, 127, 89, 66, 44, 8, 13, 19, 85, 105, 127, 127, 121]","[55, 40, 26, 11, 0, 3, 12, 37, 42, 79, 99, 96, 116, 124, 44, 31, 5, 0, 0, 0, 41, 127, 89, 66, 44, 8, 13, 19, 85, 105, 127, 127, 121]"
In-Distribution,10,exact_guidance_u,40,0,34,33,"[129, 55, 40, 26, 11, 0, 3, 12, 37, 42, 79, 99, 96, 116, 124, 44, 31, 5, 0, 0, 0, 41, 127, 89, 66, 44, 8, 13, 19, 85, 105, 127, 127, 121]","[55, 40, 26, 11, 0, 3, 12, 37, 42, 79, 99, 96, 116, 124, 44, 31, 5, 0, 0, 0, 41, 127, 89, 66, 44, 8, 13, 19, 85, 105, 127, 127, 121]"
In-Distribution,10,exact_guidance_u,41,0,34,33,"[129, 55, 40, 26, 11, 0, 3, 12, 37, 42, 79, 99, 96, 116, 124, 44, 31, 5, 0, 0, 0, 41, 127, 89, 66, 44, 8, 13, 19, 85, 105, 127, 127, 121]","[55, 40, 26, 11, 0, 3, 12, 37, 42, 79, 99, 96, 116, 124, 44, 31, 5, 0, 0, 0, 41, 127, 89, 66, 44, 8, 13, 19, 85, 105, 127, 127, 121]"
In-Distribution,10,exact_guidance_u,42,0,35,34,"[129, 55, 40, 26, 11, 0, 3, 12, 37, 42, 79, 99, 96, 116, 124, 44, 31, 5, 0, 0, 0, 41, 127, 89, 66, 44, 8, 13, 19, 85, 105, 127, 127, 121, 65]","[55, 40, 26, 11, 0, 3, 12, 37, 42, 79, 99, 96, 116, 124, 44, 31, 5, 0, 0, 0, 41, 127, 89, 66, 44, 8, 13, 19, 85, 105, 127, 127, 121, 65]"
In-Distribution,10,exact_guidance_u,43,0,36,35,"[129, 55, 40, 26, 11, 0, 3, 12, 37, 42, 79, 99, 96, 116, 124, 44, 31, 10, 5, 0, 0, 0, 41, 127, 89, 66, 44, 8, 13, 19, 85, 105, 127, 127, 121, 65]","[55, 40, 26, 11, 0, 3, 12, 37, 42, 79, 99, 96, 116, 124, 44, 31, 10, 5, 0, 0, 0, 41, 127, 89, 66, 44, 8, 13, 19, 85, 105, 127, 127, 121, 65]"
In-Distribution,10,exact_guidance_u,44,0,39,38,"[129, 55, 40, 26, 11, 0, 3, 12, 37, 42, 79, 99, 96, 116, 127, 124, 44, 31, 10, 5, 0, 0, 0, 0, 41, 127, 89, 66, 44, 8, 13, 19, 48, 85, 105, 127, 127, 121, 65]","[55, 40, 26, 11, 0, 3, 12, 37, 42, 79, 99, 96, 116, 127, 124, 44, 31, 10, 5, 0, 0, 0, 0, 41, 127, 89, 66, 44, 8, 13, 19, 48, 85, 105, 127, 127, 121, 65]"
In-Distribution,10,exact_guidance_u,45,0,40,39,"[129, 55, 40, 26, 11, 0, 3, 12, 22, 37, 42, 79, 99, 96, 116, 127, 124, 44, 31, 10, 5, 0, 0, 0, 0, 41, 127, 89, 66, 44, 8, 13, 19, 48, 85, 105, 127, 127, 121, 65]","[55, 40, 26, 11, 0, 3, 12, 22, 37, 42, 79, 99, 96, 116, 127, 124, 44, 31, 10, 5, 0, 0, 0, 0, 41, 127, 89, 66, 44, 8, 13, 19, 48, 85, 105, 127, 127, 121, 65]"
In-Distribution,10,exact_guidance_u,46,0,40,39,"[129, 55, 40, 26, 11, 0, 3, 12, 22, 37, 42, 79, 99, 96, 116, 127, 124, 44, 31, 10, 5, 0, 0, 0, 0, 41, 127, 89, 66, 44, 8, 13, 19, 48, 85, 105, 127, 127, 121, 65]","[55, 40, 26, 11, 0, 3, 12, 22, 37, 42, 79, 99, 96, 116, 127, 124, 44, 31, 10, 5, 0, 0, 0, 0, 41, 127, 89, 66, 44, 8, 13, 19, 48, 85, 105, 127, 127, 121, 65]"
In-Distribution,10,exact_guidance_u,47,0,40,39,"[129, 55, 40, 26, 11, 0, 3, 12, 22, 37, 42, 79, 99, 96, 116, 127, 124, 44, 31, 10, 5, 0, 0, 0, 0, 41, 127, 89, 66, 44, 8, 13, 19, 48, 85, 105, 127, 127, 121, 65]","[55, 40, 26, 11, 0, 3, 12, 22, 37, 42, 79, 99, 96, 116, 127, 124, 44, 31, 10, 5, 0, 0, 0, 0, 41, 127, 89, 66, 44, 8, 13, 19, 48, 85, 105, 127, 127, 121, 65]"
In-Distribution,10,exact_guidance_u,48,0,40,39,"[129, 55, 40, 26, 11, 0, 3, 12, 22, 37, 42, 79, 99, 96, 116, 127, 124, 44, 31, 10, 5, 0, 0, 0, 0, 41, 127, 89, 66, 44, 8, 13, 19, 48, 85, 105, 127, 127, 121, 65]","[55, 40, 26, 11, 0, 3, 12, 22, 37, 42, 79, 99, 96, 116, 127, 124, 44, 31, 10, 5, 0, 0, 0, 0, 41, 127, 89, 66, 44, 8, 13, 19, 48, 85, 105, 127, 127, 121, 65]"
In-Distribution,10,exact_guidance_u,49,0,40,39,"[129, 55, 40, 26, 11, 0, 3, 12, 22, 37, 42, 79, 99, 96, 116, 127, 124, 44, 31, 10, 5, 0, 0, 0, 0, 41, 127, 89, 66, 44, 8, 13, 19, 48, 85, 105, 127, 127, 121, 65]","[55, 40, 26, 11, 0, 3, 12, 22, 37, 42, 79, 99, 96, 116, 127, 124, 44, 31, 10, 5, 0, 0, 0, 0, 41, 127, 89, 66, 44, 8, 13, 19, 48, 85, 105, 127, 127, 121, 65]"
In-Distribution,10,exact_guidance_u,50,0,40,39,"[129, 55, 40, 26, 11, 0, 3, 12, 22, 37, 42, 79, 99, 96, 116, 127, 124, 44, 31, 10, 5, 0, 0, 0, 0, 41, 127, 89, 66, 44, 8, 13, 19, 48, 85, 105, 127, 127, 121, 65]","[55, 40, 26, 11, 0, 3, 12, 22, 37, 42, 79, 99, 96, 116, 127, 124, 44, 31, 10, 5, 0, 0, 0, 0, 41, 127, 89, 66, 44, 8, 13, 19, 48, 85, 105, 127, 127, 121, 65]"
In-Distribution,10,exact_guidance_u,51,0,42,41,"[129, 55, 40, 26, 11, 7, 0, 3, 12, 22, 37, 42, 79, 99, 96, 116, 127, 124, 44, 31, 10, 5, 0, 0, 0, 0, 41, 76, 127, 89, 66, 44, 8, 13, 19, 48, 85, 105, 127, 127, 121, 65]","[55, 40, 26, 11, 7, 0, 3, 12, 22, 37, 42, 79, 99, 96, 116, 127, 124, 44, 31, 10, 5, 0, 0, 0, 0, 41, 76, 127, 89, 66, 44, 8, 13, 19, 48, 85, 105, 127, 127, 121, 65]"
In-Distribution,10,exact_guidance_u,52,0,42,41,"[129, 55, 40, 26, 11, 7, 0, 3, 12, 22, 37, 42, 79, 99, 96, 116, 127, 124, 44, 31, 10, 5, 0, 0, 0, 0, 41, 76, 127, 89, 66, 44, 8, 13, 19, 48, 85, 105, 127, 127, 121, 65]","[55, 40, 26, 11, 7, 0, 3, 12, 22, 37, 42, 79, 99, 96, 116, 127, 124, 44, 31, 10, 5, 0, 0, 0, 0, 41, 76, 127, 89, 66, 44, 8, 13, 19, 48, 85, 105, 127, 127, 121, 65]"
In-Distribution,10,exact_guidance_u,53,0,43,42,"[129, 55, 40, 26, 11, 7, 0, 3, 12, 22, 37, 42, 79, 99, 96, 116, 127, 127, 124, 44, 31, 10, 5, 0, 0, 0, 0, 41, 76, 127, 89, 66, 44, 8, 13, 19, 48, 85, 105, 127, 127, 121, 65]","[55, 40, 26, 11, 7, 0, 3, 12, 22, 37, 42, 79, 99, 96, 116, 127, 127, 124, 44, 31, 10, 5, 0, 0, 0, 0, 41, 76, 127, 89, 66, 44, 8, 13, 19, 48, 85, 105, 127, 127, 121, 65]"
In-Distribution,10,exact_guidance_u,54,0,44,43,"[129, 55, 40, 26, 11, 7, 0, 3, 12, 22, 37, 42, 79, 99, 96, 116, 127, 127, 124, 44, 31, 10, 5, 0, 0, 0, 0, 41, 76, 127, 89, 66, 44, 40, 8, 13, 19, 48, 85, 105, 127, 127, 121, 65]","[55, 40, 26, 11, 7, 0, 3, 12, 22, 37, 42, 79, 99, 96, 116, 127, 127, 124, 44, 31, 10, 5, 0, 0, 0, 0, 41, 76, 127, 89, 66, 44, 40, 8, 13, 19, 48, 85, 105, 127, 127, 121, 65]"
In-Distribution,10,exact_guidance_u,55,0,44,43,"[129, 55, 40, 26, 11, 7, 0, 3, 12, 22, 37, 42, 79, 99, 96, 116, 127, 127, 124, 44, 31, 10, 5, 0, 0, 0, 0, 41, 76, 127, 89, 66, 44, 40, 8, 13, 19, 48, 85, 105, 127, 127, 121, 65]","[55, 40, 26, 11, 7, 0, 3, 12, 22, 37, 42, 79, 99, 96, 116, 127, 127, 124, 44, 31, 10, 5, 0, 0, 0, 0, 41, 76, 127, 89, 66, 44, 40, 8, 13, 19, 48, 85, 105, 127, 127, 121, 65]"
In-Distribution,10,exact_guidance_u,56,0,45,44,"[129, 55, 40, 26, 11, 7, 0, 3, 12, 22, 37, 42, 79, 99, 96, 116, 127, 127, 124, 44, 31, 10, 5, 0, 0, 0, 0, 41, 76, 127, 89, 66, 44, 40, 12, 8, 13, 19, 48, 85, 105, 127, 127, 121, 65]","[55, 40, 26, 11, 7, 0, 3, 12, 22, 37, 42, 79, 99, 96, 116, 127, 127, 124, 44, 31, 10, 5, 0, 0, 0, 0, 41, 76, 127, 89, 66, 44, 40, 12, 8, 13, 19, 48, 85, 105, 127, 127, 121, 65]"
In-Distribution,10,exact_guidance_u,57,0,45,44,"[129, 55, 40, 26, 11, 7, 0, 3, 12, 22, 37, 42, 79, 99, 96, 116, 127, 127, 124, 44, 31, 10, 5, 0, 0, 0, 0, 41, 76, 127, 89, 66, 44, 40, 12, 8, 13, 19, 48, 85, 105, 127, 127, 121, 65]","[55, 40, 26, 11, 7, 0, 3, 12, 22, 37, 42, 79, 99, 96, 116, 127, 127, 124, 44, 31, 10, 5, 0, 0, 0, 0, 41, 76, 127, 89, 66, 44, 40, 12, 8, 13, 19, 48, 85, 105, 127, 127, 121, 65]"
In-Distribution,10,exact_guidance_u,58,0,46,45,"[129, 55, 40, 26, 11, 7, 0, 3, 12, 22, 37, 42, 79, 99, 96, 116, 127, 127, 124, 44, 31, 10, 5, 0, 0, 0, 0, 41, 76, 127, 89, 66, 44, 40, 12, 17, 8, 13, 19, 48, 85, 105, 127, 127, 121, 65]","[55, 40, 26, 11, 7, 0, 3, 12, 22, 37, 42, 79, 99, 96, 116, 127, 127, 124, 44, 31, 10, 5, 0, 0, 0, 0, 41, 76, 127, 89, 66, 44, 40, 12, 17, 8, 13, 19, 48, 85, 105, 127, 127, 121, 65]"
In-Distribution,10,exact_guidance_u,59,0,46,45,"[129, 55, 40, 26, 11, 7, 0, 3, 12, 22, 37, 42, 79, 99, 96, 116, 127, 127, 124, 44, 31, 10, 5, 0, 0, 0, 0, 41, 76, 127, 89, 66, 44, 40, 12, 17, 8, 13, 19, 48, 85, 105, 127, 127, 121, 65]","[55, 40, 26, 11, 7, 0, 3, 12, 22, 37, 42, 79, 99, 96, 116, 127, 127, 124, 44, 31, 10, 5, 0, 0, 0, 0, 41, 76, 127, 89, 66, 44, 40, 12, 17, 8, 13, 19, 48, 85, 105, 127, 127, 121, 65]"
In-Distribution,10,exact_guidance_u,60,0,47,46,"[129, 55, 40, 26, 11, 7, 0, 3, 12, 22, 37, 42, 79, 99, 96, 116, 127, 127, 124, 44, 31, 10, 5, 0, 0, 0, 0, 41, 76, 127, 127, 89, 66, 44, 40, 12, 17, 8, 13, 19, 48, 85, 105, 127, 127, 121, 65]","[55, 40, 26, 11, 7, 0, 3, 12, 22, 37, 42, 79, 99, 96, 116, 127, 127, 124, 44, 31, 10, 5, 0, 0, 0, 0, 41, 76, 127, 127, 89, 66, 44, 40, 12, 17, 8, 13, 19, 48, 85, 105, 127, 127, 121, 65]"
In-Distribution,10,exact_guidance_u,61,0,50,49,"[129, 55, 40, 26, 11, 7, 0, 3, 12, 22, 37, 42, 79, 99, 96, 116, 127, 127, 124, 44, 31, 10, 5, 0, 0, 0, 0, 41, 76, 127, 127, 127, 121, 89, 66, 44, 40, 12, 17, 8, 13, 19, 48, 62, 85, 105, 127, 127, 121, 65]","[55, 40, 26, 11, 7, 0, 3, 12, 22, 37, 42, 79, 99, 96, 116, 127, 127, 124, 44, 31, 10, 5, 0, 0, 0, 0, 41, 76, 127, 127, 127, 121, 89, 66, 44, 40, 12, 17, 8, 13, 19, 48, 62, 85, 105, 127, 127, 121, 65]"
In-Distribution,10,exact_guidance_u,62,0,51,50,"[129, 55, 40, 26, 11, 7, 0, 3, 12, 22, 37, 42, 79, 99, 96, 116, 127, 127, 124, 44, 31, 10, 5, 0, 0, 0, 0, 41, 76, 96, 127, 127, 127, 121, 89, 66, 44, 40, 12, 17, 8, 13, 19, 48, 62, 85, 105, 127, 127, 121, 65]","[55, 40, 26, 11, 7, 0, 3, 12, 22, 37, 42, 79, 99, 96, 116, 127, 127, 124, 44, 31, 10, 5, 0, 0, 0, 0, 41, 76, 96, 127, 127, 127, 121, 89, 66, 44, 40, 12, 17, 8, 13, 19, 48, 62, 85, 105, 127, 127, 121, 65]"
In-Distribution,10,exact_guidance_u,63,0,51,50,"[129, 55, 40, 26, 11, 7, 0, 3, 12, 22, 37, 42, 79, 99, 96, 116, 127, 127, 124, 44, 31, 10, 5, 0, 0, 0, 0, 41, 76, 96, 127, 127, 127, 121, 89, 66, 44, 40, 12, 17, 8, 13, 19, 48, 62, 85, 105, 127, 127, 121, 65]","[55, 40, 26, 11, 7, 0, 3, 12, 22, 37, 42, 79, 99, 96, 116, 127, 127, 124, 44, 31, 10, 5, 0, 0, 0, 0, 41, 76, 96, 127, 127, 127, 121, 89, 66, 44, 40, 12, 17, 8, 13, 19, 48, 62, 85, 105, 127, 127, 121, 65]"
In-Distribution,10,exact_guidance_u,64,0,51,50,"[129, 55, 40, 26, 11, 7, 0, 3, 12, 22, 37, 42, 79, 99, 96, 116, 127, 127, 124, 44, 31, 10, 5, 0, 0, 0, 0, 41, 76, 96, 127, 127, 127, 121, 89, 66, 44, 40, 12, 17, 8, 13, 19, 48, 62, 85, 105, 127, 127, 121, 65]","[55, 40, 26, 11, 7, 0, 3, 12, 22, 37, 42, 79, 99, 96, 116, 127, 127, 124, 44, 31, 10, 5, 0, 0, 0, 0, 41, 76, 96, 127, 127, 127, 121, 89, 66, 44, 40, 12, 17, 8, 13, 19, 48, 62, 85, 105, 127, 127, 121, 65]"
In-Distribution,10,exact_guidance_u,65,0,52,51,"[129, 55, 40, 26, 11, 7, 0, 3, 12, 22, 37, 42, 79, 99, 96, 116, 127, 127, 124, 44, 31, 10, 5, 0, 0, 0, 0, 3, 41, 76, 96, 127, 127, 127, 121, 89, 66, 44, 40, 12, 17, 8, 13, 19, 48, 62, 85, 105, 127, 127, 121, 65]","[55, 40, 26, 11, 7, 0, 3, 12, 22, 37, 42, 79, 99, 96, 116, 127, 127, 124, 44, 31, 10, 5, 0, 0, 0, 0, 3, 41, 76, 96, 127, 127, 127, 121, 89, 66, 44, 40, 12, 17, 8, 13, 19, 48, 62, 85, 105, 127, 127, 121, 65]"
In-Distribution,10,exact_guidance_u,66,0,53,52,"[129, 55, 40, 26, 11, 7, 0, 3, 12, 22, 37, 42, 79, 99, 96, 116, 127, 127, 124, 44, 31, 10, 5, 0, 0, 0, 0, 3, 3, 41, 76, 96, 127, 127, 127, 121, 89, 66, 44, 40, 12, 17, 8, 13, 19, 48, 62, 85, 105, 127, 127, 121, 65]","[55, 40, 26, 11, 7, 0, 3, 12, 22, 37, 42, 79, 99, 96, 116, 127, 127, 124, 44, 31, 10, 5, 0, 0, 0, 0, 3, 3, 41, 76, 96, 127, 127, 127, 121, 89, 66, 44, 40, 12, 17, 8, 13, 19, 48, 62, 85, 105, 127, 127, 121, 65]"
In-Distribution,10,exact_guidance_u,67,0,53,52,"[129, 55, 40, 26, 11, 7, 0, 3, 12, 22, 37, 42, 79, 99, 96, 116, 127, 127, 124, 44, 31, 10, 5, 0, 0, 0, 0, 3, 3, 41, 76, 96, 127, 127, 127, 121, 89, 66, 44, 40, 12, 17, 8, 13, 19, 48, 62, 85, 105, 127, 127, 121, 65]","[55, 40, 26, 11, 7, 0, 3, 12, 22, 37, 42, 79, 99, 96, 116, 127, 127, 124, 44, 31, 10, 5, 0, 0, 0, 0, 3, 3, 41, 76, 96, 127, 127, 127, 121, 89, 66, 44, 40, 12, 17, 8, 13, 19, 48, 62, 85, 105, 127, 127, 121, 65]"
In-Distribution,10,exact_guidance_u,68,0,53,52,"[129, 55, 40, 26, 11, 7, 0, 3, 12, 22, 37, 42, 79, 99, 96, 116, 127, 127, 124, 44, 31, 10, 5, 0, 0, 0, 0, 3, 3, 41, 76, 96, 127, 127, 127, 121, 89, 66, 44, 40, 12, 17, 8, 13, 19, 48, 62, 85, 105, 127, 127, 121, 65]","[55, 40, 26, 11, 7, 0, 3, 12, 22, 37, 42, 79, 99, 96, 116, 127, 127, 124, 44, 31, 10, 5, 0, 0, 0, 0, 3, 3, 41, 76, 96, 127, 127, 127, 121, 89, 66, 44, 40, 12, 17, 8, 13, 19, 48, 62, 85, 105, 127, 127, 121, 65]"
In-Distribution,10,exact_guidance_u,69,0,53,52,"[129, 55, 40, 26, 11, 7, 0, 3, 12, 22, 37, 42, 79, 99, 96, 116, 127, 127, 124, 44, 31, 10, 5, 0, 0, 0, 0, 3, 3, 41, 76, 96, 127, 127, 127, 121, 89, 66, 44, 40, 12, 17, 8, 13, 19, 48, 62, 85, 105, 127, 127, 121, 65]","[55, 40, 26, 11, 7, 0, 3, 12, 22, 37, 42, 79, 99, 96, 116, 127, 127, 124, 44, 31, 10, 5, 0, 0, 0, 0, 3, 3, 41, 76, 96, 127, 127, 127, 121, 89, 66, 44, 40, 12, 17, 8, 13, 19, 48, 62, 85, 105, 127, 127, 121, 65]"
In-Distribution,10,exact_guidance_u,70,0,53,52,"[129, 55, 40, 26, 11, 7, 0, 3, 12, 22, 37, 42, 79, 99, 96, 116, 127, 127, 124, 44, 31, 10, 5, 0, 0, 0, 0, 3, 3, 41, 76, 96, 127, 127, 127, 121, 89, 66, 44, 40, 12, 17, 8, 13, 19, 48, 62, 85, 105, 127, 127, 121, 65]","[55, 40, 26, 11, 7, 0, 3, 12, 22, 37, 42, 79, 99, 96, 116, 127, 127, 124, 44, 31, 10, 5, 0, 0, 0, 0, 3, 3, 41, 76, 96, 127, 127, 127, 121, 89, 66, 44, 40, 12, 17, 8, 13, 19, 48, 62, 85, 105, 127, 127, 121, 65]"
In-Distribution,10,exact_guidance_u,71,0,53,52,"[129, 55, 40, 26, 11, 7, 0, 3, 12, 22, 37, 42, 79, 99, 96, 116, 127, 127, 124, 44, 31, 10, 5, 0, 0, 0, 0, 3, 3, 41, 76, 96, 127, 127, 127, 121, 89, 66, 44, 40, 12, 17, 8, 13, 19, 48, 62, 85, 105, 127, 127, 121, 65]","[55, 40, 26, 11, 7, 0, 3, 12, 22, 37, 42, 79, 99, 96, 116, 127, 127, 124, 44, 31, 10, 5, 0, 0, 0, 0, 3, 3, 41, 76, 96, 127, 127, 127, 121, 89, 66, 44, 40, 12, 17, 8, 13, 19, 48, 62, 85, 105, 127, 127, 121, 65]"
In-Distribution,10,exact_guidance_u,72,0,54,53,"[129, 55, 40, 26, 11, 7, 0, 3, 12, 22, 37, 42, 79, 99, 96, 121, 116, 127, 127, 124, 44, 31, 10, 5, 0, 0, 0, 0, 3, 3, 41, 76, 96, 127, 127, 127, 121, 89, 66, 44, 40, 12, 17, 8, 13, 19, 48, 62, 85, 105, 127, 127, 121, 65]","[55, 40, 26, 11, 7, 0, 3, 12, 22, 37, 42, 79, 99, 96, 121, 116, 127, 127, 124, 44, 31, 10, 5, 0, 0, 0, 0, 3, 3, 41, 76, 96, 127, 127, 127, 121, 89, 66, 44, 40, 12, 17, 8, 13, 19, 48, 62, 85, 105, 127, 127, 121, 65]"
In-Distribution,10,exact_guidance_u,73,0,55,54,"[129, 55, 40, 26, 11, 7, 0, 3, 12, 22, 37, 42, 79, 99, 96, 121, 116, 127, 127, 124, 44, 31, 10, 5, 0, 0, 0, 0, 3, 3, 41, 76, 96, 127, 127, 127, 121, 89, 66, 44, 40, 12, 17, 8, 13, 9, 19, 48, 62, 85, 105, 127, 127, 121, 65]","[55, 40, 26, 11, 7, 0, 3, 12, 22, 37, 42, 79, 99, 96, 121, 116, 127, 127, 124, 44, 31, 10, 5, 0, 0, 0, 0, 3, 3, 41, 76, 96, 127, 127, 127, 121, 89, 66, 44, 40, 12, 17, 8, 13, 9, 19, 48, 62, 85, 105, 127, 127, 121, 65]"
In-Distribution,10,exact_guidance_u,74,0,55,54,"[129, 55, 40, 26, 11, 7, 0, 3, 12, 22, 37, 42, 79, 99, 96, 121, 116, 127, 127, 124, 44, 31, 10, 5, 0, 0, 0, 0, 3, 3, 41, 76, 96, 127, 127, 127, 121, 89, 66, 44, 40, 12, 17, 8, 13, 9, 19, 48, 62, 85, 105, 127, 127, 121, 65]","[55, 40, 26, 11, 7, 0, 3, 12, 22, 37, 42, 79, 99, 96, 121, 116, 127, 127, 124, 44, 31, 10, 5, 0, 0, 0, 0, 3, 3, 41, 76, 96, 127, 127, 127, 121, 89, 66, 44, 40, 12, 17, 8, 13, 9, 19, 48, 62, 85, 105, 127, 127, 121, 65]"
In-Distribution,10,exact_guidance_u,75,0,56,55,"[129, 55, 40, 26, 11, 7, 0, 3, 12, 22, 37, 42, 79, 99, 96, 121, 116, 127, 127, 124, 44, 31, 10, 5, 0, 0, 0, 0, 3, 3, 41, 76, 96, 127, 127, 127, 121, 89, 66, 44, 40, 11, 12, 17, 8, 13, 9, 19, 48, 62, 85, 105, 127, 127, 121, 65]","[55, 40, 26, 11, 7, 0, 3, 12, 22, 37, 42, 79, 99, 96, 121, 116, 127, 127, 124, 44, 31, 10, 5, 0, 0, 0, 0, 3, 3, 41, 76, 96, 127, 127, 127, 121, 89, 66, 44, 40, 11, 12, 17, 8, 13, 9, 19, 48, 62, 85, 105, 127, 127, 121, 65]"
In-Distribution,10,exact_guidance_u,76,0,56,55,"[129, 55, 40, 26, 11, 7, 0, 3, 12, 22, 37, 42, 79, 99, 96, 121, 116, 127, 127, 124, 44, 31, 10, 5, 0, 0, 0, 0, 3, 3, 41, 76, 96, 127, 127, 127, 121, 89, 66, 44, 40, 11, 12, 17, 8, 13, 9, 19, 48, 62, 85, 105, 127, 127, 121, 65]","[55, 40, 26, 11, 7, 0, 3, 12, 22, 37, 42, 79, 99, 96, 121, 116, 127, 127, 124, 44, 31, 10, 5, 0, 0, 0, 0, 3, 3, 41, 76, 96, 127, 127, 127, 121, 89, 66, 44, 40, 11, 12, 17, 8, 13, 9, 19, 48, 62, 85, 105, 127, 127, 121, 65]"
In-Distribution,10,exact_guidance_u,77,0,56,55,"[129, 55, 40, 26, 11, 7, 0, 3, 12, 22, 37, 42, 79, 99, 96, 121, 116, 127, 127, 124, 44, 31, 10, 5, 0, 0, 0, 0, 3, 3, 41, 76, 96, 127, 127, 127, 121, 89, 66, 44, 40, 11, 12, 17, 8, 13, 9, 19, 48, 62, 85, 105, 127, 127, 121, 65]","[55, 40, 26, 11, 7, 0, 3, 12, 22, 37, 42, 79, 99, 96, 121, 116, 127, 127, 124, 44, 31, 10, 5, 0, 0, 0, 0, 3, 3, 41, 76, 96, 127, 127, 127, 121, 89, 66, 44, 40, 11, 12, 17, 8, 13, 9, 19, 48, 62, 85, 105, 127, 127, 121, 65]"
In-Distribution,10,exact_guidance_u,78,0,57,56,"[129, 55, 40, 26, 11, 7, 0, 3, 12, 22, 37, 42, 79, 99, 96, 121, 116, 127, 127, 127, 124, 44, 31, 10, 5, 0, 0, 0, 0, 3, 3, 41, 76, 96, 127, 127, 127, 121, 89, 66, 44, 40, 11, 12, 17, 8, 13, 9, 19, 48, 62, 85, 105, 127, 127, 121, 65]","[55, 40, 26, 11, 7, 0, 3, 12, 22, 37, 42, 79, 99, 96, 121, 116, 127, 127, 127, 124, 44, 31, 10, 5, 0, 0, 0, 0, 3, 3, 41, 76, 96, 127, 127, 127, 121, 89, 66, 44, 40, 11, 12, 17, 8, 13, 9, 19, 48, 62, 85, 105, 127, 127, 121, 65]"
In-Distribution,10,exact_guidance_u,79,0,58,57,"[129, 55, 40, 26, 11, 7, 0, 3, 12, 22, 37, 42, 79, 99, 96, 121, 116, 127, 127, 127, 124, 44, 43, 31, 10, 5, 0, 0, 0, 0, 3, 3, 41, 76, 96, 127, 127, 127, 121, 89, 66, 44, 40, 11, 12, 17, 8, 13, 9, 19, 48, 62, 85, 105, 127, 127, 121, 65]","[55, 40, 26, 11, 7, 0, 3, 12, 22, 37, 42, 79, 99, 96, 121, 116, 127, 127, 127, 124, 44, 43, 31, 10, 5, 0, 0, 0, 0, 3, 3, 41, 76, 96, 127, 127, 127, 121, 89, 66, 44, 40, 11, 12, 17, 8, 13, 9, 19, 48, 62, 85, 105, 127, 127, 121, 65]"
In-Distribution,10,exact_guidance_u,80,0,61,60,"[129, 55, 40, 26, 11, 7, 2, 0, 3, 12, 22, 37, 42, 79, 99, 96, 111, 121, 116, 127, 127, 127, 124, 44, 43, 31, 10, 5, 0, 0, 0, 0, 3, 3, 41, 76, 96, 127, 127, 127, 121, 89, 66, 44, 40, 11, 12, 17, 8, 0, 13, 9, 19, 48, 62, 85, 105, 127, 127, 121, 65]","[55, 40, 26, 11, 7, 2, 0, 3, 12, 22, 37, 42, 79, 99, 96, 111, 121, 116, 127, 127, 127, 124, 44, 43, 31, 10, 5, 0, 0, 0, 0, 3, 3, 41, 76, 96, 127, 127, 127, 121, 89, 66, 44, 40, 11, 12, 17, 8, 0, 13, 9, 19, 48, 62, 85, 105, 127, 127, 121, 65]"
In-Distribution,10,exact_guidance_u,81,0,63,62,"[129, 55, 40, 26, 11, 7, 2, 0, 3, 12, 22, 37, 42, 79, 99, 96, 111, 121, 116, 127, 127, 127, 124, 114, 44, 43, 31, 10, 5, 0, 0, 0, 0, 3, 3, 41, 76, 96, 127, 127, 127, 121, 89, 66, 44, 40, 11, 12, 17, 8, 0, 13, 9, 19, 48, 62, 71, 85, 105, 127, 127, 121, 65]","[55, 40, 26, 11, 7, 2, 0, 3, 12, 22, 37, 42, 79, 99, 96, 111, 121, 116, 127, 127, 127, 124, 114, 44, 43, 31, 10, 5, 0, 0, 0, 0, 3, 3, 41, 76, 96, 127, 127, 127, 121, 89, 66, 44, 40, 11, 12, 17, 8, 0, 13, 9, 19, 48, 62, 71, 85, 105, 127, 127, 121, 65]"
In-Distribution,10,exact_guidance_u,82,0,66,65,"[129, 55, 40, 26, 19, 11, 7, 2, 0, 3, 12, 22, 37, 42, 79, 99, 96, 111, 121, 116, 127, 127, 127, 124, 114, 44, 43, 31, 10, 5, 0, 0, 0, 0, 3, 3, 41, 76, 96, 101, 127, 127, 127, 121, 89, 66, 44, 40, 11, 12, 17, 8, 3, 0, 13, 9, 19, 48, 62, 71, 85, 105, 127, 127, 121, 65]","[55, 40, 26, 19, 11, 7, 2, 0, 3, 12, 22, 37, 42, 79, 99, 96, 111, 121, 116, 127, 127, 127, 124, 114, 44, 43, 31, 10, 5, 0, 0, 0, 0, 3, 3, 41, 76, 96, 101, 127, 127, 127, 121, 89, 66, 44, 40, 11, 12, 17, 8, 3, 0, 13, 9, 19, 48, 62, 71, 85, 105, 127, 127, 121, 65]"
In-Distribution,10,exact_guidance_u,83,0,71,70,"[129, 55, 40, 26, 19, 11, 7, 2, 0, 3, 12, 22, 37, 42, 79, 99, 96, 111, 121, 116, 127, 127, 127, 124, 114, 96, 44, 43, 44, 31, 10, 5, 0, 0, 0, 0, 3, 3, 41, 76, 96, 101, 127, 127, 127, 121, 89, 73, 66, 44, 40, 11, 12, 17, 8, 3, 0, 0, 13, 9, 19, 35, 48, 62, 71, 85, 105, 127, 127, 121, 65]","[55, 40, 26, 19, 11, 7, 2, 0, 3, 12, 22, 37, 42, 79, 99, 96, 111, 121, 116, 127, 127, 127, 124, 114, 96, 44, 43, 44, 31, 10, 5, 0, 0, 0, 0, 3, 3, 41, 76, 96, 101, 127, 127, 127, 121, 89, 73, 66, 44, 40, 11, 12, 17, 8, 3, 0, 0, 13, 9, 19, 35, 48, 62, 71, 85, 105, 127, 127, 121, 65]"
In-Distribution,10,exact_guidance_u,84,0,72,71,"[129, 55, 40, 26, 19, 11, 7, 2, 0, 3, 12, 22, 37, 42, 79, 99, 96, 111, 121, 116, 127, 127, 127, 124, 114, 96, 44, 43, 44, 31, 10, 5, 0, 0, 0, 0, 3, 3, 41, 76, 96, 101, 127, 127, 127, 121, 89, 73, 66, 44, 40, 11, 12, 17, 8, 3, 0, 0, 13, 9, 19, 35, 48, 62, 71, 85, 105, 127, 127, 127, 121, 65]","[55, 40, 26, 19, 11, 7, 2, 0, 3, 12, 22, 37, 42, 79, 99, 96, 111, 121, 116, 127, 127, 127, 124, 114, 96, 44, 43, 44, 31, 10, 5, 0, 0, 0, 0, 3, 3, 41, 76, 96, 101, 127, 127, 127, 121, 89, 73, 66, 44, 40, 11, 12, 17, 8, 3, 0, 0, 13, 9, 19, 35, 48, 62, 71, 85, 105, 127, 127, 127, 121, 65]"
In-Distribution,10,exact_guidance_u,85,0,73,72,"[129, 55, 40, 26, 19, 11, 7, 2, 0, 3, 12, 22, 37, 42, 79, 99, 96, 111, 121, 116, 127, 127, 127, 124, 114, 96, 44, 43, 44, 31, 10, 5, 0, 0, 0, 0, 3, 3, 41, 76, 96, 101, 127, 127, 127, 121, 89, 73, 66, 44, 40, 11, 12, 17, 8, 3, 0, 0, 13, 9, 19, 35, 48, 62, 71, 85, 105, 127, 127, 127, 121, 110, 65]","[55, 40, 26, 19, 11, 7, 2, 0, 3, 12, 22, 37, 42, 79, 99, 96, 111, 121, 116, 127, 127, 127, 124, 114, 96, 44, 43, 44, 31, 10, 5, 0, 0, 0, 0, 3, 3, 41, 76, 96, 101, 127, 127, 127, 121, 89, 73, 66, 44, 40, 11, 12, 17, 8, 3, 0, 0, 13, 9, 19, 35, 48, 62, 71, 85, 105, 127, 127, 127, 121, 110, 65]"
In-Distribution,10,exact_guidance_u,86,0,75,74,"[129, 55, 40, 26, 19, 11, 7, 2, 0, 3, 12, 22, 37, 42, 79, 99, 96, 111, 121, 116, 127, 127, 127, 124, 114, 96, 44, 43, 44, 31, 10, 5, 0, 0, 0, 0, 3, 3, 41, 76, 96, 101, 127, 127, 127, 121, 89, 73, 66, 44, 40, 11, 12, 17, 8, 3, 0, 0, 13, 9, 19, 35, 48, 62, 71, 85, 105, 117, 127, 127, 127, 122, 121, 110, 65]","[55, 40, 26, 19, 11, 7, 2, 0, 3, 12, 22, 37, 42, 79, 99, 96, 111, 121, 116, 127, 127, 127, 124, 114, 96, 44, 43, 44, 31, 10, 5, 0, 0, 0, 0, 3, 3, 41, 76, 96, 101, 127, 127, 127, 121, 89, 73, 66, 44, 40, 11, 12, 17, 8, 3, 0, 0, 13, 9, 19, 35, 48, 62, 71, 85, 105, 117, 127, 127, 127, 122, 121, 110, 65]"
In-Distribution,10,exact_guidance_u,87,0,77,76,"[129, 65, 55, 40, 26, 19, 11, 7, 2, 0, 3, 12, 22, 37, 42, 79, 99, 96, 111, 121, 116, 127, 127, 127, 124, 114, 96, 44, 43, 44, 31, 10, 5, 0, 0, 0, 0, 3, 3, 41, 76, 96, 101, 127, 127, 127, 121, 89, 73, 66, 44, 40, 29, 11, 12, 17, 8, 3, 0, 0, 13, 9, 19, 35, 48, 62, 71, 85, 105, 117, 127, 127, 127, 122, 121, 110, 65]","[65, 55, 40, 26, 19, 11, 7, 2, 0, 3, 12, 22, 37, 42, 79, 99, 96, 111, 121, 116, 127, 127, 127, 124, 114, 96, 44, 43, 44, 31, 10, 5, 0, 0, 0, 0, 3, 3, 41, 76, 96, 101, 127, 127, 127, 121, 89, 73, 66, 44, 40, 29, 11, 12, 17, 8, 3, 0, 0, 13, 9, 19, 35, 48, 62, 71, 85, 105, 117, 127, 127, 127, 122, 121, 110, 65]"
In-Distribution,10,exact_guidance_u,88,0,77,76,"[129, 65, 55, 40, 26, 19, 11, 7, 2, 0, 3, 12, 22, 37, 42, 79, 99, 96, 111, 121, 116, 127, 127, 127, 124, 114, 96, 44, 43, 44, 31, 10, 5, 0, 0, 0, 0, 3, 3, 41, 76, 96, 101, 127, 127, 127, 121, 89, 73, 66, 44, 40, 29, 11, 12, 17, 8, 3, 0, 0, 13, 9, 19, 35, 48, 62, 71, 85, 105, 117, 127, 127, 127, 122, 121, 110, 65]","[65, 55, 40, 26, 19, 11, 7, 2, 0, 3, 12, 22, 37, 42, 79, 99, 96, 111, 121, 116, 127, 127, 127, 124, 114, 96, 44, 43, 44, 31, 10, 5, 0, 0, 0, 0, 3, 3, 41, 76, 96, 101, 127, 127, 127, 121, 89, 73, 66, 44, 40, 29, 11, 12, 17, 8, 3, 0, 0, 13, 9, 19, 35, 48, 62, 71, 85, 105, 117, 127, 127, 127, 122, 121, 110, 65]"
In-Distribution,10,exact_guidance_u,89,0,78,77,"[129, 65, 55, 50, 40, 26, 19, 11, 7, 2, 0, 3, 12, 22, 37, 42, 79, 99, 96, 111, 121, 116, 127, 127, 127, 124, 114, 96, 44, 43, 44, 31, 10, 5, 0, 0, 0, 0, 3, 3, 41, 76, 96, 101, 127, 127, 127, 121, 89, 73, 66, 44, 40, 29, 11, 12, 17, 8, 3, 0, 0, 13, 9, 19, 35, 48, 62, 71, 85, 105, 117, 127, 127, 127, 122, 121, 110, 65]","[65, 55, 50, 40, 26, 19, 11, 7, 2, 0, 3, 12, 22, 37, 42, 79, 99, 96, 111, 121, 116, 127, 127, 127, 124, 114, 96, 44, 43, 44, 31, 10, 5, 0, 0, 0, 0, 3, 3, 41, 76, 96, 101, 127, 127, 127, 121, 89, 73, 66, 44, 40, 29, 11, 12, 17, 8, 3, 0, 0, 13, 9, 19, 35, 48, 62, 71, 85, 105, 117, 127, 127, 127, 122, 121, 110, 65]"
In-Distribution,10,exact_guidance_u,90,0,78,77,"[129, 65, 55, 50, 40, 26, 19, 11, 7, 2, 0, 3, 12, 22, 37, 42, 79, 99, 96, 111, 121, 116, 127, 127, 127, 124, 114, 96, 44, 43, 44, 31, 10, 5, 0, 0, 0, 0, 3, 3, 41, 76, 96, 101, 127, 127, 127, 121, 89, 73, 66, 44, 40, 29, 11, 12, 17, 8, 3, 0, 0, 13, 9, 19, 35, 48, 62, 71, 85, 105, 117, 127, 127, 127, 122, 121, 110, 65]","[65, 55, 50, 40, 26, 19, 11, 7, 2, 0, 3, 12, 22, 37, 42, 79, 99, 96, 111, 121, 116, 127, 127, 127, 124, 114, 96, 44, 43, 44, 31, 10, 5, 0, 0, 0, 0, 3, 3, 41, 76, 96, 101, 127, 127, 127, 121, 89, 73, 66, 44, 40, 29, 11, 12, 17, 8, 3, 0, 0, 13, 9, 19, 35, 48, 62, 71, 85, 105, 117, 127, 127, 127, 122, 121, 110, 65]"
In-Distribution,10,exact_guidance_u,91,0,78,77,"[129, 65, 55, 50, 40, 26, 19, 11, 7, 2, 0, 3, 12, 22, 37, 42, 79, 99, 96, 111, 121, 116, 127, 127, 127, 124, 114, 96, 44, 43, 44, 31, 10, 5, 0, 0, 0, 0, 3, 3, 41, 76, 96, 101, 127, 127, 127, 121, 89, 73, 66, 44, 40, 29, 11, 12, 17, 8, 3, 0, 0, 13, 9, 19, 35, 48, 62, 71, 85, 105, 117, 127, 127, 127, 122, 121, 110, 65]","[65, 55, 50, 40, 26, 19, 11, 7, 2, 0, 3, 12, 22, 37, 42, 79, 99, 96, 111, 121, 116, 127, 127, 127, 124, 114, 96, 44, 43, 44, 31, 10, 5, 0, 0, 0, 0, 3, 3, 41, 76, 96, 101, 127, 127, 127, 121, 89, 73, 66, 44, 40, 29, 11, 12, 17, 8, 3, 0, 0, 13, 9, 19, 35, 48, 62, 71, 85, 105, 117, 127, 127, 127, 122, 121, 110, 65]"
In-Distribution,10,exact_guidance_u,92,0,78,77,"[129, 65, 55, 50, 40, 26, 19, 11, 7, 2, 0, 3, 12, 22, 37, 42, 79, 99, 96, 111, 121, 116, 127, 127, 127, 124, 114, 96, 44, 43, 44, 31, 10, 5, 0, 0, 0, 0, 3, 3, 41, 76, 96, 101, 127, 127, 127, 121, 89, 73, 66, 44, 40, 29, 11, 12, 17, 8, 3, 0, 0, 13, 9, 19, 35, 48, 62, 71, 85, 105, 117, 127, 127, 127, 122, 121, 110, 65]","[65, 55, 50, 40, 26, 19, 11, 7, 2, 0, 3, 12, 22, 37, 42, 79, 99, 96, 111, 121, 116, 127, 127, 127, 124, 114, 96, 44, 43, 44, 31, 10, 5, 0, 0, 0, 0, 3, 3, 41, 76, 96, 101, 127, 127, 127, 121, 89, 73, 66, 44, 40, 29, 11, 12, 17, 8, 3, 0, 0, 13, 9, 19, 35, 48, 62, 71, 85, 105, 117, 127, 127, 127, 122, 121, 110, 65]"
In-Distribution,10,exact_guidance_u,93,0,78,77,"[129, 65, 55, 50, 40, 26, 19, 11, 7, 2, 0, 3, 12, 22, 37, 42, 79, 99, 96, 111, 121, 116, 127, 127, 127, 124, 114, 96, 44, 43, 44, 31, 10, 5, 0, 0, 0, 0, 3, 3, 41, 76, 96, 101, 127, 127, 127, 121, 89, 73, 66, 44, 40, 29, 11, 12, 17, 8, 3, 0, 0, 13, 9, 19, 35, 48, 62, 71, 85, 105, 117, 127, 127, 127, 122, 121, 110, 65]","[65, 55, 50, 40, 26, 19, 11, 7, 2, 0, 3, 12, 22, 37, 42, 79, 99, 96, 111, 121, 116, 127, 127, 127, 124, 114, 96, 44, 43, 44, 31, 10, 5, 0, 0, 0, 0, 3, 3, 41, 76, 96, 101, 127, 127, 127, 121, 89, 73, 66, 44, 40, 29, 11, 12, 17, 8, 3, 0, 0, 13, 9, 19, 35, 48, 62, 71, 85, 105, 117, 127, 127, 127, 122, 121, 110, 65]"
In-Distribution,10,exact_guidance_u,94,0,78,77,"[129, 65, 55, 50, 40, 26, 19, 11, 7, 2, 0, 3, 12, 22, 37, 42, 79, 99, 96, 111, 121, 116, 127, 127, 127, 124, 114, 96, 44, 43, 44, 31, 10, 5, 0, 0, 0, 0, 3, 3, 41, 76, 96, 101, 127, 127, 127, 121, 89, 73, 66, 44, 40, 29, 11, 12, 17, 8, 3, 0, 0, 13, 9, 19, 35, 48, 62, 71, 85, 105, 117, 127, 127, 127, 122, 121, 110, 65]","[65, 55, 50, 40, 26, 19, 11, 7, 2, 0, 3, 12, 22, 37, 42, 79, 99, 96, 111, 121, 116, 127, 127, 127, 124, 114, 96, 44, 43, 44, 31, 10, 5, 0, 0, 0, 0, 3, 3, 41, 76, 96, 101, 127, 127, 127, 121, 89, 73, 66, 44, 40, 29, 11, 12, 17, 8, 3, 0, 0, 13, 9, 19, 35, 48, 62, 71, 85, 105, 117, 127, 127, 127, 122, 121, 110, 65]"
In-Distribution,10,exact_guidance_u,95,0,78,77,"[129, 65, 55, 50, 40, 26, 19, 11, 7, 2, 0, 3, 12, 22, 37, 42, 79, 99, 96, 111, 121, 116, 127, 127, 127, 124, 114, 96, 44, 43, 44, 31, 10, 5, 0, 0, 0, 0, 3, 3, 41, 76, 96, 101, 127, 127, 127, 121, 89, 73, 66, 44, 40, 29, 11, 12, 17, 8, 3, 0, 0, 13, 9, 19, 35, 48, 62, 71, 85, 105, 117, 127, 127, 127, 122, 121, 110, 65]","[65, 55, 50, 40, 26, 19, 11, 7, 2, 0, 3, 12, 22, 37, 42, 79, 99, 96, 111, 121, 116, 127, 127, 127, 124, 114, 96, 44, 43, 44, 31, 10, 5, 0, 0, 0, 0, 3, 3, 41, 76, 96, 101, 127, 127, 127, 121, 89, 73, 66, 44, 40, 29, 11, 12, 17, 8, 3, 0, 0, 13, 9, 19, 35, 48, 62, 71, 85, 105, 117, 127, 127, 127, 122, 121, 110, 65]"
In-Distribution,10,exact_guidance_u,96,0,78,77,"[129, 65, 55, 50, 40, 26, 19, 11, 7, 2, 0, 3, 12, 22, 37, 42, 79, 99, 96, 111, 121, 116, 127, 127, 127, 124, 114, 96, 44, 43, 44, 31, 10, 5, 0, 0, 0, 0, 3, 3, 41, 76, 96, 101, 127, 127, 127, 121, 89, 73, 66, 44, 40, 29, 11, 12, 17, 8, 3, 0, 0, 13, 9, 19, 35, 48, 62, 71, 85, 105, 117, 127, 127, 127, 122, 121, 110, 65]","[65, 55, 50, 40, 26, 19, 11, 7, 2, 0, 3, 12, 22, 37, 42, 79, 99, 96, 111, 121, 116, 127, 127, 127, 124, 114, 96, 44, 43, 44, 31, 10, 5, 0, 0, 0, 0, 3, 3, 41, 76, 96, 101, 127, 127, 127, 121, 89, 73, 66, 44, 40, 29, 11, 12, 17, 8, 3, 0, 0, 13, 9, 19, 35, 48, 62, 71, 85, 105, 117, 127, 127, 127, 122, 121, 110, 65]"
In-Distribution,10,exact_guidance_u,97,0,79,78,"[129, 65, 55, 50, 40, 26, 19, 11, 7, 2, 0, 3, 12, 22, 37, 42, 79, 99, 96, 111, 121, 116, 127, 127, 127, 124, 114, 96, 44, 43, 44, 31, 10, 5, 0, 0, 0, 0, 3, 3, 41, 59, 76, 96, 101, 127, 127, 127, 121, 89, 73, 66, 44, 40, 29, 11, 12, 17, 8, 3, 0, 0, 13, 9, 19, 35, 48, 62, 71, 85, 105, 117, 127, 127, 127, 122, 121, 110, 65]","[65, 55, 50, 40, 26, 19, 11, 7, 2, 0, 3, 12, 22, 37, 42, 79, 99, 96, 111, 121, 116, 127, 127, 127, 124, 114, 96, 44, 43, 44, 31, 10, 5, 0, 0, 0, 0, 3, 3, 41, 59, 76, 96, 101, 127, 127, 127, 121, 89, 73, 66, 44, 40, 29, 11, 12, 17, 8, 3, 0, 0, 13, 9, 19, 35, 48, 62, 71, 85, 105, 117, 127, 127, 127, 122, 121, 110, 65]"
In-Distribution,10,exact_guidance_u,98,0,79,78,"[129, 65, 55, 50, 40, 26, 19, 11, 7, 2, 0, 3, 12, 22, 37, 42, 79, 99, 96, 111, 121, 116, 127, 127, 127, 124, 114, 96, 44, 43, 44, 31, 10, 5, 0, 0, 0, 0, 3, 3, 41, 59, 76, 96, 101, 127, 127, 127, 121, 89, 73, 66, 44, 40, 29, 11, 12, 17, 8, 3, 0, 0, 13, 9, 19, 35, 48, 62, 71, 85, 105, 117, 127, 127, 127, 122, 121, 110, 65]","[65, 55, 50, 40, 26, 19, 11, 7, 2, 0, 3, 12, 22, 37, 42, 79, 99, 96, 111, 121, 116, 127, 127, 127, 124, 114, 96, 44, 43, 44, 31, 10, 5, 0, 0, 0, 0, 3, 3, 41, 59, 76, 96, 101, 127, 127, 127, 121, 89, 73, 66, 44, 40, 29, 11, 12, 17, 8, 3, 0, 0, 13, 9, 19, 35, 48, 62, 71, 85, 105, 117, 127, 127, 127, 122, 121, 110, 65]"
In-Distribution,10,exact_guidance_u,99,0,79,78,"[129, 65, 55, 50, 40, 26, 19, 11, 7, 2, 0, 3, 12, 22, 37, 42, 79, 99, 96, 111, 121, 116, 127, 127, 127, 124, 114, 96, 44, 43, 44, 31, 10, 5, 0, 0, 0, 0, 3, 3, 41, 59, 76, 96, 101, 127, 127, 127, 121, 89, 73, 66, 44, 40, 29, 11, 12, 17, 8, 3, 0, 0, 13, 9, 19, 35, 48, 62, 71, 85, 105, 117, 127, 127, 127, 122, 121, 110, 65]","[65, 55, 50, 40, 26, 19, 11, 7, 2, 0, 3, 12, 22, 37, 42, 79, 99, 96, 111, 121, 116, 127, 127, 127, 124, 114, 96, 44, 43, 44, 31, 10, 5, 0, 0, 0, 0, 3, 3, 41, 59, 76, 96, 101, 127, 127, 127, 121, 89, 73, 66, 44, 40, 29, 11, 12, 17, 8, 3, 0, 0, 13, 9, 19, 35, 48, 62, 71, 85, 105, 117, 127, 127, 127, 122, 121, 110, 65]"
In-Distribution,10,exact_guidance_u,100,0,80,79,"[129, 65, 55, 50, 40, 26, 19, 11, 7, 2, 0, 3, 12, 22, 37, 42, 79, 99, 96, 111, 121, 116, 127, 127, 127, 124, 114, 96, 44, 43, 44, 31, 10, 5, 0, 0, 0, 0, 3, 3, 41, 59, 76, 96, 101, 127, 127, 127, 121, 89, 73, 66, 44, 40, 29, 11, 13, 12, 17, 8, 3, 0, 0, 13, 9, 19, 35, 48, 62, 71, 85, 105, 117, 127, 127, 127, 122, 121, 110, 65]","[65, 55, 50, 40, 26, 19, 11, 7, 2, 0, 3, 12, 22, 37, 42, 79, 99, 96, 111, 121, 116, 127, 127, 127, 124, 114, 96, 44, 43, 44, 31, 10, 5, 0, 0, 0, 0, 3, 3, 41, 59, 76, 96, 101, 127, 127, 127, 121, 89, 73, 66, 44, 40, 29, 11, 13, 12, 17, 8, 3, 0, 0, 13, 9, 19, 35, 48, 62, 71, 85, 105, 117, 127, 127, 127, 122, 121, 110, 65]"
In-Distribution,10,exact_guidance_u,101,0,80,79,"[129, 65, 55, 50, 40, 26, 19, 11, 7, 2, 0, 3, 12, 22, 37, 42, 79, 99, 96, 111, 121, 116, 127, 127, 127, 124, 114, 96, 44, 43, 44, 31, 10, 5, 0, 0, 0, 0, 3, 3, 41, 59, 76, 96, 101, 127, 127, 127, 121, 89, 73, 66, 44, 40, 29, 11, 13, 12, 17, 8, 3, 0, 0, 13, 9, 19, 35, 48, 62, 71, 85, 105, 117, 127, 127, 127, 122, 121, 110, 65]","[65, 55, 50, 40, 26, 19, 11, 7, 2, 0, 3, 12, 22, 37, 42, 79, 99, 96, 111, 121, 116, 127, 127, 127, 124, 114, 96, 44, 43, 44, 31, 10, 5, 0, 0, 0, 0, 3, 3, 41, 59, 76, 96, 101, 127, 127, 127, 121, 89, 73, 66, 44, 40, 29, 11, 13, 12, 17, 8, 3, 0, 0, 13, 9, 19, 35, 48, 62, 71, 85, 105, 117, 127, 127, 127, 122, 121, 110, 65]"
In-Distribution,10,exact_guidance_u,102,0,80,79,"[129, 65, 55, 50, 40, 26, 19, 11, 7, 2, 0, 3, 12, 22, 37, 42, 79, 99, 96, 111, 121, 116, 127, 127, 127, 124, 114, 96, 44, 43, 44, 31, 10, 5, 0, 0, 0, 0, 3, 3, 41, 59, 76, 96, 101, 127, 127, 127, 121, 89, 73, 66, 44, 40, 29, 11, 13, 12, 17, 8, 3, 0, 0, 13, 9, 19, 35, 48, 62, 71, 85, 105, 117, 127, 127, 127, 122, 121, 110, 65]","[65, 55, 50, 40, 26, 19, 11, 7, 2, 0, 3, 12, 22, 37, 42, 79, 99, 96, 111, 121, 116, 127, 127, 127, 124, 114, 96, 44, 43, 44, 31, 10, 5, 0, 0, 0, 0, 3, 3, 41, 59, 76, 96, 101, 127, 127, 127, 121, 89, 73, 66, 44, 40, 29, 11, 13, 12, 17, 8, 3, 0, 0, 13, 9, 19, 35, 48, 62, 71, 85, 105, 117, 127, 127, 127, 122, 121, 110, 65]"
In-Distribution,10,exact_guidance_u,103,0,80,79,"[129, 65, 55, 50, 40, 26, 19, 11, 7, 2, 0, 3, 12, 22, 37, 42, 79, 99, 96, 111, 121, 116, 127, 127, 127, 124, 114, 96, 44, 43, 44, 31, 10, 5, 0, 0, 0, 0, 3, 3, 41, 59, 76, 96, 101, 127, 127, 127, 121, 89, 73, 66, 44, 40, 29, 11, 13, 12, 17, 8, 3, 0, 0, 13, 9, 19, 35, 48, 62, 71, 85, 105, 117, 127, 127, 127, 122, 121, 110, 65]","[65, 55, 50, 40, 26, 19, 11, 7, 2, 0, 3, 12, 22, 37, 42, 79, 99, 96, 111, 121, 116, 127, 127, 127, 124, 114, 96, 44, 43, 44, 31, 10, 5, 0, 0, 0, 0, 3, 3, 41, 59, 76, 96, 101, 127, 127, 127, 121, 89, 73, 66, 44, 40, 29, 11, 13, 12, 17, 8, 3, 0, 0, 13, 9, 19, 35, 48, 62, 71, 85, 105, 117, 127, 127, 127, 122, 121, 110, 65]"
In-Distribution,10,exact_guidance_u,104,0,80,79,"[129, 65, 55, 50, 40, 26, 19, 11, 7, 2, 0, 3, 12, 22, 37, 42, 79, 99, 96, 111, 121, 116, 127, 127, 127, 124, 114, 96, 44, 43, 44, 31, 10, 5, 0, 0, 0, 0, 3, 3, 41, 59, 76, 96, 101, 127, 127, 127, 121, 89, 73, 66, 44, 40, 29, 11, 13, 12, 17, 8, 3, 0, 0, 13, 9, 19, 35, 48, 62, 71, 85, 105, 117, 127, 127, 127, 122, 121, 110, 65]","[65, 55, 50, 40, 26, 19, 11, 7, 2, 0, 3, 12, 22, 37, 42, 79, 99, 96, 111, 121, 116, 127, 127, 127, 124, 114, 96, 44, 43, 44, 31, 10, 5, 0, 0, 0, 0, 3, 3, 41, 59, 76, 96, 101, 127, 127, 127, 121, 89, 73, 66, 44, 40, 29, 11, 13, 12, 17, 8, 3, 0, 0, 13, 9, 19, 35, 48, 62, 71, 85, 105, 117, 127, 127, 127, 122, 121, 110, 65]"
In-Distribution,10,exact_guidance_u,105,0,80,79,"[129, 65, 55, 50, 40, 26, 19, 11, 7, 2, 0, 3, 12, 22, 37, 42, 79, 99, 96, 111, 121, 116, 127, 127, 127, 124, 114, 96, 44, 43, 44, 31, 10, 5, 0, 0, 0, 0, 3, 3, 41, 59, 76, 96, 101, 127, 127, 127, 121, 89, 73, 66, 44, 40, 29, 11, 13, 12, 17, 8, 3, 0, 0, 13, 9, 19, 35, 48, 62, 71, 85, 105, 117, 127, 127, 127, 122, 121, 110, 65]","[65, 55, 50, 40, 26, 19, 11, 7, 2, 0, 3, 12, 22, 37, 42, 79, 99, 96, 111, 121, 116, 127, 127, 127, 124, 114, 96, 44, 43, 44, 31, 10, 5, 0, 0, 0, 0, 3, 3, 41, 59, 76, 96, 101, 127, 127, 127, 121, 89, 73, 66, 44, 40, 29, 11, 13, 12, 17, 8, 3, 0, 0, 13, 9, 19, 35, 48, 62, 71, 85, 105, 117, 127, 127, 127, 122, 121, 110, 65]"
In-Distribution,10,exact_guidance_u,106,0,80,79,"[129, 65, 55, 50, 40, 26, 19, 11, 7, 2, 0, 3, 12, 22, 37, 42, 79, 99, 96, 111, 121, 116, 127, 127, 127, 124, 114, 96, 44, 43, 44, 31, 10, 5, 0, 0, 0, 0, 3, 3, 41, 59, 76, 96, 101, 127, 127, 127, 121, 89, 73, 66, 44, 40, 29, 11, 13, 12, 17, 8, 3, 0, 0, 13, 9, 19, 35, 48, 62, 71, 85, 105, 117, 127, 127, 127, 122, 121, 110, 65]","[65, 55, 50, 40, 26, 19, 11, 7, 2, 0, 3, 12, 22, 37, 42, 79, 99, 96, 111, 121, 116, 127, 127, 127, 124, 114, 96, 44, 43, 44, 31, 10, 5, 0, 0, 0, 0, 3, 3, 41, 59, 76, 96, 101, 127, 127, 127, 121, 89, 73, 66, 44, 40, 29, 11, 13, 12, 17, 8, 3, 0, 0, 13, 9, 19, 35, 48, 62, 71, 85, 105, 117, 127, 127, 127, 122, 121, 110, 65]"
In-Distribution,10,exact_guidance_u,107,0,82,81,"[129, 65, 55, 50, 40, 26, 19, 11, 7, 2, 0, 3, 12, 22, 37, 42, 79, 99, 96, 111, 121, 116, 127, 127, 127, 124, 114, 96, 44, 43, 44, 31, 18, 10, 5, 0, 0, 0, 0, 3, 5, 3, 41, 59, 76, 96, 101, 127, 127, 127, 121, 89, 73, 66, 44, 40, 29, 11, 13, 12, 17, 8, 3, 0, 0, 13, 9, 19, 35, 48, 62, 71, 85, 105, 117, 127, 127, 127, 122, 121, 110, 65]","[65, 55, 50, 40, 26, 19, 11, 7, 2, 0, 3, 12, 22, 37, 42, 79, 99, 96, 111, 121, 116, 127, 127, 127, 124, 114, 96, 44, 43, 44, 31, 18, 10, 5, 0, 0, 0, 0, 3, 5, 3, 41, 59, 76, 96, 101, 127, 127, 127, 121, 89, 73, 66, 44, 40, 29, 11, 13, 12, 17, 8, 3, 0, 0, 13, 9, 19, 35, 48, 62, 71, 85, 105, 117, 127, 127, 127, 122, 121, 110, 65]"
In-Distribution,10,exact_guidance_u,108,0,82,81,"[129, 65, 55, 50, 40, 26, 19, 11, 7, 2, 0, 3, 12, 22, 37, 42, 79, 99, 96, 111, 121, 116, 127, 127, 127, 124, 114, 96, 44, 43, 44, 31, 18, 10, 5, 0, 0, 0, 0, 3, 5, 3, 41, 59, 76, 96, 101, 127, 127, 127, 121, 89, 73, 66, 44, 40, 29, 11, 13, 12, 17, 8, 3, 0, 0, 13, 9, 19, 35, 48, 62, 71, 85, 105, 117, 127, 127, 127, 122, 121, 110, 65]","[65, 55, 50, 40, 26, 19, 11, 7, 2, 0, 3, 12, 22, 37, 42, 79, 99, 96, 111, 121, 116, 127, 127, 127, 124, 114, 96, 44, 43, 44, 31, 18, 10, 5, 0, 0, 0, 0, 3, 5, 3, 41, 59, 76, 96, 101, 127, 127, 127, 121, 89, 73, 66, 44, 40, 29, 11, 13, 12, 17, 8, 3, 0, 0, 13, 9, 19, 35, 48, 62, 71, 85, 105, 117, 127, 127, 127, 122, 121, 110, 65]"
In-Distribution,10,exact_guidance_u,109,0,82,81,"[129, 65, 55, 50, 40, 26, 19, 11, 7, 2, 0, 3, 12, 22, 37, 42, 79, 99, 96, 111, 121, 116, 127, 127, 127, 124, 114, 96, 44, 43, 44, 31, 18, 10, 5, 0, 0, 0, 0, 3, 5, 3, 41, 59, 76, 96, 101, 127, 127, 127, 121, 89, 73, 66, 44, 40, 29, 11, 13, 12, 17, 8, 3, 0, 0, 13, 9, 19, 35, 48, 62, 71, 85, 105, 117, 127, 127, 127, 122, 121, 110, 65]","[65, 55, 50, 40, 26, 19, 11, 7, 2, 0, 3, 12, 22, 37, 42, 79, 99, 96, 111, 121, 116, 127, 127, 127, 124, 114, 96, 44, 43, 44, 31, 18, 10, 5, 0, 0, 0, 0, 3, 5, 3, 41, 59, 76, 96, 101, 127, 127, 127, 121, 89, 73, 66, 44, 40, 29, 11, 13, 12, 17, 8, 3, 0, 0, 13, 9, 19, 35, 48, 62, 71, 85, 105, 117, 127, 127, 127, 122, 121, 110, 65]"
In-Distribution,10,exact_guidance_u,110,0,82,81,"[129, 65, 55, 50, 40, 26, 19, 11, 7, 2, 0, 3, 12, 22, 37, 42, 79, 99, 96, 111, 121, 116, 127, 127, 127, 124, 114, 96, 44, 43, 44, 31, 18, 10, 5, 0, 0, 0, 0, 3, 5, 3, 41, 59, 76, 96, 101, 127, 127, 127, 121, 89, 73, 66, 44, 40, 29, 11, 13, 12, 17, 8, 3, 0, 0, 13, 9, 19, 35, 48, 62, 71, 85, 105, 117, 127, 127, 127, 122, 121, 110, 65]","[65, 55, 50, 40, 26, 19, 11, 7, 2, 0, 3, 12, 22, 37, 42, 79, 99, 96, 111, 121, 116, 127, 127, 127, 124, 114, 96, 44, 43, 44, 31, 18, 10, 5, 0, 0, 0, 0, 3, 5, 3, 41, 59, 76, 96, 101, 127, 127, 127, 121, 89, 73, 66, 44, 40, 29, 11, 13, 12, 17, 8, 3, 0, 0, 13, 9, 19, 35, 48, 62, 71, 85, 105, 117, 127, 127, 127, 122, 121, 110, 65]"
In-Distribution,10,exact_guidance_u,111,0,82,81,"[129, 65, 55, 50, 40, 26, 19, 11, 7, 2, 0, 3, 12, 22, 37, 42, 79, 99, 96, 111, 121, 116, 127, 127, 127, 124, 114, 96, 44, 43, 44, 31, 18, 10, 5, 0, 0, 0, 0, 3, 5, 3, 41, 59, 76, 96, 101, 127, 127, 127, 121, 89, 73, 66, 44, 40, 29, 11, 13, 12, 17, 8, 3, 0, 0, 13, 9, 19, 35, 48, 62, 71, 85, 105, 117, 127, 127, 127, 122, 121, 110, 65]","[65, 55, 50, 40, 26, 19, 11, 7, 2, 0, 3, 12, 22, 37, 42, 79, 99, 96, 111, 121, 116, 127, 127, 127, 124, 114, 96, 44, 43, 44, 31, 18, 10, 5, 0, 0, 0, 0, 3, 5, 3, 41, 59, 76, 96, 101, 127, 127, 127, 121, 89, 73, 66, 44, 40, 29, 11, 13, 12, 17, 8, 3, 0, 0, 13, 9, 19, 35, 48, 62, 71, 85, 105, 117, 127, 127, 127, 122, 121, 110, 65]"
In-Distribution,10,exact_guidance_u,112,0,82,81,"[129, 65, 55, 50, 40, 26, 19, 11, 7, 2, 0, 3, 12, 22, 37, 42, 79, 99, 96, 111, 121, 116, 127, 127, 127, 124, 114, 96, 44, 43, 44, 31, 18, 10, 5, 0, 0, 0, 0, 3, 5, 3, 41, 59, 76, 96, 101, 127, 127, 127, 121, 89, 73, 66, 44, 40, 29, 11, 13, 12, 17, 8, 3, 0, 0, 13, 9, 19, 35, 48, 62, 71, 85, 105, 117, 127, 127, 127, 122, 121, 110, 65]","[65, 55, 50, 40, 26, 19, 11, 7, 2, 0, 3, 12, 22, 37, 42, 79, 99, 96, 111, 121, 116, 127, 127, 127, 124, 114, 96, 44, 43, 44, 31, 18, 10, 5, 0, 0, 0, 0, 3, 5, 3, 41, 59, 76, 96, 101, 127, 127, 127, 121, 89, 73, 66, 44, 40, 29, 11, 13, 12, 17, 8, 3, 0, 0, 13, 9, 19, 35, 48, 62, 71, 85, 105, 117, 127, 127, 127, 122, 121, 110, 65]"
In-Distribution,10,exact_guidance_u,113,0,83,82,"[129, 65, 55, 50, 40, 26, 19, 11, 7, 2, 0, 3, 12, 22, 37, 42, 79, 99, 96, 111, 121, 116, 127, 127, 127, 124, 114, 96, 44, 43, 44, 31, 18, 10, 5, 0, 0, 0, 0, 3, 5, 3, 41, 59, 76, 96, 101, 127, 127, 127, 127, 121, 89, 73, 66, 44, 40, 29, 11, 13, 12, 17, 8, 3, 0, 0, 13, 9, 19, 35, 48, 62, 71, 85, 105, 117, 127, 127, 127, 122, 121, 110, 65]","[65, 55, 50, 40, 26, 19, 11, 7, 2, 0, 3, 12, 22, 37, 42, 79, 99, 96, 111, 121, 116, 127, 127, 127, 124, 114, 96, 44, 43, 44, 31, 18, 10, 5, 0, 0, 0, 0, 3, 5, 3, 41, 59, 76, 96, 101, 127, 127, 127, 127, 121, 89, 73, 66, 44, 40, 29, 11, 13, 12, 17, 8, 3, 0, 0, 13, 9, 19, 35, 48, 62, 71, 85, 105, 117, 127, 127, 127, 122, 121, 110, 65]"
In-Distribution,10,exact_guidance_u,114,0,83,82,"[129, 65, 55, 50, 40, 26, 19, 11, 7, 2, 0, 3, 12, 22, 37, 42, 79, 99, 96, 111, 121, 116, 127, 127, 127, 124, 114, 96, 44, 43, 44, 31, 18, 10, 5, 0, 0, 0, 0, 3, 5, 3, 41, 59, 76, 96, 101, 127, 127, 127, 127, 121, 89, 73, 66, 44, 40, 29, 11, 13, 12, 17, 8, 3, 0, 0, 13, 9, 19, 35, 48, 62, 71, 85, 105, 117, 127, 127, 127, 122, 121, 110, 65]","[65, 55, 50, 40, 26, 19, 11, 7, 2, 0, 3, 12, 22, 37, 42, 79, 99, 96, 111, 121, 116, 127, 127, 127, 124, 114, 96, 44, 43, 44, 31, 18, 10, 5, 0, 0, 0, 0, 3, 5, 3, 41, 59, 76, 96, 101, 127, 127, 127, 127, 121, 89, 73, 66, 44, 40, 29, 11, 13, 12, 17, 8, 3, 0, 0, 13, 9, 19, 35, 48, 62, 71, 85, 105, 117, 127, 127, 127, 122, 121, 110, 65]"
In-Distribution,10,exact_guidance_u,115,0,83,82,"[129, 65, 55, 50, 40, 26, 19, 11, 7, 2, 0, 3, 12, 22, 37, 42, 79, 99, 96, 111, 121, 116, 127, 127, 127, 124, 114, 96, 44, 43, 44, 31, 18, 10, 5, 0, 0, 0, 0, 3, 5, 3, 41, 59, 76, 96, 101, 127, 127, 127, 127, 121, 89, 73, 66, 44, 40, 29, 11, 13, 12, 17, 8, 3, 0, 0, 13, 9, 19, 35, 48, 62, 71, 85, 105, 117, 127, 127, 127, 122, 121, 110, 65]","[65, 55, 50, 40, 26, 19, 11, 7, 2, 0, 3, 12, 22, 37, 42, 79, 99, 96, 111, 121, 116, 127, 127, 127, 124, 114, 96, 44, 43, 44, 31, 18, 10, 5, 0, 0, 0, 0, 3, 5, 3, 41, 59, 76, 96, 101, 127, 127, 127, 127, 121, 89, 73, 66, 44, 40, 29, 11, 13, 12, 17, 8, 3, 0, 0, 13, 9, 19, 35, 48, 62, 71, 85, 105, 117, 127, 127, 127, 122, 121, 110, 65]"
In-Distribution,10,exact_guidance_u,116,0,83,82,"[129, 65, 55, 50, 40, 26, 19, 11, 7, 2, 0, 3, 12, 22, 37, 42, 79, 99, 96, 111, 121, 116, 127, 127, 127, 124, 114, 96, 44, 43, 44, 31, 18, 10, 5, 0, 0, 0, 0, 3, 5, 3, 41, 59, 76, 96, 101, 127, 127, 127, 127, 121, 89, 73, 66, 44, 40, 29, 11, 13, 12, 17, 8, 3, 0, 0, 13, 9, 19, 35, 48, 62, 71, 85, 105, 117, 127, 127, 127, 122, 121, 110, 65]","[65, 55, 50, 40, 26, 19, 11, 7, 2, 0, 3, 12, 22, 37, 42, 79, 99, 96, 111, 121, 116, 127, 127, 127, 124, 114, 96, 44, 43, 44, 31, 18, 10, 5, 0, 0, 0, 0, 3, 5, 3, 41, 59, 76, 96, 101, 127, 127, 127, 127, 121, 89, 73, 66, 44, 40, 29, 11, 13, 12, 17, 8, 3, 0, 0, 13, 9, 19, 35, 48, 62, 71, 85, 105, 117, 127, 127, 127, 122, 121, 110, 65]"
In-Distribution,10,exact_guidance_u,117,0,83,82,"[129, 65, 55, 50, 40, 26, 19, 11, 7, 2, 0, 3, 12, 22, 37, 42, 79, 99, 96, 111, 121, 116, 127, 127, 127, 124, 114, 96, 44, 43, 44, 31, 18, 10, 5, 0, 0, 0, 0, 3, 5, 3, 41, 59, 76, 96, 101, 127, 127, 127, 127, 121, 89, 73, 66, 44, 40, 29, 11, 13, 12, 17, 8, 3, 0, 0, 13, 9, 19, 35, 48, 62, 71, 85, 105, 117, 127, 127, 127, 122, 121, 110, 65]","[65, 55, 50, 40, 26, 19, 11, 7, 2, 0, 3, 12, 22, 37, 42, 79, 99, 96, 111, 121, 116, 127, 127, 127, 124, 114, 96, 44, 43, 44, 31, 18, 10, 5, 0, 0, 0, 0, 3, 5, 3, 41, 59, 76, 96, 101, 127, 127, 127, 127, 121, 89, 73, 66, 44, 40, 29, 11, 13, 12, 17, 8, 3, 0, 0, 13, 9, 19, 35, 48, 62, 71, 85, 105, 117, 127, 127, 127, 122, 121, 110, 65]"
In-Distribution,10,exact_guidance_u,118,0,83,82,"[129, 65, 55, 50, 40, 26, 19, 11, 7, 2, 0, 3, 12, 22, 37, 42, 79, 99, 96, 111, 121, 116, 127, 127, 127, 124, 114, 96, 44, 43, 44, 31, 18, 10, 5, 0, 0, 0, 0, 3, 5, 3, 41, 59, 76, 96, 101, 127, 127, 127, 127, 121, 89, 73, 66, 44, 40, 29, 11, 13, 12, 17, 8, 3, 0, 0, 13, 9, 19, 35, 48, 62, 71, 85, 105, 117, 127, 127, 127, 122, 121, 110, 65]","[65, 55, 50, 40, 26, 19, 11, 7, 2, 0, 3, 12, 22, 37, 42, 79, 99, 96, 111, 121, 116, 127, 127, 127, 124, 114, 96, 44, 43, 44, 31, 18, 10, 5, 0, 0, 0, 0, 3, 5, 3, 41, 59, 76, 96, 101, 127, 127, 127, 127, 121, 89, 73, 66, 44, 40, 29, 11, 13, 12, 17, 8, 3, 0, 0, 13, 9, 19, 35, 48, 62, 71, 85, 105, 117, 127, 127, 127, 122, 121, 110, 65]"
In-Distribution,10,exact_guidance_u,119,0,84,83,"[129, 65, 55, 50, 40, 26, 19, 11, 7, 2, 0, 3, 12, 22, 37, 42, 79, 99, 96, 111, 121, 116, 127, 127, 127, 124, 114, 96, 44, 43, 44, 31, 18, 10, 5, 0, 0, 0, 0, 3, 5, 3, 41, 59, 76, 96, 101, 127, 127, 127, 127, 121, 89, 73, 66, 44, 40, 29, 11, 13, 12, 17, 8, 3, 0, 0, 13, 9, 19, 35, 48, 62, 71, 85, 105, 117, 127, 127, 127, 125, 122, 121, 110, 65]","[65, 55, 50, 40, 26, 19, 11, 7, 2, 0, 3, 12, 22, 37, 42, 79, 99, 96, 111, 121, 116, 127, 127, 127, 124, 114, 96, 44, 43, 44, 31, 18, 10, 5, 0, 0, 0, 0, 3, 5, 3, 41, 59, 76, 96, 101, 127, 127, 127, 127, 121, 89, 73, 66, 44, 40, 29, 11, 13, 12, 17, 8, 3, 0, 0, 13, 9, 19, 35, 48, 62, 71, 85, 105, 117, 127, 127, 127, 125, 122, 121, 110, 65]"
In-Distribution,10,exact_guidance_u,120,0,84,83,"[129, 65, 55, 50, 40, 26, 19, 11, 7, 2, 0, 3, 12, 22, 37, 42, 79, 99, 96, 111, 121, 116, 127, 127, 127, 124, 114, 96, 44, 43, 44, 31, 18, 10, 5, 0, 0, 0, 0, 3, 5, 3, 41, 59, 76, 96, 101, 127, 127, 127, 127, 121, 89, 73, 66, 44, 40, 29, 11, 13, 12, 17, 8, 3, 0, 0, 13, 9, 19, 35, 48, 62, 71, 85, 105, 117, 127, 127, 127, 125, 122, 121, 110, 65]","[65, 55, 50, 40, 26, 19, 11, 7, 2, 0, 3, 12, 22, 37, 42, 79, 99, 96, 111, 121, 116, 127, 127, 127, 124, 114, 96, 44, 43, 44, 31, 18, 10, 5, 0, 0, 0, 0, 3, 5, 3, 41, 59, 76, 96, 101, 127, 127, 127, 127, 121, 89, 73, 66, 44, 40, 29, 11, 13, 12, 17, 8, 3, 0, 0, 13, 9, 19, 35, 48, 62, 71, 85, 105, 117, 127, 127, 127, 125, 122, 121, 110, 65]"
In-Distribution,10,exact_guidance_u,121,0,84,83,"[129, 65, 55, 50, 40, 26, 19, 11, 7, 2, 0, 3, 12, 22, 37, 42, 79, 99, 96, 111, 121, 116, 127, 127, 127, 124, 114, 96, 44, 43, 44, 31, 18, 10, 5, 0, 0, 0, 0, 3, 5, 3, 41, 59, 76, 96, 101, 127, 127, 127, 127, 121, 89, 73, 66, 44, 40, 29, 11, 13, 12, 17, 8, 3, 0, 0, 13, 9, 19, 35, 48, 62, 71, 85, 105, 117, 127, 127, 127, 125, 122, 121, 110, 65]","[65, 55, 50, 40, 26, 19, 11, 7, 2, 0, 3, 12, 22, 37, 42, 79, 99, 96, 111, 121, 116, 127, 127, 127, 124, 114, 96, 44, 43, 44, 31, 18, 10, 5, 0, 0, 0, 0, 3, 5, 3, 41, 59, 76, 96, 101, 127, 127, 127, 127, 121, 89, 73, 66, 44, 40, 29, 11, 13, 12, 17, 8, 3, 0, 0, 13, 9, 19, 35, 48, 62, 71, 85, 105, 117, 127, 127, 127, 125, 122, 121, 110, 65]"
In-Distribution,10,exact_guidance_u,122,0,84,83,"[129, 65, 55, 50, 40, 26, 19, 11, 7, 2, 0, 3, 12, 22, 37, 42, 79, 99, 96, 111, 121, 116, 127, 127, 127, 124, 114, 96, 44, 43, 44, 31, 18, 10, 5, 0, 0, 0, 0, 3, 5, 3, 41, 59, 76, 96, 101, 127, 127, 127, 127, 121, 89, 73, 66, 44, 40, 29, 11, 13, 12, 17, 8, 3, 0, 0, 13, 9, 19, 35, 48, 62, 71, 85, 105, 117, 127, 127, 127, 125, 122, 121, 110, 65]","[65, 55, 50, 40, 26, 19, 11, 7, 2, 0, 3, 12, 22, 37, 42, 79, 99, 96, 111, 121, 116, 127, 127, 127, 124, 114, 96, 44, 43, 44, 31, 18, 10, 5, 0, 0, 0, 0, 3, 5, 3, 41, 59, 76, 96, 101, 127, 127, 127, 127, 121, 89, 73, 66, 44, 40, 29, 11, 13, 12, 17, 8, 3, 0, 0, 13, 9, 19, 35, 48, 62, 71, 85, 105, 117, 127, 127, 127, 125, 122, 121, 110, 65]"
In-Distribution,10,exact_guidance_u,123,0,84,83,"[129, 65, 55, 50, 40, 26, 19, 11, 7, 2, 0, 3, 12, 22, 37, 42, 79, 99, 96, 111, 121, 116, 127, 127, 127, 124, 114, 96, 44, 43, 44, 31, 18, 10, 5, 0, 0, 0, 0, 3, 5, 3, 41, 59, 76, 96, 101, 127, 127, 127, 127, 121, 89, 73, 66, 44, 40, 29, 11, 13, 12, 17, 8, 3, 0, 0, 13, 9, 19, 35, 48, 62, 71, 85, 105, 117, 127, 127, 127, 125, 122, 121, 110, 65]","[65, 55, 50, 40, 26, 19, 11, 7, 2, 0, 3, 12, 22, 37, 42, 79, 99, 96, 111, 121, 116, 127, 127, 127, 124, 114, 96, 44, 43, 44, 31, 18, 10, 5, 0, 0, 0, 0, 3, 5, 3, 41, 59, 76, 96, 101, 127, 127, 127, 127, 121, 89, 73, 66, 44, 40, 29, 11, 13, 12, 17, 8, 3, 0, 0, 13, 9, 19, 35, 48, 62, 71, 85, 105, 117, 127, 127, 127, 125, 122, 121, 110, 65]"
In-Distribution,10,exact_guidance_u,124,0,84,83,"[129, 65, 55, 50, 40, 26, 19, 11, 7, 2, 0, 3, 12, 22, 37, 42, 79, 99, 96, 111, 121, 116, 127, 127, 127, 124, 114, 96, 44, 43, 44, 31, 18, 10, 5, 0, 0, 0, 0, 3, 5, 3, 41, 59, 76, 96, 101, 127, 127, 127, 127, 121, 89, 73, 66, 44, 40, 29, 11, 13, 12, 17, 8, 3, 0, 0, 13, 9, 19, 35, 48, 62, 71, 85, 105, 117, 127, 127, 127, 125, 122, 121, 110, 65]","[65, 55, 50, 40, 26, 19, 11, 7, 2, 0, 3, 12, 22, 37, 42, 79, 99, 96, 111, 121, 116, 127, 127, 127, 124, 114, 96, 44, 43, 44, 31, 18, 10, 5, 0, 0, 0, 0, 3, 5, 3, 41, 59, 76, 96, 101, 127, 127, 127, 127, 121, 89, 73, 66, 44, 40, 29, 11, 13, 12, 17, 8, 3, 0, 0, 13, 9, 19, 35, 48, 62, 71, 85, 105, 117, 127, 127, 127, 125, 122, 121, 110, 65]"
In-Distribution,10,exact_guidance_u,125,0,84,83,"[129, 65, 55, 50, 40, 26, 19, 11, 7, 2, 0, 3, 12, 22, 37, 42, 79, 99, 96, 111, 121, 116, 127, 127, 127, 124, 114, 96, 44, 43, 44, 31, 18, 10, 5, 0, 0, 0, 0, 3, 5, 3, 41, 59, 76, 96, 101, 127, 127, 127, 127, 121, 89, 73, 66, 44, 40, 29, 11, 13, 12, 17, 8, 3, 0, 0, 13, 9, 19, 35, 48, 62, 71, 85, 105, 117, 127, 127, 127, 125, 122, 121, 110, 65]","[65, 55, 50, 40, 26, 19, 11, 7, 2, 0, 3, 12, 22, 37, 42, 79, 99, 96, 111, 121, 116, 127, 127, 127, 124, 114, 96, 44, 43, 44, 31, 18, 10, 5, 0, 0, 0, 0, 3, 5, 3, 41, 59, 76, 96, 101, 127, 127, 127, 127, 121, 89, 73, 66, 44, 40, 29, 11, 13, 12, 17, 8, 3, 0, 0, 13, 9, 19, 35, 48, 62, 71, 85, 105, 117, 127, 127, 127, 125, 122, 121, 110, 65]"
In-Distribution,10,exact_guidance_u,126,0,84,83,"[129, 65, 55, 50, 40, 26, 19, 11, 7, 2, 0, 3, 12, 22, 37, 42, 79, 99, 96, 111, 121, 116, 127, 127, 127, 124, 114, 96, 44, 43, 44, 31, 18, 10, 5, 0, 0, 0, 0, 3, 5, 3, 41, 59, 76, 96, 101, 127, 127, 127, 127, 121, 89, 73, 66, 44, 40, 29, 11, 13, 12, 17, 8, 3, 0, 0, 13, 9, 19, 35, 48, 62, 71, 85, 105, 117, 127, 127, 127, 125, 122, 121, 110, 65]","[65, 55, 50, 40, 26, 19, 11, 7, 2, 0, 3, 12, 22, 37, 42, 79, 99, 96, 111, 121, 116, 127, 127, 127, 124, 114, 96, 44, 43, 44, 31, 18, 10, 5, 0, 0, 0, 0, 3, 5, 3, 41, 59, 76, 96, 101, 127, 127, 127, 127, 121, 89, 73, 66, 44, 40, 29, 11, 13, 12, 17, 8, 3, 0, 0, 13, 9, 19, 35, 48, 62, 71, 85, 105, 117, 127, 127, 127, 125, 122, 121, 110, 65]"
In-Distribution,10,exact_guidance_u,127,0,84,83,"[129, 65, 55, 50, 40, 26, 19, 11, 7, 2, 0, 3, 12, 22, 37, 42, 79, 99, 96, 111, 121, 116, 127, 127, 127, 124, 114, 96, 44, 43, 44, 31, 18, 10, 5, 0, 0, 0, 0, 3, 5, 3, 41, 59, 76, 96, 101, 127, 127, 127, 127, 121, 89, 73, 66, 44, 40, 29, 11, 13, 12, 17, 8, 3, 0, 0, 13, 9, 19, 35, 48, 62, 71, 85, 105, 117, 127, 127, 127, 125, 122, 121, 110, 65]","[65, 55, 50, 40, 26, 19, 11, 7, 2, 0, 3, 12, 22, 37, 42, 79, 99, 96, 111, 121, 116, 127, 127, 127, 124, 114, 96, 44, 43, 44, 31, 18, 10, 5, 0, 0, 0, 0, 3, 5, 3, 41, 59, 76, 96, 101, 127, 127, 127, 127, 121, 89, 73, 66, 44, 40, 29, 11, 13, 12, 17, 8, 3, 0, 0, 13, 9, 19, 35, 48, 62, 71, 85, 105, 117, 127, 127, 127, 125, 122, 121, 110, 65]"
In-Distribution,10,exact_guidance_u,128,0,84,83,"[129, 65, 55, 50, 40, 26, 19, 11, 7, 2, 0, 3, 12, 22, 37, 42, 79, 99, 96, 111, 121, 116, 127, 127, 127, 124, 114, 96, 44, 43, 44, 31, 18, 10, 5, 0, 0, 0, 0, 3, 5, 3, 41, 59, 76, 96, 101, 127, 127, 127, 127, 121, 89, 73, 66, 44, 40, 29, 11, 13, 12, 17, 8, 3, 0, 0, 13, 9, 19, 35, 48, 62, 71, 85, 105, 117, 127, 127, 127, 125, 122, 121, 110, 65]","[65, 55, 50, 40, 26, 19, 11, 7, 2, 0, 3, 12, 22, 37, 42, 79, 99, 96, 111, 121, 116, 127, 127, 127, 124, 114, 96, 44, 43, 44, 31, 18, 10, 5, 0, 0, 0, 0, 3, 5, 3, 41, 59, 76, 96, 101, 127, 127, 127, 127, 121, 89, 73, 66, 44, 40, 29, 11, 13, 12, 17, 8, 3, 0, 0, 13, 9, 19, 35, 48, 62, 71, 85, 105, 117, 127, 127, 127, 125, 122, 121, 110, 65]"
In-Distribution,10,exact_guidance_u,129,0,84,83,"[129, 65, 55, 50, 40, 26, 19, 11, 7, 2, 0, 3, 12, 22, 37, 42, 79, 99, 96, 111, 121, 116, 127, 127, 127, 124, 114, 96, 44, 43, 44, 31, 18, 10, 5, 0, 0, 0, 0, 3, 5, 3, 41, 59, 76, 96, 101, 127, 127, 127, 127, 121, 89, 73, 66, 44, 40, 29, 11, 13, 12, 17, 8, 3, 0, 0, 13, 9, 19, 35, 48, 62, 71, 85, 105, 117, 127, 127, 127, 125, 122, 121, 110, 65]","[65, 55, 50, 40, 26, 19, 11, 7, 2, 0, 3, 12, 22, 37, 42, 79, 99, 96, 111, 121, 116, 127, 127, 127, 124, 114, 96, 44, 43, 44, 31, 18, 10, 5, 0, 0, 0, 0, 3, 5, 3, 41, 59, 76, 96, 101, 127, 127, 127, 127, 121, 89, 73, 66, 44, 40, 29, 11, 13, 12, 17, 8, 3, 0, 0, 13, 9, 19, 35, 48, 62, 71, 85, 105, 117, 127, 127, 127, 125, 122, 121, 110, 65]"
In-Distribution,10,exact_guidance_u,130,0,84,83,"[129, 65, 55, 50, 40, 26, 19, 11, 7, 2, 0, 3, 12, 22, 37, 42, 79, 99, 96, 111, 121, 116, 127, 127, 127, 124, 114, 96, 44, 43, 44, 31, 18, 10, 5, 0, 0, 0, 0, 3, 5, 3, 41, 59, 76, 96, 101, 127, 127, 127, 127, 121, 89, 73, 66, 44, 40, 29, 11, 13, 12, 17, 8, 3, 0, 0, 13, 9, 19, 35, 48, 62, 71, 85, 105, 117, 127, 127, 127, 125, 122, 121, 110, 65]","[65, 55, 50, 40, 26, 19, 11, 7, 2, 0, 3, 12, 22, 37, 42, 79, 99, 96, 111, 121, 116, 127, 127, 127, 124, 114, 96, 44, 43, 44, 31, 18, 10, 5, 0, 0, 0, 0, 3, 5, 3, 41, 59, 76, 96, 101, 127, 127, 127, 127, 121, 89, 73, 66, 44, 40, 29, 11, 13, 12, 17, 8, 3, 0, 0, 13, 9, 19, 35, 48, 62, 71, 85, 105, 117, 127, 127, 127, 125, 122, 121, 110, 65]"
In-Distribution,10,exact_guidance_u,131,0,84,83,"[129, 65, 55, 50, 40, 26, 19, 11, 7, 2, 0, 3, 12, 22, 37, 42, 79, 99, 96, 111, 121, 116, 127, 127, 127, 124, 114, 96, 44, 43, 44, 31, 18, 10, 5, 0, 0, 0, 0, 3, 5, 3, 41, 59, 76, 96, 101, 127, 127, 127, 127, 121, 89, 73, 66, 44, 40, 29, 11, 13, 12, 17, 8, 3, 0, 0, 13, 9, 19, 35, 48, 62, 71, 85, 105, 117, 127, 127, 127, 125, 122, 121, 110, 65]","[65, 55, 50, 40, 26, 19, 11, 7, 2, 0, 3, 12, 22, 37, 42, 79, 99, 96, 111, 121, 116, 127, 127, 127, 124, 114, 96, 44, 43, 44, 31, 18, 10, 5, 0, 0, 0, 0, 3, 5, 3, 41, 59, 76, 96, 101, 127, 127, 127, 127, 121, 89, 73, 66, 44, 40, 29, 11, 13, 12, 17, 8, 3, 0, 0, 13, 9, 19, 35, 48, 62, 71, 85, 105, 117, 127, 127, 127, 125, 122, 121, 110, 65]"
In-Distribution,10,exact_guidance_u,132,0,84,83,"[129, 65, 55, 50, 40, 26, 19, 11, 7, 2, 0, 3, 12, 22, 37, 42, 79, 99, 96, 111, 121, 116, 127, 127, 127, 124, 114, 96, 44, 43, 44, 31, 18, 10, 5, 0, 0, 0, 0, 3, 5, 3, 41, 59, 76, 96, 101, 127, 127, 127, 127, 121, 89, 73, 66, 44, 40, 29, 11, 13, 12, 17, 8, 3, 0, 0, 13, 9, 19, 35, 48, 62, 71, 85, 105, 117, 127, 127, 127, 125, 122, 121, 110, 65]","[65, 55, 50, 40, 26, 19, 11, 7, 2, 0, 3, 12, 22, 37, 42, 79, 99, 96, 111, 121, 116, 127, 127, 127, 124, 114, 96, 44, 43, 44, 31, 18, 10, 5, 0, 0, 0, 0, 3, 5, 3, 41, 59, 76, 96, 101, 127, 127, 127, 127, 121, 89, 73, 66, 44, 40, 29, 11, 13, 12, 17, 8, 3, 0, 0, 13, 9, 19, 35, 48, 62, 71, 85, 105, 117, 127, 127, 127, 125, 122, 121, 110, 65]"
In-Distribution,10,exact_guidance_u,133,0,86,85,"[129, 65, 55, 50, 40, 26, 19, 11, 7, 2, 0, 3, 12, 22, 37, 42, 79, 99, 96, 111, 121, 116, 127, 127, 127, 124, 114, 96, 44, 43, 44, 31, 18, 10, 5, 0, 0, 0, 0, 3, 5, 3, 12, 41, 58, 59, 76, 96, 101, 127, 127, 127, 127, 121, 89, 73, 66, 44, 40, 29, 11, 13, 12, 17, 8, 3, 0, 0, 13, 9, 19, 35, 48, 62, 71, 85, 105, 117, 127, 127, 127, 125, 122, 121, 110, 65]","[65, 55, 50, 40, 26, 19, 11, 7, 2, 0, 3, 12, 22, 37, 42, 79, 99, 96, 111, 121, 116, 127, 127, 127, 124, 114, 96, 44, 43, 44, 31, 18, 10, 5, 0, 0, 0, 0, 3, 5, 3, 12, 41, 58, 59, 76, 96, 101, 127, 127, 127, 127, 121, 89, 73, 66, 44, 40, 29, 11, 13, 12, 17, 8, 3, 0, 0, 13, 9, 19, 35, 48, 62, 71, 85, 105, 117, 127, 127, 127, 125, 122, 121, 110, 65]"
In-Distribution,10,exact_guidance_u,134,0,87,86,"[129, 65, 55, 50, 40, 26, 19, 11, 7, 2, 0, 3, 12, 22, 37, 42, 79, 99, 96, 111, 121, 116, 127, 127, 127, 124, 114, 96, 44, 43, 44, 31, 18, 10, 5, 0, 0, 0, 0, 3, 5, 3, 12, 31, 41, 58, 59, 76, 96, 101, 127, 127, 127, 127, 121, 89, 73, 66, 44, 40, 29, 11, 13, 12, 17, 8, 3, 0, 0, 13, 9, 19, 35, 48, 62, 71, 85, 105, 117, 127, 127, 127, 125, 122, 121, 110, 65]","[65, 55, 50, 40, 26, 19, 11, 7, 2, 0, 3, 12, 22, 37, 42, 79, 99, 96, 111, 121, 116, 127, 127, 127, 124, 114, 96, 44, 43, 44, 31, 18, 10, 5, 0, 0, 0, 0, 3, 5, 3, 12, 31, 41, 58, 59, 76, 96, 101, 127, 127, 127, 127, 121, 89, 73, 66, 44, 40, 29, 11, 13, 12, 17, 8, 3, 0, 0, 13, 9, 19, 35, 48, 62, 71, 85, 105, 117, 127, 127, 127, 125, 122, 121, 110, 65]"
In-Distribution,10,exact_guidance_u,135,0,87,86,"[129, 65, 55, 50, 40, 26, 19, 11, 7, 2, 0, 3, 12, 22, 37, 42, 79, 99, 96, 111, 121, 116, 127, 127, 127, 124, 114, 96, 44, 43, 44, 31, 18, 10, 5, 0, 0, 0, 0, 3, 5, 3, 12, 31, 41, 58, 59, 76, 96, 101, 127, 127, 127, 127, 121, 89, 73, 66, 44, 40, 29, 11, 13, 12, 17, 8, 3, 0, 0, 13, 9, 19, 35, 48, 62, 71, 85, 105, 117, 127, 127, 127, 125, 122, 121, 110, 65]","[65, 55, 50, 40, 26, 19, 11, 7, 2, 0, 3, 12, 22, 37, 42, 79, 99, 96, 111, 121, 116, 127, 127, 127, 124, 114, 96, 44, 43, 44, 31, 18, 10, 5, 0, 0, 0, 0, 3, 5, 3, 12, 31, 41, 58, 59, 76, 96, 101, 127, 127, 127, 127, 121, 89, 73, 66, 44, 40, 29, 11, 13, 12, 17, 8, 3, 0, 0, 13, 9, 19, 35, 48, 62, 71, 85, 105, 117, 127, 127, 127, 125, 122, 121, 110, 65]"
In-Distribution,10,exact_guidance_u,136,0,87,86,"[129, 65, 55, 50, 40, 26, 19, 11, 7, 2, 0, 3, 12, 22, 37, 42, 79, 99, 96, 111, 121, 116, 127, 127, 127, 124, 114, 96, 44, 43, 44, 31, 18, 10, 5, 0, 0, 0, 0, 3, 5, 3, 12, 31, 41, 58, 59, 76, 96, 101, 127, 127, 127, 127, 121, 89, 73, 66, 44, 40, 29, 11, 13, 12, 17, 8, 3, 0, 0, 13, 9, 19, 35, 48, 62, 71, 85, 105, 117, 127, 127, 127, 125, 122, 121, 110, 65]","[65, 55, 50, 40, 26, 19, 11, 7, 2, 0, 3, 12, 22, 37, 42, 79, 99, 96, 111, 121, 116, 127, 127, 127, 124, 114, 96, 44, 43, 44, 31, 18, 10, 5, 0, 0, 0, 0, 3, 5, 3, 12, 31, 41, 58, 59, 76, 96, 101, 127, 127, 127, 127, 121, 89, 73, 66, 44, 40, 29, 11, 13, 12, 17, 8, 3, 0, 0, 13, 9, 19, 35, 48, 62, 71, 85, 105, 117, 127, 127, 127, 125, 122, 121, 110, 65]"
In-Distribution,10,exact_guidance_u,137,0,87,86,"[129, 65, 55, 50, 40, 26, 19, 11, 7, 2, 0, 3, 12, 22, 37, 42, 79, 99, 96, 111, 121, 116, 127, 127, 127, 124, 114, 96, 44, 43, 44, 31, 18, 10, 5, 0, 0, 0, 0, 3, 5, 3, 12, 31, 41, 58, 59, 76, 96, 101, 127, 127, 127, 127, 121, 89, 73, 66, 44, 40, 29, 11, 13, 12, 17, 8, 3, 0, 0, 13, 9, 19, 35, 48, 62, 71, 85, 105, 117, 127, 127, 127, 125, 122, 121, 110, 65]","[65, 55, 50, 40, 26, 19, 11, 7, 2, 0, 3, 12, 22, 37, 42, 79, 99, 96, 111, 121, 116, 127, 127, 127, 124, 114, 96, 44, 43, 44, 31, 18, 10, 5, 0, 0, 0, 0, 3, 5, 3, 12, 31, 41, 58, 59, 76, 96, 101, 127, 127, 127, 127, 121, 89, 73, 66, 44, 40, 29, 11, 13, 12, 17, 8, 3, 0, 0, 13, 9, 19, 35, 48, 62, 71, 85, 105, 117, 127, 127, 127, 125, 122, 121, 110, 65]"
In-Distribution,10,exact_guidance_u,138,0,87,86,"[129, 65, 55, 50, 40, 26, 19, 11, 7, 2, 0, 3, 12, 22, 37, 42, 79, 99, 96, 111, 121, 116, 127, 127, 127, 124, 114, 96, 44, 43, 44, 31, 18, 10, 5, 0, 0, 0, 0, 3, 5, 3, 12, 31, 41, 58, 59, 76, 96, 101, 127, 127, 127, 127, 121, 89, 73, 66, 44, 40, 29, 11, 13, 12, 17, 8, 3, 0, 0, 13, 9, 19, 35, 48, 62, 71, 85, 105, 117, 127, 127, 127, 125, 122, 121, 110, 65]","[65, 55, 50, 40, 26, 19, 11, 7, 2, 0, 3, 12, 22, 37, 42, 79, 99, 96, 111, 121, 116, 127, 127, 127, 124, 114, 96, 44, 43, 44, 31, 18, 10, 5, 0, 0, 0, 0, 3, 5, 3, 12, 31, 41, 58, 59, 76, 96, 101, 127, 127, 127, 127, 121, 89, 73, 66, 44, 40, 29, 11, 13, 12, 17, 8, 3, 0, 0, 13, 9, 19, 35, 48, 62, 71, 85, 105, 117, 127, 127, 127, 125, 122, 121, 110, 65]"
In-Distribution,10,exact_guidance_u,139,0,87,86,"[129, 65, 55, 50, 40, 26, 19, 11, 7, 2, 0, 3, 12, 22, 37, 42, 79, 99, 96, 111, 121, 116, 127, 127, 127, 124, 114, 96, 44, 43, 44, 31, 18, 10, 5, 0, 0, 0, 0, 3, 5, 3, 12, 31, 41, 58, 59, 76, 96, 101, 127, 127, 127, 127, 121, 89, 73, 66, 44, 40, 29, 11, 13, 12, 17, 8, 3, 0, 0, 13, 9, 19, 35, 48, 62, 71, 85, 105, 117, 127, 127, 127, 125, 122, 121, 110, 65]","[65, 55, 50, 40, 26, 19, 11, 7, 2, 0, 3, 12, 22, 37, 42, 79, 99, 96, 111, 121, 116, 127, 127, 127, 124, 114, 96, 44, 43, 44, 31, 18, 10, 5, 0, 0, 0, 0, 3, 5, 3, 12, 31, 41, 58, 59, 76, 96, 101, 127, 127, 127, 127, 121, 89, 73, 66, 44, 40, 29, 11, 13, 12, 17, 8, 3, 0, 0, 13, 9, 19, 35, 48, 62, 71, 85, 105, 117, 127, 127, 127, 125, 122, 121, 110, 65]"
In-Distribution,10,exact_guidance_u,140,0,87,86,"[129, 65, 55, 50, 40, 26, 19, 11, 7, 2, 0, 3, 12, 22, 37, 42, 79, 99, 96, 111, 121, 116, 127, 127, 127, 124, 114, 96, 44, 43, 44, 31, 18, 10, 5, 0, 0, 0, 0, 3, 5, 3, 12, 31, 41, 58, 59, 76, 96, 101, 127, 127, 127, 127, 121, 89, 73, 66, 44, 40, 29, 11, 13, 12, 17, 8, 3, 0, 0, 13, 9, 19, 35, 48, 62, 71, 85, 105, 117, 127, 127, 127, 125, 122, 121, 110, 65]","[65, 55, 50, 40, 26, 19, 11, 7, 2, 0, 3, 12, 22, 37, 42, 79, 99, 96, 111, 121, 116, 127, 127, 127, 124, 114, 96, 44, 43, 44, 31, 18, 10, 5, 0, 0, 0, 0, 3, 5, 3, 12, 31, 41, 58, 59, 76, 96, 101, 127, 127, 127, 127, 121, 89, 73, 66, 44, 40, 29, 11, 13, 12, 17, 8, 3, 0, 0, 13, 9, 19, 35, 48, 62, 71, 85, 105, 117, 127, 127, 127, 125, 122, 121, 110, 65]"
In-Distribution,10,exact_guidance_u,141,0,88,87,"[129, 65, 55, 50, 40, 26, 19, 11, 7, 0, 2, 0, 3, 12, 22, 37, 42, 79, 99, 96, 111, 121, 116, 127, 127, 127, 124, 114, 96, 44, 43, 44, 31, 18, 10, 5, 0, 0, 0, 0, 3, 5, 3, 12, 31, 41, 58, 59, 76, 96, 101, 127, 127, 127, 127, 121, 89, 73, 66, 44, 40, 29, 11, 13, 12, 17, 8, 3, 0, 0, 13, 9, 19, 35, 48, 62, 71, 85, 105, 117, 127, 127, 127, 125, 122, 121, 110, 65]","[65, 55, 50, 40, 26, 19, 11, 7, 0, 2, 0, 3, 12, 22, 37, 42, 79, 99, 96, 111, 121, 116, 127, 127, 127, 124, 114, 96, 44, 43, 44, 31, 18, 10, 5, 0, 0, 0, 0, 3, 5, 3, 12, 31, 41, 58, 59, 76, 96, 101, 127, 127, 127, 127, 121, 89, 73, 66, 44, 40, 29, 11, 13, 12, 17, 8, 3, 0, 0, 13, 9, 19, 35, 48, 62, 71, 85, 105, 117, 127, 127, 127, 125, 122, 121, 110, 65]"
In-Distribution,10,exact_guidance_u,142,0,89,88,"[129, 65, 55, 50, 40, 26, 19, 11, 7, 0, 2, 0, 3, 12, 22, 37, 42, 79, 99, 96, 111, 121, 116, 127, 127, 127, 124, 114, 116, 96, 44, 43, 44, 31, 18, 10, 5, 0, 0, 0, 0, 3, 5, 3, 12, 31, 41, 58, 59, 76, 96, 101, 127, 127, 127, 127, 121, 89, 73, 66, 44, 40, 29, 11, 13, 12, 17, 8, 3, 0, 0, 13, 9, 19, 35, 48, 62, 71, 85, 105, 117, 127, 127, 127, 125, 122, 121, 110, 65]","[65, 55, 50, 40, 26, 19, 11, 7, 0, 2, 0, 3, 12, 22, 37, 42, 79, 99, 96, 111, 121, 116, 127, 127, 127, 124, 114, 116, 96, 44, 43, 44, 31, 18, 10, 5, 0, 0, 0, 0, 3, 5, 3, 12, 31, 41, 58, 59, 76, 96, 101, 127, 127, 127, 127, 121, 89, 73, 66, 44, 40, 29, 11, 13, 12, 17, 8, 3, 0, 0, 13, 9, 19, 35, 48, 62, 71, 85, 105, 117, 127, 127, 127, 125, 122, 121, 110, 65]"
In-Distribution,10,exact_guidance_u,143,0,89,88,"[129, 65, 55, 50, 40, 26, 19, 11, 7, 0, 2, 0, 3, 12, 22, 37, 42, 79, 99, 96, 111, 121, 116, 127, 127, 127, 124, 114, 116, 96, 44, 43, 44, 31, 18, 10, 5, 0, 0, 0, 0, 3, 5, 3, 12, 31, 41, 58, 59, 76, 96, 101, 127, 127, 127, 127, 121, 89, 73, 66, 44, 40, 29, 11, 13, 12, 17, 8, 3, 0, 0, 13, 9, 19, 35, 48, 62, 71, 85, 105, 117, 127, 127, 127, 125, 122, 121, 110, 65]","[65, 55, 50, 40, 26, 19, 11, 7, 0, 2, 0, 3, 12, 22, 37, 42, 79, 99, 96, 111, 121, 116, 127, 127, 127, 124, 114, 116, 96, 44, 43, 44, 31, 18, 10, 5, 0, 0, 0, 0, 3, 5, 3, 12, 31, 41, 58, 59, 76, 96, 101, 127, 127, 127, 127, 121, 89, 73, 66, 44, 40, 29, 11, 13, 12, 17, 8, 3, 0, 0, 13, 9, 19, 35, 48, 62, 71, 85, 105, 117, 127, 127, 127, 125, 122, 121, 110, 65]"
In-Distribution,10,exact_guidance_u,144,0,89,88,"[129, 65, 55, 50, 40, 26, 19, 11, 7, 0, 2, 0, 3, 12, 22, 37, 42, 79, 99, 96, 111, 121, 116, 127, 127, 127, 124, 114, 116, 96, 44, 43, 44, 31, 18, 10, 5, 0, 0, 0, 0, 3, 5, 3, 12, 31, 41, 58, 59, 76, 96, 101, 127, 127, 127, 127, 121, 89, 73, 66, 44, 40, 29, 11, 13, 12, 17, 8, 3, 0, 0, 13, 9, 19, 35, 48, 62, 71, 85, 105, 117, 127, 127, 127, 125, 122, 121, 110, 65]","[65, 55, 50, 40, 26, 19, 11, 7, 0, 2, 0, 3, 12, 22, 37, 42, 79, 99, 96, 111, 121, 116, 127, 127, 127, 124, 114, 116, 96, 44, 43, 44, 31, 18, 10, 5, 0, 0, 0, 0, 3, 5, 3, 12, 31, 41, 58, 59, 76, 96, 101, 127, 127, 127, 127, 121, 89, 73, 66, 44, 40, 29, 11, 13, 12, 17, 8, 3, 0, 0, 13, 9, 19, 35, 48, 62, 71, 85, 105, 117, 127, 127, 127, 125, 122, 121, 110, 65]"
In-Distribution,10,exact_guidance_u,145,0,89,88,"[129, 65, 55, 50, 40, 26, 19, 11, 7, 0, 2, 0, 3, 12, 22, 37, 42, 79, 99, 96, 111, 121, 116, 127, 127, 127, 124, 114, 116, 96, 44, 43, 44, 31, 18, 10, 5, 0, 0, 0, 0, 3, 5, 3, 12, 31, 41, 58, 59, 76, 96, 101, 127, 127, 127, 127, 121, 89, 73, 66, 44, 40, 29, 11, 13, 12, 17, 8, 3, 0, 0, 13, 9, 19, 35, 48, 62, 71, 85, 105, 117, 127, 127, 127, 125, 122, 121, 110, 65]","[65, 55, 50, 40, 26, 19, 11, 7, 0, 2, 0, 3, 12, 22, 37, 42, 79, 99, 96, 111, 121, 116, 127, 127, 127, 124, 114, 116, 96, 44, 43, 44, 31, 18, 10, 5, 0, 0, 0, 0, 3, 5, 3, 12, 31, 41, 58, 59, 76, 96, 101, 127, 127, 127, 127, 121, 89, 73, 66, 44, 40, 29, 11, 13, 12, 17, 8, 3, 0, 0, 13, 9, 19, 35, 48, 62, 71, 85, 105, 117, 127, 127, 127, 125, 122, 121, 110, 65]"
In-Distribution,10,exact_guidance_u,146,0,89,88,"[129, 65, 55, 50, 40, 26, 19, 11, 7, 0, 2, 0, 3, 12, 22, 37, 42, 79, 99, 96, 111, 121, 116, 127, 127, 127, 124, 114, 116, 96, 44, 43, 44, 31, 18, 10, 5, 0, 0, 0, 0, 3, 5, 3, 12, 31, 41, 58, 59, 76, 96, 101, 127, 127, 127, 127, 121, 89, 73, 66, 44, 40, 29, 11, 13, 12, 17, 8, 3, 0, 0, 13, 9, 19, 35, 48, 62, 71, 85, 105, 117, 127, 127, 127, 125, 122, 121, 110, 65]","[65, 55, 50, 40, 26, 19, 11, 7, 0, 2, 0, 3, 12, 22, 37, 42, 79, 99, 96, 111, 121, 116, 127, 127, 127, 124, 114, 116, 96, 44, 43, 44, 31, 18, 10, 5, 0, 0, 0, 0, 3, 5, 3, 12, 31, 41, 58, 59, 76, 96, 101, 127, 127, 127, 127, 121, 89, 73, 66, 44, 40, 29, 11, 13, 12, 17, 8, 3, 0, 0, 13, 9, 19, 35, 48, 62, 71, 85, 105, 117, 127, 127, 127, 125, 122, 121, 110, 65]"
In-Distribution,10,exact_guidance_u,147,0,89,88,"[129, 65, 55, 50, 40, 26, 19, 11, 7, 0, 2, 0, 3, 12, 22, 37, 42, 79, 99, 96, 111, 121, 116, 127, 127, 127, 124, 114, 116, 96, 44, 43, 44, 31, 18, 10, 5, 0, 0, 0, 0, 3, 5, 3, 12, 31, 41, 58, 59, 76, 96, 101, 127, 127, 127, 127, 121, 89, 73, 66, 44, 40, 29, 11, 13, 12, 17, 8, 3, 0, 0, 13, 9, 19, 35, 48, 62, 71, 85, 105, 117, 127, 127, 127, 125, 122, 121, 110, 65]","[65, 55, 50, 40, 26, 19, 11, 7, 0, 2, 0, 3, 12, 22, 37, 42, 79, 99, 96, 111, 121, 116, 127, 127, 127, 124, 114, 116, 96, 44, 43, 44, 31, 18, 10, 5, 0, 0, 0, 0, 3, 5, 3, 12, 31, 41, 58, 59, 76, 96, 101, 127, 127, 127, 127, 121, 89, 73, 66, 44, 40, 29, 11, 13, 12, 17, 8, 3, 0, 0, 13, 9, 19, 35, 48, 62, 71, 85, 105, 117, 127, 127, 127, 125, 122, 121, 110, 65]"
In-Distribution,10,exact_guidance_u,148,0,89,88,"[129, 65, 55, 50, 40, 26, 19, 11, 7, 0, 2, 0, 3, 12, 22, 37, 42, 79, 99, 96, 111, 121, 116, 127, 127, 127, 124, 114, 116, 96, 44, 43, 44, 31, 18, 10, 5, 0, 0, 0, 0, 3, 5, 3, 12, 31, 41, 58, 59, 76, 96, 101, 127, 127, 127, 127, 121, 89, 73, 66, 44, 40, 29, 11, 13, 12, 17, 8, 3, 0, 0, 13, 9, 19, 35, 48, 62, 71, 85, 105, 117, 127, 127, 127, 125, 122, 121, 110, 65]","[65, 55, 50, 40, 26, 19, 11, 7, 0, 2, 0, 3, 12, 22, 37, 42, 79, 99, 96, 111, 121, 116, 127, 127, 127, 124, 114, 116, 96, 44, 43, 44, 31, 18, 10, 5, 0, 0, 0, 0, 3, 5, 3, 12, 31, 41, 58, 59, 76, 96, 101, 127, 127, 127, 127, 121, 89, 73, 66, 44, 40, 29, 11, 13, 12, 17, 8, 3, 0, 0, 13, 9, 19, 35, 48, 62, 71, 85, 105, 117, 127, 127, 127, 125, 122, 121, 110, 65]"
In-Distribution,10,exact_guidance_u,149,0,90,89,"[129, 65, 55, 50, 40, 26, 19, 11, 7, 0, 2, 0, 3, 12, 22, 37, 42, 79, 99, 96, 111, 121, 116, 127, 127, 127, 124, 114, 116, 96, 44, 43, 44, 31, 18, 10, 5, 0, 0, 0, 0, 3, 5, 3, 12, 31, 41, 58, 59, 76, 96, 101, 127, 127, 127, 127, 119, 121, 89, 73, 66, 44, 40, 29, 11, 13, 12, 17, 8, 3, 0, 0, 13, 9, 19, 35, 48, 62, 71, 85, 105, 117, 127, 127, 127, 125, 122, 121, 110, 65]","[65, 55, 50, 40, 26, 19, 11, 7, 0, 2, 0, 3, 12, 22, 37, 42, 79, 99, 96, 111, 121, 116, 127, 127, 127, 124, 114, 116, 96, 44, 43, 44, 31, 18, 10, 5, 0, 0, 0, 0, 3, 5, 3, 12, 31, 41, 58, 59, 76, 96, 101, 127, 127, 127, 127, 119, 121, 89, 73, 66, 44, 40, 29, 11, 13, 12, 17, 8, 3, 0, 0, 13, 9, 19, 35, 48, 62, 71, 85, 105, 117, 127, 127, 127, 125, 122, 121, 110, 65]"
In-Distribution,10,exact_guidance_u,150,0,91,90,"[129, 65, 55, 50, 40, 26, 23, 19, 11, 7, 0, 2, 0, 3, 12, 22, 37, 42, 79, 99, 96, 111, 121, 116, 127, 127, 127, 124, 114, 116, 96, 44, 43, 44, 31, 18, 10, 5, 0, 0, 0, 0, 3, 5, 3, 12, 31, 41, 58, 59, 76, 96, 101, 127, 127, 127, 127, 119, 121, 89, 73, 66, 44, 40, 29, 11, 13, 12, 17, 8, 3, 0, 0, 13, 9, 19, 35, 48, 62, 71, 85, 105, 117, 127, 127, 127, 125, 122, 121, 110, 65]","[65, 55, 50, 40, 26, 23, 19, 11, 7, 0, 2, 0, 3, 12, 22, 37, 42, 79, 99, 96, 111, 121, 116, 127, 127, 127, 124, 114, 116, 96, 44, 43, 44, 31, 18, 10, 5, 0, 0, 0, 0, 3, 5, 3, 12, 31, 41, 58, 59, 76, 96, 101, 127, 127, 127, 127, 119, 121, 89, 73, 66, 44, 40, 29, 11, 13, 12, 17, 8, 3, 0, 0, 13, 9, 19, 35, 48, 62, 71, 85, 105, 117, 127, 127, 127, 125, 122, 121, 110, 65]"
In-Distribution,10,exact_guidance_u,151,0,91,90,"[129, 65, 55, 50, 40, 26, 23, 19, 11, 7, 0, 2, 0, 3, 12, 22, 37, 42, 79, 99, 96, 111, 121, 116, 127, 127, 127, 124, 114, 116, 96, 44, 43, 44, 31, 18, 10, 5, 0, 0, 0, 0, 3, 5, 3, 12, 31, 41, 58, 59, 76, 96, 101, 127, 127, 127, 127, 119, 121, 89, 73, 66, 44, 40, 29, 11, 13, 12, 17, 8, 3, 0, 0, 13, 9, 19, 35, 48, 62, 71, 85, 105, 117, 127, 127, 127, 125, 122, 121, 110, 65]","[65, 55, 50, 40, 26, 23, 19, 11, 7, 0, 2, 0, 3, 12, 22, 37, 42, 79, 99, 96, 111, 121, 116, 127, 127, 127, 124, 114, 116, 96, 44, 43, 44, 31, 18, 10, 5, 0, 0, 0, 0, 3, 5, 3, 12, 31, 41, 58, 59, 76, 96, 101, 127, 127, 127, 127, 119, 121, 89, 73, 66, 44, 40, 29, 11, 13, 12, 17, 8, 3, 0, 0, 13, 9, 19, 35, 48, 62, 71, 85, 105, 117, 127, 127, 127, 125, 122, 121, 110, 65]"
In-Distribution,10,exact_guidance_u,152,0,91,90,"[129, 65, 55, 50, 40, 26, 23, 19, 11, 7, 0, 2, 0, 3, 12, 22, 37, 42, 79, 99, 96, 111, 121, 116, 127, 127, 127, 124, 114, 116, 96, 44, 43, 44, 31, 18, 10, 5, 0, 0, 0, 0, 3, 5, 3, 12, 31, 41, 58, 59, 76, 96, 101, 127, 127, 127, 127, 119, 121, 89, 73, 66, 44, 40, 29, 11, 13, 12, 17, 8, 3, 0, 0, 13, 9, 19, 35, 48, 62, 71, 85, 105, 117, 127, 127, 127, 125, 122, 121, 110, 65]","[65, 55, 50, 40, 26, 23, 19, 11, 7, 0, 2, 0, 3, 12, 22, 37, 42, 79, 99, 96, 111, 121, 116, 127, 127, 127, 124, 114, 116, 96, 44, 43, 44, 31, 18, 10, 5, 0, 0, 0, 0, 3, 5, 3, 12, 31, 41, 58, 59, 76, 96, 101, 127, 127, 127, 127, 119, 121, 89, 73, 66, 44, 40, 29, 11, 13, 12, 17, 8, 3, 0, 0, 13, 9, 19, 35, 48, 62, 71, 85, 105, 117, 127, 127, 127, 125, 122, 121, 110, 65]"
In-Distribution,10,exact_guidance_u,153,0,91,90,"[129, 65, 55, 50, 40, 26, 23, 19, 11, 7, 0, 2, 0, 3, 12, 22, 37, 42, 79, 99, 96, 111, 121, 116, 127, 127, 127, 124, 114, 116, 96, 44, 43, 44, 31, 18, 10, 5, 0, 0, 0, 0, 3, 5, 3, 12, 31, 41, 58, 59, 76, 96, 101, 127, 127, 127, 127, 119, 121, 89, 73, 66, 44, 40, 29, 11, 13, 12, 17, 8, 3, 0, 0, 13, 9, 19, 35, 48, 62, 71, 85, 105, 117, 127, 127, 127, 125, 122, 121, 110, 65]","[65, 55, 50, 40, 26, 23, 19, 11, 7, 0, 2, 0, 3, 12, 22, 37, 42, 79, 99, 96, 111, 121, 116, 127, 127, 127, 124, 114, 116, 96, 44, 43, 44, 31, 18, 10, 5, 0, 0, 0, 0, 3, 5, 3, 12, 31, 41, 58, 59, 76, 96, 101, 127, 127, 127, 127, 119, 121, 89, 73, 66, 44, 40, 29, 11, 13, 12, 17, 8, 3, 0, 0, 13, 9, 19, 35, 48, 62, 71, 85, 105, 117, 127, 127, 127, 125, 122, 121, 110, 65]"
In-Distribution,10,exact_guidance_u,154,0,91,90,"[129, 65, 55, 50, 40, 26, 23, 19, 11, 7, 0, 2, 0, 3, 12, 22, 37, 42, 79, 99, 96, 111, 121, 116, 127, 127, 127, 124, 114, 116, 96, 44, 43, 44, 31, 18, 10, 5, 0, 0, 0, 0, 3, 5, 3, 12, 31, 41, 58, 59, 76, 96, 101, 127, 127, 127, 127, 119, 121, 89, 73, 66, 44, 40, 29, 11, 13, 12, 17, 8, 3, 0, 0, 13, 9, 19, 35, 48, 62, 71, 85, 105, 117, 127, 127, 127, 125, 122, 121, 110, 65]","[65, 55, 50, 40, 26, 23, 19, 11, 7, 0, 2, 0, 3, 12, 22, 37, 42, 79, 99, 96, 111, 121, 116, 127, 127, 127, 124, 114, 116, 96, 44, 43, 44, 31, 18, 10, 5, 0, 0, 0, 0, 3, 5, 3, 12, 31, 41, 58, 59, 76, 96, 101, 127, 127, 127, 127, 119, 121, 89, 73, 66, 44, 40, 29, 11, 13, 12, 17, 8, 3, 0, 0, 13, 9, 19, 35, 48, 62, 71, 85, 105, 117, 127, 127, 127, 125, 122, 121, 110, 65]"
In-Distribution,10,exact_guidance_u,155,0,92,91,"[129, 65, 55, 50, 40, 26, 23, 19, 11, 7, 0, 2, 0, 3, 12, 22, 37, 42, 79, 99, 96, 111, 121, 116, 127, 127, 127, 124, 114, 116, 96, 44, 43, 44, 31, 18, 10, 5, 0, 0, 0, 0, 3, 5, 3, 12, 31, 41, 58, 59, 76, 96, 101, 127, 127, 127, 127, 119, 121, 89, 73, 66, 44, 40, 29, 11, 13, 12, 17, 8, 3, 0, 0, 13, 9, 19, 35, 48, 62, 71, 85, 105, 117, 123, 127, 127, 127, 125, 122, 121, 110, 65]","[65, 55, 50, 40, 26, 23, 19, 11, 7, 0, 2, 0, 3, 12, 22, 37, 42, 79, 99, 96, 111, 121, 116, 127, 127, 127, 124, 114, 116, 96, 44, 43, 44, 31, 18, 10, 5, 0, 0, 0, 0, 3, 5, 3, 12, 31, 41, 58, 59, 76, 96, 101, 127, 127, 127, 127, 119, 121, 89, 73, 66, 44, 40, 29, 11, 13, 12, 17, 8, 3, 0, 0, 13, 9, 19, 35, 48, 62, 71, 85, 105, 117, 123, 127, 127, 127, 125, 122, 121, 110, 65]"
In-Distribution,10,exact_guidance_u,156,0,92,91,"[129, 65, 55, 50, 40, 26, 23, 19, 11, 7, 0, 2, 0, 3, 12, 22, 37, 42, 79, 99, 96, 111, 121, 116, 127, 127, 127, 124, 114, 116, 96, 44, 43, 44, 31, 18, 10, 5, 0, 0, 0, 0, 3, 5, 3, 12, 31, 41, 58, 59, 76, 96, 101, 127, 127, 127, 127, 119, 121, 89, 73, 66, 44, 40, 29, 11, 13, 12, 17, 8, 3, 0, 0, 13, 9, 19, 35, 48, 62, 71, 85, 105, 117, 123, 127, 127, 127, 125, 122, 121, 110, 65]","[65, 55, 50, 40, 26, 23, 19, 11, 7, 0, 2, 0, 3, 12, 22, 37, 42, 79, 99, 96, 111, 121, 116, 127, 127, 127, 124, 114, 116, 96, 44, 43, 44, 31, 18, 10, 5, 0, 0, 0, 0, 3, 5, 3, 12, 31, 41, 58, 59, 76, 96, 101, 127, 127, 127, 127, 119, 121, 89, 73, 66, 44, 40, 29, 11, 13, 12, 17, 8, 3, 0, 0, 13, 9, 19, 35, 48, 62, 71, 85, 105, 117, 123, 127, 127, 127, 125, 122, 121, 110, 65]"
In-Distribution,10,exact_guidance_u,157,0,92,91,"[129, 65, 55, 50, 40, 26, 23, 19, 11, 7, 0, 2, 0, 3, 12, 22, 37, 42, 79, 99, 96, 111, 121, 116, 127, 127, 127, 124, 114, 116, 96, 44, 43, 44, 31, 18, 10, 5, 0, 0, 0, 0, 3, 5, 3, 12, 31, 41, 58, 59, 76, 96, 101, 127, 127, 127, 127, 119, 121, 89, 73, 66, 44, 40, 29, 11, 13, 12, 17, 8, 3, 0, 0, 13, 9, 19, 35, 48, 62, 71, 85, 105, 117, 123, 127, 127, 127, 125, 122, 121, 110, 65]","[65, 55, 50, 40, 26, 23, 19, 11, 7, 0, 2, 0, 3, 12, 22, 37, 42, 79, 99, 96, 111, 121, 116, 127, 127, 127, 124, 114, 116, 96, 44, 43, 44, 31, 18, 10, 5, 0, 0, 0, 0, 3, 5, 3, 12, 31, 41, 58, 59, 76, 96, 101, 127, 127, 127, 127, 119, 121, 89, 73, 66, 44, 40, 29, 11, 13, 12, 17, 8, 3, 0, 0, 13, 9, 19, 35, 48, 62, 71, 85, 105, 117, 123, 127, 127, 127, 125, 122, 121, 110, 65]"
In-Distribution,10,exact_guidance_u,158,0,92,91,"[129, 65, 55, 50, 40, 26, 23, 19, 11, 7, 0, 2, 0, 3, 12, 22, 37, 42, 79, 99, 96, 111, 121, 116, 127, 127, 127, 124, 114, 116, 96, 44, 43, 44, 31, 18, 10, 5, 0, 0, 0, 0, 3, 5, 3, 12, 31, 41, 58, 59, 76, 96, 101, 127, 127, 127, 127, 119, 121, 89, 73, 66, 44, 40, 29, 11, 13, 12, 17, 8, 3, 0, 0, 13, 9, 19, 35, 48, 62, 71, 85, 105, 117, 123, 127, 127, 127, 125, 122, 121, 110, 65]","[65, 55, 50, 40, 26, 23, 19, 11, 7, 0, 2, 0, 3, 12, 22, 37, 42, 79, 99, 96, 111, 121, 116, 127, 127, 127, 124, 114, 116, 96, 44, 43, 44, 31, 18, 10, 5, 0, 0, 0, 0, 3, 5, 3, 12, 31, 41, 58, 59, 76, 96, 101, 127, 127, 127, 127, 119, 121, 89, 73, 66, 44, 40, 29, 11, 13, 12, 17, 8, 3, 0, 0, 13, 9, 19, 35, 48, 62, 71, 85, 105, 117, 123, 127, 127, 127, 125, 122, 121, 110, 65]"
In-Distribution,10,exact_guidance_u,159,0,92,91,"[129, 65, 55, 50, 40, 26, 23, 19, 11, 7, 0, 2, 0, 3, 12, 22, 37, 42, 79, 99, 96, 111, 121, 116, 127, 127, 127, 124, 114, 116, 96, 44, 43, 44, 31, 18, 10, 5, 0, 0, 0, 0, 3, 5, 3, 12, 31, 41, 58, 59, 76, 96, 101, 127, 127, 127, 127, 119, 121, 89, 73, 66, 44, 40, 29, 11, 13, 12, 17, 8, 3, 0, 0, 13, 9, 19, 35, 48, 62, 71, 85, 105, 117, 123, 127, 127, 127, 125, 122, 121, 110, 65]","[65, 55, 50, 40, 26, 23, 19, 11, 7, 0, 2, 0, 3, 12, 22, 37, 42, 79, 99, 96, 111, 121, 116, 127, 127, 127, 124, 114, 116, 96, 44, 43, 44, 31, 18, 10, 5, 0, 0, 0, 0, 3, 5, 3, 12, 31, 41, 58, 59, 76, 96, 101, 127, 127, 127, 127, 119, 121, 89, 73, 66, 44, 40, 29, 11, 13, 12, 17, 8, 3, 0, 0, 13, 9, 19, 35, 48, 62, 71, 85, 105, 117, 123, 127, 127, 127, 125, 122, 121, 110, 65]"
In-Distribution,10,exact_guidance_u,160,0,92,91,"[129, 65, 55, 50, 40, 26, 23, 19, 11, 7, 0, 2, 0, 3, 12, 22, 37, 42, 79, 99, 96, 111, 121, 116, 127, 127, 127, 124, 114, 116, 96, 44, 43, 44, 31, 18, 10, 5, 0, 0, 0, 0, 3, 5, 3, 12, 31, 41, 58, 59, 76, 96, 101, 127, 127, 127, 127, 119, 121, 89, 73, 66, 44, 40, 29, 11, 13, 12, 17, 8, 3, 0, 0, 13, 9, 19, 35, 48, 62, 71, 85, 105, 117, 123, 127, 127, 127, 125, 122, 121, 110, 65]","[65, 55, 50, 40, 26, 23, 19, 11, 7, 0, 2, 0, 3, 12, 22, 37, 42, 79, 99, 96, 111, 121, 116, 127, 127, 127, 124, 114, 116, 96, 44, 43, 44, 31, 18, 10, 5, 0, 0, 0, 0, 3, 5, 3, 12, 31, 41, 58, 59, 76, 96, 101, 127, 127, 127, 127, 119, 121, 89, 73, 66, 44, 40, 29, 11, 13, 12, 17, 8, 3, 0, 0, 13, 9, 19, 35, 48, 62, 71, 85, 105, 117, 123, 127, 127, 127, 125, 122, 121, 110, 65]"
In-Distribution,10,exact_guidance_u,161,0,92,91,"[129, 65, 55, 50, 40, 26, 23, 19, 11, 7, 0, 2, 0, 3, 12, 22, 37, 42, 79, 99, 96, 111, 121, 116, 127, 127, 127, 124, 114, 116, 96, 44, 43, 44, 31, 18, 10, 5, 0, 0, 0, 0, 3, 5, 3, 12, 31, 41, 58, 59, 76, 96, 101, 127, 127, 127, 127, 119, 121, 89, 73, 66, 44, 40, 29, 11, 13, 12, 17, 8, 3, 0, 0, 13, 9, 19, 35, 48, 62, 71, 85, 105, 117, 123, 127, 127, 127, 125, 122, 121, 110, 65]","[65, 55, 50, 40, 26, 23, 19, 11, 7, 0, 2, 0, 3, 12, 22, 37, 42, 79, 99, 96, 111, 121, 116, 127, 127, 127, 124, 114, 116, 96, 44, 43, 44, 31, 18, 10, 5, 0, 0, 0, 0, 3, 5, 3, 12, 31, 41, 58, 59, 76, 96, 101, 127, 127, 127, 127, 119, 121, 89, 73, 66, 44, 40, 29, 11, 13, 12, 17, 8, 3, 0, 0, 13, 9, 19, 35, 48, 62, 71, 85, 105, 117, 123, 127, 127, 127, 125, 122, 121, 110, 65]"
In-Distribution,10,exact_guidance_u,162,0,92,91,"[129, 65, 55, 50, 40, 26, 23, 19, 11, 7, 0, 2, 0, 3, 12, 22, 37, 42, 79, 99, 96, 111, 121, 116, 127, 127, 127, 124, 114, 116, 96, 44, 43, 44, 31, 18, 10, 5, 0, 0, 0, 0, 3, 5, 3, 12, 31, 41, 58, 59, 76, 96, 101, 127, 127, 127, 127, 119, 121, 89, 73, 66, 44, 40, 29, 11, 13, 12, 17, 8, 3, 0, 0, 13, 9, 19, 35, 48, 62, 71, 85, 105, 117, 123, 127, 127, 127, 125, 122, 121, 110, 65]","[65, 55, 50, 40, 26, 23, 19, 11, 7, 0, 2, 0, 3, 12, 22, 37, 42, 79, 99, 96, 111, 121, 116, 127, 127, 127, 124, 114, 116, 96, 44, 43, 44, 31, 18, 10, 5, 0, 0, 0, 0, 3, 5, 3, 12, 31, 41, 58, 59, 76, 96, 101, 127, 127, 127, 127, 119, 121, 89, 73, 66, 44, 40, 29, 11, 13, 12, 17, 8, 3, 0, 0, 13, 9, 19, 35, 48, 62, 71, 85, 105, 117, 123, 127, 127, 127, 125, 122, 121, 110, 65]"
In-Distribution,10,exact_guidance_u,163,0,92,91,"[129, 65, 55, 50, 40, 26, 23, 19, 11, 7, 0, 2, 0, 3, 12, 22, 37, 42, 79, 99, 96, 111, 121, 116, 127, 127, 127, 124, 114, 116, 96, 44, 43, 44, 31, 18, 10, 5, 0, 0, 0, 0, 3, 5, 3, 12, 31, 41, 58, 59, 76, 96, 101, 127, 127, 127, 127, 119, 121, 89, 73, 66, 44, 40, 29, 11, 13, 12, 17, 8, 3, 0, 0, 13, 9, 19, 35, 48, 62, 71, 85, 105, 117, 123, 127, 127, 127, 125, 122, 121, 110, 65]","[65, 55, 50, 40, 26, 23, 19, 11, 7, 0, 2, 0, 3, 12, 22, 37, 42, 79, 99, 96, 111, 121, 116, 127, 127, 127, 124, 114, 116, 96, 44, 43, 44, 31, 18, 10, 5, 0, 0, 0, 0, 3, 5, 3, 12, 31, 41, 58, 59, 76, 96, 101, 127, 127, 127, 127, 119, 121, 89, 73, 66, 44, 40, 29, 11, 13, 12, 17, 8, 3, 0, 0, 13, 9, 19, 35, 48, 62, 71, 85, 105, 117, 123, 127, 127, 127, 125, 122, 121, 110, 65]"
In-Distribution,10,exact_guidance_u,164,0,92,91,"[129, 65, 55, 50, 40, 26, 23, 19, 11, 7, 0, 2, 0, 3, 12, 22, 37, 42, 79, 99, 96, 111, 121, 116, 127, 127, 127, 124, 114, 116, 96, 44, 43, 44, 31, 18, 10, 5, 0, 0, 0, 0, 3, 5, 3, 12, 31, 41, 58, 59, 76, 96, 101, 127, 127, 127, 127, 119, 121, 89, 73, 66, 44, 40, 29, 11, 13, 12, 17, 8, 3, 0, 0, 13, 9, 19, 35, 48, 62, 71, 85, 105, 117, 123, 127, 127, 127, 125, 122, 121, 110, 65]","[65, 55, 50, 40, 26, 23, 19, 11, 7, 0, 2, 0, 3, 12, 22, 37, 42, 79, 99, 96, 111, 121, 116, 127, 127, 127, 124, 114, 116, 96, 44, 43, 44, 31, 18, 10, 5, 0, 0, 0, 0, 3, 5, 3, 12, 31, 41, 58, 59, 76, 96, 101, 127, 127, 127, 127, 119, 121, 89, 73, 66, 44, 40, 29, 11, 13, 12, 17, 8, 3, 0, 0, 13, 9, 19, 35, 48, 62, 71, 85, 105, 117, 123, 127, 127, 127, 125, 122, 121, 110, 65]"
In-Distribution,10,exact_guidance_u,165,0,92,91,"[129, 65, 55, 50, 40, 26, 23, 19, 11, 7, 0, 2, 0, 3, 12, 22, 37, 42, 79, 99, 96, 111, 121, 116, 127, 127, 127, 124, 114, 116, 96, 44, 43, 44, 31, 18, 10, 5, 0, 0, 0, 0, 3, 5, 3, 12, 31, 41, 58, 59, 76, 96, 101, 127, 127, 127, 127, 119, 121, 89, 73, 66, 44, 40, 29, 11, 13, 12, 17, 8, 3, 0, 0, 13, 9, 19, 35, 48, 62, 71, 85, 105, 117, 123, 127, 127, 127, 125, 122, 121, 110, 65]","[65, 55, 50, 40, 26, 23, 19, 11, 7, 0, 2, 0, 3, 12, 22, 37, 42, 79, 99, 96, 111, 121, 116, 127, 127, 127, 124, 114, 116, 96, 44, 43, 44, 31, 18, 10, 5, 0, 0, 0, 0, 3, 5, 3, 12, 31, 41, 58, 59, 76, 96, 101, 127, 127, 127, 127, 119, 121, 89, 73, 66, 44, 40, 29, 11, 13, 12, 17, 8, 3, 0, 0, 13, 9, 19, 35, 48, 62, 71, 85, 105, 117, 123, 127, 127, 127, 125, 122, 121, 110, 65]"
In-Distribution,10,exact_guidance_u,166,0,93,92,"[129, 65, 55, 50, 40, 26, 23, 19, 11, 7, 0, 2, 0, 3, 12, 22, 37, 42, 79, 99, 96, 111, 121, 116, 127, 127, 127, 124, 114, 116, 96, 44, 43, 44, 31, 18, 10, 5, 0, 0, 0, 0, 3, 5, 3, 12, 31, 41, 58, 59, 76, 96, 101, 127, 127, 127, 127, 119, 121, 89, 73, 66, 44, 40, 29, 11, 13, 12, 17, 8, 3, 0, 0, 13, 9, 19, 35, 48, 62, 71, 85, 105, 117, 123, 127, 127, 127, 125, 122, 121, 110, 107, 65]","[65, 55, 50, 40, 26, 23, 19, 11, 7, 0, 2, 0, 3, 12, 22, 37, 42, 79, 99, 96, 111, 121, 116, 127, 127, 127, 124, 114, 116, 96, 44, 43, 44, 31, 18, 10, 5, 0, 0, 0, 0, 3, 5, 3, 12, 31, 41, 58, 59, 76, 96, 101, 127, 127, 127, 127, 119, 121, 89, 73, 66, 44, 40, 29, 11, 13, 12, 17, 8, 3, 0, 0, 13, 9, 19, 35, 48, 62, 71, 85, 105, 117, 123, 127, 127, 127, 125, 122, 121, 110, 107, 65]"
In-Distribution,10,exact_guidance_u,167,0,93,92,"[129, 65, 55, 50, 40, 26, 23, 19, 11, 7, 0, 2, 0, 3, 12, 22, 37, 42, 79, 99, 96, 111, 121, 116, 127, 127, 127, 124, 114, 116, 96, 44, 43, 44, 31, 18, 10, 5, 0, 0, 0, 0, 3, 5, 3, 12, 31, 41, 58, 59, 76, 96, 101, 127, 127, 127, 127, 119, 121, 89, 73, 66, 44, 40, 29, 11, 13, 12, 17, 8, 3, 0, 0, 13, 9, 19, 35, 48, 62, 71, 85, 105, 117, 123, 127, 127, 127, 125, 122, 121, 110, 107, 65]","[65, 55, 50, 40, 26, 23, 19, 11, 7, 0, 2, 0, 3, 12, 22, 37, 42, 79, 99, 96, 111, 121, 116, 127, 127, 127, 124, 114, 116, 96, 44, 43, 44, 31, 18, 10, 5, 0, 0, 0, 0, 3, 5, 3, 12, 31, 41, 58, 59, 76, 96, 101, 127, 127, 127, 127, 119, 121, 89, 73, 66, 44, 40, 29, 11, 13, 12, 17, 8, 3, 0, 0, 13, 9, 19, 35, 48, 62, 71, 85, 105, 117, 123, 127, 127, 127, 125, 122, 121, 110, 107, 65]"
In-Distribution,10,exact_guidance_u,168,0,93,92,"[129, 65, 55, 50, 40, 26, 23, 19, 11, 7, 0, 2, 0, 3, 12, 22, 37, 42, 79, 99, 96, 111, 121, 116, 127, 127, 127, 124, 114, 116, 96, 44, 43, 44, 31, 18, 10, 5, 0, 0, 0, 0, 3, 5, 3, 12, 31, 41, 58, 59, 76, 96, 101, 127, 127, 127, 127, 119, 121, 89, 73, 66, 44, 40, 29, 11, 13, 12, 17, 8, 3, 0, 0, 13, 9, 19, 35, 48, 62, 71, 85, 105, 117, 123, 127, 127, 127, 125, 122, 121, 110, 107, 65]","[65, 55, 50, 40, 26, 23, 19, 11, 7, 0, 2, 0, 3, 12, 22, 37, 42, 79, 99, 96, 111, 121, 116, 127, 127, 127, 124, 114, 116, 96, 44, 43, 44, 31, 18, 10, 5, 0, 0, 0, 0, 3, 5, 3, 12, 31, 41, 58, 59, 76, 96, 101, 127, 127, 127, 127, 119, 121, 89, 73, 66, 44, 40, 29, 11, 13, 12, 17, 8, 3, 0, 0, 13, 9, 19, 35, 48, 62, 71, 85, 105, 117, 123, 127, 127, 127, 125, 122, 121, 110, 107, 65]"
In-Distribution,10,exact_guidance_u,169,0,93,92,"[129, 65, 55, 50, 40, 26, 23, 19, 11, 7, 0, 2, 0, 3, 12, 22, 37, 42, 79, 99, 96, 111, 121, 116, 127, 127, 127, 124, 114, 116, 96, 44, 43, 44, 31, 18, 10, 5, 0, 0, 0, 0, 3, 5, 3, 12, 31, 41, 58, 59, 76, 96, 101, 127, 127, 127, 127, 119, 121, 89, 73, 66, 44, 40, 29, 11, 13, 12, 17, 8, 3, 0, 0, 13, 9, 19, 35, 48, 62, 71, 85, 105, 117, 123, 127, 127, 127, 125, 122, 121, 110, 107, 65]","[65, 55, 50, 40, 26, 23, 19, 11, 7, 0, 2, 0, 3, 12, 22, 37, 42, 79, 99, 96, 111, 121, 116, 127, 127, 127, 124, 114, 116, 96, 44, 43, 44, 31, 18, 10, 5, 0, 0, 0, 0, 3, 5, 3, 12, 31, 41, 58, 59, 76, 96, 101, 127, 127, 127, 127, 119, 121, 89, 73, 66, 44, 40, 29, 11, 13, 12, 17, 8, 3, 0, 0, 13, 9, 19, 35, 48, 62, 71, 85, 105, 117, 123, 127, 127, 127, 125, 122, 121, 110, 107, 65]"
In-Distribution,10,exact_guidance_u,170,0,94,93,"[129, 65, 55, 50, 40, 26, 23, 19, 11, 7, 0, 2, 0, 3, 12, 22, 37, 42, 79, 99, 96, 111, 121, 116, 127, 127, 127, 124, 114, 116, 111, 96, 44, 43, 44, 31, 18, 10, 5, 0, 0, 0, 0, 3, 5, 3, 12, 31, 41, 58, 59, 76, 96, 101, 127, 127, 127, 127, 119, 121, 89, 73, 66, 44, 40, 29, 11, 13, 12, 17, 8, 3, 0, 0, 13, 9, 19, 35, 48, 62, 71, 85, 105, 117, 123, 127, 127, 127, 125, 122, 121, 110, 107, 65]","[65, 55, 50, 40, 26, 23, 19, 11, 7, 0, 2, 0, 3, 12, 22, 37, 42, 79, 99, 96, 111, 121, 116, 127, 127, 127, 124, 114, 116, 111, 96, 44, 43, 44, 31, 18, 10, 5, 0, 0, 0, 0, 3, 5, 3, 12, 31, 41, 58, 59, 76, 96, 101, 127, 127, 127, 127, 119, 121, 89, 73, 66, 44, 40, 29, 11, 13, 12, 17, 8, 3, 0, 0, 13, 9, 19, 35, 48, 62, 71, 85, 105, 117, 123, 127, 127, 127, 125, 122, 121, 110, 107, 65]"
In-Distribution,10,exact_guidance_u,171,0,94,93,"[129, 65, 55, 50, 40, 26, 23, 19, 11, 7, 0, 2, 0, 3, 12, 22, 37, 42, 79, 99, 96, 111, 121, 116, 127, 127, 127, 124, 114, 116, 111, 96, 44, 43, 44, 31, 18, 10, 5, 0, 0, 0, 0, 3, 5, 3, 12, 31, 41, 58, 59, 76, 96, 101, 127, 127, 127, 127, 119, 121, 89, 73, 66, 44, 40, 29, 11, 13, 12, 17, 8, 3, 0, 0, 13, 9, 19, 35, 48, 62, 71, 85, 105, 117, 123, 127, 127, 127, 125, 122, 121, 110, 107, 65]","[65, 55, 50, 40, 26, 23, 19, 11, 7, 0, 2, 0, 3, 12, 22, 37, 42, 79, 99, 96, 111, 121, 116, 127, 127, 127, 124, 114, 116, 111, 96, 44, 43, 44, 31, 18, 10, 5, 0, 0, 0, 0, 3, 5, 3, 12, 31, 41, 58, 59, 76, 96, 101, 127, 127, 127, 127, 119, 121, 89, 73, 66, 44, 40, 29, 11, 13, 12, 17, 8, 3, 0, 0, 13, 9, 19, 35, 48, 62, 71, 85, 105, 117, 123, 127, 127, 127, 125, 122, 121, 110, 107, 65]"
In-Distribution,10,exact_guidance_u,172,0,94,93,"[129, 65, 55, 50, 40, 26, 23, 19, 11, 7, 0, 2, 0, 3, 12, 22, 37, 42, 79, 99, 96, 111, 121, 116, 127, 127, 127, 124, 114, 116, 111, 96, 44, 43, 44, 31, 18, 10, 5, 0, 0, 0, 0, 3, 5, 3, 12, 31, 41, 58, 59, 76, 96, 101, 127, 127, 127, 127, 119, 121, 89, 73, 66, 44, 40, 29, 11, 13, 12, 17, 8, 3, 0, 0, 13, 9, 19, 35, 48, 62, 71, 85, 105, 117, 123, 127, 127, 127, 125, 122, 121, 110, 107, 65]","[65, 55, 50, 40, 26, 23, 19, 11, 7, 0, 2, 0, 3, 12, 22, 37, 42, 79, 99, 96, 111, 121, 116, 127, 127, 127, 124, 114, 116, 111, 96, 44, 43, 44, 31, 18, 10, 5, 0, 0, 0, 0, 3, 5, 3, 12, 31, 41, 58, 59, 76, 96, 101, 127, 127, 127, 127, 119, 121, 89, 73, 66, 44, 40, 29, 11, 13, 12, 17, 8, 3, 0, 0, 13, 9, 19, 35, 48, 62, 71, 85, 105, 117, 123, 127, 127, 127, 125, 122, 121, 110, 107, 65]"
In-Distribution,10,exact_guidance_u,173,0,94,93,"[129, 65, 55, 50, 40, 26, 23, 19, 11, 7, 0, 2, 0, 3, 12, 22, 37, 42, 79, 99, 96, 111, 121, 116, 127, 127, 127, 124, 114, 116, 111, 96, 44, 43, 44, 31, 18, 10, 5, 0, 0, 0, 0, 3, 5, 3, 12, 31, 41, 58, 59, 76, 96, 101, 127, 127, 127, 127, 119, 121, 89, 73, 66, 44, 40, 29, 11, 13, 12, 17, 8, 3, 0, 0, 13, 9, 19, 35, 48, 62, 71, 85, 105, 117, 123, 127, 127, 127, 125, 122, 121, 110, 107, 65]","[65, 55, 50, 40, 26, 23, 19, 11, 7, 0, 2, 0, 3, 12, 22, 37, 42, 79, 99, 96, 111, 121, 116, 127, 127, 127, 124, 114, 116, 111, 96, 44, 43, 44, 31, 18, 10, 5, 0, 0, 0, 0, 3, 5, 3, 12, 31, 41, 58, 59, 76, 96, 101, 127, 127, 127, 127, 119, 121, 89, 73, 66, 44, 40, 29, 11, 13, 12, 17, 8, 3, 0, 0, 13, 9, 19, 35, 48, 62, 71, 85, 105, 117, 123, 127, 127, 127, 125, 122, 121, 110, 107, 65]"
In-Distribution,10,exact_guidance_u,174,0,94,93,"[129, 65, 55, 50, 40, 26, 23, 19, 11, 7, 0, 2, 0, 3, 12, 22, 37, 42, 79, 99, 96, 111, 121, 116, 127, 127, 127, 124, 114, 116, 111, 96, 44, 43, 44, 31, 18, 10, 5, 0, 0, 0, 0, 3, 5, 3, 12, 31, 41, 58, 59, 76, 96, 101, 127, 127, 127, 127, 119, 121, 89, 73, 66, 44, 40, 29, 11, 13, 12, 17, 8, 3, 0, 0, 13, 9, 19, 35, 48, 62, 71, 85, 105, 117, 123, 127, 127, 127, 125, 122, 121, 110, 107, 65]","[65, 55, 50, 40, 26, 23, 19, 11, 7, 0, 2, 0, 3, 12, 22, 37, 42, 79, 99, 96, 111, 121, 116, 127, 127, 127, 124, 114, 116, 111, 96, 44, 43, 44, 31, 18, 10, 5, 0, 0, 0, 0, 3, 5, 3, 12, 31, 41, 58, 59, 76, 96, 101, 127, 127, 127, 127, 119, 121, 89, 73, 66, 44, 40, 29, 11, 13, 12, 17, 8, 3, 0, 0, 13, 9, 19, 35, 48, 62, 71, 85, 105, 117, 123, 127, 127, 127, 125, 122, 121, 110, 107, 65]"
In-Distribution,10,exact_guidance_u,175,0,94,93,"[129, 65, 55, 50, 40, 26, 23, 19, 11, 7, 0, 2, 0, 3, 12, 22, 37, 42, 79, 99, 96, 111, 121, 116, 127, 127, 127, 124, 114, 116, 111, 96, 44, 43, 44, 31, 18, 10, 5, 0, 0, 0, 0, 3, 5, 3, 12, 31, 41, 58, 59, 76, 96, 101, 127, 127, 127, 127, 119, 121, 89, 73, 66, 44, 40, 29, 11, 13, 12, 17, 8, 3, 0, 0, 13, 9, 19, 35, 48, 62, 71, 85, 105, 117, 123, 127, 127, 127, 125, 122, 121, 110, 107, 65]","[65, 55, 50, 40, 26, 23, 19, 11, 7, 0, 2, 0, 3, 12, 22, 37, 42, 79, 99, 96, 111, 121, 116, 127, 127, 127, 124, 114, 116, 111, 96, 44, 43, 44, 31, 18, 10, 5, 0, 0, 0, 0, 3, 5, 3, 12, 31, 41, 58, 59, 76, 96, 101, 127, 127, 127, 127, 119, 121, 89, 73, 66, 44, 40, 29, 11, 13, 12, 17, 8, 3, 0, 0, 13, 9, 19, 35, 48, 62, 71, 85, 105, 117, 123, 127, 127, 127, 125, 122, 121, 110, 107, 65]"
In-Distribution,10,exact_guidance_u,176,0,94,93,"[129, 65, 55, 50, 40, 26, 23, 19, 11, 7, 0, 2, 0, 3, 12, 22, 37, 42, 79, 99, 96, 111, 121, 116, 127, 127, 127, 124, 114, 116, 111, 96, 44, 43, 44, 31, 18, 10, 5, 0, 0, 0, 0, 3, 5, 3, 12, 31, 41, 58, 59, 76, 96, 101, 127, 127, 127, 127, 119, 121, 89, 73, 66, 44, 40, 29, 11, 13, 12, 17, 8, 3, 0, 0, 13, 9, 19, 35, 48, 62, 71, 85, 105, 117, 123, 127, 127, 127, 125, 122, 121, 110, 107, 65]","[65, 55, 50, 40, 26, 23, 19, 11, 7, 0, 2, 0, 3, 12, 22, 37, 42, 79, 99, 96, 111, 121, 116, 127, 127, 127, 124, 114, 116, 111, 96, 44, 43, 44, 31, 18, 10, 5, 0, 0, 0, 0, 3, 5, 3, 12, 31, 41, 58, 59, 76, 96, 101, 127, 127, 127, 127, 119, 121, 89, 73, 66, 44, 40, 29, 11, 13, 12, 17, 8, 3, 0, 0, 13, 9, 19, 35, 48, 62, 71, 85, 105, 117, 123, 127, 127, 127, 125, 122, 121, 110, 107, 65]"
In-Distribution,10,exact_guidance_u,177,0,94,93,"[129, 65, 55, 50, 40, 26, 23, 19, 11, 7, 0, 2, 0, 3, 12, 22, 37, 42, 79, 99, 96, 111, 121, 116, 127, 127, 127, 124, 114, 116, 111, 96, 44, 43, 44, 31, 18, 10, 5, 0, 0, 0, 0, 3, 5, 3, 12, 31, 41, 58, 59, 76, 96, 101, 127, 127, 127, 127, 119, 121, 89, 73, 66, 44, 40, 29, 11, 13, 12, 17, 8, 3, 0, 0, 13, 9, 19, 35, 48, 62, 71, 85, 105, 117, 123, 127, 127, 127, 125, 122, 121, 110, 107, 65]","[65, 55, 50, 40, 26, 23, 19, 11, 7, 0, 2, 0, 3, 12, 22, 37, 42, 79, 99, 96, 111, 121, 116, 127, 127, 127, 124, 114, 116, 111, 96, 44, 43, 44, 31, 18, 10, 5, 0, 0, 0, 0, 3, 5, 3, 12, 31, 41, 58, 59, 76, 96, 101, 127, 127, 127, 127, 119, 121, 89, 73, 66, 44, 40, 29, 11, 13, 12, 17, 8, 3, 0, 0, 13, 9, 19, 35, 48, 62, 71, 85, 105, 117, 123, 127, 127, 127, 125, 122, 121, 110, 107, 65]"
In-Distribution,10,exact_guidance_u,178,0,94,93,"[129, 65, 55, 50, 40, 26, 23, 19, 11, 7, 0, 2, 0, 3, 12, 22, 37, 42, 79, 99, 96, 111, 121, 116, 127, 127, 127, 124, 114, 116, 111, 96, 44, 43, 44, 31, 18, 10, 5, 0, 0, 0, 0, 3, 5, 3, 12, 31, 41, 58, 59, 76, 96, 101, 127, 127, 127, 127, 119, 121, 89, 73, 66, 44, 40, 29, 11, 13, 12, 17, 8, 3, 0, 0, 13, 9, 19, 35, 48, 62, 71, 85, 105, 117, 123, 127, 127, 127, 125, 122, 121, 110, 107, 65]","[65, 55, 50, 40, 26, 23, 19, 11, 7, 0, 2, 0, 3, 12, 22, 37, 42, 79, 99, 96, 111, 121, 116, 127, 127, 127, 124, 114, 116, 111, 96, 44, 43, 44, 31, 18, 10, 5, 0, 0, 0, 0, 3, 5, 3, 12, 31, 41, 58, 59, 76, 96, 101, 127, 127, 127, 127, 119, 121, 89, 73, 66, 44, 40, 29, 11, 13, 12, 17, 8, 3, 0, 0, 13, 9, 19, 35, 48, 62, 71, 85, 105, 117, 123, 127, 127, 127, 125, 122, 121, 110, 107, 65]"
In-Distribution,10,exact_guidance_u,179,0,94,93,"[129, 65, 55, 50, 40, 26, 23, 19, 11, 7, 0, 2, 0, 3, 12, 22, 37, 42, 79, 99, 96, 111, 121, 116, 127, 127, 127, 124, 114, 116, 111, 96, 44, 43, 44, 31, 18, 10, 5, 0, 0, 0, 0, 3, 5, 3, 12, 31, 41, 58, 59, 76, 96, 101, 127, 127, 127, 127, 119, 121, 89, 73, 66, 44, 40, 29, 11, 13, 12, 17, 8, 3, 0, 0, 13, 9, 19, 35, 48, 62, 71, 85, 105, 117, 123, 127, 127, 127, 125, 122, 121, 110, 107, 65]","[65, 55, 50, 40, 26, 23, 19, 11, 7, 0, 2, 0, 3, 12, 22, 37, 42, 79, 99, 96, 111, 121, 116, 127, 127, 127, 124, 114, 116, 111, 96, 44, 43, 44, 31, 18, 10, 5, 0, 0, 0, 0, 3, 5, 3, 12, 31, 41, 58, 59, 76, 96, 101, 127, 127, 127, 127, 119, 121, 89, 73, 66, 44, 40, 29, 11, 13, 12, 17, 8, 3, 0, 0, 13, 9, 19, 35, 48, 62, 71, 85, 105, 117, 123, 127, 127, 127, 125, 122, 121, 110, 107, 65]"
In-Distribution,10,exact_guidance_u,180,0,94,93,"[129, 65, 55, 50, 40, 26, 23, 19, 11, 7, 0, 2, 0, 3, 12, 22, 37, 42, 79, 99, 96, 111, 121, 116, 127, 127, 127, 124, 114, 116, 111, 96, 44, 43, 44, 31, 18, 10, 5, 0, 0, 0, 0, 3, 5, 3, 12, 31, 41, 58, 59, 76, 96, 101, 127, 127, 127, 127, 119, 121, 89, 73, 66, 44, 40, 29, 11, 13, 12, 17, 8, 3, 0, 0, 13, 9, 19, 35, 48, 62, 71, 85, 105, 117, 123, 127, 127, 127, 125, 122, 121, 110, 107, 65]","[65, 55, 50, 40, 26, 23, 19, 11, 7, 0, 2, 0, 3, 12, 22, 37, 42, 79, 99, 96, 111, 121, 116, 127, 127, 127, 124, 114, 116, 111, 96, 44, 43, 44, 31, 18, 10, 5, 0, 0, 0, 0, 3, 5, 3, 12, 31, 41, 58, 59, 76, 96, 101, 127, 127, 127, 127, 119, 121, 89, 73, 66, 44, 40, 29, 11, 13, 12, 17, 8, 3, 0, 0, 13, 9, 19, 35, 48, 62, 71, 85, 105, 117, 123, 127, 127, 127, 125, 122, 121, 110, 107, 65]"
In-Distribution,10,exact_guidance_u,181,0,94,93,"[129, 65, 55, 50, 40, 26, 23, 19, 11, 7, 0, 2, 0, 3, 12, 22, 37, 42, 79, 99, 96, 111, 121, 116, 127, 127, 127, 124, 114, 116, 111, 96, 44, 43, 44, 31, 18, 10, 5, 0, 0, 0, 0, 3, 5, 3, 12, 31, 41, 58, 59, 76, 96, 101, 127, 127, 127, 127, 119, 121, 89, 73, 66, 44, 40, 29, 11, 13, 12, 17, 8, 3, 0, 0, 13, 9, 19, 35, 48, 62, 71, 85, 105, 117, 123, 127, 127, 127, 125, 122, 121, 110, 107, 65]","[65, 55, 50, 40, 26, 23, 19, 11, 7, 0, 2, 0, 3, 12, 22, 37, 42, 79, 99, 96, 111, 121, 116, 127, 127, 127, 124, 114, 116, 111, 96, 44, 43, 44, 31, 18, 10, 5, 0, 0, 0, 0, 3, 5, 3, 12, 31, 41, 58, 59, 76, 96, 101, 127, 127, 127, 127, 119, 121, 89, 73, 66, 44, 40, 29, 11, 13, 12, 17, 8, 3, 0, 0, 13, 9, 19, 35, 48, 62, 71, 85, 105, 117, 123, 127, 127, 127, 125, 122, 121, 110, 107, 65]"
In-Distribution,10,exact_guidance_u,182,0,94,93,"[129, 65, 55, 50, 40, 26, 23, 19, 11, 7, 0, 2, 0, 3, 12, 22, 37, 42, 79, 99, 96, 111, 121, 116, 127, 127, 127, 124, 114, 116, 111, 96, 44, 43, 44, 31, 18, 10, 5, 0, 0, 0, 0, 3, 5, 3, 12, 31, 41, 58, 59, 76, 96, 101, 127, 127, 127, 127, 119, 121, 89, 73, 66, 44, 40, 29, 11, 13, 12, 17, 8, 3, 0, 0, 13, 9, 19, 35, 48, 62, 71, 85, 105, 117, 123, 127, 127, 127, 125, 122, 121, 110, 107, 65]","[65, 55, 50, 40, 26, 23, 19, 11, 7, 0, 2, 0, 3, 12, 22, 37, 42, 79, 99, 96, 111, 121, 116, 127, 127, 127, 124, 114, 116, 111, 96, 44, 43, 44, 31, 18, 10, 5, 0, 0, 0, 0, 3, 5, 3, 12, 31, 41, 58, 59, 76, 96, 101, 127, 127, 127, 127, 119, 121, 89, 73, 66, 44, 40, 29, 11, 13, 12, 17, 8, 3, 0, 0, 13, 9, 19, 35, 48, 62, 71, 85, 105, 117, 123, 127, 127, 127, 125, 122, 121, 110, 107, 65]"
In-Distribution,10,exact_guidance_u,183,0,94,93,"[129, 65, 55, 50, 40, 26, 23, 19, 11, 7, 0, 2, 0, 3, 12, 22, 37, 42, 79, 99, 96, 111, 121, 116, 127, 127, 127, 124, 114, 116, 111, 96, 44, 43, 44, 31, 18, 10, 5, 0, 0, 0, 0, 3, 5, 3, 12, 31, 41, 58, 59, 76, 96, 101, 127, 127, 127, 127, 119, 121, 89, 73, 66, 44, 40, 29, 11, 13, 12, 17, 8, 3, 0, 0, 13, 9, 19, 35, 48, 62, 71, 85, 105, 117, 123, 127, 127, 127, 125, 122, 121, 110, 107, 65]","[65, 55, 50, 40, 26, 23, 19, 11, 7, 0, 2, 0, 3, 12, 22, 37, 42, 79, 99, 96, 111, 121, 116, 127, 127, 127, 124, 114, 116, 111, 96, 44, 43, 44, 31, 18, 10, 5, 0, 0, 0, 0, 3, 5, 3, 12, 31, 41, 58, 59, 76, 96, 101, 127, 127, 127, 127, 119, 121, 89, 73, 66, 44, 40, 29, 11, 13, 12, 17, 8, 3, 0, 0, 13, 9, 19, 35, 48, 62, 71, 85, 105, 117, 123, 127, 127, 127, 125, 122, 121, 110, 107, 65]"
In-Distribution,10,exact_guidance_u,184,0,96,95,"[129, 65, 55, 50, 40, 26, 23, 19, 11, 7, 0, 2, 0, 3, 12, 22, 37, 42, 79, 99, 96, 111, 121, 116, 127, 127, 127, 124, 114, 116, 111, 96, 44, 43, 44, 31, 18, 10, 5, 0, 0, 0, 0, 3, 5, 3, 12, 31, 41, 58, 59, 76, 96, 101, 127, 127, 127, 127, 119, 121, 127, 89, 73, 66, 44, 40, 29, 11, 13, 12, 17, 8, 3, 0, 0, 13, 9, 19, 35, 48, 62, 71, 85, 105, 117, 123, 127, 127, 127, 125, 122, 121, 110, 107, 73, 65]","[65, 55, 50, 40, 26, 23, 19, 11, 7, 0, 2, 0, 3, 12, 22, 37, 42, 79, 99, 96, 111, 121, 116, 127, 127, 127, 124, 114, 116, 111, 96, 44, 43, 44, 31, 18, 10, 5, 0, 0, 0, 0, 3, 5, 3, 12, 31, 41, 58, 59, 76, 96, 101, 127, 127, 127, 127, 119, 121, 127, 89, 73, 66, 44, 40, 29, 11, 13, 12, 17, 8, 3, 0, 0, 13, 9, 19, 35, 48, 62, 71, 85, 105, 117, 123, 127, 127, 127, 125, 122, 121, 110, 107, 73, 65]"
In-Distribution,10,exact_guidance_u,185,0,96,95,"[129, 65, 55, 50, 40, 26, 23, 19, 11, 7, 0, 2, 0, 3, 12, 22, 37, 42, 79, 99, 96, 111, 121, 116, 127, 127, 127, 124, 114, 116, 111, 96, 44, 43, 44, 31, 18, 10, 5, 0, 0, 0, 0, 3, 5, 3, 12, 31, 41, 58, 59, 76, 96, 101, 127, 127, 127, 127, 119, 121, 127, 89, 73, 66, 44, 40, 29, 11, 13, 12, 17, 8, 3, 0, 0, 13, 9, 19, 35, 48, 62, 71, 85, 105, 117, 123, 127, 127, 127, 125, 122, 121, 110, 107, 73, 65]","[65, 55, 50, 40, 26, 23, 19, 11, 7, 0, 2, 0, 3, 12, 22, 37, 42, 79, 99, 96, 111, 121, 116, 127, 127, 127, 124, 114, 116, 111, 96, 44, 43, 44, 31, 18, 10, 5, 0, 0, 0, 0, 3, 5, 3, 12, 31, 41, 58, 59, 76, 96, 101, 127, 127, 127, 127, 119, 121, 127, 89, 73, 66, 44, 40, 29, 11, 13, 12, 17, 8, 3, 0, 0, 13, 9, 19, 35, 48, 62, 71, 85, 105, 117, 123, 127, 127, 127, 125, 122, 121, 110, 107, 73, 65]"
In-Distribution,10,exact_guidance_u,186,0,96,95,"[129, 65, 55, 50, 40, 26, 23, 19, 11, 7, 0, 2, 0, 3, 12, 22, 37, 42, 79, 99, 96, 111, 121, 116, 127, 127, 127, 124, 114, 116, 111, 96, 44, 43, 44, 31, 18, 10, 5, 0, 0, 0, 0, 3, 5, 3, 12, 31, 41, 58, 59, 76, 96, 101, 127, 127, 127, 127, 119, 121, 127, 89, 73, 66, 44, 40, 29, 11, 13, 12, 17, 8, 3, 0, 0, 13, 9, 19, 35, 48, 62, 71, 85, 105, 117, 123, 127, 127, 127, 125, 122, 121, 110, 107, 73, 65]","[65, 55, 50, 40, 26, 23, 19, 11, 7, 0, 2, 0, 3, 12, 22, 37, 42, 79, 99, 96, 111, 121, 116, 127, 127, 127, 124, 114, 116, 111, 96, 44, 43, 44, 31, 18, 10, 5, 0, 0, 0, 0, 3, 5, 3, 12, 31, 41, 58, 59, 76, 96, 101, 127, 127, 127, 127, 119, 121, 127, 89, 73, 66, 44, 40, 29, 11, 13, 12, 17, 8, 3, 0, 0, 13, 9, 19, 35, 48, 62, 71, 85, 105, 117, 123, 127, 127, 127, 125, 122, 121, 110, 107, 73, 65]"
In-Distribution,10,exact_guidance_u,187,0,96,95,"[129, 65, 55, 50, 40, 26, 23, 19, 11, 7, 0, 2, 0, 3, 12, 22, 37, 42, 79, 99, 96, 111, 121, 116, 127, 127, 127, 124, 114, 116, 111, 96, 44, 43, 44, 31, 18, 10, 5, 0, 0, 0, 0, 3, 5, 3, 12, 31, 41, 58, 59, 76, 96, 101, 127, 127, 127, 127, 119, 121, 127, 89, 73, 66, 44, 40, 29, 11, 13, 12, 17, 8, 3, 0, 0, 13, 9, 19, 35, 48, 62, 71, 85, 105, 117, 123, 127, 127, 127, 125, 122, 121, 110, 107, 73, 65]","[65, 55, 50, 40, 26, 23, 19, 11, 7, 0, 2, 0, 3, 12, 22, 37, 42, 79, 99, 96, 111, 121, 116, 127, 127, 127, 124, 114, 116, 111, 96, 44, 43, 44, 31, 18, 10, 5, 0, 0, 0, 0, 3, 5, 3, 12, 31, 41, 58, 59, 76, 96, 101, 127, 127, 127, 127, 119, 121, 127, 89, 73, 66, 44, 40, 29, 11, 13, 12, 17, 8, 3, 0, 0, 13, 9, 19, 35, 48, 62, 71, 85, 105, 117, 123, 127, 127, 127, 125, 122, 121, 110, 107, 73, 65]"
In-Distribution,10,exact_guidance_u,188,0,96,95,"[129, 65, 55, 50, 40, 26, 23, 19, 11, 7, 0, 2, 0, 3, 12, 22, 37, 42, 79, 99, 96, 111, 121, 116, 127, 127, 127, 124, 114, 116, 111, 96, 44, 43, 44, 31, 18, 10, 5, 0, 0, 0, 0, 3, 5, 3, 12, 31, 41, 58, 59, 76, 96, 101, 127, 127, 127, 127, 119, 121, 127, 89, 73, 66, 44, 40, 29, 11, 13, 12, 17, 8, 3, 0, 0, 13, 9, 19, 35, 48, 62, 71, 85, 105, 117, 123, 127, 127, 127, 125, 122, 121, 110, 107, 73, 65]","[65, 55, 50, 40, 26, 23, 19, 11, 7, 0, 2, 0, 3, 12, 22, 37, 42, 79, 99, 96, 111, 121, 116, 127, 127, 127, 124, 114, 116, 111, 96, 44, 43, 44, 31, 18, 10, 5, 0, 0, 0, 0, 3, 5, 3, 12, 31, 41, 58, 59, 76, 96, 101, 127, 127, 127, 127, 119, 121, 127, 89, 73, 66, 44, 40, 29, 11, 13, 12, 17, 8, 3, 0, 0, 13, 9, 19, 35, 48, 62, 71, 85, 105, 117, 123, 127, 127, 127, 125, 122, 121, 110, 107, 73, 65]"
In-Distribution,10,exact_guidance_u,189,0,96,95,"[129, 65, 55, 50, 40, 26, 23, 19, 11, 7, 0, 2, 0, 3, 12, 22, 37, 42, 79, 99, 96, 111, 121, 116, 127, 127, 127, 124, 114, 116, 111, 96, 44, 43, 44, 31, 18, 10, 5, 0, 0, 0, 0, 3, 5, 3, 12, 31, 41, 58, 59, 76, 96, 101, 127, 127, 127, 127, 119, 121, 127, 89, 73, 66, 44, 40, 29, 11, 13, 12, 17, 8, 3, 0, 0, 13, 9, 19, 35, 48, 62, 71, 85, 105, 117, 123, 127, 127, 127, 125, 122, 121, 110, 107, 73, 65]","[65, 55, 50, 40, 26, 23, 19, 11, 7, 0, 2, 0, 3, 12, 22, 37, 42, 79, 99, 96, 111, 121, 116, 127, 127, 127, 124, 114, 116, 111, 96, 44, 43, 44, 31, 18, 10, 5, 0, 0, 0, 0, 3, 5, 3, 12, 31, 41, 58, 59, 76, 96, 101, 127, 127, 127, 127, 119, 121, 127, 89, 73, 66, 44, 40, 29, 11, 13, 12, 17, 8, 3, 0, 0, 13, 9, 19, 35, 48, 62, 71, 85, 105, 117, 123, 127, 127, 127, 125, 122, 121, 110, 107, 73, 65]"
In-Distribution,10,exact_guidance_u,190,0,96,95,"[129, 65, 55, 50, 40, 26, 23, 19, 11, 7, 0, 2, 0, 3, 12, 22, 37, 42, 79, 99, 96, 111, 121, 116, 127, 127, 127, 124, 114, 116, 111, 96, 44, 43, 44, 31, 18, 10, 5, 0, 0, 0, 0, 3, 5, 3, 12, 31, 41, 58, 59, 76, 96, 101, 127, 127, 127, 127, 119, 121, 127, 89, 73, 66, 44, 40, 29, 11, 13, 12, 17, 8, 3, 0, 0, 13, 9, 19, 35, 48, 62, 71, 85, 105, 117, 123, 127, 127, 127, 125, 122, 121, 110, 107, 73, 65]","[65, 55, 50, 40, 26, 23, 19, 11, 7, 0, 2, 0, 3, 12, 22, 37, 42, 79, 99, 96, 111, 121, 116, 127, 127, 127, 124, 114, 116, 111, 96, 44, 43, 44, 31, 18, 10, 5, 0, 0, 0, 0, 3, 5, 3, 12, 31, 41, 58, 59, 76, 96, 101, 127, 127, 127, 127, 119, 121, 127, 89, 73, 66, 44, 40, 29, 11, 13, 12, 17, 8, 3, 0, 0, 13, 9, 19, 35, 48, 62, 71, 85, 105, 117, 123, 127, 127, 127, 125, 122, 121, 110, 107, 73, 65]"
In-Distribution,10,exact_guidance_u,191,0,96,95,"[129, 65, 55, 50, 40, 26, 23, 19, 11, 7, 0, 2, 0, 3, 12, 22, 37, 42, 79, 99, 96, 111, 121, 116, 127, 127, 127, 124, 114, 116, 111, 96, 44, 43, 44, 31, 18, 10, 5, 0, 0, 0, 0, 3, 5, 3, 12, 31, 41, 58, 59, 76, 96, 101, 127, 127, 127, 127, 119, 121, 127, 89, 73, 66, 44, 40, 29, 11, 13, 12, 17, 8, 3, 0, 0, 13, 9, 19, 35, 48, 62, 71, 85, 105, 117, 123, 127, 127, 127, 125, 122, 121, 110, 107, 73, 65]","[65, 55, 50, 40, 26, 23, 19, 11, 7, 0, 2, 0, 3, 12, 22, 37, 42, 79, 99, 96, 111, 121, 116, 127, 127, 127, 124, 114, 116, 111, 96, 44, 43, 44, 31, 18, 10, 5, 0, 0, 0, 0, 3, 5, 3, 12, 31, 41, 58, 59, 76, 96, 101, 127, 127, 127, 127, 119, 121, 127, 89, 73, 66, 44, 40, 29, 11, 13, 12, 17, 8, 3, 0, 0, 13, 9, 19, 35, 48, 62, 71, 85, 105, 117, 123, 127, 127, 127, 125, 122, 121, 110, 107, 73, 65]"
In-Distribution,10,exact_guidance_u,192,0,97,96,"[129, 65, 55, 50, 40, 26, 23, 19, 11, 7, 0, 2, 0, 3, 12, 22, 37, 42, 79, 99, 96, 111, 121, 116, 127, 127, 127, 124, 114, 116, 111, 96, 44, 43, 44, 31, 18, 10, 5, 0, 0, 0, 0, 3, 5, 3, 12, 31, 41, 58, 59, 76, 96, 101, 127, 127, 127, 127, 119, 121, 127, 89, 73, 66, 44, 40, 29, 11, 13, 12, 17, 8, 3, 0, 0, 13, 9, 19, 35, 48, 62, 71, 85, 97, 105, 117, 123, 127, 127, 127, 125, 122, 121, 110, 107, 73, 65]","[65, 55, 50, 40, 26, 23, 19, 11, 7, 0, 2, 0, 3, 12, 22, 37, 42, 79, 99, 96, 111, 121, 116, 127, 127, 127, 124, 114, 116, 111, 96, 44, 43, 44, 31, 18, 10, 5, 0, 0, 0, 0, 3, 5, 3, 12, 31, 41, 58, 59, 76, 96, 101, 127, 127, 127, 127, 119, 121, 127, 89, 73, 66, 44, 40, 29, 11, 13, 12, 17, 8, 3, 0, 0, 13, 9, 19, 35, 48, 62, 71, 85, 97, 105, 117, 123, 127, 127, 127, 125, 122, 121, 110, 107, 73, 65]"
In-Distribution,10,exact_guidance_u,193,0,97,96,"[129, 65, 55, 50, 40, 26, 23, 19, 11, 7, 0, 2, 0, 3, 12, 22, 37, 42, 79, 99, 96, 111, 121, 116, 127, 127, 127, 124, 114, 116, 111, 96, 44, 43, 44, 31, 18, 10, 5, 0, 0, 0, 0, 3, 5, 3, 12, 31, 41, 58, 59, 76, 96, 101, 127, 127, 127, 127, 119, 121, 127, 89, 73, 66, 44, 40, 29, 11, 13, 12, 17, 8, 3, 0, 0, 13, 9, 19, 35, 48, 62, 71, 85, 97, 105, 117, 123, 127, 127, 127, 125, 122, 121, 110, 107, 73, 65]","[65, 55, 50, 40, 26, 23, 19, 11, 7, 0, 2, 0, 3, 12, 22, 37, 42, 79, 99, 96, 111, 121, 116, 127, 127, 127, 124, 114, 116, 111, 96, 44, 43, 44, 31, 18, 10, 5, 0, 0, 0, 0, 3, 5, 3, 12, 31, 41, 58, 59, 76, 96, 101, 127, 127, 127, 127, 119, 121, 127, 89, 73, 66, 44, 40, 29, 11, 13, 12, 17, 8, 3, 0, 0, 13, 9, 19, 35, 48, 62, 71, 85, 97, 105, 117, 123, 127, 127, 127, 125, 122, 121, 110, 107, 73, 65]"
In-Distribution,10,exact_guidance_u,194,0,97,96,"[129, 65, 55, 50, 40, 26, 23, 19, 11, 7, 0, 2, 0, 3, 12, 22, 37, 42, 79, 99, 96, 111, 121, 116, 127, 127, 127, 124, 114, 116, 111, 96, 44, 43, 44, 31, 18, 10, 5, 0, 0, 0, 0, 3, 5, 3, 12, 31, 41, 58, 59, 76, 96, 101, 127, 127, 127, 127, 119, 121, 127, 89, 73, 66, 44, 40, 29, 11, 13, 12, 17, 8, 3, 0, 0, 13, 9, 19, 35, 48, 62, 71, 85, 97, 105, 117, 123, 127, 127, 127, 125, 122, 121, 110, 107, 73, 65]","[65, 55, 50, 40, 26, 23, 19, 11, 7, 0, 2, 0, 3, 12, 22, 37, 42, 79, 99, 96, 111, 121, 116, 127, 127, 127, 124, 114, 116, 111, 96, 44, 43, 44, 31, 18, 10, 5, 0, 0, 0, 0, 3, 5, 3, 12, 31, 41, 58, 59, 76, 96, 101, 127, 127, 127, 127, 119, 121, 127, 89, 73, 66, 44, 40, 29, 11, 13, 12, 17, 8, 3, 0, 0, 13, 9, 19, 35, 48, 62, 71, 85, 97, 105, 117, 123, 127, 127, 127, 125, 122, 121, 110, 107, 73, 65]"
In-Distribution,10,exact_guidance_u,195,0,97,96,"[129, 65, 55, 50, 40, 26, 23, 19, 11, 7, 0, 2, 0, 3, 12, 22, 37, 42, 79, 99, 96, 111, 121, 116, 127, 127, 127, 124, 114, 116, 111, 96, 44, 43, 44, 31, 18, 10, 5, 0, 0, 0, 0, 3, 5, 3, 12, 31, 41, 58, 59, 76, 96, 101, 127, 127, 127, 127, 119, 121, 127, 89, 73, 66, 44, 40, 29, 11, 13, 12, 17, 8, 3, 0, 0, 13, 9, 19, 35, 48, 62, 71, 85, 97, 105, 117, 123, 127, 127, 127, 125, 122, 121, 110, 107, 73, 65]","[65, 55, 50, 40, 26, 23, 19, 11, 7, 0, 2, 0, 3, 12, 22, 37, 42, 79, 99, 96, 111, 121, 116, 127, 127, 127, 124, 114, 116, 111, 96, 44, 43, 44, 31, 18, 10, 5, 0, 0, 0, 0, 3, 5, 3, 12, 31, 41, 58, 59, 76, 96, 101, 127, 127, 127, 127, 119, 121, 127, 89, 73, 66, 44, 40, 29, 11, 13, 12, 17, 8, 3, 0, 0, 13, 9, 19, 35, 48, 62, 71, 85, 97, 105, 117, 123, 127, 127, 127, 125, 122, 121, 110, 107, 73, 65]"
In-Distribution,10,exact_guidance_u,196,0,97,96,"[129, 65, 55, 50, 40, 26, 23, 19, 11, 7, 0, 2, 0, 3, 12, 22, 37, 42, 79, 99, 96, 111, 121, 116, 127, 127, 127, 124, 114, 116, 111, 96, 44, 43, 44, 31, 18, 10, 5, 0, 0, 0, 0, 3, 5, 3, 12, 31, 41, 58, 59, 76, 96, 101, 127, 127, 127, 127, 119, 121, 127, 89, 73, 66, 44, 40, 29, 11, 13, 12, 17, 8, 3, 0, 0, 13, 9, 19, 35, 48, 62, 71, 85, 97, 105, 117, 123, 127, 127, 127, 125, 122, 121, 110, 107, 73, 65]","[65, 55, 50, 40, 26, 23, 19, 11, 7, 0, 2, 0, 3, 12, 22, 37, 42, 79, 99, 96, 111, 121, 116, 127, 127, 127, 124, 114, 116, 111, 96, 44, 43, 44, 31, 18, 10, 5, 0, 0, 0, 0, 3, 5, 3, 12, 31, 41, 58, 59, 76, 96, 101, 127, 127, 127, 127, 119, 121, 127, 89, 73, 66, 44, 40, 29, 11, 13, 12, 17, 8, 3, 0, 0, 13, 9, 19, 35, 48, 62, 71, 85, 97, 105, 117, 123, 127, 127, 127, 125, 122, 121, 110, 107, 73, 65]"
In-Distribution,10,exact_guidance_u,197,0,97,96,"[129, 65, 55, 50, 40, 26, 23, 19, 11, 7, 0, 2, 0, 3, 12, 22, 37, 42, 79, 99, 96, 111, 121, 116, 127, 127, 127, 124, 114, 116, 111, 96, 44, 43, 44, 31, 18, 10, 5, 0, 0, 0, 0, 3, 5, 3, 12, 31, 41, 58, 59, 76, 96, 101, 127, 127, 127, 127, 119, 121, 127, 89, 73, 66, 44, 40, 29, 11, 13, 12, 17, 8, 3, 0, 0, 13, 9, 19, 35, 48, 62, 71, 85, 97, 105, 117, 123, 127, 127, 127, 125, 122, 121, 110, 107, 73, 65]","[65, 55, 50, 40, 26, 23, 19, 11, 7, 0, 2, 0, 3, 12, 22, 37, 42, 79, 99, 96, 111, 121, 116, 127, 127, 127, 124, 114, 116, 111, 96, 44, 43, 44, 31, 18, 10, 5, 0, 0, 0, 0, 3, 5, 3, 12, 31, 41, 58, 59, 76, 96, 101, 127, 127, 127, 127, 119, 121, 127, 89, 73, 66, 44, 40, 29, 11, 13, 12, 17, 8, 3, 0, 0, 13, 9, 19, 35, 48, 62, 71, 85, 97, 105, 117, 123, 127, 127, 127, 125, 122, 121, 110, 107, 73, 65]"
In-Distribution,10,exact_guidance_u,198,0,97,96,"[129, 65, 55, 50, 40, 26, 23, 19, 11, 7, 0, 2, 0, 3, 12, 22, 37, 42, 79, 99, 96, 111, 121, 116, 127, 127, 127, 124, 114, 116, 111, 96, 44, 43, 44, 31, 18, 10, 5, 0, 0, 0, 0, 3, 5, 3, 12, 31, 41, 58, 59, 76, 96, 101, 127, 127, 127, 127, 119, 121, 127, 89, 73, 66, 44, 40, 29, 11, 13, 12, 17, 8, 3, 0, 0, 13, 9, 19, 35, 48, 62, 71, 85, 97, 105, 117, 123, 127, 127, 127, 125, 122, 121, 110, 107, 73, 65]","[65, 55, 50, 40, 26, 23, 19, 11, 7, 0, 2, 0, 3, 12, 22, 37, 42, 79, 99, 96, 111, 121, 116, 127, 127, 127, 124, 114, 116, 111, 96, 44, 43, 44, 31, 18, 10, 5, 0, 0, 0, 0, 3, 5, 3, 12, 31, 41, 58, 59, 76, 96, 101, 127, 127, 127, 127, 119, 121, 127, 89, 73, 66, 44, 40, 29, 11, 13, 12, 17, 8, 3, 0, 0, 13, 9, 19, 35, 48, 62, 71, 85, 97, 105, 117, 123, 127, 127, 127, 125, 122, 121, 110, 107, 73, 65]"
In-Distribution,10,exact_guidance_u,199,0,97,96,"[129, 65, 55, 50, 40, 26, 23, 19, 11, 7, 0, 2, 0, 3, 12, 22, 37, 42, 79, 99, 96, 111, 121, 116, 127, 127, 127, 124, 114, 116, 111, 96, 44, 43, 44, 31, 18, 10, 5, 0, 0, 0, 0, 3, 5, 3, 12, 31, 41, 58, 59, 76, 96, 101, 127, 127, 127, 127, 119, 121, 127, 89, 73, 66, 44, 40, 29, 11, 13, 12, 17, 8, 3, 0, 0, 13, 9, 19, 35, 48, 62, 71, 85, 97, 105, 117, 123, 127, 127, 127, 125, 122, 121, 110, 107, 73, 65]","[65, 55, 50, 40, 26, 23, 19, 11, 7, 0, 2, 0, 3, 12, 22, 37, 42, 79, 99, 96, 111, 121, 116, 127, 127, 127, 124, 114, 116, 111, 96, 44, 43, 44, 31, 18, 10, 5, 0, 0, 0, 0, 3, 5, 3, 12, 31, 41, 58, 59, 76, 96, 101, 127, 127, 127, 127, 119, 121, 127, 89, 73, 66, 44, 40, 29, 11, 13, 12, 17, 8, 3, 0, 0, 13, 9, 19, 35, 48, 62, 71, 85, 97, 105, 117, 123, 127, 127, 127, 125, 122, 121, 110, 107, 73, 65]"
In-Distribution,10,exact_guidance_u,200,0,97,96,"[129, 65, 55, 50, 40, 26, 23, 19, 11, 7, 0, 2, 0, 3, 12, 22, 37, 42, 79, 99, 96, 111, 121, 116, 127, 127, 127, 124, 114, 116, 111, 96, 44, 43, 44, 31, 18, 10, 5, 0, 0, 0, 0, 3, 5, 3, 12, 31, 41, 58, 59, 76, 96, 101, 127, 127, 127, 127, 119, 121, 127, 89, 73, 66, 44, 40, 29, 11, 13, 12, 17, 8, 3, 0, 0, 13, 9, 19, 35, 48, 62, 71, 85, 97, 105, 117, 123, 127, 127, 127, 125, 122, 121, 110, 107, 73, 65]","[65, 55, 50, 40, 26, 23, 19, 11, 7, 0, 2, 0, 3, 12, 22, 37, 42, 79, 99, 96, 111, 121, 116, 127, 127, 127, 124, 114, 116, 111, 96, 44, 43, 44, 31, 18, 10, 5, 0, 0, 0, 0, 3, 5, 3, 12, 31, 41, 58, 59, 76, 96, 101, 127, 127, 127, 127, 119, 121, 127, 89, 73, 66, 44, 40, 29, 11, 13, 12, 17, 8, 3, 0, 0, 13, 9, 19, 35, 48, 62, 71, 85, 97, 105, 117, 123, 127, 127, 127, 125, 122, 121, 110, 107, 73, 65]"
In-Distribution,10,exact_guidance_u,201,0,97,96,"[129, 65, 55, 50, 40, 26, 23, 19, 11, 7, 0, 2, 0, 3, 12, 22, 37, 42, 79, 99, 96, 111, 121, 116, 127, 127, 127, 124, 114, 116, 111, 96, 44, 43, 44, 31, 18, 10, 5, 0, 0, 0, 0, 3, 5, 3, 12, 31, 41, 58, 59, 76, 96, 101, 127, 127, 127, 127, 119, 121, 127, 89, 73, 66, 44, 40, 29, 11, 13, 12, 17, 8, 3, 0, 0, 13, 9, 19, 35, 48, 62, 71, 85, 97, 105, 117, 123, 127, 127, 127, 125, 122, 121, 110, 107, 73, 65]","[65, 55, 50, 40, 26, 23, 19, 11, 7, 0, 2, 0, 3, 12, 22, 37, 42, 79, 99, 96, 111, 121, 116, 127, 127, 127, 124, 114, 116, 111, 96, 44, 43, 44, 31, 18, 10, 5, 0, 0, 0, 0, 3, 5, 3, 12, 31, 41, 58, 59, 76, 96, 101, 127, 127, 127, 127, 119, 121, 127, 89, 73, 66, 44, 40, 29, 11, 13, 12, 17, 8, 3, 0, 0, 13, 9, 19, 35, 48, 62, 71, 85, 97, 105, 117, 123, 127, 127, 127, 125, 122, 121, 110, 107, 73, 65]"
In-Distribution,10,exact_guidance_u,202,0,97,96,"[129, 65, 55, 50, 40, 26, 23, 19, 11, 7, 0, 2, 0, 3, 12, 22, 37, 42, 79, 99, 96, 111, 121, 116, 127, 127, 127, 124, 114, 116, 111, 96, 44, 43, 44, 31, 18, 10, 5, 0, 0, 0, 0, 3, 5, 3, 12, 31, 41, 58, 59, 76, 96, 101, 127, 127, 127, 127, 119, 121, 127, 89, 73, 66, 44, 40, 29, 11, 13, 12, 17, 8, 3, 0, 0, 13, 9, 19, 35, 48, 62, 71, 85, 97, 105, 117, 123, 127, 127, 127, 125, 122, 121, 110, 107, 73, 65]","[65, 55, 50, 40, 26, 23, 19, 11, 7, 0, 2, 0, 3, 12, 22, 37, 42, 79, 99, 96, 111, 121, 116, 127, 127, 127, 124, 114, 116, 111, 96, 44, 43, 44, 31, 18, 10, 5, 0, 0, 0, 0, 3, 5, 3, 12, 31, 41, 58, 59, 76, 96, 101, 127, 127, 127, 127, 119, 121, 127, 89, 73, 66, 44, 40, 29, 11, 13, 12, 17, 8, 3, 0, 0, 13, 9, 19, 35, 48, 62, 71, 85, 97, 105, 117, 123, 127, 127, 127, 125, 122, 121, 110, 107, 73, 65]"
In-Distribution,10,exact_guidance_u,203,0,97,96,"[129, 65, 55, 50, 40, 26, 23, 19, 11, 7, 0, 2, 0, 3, 12, 22, 37, 42, 79, 99, 96, 111, 121, 116, 127, 127, 127, 124, 114, 116, 111, 96, 44, 43, 44, 31, 18, 10, 5, 0, 0, 0, 0, 3, 5, 3, 12, 31, 41, 58, 59, 76, 96, 101, 127, 127, 127, 127, 119, 121, 127, 89, 73, 66, 44, 40, 29, 11, 13, 12, 17, 8, 3, 0, 0, 13, 9, 19, 35, 48, 62, 71, 85, 97, 105, 117, 123, 127, 127, 127, 125, 122, 121, 110, 107, 73, 65]","[65, 55, 50, 40, 26, 23, 19, 11, 7, 0, 2, 0, 3, 12, 22, 37, 42, 79, 99, 96, 111, 121, 116, 127, 127, 127, 124, 114, 116, 111, 96, 44, 43, 44, 31, 18, 10, 5, 0, 0, 0, 0, 3, 5, 3, 12, 31, 41, 58, 59, 76, 96, 101, 127, 127, 127, 127, 119, 121, 127, 89, 73, 66, 44, 40, 29, 11, 13, 12, 17, 8, 3, 0, 0, 13, 9, 19, 35, 48, 62, 71, 85, 97, 105, 117, 123, 127, 127, 127, 125, 122, 121, 110, 107, 73, 65]"
In-Distribution,10,exact_guidance_u,204,0,97,96,"[129, 65, 55, 50, 40, 26, 23, 19, 11, 7, 0, 2, 0, 3, 12, 22, 37, 42, 79, 99, 96, 111, 121, 116, 127, 127, 127, 124, 114, 116, 111, 96, 44, 43, 44, 31, 18, 10, 5, 0, 0, 0, 0, 3, 5, 3, 12, 31, 41, 58, 59, 76, 96, 101, 127, 127, 127, 127, 119, 121, 127, 89, 73, 66, 44, 40, 29, 11, 13, 12, 17, 8, 3, 0, 0, 13, 9, 19, 35, 48, 62, 71, 85, 97, 105, 117, 123, 127, 127, 127, 125, 122, 121, 110, 107, 73, 65]","[65, 55, 50, 40, 26, 23, 19, 11, 7, 0, 2, 0, 3, 12, 22, 37, 42, 79, 99, 96, 111, 121, 116, 127, 127, 127, 124, 114, 116, 111, 96, 44, 43, 44, 31, 18, 10, 5, 0, 0, 0, 0, 3, 5, 3, 12, 31, 41, 58, 59, 76, 96, 101, 127, 127, 127, 127, 119, 121, 127, 89, 73, 66, 44, 40, 29, 11, 13, 12, 17, 8, 3, 0, 0, 13, 9, 19, 35, 48, 62, 71, 85, 97, 105, 117, 123, 127, 127, 127, 125, 122, 121, 110, 107, 73, 65]"
In-Distribution,10,exact_guidance_u,205,0,97,96,"[129, 65, 55, 50, 40, 26, 23, 19, 11, 7, 0, 2, 0, 3, 12, 22, 37, 42, 79, 99, 96, 111, 121, 116, 127, 127, 127, 124, 114, 116, 111, 96, 44, 43, 44, 31, 18, 10, 5, 0, 0, 0, 0, 3, 5, 3, 12, 31, 41, 58, 59, 76, 96, 101, 127, 127, 127, 127, 119, 121, 127, 89, 73, 66, 44, 40, 29, 11, 13, 12, 17, 8, 3, 0, 0, 13, 9, 19, 35, 48, 62, 71, 85, 97, 105, 117, 123, 127, 127, 127, 125, 122, 121, 110, 107, 73, 65]","[65, 55, 50, 40, 26, 23, 19, 11, 7, 0, 2, 0, 3, 12, 22, 37, 42, 79, 99, 96, 111, 121, 116, 127, 127, 127, 124, 114, 116, 111, 96, 44, 43, 44, 31, 18, 10, 5, 0, 0, 0, 0, 3, 5, 3, 12, 31, 41, 58, 59, 76, 96, 101, 127, 127, 127, 127, 119, 121, 127, 89, 73, 66, 44, 40, 29, 11, 13, 12, 17, 8, 3, 0, 0, 13, 9, 19, 35, 48, 62, 71, 85, 97, 105, 117, 123, 127, 127, 127, 125, 122, 121, 110, 107, 73, 65]"
In-Distribution,10,exact_guidance_u,206,0,97,96,"[129, 65, 55, 50, 40, 26, 23, 19, 11, 7, 0, 2, 0, 3, 12, 22, 37, 42, 79, 99, 96, 111, 121, 116, 127, 127, 127, 124, 114, 116, 111, 96, 44, 43, 44, 31, 18, 10, 5, 0, 0, 0, 0, 3, 5, 3, 12, 31, 41, 58, 59, 76, 96, 101, 127, 127, 127, 127, 119, 121, 127, 89, 73, 66, 44, 40, 29, 11, 13, 12, 17, 8, 3, 0, 0, 13, 9, 19, 35, 48, 62, 71, 85, 97, 105, 117, 123, 127, 127, 127, 125, 122, 121, 110, 107, 73, 65]","[65, 55, 50, 40, 26, 23, 19, 11, 7, 0, 2, 0, 3, 12, 22, 37, 42, 79, 99, 96, 111, 121, 116, 127, 127, 127, 124, 114, 116, 111, 96, 44, 43, 44, 31, 18, 10, 5, 0, 0, 0, 0, 3, 5, 3, 12, 31, 41, 58, 59, 76, 96, 101, 127, 127, 127, 127, 119, 121, 127, 89, 73, 66, 44, 40, 29, 11, 13, 12, 17, 8, 3, 0, 0, 13, 9, 19, 35, 48, 62, 71, 85, 97, 105, 117, 123, 127, 127, 127, 125, 122, 121, 110, 107, 73, 65]"
In-Distribution,10,exact_guidance_u,207,0,97,96,"[129, 65, 55, 50, 40, 26, 23, 19, 11, 7, 0, 2, 0, 3, 12, 22, 37, 42, 79, 99, 96, 111, 121, 116, 127, 127, 127, 124, 114, 116, 111, 96, 44, 43, 44, 31, 18, 10, 5, 0, 0, 0, 0, 3, 5, 3, 12, 31, 41, 58, 59, 76, 96, 101, 127, 127, 127, 127, 119, 121, 127, 89, 73, 66, 44, 40, 29, 11, 13, 12, 17, 8, 3, 0, 0, 13, 9, 19, 35, 48, 62, 71, 85, 97, 105, 117, 123, 127, 127, 127, 125, 122, 121, 110, 107, 73, 65]","[65, 55, 50, 40, 26, 23, 19, 11, 7, 0, 2, 0, 3, 12, 22, 37, 42, 79, 99, 96, 111, 121, 116, 127, 127, 127, 124, 114, 116, 111, 96, 44, 43, 44, 31, 18, 10, 5, 0, 0, 0, 0, 3, 5, 3, 12, 31, 41, 58, 59, 76, 96, 101, 127, 127, 127, 127, 119, 121, 127, 89, 73, 66, 44, 40, 29, 11, 13, 12, 17, 8, 3, 0, 0, 13, 9, 19, 35, 48, 62, 71, 85, 97, 105, 117, 123, 127, 127, 127, 125, 122, 121, 110, 107, 73, 65]"
In-Distribution,10,exact_guidance_u,208,0,97,96,"[129, 65, 55, 50, 40, 26, 23, 19, 11, 7, 0, 2, 0, 3, 12, 22, 37, 42, 79, 99, 96, 111, 121, 116, 127, 127, 127, 124, 114, 116, 111, 96, 44, 43, 44, 31, 18, 10, 5, 0, 0, 0, 0, 3, 5, 3, 12, 31, 41, 58, 59, 76, 96, 101, 127, 127, 127, 127, 119, 121, 127, 89, 73, 66, 44, 40, 29, 11, 13, 12, 17, 8, 3, 0, 0, 13, 9, 19, 35, 48, 62, 71, 85, 97, 105, 117, 123, 127, 127, 127, 125, 122, 121, 110, 107, 73, 65]","[65, 55, 50, 40, 26, 23, 19, 11, 7, 0, 2, 0, 3, 12, 22, 37, 42, 79, 99, 96, 111, 121, 116, 127, 127, 127, 124, 114, 116, 111, 96, 44, 43, 44, 31, 18, 10, 5, 0, 0, 0, 0, 3, 5, 3, 12, 31, 41, 58, 59, 76, 96, 101, 127, 127, 127, 127, 119, 121, 127, 89, 73, 66, 44, 40, 29, 11, 13, 12, 17, 8, 3, 0, 0, 13, 9, 19, 35, 48, 62, 71, 85, 97, 105, 117, 123, 127, 127, 127, 125, 122, 121, 110, 107, 73, 65]"
In-Distribution,10,exact_guidance_u,209,0,97,96,"[129, 65, 55, 50, 40, 26, 23, 19, 11, 7, 0, 2, 0, 3, 12, 22, 37, 42, 79, 99, 96, 111, 121, 116, 127, 127, 127, 124, 114, 116, 111, 96, 44, 43, 44, 31, 18, 10, 5, 0, 0, 0, 0, 3, 5, 3, 12, 31, 41, 58, 59, 76, 96, 101, 127, 127, 127, 127, 119, 121, 127, 89, 73, 66, 44, 40, 29, 11, 13, 12, 17, 8, 3, 0, 0, 13, 9, 19, 35, 48, 62, 71, 85, 97, 105, 117, 123, 127, 127, 127, 125, 122, 121, 110, 107, 73, 65]","[65, 55, 50, 40, 26, 23, 19, 11, 7, 0, 2, 0, 3, 12, 22, 37, 42, 79, 99, 96, 111, 121, 116, 127, 127, 127, 124, 114, 116, 111, 96, 44, 43, 44, 31, 18, 10, 5, 0, 0, 0, 0, 3, 5, 3, 12, 31, 41, 58, 59, 76, 96, 101, 127, 127, 127, 127, 119, 121, 127, 89, 73, 66, 44, 40, 29, 11, 13, 12, 17, 8, 3, 0, 0, 13, 9, 19, 35, 48, 62, 71, 85, 97, 105, 117, 123, 127, 127, 127, 125, 122, 121, 110, 107, 73, 65]"
In-Distribution,10,exact_guidance_u,210,0,98,97,"[129, 65, 55, 50, 40, 26, 23, 19, 11, 7, 0, 2, 0, 3, 12, 22, 37, 42, 79, 99, 96, 111, 121, 116, 127, 127, 127, 124, 114, 116, 111, 96, 83, 44, 43, 44, 31, 18, 10, 5, 0, 0, 0, 0, 3, 5, 3, 12, 31, 41, 58, 59, 76, 96, 101, 127, 127, 127, 127, 119, 121, 127, 89, 73, 66, 44, 40, 29, 11, 13, 12, 17, 8, 3, 0, 0, 13, 9, 19, 35, 48, 62, 71, 85, 97, 105, 117, 123, 127, 127, 127, 125, 122, 121, 110, 107, 73, 65]","[65, 55, 50, 40, 26, 23, 19, 11, 7, 0, 2, 0, 3, 12, 22, 37, 42, 79, 99, 96, 111, 121, 116, 127, 127, 127, 124, 114, 116, 111, 96, 83, 44, 43, 44, 31, 18, 10, 5, 0, 0, 0, 0, 3, 5, 3, 12, 31, 41, 58, 59, 76, 96, 101, 127, 127, 127, 127, 119, 121, 127, 89, 73, 66, 44, 40, 29, 11, 13, 12, 17, 8, 3, 0, 0, 13, 9, 19, 35, 48, 62, 71, 85, 97, 105, 117, 123, 127, 127, 127, 125, 122, 121, 110, 107, 73, 65]"
In-Distribution,10,exact_guidance_u,211,0,98,97,"[129, 65, 55, 50, 40, 26, 23, 19, 11, 7, 0, 2, 0, 3, 12, 22, 37, 42, 79, 99, 96, 111, 121, 116, 127, 127, 127, 124, 114, 116, 111, 96, 83, 44, 43, 44, 31, 18, 10, 5, 0, 0, 0, 0, 3, 5, 3, 12, 31, 41, 58, 59, 76, 96, 101, 127, 127, 127, 127, 119, 121, 127, 89, 73, 66, 44, 40, 29, 11, 13, 12, 17, 8, 3, 0, 0, 13, 9, 19, 35, 48, 62, 71, 85, 97, 105, 117, 123, 127, 127, 127, 125, 122, 121, 110, 107, 73, 65]","[65, 55, 50, 40, 26, 23, 19, 11, 7, 0, 2, 0, 3, 12, 22, 37, 42, 79, 99, 96, 111, 121, 116, 127, 127, 127, 124, 114, 116, 111, 96, 83, 44, 43, 44, 31, 18, 10, 5, 0, 0, 0, 0, 3, 5, 3, 12, 31, 41, 58, 59, 76, 96, 101, 127, 127, 127, 127, 119, 121, 127, 89, 73, 66, 44, 40, 29, 11, 13, 12, 17, 8, 3, 0, 0, 13, 9, 19, 35, 48, 62, 71, 85, 97, 105, 117, 123, 127, 127, 127, 125, 122, 121, 110, 107, 73, 65]"
In-Distribution,10,exact_guidance_u,212,0,98,97,"[129, 65, 55, 50, 40, 26, 23, 19, 11, 7, 0, 2, 0, 3, 12, 22, 37, 42, 79, 99, 96, 111, 121, 116, 127, 127, 127, 124, 114, 116, 111, 96, 83, 44, 43, 44, 31, 18, 10, 5, 0, 0, 0, 0, 3, 5, 3, 12, 31, 41, 58, 59, 76, 96, 101, 127, 127, 127, 127, 119, 121, 127, 89, 73, 66, 44, 40, 29, 11, 13, 12, 17, 8, 3, 0, 0, 13, 9, 19, 35, 48, 62, 71, 85, 97, 105, 117, 123, 127, 127, 127, 125, 122, 121, 110, 107, 73, 65]","[65, 55, 50, 40, 26, 23, 19, 11, 7, 0, 2, 0, 3, 12, 22, 37, 42, 79, 99, 96, 111, 121, 116, 127, 127, 127, 124, 114, 116, 111, 96, 83, 44, 43, 44, 31, 18, 10, 5, 0, 0, 0, 0, 3, 5, 3, 12, 31, 41, 58, 59, 76, 96, 101, 127, 127, 127, 127, 119, 121, 127, 89, 73, 66, 44, 40, 29, 11, 13, 12, 17, 8, 3, 0, 0, 13, 9, 19, 35, 48, 62, 71, 85, 97, 105, 117, 123, 127, 127, 127, 125, 122, 121, 110, 107, 73, 65]"
In-Distribution,10,exact_guidance_u,213,0,98,97,"[129, 65, 55, 50, 40, 26, 23, 19, 11, 7, 0, 2, 0, 3, 12, 22, 37, 42, 79, 99, 96, 111, 121, 116, 127, 127, 127, 124, 114, 116, 111, 96, 83, 44, 43, 44, 31, 18, 10, 5, 0, 0, 0, 0, 3, 5, 3, 12, 31, 41, 58, 59, 76, 96, 101, 127, 127, 127, 127, 119, 121, 127, 89, 73, 66, 44, 40, 29, 11, 13, 12, 17, 8, 3, 0, 0, 13, 9, 19, 35, 48, 62, 71, 85, 97, 105, 117, 123, 127, 127, 127, 125, 122, 121, 110, 107, 73, 65]","[65, 55, 50, 40, 26, 23, 19, 11, 7, 0, 2, 0, 3, 12, 22, 37, 42, 79, 99, 96, 111, 121, 116, 127, 127, 127, 124, 114, 116, 111, 96, 83, 44, 43, 44, 31, 18, 10, 5, 0, 0, 0, 0, 3, 5, 3, 12, 31, 41, 58, 59, 76, 96, 101, 127, 127, 127, 127, 119, 121, 127, 89, 73, 66, 44, 40, 29, 11, 13, 12, 17, 8, 3, 0, 0, 13, 9, 19, 35, 48, 62, 71, 85, 97, 105, 117, 123, 127, 127, 127, 125, 122, 121, 110, 107, 73, 65]"
In-Distribution,10,exact_guidance_u,214,0,98,97,"[129, 65, 55, 50, 40, 26, 23, 19, 11, 7, 0, 2, 0, 3, 12, 22, 37, 42, 79, 99, 96, 111, 121, 116, 127, 127, 127, 124, 114, 116, 111, 96, 83, 44, 43, 44, 31, 18, 10, 5, 0, 0, 0, 0, 3, 5, 3, 12, 31, 41, 58, 59, 76, 96, 101, 127, 127, 127, 127, 119, 121, 127, 89, 73, 66, 44, 40, 29, 11, 13, 12, 17, 8, 3, 0, 0, 13, 9, 19, 35, 48, 62, 71, 85, 97, 105, 117, 123, 127, 127, 127, 125, 122, 121, 110, 107, 73, 65]","[65, 55, 50, 40, 26, 23, 19, 11, 7, 0, 2, 0, 3, 12, 22, 37, 42, 79, 99, 96, 111, 121, 116, 127, 127, 127, 124, 114, 116, 111, 96, 83, 44, 43, 44, 31, 18, 10, 5, 0, 0, 0, 0, 3, 5, 3, 12, 31, 41, 58, 59, 76, 96, 101, 127, 127, 127, 127, 119, 121, 127, 89, 73, 66, 44, 40, 29, 11, 13, 12, 17, 8, 3, 0, 0, 13, 9, 19, 35, 48, 62, 71, 85, 97, 105, 117, 123, 127, 127, 127, 125, 122, 121, 110, 107, 73, 65]"
In-Distribution,10,exact_guidance_u,215,0,98,97,"[129, 65, 55, 50, 40, 26, 23, 19, 11, 7, 0, 2, 0, 3, 12, 22, 37, 42, 79, 99, 96, 111, 121, 116, 127, 127, 127, 124, 114, 116, 111, 96, 83, 44, 43, 44, 31, 18, 10, 5, 0, 0, 0, 0, 3, 5, 3, 12, 31, 41, 58, 59, 76, 96, 101, 127, 127, 127, 127, 119, 121, 127, 89, 73, 66, 44, 40, 29, 11, 13, 12, 17, 8, 3, 0, 0, 13, 9, 19, 35, 48, 62, 71, 85, 97, 105, 117, 123, 127, 127, 127, 125, 122, 121, 110, 107, 73, 65]","[65, 55, 50, 40, 26, 23, 19, 11, 7, 0, 2, 0, 3, 12, 22, 37, 42, 79, 99, 96, 111, 121, 116, 127, 127, 127, 124, 114, 116, 111, 96, 83, 44, 43, 44, 31, 18, 10, 5, 0, 0, 0, 0, 3, 5, 3, 12, 31, 41, 58, 59, 76, 96, 101, 127, 127, 127, 127, 119, 121, 127, 89, 73, 66, 44, 40, 29, 11, 13, 12, 17, 8, 3, 0, 0, 13, 9, 19, 35, 48, 62, 71, 85, 97, 105, 117, 123, 127, 127, 127, 125, 122, 121, 110, 107, 73, 65]"
In-Distribution,10,exact_guidance_u,216,0,98,97,"[129, 65, 55, 50, 40, 26, 23, 19, 11, 7, 0, 2, 0, 3, 12, 22, 37, 42, 79, 99, 96, 111, 121, 116, 127, 127, 127, 124, 114, 116, 111, 96, 83, 44, 43, 44, 31, 18, 10, 5, 0, 0, 0, 0, 3, 5, 3, 12, 31, 41, 58, 59, 76, 96, 101, 127, 127, 127, 127, 119, 121, 127, 89, 73, 66, 44, 40, 29, 11, 13, 12, 17, 8, 3, 0, 0, 13, 9, 19, 35, 48, 62, 71, 85, 97, 105, 117, 123, 127, 127, 127, 125, 122, 121, 110, 107, 73, 65]","[65, 55, 50, 40, 26, 23, 19, 11, 7, 0, 2, 0, 3, 12, 22, 37, 42, 79, 99, 96, 111, 121, 116, 127, 127, 127, 124, 114, 116, 111, 96, 83, 44, 43, 44, 31, 18, 10, 5, 0, 0, 0, 0, 3, 5, 3, 12, 31, 41, 58, 59, 76, 96, 101, 127, 127, 127, 127, 119, 121, 127, 89, 73, 66, 44, 40, 29, 11, 13, 12, 17, 8, 3, 0, 0, 13, 9, 19, 35, 48, 62, 71, 85, 97, 105, 117, 123, 127, 127, 127, 125, 122, 121, 110, 107, 73, 65]"
In-Distribution,10,exact_guidance_u,217,0,98,97,"[129, 65, 55, 50, 40, 26, 23, 19, 11, 7, 0, 2, 0, 3, 12, 22, 37, 42, 79, 99, 96, 111, 121, 116, 127, 127, 127, 124, 114, 116, 111, 96, 83, 44, 43, 44, 31, 18, 10, 5, 0, 0, 0, 0, 3, 5, 3, 12, 31, 41, 58, 59, 76, 96, 101, 127, 127, 127, 127, 119, 121, 127, 89, 73, 66, 44, 40, 29, 11, 13, 12, 17, 8, 3, 0, 0, 13, 9, 19, 35, 48, 62, 71, 85, 97, 105, 117, 123, 127, 127, 127, 125, 122, 121, 110, 107, 73, 65]","[65, 55, 50, 40, 26, 23, 19, 11, 7, 0, 2, 0, 3, 12, 22, 37, 42, 79, 99, 96, 111, 121, 116, 127, 127, 127, 124, 114, 116, 111, 96, 83, 44, 43, 44, 31, 18, 10, 5, 0, 0, 0, 0, 3, 5, 3, 12, 31, 41, 58, 59, 76, 96, 101, 127, 127, 127, 127, 119, 121, 127, 89, 73, 66, 44, 40, 29, 11, 13, 12, 17, 8, 3, 0, 0, 13, 9, 19, 35, 48, 62, 71, 85, 97, 105, 117, 123, 127, 127, 127, 125, 122, 121, 110, 107, 73, 65]"
In-Distribution,10,exact_guidance_u,218,0,98,97,"[129, 65, 55, 50, 40, 26, 23, 19, 11, 7, 0, 2, 0, 3, 12, 22, 37, 42, 79, 99, 96, 111, 121, 116, 127, 127, 127, 124, 114, 116, 111, 96, 83, 44, 43, 44, 31, 18, 10, 5, 0, 0, 0, 0, 3, 5, 3, 12, 31, 41, 58, 59, 76, 96, 101, 127, 127, 127, 127, 119, 121, 127, 89, 73, 66, 44, 40, 29, 11, 13, 12, 17, 8, 3, 0, 0, 13, 9, 19, 35, 48, 62, 71, 85, 97, 105, 117, 123, 127, 127, 127, 125, 122, 121, 110, 107, 73, 65]","[65, 55, 50, 40, 26, 23, 19, 11, 7, 0, 2, 0, 3, 12, 22, 37, 42, 79, 99, 96, 111, 121, 116, 127, 127, 127, 124, 114, 116, 111, 96, 83, 44, 43, 44, 31, 18, 10, 5, 0, 0, 0, 0, 3, 5, 3, 12, 31, 41, 58, 59, 76, 96, 101, 127, 127, 127, 127, 119, 121, 127, 89, 73, 66, 44, 40, 29, 11, 13, 12, 17, 8, 3, 0, 0, 13, 9, 19, 35, 48, 62, 71, 85, 97, 105, 117, 123, 127, 127, 127, 125, 122, 121, 110, 107, 73, 65]"
In-Distribution,10,exact_guidance_u,219,0,98,97,"[129, 65, 55, 50, 40, 26, 23, 19, 11, 7, 0, 2, 0, 3, 12, 22, 37, 42, 79, 99, 96, 111, 121, 116, 127, 127, 127, 124, 114, 116, 111, 96, 83, 44, 43, 44, 31, 18, 10, 5, 0, 0, 0, 0, 3, 5, 3, 12, 31, 41, 58, 59, 76, 96, 101, 127, 127, 127, 127, 119, 121, 127, 89, 73, 66, 44, 40, 29, 11, 13, 12, 17, 8, 3, 0, 0, 13, 9, 19, 35, 48, 62, 71, 85, 97, 105, 117, 123, 127, 127, 127, 125, 122, 121, 110, 107, 73, 65]","[65, 55, 50, 40, 26, 23, 19, 11, 7, 0, 2, 0, 3, 12, 22, 37, 42, 79, 99, 96, 111, 121, 116, 127, 127, 127, 124, 114, 116, 111, 96, 83, 44, 43, 44, 31, 18, 10, 5, 0, 0, 0, 0, 3, 5, 3, 12, 31, 41, 58, 59, 76, 96, 101, 127, 127, 127, 127, 119, 121, 127, 89, 73, 66, 44, 40, 29, 11, 13, 12, 17, 8, 3, 0, 0, 13, 9, 19, 35, 48, 62, 71, 85, 97, 105, 117, 123, 127, 127, 127, 125, 122, 121, 110, 107, 73, 65]"
In-Distribution,10,exact_guidance_u,220,0,98,97,"[129, 65, 55, 50, 40, 26, 23, 19, 11, 7, 0, 2, 0, 3, 12, 22, 37, 42, 79, 99, 96, 111, 121, 116, 127, 127, 127, 124, 114, 116, 111, 96, 83, 44, 43, 44, 31, 18, 10, 5, 0, 0, 0, 0, 3, 5, 3, 12, 31, 41, 58, 59, 76, 96, 101, 127, 127, 127, 127, 119, 121, 127, 89, 73, 66, 44, 40, 29, 11, 13, 12, 17, 8, 3, 0, 0, 13, 9, 19, 35, 48, 62, 71, 85, 97, 105, 117, 123, 127, 127, 127, 125, 122, 121, 110, 107, 73, 65]","[65, 55, 50, 40, 26, 23, 19, 11, 7, 0, 2, 0, 3, 12, 22, 37, 42, 79, 99, 96, 111, 121, 116, 127, 127, 127, 124, 114, 116, 111, 96, 83, 44, 43, 44, 31, 18, 10, 5, 0, 0, 0, 0, 3, 5, 3, 12, 31, 41, 58, 59, 76, 96, 101, 127, 127, 127, 127, 119, 121, 127, 89, 73, 66, 44, 40, 29, 11, 13, 12, 17, 8, 3, 0, 0, 13, 9, 19, 35, 48, 62, 71, 85, 97, 105, 117, 123, 127, 127, 127, 125, 122, 121, 110, 107, 73, 65]"
In-Distribution,10,exact_guidance_u,221,0,99,98,"[129, 110, 65, 55, 50, 40, 26, 23, 19, 11, 7, 0, 2, 0, 3, 12, 22, 37, 42, 79, 99, 96, 111, 121, 116, 127, 127, 127, 124, 114, 116, 111, 96, 83, 44, 43, 44, 31, 18, 10, 5, 0, 0, 0, 0, 3, 5, 3, 12, 31, 41, 58, 59, 76, 96, 101, 127, 127, 127, 127, 119, 121, 127, 89, 73, 66, 44, 40, 29, 11, 13, 12, 17, 8, 3, 0, 0, 13, 9, 19, 35, 48, 62, 71, 85, 97, 105, 117, 123, 127, 127, 127, 125, 122, 121, 110, 107, 73, 65]","[110, 65, 55, 50, 40, 26, 23, 19, 11, 7, 0, 2, 0, 3, 12, 22, 37, 42, 79, 99, 96, 111, 121, 116, 127, 127, 127, 124, 114, 116, 111, 96, 83, 44, 43, 44, 31, 18, 10, 5, 0, 0, 0, 0, 3, 5, 3, 12, 31, 41, 58, 59, 76, 96, 101, 127, 127, 127, 127, 119, 121, 127, 89, 73, 66, 44, 40, 29, 11, 13, 12, 17, 8, 3, 0, 0, 13, 9, 19, 35, 48, 62, 71, 85, 97, 105, 117, 123, 127, 127, 127, 125, 122, 121, 110, 107, 73, 65]"
In-Distribution,10,exact_guidance_u,222,0,99,98,"[129, 110, 65, 55, 50, 40, 26, 23, 19, 11, 7, 0, 2, 0, 3, 12, 22, 37, 42, 79, 99, 96, 111, 121, 116, 127, 127, 127, 124, 114, 116, 111, 96, 83, 44, 43, 44, 31, 18, 10, 5, 0, 0, 0, 0, 3, 5, 3, 12, 31, 41, 58, 59, 76, 96, 101, 127, 127, 127, 127, 119, 121, 127, 89, 73, 66, 44, 40, 29, 11, 13, 12, 17, 8, 3, 0, 0, 13, 9, 19, 35, 48, 62, 71, 85, 97, 105, 117, 123, 127, 127, 127, 125, 122, 121, 110, 107, 73, 65]","[110, 65, 55, 50, 40, 26, 23, 19, 11, 7, 0, 2, 0, 3, 12, 22, 37, 42, 79, 99, 96, 111, 121, 116, 127, 127, 127, 124, 114, 116, 111, 96, 83, 44, 43, 44, 31, 18, 10, 5, 0, 0, 0, 0, 3, 5, 3, 12, 31, 41, 58, 59, 76, 96, 101, 127, 127, 127, 127, 119, 121, 127, 89, 73, 66, 44, 40, 29, 11, 13, 12, 17, 8, 3, 0, 0, 13, 9, 19, 35, 48, 62, 71, 85, 97, 105, 117, 123, 127, 127, 127, 125, 122, 121, 110, 107, 73, 65]"
In-Distribution,10,exact_guidance_u,223,0,99,98,"[129, 110, 65, 55, 50, 40, 26, 23, 19, 11, 7, 0, 2, 0, 3, 12, 22, 37, 42, 79, 99, 96, 111, 121, 116, 127, 127, 127, 124, 114, 116, 111, 96, 83, 44, 43, 44, 31, 18, 10, 5, 0, 0, 0, 0, 3, 5, 3, 12, 31, 41, 58, 59, 76, 96, 101, 127, 127, 127, 127, 119, 121, 127, 89, 73, 66, 44, 40, 29, 11, 13, 12, 17, 8, 3, 0, 0, 13, 9, 19, 35, 48, 62, 71, 85, 97, 105, 117, 123, 127, 127, 127, 125, 122, 121, 110, 107, 73, 65]","[110, 65, 55, 50, 40, 26, 23, 19, 11, 7, 0, 2, 0, 3, 12, 22, 37, 42, 79, 99, 96, 111, 121, 116, 127, 127, 127, 124, 114, 116, 111, 96, 83, 44, 43, 44, 31, 18, 10, 5, 0, 0, 0, 0, 3, 5, 3, 12, 31, 41, 58, 59, 76, 96, 101, 127, 127, 127, 127, 119, 121, 127, 89, 73, 66, 44, 40, 29, 11, 13, 12, 17, 8, 3, 0, 0, 13, 9, 19, 35, 48, 62, 71, 85, 97, 105, 117, 123, 127, 127, 127, 125, 122, 121, 110, 107, 73, 65]"
In-Distribution,10,exact_guidance_u,224,0,99,98,"[129, 110, 65, 55, 50, 40, 26, 23, 19, 11, 7, 0, 2, 0, 3, 12, 22, 37, 42, 79, 99, 96, 111, 121, 116, 127, 127, 127, 124, 114, 116, 111, 96, 83, 44, 43, 44, 31, 18, 10, 5, 0, 0, 0, 0, 3, 5, 3, 12, 31, 41, 58, 59, 76, 96, 101, 127, 127, 127, 127, 119, 121, 127, 89, 73, 66, 44, 40, 29, 11, 13, 12, 17, 8, 3, 0, 0, 13, 9, 19, 35, 48, 62, 71, 85, 97, 105, 117, 123, 127, 127, 127, 125, 122, 121, 110, 107, 73, 65]","[110, 65, 55, 50, 40, 26, 23, 19, 11, 7, 0, 2, 0, 3, 12, 22, 37, 42, 79, 99, 96, 111, 121, 116, 127, 127, 127, 124, 114, 116, 111, 96, 83, 44, 43, 44, 31, 18, 10, 5, 0, 0, 0, 0, 3, 5, 3, 12, 31, 41, 58, 59, 76, 96, 101, 127, 127, 127, 127, 119, 121, 127, 89, 73, 66, 44, 40, 29, 11, 13, 12, 17, 8, 3, 0, 0, 13, 9, 19, 35, 48, 62, 71, 85, 97, 105, 117, 123, 127, 127, 127, 125, 122, 121, 110, 107, 73, 65]"
In-Distribution,10,exact_guidance_u,225,0,99,98,"[129, 110, 65, 55, 50, 40, 26, 23, 19, 11, 7, 0, 2, 0, 3, 12, 22, 37, 42, 79, 99, 96, 111, 121, 116, 127, 127, 127, 124, 114, 116, 111, 96, 83, 44, 43, 44, 31, 18, 10, 5, 0, 0, 0, 0, 3, 5, 3, 12, 31, 41, 58, 59, 76, 96, 101, 127, 127, 127, 127, 119, 121, 127, 89, 73, 66, 44, 40, 29, 11, 13, 12, 17, 8, 3, 0, 0, 13, 9, 19, 35, 48, 62, 71, 85, 97, 105, 117, 123, 127, 127, 127, 125, 122, 121, 110, 107, 73, 65]","[110, 65, 55, 50, 40, 26, 23, 19, 11, 7, 0, 2, 0, 3, 12, 22, 37, 42, 79, 99, 96, 111, 121, 116, 127, 127, 127, 124, 114, 116, 111, 96, 83, 44, 43, 44, 31, 18, 10, 5, 0, 0, 0, 0, 3, 5, 3, 12, 31, 41, 58, 59, 76, 96, 101, 127, 127, 127, 127, 119, 121, 127, 89, 73, 66, 44, 40, 29, 11, 13, 12, 17, 8, 3, 0, 0, 13, 9, 19, 35, 48, 62, 71, 85, 97, 105, 117, 123, 127, 127, 127, 125, 122, 121, 110, 107, 73, 65]"
In-Distribution,10,exact_guidance_u,226,0,99,98,"[129, 110, 65, 55, 50, 40, 26, 23, 19, 11, 7, 0, 2, 0, 3, 12, 22, 37, 42, 79, 99, 96, 111, 121, 116, 127, 127, 127, 124, 114, 116, 111, 96, 83, 44, 43, 44, 31, 18, 10, 5, 0, 0, 0, 0, 3, 5, 3, 12, 31, 41, 58, 59, 76, 96, 101, 127, 127, 127, 127, 119, 121, 127, 89, 73, 66, 44, 40, 29, 11, 13, 12, 17, 8, 3, 0, 0, 13, 9, 19, 35, 48, 62, 71, 85, 97, 105, 117, 123, 127, 127, 127, 125, 122, 121, 110, 107, 73, 65]","[110, 65, 55, 50, 40, 26, 23, 19, 11, 7, 0, 2, 0, 3, 12, 22, 37, 42, 79, 99, 96, 111, 121, 116, 127, 127, 127, 124, 114, 116, 111, 96, 83, 44, 43, 44, 31, 18, 10, 5, 0, 0, 0, 0, 3, 5, 3, 12, 31, 41, 58, 59, 76, 96, 101, 127, 127, 127, 127, 119, 121, 127, 89, 73, 66, 44, 40, 29, 11, 13, 12, 17, 8, 3, 0, 0, 13, 9, 19, 35, 48, 62, 71, 85, 97, 105, 117, 123, 127, 127, 127, 125, 122, 121, 110, 107, 73, 65]"
In-Distribution,10,exact_guidance_u,227,0,99,98,"[129, 110, 65, 55, 50, 40, 26, 23, 19, 11, 7, 0, 2, 0, 3, 12, 22, 37, 42, 79, 99, 96, 111, 121, 116, 127, 127, 127, 124, 114, 116, 111, 96, 83, 44, 43, 44, 31, 18, 10, 5, 0, 0, 0, 0, 3, 5, 3, 12, 31, 41, 58, 59, 76, 96, 101, 127, 127, 127, 127, 119, 121, 127, 89, 73, 66, 44, 40, 29, 11, 13, 12, 17, 8, 3, 0, 0, 13, 9, 19, 35, 48, 62, 71, 85, 97, 105, 117, 123, 127, 127, 127, 125, 122, 121, 110, 107, 73, 65]","[110, 65, 55, 50, 40, 26, 23, 19, 11, 7, 0, 2, 0, 3, 12, 22, 37, 42, 79, 99, 96, 111, 121, 116, 127, 127, 127, 124, 114, 116, 111, 96, 83, 44, 43, 44, 31, 18, 10, 5, 0, 0, 0, 0, 3, 5, 3, 12, 31, 41, 58, 59, 76, 96, 101, 127, 127, 127, 127, 119, 121, 127, 89, 73, 66, 44, 40, 29, 11, 13, 12, 17, 8, 3, 0, 0, 13, 9, 19, 35, 48, 62, 71, 85, 97, 105, 117, 123, 127, 127, 127, 125, 122, 121, 110, 107, 73, 65]"
In-Distribution,10,exact_guidance_u,228,0,100,99,"[129, 110, 83, 65, 55, 50, 40, 26, 23, 19, 11, 7, 0, 2, 0, 3, 12, 22, 37, 42, 79, 99, 96, 111, 121, 116, 127, 127, 127, 124, 114, 116, 111, 96, 83, 44, 43, 44, 31, 18, 10, 5, 0, 0, 0, 0, 3, 5, 3, 12, 31, 41, 58, 59, 76, 96, 101, 127, 127, 127, 127, 119, 121, 127, 89, 73, 66, 44, 40, 29, 11, 13, 12, 17, 8, 3, 0, 0, 13, 9, 19, 35, 48, 62, 71, 85, 97, 105, 117, 123, 127, 127, 127, 125, 122, 121, 110, 107, 73, 65]","[110, 83, 65, 55, 50, 40, 26, 23, 19, 11, 7, 0, 2, 0, 3, 12, 22, 37, 42, 79, 99, 96, 111, 121, 116, 127, 127, 127, 124, 114, 116, 111, 96, 83, 44, 43, 44, 31, 18, 10, 5, 0, 0, 0, 0, 3, 5, 3, 12, 31, 41, 58, 59, 76, 96, 101, 127, 127, 127, 127, 119, 121, 127, 89, 73, 66, 44, 40, 29, 11, 13, 12, 17, 8, 3, 0, 0, 13, 9, 19, 35, 48, 62, 71, 85, 97, 105, 117, 123, 127, 127, 127, 125, 122, 121, 110, 107, 73, 65]"
In-Distribution,10,exact_guidance_u,229,0,100,99,"[129, 110, 83, 65, 55, 50, 40, 26, 23, 19, 11, 7, 0, 2, 0, 3, 12, 22, 37, 42, 79, 99, 96, 111, 121, 116, 127, 127, 127, 124, 114, 116, 111, 96, 83, 44, 43, 44, 31, 18, 10, 5, 0, 0, 0, 0, 3, 5, 3, 12, 31, 41, 58, 59, 76, 96, 101, 127, 127, 127, 127, 119, 121, 127, 89, 73, 66, 44, 40, 29, 11, 13, 12, 17, 8, 3, 0, 0, 13, 9, 19, 35, 48, 62, 71, 85, 97, 105, 117, 123, 127, 127, 127, 125, 122, 121, 110, 107, 73, 65]","[110, 83, 65, 55, 50, 40, 26, 23, 19, 11, 7, 0, 2, 0, 3, 12, 22, 37, 42, 79, 99, 96, 111, 121, 116, 127, 127, 127, 124, 114, 116, 111, 96, 83, 44, 43, 44, 31, 18, 10, 5, 0, 0, 0, 0, 3, 5, 3, 12, 31, 41, 58, 59, 76, 96, 101, 127, 127, 127, 127, 119, 121, 127, 89, 73, 66, 44, 40, 29, 11, 13, 12, 17, 8, 3, 0, 0, 13, 9, 19, 35, 48, 62, 71, 85, 97, 105, 117, 123, 127, 127, 127, 125, 122, 121, 110, 107, 73, 65]"
In-Distribution,10,exact_guidance_u,230,0,100,99,"[129, 110, 83, 65, 55, 50, 40, 26, 23, 19, 11, 7, 0, 2, 0, 3, 12, 22, 37, 42, 79, 99, 96, 111, 121, 116, 127, 127, 127, 124, 114, 116, 111, 96, 83, 44, 43, 44, 31, 18, 10, 5, 0, 0, 0, 0, 3, 5, 3, 12, 31, 41, 58, 59, 76, 96, 101, 127, 127, 127, 127, 119, 121, 127, 89, 73, 66, 44, 40, 29, 11, 13, 12, 17, 8, 3, 0, 0, 13, 9, 19, 35, 48, 62, 71, 85, 97, 105, 117, 123, 127, 127, 127, 125, 122, 121, 110, 107, 73, 65]","[110, 83, 65, 55, 50, 40, 26, 23, 19, 11, 7, 0, 2, 0, 3, 12, 22, 37, 42, 79, 99, 96, 111, 121, 116, 127, 127, 127, 124, 114, 116, 111, 96, 83, 44, 43, 44, 31, 18, 10, 5, 0, 0, 0, 0, 3, 5, 3, 12, 31, 41, 58, 59, 76, 96, 101, 127, 127, 127, 127, 119, 121, 127, 89, 73, 66, 44, 40, 29, 11, 13, 12, 17, 8, 3, 0, 0, 13, 9, 19, 35, 48, 62, 71, 85, 97, 105, 117, 123, 127, 127, 127, 125, 122, 121, 110, 107, 73, 65]"
In-Distribution,10,exact_guidance_u,231,0,100,99,"[129, 110, 83, 65, 55, 50, 40, 26, 23, 19, 11, 7, 0, 2, 0, 3, 12, 22, 37, 42, 79, 99, 96, 111, 121, 116, 127, 127, 127, 124, 114, 116, 111, 96, 83, 44, 43, 44, 31, 18, 10, 5, 0, 0, 0, 0, 3, 5, 3, 12, 31, 41, 58, 59, 76, 96, 101, 127, 127, 127, 127, 119, 121, 127, 89, 73, 66, 44, 40, 29, 11, 13, 12, 17, 8, 3, 0, 0, 13, 9, 19, 35, 48, 62, 71, 85, 97, 105, 117, 123, 127, 127, 127, 125, 122, 121, 110, 107, 73, 65]","[110, 83, 65, 55, 50, 40, 26, 23, 19, 11, 7, 0, 2, 0, 3, 12, 22, 37, 42, 79, 99, 96, 111, 121, 116, 127, 127, 127, 124, 114, 116, 111, 96, 83, 44, 43, 44, 31, 18, 10, 5, 0, 0, 0, 0, 3, 5, 3, 12, 31, 41, 58, 59, 76, 96, 101, 127, 127, 127, 127, 119, 121, 127, 89, 73, 66, 44, 40, 29, 11, 13, 12, 17, 8, 3, 0, 0, 13, 9, 19, 35, 48, 62, 71, 85, 97, 105, 117, 123, 127, 127, 127, 125, 122, 121, 110, 107, 73, 65]"
In-Distribution,10,exact_guidance_u,232,0,100,99,"[129, 110, 83, 65, 55, 50, 40, 26, 23, 19, 11, 7, 0, 2, 0, 3, 12, 22, 37, 42, 79, 99, 96, 111, 121, 116, 127, 127, 127, 124, 114, 116, 111, 96, 83, 44, 43, 44, 31, 18, 10, 5, 0, 0, 0, 0, 3, 5, 3, 12, 31, 41, 58, 59, 76, 96, 101, 127, 127, 127, 127, 119, 121, 127, 89, 73, 66, 44, 40, 29, 11, 13, 12, 17, 8, 3, 0, 0, 13, 9, 19, 35, 48, 62, 71, 85, 97, 105, 117, 123, 127, 127, 127, 125, 122, 121, 110, 107, 73, 65]","[110, 83, 65, 55, 50, 40, 26, 23, 19, 11, 7, 0, 2, 0, 3, 12, 22, 37, 42, 79, 99, 96, 111, 121, 116, 127, 127, 127, 124, 114, 116, 111, 96, 83, 44, 43, 44, 31, 18, 10, 5, 0, 0, 0, 0, 3, 5, 3, 12, 31, 41, 58, 59, 76, 96, 101, 127, 127, 127, 127, 119, 121, 127, 89, 73, 66, 44, 40, 29, 11, 13, 12, 17, 8, 3, 0, 0, 13, 9, 19, 35, 48, 62, 71, 85, 97, 105, 117, 123, 127, 127, 127, 125, 122, 121, 110, 107, 73, 65]"
In-Distribution,10,exact_guidance_u,233,0,100,99,"[129, 110, 83, 65, 55, 50, 40, 26, 23, 19, 11, 7, 0, 2, 0, 3, 12, 22, 37, 42, 79, 99, 96, 111, 121, 116, 127, 127, 127, 124, 114, 116, 111, 96, 83, 44, 43, 44, 31, 18, 10, 5, 0, 0, 0, 0, 3, 5, 3, 12, 31, 41, 58, 59, 76, 96, 101, 127, 127, 127, 127, 119, 121, 127, 89, 73, 66, 44, 40, 29, 11, 13, 12, 17, 8, 3, 0, 0, 13, 9, 19, 35, 48, 62, 71, 85, 97, 105, 117, 123, 127, 127, 127, 125, 122, 121, 110, 107, 73, 65]","[110, 83, 65, 55, 50, 40, 26, 23, 19, 11, 7, 0, 2, 0, 3, 12, 22, 37, 42, 79, 99, 96, 111, 121, 116, 127, 127, 127, 124, 114, 116, 111, 96, 83, 44, 43, 44, 31, 18, 10, 5, 0, 0, 0, 0, 3, 5, 3, 12, 31, 41, 58, 59, 76, 96, 101, 127, 127, 127, 127, 119, 121, 127, 89, 73, 66, 44, 40, 29, 11, 13, 12, 17, 8, 3, 0, 0, 13, 9, 19, 35, 48, 62, 71, 85, 97, 105, 117, 123, 127, 127, 127, 125, 122, 121, 110, 107, 73, 65]"
In-Distribution,10,exact_guidance_u,234,0,100,99,"[129, 110, 83, 65, 55, 50, 40, 26, 23, 19, 11, 7, 0, 2, 0, 3, 12, 22, 37, 42, 79, 99, 96, 111, 121, 116, 127, 127, 127, 124, 114, 116, 111, 96, 83, 44, 43, 44, 31, 18, 10, 5, 0, 0, 0, 0, 3, 5, 3, 12, 31, 41, 58, 59, 76, 96, 101, 127, 127, 127, 127, 119, 121, 127, 89, 73, 66, 44, 40, 29, 11, 13, 12, 17, 8, 3, 0, 0, 13, 9, 19, 35, 48, 62, 71, 85, 97, 105, 117, 123, 127, 127, 127, 125, 122, 121, 110, 107, 73, 65]","[110, 83, 65, 55, 50, 40, 26, 23, 19, 11, 7, 0, 2, 0, 3, 12, 22, 37, 42, 79, 99, 96, 111, 121, 116, 127, 127, 127, 124, 114, 116, 111, 96, 83, 44, 43, 44, 31, 18, 10, 5, 0, 0, 0, 0, 3, 5, 3, 12, 31, 41, 58, 59, 76, 96, 101, 127, 127, 127, 127, 119, 121, 127, 89, 73, 66, 44, 40, 29, 11, 13, 12, 17, 8, 3, 0, 0, 13, 9, 19, 35, 48, 62, 71, 85, 97, 105, 117, 123, 127, 127, 127, 125, 122, 121, 110, 107, 73, 65]"
In-Distribution,10,exact_guidance_u,235,0,100,99,"[129, 110, 83, 65, 55, 50, 40, 26, 23, 19, 11, 7, 0, 2, 0, 3, 12, 22, 37, 42, 79, 99, 96, 111, 121, 116, 127, 127, 127, 124, 114, 116, 111, 96, 83, 44, 43, 44, 31, 18, 10, 5, 0, 0, 0, 0, 3, 5, 3, 12, 31, 41, 58, 59, 76, 96, 101, 127, 127, 127, 127, 119, 121, 127, 89, 73, 66, 44, 40, 29, 11, 13, 12, 17, 8, 3, 0, 0, 13, 9, 19, 35, 48, 62, 71, 85, 97, 105, 117, 123, 127, 127, 127, 125, 122, 121, 110, 107, 73, 65]","[110, 83, 65, 55, 50, 40, 26, 23, 19, 11, 7, 0, 2, 0, 3, 12, 22, 37, 42, 79, 99, 96, 111, 121, 116, 127, 127, 127, 124, 114, 116, 111, 96, 83, 44, 43, 44, 31, 18, 10, 5, 0, 0, 0, 0, 3, 5, 3, 12, 31, 41, 58, 59, 76, 96, 101, 127, 127, 127, 127, 119, 121, 127, 89, 73, 66, 44, 40, 29, 11, 13, 12, 17, 8, 3, 0, 0, 13, 9, 19, 35, 48, 62, 71, 85, 97, 105, 117, 123, 127, 127, 127, 125, 122, 121, 110, 107, 73, 65]"
In-Distribution,10,exact_guidance_u,236,0,100,99,"[129, 110, 83, 65, 55, 50, 40, 26, 23, 19, 11, 7, 0, 2, 0, 3, 12, 22, 37, 42, 79, 99, 96, 111, 121, 116, 127, 127, 127, 124, 114, 116, 111, 96, 83, 44, 43, 44, 31, 18, 10, 5, 0, 0, 0, 0, 3, 5, 3, 12, 31, 41, 58, 59, 76, 96, 101, 127, 127, 127, 127, 119, 121, 127, 89, 73, 66, 44, 40, 29, 11, 13, 12, 17, 8, 3, 0, 0, 13, 9, 19, 35, 48, 62, 71, 85, 97, 105, 117, 123, 127, 127, 127, 125, 122, 121, 110, 107, 73, 65]","[110, 83, 65, 55, 50, 40, 26, 23, 19, 11, 7, 0, 2, 0, 3, 12, 22, 37, 42, 79, 99, 96, 111, 121, 116, 127, 127, 127, 124, 114, 116, 111, 96, 83, 44, 43, 44, 31, 18, 10, 5, 0, 0, 0, 0, 3, 5, 3, 12, 31, 41, 58, 59, 76, 96, 101, 127, 127, 127, 127, 119, 121, 127, 89, 73, 66, 44, 40, 29, 11, 13, 12, 17, 8, 3, 0, 0, 13, 9, 19, 35, 48, 62, 71, 85, 97, 105, 117, 123, 127, 127, 127, 125, 122, 121, 110, 107, 73, 65]"
In-Distribution,10,exact_guidance_u,237,0,100,99,"[129, 110, 83, 65, 55, 50, 40, 26, 23, 19, 11, 7, 0, 2, 0, 3, 12, 22, 37, 42, 79, 99, 96, 111, 121, 116, 127, 127, 127, 124, 114, 116, 111, 96, 83, 44, 43, 44, 31, 18, 10, 5, 0, 0, 0, 0, 3, 5, 3, 12, 31, 41, 58, 59, 76, 96, 101, 127, 127, 127, 127, 119, 121, 127, 89, 73, 66, 44, 40, 29, 11, 13, 12, 17, 8, 3, 0, 0, 13, 9, 19, 35, 48, 62, 71, 85, 97, 105, 117, 123, 127, 127, 127, 125, 122, 121, 110, 107, 73, 65]","[110, 83, 65, 55, 50, 40, 26, 23, 19, 11, 7, 0, 2, 0, 3, 12, 22, 37, 42, 79, 99, 96, 111, 121, 116, 127, 127, 127, 124, 114, 116, 111, 96, 83, 44, 43, 44, 31, 18, 10, 5, 0, 0, 0, 0, 3, 5, 3, 12, 31, 41, 58, 59, 76, 96, 101, 127, 127, 127, 127, 119, 121, 127, 89, 73, 66, 44, 40, 29, 11, 13, 12, 17, 8, 3, 0, 0, 13, 9, 19, 35, 48, 62, 71, 85, 97, 105, 117, 123, 127, 127, 127, 125, 122, 121, 110, 107, 73, 65]"
In-Distribution,10,exact_guidance_u,238,0,100,99,"[129, 110, 83, 65, 55, 50, 40, 26, 23, 19, 11, 7, 0, 2, 0, 3, 12, 22, 37, 42, 79, 99, 96, 111, 121, 116, 127, 127, 127, 124, 114, 116, 111, 96, 83, 44, 43, 44, 31, 18, 10, 5, 0, 0, 0, 0, 3, 5, 3, 12, 31, 41, 58, 59, 76, 96, 101, 127, 127, 127, 127, 119, 121, 127, 89, 73, 66, 44, 40, 29, 11, 13, 12, 17, 8, 3, 0, 0, 13, 9, 19, 35, 48, 62, 71, 85, 97, 105, 117, 123, 127, 127, 127, 125, 122, 121, 110, 107, 73, 65]","[110, 83, 65, 55, 50, 40, 26, 23, 19, 11, 7, 0, 2, 0, 3, 12, 22, 37, 42, 79, 99, 96, 111, 121, 116, 127, 127, 127, 124, 114, 116, 111, 96, 83, 44, 43, 44, 31, 18, 10, 5, 0, 0, 0, 0, 3, 5, 3, 12, 31, 41, 58, 59, 76, 96, 101, 127, 127, 127, 127, 119, 121, 127, 89, 73, 66, 44, 40, 29, 11, 13, 12, 17, 8, 3, 0, 0, 13, 9, 19, 35, 48, 62, 71, 85, 97, 105, 117, 123, 127, 127, 127, 125, 122, 121, 110, 107, 73, 65]"
In-Distribution,10,exact_guidance_u,239,0,100,99,"[129, 110, 83, 65, 55, 50, 40, 26, 23, 19, 11, 7, 0, 2, 0, 3, 12, 22, 37, 42, 79, 99, 96, 111, 121, 116, 127, 127, 127, 124, 114, 116, 111, 96, 83, 44, 43, 44, 31, 18, 10, 5, 0, 0, 0, 0, 3, 5, 3, 12, 31, 41, 58, 59, 76, 96, 101, 127, 127, 127, 127, 119, 121, 127, 89, 73, 66, 44, 40, 29, 11, 13, 12, 17, 8, 3, 0, 0, 13, 9, 19, 35, 48, 62, 71, 85, 97, 105, 117, 123, 127, 127, 127, 125, 122, 121, 110, 107, 73, 65]","[110, 83, 65, 55, 50, 40, 26, 23, 19, 11, 7, 0, 2, 0, 3, 12, 22, 37, 42, 79, 99, 96, 111, 121, 116, 127, 127, 127, 124, 114, 116, 111, 96, 83, 44, 43, 44, 31, 18, 10, 5, 0, 0, 0, 0, 3, 5, 3, 12, 31, 41, 58, 59, 76, 96, 101, 127, 127, 127, 127, 119, 121, 127, 89, 73, 66, 44, 40, 29, 11, 13, 12, 17, 8, 3, 0, 0, 13, 9, 19, 35, 48, 62, 71, 85, 97, 105, 117, 123, 127, 127, 127, 125, 122, 121, 110, 107, 73, 65]"
In-Distribution,10,exact_guidance_u,240,0,100,99,"[129, 110, 83, 65, 55, 50, 40, 26, 23, 19, 11, 7, 0, 2, 0, 3, 12, 22, 37, 42, 79, 99, 96, 111, 121, 116, 127, 127, 127, 124, 114, 116, 111, 96, 83, 44, 43, 44, 31, 18, 10, 5, 0, 0, 0, 0, 3, 5, 3, 12, 31, 41, 58, 59, 76, 96, 101, 127, 127, 127, 127, 119, 121, 127, 89, 73, 66, 44, 40, 29, 11, 13, 12, 17, 8, 3, 0, 0, 13, 9, 19, 35, 48, 62, 71, 85, 97, 105, 117, 123, 127, 127, 127, 125, 122, 121, 110, 107, 73, 65]","[110, 83, 65, 55, 50, 40, 26, 23, 19, 11, 7, 0, 2, 0, 3, 12, 22, 37, 42, 79, 99, 96, 111, 121, 116, 127, 127, 127, 124, 114, 116, 111, 96, 83, 44, 43, 44, 31, 18, 10, 5, 0, 0, 0, 0, 3, 5, 3, 12, 31, 41, 58, 59, 76, 96, 101, 127, 127, 127, 127, 119, 121, 127, 89, 73, 66, 44, 40, 29, 11, 13, 12, 17, 8, 3, 0, 0, 13, 9, 19, 35, 48, 62, 71, 85, 97, 105, 117, 123, 127, 127, 127, 125, 122, 121, 110, 107, 73, 65]"
In-Distribution,10,exact_guidance_u,241,0,100,99,"[129, 110, 83, 65, 55, 50, 40, 26, 23, 19, 11, 7, 0, 2, 0, 3, 12, 22, 37, 42, 79, 99, 96, 111, 121, 116, 127, 127, 127, 124, 114, 116, 111, 96, 83, 44, 43, 44, 31, 18, 10, 5, 0, 0, 0, 0, 3, 5, 3, 12, 31, 41, 58, 59, 76, 96, 101, 127, 127, 127, 127, 119, 121, 127, 89, 73, 66, 44, 40, 29, 11, 13, 12, 17, 8, 3, 0, 0, 13, 9, 19, 35, 48, 62, 71, 85, 97, 105, 117, 123, 127, 127, 127, 125, 122, 121, 110, 107, 73, 65]","[110, 83, 65, 55, 50, 40, 26, 23, 19, 11, 7, 0, 2, 0, 3, 12, 22, 37, 42, 79, 99, 96, 111, 121, 116, 127, 127, 127, 124, 114, 116, 111, 96, 83, 44, 43, 44, 31, 18, 10, 5, 0, 0, 0, 0, 3, 5, 3, 12, 31, 41, 58, 59, 76, 96, 101, 127, 127, 127, 127, 119, 121, 127, 89, 73, 66, 44, 40, 29, 11, 13, 12, 17, 8, 3, 0, 0, 13, 9, 19, 35, 48, 62, 71, 85, 97, 105, 117, 123, 127, 127, 127, 125, 122, 121, 110, 107, 73, 65]"
In-Distribution,10,exact_guidance_u,242,0,100,99,"[129, 110, 83, 65, 55, 50, 40, 26, 23, 19, 11, 7, 0, 2, 0, 3, 12, 22, 37, 42, 79, 99, 96, 111, 121, 116, 127, 127, 127, 124, 114, 116, 111, 96, 83, 44, 43, 44, 31, 18, 10, 5, 0, 0, 0, 0, 3, 5, 3, 12, 31, 41, 58, 59, 76, 96, 101, 127, 127, 127, 127, 119, 121, 127, 89, 73, 66, 44, 40, 29, 11, 13, 12, 17, 8, 3, 0, 0, 13, 9, 19, 35, 48, 62, 71, 85, 97, 105, 117, 123, 127, 127, 127, 125, 122, 121, 110, 107, 73, 65]","[110, 83, 65, 55, 50, 40, 26, 23, 19, 11, 7, 0, 2, 0, 3, 12, 22, 37, 42, 79, 99, 96, 111, 121, 116, 127, 127, 127, 124, 114, 116, 111, 96, 83, 44, 43, 44, 31, 18, 10, 5, 0, 0, 0, 0, 3, 5, 3, 12, 31, 41, 58, 59, 76, 96, 101, 127, 127, 127, 127, 119, 121, 127, 89, 73, 66, 44, 40, 29, 11, 13, 12, 17, 8, 3, 0, 0, 13, 9, 19, 35, 48, 62, 71, 85, 97, 105, 117, 123, 127, 127, 127, 125, 122, 121, 110, 107, 73, 65]"
In-Distribution,10,exact_guidance_u,243,0,100,99,"[129, 110, 83, 65, 55, 50, 40, 26, 23, 19, 11, 7, 0, 2, 0, 3, 12, 22, 37, 42, 79, 99, 96, 111, 121, 116, 127, 127, 127, 124, 114, 116, 111, 96, 83, 44, 43, 44, 31, 18, 10, 5, 0, 0, 0, 0, 3, 5, 3, 12, 31, 41, 58, 59, 76, 96, 101, 127, 127, 127, 127, 119, 121, 127, 89, 73, 66, 44, 40, 29, 11, 13, 12, 17, 8, 3, 0, 0, 13, 9, 19, 35, 48, 62, 71, 85, 97, 105, 117, 123, 127, 127, 127, 125, 122, 121, 110, 107, 73, 65]","[110, 83, 65, 55, 50, 40, 26, 23, 19, 11, 7, 0, 2, 0, 3, 12, 22, 37, 42, 79, 99, 96, 111, 121, 116, 127, 127, 127, 124, 114, 116, 111, 96, 83, 44, 43, 44, 31, 18, 10, 5, 0, 0, 0, 0, 3, 5, 3, 12, 31, 41, 58, 59, 76, 96, 101, 127, 127, 127, 127, 119, 121, 127, 89, 73, 66, 44, 40, 29, 11, 13, 12, 17, 8, 3, 0, 0, 13, 9, 19, 35, 48, 62, 71, 85, 97, 105, 117, 123, 127, 127, 127, 125, 122, 121, 110, 107, 73, 65]"
In-Distribution,10,exact_guidance_u,244,0,100,99,"[129, 110, 83, 65, 55, 50, 40, 26, 23, 19, 11, 7, 0, 2, 0, 3, 12, 22, 37, 42, 79, 99, 96, 111, 121, 116, 127, 127, 127, 124, 114, 116, 111, 96, 83, 44, 43, 44, 31, 18, 10, 5, 0, 0, 0, 0, 3, 5, 3, 12, 31, 41, 58, 59, 76, 96, 101, 127, 127, 127, 127, 119, 121, 127, 89, 73, 66, 44, 40, 29, 11, 13, 12, 17, 8, 3, 0, 0, 13, 9, 19, 35, 48, 62, 71, 85, 97, 105, 117, 123, 127, 127, 127, 125, 122, 121, 110, 107, 73, 65]","[110, 83, 65, 55, 50, 40, 26, 23, 19, 11, 7, 0, 2, 0, 3, 12, 22, 37, 42, 79, 99, 96, 111, 121, 116, 127, 127, 127, 124, 114, 116, 111, 96, 83, 44, 43, 44, 31, 18, 10, 5, 0, 0, 0, 0, 3, 5, 3, 12, 31, 41, 58, 59, 76, 96, 101, 127, 127, 127, 127, 119, 121, 127, 89, 73, 66, 44, 40, 29, 11, 13, 12, 17, 8, 3, 0, 0, 13, 9, 19, 35, 48, 62, 71, 85, 97, 105, 117, 123, 127, 127, 127, 125, 122, 121, 110, 107, 73, 65]"
In-Distribution,10,exact_guidance_u,245,0,100,99,"[129, 110, 83, 65, 55, 50, 40, 26, 23, 19, 11, 7, 0, 2, 0, 3, 12, 22, 37, 42, 79, 99, 96, 111, 121, 116, 127, 127, 127, 124, 114, 116, 111, 96, 83, 44, 43, 44, 31, 18, 10, 5, 0, 0, 0, 0, 3, 5, 3, 12, 31, 41, 58, 59, 76, 96, 101, 127, 127, 127, 127, 119, 121, 127, 89, 73, 66, 44, 40, 29, 11, 13, 12, 17, 8, 3, 0, 0, 13, 9, 19, 35, 48, 62, 71, 85, 97, 105, 117, 123, 127, 127, 127, 125, 122, 121, 110, 107, 73, 65]","[110, 83, 65, 55, 50, 40, 26, 23, 19, 11, 7, 0, 2, 0, 3, 12, 22, 37, 42, 79, 99, 96, 111, 121, 116, 127, 127, 127, 124, 114, 116, 111, 96, 83, 44, 43, 44, 31, 18, 10, 5, 0, 0, 0, 0, 3, 5, 3, 12, 31, 41, 58, 59, 76, 96, 101, 127, 127, 127, 127, 119, 121, 127, 89, 73, 66, 44, 40, 29, 11, 13, 12, 17, 8, 3, 0, 0, 13, 9, 19, 35, 48, 62, 71, 85, 97, 105, 117, 123, 127, 127, 127, 125, 122, 121, 110, 107, 73, 65]"
In-Distribution,10,exact_guidance_u,246,0,100,99,"[129, 110, 83, 65, 55, 50, 40, 26, 23, 19, 11, 7, 0, 2, 0, 3, 12, 22, 37, 42, 79, 99, 96, 111, 121, 116, 127, 127, 127, 124, 114, 116, 111, 96, 83, 44, 43, 44, 31, 18, 10, 5, 0, 0, 0, 0, 3, 5, 3, 12, 31, 41, 58, 59, 76, 96, 101, 127, 127, 127, 127, 119, 121, 127, 89, 73, 66, 44, 40, 29, 11, 13, 12, 17, 8, 3, 0, 0, 13, 9, 19, 35, 48, 62, 71, 85, 97, 105, 117, 123, 127, 127, 127, 125, 122, 121, 110, 107, 73, 65]","[110, 83, 65, 55, 50, 40, 26, 23, 19, 11, 7, 0, 2, 0, 3, 12, 22, 37, 42, 79, 99, 96, 111, 121, 116, 127, 127, 127, 124, 114, 116, 111, 96, 83, 44, 43, 44, 31, 18, 10, 5, 0, 0, 0, 0, 3, 5, 3, 12, 31, 41, 58, 59, 76, 96, 101, 127, 127, 127, 127, 119, 121, 127, 89, 73, 66, 44, 40, 29, 11, 13, 12, 17, 8, 3, 0, 0, 13, 9, 19, 35, 48, 62, 71, 85, 97, 105, 117, 123, 127, 127, 127, 125, 122, 121, 110, 107, 73, 65]"
In-Distribution,10,exact_guidance_u,247,0,100,99,"[129, 110, 83, 65, 55, 50, 40, 26, 23, 19, 11, 7, 0, 2, 0, 3, 12, 22, 37, 42, 79, 99, 96, 111, 121, 116, 127, 127, 127, 124, 114, 116, 111, 96, 83, 44, 43, 44, 31, 18, 10, 5, 0, 0, 0, 0, 3, 5, 3, 12, 31, 41, 58, 59, 76, 96, 101, 127, 127, 127, 127, 119, 121, 127, 89, 73, 66, 44, 40, 29, 11, 13, 12, 17, 8, 3, 0, 0, 13, 9, 19, 35, 48, 62, 71, 85, 97, 105, 117, 123, 127, 127, 127, 125, 122, 121, 110, 107, 73, 65]","[110, 83, 65, 55, 50, 40, 26, 23, 19, 11, 7, 0, 2, 0, 3, 12, 22, 37, 42, 79, 99, 96, 111, 121, 116, 127, 127, 127, 124, 114, 116, 111, 96, 83, 44, 43, 44, 31, 18, 10, 5, 0, 0, 0, 0, 3, 5, 3, 12, 31, 41, 58, 59, 76, 96, 101, 127, 127, 127, 127, 119, 121, 127, 89, 73, 66, 44, 40, 29, 11, 13, 12, 17, 8, 3, 0, 0, 13, 9, 19, 35, 48, 62, 71, 85, 97, 105, 117, 123, 127, 127, 127, 125, 122, 121, 110, 107, 73, 65]"
In-Distribution,10,exact_guidance_u,248,0,100,99,"[129, 110, 83, 65, 55, 50, 40, 26, 23, 19, 11, 7, 0, 2, 0, 3, 12, 22, 37, 42, 79, 99, 96, 111, 121, 116, 127, 127, 127, 124, 114, 116, 111, 96, 83, 44, 43, 44, 31, 18, 10, 5, 0, 0, 0, 0, 3, 5, 3, 12, 31, 41, 58, 59, 76, 96, 101, 127, 127, 127, 127, 119, 121, 127, 89, 73, 66, 44, 40, 29, 11, 13, 12, 17, 8, 3, 0, 0, 13, 9, 19, 35, 48, 62, 71, 85, 97, 105, 117, 123, 127, 127, 127, 125, 122, 121, 110, 107, 73, 65]","[110, 83, 65, 55, 50, 40, 26, 23, 19, 11, 7, 0, 2, 0, 3, 12, 22, 37, 42, 79, 99, 96, 111, 121, 116, 127, 127, 127, 124, 114, 116, 111, 96, 83, 44, 43, 44, 31, 18, 10, 5, 0, 0, 0, 0, 3, 5, 3, 12, 31, 41, 58, 59, 76, 96, 101, 127, 127, 127, 127, 119, 121, 127, 89, 73, 66, 44, 40, 29, 11, 13, 12, 17, 8, 3, 0, 0, 13, 9, 19, 35, 48, 62, 71, 85, 97, 105, 117, 123, 127, 127, 127, 125, 122, 121, 110, 107, 73, 65]"
In-Distribution,10,exact_guidance_u,249,0,100,99,"[129, 110, 83, 65, 55, 50, 40, 26, 23, 19, 11, 7, 0, 2, 0, 3, 12, 22, 37, 42, 79, 99, 96, 111, 121, 116, 127, 127, 127, 124, 114, 116, 111, 96, 83, 44, 43, 44, 31, 18, 10, 5, 0, 0, 0, 0, 3, 5, 3, 12, 31, 41, 58, 59, 76, 96, 101, 127, 127, 127, 127, 119, 121, 127, 89, 73, 66, 44, 40, 29, 11, 13, 12, 17, 8, 3, 0, 0, 13, 9, 19, 35, 48, 62, 71, 85, 97, 105, 117, 123, 127, 127, 127, 125, 122, 121, 110, 107, 73, 65]","[110, 83, 65, 55, 50, 40, 26, 23, 19, 11, 7, 0, 2, 0, 3, 12, 22, 37, 42, 79, 99, 96, 111, 121, 116, 127, 127, 127, 124, 114, 116, 111, 96, 83, 44, 43, 44, 31, 18, 10, 5, 0, 0, 0, 0, 3, 5, 3, 12, 31, 41, 58, 59, 76, 96, 101, 127, 127, 127, 127, 119, 121, 127, 89, 73, 66, 44, 40, 29, 11, 13, 12, 17, 8, 3, 0, 0, 13, 9, 19, 35, 48, 62, 71, 85, 97, 105, 117, 123, 127, 127, 127, 125, 122, 121, 110, 107, 73, 65]"
In-Distribution,10,exact_guidance_u,250,0,100,99,"[129, 110, 83, 65, 55, 50, 40, 26, 23, 19, 11, 7, 0, 2, 0, 3, 12, 22, 37, 42, 79, 99, 96, 111, 121, 116, 127, 127, 127, 124, 114, 116, 111, 96, 83, 44, 43, 44, 31, 18, 10, 5, 0, 0, 0, 0, 3, 5, 3, 12, 31, 41, 58, 59, 76, 96, 101, 127, 127, 127, 127, 119, 121, 127, 89, 73, 66, 44, 40, 29, 11, 13, 12, 17, 8, 3, 0, 0, 13, 9, 19, 35, 48, 62, 71, 85, 97, 105, 117, 123, 127, 127, 127, 125, 122, 121, 110, 107, 73, 65]","[110, 83, 65, 55, 50, 40, 26, 23, 19, 11, 7, 0, 2, 0, 3, 12, 22, 37, 42, 79, 99, 96, 111, 121, 116, 127, 127, 127, 124, 114, 116, 111, 96, 83, 44, 43, 44, 31, 18, 10, 5, 0, 0, 0, 0, 3, 5, 3, 12, 31, 41, 58, 59, 76, 96, 101, 127, 127, 127, 127, 119, 121, 127, 89, 73, 66, 44, 40, 29, 11, 13, 12, 17, 8, 3, 0, 0, 13, 9, 19, 35, 48, 62, 71, 85, 97, 105, 117, 123, 127, 127, 127, 125, 122, 121, 110, 107, 73, 65]"
In-Distribution,10,exact_guidance_u,251,0,100,99,"[129, 110, 83, 65, 55, 50, 40, 26, 23, 19, 11, 7, 0, 2, 0, 3, 12, 22, 37, 42, 79, 99, 96, 111, 121, 116, 127, 127, 127, 124, 114, 116, 111, 96, 83, 44, 43, 44, 31, 18, 10, 5, 0, 0, 0, 0, 3, 5, 3, 12, 31, 41, 58, 59, 76, 96, 101, 127, 127, 127, 127, 119, 121, 127, 89, 73, 66, 44, 40, 29, 11, 13, 12, 17, 8, 3, 0, 0, 13, 9, 19, 35, 48, 62, 71, 85, 97, 105, 117, 123, 127, 127, 127, 125, 122, 121, 110, 107, 73, 65]","[110, 83, 65, 55, 50, 40, 26, 23, 19, 11, 7, 0, 2, 0, 3, 12, 22, 37, 42, 79, 99, 96, 111, 121, 116, 127, 127, 127, 124, 114, 116, 111, 96, 83, 44, 43, 44, 31, 18, 10, 5, 0, 0, 0, 0, 3, 5, 3, 12, 31, 41, 58, 59, 76, 96, 101, 127, 127, 127, 127, 119, 121, 127, 89, 73, 66, 44, 40, 29, 11, 13, 12, 17, 8, 3, 0, 0, 13, 9, 19, 35, 48, 62, 71, 85, 97, 105, 117, 123, 127, 127, 127, 125, 122, 121, 110, 107, 73, 65]"
In-Distribution,10,exact_guidance_u,252,0,100,99,"[129, 110, 83, 65, 55, 50, 40, 26, 23, 19, 11, 7, 0, 2, 0, 3, 12, 22, 37, 42, 79, 99, 96, 111, 121, 116, 127, 127, 127, 124, 114, 116, 111, 96, 83, 44, 43, 44, 31, 18, 10, 5, 0, 0, 0, 0, 3, 5, 3, 12, 31, 41, 58, 59, 76, 96, 101, 127, 127, 127, 127, 119, 121, 127, 89, 73, 66, 44, 40, 29, 11, 13, 12, 17, 8, 3, 0, 0, 13, 9, 19, 35, 48, 62, 71, 85, 97, 105, 117, 123, 127, 127, 127, 125, 122, 121, 110, 107, 73, 65]","[110, 83, 65, 55, 50, 40, 26, 23, 19, 11, 7, 0, 2, 0, 3, 12, 22, 37, 42, 79, 99, 96, 111, 121, 116, 127, 127, 127, 124, 114, 116, 111, 96, 83, 44, 43, 44, 31, 18, 10, 5, 0, 0, 0, 0, 3, 5, 3, 12, 31, 41, 58, 59, 76, 96, 101, 127, 127, 127, 127, 119, 121, 127, 89, 73, 66, 44, 40, 29, 11, 13, 12, 17, 8, 3, 0, 0, 13, 9, 19, 35, 48, 62, 71, 85, 97, 105, 117, 123, 127, 127, 127, 125, 122, 121, 110, 107, 73, 65]"
In-Distribution,10,exact_guidance_u,253,0,100,99,"[129, 110, 83, 65, 55, 50, 40, 26, 23, 19, 11, 7, 0, 2, 0, 3, 12, 22, 37, 42, 79, 99, 96, 111, 121, 116, 127, 127, 127, 124, 114, 116, 111, 96, 83, 44, 43, 44, 31, 18, 10, 5, 0, 0, 0, 0, 3, 5, 3, 12, 31, 41, 58, 59, 76, 96, 101, 127, 127, 127, 127, 119, 121, 127, 89, 73, 66, 44, 40, 29, 11, 13, 12, 17, 8, 3, 0, 0, 13, 9, 19, 35, 48, 62, 71, 85, 97, 105, 117, 123, 127, 127, 127, 125, 122, 121, 110, 107, 73, 65]","[110, 83, 65, 55, 50, 40, 26, 23, 19, 11, 7, 0, 2, 0, 3, 12, 22, 37, 42, 79, 99, 96, 111, 121, 116, 127, 127, 127, 124, 114, 116, 111, 96, 83, 44, 43, 44, 31, 18, 10, 5, 0, 0, 0, 0, 3, 5, 3, 12, 31, 41, 58, 59, 76, 96, 101, 127, 127, 127, 127, 119, 121, 127, 89, 73, 66, 44, 40, 29, 11, 13, 12, 17, 8, 3, 0, 0, 13, 9, 19, 35, 48, 62, 71, 85, 97, 105, 117, 123, 127, 127, 127, 125, 122, 121, 110, 107, 73, 65]"
In-Distribution,10,exact_guidance_u,254,0,100,99,"[129, 110, 83, 65, 55, 50, 40, 26, 23, 19, 11, 7, 0, 2, 0, 3, 12, 22, 37, 42, 79, 99, 96, 111, 121, 116, 127, 127, 127, 124, 114, 116, 111, 96, 83, 44, 43, 44, 31, 18, 10, 5, 0, 0, 0, 0, 3, 5, 3, 12, 31, 41, 58, 59, 76, 96, 101, 127, 127, 127, 127, 119, 121, 127, 89, 73, 66, 44, 40, 29, 11, 13, 12, 17, 8, 3, 0, 0, 13, 9, 19, 35, 48, 62, 71, 85, 97, 105, 117, 123, 127, 127, 127, 125, 122, 121, 110, 107, 73, 65]","[110, 83, 65, 55, 50, 40, 26, 23, 19, 11, 7, 0, 2, 0, 3, 12, 22, 37, 42, 79, 99, 96, 111, 121, 116, 127, 127, 127, 124, 114, 116, 111, 96, 83, 44, 43, 44, 31, 18, 10, 5, 0, 0, 0, 0, 3, 5, 3, 12, 31, 41, 58, 59, 76, 96, 101, 127, 127, 127, 127, 119, 121, 127, 89, 73, 66, 44, 40, 29, 11, 13, 12, 17, 8, 3, 0, 0, 13, 9, 19, 35, 48, 62, 71, 85, 97, 105, 117, 123, 127, 127, 127, 125, 122, 121, 110, 107, 73, 65]"
In-Distribution,10,exact_guidance_u,255,0,100,99,"[129, 110, 83, 65, 55, 50, 40, 26, 23, 19, 11, 7, 0, 2, 0, 3, 12, 22, 37, 42, 79, 99, 96, 111, 121, 116, 127, 127, 127, 124, 114, 116, 111, 96, 83, 44, 43, 44, 31, 18, 10, 5, 0, 0, 0, 0, 3, 5, 3, 12, 31, 41, 58, 59, 76, 96, 101, 127, 127, 127, 127, 119, 121, 127, 89, 73, 66, 44, 40, 29, 11, 13, 12, 17, 8, 3, 0, 0, 13, 9, 19, 35, 48, 62, 71, 85, 97, 105, 117, 123, 127, 127, 127, 125, 122, 121, 110, 107, 73, 65]","[110, 83, 65, 55, 50, 40, 26, 23, 19, 11, 7, 0, 2, 0, 3, 12, 22, 37, 42, 79, 99, 96, 111, 121, 116, 127, 127, 127, 124, 114, 116, 111, 96, 83, 44, 43, 44, 31, 18, 10, 5, 0, 0, 0, 0, 3, 5, 3, 12, 31, 41, 58, 59, 76, 96, 101, 127, 127, 127, 127, 119, 121, 127, 89, 73, 66, 44, 40, 29, 11, 13, 12, 17, 8, 3, 0, 0, 13, 9, 19, 35, 48, 62, 71, 85, 97, 105, 117, 123, 127, 127, 127, 125, 122, 121, 110, 107, 73, 65]"
In-Distribution,10,exact_guidance_u,256,0,100,99,"[129, 110, 83, 65, 55, 50, 40, 26, 23, 19, 11, 7, 0, 2, 0, 3, 12, 22, 37, 42, 79, 99, 96, 111, 121, 116, 127, 127, 127, 124, 114, 116, 111, 96, 83, 44, 43, 44, 31, 18, 10, 5, 0, 0, 0, 0, 3, 5, 3, 12, 31, 41, 58, 59, 76, 96, 101, 127, 127, 127, 127, 119, 121, 127, 89, 73, 66, 44, 40, 29, 11, 13, 12, 17, 8, 3, 0, 0, 13, 9, 19, 35, 48, 62, 71, 85, 97, 105, 117, 123, 127, 127, 127, 125, 122, 121, 110, 107, 73, 65]","[110, 83, 65, 55, 50, 40, 26, 23, 19, 11, 7, 0, 2, 0, 3, 12, 22, 37, 42, 79, 99, 96, 111, 121, 116, 127, 127, 127, 124, 114, 116, 111, 96, 83, 44, 43, 44, 31, 18, 10, 5, 0, 0, 0, 0, 3, 5, 3, 12, 31, 41, 58, 59, 76, 96, 101, 127, 127, 127, 127, 119, 121, 127, 89, 73, 66, 44, 40, 29, 11, 13, 12, 17, 8, 3, 0, 0, 13, 9, 19, 35, 48, 62, 71, 85, 97, 105, 117, 123, 127, 127, 127, 125, 122, 121, 110, 107, 73, 65]"
In-Distribution,10,exact_guidance_u,257,0,100,99,"[129, 110, 83, 65, 55, 50, 40, 26, 23, 19, 11, 7, 0, 2, 0, 3, 12, 22, 37, 42, 79, 99, 96, 111, 121, 116, 127, 127, 127, 124, 114, 116, 111, 96, 83, 44, 43, 44, 31, 18, 10, 5, 0, 0, 0, 0, 3, 5, 3, 12, 31, 41, 58, 59, 76, 96, 101, 127, 127, 127, 127, 119, 121, 127, 89, 73, 66, 44, 40, 29, 11, 13, 12, 17, 8, 3, 0, 0, 13, 9, 19, 35, 48, 62, 71, 85, 97, 105, 117, 123, 127, 127, 127, 125, 122, 121, 110, 107, 73, 65]","[110, 83, 65, 55, 50, 40, 26, 23, 19, 11, 7, 0, 2, 0, 3, 12, 22, 37, 42, 79, 99, 96, 111, 121, 116, 127, 127, 127, 124, 114, 116, 111, 96, 83, 44, 43, 44, 31, 18, 10, 5, 0, 0, 0, 0, 3, 5, 3, 12, 31, 41, 58, 59, 76, 96, 101, 127, 127, 127, 127, 119, 121, 127, 89, 73, 66, 44, 40, 29, 11, 13, 12, 17, 8, 3, 0, 0, 13, 9, 19, 35, 48, 62, 71, 85, 97, 105, 117, 123, 127, 127, 127, 125, 122, 121, 110, 107, 73, 65]"
In-Distribution,10,exact_guidance_u,258,0,100,99,"[129, 110, 83, 65, 55, 50, 40, 26, 23, 19, 11, 7, 0, 2, 0, 3, 12, 22, 37, 42, 79, 99, 96, 111, 121, 116, 127, 127, 127, 124, 114, 116, 111, 96, 83, 44, 43, 44, 31, 18, 10, 5, 0, 0, 0, 0, 3, 5, 3, 12, 31, 41, 58, 59, 76, 96, 101, 127, 127, 127, 127, 119, 121, 127, 89, 73, 66, 44, 40, 29, 11, 13, 12, 17, 8, 3, 0, 0, 13, 9, 19, 35, 48, 62, 71, 85, 97, 105, 117, 123, 127, 127, 127, 125, 122, 121, 110, 107, 73, 65]","[110, 83, 65, 55, 50, 40, 26, 23, 19, 11, 7, 0, 2, 0, 3, 12, 22, 37, 42, 79, 99, 96, 111, 121, 116, 127, 127, 127, 124, 114, 116, 111, 96, 83, 44, 43, 44, 31, 18, 10, 5, 0, 0, 0, 0, 3, 5, 3, 12, 31, 41, 58, 59, 76, 96, 101, 127, 127, 127, 127, 119, 121, 127, 89, 73, 66, 44, 40, 29, 11, 13, 12, 17, 8, 3, 0, 0, 13, 9, 19, 35, 48, 62, 71, 85, 97, 105, 117, 123, 127, 127, 127, 125, 122, 121, 110, 107, 73, 65]"
In-Distribution,10,exact_guidance_u,259,0,100,99,"[129, 110, 83, 65, 55, 50, 40, 26, 23, 19, 11, 7, 0, 2, 0, 3, 12, 22, 37, 42, 79, 99, 96, 111, 121, 116, 127, 127, 127, 124, 114, 116, 111, 96, 83, 44, 43, 44, 31, 18, 10, 5, 0, 0, 0, 0, 3, 5, 3, 12, 31, 41, 58, 59, 76, 96, 101, 127, 127, 127, 127, 119, 121, 127, 89, 73, 66, 44, 40, 29, 11, 13, 12, 17, 8, 3, 0, 0, 13, 9, 19, 35, 48, 62, 71, 85, 97, 105, 117, 123, 127, 127, 127, 125, 122, 121, 110, 107, 73, 65]","[110, 83, 65, 55, 50, 40, 26, 23, 19, 11, 7, 0, 2, 0, 3, 12, 22, 37, 42, 79, 99, 96, 111, 121, 116, 127, 127, 127, 124, 114, 116, 111, 96, 83, 44, 43, 44, 31, 18, 10, 5, 0, 0, 0, 0, 3, 5, 3, 12, 31, 41, 58, 59, 76, 96, 101, 127, 127, 127, 127, 119, 121, 127, 89, 73, 66, 44, 40, 29, 11, 13, 12, 17, 8, 3, 0, 0, 13, 9, 19, 35, 48, 62, 71, 85, 97, 105, 117, 123, 127, 127, 127, 125, 122, 121, 110, 107, 73, 65]"
In-Distribution,10,exact_guidance_u,260,0,100,99,"[129, 110, 83, 65, 55, 50, 40, 26, 23, 19, 11, 7, 0, 2, 0, 3, 12, 22, 37, 42, 79, 99, 96, 111, 121, 116, 127, 127, 127, 124, 114, 116, 111, 96, 83, 44, 43, 44, 31, 18, 10, 5, 0, 0, 0, 0, 3, 5, 3, 12, 31, 41, 58, 59, 76, 96, 101, 127, 127, 127, 127, 119, 121, 127, 89, 73, 66, 44, 40, 29, 11, 13, 12, 17, 8, 3, 0, 0, 13, 9, 19, 35, 48, 62, 71, 85, 97, 105, 117, 123, 127, 127, 127, 125, 122, 121, 110, 107, 73, 65]","[110, 83, 65, 55, 50, 40, 26, 23, 19, 11, 7, 0, 2, 0, 3, 12, 22, 37, 42, 79, 99, 96, 111, 121, 116, 127, 127, 127, 124, 114, 116, 111, 96, 83, 44, 43, 44, 31, 18, 10, 5, 0, 0, 0, 0, 3, 5, 3, 12, 31, 41, 58, 59, 76, 96, 101, 127, 127, 127, 127, 119, 121, 127, 89, 73, 66, 44, 40, 29, 11, 13, 12, 17, 8, 3, 0, 0, 13, 9, 19, 35, 48, 62, 71, 85, 97, 105, 117, 123, 127, 127, 127, 125, 122, 121, 110, 107, 73, 65]"
In-Distribution,10,exact_guidance_u,261,0,100,99,"[129, 110, 83, 65, 55, 50, 40, 26, 23, 19, 11, 7, 0, 2, 0, 3, 12, 22, 37, 42, 79, 99, 96, 111, 121, 116, 127, 127, 127, 124, 114, 116, 111, 96, 83, 44, 43, 44, 31, 18, 10, 5, 0, 0, 0, 0, 3, 5, 3, 12, 31, 41, 58, 59, 76, 96, 101, 127, 127, 127, 127, 119, 121, 127, 89, 73, 66, 44, 40, 29, 11, 13, 12, 17, 8, 3, 0, 0, 13, 9, 19, 35, 48, 62, 71, 85, 97, 105, 117, 123, 127, 127, 127, 125, 122, 121, 110, 107, 73, 65]","[110, 83, 65, 55, 50, 40, 26, 23, 19, 11, 7, 0, 2, 0, 3, 12, 22, 37, 42, 79, 99, 96, 111, 121, 116, 127, 127, 127, 124, 114, 116, 111, 96, 83, 44, 43, 44, 31, 18, 10, 5, 0, 0, 0, 0, 3, 5, 3, 12, 31, 41, 58, 59, 76, 96, 101, 127, 127, 127, 127, 119, 121, 127, 89, 73, 66, 44, 40, 29, 11, 13, 12, 17, 8, 3, 0, 0, 13, 9, 19, 35, 48, 62, 71, 85, 97, 105, 117, 123, 127, 127, 127, 125, 122, 121, 110, 107, 73, 65]"
In-Distribution,10,exact_guidance_u,262,0,100,99,"[129, 110, 83, 65, 55, 50, 40, 26, 23, 19, 11, 7, 0, 2, 0, 3, 12, 22, 37, 42, 79, 99, 96, 111, 121, 116, 127, 127, 127, 124, 114, 116, 111, 96, 83, 44, 43, 44, 31, 18, 10, 5, 0, 0, 0, 0, 3, 5, 3, 12, 31, 41, 58, 59, 76, 96, 101, 127, 127, 127, 127, 119, 121, 127, 89, 73, 66, 44, 40, 29, 11, 13, 12, 17, 8, 3, 0, 0, 13, 9, 19, 35, 48, 62, 71, 85, 97, 105, 117, 123, 127, 127, 127, 125, 122, 121, 110, 107, 73, 65]","[110, 83, 65, 55, 50, 40, 26, 23, 19, 11, 7, 0, 2, 0, 3, 12, 22, 37, 42, 79, 99, 96, 111, 121, 116, 127, 127, 127, 124, 114, 116, 111, 96, 83, 44, 43, 44, 31, 18, 10, 5, 0, 0, 0, 0, 3, 5, 3, 12, 31, 41, 58, 59, 76, 96, 101, 127, 127, 127, 127, 119, 121, 127, 89, 73, 66, 44, 40, 29, 11, 13, 12, 17, 8, 3, 0, 0, 13, 9, 19, 35, 48, 62, 71, 85, 97, 105, 117, 123, 127, 127, 127, 125, 122, 121, 110, 107, 73, 65]"
In-Distribution,10,exact_guidance_u,263,0,100,99,"[129, 110, 83, 65, 55, 50, 40, 26, 23, 19, 11, 7, 0, 2, 0, 3, 12, 22, 37, 42, 79, 99, 96, 111, 121, 116, 127, 127, 127, 124, 114, 116, 111, 96, 83, 44, 43, 44, 31, 18, 10, 5, 0, 0, 0, 0, 3, 5, 3, 12, 31, 41, 58, 59, 76, 96, 101, 127, 127, 127, 127, 119, 121, 127, 89, 73, 66, 44, 40, 29, 11, 13, 12, 17, 8, 3, 0, 0, 13, 9, 19, 35, 48, 62, 71, 85, 97, 105, 117, 123, 127, 127, 127, 125, 122, 121, 110, 107, 73, 65]","[110, 83, 65, 55, 50, 40, 26, 23, 19, 11, 7, 0, 2, 0, 3, 12, 22, 37, 42, 79, 99, 96, 111, 121, 116, 127, 127, 127, 124, 114, 116, 111, 96, 83, 44, 43, 44, 31, 18, 10, 5, 0, 0, 0, 0, 3, 5, 3, 12, 31, 41, 58, 59, 76, 96, 101, 127, 127, 127, 127, 119, 121, 127, 89, 73, 66, 44, 40, 29, 11, 13, 12, 17, 8, 3, 0, 0, 13, 9, 19, 35, 48, 62, 71, 85, 97, 105, 117, 123, 127, 127, 127, 125, 122, 121, 110, 107, 73, 65]"
In-Distribution,10,exact_guidance_u,264,0,100,99,"[129, 110, 83, 65, 55, 50, 40, 26, 23, 19, 11, 7, 0, 2, 0, 3, 12, 22, 37, 42, 79, 99, 96, 111, 121, 116, 127, 127, 127, 124, 114, 116, 111, 96, 83, 44, 43, 44, 31, 18, 10, 5, 0, 0, 0, 0, 3, 5, 3, 12, 31, 41, 58, 59, 76, 96, 101, 127, 127, 127, 127, 119, 121, 127, 89, 73, 66, 44, 40, 29, 11, 13, 12, 17, 8, 3, 0, 0, 13, 9, 19, 35, 48, 62, 71, 85, 97, 105, 117, 123, 127, 127, 127, 125, 122, 121, 110, 107, 73, 65]","[110, 83, 65, 55, 50, 40, 26, 23, 19, 11, 7, 0, 2, 0, 3, 12, 22, 37, 42, 79, 99, 96, 111, 121, 116, 127, 127, 127, 124, 114, 116, 111, 96, 83, 44, 43, 44, 31, 18, 10, 5, 0, 0, 0, 0, 3, 5, 3, 12, 31, 41, 58, 59, 76, 96, 101, 127, 127, 127, 127, 119, 121, 127, 89, 73, 66, 44, 40, 29, 11, 13, 12, 17, 8, 3, 0, 0, 13, 9, 19, 35, 48, 62, 71, 85, 97, 105, 117, 123, 127, 127, 127, 125, 122, 121, 110, 107, 73, 65]"
In-Distribution,10,exact_guidance_u,265,0,100,99,"[129, 110, 83, 65, 55, 50, 40, 26, 23, 19, 11, 7, 0, 2, 0, 3, 12, 22, 37, 42, 79, 99, 96, 111, 121, 116, 127, 127, 127, 124, 114, 116, 111, 96, 83, 44, 43, 44, 31, 18, 10, 5, 0, 0, 0, 0, 3, 5, 3, 12, 31, 41, 58, 59, 76, 96, 101, 127, 127, 127, 127, 119, 121, 127, 89, 73, 66, 44, 40, 29, 11, 13, 12, 17, 8, 3, 0, 0, 13, 9, 19, 35, 48, 62, 71, 85, 97, 105, 117, 123, 127, 127, 127, 125, 122, 121, 110, 107, 73, 65]","[110, 83, 65, 55, 50, 40, 26, 23, 19, 11, 7, 0, 2, 0, 3, 12, 22, 37, 42, 79, 99, 96, 111, 121, 116, 127, 127, 127, 124, 114, 116, 111, 96, 83, 44, 43, 44, 31, 18, 10, 5, 0, 0, 0, 0, 3, 5, 3, 12, 31, 41, 58, 59, 76, 96, 101, 127, 127, 127, 127, 119, 121, 127, 89, 73, 66, 44, 40, 29, 11, 13, 12, 17, 8, 3, 0, 0, 13, 9, 19, 35, 48, 62, 71, 85, 97, 105, 117, 123, 127, 127, 127, 125, 122, 121, 110, 107, 73, 65]"
In-Distribution,10,exact_guidance_u,266,0,100,99,"[129, 110, 83, 65, 55, 50, 40, 26, 23, 19, 11, 7, 0, 2, 0, 3, 12, 22, 37, 42, 79, 99, 96, 111, 121, 116, 127, 127, 127, 124, 114, 116, 111, 96, 83, 44, 43, 44, 31, 18, 10, 5, 0, 0, 0, 0, 3, 5, 3, 12, 31, 41, 58, 59, 76, 96, 101, 127, 127, 127, 127, 119, 121, 127, 89, 73, 66, 44, 40, 29, 11, 13, 12, 17, 8, 3, 0, 0, 13, 9, 19, 35, 48, 62, 71, 85, 97, 105, 117, 123, 127, 127, 127, 125, 122, 121, 110, 107, 73, 65]","[110, 83, 65, 55, 50, 40, 26, 23, 19, 11, 7, 0, 2, 0, 3, 12, 22, 37, 42, 79, 99, 96, 111, 121, 116, 127, 127, 127, 124, 114, 116, 111, 96, 83, 44, 43, 44, 31, 18, 10, 5, 0, 0, 0, 0, 3, 5, 3, 12, 31, 41, 58, 59, 76, 96, 101, 127, 127, 127, 127, 119, 121, 127, 89, 73, 66, 44, 40, 29, 11, 13, 12, 17, 8, 3, 0, 0, 13, 9, 19, 35, 48, 62, 71, 85, 97, 105, 117, 123, 127, 127, 127, 125, 122, 121, 110, 107, 73, 65]"
In-Distribution,10,exact_guidance_u,267,0,100,99,"[129, 110, 83, 65, 55, 50, 40, 26, 23, 19, 11, 7, 0, 2, 0, 3, 12, 22, 37, 42, 79, 99, 96, 111, 121, 116, 127, 127, 127, 124, 114, 116, 111, 96, 83, 44, 43, 44, 31, 18, 10, 5, 0, 0, 0, 0, 3, 5, 3, 12, 31, 41, 58, 59, 76, 96, 101, 127, 127, 127, 127, 119, 121, 127, 89, 73, 66, 44, 40, 29, 11, 13, 12, 17, 8, 3, 0, 0, 13, 9, 19, 35, 48, 62, 71, 85, 97, 105, 117, 123, 127, 127, 127, 125, 122, 121, 110, 107, 73, 65]","[110, 83, 65, 55, 50, 40, 26, 23, 19, 11, 7, 0, 2, 0, 3, 12, 22, 37, 42, 79, 99, 96, 111, 121, 116, 127, 127, 127, 124, 114, 116, 111, 96, 83, 44, 43, 44, 31, 18, 10, 5, 0, 0, 0, 0, 3, 5, 3, 12, 31, 41, 58, 59, 76, 96, 101, 127, 127, 127, 127, 119, 121, 127, 89, 73, 66, 44, 40, 29, 11, 13, 12, 17, 8, 3, 0, 0, 13, 9, 19, 35, 48, 62, 71, 85, 97, 105, 117, 123, 127, 127, 127, 125, 122, 121, 110, 107, 73, 65]"
In-Distribution,10,exact_guidance_u,268,0,101,100,"[129, 110, 83, 65, 55, 50, 40, 26, 23, 19, 11, 7, 0, 2, 0, 3, 12, 22, 37, 42, 63, 79, 99, 96, 111, 121, 116, 127, 127, 127, 124, 114, 116, 111, 96, 83, 44, 43, 44, 31, 18, 10, 5, 0, 0, 0, 0, 3, 5, 3, 12, 31, 41, 58, 59, 76, 96, 101, 127, 127, 127, 127, 119, 121, 127, 89, 73, 66, 44, 40, 29, 11, 13, 12, 17, 8, 3, 0, 0, 13, 9, 19, 35, 48, 62, 71, 85, 97, 105, 117, 123, 127, 127, 127, 125, 122, 121, 110, 107, 73, 65]","[110, 83, 65, 55, 50, 40, 26, 23, 19, 11, 7, 0, 2, 0, 3, 12, 22, 37, 42, 63, 79, 99, 96, 111, 121, 116, 127, 127, 127, 124, 114, 116, 111, 96, 83, 44, 43, 44, 31, 18, 10, 5, 0, 0, 0, 0, 3, 5, 3, 12, 31, 41, 58, 59, 76, 96, 101, 127, 127, 127, 127, 119, 121, 127, 89, 73, 66, 44, 40, 29, 11, 13, 12, 17, 8, 3, 0, 0, 13, 9, 19, 35, 48, 62, 71, 85, 97, 105, 117, 123, 127, 127, 127, 125, 122, 121, 110, 107, 73, 65]"
In-Distribution,10,exact_guidance_u,269,0,101,100,"[129, 110, 83, 65, 55, 50, 40, 26, 23, 19, 11, 7, 0, 2, 0, 3, 12, 22, 37, 42, 63, 79, 99, 96, 111, 121, 116, 127, 127, 127, 124, 114, 116, 111, 96, 83, 44, 43, 44, 31, 18, 10, 5, 0, 0, 0, 0, 3, 5, 3, 12, 31, 41, 58, 59, 76, 96, 101, 127, 127, 127, 127, 119, 121, 127, 89, 73, 66, 44, 40, 29, 11, 13, 12, 17, 8, 3, 0, 0, 13, 9, 19, 35, 48, 62, 71, 85, 97, 105, 117, 123, 127, 127, 127, 125, 122, 121, 110, 107, 73, 65]","[110, 83, 65, 55, 50, 40, 26, 23, 19, 11, 7, 0, 2, 0, 3, 12, 22, 37, 42, 63, 79, 99, 96, 111, 121, 116, 127, 127, 127, 124, 114, 116, 111, 96, 83, 44, 43, 44, 31, 18, 10, 5, 0, 0, 0, 0, 3, 5, 3, 12, 31, 41, 58, 59, 76, 96, 101, 127, 127, 127, 127, 119, 121, 127, 89, 73, 66, 44, 40, 29, 11, 13, 12, 17, 8, 3, 0, 0, 13, 9, 19, 35, 48, 62, 71, 85, 97, 105, 117, 123, 127, 127, 127, 125, 122, 121, 110, 107, 73, 65]"
In-Distribution,10,exact_guidance_u,270,0,101,100,"[129, 110, 83, 65, 55, 50, 40, 26, 23, 19, 11, 7, 0, 2, 0, 3, 12, 22, 37, 42, 63, 79, 99, 96, 111, 121, 116, 127, 127, 127, 124, 114, 116, 111, 96, 83, 44, 43, 44, 31, 18, 10, 5, 0, 0, 0, 0, 3, 5, 3, 12, 31, 41, 58, 59, 76, 96, 101, 127, 127, 127, 127, 119, 121, 127, 89, 73, 66, 44, 40, 29, 11, 13, 12, 17, 8, 3, 0, 0, 13, 9, 19, 35, 48, 62, 71, 85, 97, 105, 117, 123, 127, 127, 127, 125, 122, 121, 110, 107, 73, 65]","[110, 83, 65, 55, 50, 40, 26, 23, 19, 11, 7, 0, 2, 0, 3, 12, 22, 37, 42, 63, 79, 99, 96, 111, 121, 116, 127, 127, 127, 124, 114, 116, 111, 96, 83, 44, 43, 44, 31, 18, 10, 5, 0, 0, 0, 0, 3, 5, 3, 12, 31, 41, 58, 59, 76, 96, 101, 127, 127, 127, 127, 119, 121, 127, 89, 73, 66, 44, 40, 29, 11, 13, 12, 17, 8, 3, 0, 0, 13, 9, 19, 35, 48, 62, 71, 85, 97, 105, 117, 123, 127, 127, 127, 125, 122, 121, 110, 107, 73, 65]"
In-Distribution,10,exact_guidance_u,271,0,102,101,"[129, 110, 83, 65, 55, 50, 40, 26, 23, 19, 11, 7, 0, 2, 0, 3, 12, 22, 37, 42, 63, 79, 79, 99, 96, 111, 121, 116, 127, 127, 127, 124, 114, 116, 111, 96, 83, 44, 43, 44, 31, 18, 10, 5, 0, 0, 0, 0, 3, 5, 3, 12, 31, 41, 58, 59, 76, 96, 101, 127, 127, 127, 127, 119, 121, 127, 89, 73, 66, 44, 40, 29, 11, 13, 12, 17, 8, 3, 0, 0, 13, 9, 19, 35, 48, 62, 71, 85, 97, 105, 117, 123, 127, 127, 127, 125, 122, 121, 110, 107, 73, 65]","[110, 83, 65, 55, 50, 40, 26, 23, 19, 11, 7, 0, 2, 0, 3, 12, 22, 37, 42, 63, 79, 79, 99, 96, 111, 121, 116, 127, 127, 127, 124, 114, 116, 111, 96, 83, 44, 43, 44, 31, 18, 10, 5, 0, 0, 0, 0, 3, 5, 3, 12, 31, 41, 58, 59, 76, 96, 101, 127, 127, 127, 127, 119, 121, 127, 89, 73, 66, 44, 40, 29, 11, 13, 12, 17, 8, 3, 0, 0, 13, 9, 19, 35, 48, 62, 71, 85, 97, 105, 117, 123, 127, 127, 127, 125, 122, 121, 110, 107, 73, 65]"
In-Distribution,10,exact_guidance_u,272,0,102,101,"[129, 110, 83, 65, 55, 50, 40, 26, 23, 19, 11, 7, 0, 2, 0, 3, 12, 22, 37, 42, 63, 79, 79, 99, 96, 111, 121, 116, 127, 127, 127, 124, 114, 116, 111, 96, 83, 44, 43, 44, 31, 18, 10, 5, 0, 0, 0, 0, 3, 5, 3, 12, 31, 41, 58, 59, 76, 96, 101, 127, 127, 127, 127, 119, 121, 127, 89, 73, 66, 44, 40, 29, 11, 13, 12, 17, 8, 3, 0, 0, 13, 9, 19, 35, 48, 62, 71, 85, 97, 105, 117, 123, 127, 127, 127, 125, 122, 121, 110, 107, 73, 65]","[110, 83, 65, 55, 50, 40, 26, 23, 19, 11, 7, 0, 2, 0, 3, 12, 22, 37, 42, 63, 79, 79, 99, 96, 111, 121, 116, 127, 127, 127, 124, 114, 116, 111, 96, 83, 44, 43, 44, 31, 18, 10, 5, 0, 0, 0, 0, 3, 5, 3, 12, 31, 41, 58, 59, 76, 96, 101, 127, 127, 127, 127, 119, 121, 127, 89, 73, 66, 44, 40, 29, 11, 13, 12, 17, 8, 3, 0, 0, 13, 9, 19, 35, 48, 62, 71, 85, 97, 105, 117, 123, 127, 127, 127, 125, 122, 121, 110, 107, 73, 65]"
In-Distribution,10,exact_guidance_u,273,0,102,101,"[129, 110, 83, 65, 55, 50, 40, 26, 23, 19, 11, 7, 0, 2, 0, 3, 12, 22, 37, 42, 63, 79, 79, 99, 96, 111, 121, 116, 127, 127, 127, 124, 114, 116, 111, 96, 83, 44, 43, 44, 31, 18, 10, 5, 0, 0, 0, 0, 3, 5, 3, 12, 31, 41, 58, 59, 76, 96, 101, 127, 127, 127, 127, 119, 121, 127, 89, 73, 66, 44, 40, 29, 11, 13, 12, 17, 8, 3, 0, 0, 13, 9, 19, 35, 48, 62, 71, 85, 97, 105, 117, 123, 127, 127, 127, 125, 122, 121, 110, 107, 73, 65]","[110, 83, 65, 55, 50, 40, 26, 23, 19, 11, 7, 0, 2, 0, 3, 12, 22, 37, 42, 63, 79, 79, 99, 96, 111, 121, 116, 127, 127, 127, 124, 114, 116, 111, 96, 83, 44, 43, 44, 31, 18, 10, 5, 0, 0, 0, 0, 3, 5, 3, 12, 31, 41, 58, 59, 76, 96, 101, 127, 127, 127, 127, 119, 121, 127, 89, 73, 66, 44, 40, 29, 11, 13, 12, 17, 8, 3, 0, 0, 13, 9, 19, 35, 48, 62, 71, 85, 97, 105, 117, 123, 127, 127, 127, 125, 122, 121, 110, 107, 73, 65]"
In-Distribution,10,exact_guidance_u,274,0,102,101,"[129, 110, 83, 65, 55, 50, 40, 26, 23, 19, 11, 7, 0, 2, 0, 3, 12, 22, 37, 42, 63, 79, 79, 99, 96, 111, 121, 116, 127, 127, 127, 124, 114, 116, 111, 96, 83, 44, 43, 44, 31, 18, 10, 5, 0, 0, 0, 0, 3, 5, 3, 12, 31, 41, 58, 59, 76, 96, 101, 127, 127, 127, 127, 119, 121, 127, 89, 73, 66, 44, 40, 29, 11, 13, 12, 17, 8, 3, 0, 0, 13, 9, 19, 35, 48, 62, 71, 85, 97, 105, 117, 123, 127, 127, 127, 125, 122, 121, 110, 107, 73, 65]","[110, 83, 65, 55, 50, 40, 26, 23, 19, 11, 7, 0, 2, 0, 3, 12, 22, 37, 42, 63, 79, 79, 99, 96, 111, 121, 116, 127, 127, 127, 124, 114, 116, 111, 96, 83, 44, 43, 44, 31, 18, 10, 5, 0, 0, 0, 0, 3, 5, 3, 12, 31, 41, 58, 59, 76, 96, 101, 127, 127, 127, 127, 119, 121, 127, 89, 73, 66, 44, 40, 29, 11, 13, 12, 17, 8, 3, 0, 0, 13, 9, 19, 35, 48, 62, 71, 85, 97, 105, 117, 123, 127, 127, 127, 125, 122, 121, 110, 107, 73, 65]"
In-Distribution,10,exact_guidance_u,275,0,102,101,"[129, 110, 83, 65, 55, 50, 40, 26, 23, 19, 11, 7, 0, 2, 0, 3, 12, 22, 37, 42, 63, 79, 79, 99, 96, 111, 121, 116, 127, 127, 127, 124, 114, 116, 111, 96, 83, 44, 43, 44, 31, 18, 10, 5, 0, 0, 0, 0, 3, 5, 3, 12, 31, 41, 58, 59, 76, 96, 101, 127, 127, 127, 127, 119, 121, 127, 89, 73, 66, 44, 40, 29, 11, 13, 12, 17, 8, 3, 0, 0, 13, 9, 19, 35, 48, 62, 71, 85, 97, 105, 117, 123, 127, 127, 127, 125, 122, 121, 110, 107, 73, 65]","[110, 83, 65, 55, 50, 40, 26, 23, 19, 11, 7, 0, 2, 0, 3, 12, 22, 37, 42, 63, 79, 79, 99, 96, 111, 121, 116, 127, 127, 127, 124, 114, 116, 111, 96, 83, 44, 43, 44, 31, 18, 10, 5, 0, 0, 0, 0, 3, 5, 3, 12, 31, 41, 58, 59, 76, 96, 101, 127, 127, 127, 127, 119, 121, 127, 89, 73, 66, 44, 40, 29, 11, 13, 12, 17, 8, 3, 0, 0, 13, 9, 19, 35, 48, 62, 71, 85, 97, 105, 117, 123, 127, 127, 127, 125, 122, 121, 110, 107, 73, 65]"
In-Distribution,10,exact_guidance_u,276,0,103,102,"[129, 110, 83, 65, 55, 50, 40, 26, 23, 19, 11, 7, 0, 2, 0, 3, 12, 22, 37, 42, 63, 79, 79, 99, 96, 111, 121, 116, 127, 127, 127, 124, 114, 116, 111, 96, 83, 44, 43, 44, 31, 18, 10, 5, 0, 0, 0, 0, 3, 5, 3, 12, 31, 41, 58, 59, 76, 96, 101, 127, 127, 127, 127, 119, 121, 127, 107, 89, 73, 66, 44, 40, 29, 11, 13, 12, 17, 8, 3, 0, 0, 13, 9, 19, 35, 48, 62, 71, 85, 97, 105, 117, 123, 127, 127, 127, 125, 122, 121, 110, 107, 73, 65]","[110, 83, 65, 55, 50, 40, 26, 23, 19, 11, 7, 0, 2, 0, 3, 12, 22, 37, 42, 63, 79, 79, 99, 96, 111, 121, 116, 127, 127, 127, 124, 114, 116, 111, 96, 83, 44, 43, 44, 31, 18, 10, 5, 0, 0, 0, 0, 3, 5, 3, 12, 31, 41, 58, 59, 76, 96, 101, 127, 127, 127, 127, 119, 121, 127, 107, 89, 73, 66, 44, 40, 29, 11, 13, 12, 17, 8, 3, 0, 0, 13, 9, 19, 35, 48, 62, 71, 85, 97, 105, 117, 123, 127, 127, 127, 125, 122, 121, 110, 107, 73, 65]"
In-Distribution,10,exact_guidance_u,277,0,103,102,"[129, 110, 83, 65, 55, 50, 40, 26, 23, 19, 11, 7, 0, 2, 0, 3, 12, 22, 37, 42, 63, 79, 79, 99, 96, 111, 121, 116, 127, 127, 127, 124, 114, 116, 111, 96, 83, 44, 43, 44, 31, 18, 10, 5, 0, 0, 0, 0, 3, 5, 3, 12, 31, 41, 58, 59, 76, 96, 101, 127, 127, 127, 127, 119, 121, 127, 107, 89, 73, 66, 44, 40, 29, 11, 13, 12, 17, 8, 3, 0, 0, 13, 9, 19, 35, 48, 62, 71, 85, 97, 105, 117, 123, 127, 127, 127, 125, 122, 121, 110, 107, 73, 65]","[110, 83, 65, 55, 50, 40, 26, 23, 19, 11, 7, 0, 2, 0, 3, 12, 22, 37, 42, 63, 79, 79, 99, 96, 111, 121, 116, 127, 127, 127, 124, 114, 116, 111, 96, 83, 44, 43, 44, 31, 18, 10, 5, 0, 0, 0, 0, 3, 5, 3, 12, 31, 41, 58, 59, 76, 96, 101, 127, 127, 127, 127, 119, 121, 127, 107, 89, 73, 66, 44, 40, 29, 11, 13, 12, 17, 8, 3, 0, 0, 13, 9, 19, 35, 48, 62, 71, 85, 97, 105, 117, 123, 127, 127, 127, 125, 122, 121, 110, 107, 73, 65]"
In-Distribution,10,exact_guidance_u,278,0,103,102,"[129, 110, 83, 65, 55, 50, 40, 26, 23, 19, 11, 7, 0, 2, 0, 3, 12, 22, 37, 42, 63, 79, 79, 99, 96, 111, 121, 116, 127, 127, 127, 124, 114, 116, 111, 96, 83, 44, 43, 44, 31, 18, 10, 5, 0, 0, 0, 0, 3, 5, 3, 12, 31, 41, 58, 59, 76, 96, 101, 127, 127, 127, 127, 119, 121, 127, 107, 89, 73, 66, 44, 40, 29, 11, 13, 12, 17, 8, 3, 0, 0, 13, 9, 19, 35, 48, 62, 71, 85, 97, 105, 117, 123, 127, 127, 127, 125, 122, 121, 110, 107, 73, 65]","[110, 83, 65, 55, 50, 40, 26, 23, 19, 11, 7, 0, 2, 0, 3, 12, 22, 37, 42, 63, 79, 79, 99, 96, 111, 121, 116, 127, 127, 127, 124, 114, 116, 111, 96, 83, 44, 43, 44, 31, 18, 10, 5, 0, 0, 0, 0, 3, 5, 3, 12, 31, 41, 58, 59, 76, 96, 101, 127, 127, 127, 127, 119, 121, 127, 107, 89, 73, 66, 44, 40, 29, 11, 13, 12, 17, 8, 3, 0, 0, 13, 9, 19, 35, 48, 62, 71, 85, 97, 105, 117, 123, 127, 127, 127, 125, 122, 121, 110, 107, 73, 65]"
In-Distribution,10,exact_guidance_u,279,0,103,102,"[129, 110, 83, 65, 55, 50, 40, 26, 23, 19, 11, 7, 0, 2, 0, 3, 12, 22, 37, 42, 63, 79, 79, 99, 96, 111, 121, 116, 127, 127, 127, 124, 114, 116, 111, 96, 83, 44, 43, 44, 31, 18, 10, 5, 0, 0, 0, 0, 3, 5, 3, 12, 31, 41, 58, 59, 76, 96, 101, 127, 127, 127, 127, 119, 121, 127, 107, 89, 73, 66, 44, 40, 29, 11, 13, 12, 17, 8, 3, 0, 0, 13, 9, 19, 35, 48, 62, 71, 85, 97, 105, 117, 123, 127, 127, 127, 125, 122, 121, 110, 107, 73, 65]","[110, 83, 65, 55, 50, 40, 26, 23, 19, 11, 7, 0, 2, 0, 3, 12, 22, 37, 42, 63, 79, 79, 99, 96, 111, 121, 116, 127, 127, 127, 124, 114, 116, 111, 96, 83, 44, 43, 44, 31, 18, 10, 5, 0, 0, 0, 0, 3, 5, 3, 12, 31, 41, 58, 59, 76, 96, 101, 127, 127, 127, 127, 119, 121, 127, 107, 89, 73, 66, 44, 40, 29, 11, 13, 12, 17, 8, 3, 0, 0, 13, 9, 19, 35, 48, 62, 71, 85, 97, 105, 117, 123, 127, 127, 127, 125, 122, 121, 110, 107, 73, 65]"
