method_key,method,beta,target,avg_time,avg_reward,avg_logprob,avg_edit_distance,avg_normalized_edit_distance
unguided,Unguided,10,Linear,1.3089028591988607,0.15976924351257923,-2769.259114074707,236.65,0.9244140625
best_of_k,Rejection Sampling,10,Linear,13.05998142074095,0.18666211621728915,-2104.5075286865235,218.65,0.8541015625
bootstrap_smc,Bootstrap SMC,10,Linear,6.198101815162227,0.2232445128262043,-1079.2539321899415,196.5,0.767578125
exact_guidance_u,Exact Guidance,10,Linear,650.5897443606693,0.20648846296112713,-1163.4427993774414,207.7,0.811328125
unguided,Unguided,20,Linear,1.2608101953053847,0.15212903206567227,-2918.1622985839845,241.05,0.9416015625
best_of_k,Rejection Sampling,20,Linear,12.388987494655884,0.21102791756966405,-1894.5846008300782,203.9,0.796484375
bootstrap_smc,Bootstrap SMC,20,Linear,5.268790181644727,0.23808098807930947,-1435.2038711547852,193.0,0.75390625
exact_guidance_u,Exact Guidance,20,Linear,576.2465940143913,0.3171303744256887,-386.9088333129883,148.0,0.578125
