target,beta,method_key,step,sample_idx,seq_len_full,seq_len_semantic,tokens_full_json,tokens_semantic_json
In-Distribution,10,exact_guidance_u,0,0,1,0,[129],[]
In-Distribution,10,exact_guidance_u,1,0,1,0,[129],[]
In-Distribution,10,exact_guidance_u,2,0,2,1,"[129, 63]",[63]
In-Distribution,10,exact_guidance_u,3,0,3,2,"[129, 51, 63]","[51, 63]"
In-Distribution,10,exact_guidance_u,4,0,3,2,"[129, 51, 63]","[51, 63]"
In-Distribution,10,exact_guidance_u,5,0,3,2,"[129, 51, 63]","[51, 63]"
In-Distribution,10,exact_guidance_u,6,0,3,2,"[129, 51, 63]","[51, 63]"
In-Distribution,10,exact_guidance_u,7,0,3,2,"[129, 51, 63]","[51, 63]"
In-Distribution,10,exact_guidance_u,8,0,3,2,"[129, 51, 63]","[51, 63]"
In-Distribution,10,exact_guidance_u,9,0,3,2,"[129, 51, 63]","[51, 63]"
In-Distribution,10,exact_guidance_u,10,0,4,3,"[129, 51, 63, 5]","[51, 63, 5]"
In-Distribution,10,exact_guidance_u,11,0,6,5,"[129, 51, 80, 63, 5, 37]","[51, 80, 63, 5, 37]"
In-Distribution,10,exact_guidance_u,12,0,6,5,"[129, 51, 80, 63, 5, 37]","[51, 80, 63, 5, 37]"
In-Distribution,10,exact_guidance_u,13,0,6,5,"[129, 51, 80, 63, 5, 37]","[51, 80, 63, 5, 37]"
In-Distribution,10,exact_guidance_u,14,0,6,5,"[129, 51, 80, 63, 5, 37]","[51, 80, 63, 5, 37]"
In-Distribution,10,exact_guidance_u,15,0,6,5,"[129, 51, 80, 63, 5, 37]","[51, 80, 63, 5, 37]"
In-Distribution,10,exact_guidance_u,16,0,7,6,"[129, 51, 101, 80, 63, 5, 37]","[51, 101, 80, 63, 5, 37]"
In-Distribution,10,exact_guidance_u,17,0,7,6,"[129, 51, 101, 80, 63, 5, 37]","[51, 101, 80, 63, 5, 37]"
In-Distribution,10,exact_guidance_u,18,0,8,7,"[129, 51, 101, 80, 63, 5, 89, 37]","[51, 101, 80, 63, 5, 89, 37]"
In-Distribution,10,exact_guidance_u,19,0,8,7,"[129, 51, 101, 80, 63, 5, 89, 37]","[51, 101, 80, 63, 5, 89, 37]"
In-Distribution,10,exact_guidance_u,20,0,10,9,"[129, 51, 101, 80, 63, 127, 5, 39, 89, 37]","[51, 101, 80, 63, 127, 5, 39, 89, 37]"
In-Distribution,10,exact_guidance_u,21,0,13,12,"[129, 51, 101, 127, 80, 29, 63, 127, 127, 5, 39, 89, 37]","[51, 101, 127, 80, 29, 63, 127, 127, 5, 39, 89, 37]"
In-Distribution,10,exact_guidance_u,22,0,19,18,"[129, 51, 101, 127, 80, 29, 49, 63, 127, 127, 0, 5, 2, 39, 88, 89, 98, 37, 19]","[51, 101, 127, 80, 29, 49, 63, 127, 127, 0, 5, 2, 39, 88, 89, 98, 37, 19]"
In-Distribution,10,exact_guidance_u,23,0,23,22,"[129, 51, 101, 127, 127, 80, 6, 29, 49, 63, 127, 127, 121, 0, 5, 2, 39, 88, 89, 98, 37, 19, 8]","[51, 101, 127, 127, 80, 6, 29, 49, 63, 127, 127, 121, 0, 5, 2, 39, 88, 89, 98, 37, 19, 8]"
In-Distribution,10,exact_guidance_u,24,0,27,26,"[129, 51, 101, 117, 127, 127, 107, 80, 6, 29, 49, 63, 109, 127, 127, 121, 83, 0, 5, 2, 39, 88, 89, 98, 37, 19, 8]","[51, 101, 117, 127, 127, 107, 80, 6, 29, 49, 63, 109, 127, 127, 121, 83, 0, 5, 2, 39, 88, 89, 98, 37, 19, 8]"
In-Distribution,10,exact_guidance_u,25,0,33,32,"[129, 51, 101, 117, 127, 127, 107, 80, 0, 6, 29, 49, 63, 109, 127, 127, 121, 109, 83, 4, 0, 5, 2, 33, 39, 88, 89, 107, 98, 37, 19, 4, 8]","[51, 101, 117, 127, 127, 107, 80, 0, 6, 29, 49, 63, 109, 127, 127, 121, 109, 83, 4, 0, 5, 2, 33, 39, 88, 89, 107, 98, 37, 19, 4, 8]"
In-Distribution,10,exact_guidance_u,26,0,38,37,"[129, 51, 101, 117, 127, 127, 107, 80, 69, 0, 6, 29, 49, 63, 109, 127, 127, 121, 109, 83, 4, 0, 5, 2, 33, 39, 76, 88, 89, 127, 107, 98, 65, 37, 19, 4, 0, 8]","[51, 101, 117, 127, 127, 107, 80, 69, 0, 6, 29, 49, 63, 109, 127, 127, 121, 109, 83, 4, 0, 5, 2, 33, 39, 76, 88, 89, 127, 107, 98, 65, 37, 19, 4, 0, 8]"
In-Distribution,10,exact_guidance_u,27,0,43,42,"[129, 51, 101, 117, 127, 127, 107, 80, 69, 0, 6, 29, 49, 63, 89, 109, 127, 127, 121, 109, 103, 83, 31, 4, 0, 5, 2, 17, 33, 39, 76, 88, 89, 127, 107, 98, 65, 37, 37, 19, 4, 0, 8]","[51, 101, 117, 127, 127, 107, 80, 69, 0, 6, 29, 49, 63, 89, 109, 127, 127, 121, 109, 103, 83, 31, 4, 0, 5, 2, 17, 33, 39, 76, 88, 89, 127, 107, 98, 65, 37, 37, 19, 4, 0, 8]"
In-Distribution,10,exact_guidance_u,28,0,45,44,"[129, 51, 59, 101, 117, 127, 127, 107, 80, 69, 67, 0, 6, 29, 49, 63, 89, 109, 127, 127, 121, 109, 103, 83, 31, 4, 0, 5, 2, 17, 33, 39, 76, 88, 89, 127, 107, 98, 65, 37, 37, 19, 4, 0, 8]","[51, 59, 101, 117, 127, 127, 107, 80, 69, 67, 0, 6, 29, 49, 63, 89, 109, 127, 127, 121, 109, 103, 83, 31, 4, 0, 5, 2, 17, 33, 39, 76, 88, 89, 127, 107, 98, 65, 37, 37, 19, 4, 0, 8]"
In-Distribution,10,exact_guidance_u,29,0,49,48,"[129, 51, 59, 101, 117, 127, 127, 107, 102, 80, 69, 67, 28, 0, 6, 29, 49, 63, 89, 109, 127, 127, 121, 109, 103, 83, 31, 4, 0, 5, 2, 17, 33, 39, 76, 88, 89, 125, 127, 107, 98, 88, 65, 37, 37, 19, 4, 0, 8]","[51, 59, 101, 117, 127, 127, 107, 102, 80, 69, 67, 28, 0, 6, 29, 49, 63, 89, 109, 127, 127, 121, 109, 103, 83, 31, 4, 0, 5, 2, 17, 33, 39, 76, 88, 89, 125, 127, 107, 98, 88, 65, 37, 37, 19, 4, 0, 8]"
In-Distribution,10,exact_guidance_u,30,0,52,51,"[129, 51, 59, 101, 117, 127, 127, 107, 102, 80, 69, 67, 28, 23, 0, 6, 29, 49, 63, 89, 109, 127, 122, 127, 121, 109, 103, 83, 31, 4, 0, 5, 2, 17, 33, 39, 76, 88, 89, 127, 125, 127, 107, 98, 88, 65, 37, 37, 19, 4, 0, 8]","[51, 59, 101, 117, 127, 127, 107, 102, 80, 69, 67, 28, 23, 0, 6, 29, 49, 63, 89, 109, 127, 122, 127, 121, 109, 103, 83, 31, 4, 0, 5, 2, 17, 33, 39, 76, 88, 89, 127, 125, 127, 107, 98, 88, 65, 37, 37, 19, 4, 0, 8]"
In-Distribution,10,exact_guidance_u,31,0,61,60,"[129, 51, 59, 96, 101, 117, 127, 127, 127, 124, 107, 102, 80, 69, 67, 28, 23, 0, 0, 0, 6, 29, 49, 63, 89, 109, 127, 127, 122, 127, 121, 109, 103, 83, 31, 4, 0, 5, 2, 17, 23, 33, 39, 76, 88, 89, 127, 125, 127, 107, 98, 88, 65, 61, 37, 37, 19, 4, 0, 8, 13]","[51, 59, 96, 101, 117, 127, 127, 127, 124, 107, 102, 80, 69, 67, 28, 23, 0, 0, 0, 6, 29, 49, 63, 89, 109, 127, 127, 122, 127, 121, 109, 103, 83, 31, 4, 0, 5, 2, 17, 23, 33, 39, 76, 88, 89, 127, 125, 127, 107, 98, 88, 65, 61, 37, 37, 19, 4, 0, 8, 13]"
In-Distribution,10,exact_guidance_u,32,0,62,61,"[129, 51, 59, 96, 101, 117, 127, 127, 127, 124, 107, 102, 80, 69, 67, 28, 23, 0, 0, 0, 6, 29, 49, 63, 89, 109, 127, 127, 122, 127, 121, 109, 103, 83, 31, 4, 0, 5, 2, 17, 23, 33, 39, 47, 76, 88, 89, 127, 125, 127, 107, 98, 88, 65, 61, 37, 37, 19, 4, 0, 8, 13]","[51, 59, 96, 101, 117, 127, 127, 127, 124, 107, 102, 80, 69, 67, 28, 23, 0, 0, 0, 6, 29, 49, 63, 89, 109, 127, 127, 122, 127, 121, 109, 103, 83, 31, 4, 0, 5, 2, 17, 23, 33, 39, 47, 76, 88, 89, 127, 125, 127, 107, 98, 88, 65, 61, 37, 37, 19, 4, 0, 8, 13]"
In-Distribution,10,exact_guidance_u,33,0,64,63,"[129, 51, 59, 96, 101, 117, 127, 127, 127, 124, 107, 102, 80, 69, 67, 28, 23, 0, 0, 0, 6, 29, 49, 63, 89, 109, 127, 127, 122, 127, 121, 109, 103, 83, 31, 4, 0, 5, 2, 17, 23, 33, 39, 47, 76, 88, 89, 127, 125, 117, 127, 107, 98, 88, 65, 61, 37, 37, 19, 6, 4, 0, 8, 13]","[51, 59, 96, 101, 117, 127, 127, 127, 124, 107, 102, 80, 69, 67, 28, 23, 0, 0, 0, 6, 29, 49, 63, 89, 109, 127, 127, 122, 127, 121, 109, 103, 83, 31, 4, 0, 5, 2, 17, 23, 33, 39, 47, 76, 88, 89, 127, 125, 117, 127, 107, 98, 88, 65, 61, 37, 37, 19, 6, 4, 0, 8, 13]"
In-Distribution,10,exact_guidance_u,34,0,65,64,"[129, 51, 59, 96, 101, 117, 127, 127, 127, 124, 107, 102, 80, 69, 67, 28, 23, 0, 2, 0, 0, 6, 29, 49, 63, 89, 109, 127, 127, 122, 127, 121, 109, 103, 83, 31, 4, 0, 5, 2, 17, 23, 33, 39, 47, 76, 88, 89, 127, 125, 117, 127, 107, 98, 88, 65, 61, 37, 37, 19, 6, 4, 0, 8, 13]","[51, 59, 96, 101, 117, 127, 127, 127, 124, 107, 102, 80, 69, 67, 28, 23, 0, 2, 0, 0, 6, 29, 49, 63, 89, 109, 127, 127, 122, 127, 121, 109, 103, 83, 31, 4, 0, 5, 2, 17, 23, 33, 39, 47, 76, 88, 89, 127, 125, 117, 127, 107, 98, 88, 65, 61, 37, 37, 19, 6, 4, 0, 8, 13]"
In-Distribution,10,exact_guidance_u,35,0,70,69,"[129, 51, 59, 96, 101, 117, 127, 127, 127, 124, 107, 102, 80, 69, 67, 28, 23, 0, 2, 0, 0, 6, 29, 49, 63, 89, 109, 127, 127, 122, 127, 121, 109, 103, 83, 63, 31, 4, 0, 5, 9, 2, 17, 23, 33, 39, 47, 76, 88, 89, 127, 125, 117, 127, 107, 98, 88, 65, 61, 37, 37, 19, 6, 0, 4, 0, 0, 8, 0, 13]","[51, 59, 96, 101, 117, 127, 127, 127, 124, 107, 102, 80, 69, 67, 28, 23, 0, 2, 0, 0, 6, 29, 49, 63, 89, 109, 127, 127, 122, 127, 121, 109, 103, 83, 63, 31, 4, 0, 5, 9, 2, 17, 23, 33, 39, 47, 76, 88, 89, 127, 125, 117, 127, 107, 98, 88, 65, 61, 37, 37, 19, 6, 0, 4, 0, 0, 8, 0, 13]"
In-Distribution,10,exact_guidance_u,36,0,72,71,"[129, 51, 59, 96, 101, 117, 127, 127, 127, 124, 107, 102, 80, 69, 67, 28, 23, 0, 2, 0, 0, 6, 29, 49, 63, 89, 109, 127, 127, 127, 127, 122, 127, 121, 109, 103, 83, 63, 31, 4, 0, 5, 9, 2, 17, 23, 33, 39, 47, 76, 88, 89, 127, 125, 117, 127, 107, 98, 88, 65, 61, 37, 37, 19, 6, 0, 4, 0, 0, 8, 0, 13]","[51, 59, 96, 101, 117, 127, 127, 127, 124, 107, 102, 80, 69, 67, 28, 23, 0, 2, 0, 0, 6, 29, 49, 63, 89, 109, 127, 127, 127, 127, 122, 127, 121, 109, 103, 83, 63, 31, 4, 0, 5, 9, 2, 17, 23, 33, 39, 47, 76, 88, 89, 127, 125, 117, 127, 107, 98, 88, 65, 61, 37, 37, 19, 6, 0, 4, 0, 0, 8, 0, 13]"
In-Distribution,10,exact_guidance_u,37,0,76,75,"[129, 51, 59, 96, 101, 117, 127, 127, 127, 127, 124, 107, 102, 80, 69, 67, 28, 23, 0, 2, 0, 0, 6, 14, 29, 49, 63, 68, 89, 109, 127, 127, 127, 127, 122, 127, 121, 109, 103, 83, 63, 31, 4, 0, 5, 9, 2, 17, 23, 33, 39, 47, 76, 88, 89, 127, 125, 117, 127, 107, 98, 88, 65, 61, 37, 37, 19, 6, 0, 4, 0, 0, 8, 0, 9, 13]","[51, 59, 96, 101, 117, 127, 127, 127, 127, 124, 107, 102, 80, 69, 67, 28, 23, 0, 2, 0, 0, 6, 14, 29, 49, 63, 68, 89, 109, 127, 127, 127, 127, 122, 127, 121, 109, 103, 83, 63, 31, 4, 0, 5, 9, 2, 17, 23, 33, 39, 47, 76, 88, 89, 127, 125, 117, 127, 107, 98, 88, 65, 61, 37, 37, 19, 6, 0, 4, 0, 0, 8, 0, 9, 13]"
In-Distribution,10,exact_guidance_u,38,0,80,79,"[129, 51, 59, 96, 101, 117, 127, 127, 127, 127, 124, 107, 102, 80, 69, 67, 28, 23, 0, 2, 0, 0, 6, 14, 29, 49, 63, 68, 89, 109, 127, 127, 127, 127, 122, 127, 121, 109, 103, 83, 63, 42, 31, 4, 0, 5, 9, 2, 17, 23, 33, 39, 47, 76, 88, 89, 102, 127, 125, 117, 127, 116, 107, 98, 88, 73, 65, 61, 37, 37, 19, 6, 0, 4, 0, 0, 8, 0, 9, 13]","[51, 59, 96, 101, 117, 127, 127, 127, 127, 124, 107, 102, 80, 69, 67, 28, 23, 0, 2, 0, 0, 6, 14, 29, 49, 63, 68, 89, 109, 127, 127, 127, 127, 122, 127, 121, 109, 103, 83, 63, 42, 31, 4, 0, 5, 9, 2, 17, 23, 33, 39, 47, 76, 88, 89, 102, 127, 125, 117, 127, 116, 107, 98, 88, 73, 65, 61, 37, 37, 19, 6, 0, 4, 0, 0, 8, 0, 9, 13]"
In-Distribution,10,exact_guidance_u,39,0,83,82,"[129, 51, 59, 96, 101, 117, 127, 127, 127, 127, 124, 107, 102, 80, 69, 67, 44, 28, 23, 26, 0, 2, 0, 0, 6, 14, 29, 49, 63, 68, 89, 109, 127, 127, 127, 127, 122, 127, 121, 109, 103, 83, 63, 42, 31, 4, 0, 5, 9, 2, 17, 23, 33, 39, 47, 76, 88, 89, 102, 119, 127, 125, 117, 127, 116, 107, 98, 88, 73, 65, 61, 37, 37, 19, 6, 0, 4, 0, 0, 8, 0, 9, 13]","[51, 59, 96, 101, 117, 127, 127, 127, 127, 124, 107, 102, 80, 69, 67, 44, 28, 23, 26, 0, 2, 0, 0, 6, 14, 29, 49, 63, 68, 89, 109, 127, 127, 127, 127, 122, 127, 121, 109, 103, 83, 63, 42, 31, 4, 0, 5, 9, 2, 17, 23, 33, 39, 47, 76, 88, 89, 102, 119, 127, 125, 117, 127, 116, 107, 98, 88, 73, 65, 61, 37, 37, 19, 6, 0, 4, 0, 0, 8, 0, 9, 13]"
In-Distribution,10,exact_guidance_u,40,0,86,85,"[129, 51, 59, 96, 101, 117, 127, 127, 127, 127, 124, 107, 102, 80, 69, 67, 44, 42, 28, 23, 26, 0, 2, 0, 0, 6, 11, 14, 29, 49, 63, 68, 89, 109, 127, 127, 127, 127, 122, 127, 121, 109, 103, 83, 63, 42, 31, 4, 0, 5, 9, 2, 17, 23, 33, 39, 47, 76, 88, 89, 102, 103, 119, 127, 125, 117, 127, 116, 107, 98, 88, 73, 65, 61, 37, 37, 19, 6, 0, 4, 0, 0, 8, 0, 9, 13]","[51, 59, 96, 101, 117, 127, 127, 127, 127, 124, 107, 102, 80, 69, 67, 44, 42, 28, 23, 26, 0, 2, 0, 0, 6, 11, 14, 29, 49, 63, 68, 89, 109, 127, 127, 127, 127, 122, 127, 121, 109, 103, 83, 63, 42, 31, 4, 0, 5, 9, 2, 17, 23, 33, 39, 47, 76, 88, 89, 102, 103, 119, 127, 125, 117, 127, 116, 107, 98, 88, 73, 65, 61, 37, 37, 19, 6, 0, 4, 0, 0, 8, 0, 9, 13]"
In-Distribution,10,exact_guidance_u,41,0,89,88,"[129, 51, 59, 96, 101, 110, 117, 127, 127, 127, 127, 124, 107, 102, 80, 69, 67, 44, 42, 28, 23, 26, 0, 2, 0, 0, 6, 11, 14, 29, 41, 49, 63, 68, 89, 109, 127, 127, 127, 127, 122, 127, 121, 109, 103, 83, 63, 42, 31, 4, 0, 5, 9, 2, 17, 23, 33, 39, 47, 76, 88, 89, 102, 103, 119, 127, 127, 125, 117, 127, 116, 107, 98, 88, 73, 65, 61, 37, 37, 19, 6, 0, 4, 0, 0, 8, 0, 9, 13]","[51, 59, 96, 101, 110, 117, 127, 127, 127, 127, 124, 107, 102, 80, 69, 67, 44, 42, 28, 23, 26, 0, 2, 0, 0, 6, 11, 14, 29, 41, 49, 63, 68, 89, 109, 127, 127, 127, 127, 122, 127, 121, 109, 103, 83, 63, 42, 31, 4, 0, 5, 9, 2, 17, 23, 33, 39, 47, 76, 88, 89, 102, 103, 119, 127, 127, 125, 117, 127, 116, 107, 98, 88, 73, 65, 61, 37, 37, 19, 6, 0, 4, 0, 0, 8, 0, 9, 13]"
In-Distribution,10,exact_guidance_u,42,0,89,88,"[129, 51, 59, 96, 101, 110, 117, 127, 127, 127, 127, 124, 107, 102, 80, 69, 67, 44, 42, 28, 23, 26, 0, 2, 0, 0, 6, 11, 14, 29, 41, 49, 63, 68, 89, 109, 127, 127, 127, 127, 122, 127, 121, 109, 103, 83, 63, 42, 31, 4, 0, 5, 9, 2, 17, 23, 33, 39, 47, 76, 88, 89, 102, 103, 119, 127, 127, 125, 117, 127, 116, 107, 98, 88, 73, 65, 61, 37, 37, 19, 6, 0, 4, 0, 0, 8, 0, 9, 13]","[51, 59, 96, 101, 110, 117, 127, 127, 127, 127, 124, 107, 102, 80, 69, 67, 44, 42, 28, 23, 26, 0, 2, 0, 0, 6, 11, 14, 29, 41, 49, 63, 68, 89, 109, 127, 127, 127, 127, 122, 127, 121, 109, 103, 83, 63, 42, 31, 4, 0, 5, 9, 2, 17, 23, 33, 39, 47, 76, 88, 89, 102, 103, 119, 127, 127, 125, 117, 127, 116, 107, 98, 88, 73, 65, 61, 37, 37, 19, 6, 0, 4, 0, 0, 8, 0, 9, 13]"
In-Distribution,10,exact_guidance_u,43,0,90,89,"[129, 51, 59, 96, 101, 110, 117, 127, 127, 127, 127, 124, 107, 102, 80, 69, 67, 44, 42, 28, 23, 26, 0, 2, 0, 0, 6, 11, 14, 29, 41, 49, 63, 68, 89, 109, 127, 127, 127, 127, 122, 127, 121, 109, 103, 83, 63, 42, 31, 4, 1, 0, 5, 9, 2, 17, 23, 33, 39, 47, 76, 88, 89, 102, 103, 119, 127, 127, 125, 117, 127, 116, 107, 98, 88, 73, 65, 61, 37, 37, 19, 6, 0, 4, 0, 0, 8, 0, 9, 13]","[51, 59, 96, 101, 110, 117, 127, 127, 127, 127, 124, 107, 102, 80, 69, 67, 44, 42, 28, 23, 26, 0, 2, 0, 0, 6, 11, 14, 29, 41, 49, 63, 68, 89, 109, 127, 127, 127, 127, 122, 127, 121, 109, 103, 83, 63, 42, 31, 4, 1, 0, 5, 9, 2, 17, 23, 33, 39, 47, 76, 88, 89, 102, 103, 119, 127, 127, 125, 117, 127, 116, 107, 98, 88, 73, 65, 61, 37, 37, 19, 6, 0, 4, 0, 0, 8, 0, 9, 13]"
In-Distribution,10,exact_guidance_u,44,0,90,89,"[129, 51, 59, 96, 101, 110, 117, 127, 127, 127, 127, 124, 107, 102, 80, 69, 67, 44, 42, 28, 23, 26, 0, 2, 0, 0, 6, 11, 14, 29, 41, 49, 63, 68, 89, 109, 127, 127, 127, 127, 122, 127, 121, 109, 103, 83, 63, 42, 31, 4, 1, 0, 5, 9, 2, 17, 23, 33, 39, 47, 76, 88, 89, 102, 103, 119, 127, 127, 125, 117, 127, 116, 107, 98, 88, 73, 65, 61, 37, 37, 19, 6, 0, 4, 0, 0, 8, 0, 9, 13]","[51, 59, 96, 101, 110, 117, 127, 127, 127, 127, 124, 107, 102, 80, 69, 67, 44, 42, 28, 23, 26, 0, 2, 0, 0, 6, 11, 14, 29, 41, 49, 63, 68, 89, 109, 127, 127, 127, 127, 122, 127, 121, 109, 103, 83, 63, 42, 31, 4, 1, 0, 5, 9, 2, 17, 23, 33, 39, 47, 76, 88, 89, 102, 103, 119, 127, 127, 125, 117, 127, 116, 107, 98, 88, 73, 65, 61, 37, 37, 19, 6, 0, 4, 0, 0, 8, 0, 9, 13]"
In-Distribution,10,exact_guidance_u,45,0,90,89,"[129, 51, 59, 96, 101, 110, 117, 127, 127, 127, 127, 124, 107, 102, 80, 69, 67, 44, 42, 28, 23, 26, 0, 2, 0, 0, 6, 11, 14, 29, 41, 49, 63, 68, 89, 109, 127, 127, 127, 127, 122, 127, 121, 109, 103, 83, 63, 42, 31, 4, 1, 0, 5, 9, 2, 17, 23, 33, 39, 47, 76, 88, 89, 102, 103, 119, 127, 127, 125, 117, 127, 116, 107, 98, 88, 73, 65, 61, 37, 37, 19, 6, 0, 4, 0, 0, 8, 0, 9, 13]","[51, 59, 96, 101, 110, 117, 127, 127, 127, 127, 124, 107, 102, 80, 69, 67, 44, 42, 28, 23, 26, 0, 2, 0, 0, 6, 11, 14, 29, 41, 49, 63, 68, 89, 109, 127, 127, 127, 127, 122, 127, 121, 109, 103, 83, 63, 42, 31, 4, 1, 0, 5, 9, 2, 17, 23, 33, 39, 47, 76, 88, 89, 102, 103, 119, 127, 127, 125, 117, 127, 116, 107, 98, 88, 73, 65, 61, 37, 37, 19, 6, 0, 4, 0, 0, 8, 0, 9, 13]"
In-Distribution,10,exact_guidance_u,46,0,93,92,"[129, 51, 59, 96, 106, 101, 110, 117, 127, 127, 127, 127, 124, 107, 102, 80, 69, 67, 44, 42, 28, 23, 26, 0, 2, 0, 0, 6, 11, 14, 29, 41, 49, 63, 68, 89, 109, 127, 127, 127, 127, 122, 127, 123, 121, 109, 103, 83, 63, 42, 31, 4, 1, 0, 5, 9, 2, 17, 23, 33, 39, 47, 76, 88, 89, 102, 103, 119, 127, 127, 125, 117, 127, 116, 107, 98, 88, 73, 65, 61, 37, 37, 19, 6, 0, 4, 0, 0, 8, 0, 11, 9, 13]","[51, 59, 96, 106, 101, 110, 117, 127, 127, 127, 127, 124, 107, 102, 80, 69, 67, 44, 42, 28, 23, 26, 0, 2, 0, 0, 6, 11, 14, 29, 41, 49, 63, 68, 89, 109, 127, 127, 127, 127, 122, 127, 123, 121, 109, 103, 83, 63, 42, 31, 4, 1, 0, 5, 9, 2, 17, 23, 33, 39, 47, 76, 88, 89, 102, 103, 119, 127, 127, 125, 117, 127, 116, 107, 98, 88, 73, 65, 61, 37, 37, 19, 6, 0, 4, 0, 0, 8, 0, 11, 9, 13]"
In-Distribution,10,exact_guidance_u,47,0,94,93,"[129, 51, 59, 96, 106, 101, 110, 117, 127, 127, 127, 127, 124, 107, 102, 80, 69, 67, 44, 42, 28, 23, 26, 0, 2, 0, 0, 6, 11, 14, 29, 41, 49, 63, 68, 89, 109, 127, 127, 127, 127, 122, 127, 123, 121, 109, 103, 83, 95, 63, 42, 31, 4, 1, 0, 5, 9, 2, 17, 23, 33, 39, 47, 76, 88, 89, 102, 103, 119, 127, 127, 125, 117, 127, 116, 107, 98, 88, 73, 65, 61, 37, 37, 19, 6, 0, 4, 0, 0, 8, 0, 11, 9, 13]","[51, 59, 96, 106, 101, 110, 117, 127, 127, 127, 127, 124, 107, 102, 80, 69, 67, 44, 42, 28, 23, 26, 0, 2, 0, 0, 6, 11, 14, 29, 41, 49, 63, 68, 89, 109, 127, 127, 127, 127, 122, 127, 123, 121, 109, 103, 83, 95, 63, 42, 31, 4, 1, 0, 5, 9, 2, 17, 23, 33, 39, 47, 76, 88, 89, 102, 103, 119, 127, 127, 125, 117, 127, 116, 107, 98, 88, 73, 65, 61, 37, 37, 19, 6, 0, 4, 0, 0, 8, 0, 11, 9, 13]"
In-Distribution,10,exact_guidance_u,48,0,95,94,"[129, 51, 59, 96, 106, 101, 110, 117, 127, 127, 127, 127, 124, 107, 102, 80, 69, 67, 44, 42, 28, 23, 26, 0, 2, 0, 0, 6, 11, 14, 29, 41, 49, 63, 68, 89, 109, 127, 127, 127, 127, 122, 127, 123, 121, 109, 110, 103, 83, 95, 63, 42, 31, 4, 1, 0, 5, 9, 2, 17, 23, 33, 39, 47, 76, 88, 89, 102, 103, 119, 127, 127, 125, 117, 127, 116, 107, 98, 88, 73, 65, 61, 37, 37, 19, 6, 0, 4, 0, 0, 8, 0, 11, 9, 13]","[51, 59, 96, 106, 101, 110, 117, 127, 127, 127, 127, 124, 107, 102, 80, 69, 67, 44, 42, 28, 23, 26, 0, 2, 0, 0, 6, 11, 14, 29, 41, 49, 63, 68, 89, 109, 127, 127, 127, 127, 122, 127, 123, 121, 109, 110, 103, 83, 95, 63, 42, 31, 4, 1, 0, 5, 9, 2, 17, 23, 33, 39, 47, 76, 88, 89, 102, 103, 119, 127, 127, 125, 117, 127, 116, 107, 98, 88, 73, 65, 61, 37, 37, 19, 6, 0, 4, 0, 0, 8, 0, 11, 9, 13]"
In-Distribution,10,exact_guidance_u,49,0,95,94,"[129, 51, 59, 96, 106, 101, 110, 117, 127, 127, 127, 127, 124, 107, 102, 80, 69, 67, 44, 42, 28, 23, 26, 0, 2, 0, 0, 6, 11, 14, 29, 41, 49, 63, 68, 89, 109, 127, 127, 127, 127, 122, 127, 123, 121, 109, 110, 103, 83, 95, 63, 42, 31, 4, 1, 0, 5, 9, 2, 17, 23, 33, 39, 47, 76, 88, 89, 102, 103, 119, 127, 127, 125, 117, 127, 116, 107, 98, 88, 73, 65, 61, 37, 37, 19, 6, 0, 4, 0, 0, 8, 0, 11, 9, 13]","[51, 59, 96, 106, 101, 110, 117, 127, 127, 127, 127, 124, 107, 102, 80, 69, 67, 44, 42, 28, 23, 26, 0, 2, 0, 0, 6, 11, 14, 29, 41, 49, 63, 68, 89, 109, 127, 127, 127, 127, 122, 127, 123, 121, 109, 110, 103, 83, 95, 63, 42, 31, 4, 1, 0, 5, 9, 2, 17, 23, 33, 39, 47, 76, 88, 89, 102, 103, 119, 127, 127, 125, 117, 127, 116, 107, 98, 88, 73, 65, 61, 37, 37, 19, 6, 0, 4, 0, 0, 8, 0, 11, 9, 13]"
In-Distribution,10,exact_guidance_u,50,0,98,97,"[129, 51, 59, 89, 96, 106, 101, 110, 117, 127, 127, 127, 127, 124, 107, 102, 80, 69, 67, 44, 42, 28, 23, 26, 0, 2, 0, 0, 0, 6, 11, 14, 29, 41, 49, 63, 68, 89, 109, 127, 127, 127, 127, 122, 127, 123, 121, 109, 110, 103, 83, 95, 63, 42, 31, 4, 1, 0, 5, 9, 2, 2, 17, 23, 33, 39, 47, 76, 88, 89, 102, 103, 119, 127, 127, 125, 117, 127, 116, 107, 98, 88, 73, 65, 61, 37, 37, 19, 6, 0, 4, 0, 0, 8, 0, 11, 9, 13]","[51, 59, 89, 96, 106, 101, 110, 117, 127, 127, 127, 127, 124, 107, 102, 80, 69, 67, 44, 42, 28, 23, 26, 0, 2, 0, 0, 0, 6, 11, 14, 29, 41, 49, 63, 68, 89, 109, 127, 127, 127, 127, 122, 127, 123, 121, 109, 110, 103, 83, 95, 63, 42, 31, 4, 1, 0, 5, 9, 2, 2, 17, 23, 33, 39, 47, 76, 88, 89, 102, 103, 119, 127, 127, 125, 117, 127, 116, 107, 98, 88, 73, 65, 61, 37, 37, 19, 6, 0, 4, 0, 0, 8, 0, 11, 9, 13]"
In-Distribution,10,exact_guidance_u,51,0,98,97,"[129, 51, 59, 89, 96, 106, 101, 110, 117, 127, 127, 127, 127, 124, 107, 102, 80, 69, 67, 44, 42, 28, 23, 26, 0, 2, 0, 0, 0, 6, 11, 14, 29, 41, 49, 63, 68, 89, 109, 127, 127, 127, 127, 122, 127, 123, 121, 109, 110, 103, 83, 95, 63, 42, 31, 4, 1, 0, 5, 9, 2, 2, 17, 23, 33, 39, 47, 76, 88, 89, 102, 103, 119, 127, 127, 125, 117, 127, 116, 107, 98, 88, 73, 65, 61, 37, 37, 19, 6, 0, 4, 0, 0, 8, 0, 11, 9, 13]","[51, 59, 89, 96, 106, 101, 110, 117, 127, 127, 127, 127, 124, 107, 102, 80, 69, 67, 44, 42, 28, 23, 26, 0, 2, 0, 0, 0, 6, 11, 14, 29, 41, 49, 63, 68, 89, 109, 127, 127, 127, 127, 122, 127, 123, 121, 109, 110, 103, 83, 95, 63, 42, 31, 4, 1, 0, 5, 9, 2, 2, 17, 23, 33, 39, 47, 76, 88, 89, 102, 103, 119, 127, 127, 125, 117, 127, 116, 107, 98, 88, 73, 65, 61, 37, 37, 19, 6, 0, 4, 0, 0, 8, 0, 11, 9, 13]"
In-Distribution,10,exact_guidance_u,52,0,98,97,"[129, 51, 59, 89, 96, 106, 101, 110, 117, 127, 127, 127, 127, 124, 107, 102, 80, 69, 67, 44, 42, 28, 23, 26, 0, 2, 0, 0, 0, 6, 11, 14, 29, 41, 49, 63, 68, 89, 109, 127, 127, 127, 127, 122, 127, 123, 121, 109, 110, 103, 83, 95, 63, 42, 31, 4, 1, 0, 5, 9, 2, 2, 17, 23, 33, 39, 47, 76, 88, 89, 102, 103, 119, 127, 127, 125, 117, 127, 116, 107, 98, 88, 73, 65, 61, 37, 37, 19, 6, 0, 4, 0, 0, 8, 0, 11, 9, 13]","[51, 59, 89, 96, 106, 101, 110, 117, 127, 127, 127, 127, 124, 107, 102, 80, 69, 67, 44, 42, 28, 23, 26, 0, 2, 0, 0, 0, 6, 11, 14, 29, 41, 49, 63, 68, 89, 109, 127, 127, 127, 127, 122, 127, 123, 121, 109, 110, 103, 83, 95, 63, 42, 31, 4, 1, 0, 5, 9, 2, 2, 17, 23, 33, 39, 47, 76, 88, 89, 102, 103, 119, 127, 127, 125, 117, 127, 116, 107, 98, 88, 73, 65, 61, 37, 37, 19, 6, 0, 4, 0, 0, 8, 0, 11, 9, 13]"
In-Distribution,10,exact_guidance_u,53,0,98,97,"[129, 51, 59, 89, 96, 106, 101, 110, 117, 127, 127, 127, 127, 124, 107, 102, 80, 69, 67, 44, 42, 28, 23, 26, 0, 2, 0, 0, 0, 6, 11, 14, 29, 41, 49, 63, 68, 89, 109, 127, 127, 127, 127, 122, 127, 123, 121, 109, 110, 103, 83, 95, 63, 42, 31, 4, 1, 0, 5, 9, 2, 2, 17, 23, 33, 39, 47, 76, 88, 89, 102, 103, 119, 127, 127, 125, 117, 127, 116, 107, 98, 88, 73, 65, 61, 37, 37, 19, 6, 0, 4, 0, 0, 8, 0, 11, 9, 13]","[51, 59, 89, 96, 106, 101, 110, 117, 127, 127, 127, 127, 124, 107, 102, 80, 69, 67, 44, 42, 28, 23, 26, 0, 2, 0, 0, 0, 6, 11, 14, 29, 41, 49, 63, 68, 89, 109, 127, 127, 127, 127, 122, 127, 123, 121, 109, 110, 103, 83, 95, 63, 42, 31, 4, 1, 0, 5, 9, 2, 2, 17, 23, 33, 39, 47, 76, 88, 89, 102, 103, 119, 127, 127, 125, 117, 127, 116, 107, 98, 88, 73, 65, 61, 37, 37, 19, 6, 0, 4, 0, 0, 8, 0, 11, 9, 13]"
In-Distribution,10,exact_guidance_u,54,0,98,97,"[129, 51, 59, 89, 96, 106, 101, 110, 117, 127, 127, 127, 127, 124, 107, 102, 80, 69, 67, 44, 42, 28, 23, 26, 0, 2, 0, 0, 0, 6, 11, 14, 29, 41, 49, 63, 68, 89, 109, 127, 127, 127, 127, 122, 127, 123, 121, 109, 110, 103, 83, 95, 63, 42, 31, 4, 1, 0, 5, 9, 2, 2, 17, 23, 33, 39, 47, 76, 88, 89, 102, 103, 119, 127, 127, 125, 117, 127, 116, 107, 98, 88, 73, 65, 61, 37, 37, 19, 6, 0, 4, 0, 0, 8, 0, 11, 9, 13]","[51, 59, 89, 96, 106, 101, 110, 117, 127, 127, 127, 127, 124, 107, 102, 80, 69, 67, 44, 42, 28, 23, 26, 0, 2, 0, 0, 0, 6, 11, 14, 29, 41, 49, 63, 68, 89, 109, 127, 127, 127, 127, 122, 127, 123, 121, 109, 110, 103, 83, 95, 63, 42, 31, 4, 1, 0, 5, 9, 2, 2, 17, 23, 33, 39, 47, 76, 88, 89, 102, 103, 119, 127, 127, 125, 117, 127, 116, 107, 98, 88, 73, 65, 61, 37, 37, 19, 6, 0, 4, 0, 0, 8, 0, 11, 9, 13]"
In-Distribution,10,exact_guidance_u,55,0,98,97,"[129, 51, 59, 89, 96, 106, 101, 110, 117, 127, 127, 127, 127, 124, 107, 102, 80, 69, 67, 44, 42, 28, 23, 26, 0, 2, 0, 0, 0, 6, 11, 14, 29, 41, 49, 63, 68, 89, 109, 127, 127, 127, 127, 122, 127, 123, 121, 109, 110, 103, 83, 95, 63, 42, 31, 4, 1, 0, 5, 9, 2, 2, 17, 23, 33, 39, 47, 76, 88, 89, 102, 103, 119, 127, 127, 125, 117, 127, 116, 107, 98, 88, 73, 65, 61, 37, 37, 19, 6, 0, 4, 0, 0, 8, 0, 11, 9, 13]","[51, 59, 89, 96, 106, 101, 110, 117, 127, 127, 127, 127, 124, 107, 102, 80, 69, 67, 44, 42, 28, 23, 26, 0, 2, 0, 0, 0, 6, 11, 14, 29, 41, 49, 63, 68, 89, 109, 127, 127, 127, 127, 122, 127, 123, 121, 109, 110, 103, 83, 95, 63, 42, 31, 4, 1, 0, 5, 9, 2, 2, 17, 23, 33, 39, 47, 76, 88, 89, 102, 103, 119, 127, 127, 125, 117, 127, 116, 107, 98, 88, 73, 65, 61, 37, 37, 19, 6, 0, 4, 0, 0, 8, 0, 11, 9, 13]"
In-Distribution,10,exact_guidance_u,56,0,98,97,"[129, 51, 59, 89, 96, 106, 101, 110, 117, 127, 127, 127, 127, 124, 107, 102, 80, 69, 67, 44, 42, 28, 23, 26, 0, 2, 0, 0, 0, 6, 11, 14, 29, 41, 49, 63, 68, 89, 109, 127, 127, 127, 127, 122, 127, 123, 121, 109, 110, 103, 83, 95, 63, 42, 31, 4, 1, 0, 5, 9, 2, 2, 17, 23, 33, 39, 47, 76, 88, 89, 102, 103, 119, 127, 127, 125, 117, 127, 116, 107, 98, 88, 73, 65, 61, 37, 37, 19, 6, 0, 4, 0, 0, 8, 0, 11, 9, 13]","[51, 59, 89, 96, 106, 101, 110, 117, 127, 127, 127, 127, 124, 107, 102, 80, 69, 67, 44, 42, 28, 23, 26, 0, 2, 0, 0, 0, 6, 11, 14, 29, 41, 49, 63, 68, 89, 109, 127, 127, 127, 127, 122, 127, 123, 121, 109, 110, 103, 83, 95, 63, 42, 31, 4, 1, 0, 5, 9, 2, 2, 17, 23, 33, 39, 47, 76, 88, 89, 102, 103, 119, 127, 127, 125, 117, 127, 116, 107, 98, 88, 73, 65, 61, 37, 37, 19, 6, 0, 4, 0, 0, 8, 0, 11, 9, 13]"
In-Distribution,10,exact_guidance_u,57,0,98,97,"[129, 51, 59, 89, 96, 106, 101, 110, 117, 127, 127, 127, 127, 124, 107, 102, 80, 69, 67, 44, 42, 28, 23, 26, 0, 2, 0, 0, 0, 6, 11, 14, 29, 41, 49, 63, 68, 89, 109, 127, 127, 127, 127, 122, 127, 123, 121, 109, 110, 103, 83, 95, 63, 42, 31, 4, 1, 0, 5, 9, 2, 2, 17, 23, 33, 39, 47, 76, 88, 89, 102, 103, 119, 127, 127, 125, 117, 127, 116, 107, 98, 88, 73, 65, 61, 37, 37, 19, 6, 0, 4, 0, 0, 8, 0, 11, 9, 13]","[51, 59, 89, 96, 106, 101, 110, 117, 127, 127, 127, 127, 124, 107, 102, 80, 69, 67, 44, 42, 28, 23, 26, 0, 2, 0, 0, 0, 6, 11, 14, 29, 41, 49, 63, 68, 89, 109, 127, 127, 127, 127, 122, 127, 123, 121, 109, 110, 103, 83, 95, 63, 42, 31, 4, 1, 0, 5, 9, 2, 2, 17, 23, 33, 39, 47, 76, 88, 89, 102, 103, 119, 127, 127, 125, 117, 127, 116, 107, 98, 88, 73, 65, 61, 37, 37, 19, 6, 0, 4, 0, 0, 8, 0, 11, 9, 13]"
In-Distribution,10,exact_guidance_u,58,0,98,97,"[129, 51, 59, 89, 96, 106, 101, 110, 117, 127, 127, 127, 127, 124, 107, 102, 80, 69, 67, 44, 42, 28, 23, 26, 0, 2, 0, 0, 0, 6, 11, 14, 29, 41, 49, 63, 68, 89, 109, 127, 127, 127, 127, 122, 127, 123, 121, 109, 110, 103, 83, 95, 63, 42, 31, 4, 1, 0, 5, 9, 2, 2, 17, 23, 33, 39, 47, 76, 88, 89, 102, 103, 119, 127, 127, 125, 117, 127, 116, 107, 98, 88, 73, 65, 61, 37, 37, 19, 6, 0, 4, 0, 0, 8, 0, 11, 9, 13]","[51, 59, 89, 96, 106, 101, 110, 117, 127, 127, 127, 127, 124, 107, 102, 80, 69, 67, 44, 42, 28, 23, 26, 0, 2, 0, 0, 0, 6, 11, 14, 29, 41, 49, 63, 68, 89, 109, 127, 127, 127, 127, 122, 127, 123, 121, 109, 110, 103, 83, 95, 63, 42, 31, 4, 1, 0, 5, 9, 2, 2, 17, 23, 33, 39, 47, 76, 88, 89, 102, 103, 119, 127, 127, 125, 117, 127, 116, 107, 98, 88, 73, 65, 61, 37, 37, 19, 6, 0, 4, 0, 0, 8, 0, 11, 9, 13]"
In-Distribution,10,exact_guidance_u,59,0,98,97,"[129, 51, 59, 89, 96, 106, 101, 110, 117, 127, 127, 127, 127, 124, 107, 102, 80, 69, 67, 44, 42, 28, 23, 26, 0, 2, 0, 0, 0, 6, 11, 14, 29, 41, 49, 63, 68, 89, 109, 127, 127, 127, 127, 122, 127, 123, 121, 109, 110, 103, 83, 95, 63, 42, 31, 4, 1, 0, 5, 9, 2, 2, 17, 23, 33, 39, 47, 76, 88, 89, 102, 103, 119, 127, 127, 125, 117, 127, 116, 107, 98, 88, 73, 65, 61, 37, 37, 19, 6, 0, 4, 0, 0, 8, 0, 11, 9, 13]","[51, 59, 89, 96, 106, 101, 110, 117, 127, 127, 127, 127, 124, 107, 102, 80, 69, 67, 44, 42, 28, 23, 26, 0, 2, 0, 0, 0, 6, 11, 14, 29, 41, 49, 63, 68, 89, 109, 127, 127, 127, 127, 122, 127, 123, 121, 109, 110, 103, 83, 95, 63, 42, 31, 4, 1, 0, 5, 9, 2, 2, 17, 23, 33, 39, 47, 76, 88, 89, 102, 103, 119, 127, 127, 125, 117, 127, 116, 107, 98, 88, 73, 65, 61, 37, 37, 19, 6, 0, 4, 0, 0, 8, 0, 11, 9, 13]"
In-Distribution,10,exact_guidance_u,60,0,98,97,"[129, 51, 59, 89, 96, 106, 101, 110, 117, 127, 127, 127, 127, 124, 107, 102, 80, 69, 67, 44, 42, 28, 23, 26, 0, 2, 0, 0, 0, 6, 11, 14, 29, 41, 49, 63, 68, 89, 109, 127, 127, 127, 127, 122, 127, 123, 121, 109, 110, 103, 83, 95, 63, 42, 31, 4, 1, 0, 5, 9, 2, 2, 17, 23, 33, 39, 47, 76, 88, 89, 102, 103, 119, 127, 127, 125, 117, 127, 116, 107, 98, 88, 73, 65, 61, 37, 37, 19, 6, 0, 4, 0, 0, 8, 0, 11, 9, 13]","[51, 59, 89, 96, 106, 101, 110, 117, 127, 127, 127, 127, 124, 107, 102, 80, 69, 67, 44, 42, 28, 23, 26, 0, 2, 0, 0, 0, 6, 11, 14, 29, 41, 49, 63, 68, 89, 109, 127, 127, 127, 127, 122, 127, 123, 121, 109, 110, 103, 83, 95, 63, 42, 31, 4, 1, 0, 5, 9, 2, 2, 17, 23, 33, 39, 47, 76, 88, 89, 102, 103, 119, 127, 127, 125, 117, 127, 116, 107, 98, 88, 73, 65, 61, 37, 37, 19, 6, 0, 4, 0, 0, 8, 0, 11, 9, 13]"
In-Distribution,10,exact_guidance_u,61,0,98,97,"[129, 51, 59, 89, 96, 106, 101, 110, 117, 127, 127, 127, 127, 124, 107, 102, 80, 69, 67, 44, 42, 28, 23, 26, 0, 2, 0, 0, 0, 6, 11, 14, 29, 41, 49, 63, 68, 89, 109, 127, 127, 127, 127, 122, 127, 123, 121, 109, 110, 103, 83, 95, 63, 42, 31, 4, 1, 0, 5, 9, 2, 2, 17, 23, 33, 39, 47, 76, 88, 89, 102, 103, 119, 127, 127, 125, 117, 127, 116, 107, 98, 88, 73, 65, 61, 37, 37, 19, 6, 0, 4, 0, 0, 8, 0, 11, 9, 13]","[51, 59, 89, 96, 106, 101, 110, 117, 127, 127, 127, 127, 124, 107, 102, 80, 69, 67, 44, 42, 28, 23, 26, 0, 2, 0, 0, 0, 6, 11, 14, 29, 41, 49, 63, 68, 89, 109, 127, 127, 127, 127, 122, 127, 123, 121, 109, 110, 103, 83, 95, 63, 42, 31, 4, 1, 0, 5, 9, 2, 2, 17, 23, 33, 39, 47, 76, 88, 89, 102, 103, 119, 127, 127, 125, 117, 127, 116, 107, 98, 88, 73, 65, 61, 37, 37, 19, 6, 0, 4, 0, 0, 8, 0, 11, 9, 13]"
In-Distribution,10,exact_guidance_u,62,0,98,97,"[129, 51, 59, 89, 96, 106, 101, 110, 117, 127, 127, 127, 127, 124, 107, 102, 80, 69, 67, 44, 42, 28, 23, 26, 0, 2, 0, 0, 0, 6, 11, 14, 29, 41, 49, 63, 68, 89, 109, 127, 127, 127, 127, 122, 127, 123, 121, 109, 110, 103, 83, 95, 63, 42, 31, 4, 1, 0, 5, 9, 2, 2, 17, 23, 33, 39, 47, 76, 88, 89, 102, 103, 119, 127, 127, 125, 117, 127, 116, 107, 98, 88, 73, 65, 61, 37, 37, 19, 6, 0, 4, 0, 0, 8, 0, 11, 9, 13]","[51, 59, 89, 96, 106, 101, 110, 117, 127, 127, 127, 127, 124, 107, 102, 80, 69, 67, 44, 42, 28, 23, 26, 0, 2, 0, 0, 0, 6, 11, 14, 29, 41, 49, 63, 68, 89, 109, 127, 127, 127, 127, 122, 127, 123, 121, 109, 110, 103, 83, 95, 63, 42, 31, 4, 1, 0, 5, 9, 2, 2, 17, 23, 33, 39, 47, 76, 88, 89, 102, 103, 119, 127, 127, 125, 117, 127, 116, 107, 98, 88, 73, 65, 61, 37, 37, 19, 6, 0, 4, 0, 0, 8, 0, 11, 9, 13]"
In-Distribution,10,exact_guidance_u,63,0,98,97,"[129, 51, 59, 89, 96, 106, 101, 110, 117, 127, 127, 127, 127, 124, 107, 102, 80, 69, 67, 44, 42, 28, 23, 26, 0, 2, 0, 0, 0, 6, 11, 14, 29, 41, 49, 63, 68, 89, 109, 127, 127, 127, 127, 122, 127, 123, 121, 109, 110, 103, 83, 95, 63, 42, 31, 4, 1, 0, 5, 9, 2, 2, 17, 23, 33, 39, 47, 76, 88, 89, 102, 103, 119, 127, 127, 125, 117, 127, 116, 107, 98, 88, 73, 65, 61, 37, 37, 19, 6, 0, 4, 0, 0, 8, 0, 11, 9, 13]","[51, 59, 89, 96, 106, 101, 110, 117, 127, 127, 127, 127, 124, 107, 102, 80, 69, 67, 44, 42, 28, 23, 26, 0, 2, 0, 0, 0, 6, 11, 14, 29, 41, 49, 63, 68, 89, 109, 127, 127, 127, 127, 122, 127, 123, 121, 109, 110, 103, 83, 95, 63, 42, 31, 4, 1, 0, 5, 9, 2, 2, 17, 23, 33, 39, 47, 76, 88, 89, 102, 103, 119, 127, 127, 125, 117, 127, 116, 107, 98, 88, 73, 65, 61, 37, 37, 19, 6, 0, 4, 0, 0, 8, 0, 11, 9, 13]"
In-Distribution,10,exact_guidance_u,64,0,98,97,"[129, 51, 59, 89, 96, 106, 101, 110, 117, 127, 127, 127, 127, 124, 107, 102, 80, 69, 67, 44, 42, 28, 23, 26, 0, 2, 0, 0, 0, 6, 11, 14, 29, 41, 49, 63, 68, 89, 109, 127, 127, 127, 127, 122, 127, 123, 121, 109, 110, 103, 83, 95, 63, 42, 31, 4, 1, 0, 5, 9, 2, 2, 17, 23, 33, 39, 47, 76, 88, 89, 102, 103, 119, 127, 127, 125, 117, 127, 116, 107, 98, 88, 73, 65, 61, 37, 37, 19, 6, 0, 4, 0, 0, 8, 0, 11, 9, 13]","[51, 59, 89, 96, 106, 101, 110, 117, 127, 127, 127, 127, 124, 107, 102, 80, 69, 67, 44, 42, 28, 23, 26, 0, 2, 0, 0, 0, 6, 11, 14, 29, 41, 49, 63, 68, 89, 109, 127, 127, 127, 127, 122, 127, 123, 121, 109, 110, 103, 83, 95, 63, 42, 31, 4, 1, 0, 5, 9, 2, 2, 17, 23, 33, 39, 47, 76, 88, 89, 102, 103, 119, 127, 127, 125, 117, 127, 116, 107, 98, 88, 73, 65, 61, 37, 37, 19, 6, 0, 4, 0, 0, 8, 0, 11, 9, 13]"
In-Distribution,10,exact_guidance_u,65,0,98,97,"[129, 51, 59, 89, 96, 106, 101, 110, 117, 127, 127, 127, 127, 124, 107, 102, 80, 69, 67, 44, 42, 28, 23, 26, 0, 2, 0, 0, 0, 6, 11, 14, 29, 41, 49, 63, 68, 89, 109, 127, 127, 127, 127, 122, 127, 123, 121, 109, 110, 103, 83, 95, 63, 42, 31, 4, 1, 0, 5, 9, 2, 2, 17, 23, 33, 39, 47, 76, 88, 89, 102, 103, 119, 127, 127, 125, 117, 127, 116, 107, 98, 88, 73, 65, 61, 37, 37, 19, 6, 0, 4, 0, 0, 8, 0, 11, 9, 13]","[51, 59, 89, 96, 106, 101, 110, 117, 127, 127, 127, 127, 124, 107, 102, 80, 69, 67, 44, 42, 28, 23, 26, 0, 2, 0, 0, 0, 6, 11, 14, 29, 41, 49, 63, 68, 89, 109, 127, 127, 127, 127, 122, 127, 123, 121, 109, 110, 103, 83, 95, 63, 42, 31, 4, 1, 0, 5, 9, 2, 2, 17, 23, 33, 39, 47, 76, 88, 89, 102, 103, 119, 127, 127, 125, 117, 127, 116, 107, 98, 88, 73, 65, 61, 37, 37, 19, 6, 0, 4, 0, 0, 8, 0, 11, 9, 13]"
In-Distribution,10,exact_guidance_u,66,0,98,97,"[129, 51, 59, 89, 96, 106, 101, 110, 117, 127, 127, 127, 127, 124, 107, 102, 80, 69, 67, 44, 42, 28, 23, 26, 0, 2, 0, 0, 0, 6, 11, 14, 29, 41, 49, 63, 68, 89, 109, 127, 127, 127, 127, 122, 127, 123, 121, 109, 110, 103, 83, 95, 63, 42, 31, 4, 1, 0, 5, 9, 2, 2, 17, 23, 33, 39, 47, 76, 88, 89, 102, 103, 119, 127, 127, 125, 117, 127, 116, 107, 98, 88, 73, 65, 61, 37, 37, 19, 6, 0, 4, 0, 0, 8, 0, 11, 9, 13]","[51, 59, 89, 96, 106, 101, 110, 117, 127, 127, 127, 127, 124, 107, 102, 80, 69, 67, 44, 42, 28, 23, 26, 0, 2, 0, 0, 0, 6, 11, 14, 29, 41, 49, 63, 68, 89, 109, 127, 127, 127, 127, 122, 127, 123, 121, 109, 110, 103, 83, 95, 63, 42, 31, 4, 1, 0, 5, 9, 2, 2, 17, 23, 33, 39, 47, 76, 88, 89, 102, 103, 119, 127, 127, 125, 117, 127, 116, 107, 98, 88, 73, 65, 61, 37, 37, 19, 6, 0, 4, 0, 0, 8, 0, 11, 9, 13]"
In-Distribution,10,exact_guidance_u,67,0,98,97,"[129, 51, 59, 89, 96, 106, 101, 110, 117, 127, 127, 127, 127, 124, 107, 102, 80, 69, 67, 44, 42, 28, 23, 26, 0, 2, 0, 0, 0, 6, 11, 14, 29, 41, 49, 63, 68, 89, 109, 127, 127, 127, 127, 122, 127, 123, 121, 109, 110, 103, 83, 95, 63, 42, 31, 4, 1, 0, 5, 9, 2, 2, 17, 23, 33, 39, 47, 76, 88, 89, 102, 103, 119, 127, 127, 125, 117, 127, 116, 107, 98, 88, 73, 65, 61, 37, 37, 19, 6, 0, 4, 0, 0, 8, 0, 11, 9, 13]","[51, 59, 89, 96, 106, 101, 110, 117, 127, 127, 127, 127, 124, 107, 102, 80, 69, 67, 44, 42, 28, 23, 26, 0, 2, 0, 0, 0, 6, 11, 14, 29, 41, 49, 63, 68, 89, 109, 127, 127, 127, 127, 122, 127, 123, 121, 109, 110, 103, 83, 95, 63, 42, 31, 4, 1, 0, 5, 9, 2, 2, 17, 23, 33, 39, 47, 76, 88, 89, 102, 103, 119, 127, 127, 125, 117, 127, 116, 107, 98, 88, 73, 65, 61, 37, 37, 19, 6, 0, 4, 0, 0, 8, 0, 11, 9, 13]"
In-Distribution,10,exact_guidance_u,68,0,98,97,"[129, 51, 59, 89, 96, 106, 101, 110, 117, 127, 127, 127, 127, 124, 107, 102, 80, 69, 67, 44, 42, 28, 23, 26, 0, 2, 0, 0, 0, 6, 11, 14, 29, 41, 49, 63, 68, 89, 109, 127, 127, 127, 127, 122, 127, 123, 121, 109, 110, 103, 83, 95, 63, 42, 31, 4, 1, 0, 5, 9, 2, 2, 17, 23, 33, 39, 47, 76, 88, 89, 102, 103, 119, 127, 127, 125, 117, 127, 116, 107, 98, 88, 73, 65, 61, 37, 37, 19, 6, 0, 4, 0, 0, 8, 0, 11, 9, 13]","[51, 59, 89, 96, 106, 101, 110, 117, 127, 127, 127, 127, 124, 107, 102, 80, 69, 67, 44, 42, 28, 23, 26, 0, 2, 0, 0, 0, 6, 11, 14, 29, 41, 49, 63, 68, 89, 109, 127, 127, 127, 127, 122, 127, 123, 121, 109, 110, 103, 83, 95, 63, 42, 31, 4, 1, 0, 5, 9, 2, 2, 17, 23, 33, 39, 47, 76, 88, 89, 102, 103, 119, 127, 127, 125, 117, 127, 116, 107, 98, 88, 73, 65, 61, 37, 37, 19, 6, 0, 4, 0, 0, 8, 0, 11, 9, 13]"
In-Distribution,10,exact_guidance_u,69,0,98,97,"[129, 51, 59, 89, 96, 106, 101, 110, 117, 127, 127, 127, 127, 124, 107, 102, 80, 69, 67, 44, 42, 28, 23, 26, 0, 2, 0, 0, 0, 6, 11, 14, 29, 41, 49, 63, 68, 89, 109, 127, 127, 127, 127, 122, 127, 123, 121, 109, 110, 103, 83, 95, 63, 42, 31, 4, 1, 0, 5, 9, 2, 2, 17, 23, 33, 39, 47, 76, 88, 89, 102, 103, 119, 127, 127, 125, 117, 127, 116, 107, 98, 88, 73, 65, 61, 37, 37, 19, 6, 0, 4, 0, 0, 8, 0, 11, 9, 13]","[51, 59, 89, 96, 106, 101, 110, 117, 127, 127, 127, 127, 124, 107, 102, 80, 69, 67, 44, 42, 28, 23, 26, 0, 2, 0, 0, 0, 6, 11, 14, 29, 41, 49, 63, 68, 89, 109, 127, 127, 127, 127, 122, 127, 123, 121, 109, 110, 103, 83, 95, 63, 42, 31, 4, 1, 0, 5, 9, 2, 2, 17, 23, 33, 39, 47, 76, 88, 89, 102, 103, 119, 127, 127, 125, 117, 127, 116, 107, 98, 88, 73, 65, 61, 37, 37, 19, 6, 0, 4, 0, 0, 8, 0, 11, 9, 13]"
In-Distribution,10,exact_guidance_u,70,0,98,97,"[129, 51, 59, 89, 96, 106, 101, 110, 117, 127, 127, 127, 127, 124, 107, 102, 80, 69, 67, 44, 42, 28, 23, 26, 0, 2, 0, 0, 0, 6, 11, 14, 29, 41, 49, 63, 68, 89, 109, 127, 127, 127, 127, 122, 127, 123, 121, 109, 110, 103, 83, 95, 63, 42, 31, 4, 1, 0, 5, 9, 2, 2, 17, 23, 33, 39, 47, 76, 88, 89, 102, 103, 119, 127, 127, 125, 117, 127, 116, 107, 98, 88, 73, 65, 61, 37, 37, 19, 6, 0, 4, 0, 0, 8, 0, 11, 9, 13]","[51, 59, 89, 96, 106, 101, 110, 117, 127, 127, 127, 127, 124, 107, 102, 80, 69, 67, 44, 42, 28, 23, 26, 0, 2, 0, 0, 0, 6, 11, 14, 29, 41, 49, 63, 68, 89, 109, 127, 127, 127, 127, 122, 127, 123, 121, 109, 110, 103, 83, 95, 63, 42, 31, 4, 1, 0, 5, 9, 2, 2, 17, 23, 33, 39, 47, 76, 88, 89, 102, 103, 119, 127, 127, 125, 117, 127, 116, 107, 98, 88, 73, 65, 61, 37, 37, 19, 6, 0, 4, 0, 0, 8, 0, 11, 9, 13]"
In-Distribution,10,exact_guidance_u,71,0,98,97,"[129, 51, 59, 89, 96, 106, 101, 110, 117, 127, 127, 127, 127, 124, 107, 102, 80, 69, 67, 44, 42, 28, 23, 26, 0, 2, 0, 0, 0, 6, 11, 14, 29, 41, 49, 63, 68, 89, 109, 127, 127, 127, 127, 122, 127, 123, 121, 109, 110, 103, 83, 95, 63, 42, 31, 4, 1, 0, 5, 9, 2, 2, 17, 23, 33, 39, 47, 76, 88, 89, 102, 103, 119, 127, 127, 125, 117, 127, 116, 107, 98, 88, 73, 65, 61, 37, 37, 19, 6, 0, 4, 0, 0, 8, 0, 11, 9, 13]","[51, 59, 89, 96, 106, 101, 110, 117, 127, 127, 127, 127, 124, 107, 102, 80, 69, 67, 44, 42, 28, 23, 26, 0, 2, 0, 0, 0, 6, 11, 14, 29, 41, 49, 63, 68, 89, 109, 127, 127, 127, 127, 122, 127, 123, 121, 109, 110, 103, 83, 95, 63, 42, 31, 4, 1, 0, 5, 9, 2, 2, 17, 23, 33, 39, 47, 76, 88, 89, 102, 103, 119, 127, 127, 125, 117, 127, 116, 107, 98, 88, 73, 65, 61, 37, 37, 19, 6, 0, 4, 0, 0, 8, 0, 11, 9, 13]"
In-Distribution,10,exact_guidance_u,72,0,98,97,"[129, 51, 59, 89, 96, 106, 101, 110, 117, 127, 127, 127, 127, 124, 107, 102, 80, 69, 67, 44, 42, 28, 23, 26, 0, 2, 0, 0, 0, 6, 11, 14, 29, 41, 49, 63, 68, 89, 109, 127, 127, 127, 127, 122, 127, 123, 121, 109, 110, 103, 83, 95, 63, 42, 31, 4, 1, 0, 5, 9, 2, 2, 17, 23, 33, 39, 47, 76, 88, 89, 102, 103, 119, 127, 127, 125, 117, 127, 116, 107, 98, 88, 73, 65, 61, 37, 37, 19, 6, 0, 4, 0, 0, 8, 0, 11, 9, 13]","[51, 59, 89, 96, 106, 101, 110, 117, 127, 127, 127, 127, 124, 107, 102, 80, 69, 67, 44, 42, 28, 23, 26, 0, 2, 0, 0, 0, 6, 11, 14, 29, 41, 49, 63, 68, 89, 109, 127, 127, 127, 127, 122, 127, 123, 121, 109, 110, 103, 83, 95, 63, 42, 31, 4, 1, 0, 5, 9, 2, 2, 17, 23, 33, 39, 47, 76, 88, 89, 102, 103, 119, 127, 127, 125, 117, 127, 116, 107, 98, 88, 73, 65, 61, 37, 37, 19, 6, 0, 4, 0, 0, 8, 0, 11, 9, 13]"
In-Distribution,10,exact_guidance_u,73,0,98,97,"[129, 51, 59, 89, 96, 106, 101, 110, 117, 127, 127, 127, 127, 124, 107, 102, 80, 69, 67, 44, 42, 28, 23, 26, 0, 2, 0, 0, 0, 6, 11, 14, 29, 41, 49, 63, 68, 89, 109, 127, 127, 127, 127, 122, 127, 123, 121, 109, 110, 103, 83, 95, 63, 42, 31, 4, 1, 0, 5, 9, 2, 2, 17, 23, 33, 39, 47, 76, 88, 89, 102, 103, 119, 127, 127, 125, 117, 127, 116, 107, 98, 88, 73, 65, 61, 37, 37, 19, 6, 0, 4, 0, 0, 8, 0, 11, 9, 13]","[51, 59, 89, 96, 106, 101, 110, 117, 127, 127, 127, 127, 124, 107, 102, 80, 69, 67, 44, 42, 28, 23, 26, 0, 2, 0, 0, 0, 6, 11, 14, 29, 41, 49, 63, 68, 89, 109, 127, 127, 127, 127, 122, 127, 123, 121, 109, 110, 103, 83, 95, 63, 42, 31, 4, 1, 0, 5, 9, 2, 2, 17, 23, 33, 39, 47, 76, 88, 89, 102, 103, 119, 127, 127, 125, 117, 127, 116, 107, 98, 88, 73, 65, 61, 37, 37, 19, 6, 0, 4, 0, 0, 8, 0, 11, 9, 13]"
In-Distribution,10,exact_guidance_u,74,0,98,97,"[129, 51, 59, 89, 96, 106, 101, 110, 117, 127, 127, 127, 127, 124, 107, 102, 80, 69, 67, 44, 42, 28, 23, 26, 0, 2, 0, 0, 0, 6, 11, 14, 29, 41, 49, 63, 68, 89, 109, 127, 127, 127, 127, 122, 127, 123, 121, 109, 110, 103, 83, 95, 63, 42, 31, 4, 1, 0, 5, 9, 2, 2, 17, 23, 33, 39, 47, 76, 88, 89, 102, 103, 119, 127, 127, 125, 117, 127, 116, 107, 98, 88, 73, 65, 61, 37, 37, 19, 6, 0, 4, 0, 0, 8, 0, 11, 9, 13]","[51, 59, 89, 96, 106, 101, 110, 117, 127, 127, 127, 127, 124, 107, 102, 80, 69, 67, 44, 42, 28, 23, 26, 0, 2, 0, 0, 0, 6, 11, 14, 29, 41, 49, 63, 68, 89, 109, 127, 127, 127, 127, 122, 127, 123, 121, 109, 110, 103, 83, 95, 63, 42, 31, 4, 1, 0, 5, 9, 2, 2, 17, 23, 33, 39, 47, 76, 88, 89, 102, 103, 119, 127, 127, 125, 117, 127, 116, 107, 98, 88, 73, 65, 61, 37, 37, 19, 6, 0, 4, 0, 0, 8, 0, 11, 9, 13]"
In-Distribution,10,exact_guidance_u,75,0,98,97,"[129, 51, 59, 89, 96, 106, 101, 110, 117, 127, 127, 127, 127, 124, 107, 102, 80, 69, 67, 44, 42, 28, 23, 26, 0, 2, 0, 0, 0, 6, 11, 14, 29, 41, 49, 63, 68, 89, 109, 127, 127, 127, 127, 122, 127, 123, 121, 109, 110, 103, 83, 95, 63, 42, 31, 4, 1, 0, 5, 9, 2, 2, 17, 23, 33, 39, 47, 76, 88, 89, 102, 103, 119, 127, 127, 125, 117, 127, 116, 107, 98, 88, 73, 65, 61, 37, 37, 19, 6, 0, 4, 0, 0, 8, 0, 11, 9, 13]","[51, 59, 89, 96, 106, 101, 110, 117, 127, 127, 127, 127, 124, 107, 102, 80, 69, 67, 44, 42, 28, 23, 26, 0, 2, 0, 0, 0, 6, 11, 14, 29, 41, 49, 63, 68, 89, 109, 127, 127, 127, 127, 122, 127, 123, 121, 109, 110, 103, 83, 95, 63, 42, 31, 4, 1, 0, 5, 9, 2, 2, 17, 23, 33, 39, 47, 76, 88, 89, 102, 103, 119, 127, 127, 125, 117, 127, 116, 107, 98, 88, 73, 65, 61, 37, 37, 19, 6, 0, 4, 0, 0, 8, 0, 11, 9, 13]"
In-Distribution,10,exact_guidance_u,76,0,98,97,"[129, 51, 59, 89, 96, 106, 101, 110, 117, 127, 127, 127, 127, 124, 107, 102, 80, 69, 67, 44, 42, 28, 23, 26, 0, 2, 0, 0, 0, 6, 11, 14, 29, 41, 49, 63, 68, 89, 109, 127, 127, 127, 127, 122, 127, 123, 121, 109, 110, 103, 83, 95, 63, 42, 31, 4, 1, 0, 5, 9, 2, 2, 17, 23, 33, 39, 47, 76, 88, 89, 102, 103, 119, 127, 127, 125, 117, 127, 116, 107, 98, 88, 73, 65, 61, 37, 37, 19, 6, 0, 4, 0, 0, 8, 0, 11, 9, 13]","[51, 59, 89, 96, 106, 101, 110, 117, 127, 127, 127, 127, 124, 107, 102, 80, 69, 67, 44, 42, 28, 23, 26, 0, 2, 0, 0, 0, 6, 11, 14, 29, 41, 49, 63, 68, 89, 109, 127, 127, 127, 127, 122, 127, 123, 121, 109, 110, 103, 83, 95, 63, 42, 31, 4, 1, 0, 5, 9, 2, 2, 17, 23, 33, 39, 47, 76, 88, 89, 102, 103, 119, 127, 127, 125, 117, 127, 116, 107, 98, 88, 73, 65, 61, 37, 37, 19, 6, 0, 4, 0, 0, 8, 0, 11, 9, 13]"
In-Distribution,10,exact_guidance_u,77,0,98,97,"[129, 51, 59, 89, 96, 106, 101, 110, 117, 127, 127, 127, 127, 124, 107, 102, 80, 69, 67, 44, 42, 28, 23, 26, 0, 2, 0, 0, 0, 6, 11, 14, 29, 41, 49, 63, 68, 89, 109, 127, 127, 127, 127, 122, 127, 123, 121, 109, 110, 103, 83, 95, 63, 42, 31, 4, 1, 0, 5, 9, 2, 2, 17, 23, 33, 39, 47, 76, 88, 89, 102, 103, 119, 127, 127, 125, 117, 127, 116, 107, 98, 88, 73, 65, 61, 37, 37, 19, 6, 0, 4, 0, 0, 8, 0, 11, 9, 13]","[51, 59, 89, 96, 106, 101, 110, 117, 127, 127, 127, 127, 124, 107, 102, 80, 69, 67, 44, 42, 28, 23, 26, 0, 2, 0, 0, 0, 6, 11, 14, 29, 41, 49, 63, 68, 89, 109, 127, 127, 127, 127, 122, 127, 123, 121, 109, 110, 103, 83, 95, 63, 42, 31, 4, 1, 0, 5, 9, 2, 2, 17, 23, 33, 39, 47, 76, 88, 89, 102, 103, 119, 127, 127, 125, 117, 127, 116, 107, 98, 88, 73, 65, 61, 37, 37, 19, 6, 0, 4, 0, 0, 8, 0, 11, 9, 13]"
In-Distribution,10,exact_guidance_u,78,0,98,97,"[129, 51, 59, 89, 96, 106, 101, 110, 117, 127, 127, 127, 127, 124, 107, 102, 80, 69, 67, 44, 42, 28, 23, 26, 0, 2, 0, 0, 0, 6, 11, 14, 29, 41, 49, 63, 68, 89, 109, 127, 127, 127, 127, 122, 127, 123, 121, 109, 110, 103, 83, 95, 63, 42, 31, 4, 1, 0, 5, 9, 2, 2, 17, 23, 33, 39, 47, 76, 88, 89, 102, 103, 119, 127, 127, 125, 117, 127, 116, 107, 98, 88, 73, 65, 61, 37, 37, 19, 6, 0, 4, 0, 0, 8, 0, 11, 9, 13]","[51, 59, 89, 96, 106, 101, 110, 117, 127, 127, 127, 127, 124, 107, 102, 80, 69, 67, 44, 42, 28, 23, 26, 0, 2, 0, 0, 0, 6, 11, 14, 29, 41, 49, 63, 68, 89, 109, 127, 127, 127, 127, 122, 127, 123, 121, 109, 110, 103, 83, 95, 63, 42, 31, 4, 1, 0, 5, 9, 2, 2, 17, 23, 33, 39, 47, 76, 88, 89, 102, 103, 119, 127, 127, 125, 117, 127, 116, 107, 98, 88, 73, 65, 61, 37, 37, 19, 6, 0, 4, 0, 0, 8, 0, 11, 9, 13]"
In-Distribution,10,exact_guidance_u,79,0,98,97,"[129, 51, 59, 89, 96, 106, 101, 110, 117, 127, 127, 127, 127, 124, 107, 102, 80, 69, 67, 44, 42, 28, 23, 26, 0, 2, 0, 0, 0, 6, 11, 14, 29, 41, 49, 63, 68, 89, 109, 127, 127, 127, 127, 122, 127, 123, 121, 109, 110, 103, 83, 95, 63, 42, 31, 4, 1, 0, 5, 9, 2, 2, 17, 23, 33, 39, 47, 76, 88, 89, 102, 103, 119, 127, 127, 125, 117, 127, 116, 107, 98, 88, 73, 65, 61, 37, 37, 19, 6, 0, 4, 0, 0, 8, 0, 11, 9, 13]","[51, 59, 89, 96, 106, 101, 110, 117, 127, 127, 127, 127, 124, 107, 102, 80, 69, 67, 44, 42, 28, 23, 26, 0, 2, 0, 0, 0, 6, 11, 14, 29, 41, 49, 63, 68, 89, 109, 127, 127, 127, 127, 122, 127, 123, 121, 109, 110, 103, 83, 95, 63, 42, 31, 4, 1, 0, 5, 9, 2, 2, 17, 23, 33, 39, 47, 76, 88, 89, 102, 103, 119, 127, 127, 125, 117, 127, 116, 107, 98, 88, 73, 65, 61, 37, 37, 19, 6, 0, 4, 0, 0, 8, 0, 11, 9, 13]"
In-Distribution,10,exact_guidance_u,80,0,98,97,"[129, 51, 59, 89, 96, 106, 101, 110, 117, 127, 127, 127, 127, 124, 107, 102, 80, 69, 67, 44, 42, 28, 23, 26, 0, 2, 0, 0, 0, 6, 11, 14, 29, 41, 49, 63, 68, 89, 109, 127, 127, 127, 127, 122, 127, 123, 121, 109, 110, 103, 83, 95, 63, 42, 31, 4, 1, 0, 5, 9, 2, 2, 17, 23, 33, 39, 47, 76, 88, 89, 102, 103, 119, 127, 127, 125, 117, 127, 116, 107, 98, 88, 73, 65, 61, 37, 37, 19, 6, 0, 4, 0, 0, 8, 0, 11, 9, 13]","[51, 59, 89, 96, 106, 101, 110, 117, 127, 127, 127, 127, 124, 107, 102, 80, 69, 67, 44, 42, 28, 23, 26, 0, 2, 0, 0, 0, 6, 11, 14, 29, 41, 49, 63, 68, 89, 109, 127, 127, 127, 127, 122, 127, 123, 121, 109, 110, 103, 83, 95, 63, 42, 31, 4, 1, 0, 5, 9, 2, 2, 17, 23, 33, 39, 47, 76, 88, 89, 102, 103, 119, 127, 127, 125, 117, 127, 116, 107, 98, 88, 73, 65, 61, 37, 37, 19, 6, 0, 4, 0, 0, 8, 0, 11, 9, 13]"
In-Distribution,10,exact_guidance_u,81,0,98,97,"[129, 51, 59, 89, 96, 106, 101, 110, 117, 127, 127, 127, 127, 124, 107, 102, 80, 69, 67, 44, 42, 28, 23, 26, 0, 2, 0, 0, 0, 6, 11, 14, 29, 41, 49, 63, 68, 89, 109, 127, 127, 127, 127, 122, 127, 123, 121, 109, 110, 103, 83, 95, 63, 42, 31, 4, 1, 0, 5, 9, 2, 2, 17, 23, 33, 39, 47, 76, 88, 89, 102, 103, 119, 127, 127, 125, 117, 127, 116, 107, 98, 88, 73, 65, 61, 37, 37, 19, 6, 0, 4, 0, 0, 8, 0, 11, 9, 13]","[51, 59, 89, 96, 106, 101, 110, 117, 127, 127, 127, 127, 124, 107, 102, 80, 69, 67, 44, 42, 28, 23, 26, 0, 2, 0, 0, 0, 6, 11, 14, 29, 41, 49, 63, 68, 89, 109, 127, 127, 127, 127, 122, 127, 123, 121, 109, 110, 103, 83, 95, 63, 42, 31, 4, 1, 0, 5, 9, 2, 2, 17, 23, 33, 39, 47, 76, 88, 89, 102, 103, 119, 127, 127, 125, 117, 127, 116, 107, 98, 88, 73, 65, 61, 37, 37, 19, 6, 0, 4, 0, 0, 8, 0, 11, 9, 13]"
In-Distribution,10,exact_guidance_u,82,0,98,97,"[129, 51, 59, 89, 96, 106, 101, 110, 117, 127, 127, 127, 127, 124, 107, 102, 80, 69, 67, 44, 42, 28, 23, 26, 0, 2, 0, 0, 0, 6, 11, 14, 29, 41, 49, 63, 68, 89, 109, 127, 127, 127, 127, 122, 127, 123, 121, 109, 110, 103, 83, 95, 63, 42, 31, 4, 1, 0, 5, 9, 2, 2, 17, 23, 33, 39, 47, 76, 88, 89, 102, 103, 119, 127, 127, 125, 117, 127, 116, 107, 98, 88, 73, 65, 61, 37, 37, 19, 6, 0, 4, 0, 0, 8, 0, 11, 9, 13]","[51, 59, 89, 96, 106, 101, 110, 117, 127, 127, 127, 127, 124, 107, 102, 80, 69, 67, 44, 42, 28, 23, 26, 0, 2, 0, 0, 0, 6, 11, 14, 29, 41, 49, 63, 68, 89, 109, 127, 127, 127, 127, 122, 127, 123, 121, 109, 110, 103, 83, 95, 63, 42, 31, 4, 1, 0, 5, 9, 2, 2, 17, 23, 33, 39, 47, 76, 88, 89, 102, 103, 119, 127, 127, 125, 117, 127, 116, 107, 98, 88, 73, 65, 61, 37, 37, 19, 6, 0, 4, 0, 0, 8, 0, 11, 9, 13]"
In-Distribution,10,exact_guidance_u,83,0,98,97,"[129, 51, 59, 89, 96, 106, 101, 110, 117, 127, 127, 127, 127, 124, 107, 102, 80, 69, 67, 44, 42, 28, 23, 26, 0, 2, 0, 0, 0, 6, 11, 14, 29, 41, 49, 63, 68, 89, 109, 127, 127, 127, 127, 122, 127, 123, 121, 109, 110, 103, 83, 95, 63, 42, 31, 4, 1, 0, 5, 9, 2, 2, 17, 23, 33, 39, 47, 76, 88, 89, 102, 103, 119, 127, 127, 125, 117, 127, 116, 107, 98, 88, 73, 65, 61, 37, 37, 19, 6, 0, 4, 0, 0, 8, 0, 11, 9, 13]","[51, 59, 89, 96, 106, 101, 110, 117, 127, 127, 127, 127, 124, 107, 102, 80, 69, 67, 44, 42, 28, 23, 26, 0, 2, 0, 0, 0, 6, 11, 14, 29, 41, 49, 63, 68, 89, 109, 127, 127, 127, 127, 122, 127, 123, 121, 109, 110, 103, 83, 95, 63, 42, 31, 4, 1, 0, 5, 9, 2, 2, 17, 23, 33, 39, 47, 76, 88, 89, 102, 103, 119, 127, 127, 125, 117, 127, 116, 107, 98, 88, 73, 65, 61, 37, 37, 19, 6, 0, 4, 0, 0, 8, 0, 11, 9, 13]"
In-Distribution,10,exact_guidance_u,84,0,98,97,"[129, 51, 59, 89, 96, 106, 101, 110, 117, 127, 127, 127, 127, 124, 107, 102, 80, 69, 67, 44, 42, 28, 23, 26, 0, 2, 0, 0, 0, 6, 11, 14, 29, 41, 49, 63, 68, 89, 109, 127, 127, 127, 127, 122, 127, 123, 121, 109, 110, 103, 83, 95, 63, 42, 31, 4, 1, 0, 5, 9, 2, 2, 17, 23, 33, 39, 47, 76, 88, 89, 102, 103, 119, 127, 127, 125, 117, 127, 116, 107, 98, 88, 73, 65, 61, 37, 37, 19, 6, 0, 4, 0, 0, 8, 0, 11, 9, 13]","[51, 59, 89, 96, 106, 101, 110, 117, 127, 127, 127, 127, 124, 107, 102, 80, 69, 67, 44, 42, 28, 23, 26, 0, 2, 0, 0, 0, 6, 11, 14, 29, 41, 49, 63, 68, 89, 109, 127, 127, 127, 127, 122, 127, 123, 121, 109, 110, 103, 83, 95, 63, 42, 31, 4, 1, 0, 5, 9, 2, 2, 17, 23, 33, 39, 47, 76, 88, 89, 102, 103, 119, 127, 127, 125, 117, 127, 116, 107, 98, 88, 73, 65, 61, 37, 37, 19, 6, 0, 4, 0, 0, 8, 0, 11, 9, 13]"
In-Distribution,10,exact_guidance_u,85,0,98,97,"[129, 51, 59, 89, 96, 106, 101, 110, 117, 127, 127, 127, 127, 124, 107, 102, 80, 69, 67, 44, 42, 28, 23, 26, 0, 2, 0, 0, 0, 6, 11, 14, 29, 41, 49, 63, 68, 89, 109, 127, 127, 127, 127, 122, 127, 123, 121, 109, 110, 103, 83, 95, 63, 42, 31, 4, 1, 0, 5, 9, 2, 2, 17, 23, 33, 39, 47, 76, 88, 89, 102, 103, 119, 127, 127, 125, 117, 127, 116, 107, 98, 88, 73, 65, 61, 37, 37, 19, 6, 0, 4, 0, 0, 8, 0, 11, 9, 13]","[51, 59, 89, 96, 106, 101, 110, 117, 127, 127, 127, 127, 124, 107, 102, 80, 69, 67, 44, 42, 28, 23, 26, 0, 2, 0, 0, 0, 6, 11, 14, 29, 41, 49, 63, 68, 89, 109, 127, 127, 127, 127, 122, 127, 123, 121, 109, 110, 103, 83, 95, 63, 42, 31, 4, 1, 0, 5, 9, 2, 2, 17, 23, 33, 39, 47, 76, 88, 89, 102, 103, 119, 127, 127, 125, 117, 127, 116, 107, 98, 88, 73, 65, 61, 37, 37, 19, 6, 0, 4, 0, 0, 8, 0, 11, 9, 13]"
In-Distribution,10,exact_guidance_u,86,0,98,97,"[129, 51, 59, 89, 96, 106, 101, 110, 117, 127, 127, 127, 127, 124, 107, 102, 80, 69, 67, 44, 42, 28, 23, 26, 0, 2, 0, 0, 0, 6, 11, 14, 29, 41, 49, 63, 68, 89, 109, 127, 127, 127, 127, 122, 127, 123, 121, 109, 110, 103, 83, 95, 63, 42, 31, 4, 1, 0, 5, 9, 2, 2, 17, 23, 33, 39, 47, 76, 88, 89, 102, 103, 119, 127, 127, 125, 117, 127, 116, 107, 98, 88, 73, 65, 61, 37, 37, 19, 6, 0, 4, 0, 0, 8, 0, 11, 9, 13]","[51, 59, 89, 96, 106, 101, 110, 117, 127, 127, 127, 127, 124, 107, 102, 80, 69, 67, 44, 42, 28, 23, 26, 0, 2, 0, 0, 0, 6, 11, 14, 29, 41, 49, 63, 68, 89, 109, 127, 127, 127, 127, 122, 127, 123, 121, 109, 110, 103, 83, 95, 63, 42, 31, 4, 1, 0, 5, 9, 2, 2, 17, 23, 33, 39, 47, 76, 88, 89, 102, 103, 119, 127, 127, 125, 117, 127, 116, 107, 98, 88, 73, 65, 61, 37, 37, 19, 6, 0, 4, 0, 0, 8, 0, 11, 9, 13]"
In-Distribution,10,exact_guidance_u,87,0,98,97,"[129, 51, 59, 89, 96, 106, 101, 110, 117, 127, 127, 127, 127, 124, 107, 102, 80, 69, 67, 44, 42, 28, 23, 26, 0, 2, 0, 0, 0, 6, 11, 14, 29, 41, 49, 63, 68, 89, 109, 127, 127, 127, 127, 122, 127, 123, 121, 109, 110, 103, 83, 95, 63, 42, 31, 4, 1, 0, 5, 9, 2, 2, 17, 23, 33, 39, 47, 76, 88, 89, 102, 103, 119, 127, 127, 125, 117, 127, 116, 107, 98, 88, 73, 65, 61, 37, 37, 19, 6, 0, 4, 0, 0, 8, 0, 11, 9, 13]","[51, 59, 89, 96, 106, 101, 110, 117, 127, 127, 127, 127, 124, 107, 102, 80, 69, 67, 44, 42, 28, 23, 26, 0, 2, 0, 0, 0, 6, 11, 14, 29, 41, 49, 63, 68, 89, 109, 127, 127, 127, 127, 122, 127, 123, 121, 109, 110, 103, 83, 95, 63, 42, 31, 4, 1, 0, 5, 9, 2, 2, 17, 23, 33, 39, 47, 76, 88, 89, 102, 103, 119, 127, 127, 125, 117, 127, 116, 107, 98, 88, 73, 65, 61, 37, 37, 19, 6, 0, 4, 0, 0, 8, 0, 11, 9, 13]"
In-Distribution,10,exact_guidance_u,88,0,98,97,"[129, 51, 59, 89, 96, 106, 101, 110, 117, 127, 127, 127, 127, 124, 107, 102, 80, 69, 67, 44, 42, 28, 23, 26, 0, 2, 0, 0, 0, 6, 11, 14, 29, 41, 49, 63, 68, 89, 109, 127, 127, 127, 127, 122, 127, 123, 121, 109, 110, 103, 83, 95, 63, 42, 31, 4, 1, 0, 5, 9, 2, 2, 17, 23, 33, 39, 47, 76, 88, 89, 102, 103, 119, 127, 127, 125, 117, 127, 116, 107, 98, 88, 73, 65, 61, 37, 37, 19, 6, 0, 4, 0, 0, 8, 0, 11, 9, 13]","[51, 59, 89, 96, 106, 101, 110, 117, 127, 127, 127, 127, 124, 107, 102, 80, 69, 67, 44, 42, 28, 23, 26, 0, 2, 0, 0, 0, 6, 11, 14, 29, 41, 49, 63, 68, 89, 109, 127, 127, 127, 127, 122, 127, 123, 121, 109, 110, 103, 83, 95, 63, 42, 31, 4, 1, 0, 5, 9, 2, 2, 17, 23, 33, 39, 47, 76, 88, 89, 102, 103, 119, 127, 127, 125, 117, 127, 116, 107, 98, 88, 73, 65, 61, 37, 37, 19, 6, 0, 4, 0, 0, 8, 0, 11, 9, 13]"
In-Distribution,10,exact_guidance_u,89,0,98,97,"[129, 51, 59, 89, 96, 106, 101, 110, 117, 127, 127, 127, 127, 124, 107, 102, 80, 69, 67, 44, 42, 28, 23, 26, 0, 2, 0, 0, 0, 6, 11, 14, 29, 41, 49, 63, 68, 89, 109, 127, 127, 127, 127, 122, 127, 123, 121, 109, 110, 103, 83, 95, 63, 42, 31, 4, 1, 0, 5, 9, 2, 2, 17, 23, 33, 39, 47, 76, 88, 89, 102, 103, 119, 127, 127, 125, 117, 127, 116, 107, 98, 88, 73, 65, 61, 37, 37, 19, 6, 0, 4, 0, 0, 8, 0, 11, 9, 13]","[51, 59, 89, 96, 106, 101, 110, 117, 127, 127, 127, 127, 124, 107, 102, 80, 69, 67, 44, 42, 28, 23, 26, 0, 2, 0, 0, 0, 6, 11, 14, 29, 41, 49, 63, 68, 89, 109, 127, 127, 127, 127, 122, 127, 123, 121, 109, 110, 103, 83, 95, 63, 42, 31, 4, 1, 0, 5, 9, 2, 2, 17, 23, 33, 39, 47, 76, 88, 89, 102, 103, 119, 127, 127, 125, 117, 127, 116, 107, 98, 88, 73, 65, 61, 37, 37, 19, 6, 0, 4, 0, 0, 8, 0, 11, 9, 13]"
In-Distribution,10,exact_guidance_u,90,0,98,97,"[129, 51, 59, 89, 96, 106, 101, 110, 117, 127, 127, 127, 127, 124, 107, 102, 80, 69, 67, 44, 42, 28, 23, 26, 0, 2, 0, 0, 0, 6, 11, 14, 29, 41, 49, 63, 68, 89, 109, 127, 127, 127, 127, 122, 127, 123, 121, 109, 110, 103, 83, 95, 63, 42, 31, 4, 1, 0, 5, 9, 2, 2, 17, 23, 33, 39, 47, 76, 88, 89, 102, 103, 119, 127, 127, 125, 117, 127, 116, 107, 98, 88, 73, 65, 61, 37, 37, 19, 6, 0, 4, 0, 0, 8, 0, 11, 9, 13]","[51, 59, 89, 96, 106, 101, 110, 117, 127, 127, 127, 127, 124, 107, 102, 80, 69, 67, 44, 42, 28, 23, 26, 0, 2, 0, 0, 0, 6, 11, 14, 29, 41, 49, 63, 68, 89, 109, 127, 127, 127, 127, 122, 127, 123, 121, 109, 110, 103, 83, 95, 63, 42, 31, 4, 1, 0, 5, 9, 2, 2, 17, 23, 33, 39, 47, 76, 88, 89, 102, 103, 119, 127, 127, 125, 117, 127, 116, 107, 98, 88, 73, 65, 61, 37, 37, 19, 6, 0, 4, 0, 0, 8, 0, 11, 9, 13]"
In-Distribution,10,exact_guidance_u,91,0,98,97,"[129, 51, 59, 89, 96, 106, 101, 110, 117, 127, 127, 127, 127, 124, 107, 102, 80, 69, 67, 44, 42, 28, 23, 26, 0, 2, 0, 0, 0, 6, 11, 14, 29, 41, 49, 63, 68, 89, 109, 127, 127, 127, 127, 122, 127, 123, 121, 109, 110, 103, 83, 95, 63, 42, 31, 4, 1, 0, 5, 9, 2, 2, 17, 23, 33, 39, 47, 76, 88, 89, 102, 103, 119, 127, 127, 125, 117, 127, 116, 107, 98, 88, 73, 65, 61, 37, 37, 19, 6, 0, 4, 0, 0, 8, 0, 11, 9, 13]","[51, 59, 89, 96, 106, 101, 110, 117, 127, 127, 127, 127, 124, 107, 102, 80, 69, 67, 44, 42, 28, 23, 26, 0, 2, 0, 0, 0, 6, 11, 14, 29, 41, 49, 63, 68, 89, 109, 127, 127, 127, 127, 122, 127, 123, 121, 109, 110, 103, 83, 95, 63, 42, 31, 4, 1, 0, 5, 9, 2, 2, 17, 23, 33, 39, 47, 76, 88, 89, 102, 103, 119, 127, 127, 125, 117, 127, 116, 107, 98, 88, 73, 65, 61, 37, 37, 19, 6, 0, 4, 0, 0, 8, 0, 11, 9, 13]"
In-Distribution,10,exact_guidance_u,92,0,98,97,"[129, 51, 59, 89, 96, 106, 101, 110, 117, 127, 127, 127, 127, 124, 107, 102, 80, 69, 67, 44, 42, 28, 23, 26, 0, 2, 0, 0, 0, 6, 11, 14, 29, 41, 49, 63, 68, 89, 109, 127, 127, 127, 127, 122, 127, 123, 121, 109, 110, 103, 83, 95, 63, 42, 31, 4, 1, 0, 5, 9, 2, 2, 17, 23, 33, 39, 47, 76, 88, 89, 102, 103, 119, 127, 127, 125, 117, 127, 116, 107, 98, 88, 73, 65, 61, 37, 37, 19, 6, 0, 4, 0, 0, 8, 0, 11, 9, 13]","[51, 59, 89, 96, 106, 101, 110, 117, 127, 127, 127, 127, 124, 107, 102, 80, 69, 67, 44, 42, 28, 23, 26, 0, 2, 0, 0, 0, 6, 11, 14, 29, 41, 49, 63, 68, 89, 109, 127, 127, 127, 127, 122, 127, 123, 121, 109, 110, 103, 83, 95, 63, 42, 31, 4, 1, 0, 5, 9, 2, 2, 17, 23, 33, 39, 47, 76, 88, 89, 102, 103, 119, 127, 127, 125, 117, 127, 116, 107, 98, 88, 73, 65, 61, 37, 37, 19, 6, 0, 4, 0, 0, 8, 0, 11, 9, 13]"
In-Distribution,10,exact_guidance_u,93,0,98,97,"[129, 51, 59, 89, 96, 106, 101, 110, 117, 127, 127, 127, 127, 124, 107, 102, 80, 69, 67, 44, 42, 28, 23, 26, 0, 2, 0, 0, 0, 6, 11, 14, 29, 41, 49, 63, 68, 89, 109, 127, 127, 127, 127, 122, 127, 123, 121, 109, 110, 103, 83, 95, 63, 42, 31, 4, 1, 0, 5, 9, 2, 2, 17, 23, 33, 39, 47, 76, 88, 89, 102, 103, 119, 127, 127, 125, 117, 127, 116, 107, 98, 88, 73, 65, 61, 37, 37, 19, 6, 0, 4, 0, 0, 8, 0, 11, 9, 13]","[51, 59, 89, 96, 106, 101, 110, 117, 127, 127, 127, 127, 124, 107, 102, 80, 69, 67, 44, 42, 28, 23, 26, 0, 2, 0, 0, 0, 6, 11, 14, 29, 41, 49, 63, 68, 89, 109, 127, 127, 127, 127, 122, 127, 123, 121, 109, 110, 103, 83, 95, 63, 42, 31, 4, 1, 0, 5, 9, 2, 2, 17, 23, 33, 39, 47, 76, 88, 89, 102, 103, 119, 127, 127, 125, 117, 127, 116, 107, 98, 88, 73, 65, 61, 37, 37, 19, 6, 0, 4, 0, 0, 8, 0, 11, 9, 13]"
In-Distribution,10,exact_guidance_u,94,0,98,97,"[129, 51, 59, 89, 96, 106, 101, 110, 117, 127, 127, 127, 127, 124, 107, 102, 80, 69, 67, 44, 42, 28, 23, 26, 0, 2, 0, 0, 0, 6, 11, 14, 29, 41, 49, 63, 68, 89, 109, 127, 127, 127, 127, 122, 127, 123, 121, 109, 110, 103, 83, 95, 63, 42, 31, 4, 1, 0, 5, 9, 2, 2, 17, 23, 33, 39, 47, 76, 88, 89, 102, 103, 119, 127, 127, 125, 117, 127, 116, 107, 98, 88, 73, 65, 61, 37, 37, 19, 6, 0, 4, 0, 0, 8, 0, 11, 9, 13]","[51, 59, 89, 96, 106, 101, 110, 117, 127, 127, 127, 127, 124, 107, 102, 80, 69, 67, 44, 42, 28, 23, 26, 0, 2, 0, 0, 0, 6, 11, 14, 29, 41, 49, 63, 68, 89, 109, 127, 127, 127, 127, 122, 127, 123, 121, 109, 110, 103, 83, 95, 63, 42, 31, 4, 1, 0, 5, 9, 2, 2, 17, 23, 33, 39, 47, 76, 88, 89, 102, 103, 119, 127, 127, 125, 117, 127, 116, 107, 98, 88, 73, 65, 61, 37, 37, 19, 6, 0, 4, 0, 0, 8, 0, 11, 9, 13]"
In-Distribution,10,exact_guidance_u,95,0,98,97,"[129, 51, 59, 89, 96, 106, 101, 110, 117, 127, 127, 127, 127, 124, 107, 102, 80, 69, 67, 44, 42, 28, 23, 26, 0, 2, 0, 0, 0, 6, 11, 14, 29, 41, 49, 63, 68, 89, 109, 127, 127, 127, 127, 122, 127, 123, 121, 109, 110, 103, 83, 95, 63, 42, 31, 4, 1, 0, 5, 9, 2, 2, 17, 23, 33, 39, 47, 76, 88, 89, 102, 103, 119, 127, 127, 125, 117, 127, 116, 107, 98, 88, 73, 65, 61, 37, 37, 19, 6, 0, 4, 0, 0, 8, 0, 11, 9, 13]","[51, 59, 89, 96, 106, 101, 110, 117, 127, 127, 127, 127, 124, 107, 102, 80, 69, 67, 44, 42, 28, 23, 26, 0, 2, 0, 0, 0, 6, 11, 14, 29, 41, 49, 63, 68, 89, 109, 127, 127, 127, 127, 122, 127, 123, 121, 109, 110, 103, 83, 95, 63, 42, 31, 4, 1, 0, 5, 9, 2, 2, 17, 23, 33, 39, 47, 76, 88, 89, 102, 103, 119, 127, 127, 125, 117, 127, 116, 107, 98, 88, 73, 65, 61, 37, 37, 19, 6, 0, 4, 0, 0, 8, 0, 11, 9, 13]"
In-Distribution,10,exact_guidance_u,96,0,98,97,"[129, 51, 59, 89, 96, 106, 101, 110, 117, 127, 127, 127, 127, 124, 107, 102, 80, 69, 67, 44, 42, 28, 23, 26, 0, 2, 0, 0, 0, 6, 11, 14, 29, 41, 49, 63, 68, 89, 109, 127, 127, 127, 127, 122, 127, 123, 121, 109, 110, 103, 83, 95, 63, 42, 31, 4, 1, 0, 5, 9, 2, 2, 17, 23, 33, 39, 47, 76, 88, 89, 102, 103, 119, 127, 127, 125, 117, 127, 116, 107, 98, 88, 73, 65, 61, 37, 37, 19, 6, 0, 4, 0, 0, 8, 0, 11, 9, 13]","[51, 59, 89, 96, 106, 101, 110, 117, 127, 127, 127, 127, 124, 107, 102, 80, 69, 67, 44, 42, 28, 23, 26, 0, 2, 0, 0, 0, 6, 11, 14, 29, 41, 49, 63, 68, 89, 109, 127, 127, 127, 127, 122, 127, 123, 121, 109, 110, 103, 83, 95, 63, 42, 31, 4, 1, 0, 5, 9, 2, 2, 17, 23, 33, 39, 47, 76, 88, 89, 102, 103, 119, 127, 127, 125, 117, 127, 116, 107, 98, 88, 73, 65, 61, 37, 37, 19, 6, 0, 4, 0, 0, 8, 0, 11, 9, 13]"
In-Distribution,10,exact_guidance_u,97,0,98,97,"[129, 51, 59, 89, 96, 106, 101, 110, 117, 127, 127, 127, 127, 124, 107, 102, 80, 69, 67, 44, 42, 28, 23, 26, 0, 2, 0, 0, 0, 6, 11, 14, 29, 41, 49, 63, 68, 89, 109, 127, 127, 127, 127, 122, 127, 123, 121, 109, 110, 103, 83, 95, 63, 42, 31, 4, 1, 0, 5, 9, 2, 2, 17, 23, 33, 39, 47, 76, 88, 89, 102, 103, 119, 127, 127, 125, 117, 127, 116, 107, 98, 88, 73, 65, 61, 37, 37, 19, 6, 0, 4, 0, 0, 8, 0, 11, 9, 13]","[51, 59, 89, 96, 106, 101, 110, 117, 127, 127, 127, 127, 124, 107, 102, 80, 69, 67, 44, 42, 28, 23, 26, 0, 2, 0, 0, 0, 6, 11, 14, 29, 41, 49, 63, 68, 89, 109, 127, 127, 127, 127, 122, 127, 123, 121, 109, 110, 103, 83, 95, 63, 42, 31, 4, 1, 0, 5, 9, 2, 2, 17, 23, 33, 39, 47, 76, 88, 89, 102, 103, 119, 127, 127, 125, 117, 127, 116, 107, 98, 88, 73, 65, 61, 37, 37, 19, 6, 0, 4, 0, 0, 8, 0, 11, 9, 13]"
In-Distribution,10,exact_guidance_u,98,0,98,97,"[129, 51, 59, 89, 96, 106, 101, 110, 117, 127, 127, 127, 127, 124, 107, 102, 80, 69, 67, 44, 42, 28, 23, 26, 0, 2, 0, 0, 0, 6, 11, 14, 29, 41, 49, 63, 68, 89, 109, 127, 127, 127, 127, 122, 127, 123, 121, 109, 110, 103, 83, 95, 63, 42, 31, 4, 1, 0, 5, 9, 2, 2, 17, 23, 33, 39, 47, 76, 88, 89, 102, 103, 119, 127, 127, 125, 117, 127, 116, 107, 98, 88, 73, 65, 61, 37, 37, 19, 6, 0, 4, 0, 0, 8, 0, 11, 9, 13]","[51, 59, 89, 96, 106, 101, 110, 117, 127, 127, 127, 127, 124, 107, 102, 80, 69, 67, 44, 42, 28, 23, 26, 0, 2, 0, 0, 0, 6, 11, 14, 29, 41, 49, 63, 68, 89, 109, 127, 127, 127, 127, 122, 127, 123, 121, 109, 110, 103, 83, 95, 63, 42, 31, 4, 1, 0, 5, 9, 2, 2, 17, 23, 33, 39, 47, 76, 88, 89, 102, 103, 119, 127, 127, 125, 117, 127, 116, 107, 98, 88, 73, 65, 61, 37, 37, 19, 6, 0, 4, 0, 0, 8, 0, 11, 9, 13]"
In-Distribution,10,exact_guidance_u,99,0,98,97,"[129, 51, 59, 89, 96, 106, 101, 110, 117, 127, 127, 127, 127, 124, 107, 102, 80, 69, 67, 44, 42, 28, 23, 26, 0, 2, 0, 0, 0, 6, 11, 14, 29, 41, 49, 63, 68, 89, 109, 127, 127, 127, 127, 122, 127, 123, 121, 109, 110, 103, 83, 95, 63, 42, 31, 4, 1, 0, 5, 9, 2, 2, 17, 23, 33, 39, 47, 76, 88, 89, 102, 103, 119, 127, 127, 125, 117, 127, 116, 107, 98, 88, 73, 65, 61, 37, 37, 19, 6, 0, 4, 0, 0, 8, 0, 11, 9, 13]","[51, 59, 89, 96, 106, 101, 110, 117, 127, 127, 127, 127, 124, 107, 102, 80, 69, 67, 44, 42, 28, 23, 26, 0, 2, 0, 0, 0, 6, 11, 14, 29, 41, 49, 63, 68, 89, 109, 127, 127, 127, 127, 122, 127, 123, 121, 109, 110, 103, 83, 95, 63, 42, 31, 4, 1, 0, 5, 9, 2, 2, 17, 23, 33, 39, 47, 76, 88, 89, 102, 103, 119, 127, 127, 125, 117, 127, 116, 107, 98, 88, 73, 65, 61, 37, 37, 19, 6, 0, 4, 0, 0, 8, 0, 11, 9, 13]"
In-Distribution,10,exact_guidance_u,100,0,98,97,"[129, 51, 59, 89, 96, 106, 101, 110, 117, 127, 127, 127, 127, 124, 107, 102, 80, 69, 67, 44, 42, 28, 23, 26, 0, 2, 0, 0, 0, 6, 11, 14, 29, 41, 49, 63, 68, 89, 109, 127, 127, 127, 127, 122, 127, 123, 121, 109, 110, 103, 83, 95, 63, 42, 31, 4, 1, 0, 5, 9, 2, 2, 17, 23, 33, 39, 47, 76, 88, 89, 102, 103, 119, 127, 127, 125, 117, 127, 116, 107, 98, 88, 73, 65, 61, 37, 37, 19, 6, 0, 4, 0, 0, 8, 0, 11, 9, 13]","[51, 59, 89, 96, 106, 101, 110, 117, 127, 127, 127, 127, 124, 107, 102, 80, 69, 67, 44, 42, 28, 23, 26, 0, 2, 0, 0, 0, 6, 11, 14, 29, 41, 49, 63, 68, 89, 109, 127, 127, 127, 127, 122, 127, 123, 121, 109, 110, 103, 83, 95, 63, 42, 31, 4, 1, 0, 5, 9, 2, 2, 17, 23, 33, 39, 47, 76, 88, 89, 102, 103, 119, 127, 127, 125, 117, 127, 116, 107, 98, 88, 73, 65, 61, 37, 37, 19, 6, 0, 4, 0, 0, 8, 0, 11, 9, 13]"
In-Distribution,10,exact_guidance_u,101,0,98,97,"[129, 51, 59, 89, 96, 106, 101, 110, 117, 127, 127, 127, 127, 124, 107, 102, 80, 69, 67, 44, 42, 28, 23, 26, 0, 2, 0, 0, 0, 6, 11, 14, 29, 41, 49, 63, 68, 89, 109, 127, 127, 127, 127, 122, 127, 123, 121, 109, 110, 103, 83, 95, 63, 42, 31, 4, 1, 0, 5, 9, 2, 2, 17, 23, 33, 39, 47, 76, 88, 89, 102, 103, 119, 127, 127, 125, 117, 127, 116, 107, 98, 88, 73, 65, 61, 37, 37, 19, 6, 0, 4, 0, 0, 8, 0, 11, 9, 13]","[51, 59, 89, 96, 106, 101, 110, 117, 127, 127, 127, 127, 124, 107, 102, 80, 69, 67, 44, 42, 28, 23, 26, 0, 2, 0, 0, 0, 6, 11, 14, 29, 41, 49, 63, 68, 89, 109, 127, 127, 127, 127, 122, 127, 123, 121, 109, 110, 103, 83, 95, 63, 42, 31, 4, 1, 0, 5, 9, 2, 2, 17, 23, 33, 39, 47, 76, 88, 89, 102, 103, 119, 127, 127, 125, 117, 127, 116, 107, 98, 88, 73, 65, 61, 37, 37, 19, 6, 0, 4, 0, 0, 8, 0, 11, 9, 13]"
In-Distribution,10,exact_guidance_u,102,0,98,97,"[129, 51, 59, 89, 96, 106, 101, 110, 117, 127, 127, 127, 127, 124, 107, 102, 80, 69, 67, 44, 42, 28, 23, 26, 0, 2, 0, 0, 0, 6, 11, 14, 29, 41, 49, 63, 68, 89, 109, 127, 127, 127, 127, 122, 127, 123, 121, 109, 110, 103, 83, 95, 63, 42, 31, 4, 1, 0, 5, 9, 2, 2, 17, 23, 33, 39, 47, 76, 88, 89, 102, 103, 119, 127, 127, 125, 117, 127, 116, 107, 98, 88, 73, 65, 61, 37, 37, 19, 6, 0, 4, 0, 0, 8, 0, 11, 9, 13]","[51, 59, 89, 96, 106, 101, 110, 117, 127, 127, 127, 127, 124, 107, 102, 80, 69, 67, 44, 42, 28, 23, 26, 0, 2, 0, 0, 0, 6, 11, 14, 29, 41, 49, 63, 68, 89, 109, 127, 127, 127, 127, 122, 127, 123, 121, 109, 110, 103, 83, 95, 63, 42, 31, 4, 1, 0, 5, 9, 2, 2, 17, 23, 33, 39, 47, 76, 88, 89, 102, 103, 119, 127, 127, 125, 117, 127, 116, 107, 98, 88, 73, 65, 61, 37, 37, 19, 6, 0, 4, 0, 0, 8, 0, 11, 9, 13]"
In-Distribution,10,exact_guidance_u,103,0,98,97,"[129, 51, 59, 89, 96, 106, 101, 110, 117, 127, 127, 127, 127, 124, 107, 102, 80, 69, 67, 44, 42, 28, 23, 26, 0, 2, 0, 0, 0, 6, 11, 14, 29, 41, 49, 63, 68, 89, 109, 127, 127, 127, 127, 122, 127, 123, 121, 109, 110, 103, 83, 95, 63, 42, 31, 4, 1, 0, 5, 9, 2, 2, 17, 23, 33, 39, 47, 76, 88, 89, 102, 103, 119, 127, 127, 125, 117, 127, 116, 107, 98, 88, 73, 65, 61, 37, 37, 19, 6, 0, 4, 0, 0, 8, 0, 11, 9, 13]","[51, 59, 89, 96, 106, 101, 110, 117, 127, 127, 127, 127, 124, 107, 102, 80, 69, 67, 44, 42, 28, 23, 26, 0, 2, 0, 0, 0, 6, 11, 14, 29, 41, 49, 63, 68, 89, 109, 127, 127, 127, 127, 122, 127, 123, 121, 109, 110, 103, 83, 95, 63, 42, 31, 4, 1, 0, 5, 9, 2, 2, 17, 23, 33, 39, 47, 76, 88, 89, 102, 103, 119, 127, 127, 125, 117, 127, 116, 107, 98, 88, 73, 65, 61, 37, 37, 19, 6, 0, 4, 0, 0, 8, 0, 11, 9, 13]"
In-Distribution,10,exact_guidance_u,104,0,98,97,"[129, 51, 59, 89, 96, 106, 101, 110, 117, 127, 127, 127, 127, 124, 107, 102, 80, 69, 67, 44, 42, 28, 23, 26, 0, 2, 0, 0, 0, 6, 11, 14, 29, 41, 49, 63, 68, 89, 109, 127, 127, 127, 127, 122, 127, 123, 121, 109, 110, 103, 83, 95, 63, 42, 31, 4, 1, 0, 5, 9, 2, 2, 17, 23, 33, 39, 47, 76, 88, 89, 102, 103, 119, 127, 127, 125, 117, 127, 116, 107, 98, 88, 73, 65, 61, 37, 37, 19, 6, 0, 4, 0, 0, 8, 0, 11, 9, 13]","[51, 59, 89, 96, 106, 101, 110, 117, 127, 127, 127, 127, 124, 107, 102, 80, 69, 67, 44, 42, 28, 23, 26, 0, 2, 0, 0, 0, 6, 11, 14, 29, 41, 49, 63, 68, 89, 109, 127, 127, 127, 127, 122, 127, 123, 121, 109, 110, 103, 83, 95, 63, 42, 31, 4, 1, 0, 5, 9, 2, 2, 17, 23, 33, 39, 47, 76, 88, 89, 102, 103, 119, 127, 127, 125, 117, 127, 116, 107, 98, 88, 73, 65, 61, 37, 37, 19, 6, 0, 4, 0, 0, 8, 0, 11, 9, 13]"
In-Distribution,10,exact_guidance_u,105,0,98,97,"[129, 51, 59, 89, 96, 106, 101, 110, 117, 127, 127, 127, 127, 124, 107, 102, 80, 69, 67, 44, 42, 28, 23, 26, 0, 2, 0, 0, 0, 6, 11, 14, 29, 41, 49, 63, 68, 89, 109, 127, 127, 127, 127, 122, 127, 123, 121, 109, 110, 103, 83, 95, 63, 42, 31, 4, 1, 0, 5, 9, 2, 2, 17, 23, 33, 39, 47, 76, 88, 89, 102, 103, 119, 127, 127, 125, 117, 127, 116, 107, 98, 88, 73, 65, 61, 37, 37, 19, 6, 0, 4, 0, 0, 8, 0, 11, 9, 13]","[51, 59, 89, 96, 106, 101, 110, 117, 127, 127, 127, 127, 124, 107, 102, 80, 69, 67, 44, 42, 28, 23, 26, 0, 2, 0, 0, 0, 6, 11, 14, 29, 41, 49, 63, 68, 89, 109, 127, 127, 127, 127, 122, 127, 123, 121, 109, 110, 103, 83, 95, 63, 42, 31, 4, 1, 0, 5, 9, 2, 2, 17, 23, 33, 39, 47, 76, 88, 89, 102, 103, 119, 127, 127, 125, 117, 127, 116, 107, 98, 88, 73, 65, 61, 37, 37, 19, 6, 0, 4, 0, 0, 8, 0, 11, 9, 13]"
In-Distribution,10,exact_guidance_u,106,0,98,97,"[129, 51, 59, 89, 96, 106, 101, 110, 117, 127, 127, 127, 127, 124, 107, 102, 80, 69, 67, 44, 42, 28, 23, 26, 0, 2, 0, 0, 0, 6, 11, 14, 29, 41, 49, 63, 68, 89, 109, 127, 127, 127, 127, 122, 127, 123, 121, 109, 110, 103, 83, 95, 63, 42, 31, 4, 1, 0, 5, 9, 2, 2, 17, 23, 33, 39, 47, 76, 88, 89, 102, 103, 119, 127, 127, 125, 117, 127, 116, 107, 98, 88, 73, 65, 61, 37, 37, 19, 6, 0, 4, 0, 0, 8, 0, 11, 9, 13]","[51, 59, 89, 96, 106, 101, 110, 117, 127, 127, 127, 127, 124, 107, 102, 80, 69, 67, 44, 42, 28, 23, 26, 0, 2, 0, 0, 0, 6, 11, 14, 29, 41, 49, 63, 68, 89, 109, 127, 127, 127, 127, 122, 127, 123, 121, 109, 110, 103, 83, 95, 63, 42, 31, 4, 1, 0, 5, 9, 2, 2, 17, 23, 33, 39, 47, 76, 88, 89, 102, 103, 119, 127, 127, 125, 117, 127, 116, 107, 98, 88, 73, 65, 61, 37, 37, 19, 6, 0, 4, 0, 0, 8, 0, 11, 9, 13]"
In-Distribution,10,exact_guidance_u,107,0,98,97,"[129, 51, 59, 89, 96, 106, 101, 110, 117, 127, 127, 127, 127, 124, 107, 102, 80, 69, 67, 44, 42, 28, 23, 26, 0, 2, 0, 0, 0, 6, 11, 14, 29, 41, 49, 63, 68, 89, 109, 127, 127, 127, 127, 122, 127, 123, 121, 109, 110, 103, 83, 95, 63, 42, 31, 4, 1, 0, 5, 9, 2, 2, 17, 23, 33, 39, 47, 76, 88, 89, 102, 103, 119, 127, 127, 125, 117, 127, 116, 107, 98, 88, 73, 65, 61, 37, 37, 19, 6, 0, 4, 0, 0, 8, 0, 11, 9, 13]","[51, 59, 89, 96, 106, 101, 110, 117, 127, 127, 127, 127, 124, 107, 102, 80, 69, 67, 44, 42, 28, 23, 26, 0, 2, 0, 0, 0, 6, 11, 14, 29, 41, 49, 63, 68, 89, 109, 127, 127, 127, 127, 122, 127, 123, 121, 109, 110, 103, 83, 95, 63, 42, 31, 4, 1, 0, 5, 9, 2, 2, 17, 23, 33, 39, 47, 76, 88, 89, 102, 103, 119, 127, 127, 125, 117, 127, 116, 107, 98, 88, 73, 65, 61, 37, 37, 19, 6, 0, 4, 0, 0, 8, 0, 11, 9, 13]"
In-Distribution,10,exact_guidance_u,108,0,98,97,"[129, 51, 59, 89, 96, 106, 101, 110, 117, 127, 127, 127, 127, 124, 107, 102, 80, 69, 67, 44, 42, 28, 23, 26, 0, 2, 0, 0, 0, 6, 11, 14, 29, 41, 49, 63, 68, 89, 109, 127, 127, 127, 127, 122, 127, 123, 121, 109, 110, 103, 83, 95, 63, 42, 31, 4, 1, 0, 5, 9, 2, 2, 17, 23, 33, 39, 47, 76, 88, 89, 102, 103, 119, 127, 127, 125, 117, 127, 116, 107, 98, 88, 73, 65, 61, 37, 37, 19, 6, 0, 4, 0, 0, 8, 0, 11, 9, 13]","[51, 59, 89, 96, 106, 101, 110, 117, 127, 127, 127, 127, 124, 107, 102, 80, 69, 67, 44, 42, 28, 23, 26, 0, 2, 0, 0, 0, 6, 11, 14, 29, 41, 49, 63, 68, 89, 109, 127, 127, 127, 127, 122, 127, 123, 121, 109, 110, 103, 83, 95, 63, 42, 31, 4, 1, 0, 5, 9, 2, 2, 17, 23, 33, 39, 47, 76, 88, 89, 102, 103, 119, 127, 127, 125, 117, 127, 116, 107, 98, 88, 73, 65, 61, 37, 37, 19, 6, 0, 4, 0, 0, 8, 0, 11, 9, 13]"
In-Distribution,10,exact_guidance_u,109,0,98,97,"[129, 51, 59, 89, 96, 106, 101, 110, 117, 127, 127, 127, 127, 124, 107, 102, 80, 69, 67, 44, 42, 28, 23, 26, 0, 2, 0, 0, 0, 6, 11, 14, 29, 41, 49, 63, 68, 89, 109, 127, 127, 127, 127, 122, 127, 123, 121, 109, 110, 103, 83, 95, 63, 42, 31, 4, 1, 0, 5, 9, 2, 2, 17, 23, 33, 39, 47, 76, 88, 89, 102, 103, 119, 127, 127, 125, 117, 127, 116, 107, 98, 88, 73, 65, 61, 37, 37, 19, 6, 0, 4, 0, 0, 8, 0, 11, 9, 13]","[51, 59, 89, 96, 106, 101, 110, 117, 127, 127, 127, 127, 124, 107, 102, 80, 69, 67, 44, 42, 28, 23, 26, 0, 2, 0, 0, 0, 6, 11, 14, 29, 41, 49, 63, 68, 89, 109, 127, 127, 127, 127, 122, 127, 123, 121, 109, 110, 103, 83, 95, 63, 42, 31, 4, 1, 0, 5, 9, 2, 2, 17, 23, 33, 39, 47, 76, 88, 89, 102, 103, 119, 127, 127, 125, 117, 127, 116, 107, 98, 88, 73, 65, 61, 37, 37, 19, 6, 0, 4, 0, 0, 8, 0, 11, 9, 13]"
In-Distribution,10,exact_guidance_u,110,0,98,97,"[129, 51, 59, 89, 96, 106, 101, 110, 117, 127, 127, 127, 127, 124, 107, 102, 80, 69, 67, 44, 42, 28, 23, 26, 0, 2, 0, 0, 0, 6, 11, 14, 29, 41, 49, 63, 68, 89, 109, 127, 127, 127, 127, 122, 127, 123, 121, 109, 110, 103, 83, 95, 63, 42, 31, 4, 1, 0, 5, 9, 2, 2, 17, 23, 33, 39, 47, 76, 88, 89, 102, 103, 119, 127, 127, 125, 117, 127, 116, 107, 98, 88, 73, 65, 61, 37, 37, 19, 6, 0, 4, 0, 0, 8, 0, 11, 9, 13]","[51, 59, 89, 96, 106, 101, 110, 117, 127, 127, 127, 127, 124, 107, 102, 80, 69, 67, 44, 42, 28, 23, 26, 0, 2, 0, 0, 0, 6, 11, 14, 29, 41, 49, 63, 68, 89, 109, 127, 127, 127, 127, 122, 127, 123, 121, 109, 110, 103, 83, 95, 63, 42, 31, 4, 1, 0, 5, 9, 2, 2, 17, 23, 33, 39, 47, 76, 88, 89, 102, 103, 119, 127, 127, 125, 117, 127, 116, 107, 98, 88, 73, 65, 61, 37, 37, 19, 6, 0, 4, 0, 0, 8, 0, 11, 9, 13]"
In-Distribution,10,exact_guidance_u,111,0,98,97,"[129, 51, 59, 89, 96, 106, 101, 110, 117, 127, 127, 127, 127, 124, 107, 102, 80, 69, 67, 44, 42, 28, 23, 26, 0, 2, 0, 0, 0, 6, 11, 14, 29, 41, 49, 63, 68, 89, 109, 127, 127, 127, 127, 122, 127, 123, 121, 109, 110, 103, 83, 95, 63, 42, 31, 4, 1, 0, 5, 9, 2, 2, 17, 23, 33, 39, 47, 76, 88, 89, 102, 103, 119, 127, 127, 125, 117, 127, 116, 107, 98, 88, 73, 65, 61, 37, 37, 19, 6, 0, 4, 0, 0, 8, 0, 11, 9, 13]","[51, 59, 89, 96, 106, 101, 110, 117, 127, 127, 127, 127, 124, 107, 102, 80, 69, 67, 44, 42, 28, 23, 26, 0, 2, 0, 0, 0, 6, 11, 14, 29, 41, 49, 63, 68, 89, 109, 127, 127, 127, 127, 122, 127, 123, 121, 109, 110, 103, 83, 95, 63, 42, 31, 4, 1, 0, 5, 9, 2, 2, 17, 23, 33, 39, 47, 76, 88, 89, 102, 103, 119, 127, 127, 125, 117, 127, 116, 107, 98, 88, 73, 65, 61, 37, 37, 19, 6, 0, 4, 0, 0, 8, 0, 11, 9, 13]"
In-Distribution,10,exact_guidance_u,112,0,98,97,"[129, 51, 59, 89, 96, 106, 101, 110, 117, 127, 127, 127, 127, 124, 107, 102, 80, 69, 67, 44, 42, 28, 23, 26, 0, 2, 0, 0, 0, 6, 11, 14, 29, 41, 49, 63, 68, 89, 109, 127, 127, 127, 127, 122, 127, 123, 121, 109, 110, 103, 83, 95, 63, 42, 31, 4, 1, 0, 5, 9, 2, 2, 17, 23, 33, 39, 47, 76, 88, 89, 102, 103, 119, 127, 127, 125, 117, 127, 116, 107, 98, 88, 73, 65, 61, 37, 37, 19, 6, 0, 4, 0, 0, 8, 0, 11, 9, 13]","[51, 59, 89, 96, 106, 101, 110, 117, 127, 127, 127, 127, 124, 107, 102, 80, 69, 67, 44, 42, 28, 23, 26, 0, 2, 0, 0, 0, 6, 11, 14, 29, 41, 49, 63, 68, 89, 109, 127, 127, 127, 127, 122, 127, 123, 121, 109, 110, 103, 83, 95, 63, 42, 31, 4, 1, 0, 5, 9, 2, 2, 17, 23, 33, 39, 47, 76, 88, 89, 102, 103, 119, 127, 127, 125, 117, 127, 116, 107, 98, 88, 73, 65, 61, 37, 37, 19, 6, 0, 4, 0, 0, 8, 0, 11, 9, 13]"
In-Distribution,10,exact_guidance_u,113,0,98,97,"[129, 51, 59, 89, 96, 106, 101, 110, 117, 127, 127, 127, 127, 124, 107, 102, 80, 69, 67, 44, 42, 28, 23, 26, 0, 2, 0, 0, 0, 6, 11, 14, 29, 41, 49, 63, 68, 89, 109, 127, 127, 127, 127, 122, 127, 123, 121, 109, 110, 103, 83, 95, 63, 42, 31, 4, 1, 0, 5, 9, 2, 2, 17, 23, 33, 39, 47, 76, 88, 89, 102, 103, 119, 127, 127, 125, 117, 127, 116, 107, 98, 88, 73, 65, 61, 37, 37, 19, 6, 0, 4, 0, 0, 8, 0, 11, 9, 13]","[51, 59, 89, 96, 106, 101, 110, 117, 127, 127, 127, 127, 124, 107, 102, 80, 69, 67, 44, 42, 28, 23, 26, 0, 2, 0, 0, 0, 6, 11, 14, 29, 41, 49, 63, 68, 89, 109, 127, 127, 127, 127, 122, 127, 123, 121, 109, 110, 103, 83, 95, 63, 42, 31, 4, 1, 0, 5, 9, 2, 2, 17, 23, 33, 39, 47, 76, 88, 89, 102, 103, 119, 127, 127, 125, 117, 127, 116, 107, 98, 88, 73, 65, 61, 37, 37, 19, 6, 0, 4, 0, 0, 8, 0, 11, 9, 13]"
In-Distribution,10,exact_guidance_u,114,0,98,97,"[129, 51, 59, 89, 96, 106, 101, 110, 117, 127, 127, 127, 127, 124, 107, 102, 80, 69, 67, 44, 42, 28, 23, 26, 0, 2, 0, 0, 0, 6, 11, 14, 29, 41, 49, 63, 68, 89, 109, 127, 127, 127, 127, 122, 127, 123, 121, 109, 110, 103, 83, 95, 63, 42, 31, 4, 1, 0, 5, 9, 2, 2, 17, 23, 33, 39, 47, 76, 88, 89, 102, 103, 119, 127, 127, 125, 117, 127, 116, 107, 98, 88, 73, 65, 61, 37, 37, 19, 6, 0, 4, 0, 0, 8, 0, 11, 9, 13]","[51, 59, 89, 96, 106, 101, 110, 117, 127, 127, 127, 127, 124, 107, 102, 80, 69, 67, 44, 42, 28, 23, 26, 0, 2, 0, 0, 0, 6, 11, 14, 29, 41, 49, 63, 68, 89, 109, 127, 127, 127, 127, 122, 127, 123, 121, 109, 110, 103, 83, 95, 63, 42, 31, 4, 1, 0, 5, 9, 2, 2, 17, 23, 33, 39, 47, 76, 88, 89, 102, 103, 119, 127, 127, 125, 117, 127, 116, 107, 98, 88, 73, 65, 61, 37, 37, 19, 6, 0, 4, 0, 0, 8, 0, 11, 9, 13]"
In-Distribution,10,exact_guidance_u,115,0,98,97,"[129, 51, 59, 89, 96, 106, 101, 110, 117, 127, 127, 127, 127, 124, 107, 102, 80, 69, 67, 44, 42, 28, 23, 26, 0, 2, 0, 0, 0, 6, 11, 14, 29, 41, 49, 63, 68, 89, 109, 127, 127, 127, 127, 122, 127, 123, 121, 109, 110, 103, 83, 95, 63, 42, 31, 4, 1, 0, 5, 9, 2, 2, 17, 23, 33, 39, 47, 76, 88, 89, 102, 103, 119, 127, 127, 125, 117, 127, 116, 107, 98, 88, 73, 65, 61, 37, 37, 19, 6, 0, 4, 0, 0, 8, 0, 11, 9, 13]","[51, 59, 89, 96, 106, 101, 110, 117, 127, 127, 127, 127, 124, 107, 102, 80, 69, 67, 44, 42, 28, 23, 26, 0, 2, 0, 0, 0, 6, 11, 14, 29, 41, 49, 63, 68, 89, 109, 127, 127, 127, 127, 122, 127, 123, 121, 109, 110, 103, 83, 95, 63, 42, 31, 4, 1, 0, 5, 9, 2, 2, 17, 23, 33, 39, 47, 76, 88, 89, 102, 103, 119, 127, 127, 125, 117, 127, 116, 107, 98, 88, 73, 65, 61, 37, 37, 19, 6, 0, 4, 0, 0, 8, 0, 11, 9, 13]"
In-Distribution,10,exact_guidance_u,116,0,98,97,"[129, 51, 59, 89, 96, 106, 101, 110, 117, 127, 127, 127, 127, 124, 107, 102, 80, 69, 67, 44, 42, 28, 23, 26, 0, 2, 0, 0, 0, 6, 11, 14, 29, 41, 49, 63, 68, 89, 109, 127, 127, 127, 127, 122, 127, 123, 121, 109, 110, 103, 83, 95, 63, 42, 31, 4, 1, 0, 5, 9, 2, 2, 17, 23, 33, 39, 47, 76, 88, 89, 102, 103, 119, 127, 127, 125, 117, 127, 116, 107, 98, 88, 73, 65, 61, 37, 37, 19, 6, 0, 4, 0, 0, 8, 0, 11, 9, 13]","[51, 59, 89, 96, 106, 101, 110, 117, 127, 127, 127, 127, 124, 107, 102, 80, 69, 67, 44, 42, 28, 23, 26, 0, 2, 0, 0, 0, 6, 11, 14, 29, 41, 49, 63, 68, 89, 109, 127, 127, 127, 127, 122, 127, 123, 121, 109, 110, 103, 83, 95, 63, 42, 31, 4, 1, 0, 5, 9, 2, 2, 17, 23, 33, 39, 47, 76, 88, 89, 102, 103, 119, 127, 127, 125, 117, 127, 116, 107, 98, 88, 73, 65, 61, 37, 37, 19, 6, 0, 4, 0, 0, 8, 0, 11, 9, 13]"
In-Distribution,10,exact_guidance_u,117,0,98,97,"[129, 51, 59, 89, 96, 106, 101, 110, 117, 127, 127, 127, 127, 124, 107, 102, 80, 69, 67, 44, 42, 28, 23, 26, 0, 2, 0, 0, 0, 6, 11, 14, 29, 41, 49, 63, 68, 89, 109, 127, 127, 127, 127, 122, 127, 123, 121, 109, 110, 103, 83, 95, 63, 42, 31, 4, 1, 0, 5, 9, 2, 2, 17, 23, 33, 39, 47, 76, 88, 89, 102, 103, 119, 127, 127, 125, 117, 127, 116, 107, 98, 88, 73, 65, 61, 37, 37, 19, 6, 0, 4, 0, 0, 8, 0, 11, 9, 13]","[51, 59, 89, 96, 106, 101, 110, 117, 127, 127, 127, 127, 124, 107, 102, 80, 69, 67, 44, 42, 28, 23, 26, 0, 2, 0, 0, 0, 6, 11, 14, 29, 41, 49, 63, 68, 89, 109, 127, 127, 127, 127, 122, 127, 123, 121, 109, 110, 103, 83, 95, 63, 42, 31, 4, 1, 0, 5, 9, 2, 2, 17, 23, 33, 39, 47, 76, 88, 89, 102, 103, 119, 127, 127, 125, 117, 127, 116, 107, 98, 88, 73, 65, 61, 37, 37, 19, 6, 0, 4, 0, 0, 8, 0, 11, 9, 13]"
In-Distribution,10,exact_guidance_u,118,0,98,97,"[129, 51, 59, 89, 96, 106, 101, 110, 117, 127, 127, 127, 127, 124, 107, 102, 80, 69, 67, 44, 42, 28, 23, 26, 0, 2, 0, 0, 0, 6, 11, 14, 29, 41, 49, 63, 68, 89, 109, 127, 127, 127, 127, 122, 127, 123, 121, 109, 110, 103, 83, 95, 63, 42, 31, 4, 1, 0, 5, 9, 2, 2, 17, 23, 33, 39, 47, 76, 88, 89, 102, 103, 119, 127, 127, 125, 117, 127, 116, 107, 98, 88, 73, 65, 61, 37, 37, 19, 6, 0, 4, 0, 0, 8, 0, 11, 9, 13]","[51, 59, 89, 96, 106, 101, 110, 117, 127, 127, 127, 127, 124, 107, 102, 80, 69, 67, 44, 42, 28, 23, 26, 0, 2, 0, 0, 0, 6, 11, 14, 29, 41, 49, 63, 68, 89, 109, 127, 127, 127, 127, 122, 127, 123, 121, 109, 110, 103, 83, 95, 63, 42, 31, 4, 1, 0, 5, 9, 2, 2, 17, 23, 33, 39, 47, 76, 88, 89, 102, 103, 119, 127, 127, 125, 117, 127, 116, 107, 98, 88, 73, 65, 61, 37, 37, 19, 6, 0, 4, 0, 0, 8, 0, 11, 9, 13]"
In-Distribution,10,exact_guidance_u,119,0,98,97,"[129, 51, 59, 89, 96, 106, 101, 110, 117, 127, 127, 127, 127, 124, 107, 102, 80, 69, 67, 44, 42, 28, 23, 26, 0, 2, 0, 0, 0, 6, 11, 14, 29, 41, 49, 63, 68, 89, 109, 127, 127, 127, 127, 122, 127, 123, 121, 109, 110, 103, 83, 95, 63, 42, 31, 4, 1, 0, 5, 9, 2, 2, 17, 23, 33, 39, 47, 76, 88, 89, 102, 103, 119, 127, 127, 125, 117, 127, 116, 107, 98, 88, 73, 65, 61, 37, 37, 19, 6, 0, 4, 0, 0, 8, 0, 11, 9, 13]","[51, 59, 89, 96, 106, 101, 110, 117, 127, 127, 127, 127, 124, 107, 102, 80, 69, 67, 44, 42, 28, 23, 26, 0, 2, 0, 0, 0, 6, 11, 14, 29, 41, 49, 63, 68, 89, 109, 127, 127, 127, 127, 122, 127, 123, 121, 109, 110, 103, 83, 95, 63, 42, 31, 4, 1, 0, 5, 9, 2, 2, 17, 23, 33, 39, 47, 76, 88, 89, 102, 103, 119, 127, 127, 125, 117, 127, 116, 107, 98, 88, 73, 65, 61, 37, 37, 19, 6, 0, 4, 0, 0, 8, 0, 11, 9, 13]"
In-Distribution,10,exact_guidance_u,120,0,98,97,"[129, 51, 59, 89, 96, 106, 101, 110, 117, 127, 127, 127, 127, 124, 107, 102, 80, 69, 67, 44, 42, 28, 23, 26, 0, 2, 0, 0, 0, 6, 11, 14, 29, 41, 49, 63, 68, 89, 109, 127, 127, 127, 127, 122, 127, 123, 121, 109, 110, 103, 83, 95, 63, 42, 31, 4, 1, 0, 5, 9, 2, 2, 17, 23, 33, 39, 47, 76, 88, 89, 102, 103, 119, 127, 127, 125, 117, 127, 116, 107, 98, 88, 73, 65, 61, 37, 37, 19, 6, 0, 4, 0, 0, 8, 0, 11, 9, 13]","[51, 59, 89, 96, 106, 101, 110, 117, 127, 127, 127, 127, 124, 107, 102, 80, 69, 67, 44, 42, 28, 23, 26, 0, 2, 0, 0, 0, 6, 11, 14, 29, 41, 49, 63, 68, 89, 109, 127, 127, 127, 127, 122, 127, 123, 121, 109, 110, 103, 83, 95, 63, 42, 31, 4, 1, 0, 5, 9, 2, 2, 17, 23, 33, 39, 47, 76, 88, 89, 102, 103, 119, 127, 127, 125, 117, 127, 116, 107, 98, 88, 73, 65, 61, 37, 37, 19, 6, 0, 4, 0, 0, 8, 0, 11, 9, 13]"
In-Distribution,10,exact_guidance_u,121,0,98,97,"[129, 51, 59, 89, 96, 106, 101, 110, 117, 127, 127, 127, 127, 124, 107, 102, 80, 69, 67, 44, 42, 28, 23, 26, 0, 2, 0, 0, 0, 6, 11, 14, 29, 41, 49, 63, 68, 89, 109, 127, 127, 127, 127, 122, 127, 123, 121, 109, 110, 103, 83, 95, 63, 42, 31, 4, 1, 0, 5, 9, 2, 2, 17, 23, 33, 39, 47, 76, 88, 89, 102, 103, 119, 127, 127, 125, 117, 127, 116, 107, 98, 88, 73, 65, 61, 37, 37, 19, 6, 0, 4, 0, 0, 8, 0, 11, 9, 13]","[51, 59, 89, 96, 106, 101, 110, 117, 127, 127, 127, 127, 124, 107, 102, 80, 69, 67, 44, 42, 28, 23, 26, 0, 2, 0, 0, 0, 6, 11, 14, 29, 41, 49, 63, 68, 89, 109, 127, 127, 127, 127, 122, 127, 123, 121, 109, 110, 103, 83, 95, 63, 42, 31, 4, 1, 0, 5, 9, 2, 2, 17, 23, 33, 39, 47, 76, 88, 89, 102, 103, 119, 127, 127, 125, 117, 127, 116, 107, 98, 88, 73, 65, 61, 37, 37, 19, 6, 0, 4, 0, 0, 8, 0, 11, 9, 13]"
In-Distribution,10,exact_guidance_u,122,0,98,97,"[129, 51, 59, 89, 96, 106, 101, 110, 117, 127, 127, 127, 127, 124, 107, 102, 80, 69, 67, 44, 42, 28, 23, 26, 0, 2, 0, 0, 0, 6, 11, 14, 29, 41, 49, 63, 68, 89, 109, 127, 127, 127, 127, 122, 127, 123, 121, 109, 110, 103, 83, 95, 63, 42, 31, 4, 1, 0, 5, 9, 2, 2, 17, 23, 33, 39, 47, 76, 88, 89, 102, 103, 119, 127, 127, 125, 117, 127, 116, 107, 98, 88, 73, 65, 61, 37, 37, 19, 6, 0, 4, 0, 0, 8, 0, 11, 9, 13]","[51, 59, 89, 96, 106, 101, 110, 117, 127, 127, 127, 127, 124, 107, 102, 80, 69, 67, 44, 42, 28, 23, 26, 0, 2, 0, 0, 0, 6, 11, 14, 29, 41, 49, 63, 68, 89, 109, 127, 127, 127, 127, 122, 127, 123, 121, 109, 110, 103, 83, 95, 63, 42, 31, 4, 1, 0, 5, 9, 2, 2, 17, 23, 33, 39, 47, 76, 88, 89, 102, 103, 119, 127, 127, 125, 117, 127, 116, 107, 98, 88, 73, 65, 61, 37, 37, 19, 6, 0, 4, 0, 0, 8, 0, 11, 9, 13]"
In-Distribution,10,exact_guidance_u,123,0,98,97,"[129, 51, 59, 89, 96, 106, 101, 110, 117, 127, 127, 127, 127, 124, 107, 102, 80, 69, 67, 44, 42, 28, 23, 26, 0, 2, 0, 0, 0, 6, 11, 14, 29, 41, 49, 63, 68, 89, 109, 127, 127, 127, 127, 122, 127, 123, 121, 109, 110, 103, 83, 95, 63, 42, 31, 4, 1, 0, 5, 9, 2, 2, 17, 23, 33, 39, 47, 76, 88, 89, 102, 103, 119, 127, 127, 125, 117, 127, 116, 107, 98, 88, 73, 65, 61, 37, 37, 19, 6, 0, 4, 0, 0, 8, 0, 11, 9, 13]","[51, 59, 89, 96, 106, 101, 110, 117, 127, 127, 127, 127, 124, 107, 102, 80, 69, 67, 44, 42, 28, 23, 26, 0, 2, 0, 0, 0, 6, 11, 14, 29, 41, 49, 63, 68, 89, 109, 127, 127, 127, 127, 122, 127, 123, 121, 109, 110, 103, 83, 95, 63, 42, 31, 4, 1, 0, 5, 9, 2, 2, 17, 23, 33, 39, 47, 76, 88, 89, 102, 103, 119, 127, 127, 125, 117, 127, 116, 107, 98, 88, 73, 65, 61, 37, 37, 19, 6, 0, 4, 0, 0, 8, 0, 11, 9, 13]"
In-Distribution,10,exact_guidance_u,124,0,98,97,"[129, 51, 59, 89, 96, 106, 101, 110, 117, 127, 127, 127, 127, 124, 107, 102, 80, 69, 67, 44, 42, 28, 23, 26, 0, 2, 0, 0, 0, 6, 11, 14, 29, 41, 49, 63, 68, 89, 109, 127, 127, 127, 127, 122, 127, 123, 121, 109, 110, 103, 83, 95, 63, 42, 31, 4, 1, 0, 5, 9, 2, 2, 17, 23, 33, 39, 47, 76, 88, 89, 102, 103, 119, 127, 127, 125, 117, 127, 116, 107, 98, 88, 73, 65, 61, 37, 37, 19, 6, 0, 4, 0, 0, 8, 0, 11, 9, 13]","[51, 59, 89, 96, 106, 101, 110, 117, 127, 127, 127, 127, 124, 107, 102, 80, 69, 67, 44, 42, 28, 23, 26, 0, 2, 0, 0, 0, 6, 11, 14, 29, 41, 49, 63, 68, 89, 109, 127, 127, 127, 127, 122, 127, 123, 121, 109, 110, 103, 83, 95, 63, 42, 31, 4, 1, 0, 5, 9, 2, 2, 17, 23, 33, 39, 47, 76, 88, 89, 102, 103, 119, 127, 127, 125, 117, 127, 116, 107, 98, 88, 73, 65, 61, 37, 37, 19, 6, 0, 4, 0, 0, 8, 0, 11, 9, 13]"
In-Distribution,10,exact_guidance_u,125,0,98,97,"[129, 51, 59, 89, 96, 106, 101, 110, 117, 127, 127, 127, 127, 124, 107, 102, 80, 69, 67, 44, 42, 28, 23, 26, 0, 2, 0, 0, 0, 6, 11, 14, 29, 41, 49, 63, 68, 89, 109, 127, 127, 127, 127, 122, 127, 123, 121, 109, 110, 103, 83, 95, 63, 42, 31, 4, 1, 0, 5, 9, 2, 2, 17, 23, 33, 39, 47, 76, 88, 89, 102, 103, 119, 127, 127, 125, 117, 127, 116, 107, 98, 88, 73, 65, 61, 37, 37, 19, 6, 0, 4, 0, 0, 8, 0, 11, 9, 13]","[51, 59, 89, 96, 106, 101, 110, 117, 127, 127, 127, 127, 124, 107, 102, 80, 69, 67, 44, 42, 28, 23, 26, 0, 2, 0, 0, 0, 6, 11, 14, 29, 41, 49, 63, 68, 89, 109, 127, 127, 127, 127, 122, 127, 123, 121, 109, 110, 103, 83, 95, 63, 42, 31, 4, 1, 0, 5, 9, 2, 2, 17, 23, 33, 39, 47, 76, 88, 89, 102, 103, 119, 127, 127, 125, 117, 127, 116, 107, 98, 88, 73, 65, 61, 37, 37, 19, 6, 0, 4, 0, 0, 8, 0, 11, 9, 13]"
In-Distribution,10,exact_guidance_u,126,0,98,97,"[129, 51, 59, 89, 96, 106, 101, 110, 117, 127, 127, 127, 127, 124, 107, 102, 80, 69, 67, 44, 42, 28, 23, 26, 0, 2, 0, 0, 0, 6, 11, 14, 29, 41, 49, 63, 68, 89, 109, 127, 127, 127, 127, 122, 127, 123, 121, 109, 110, 103, 83, 95, 63, 42, 31, 4, 1, 0, 5, 9, 2, 2, 17, 23, 33, 39, 47, 76, 88, 89, 102, 103, 119, 127, 127, 125, 117, 127, 116, 107, 98, 88, 73, 65, 61, 37, 37, 19, 6, 0, 4, 0, 0, 8, 0, 11, 9, 13]","[51, 59, 89, 96, 106, 101, 110, 117, 127, 127, 127, 127, 124, 107, 102, 80, 69, 67, 44, 42, 28, 23, 26, 0, 2, 0, 0, 0, 6, 11, 14, 29, 41, 49, 63, 68, 89, 109, 127, 127, 127, 127, 122, 127, 123, 121, 109, 110, 103, 83, 95, 63, 42, 31, 4, 1, 0, 5, 9, 2, 2, 17, 23, 33, 39, 47, 76, 88, 89, 102, 103, 119, 127, 127, 125, 117, 127, 116, 107, 98, 88, 73, 65, 61, 37, 37, 19, 6, 0, 4, 0, 0, 8, 0, 11, 9, 13]"
In-Distribution,10,exact_guidance_u,127,0,98,97,"[129, 51, 59, 89, 96, 106, 101, 110, 117, 127, 127, 127, 127, 124, 107, 102, 80, 69, 67, 44, 42, 28, 23, 26, 0, 2, 0, 0, 0, 6, 11, 14, 29, 41, 49, 63, 68, 89, 109, 127, 127, 127, 127, 122, 127, 123, 121, 109, 110, 103, 83, 95, 63, 42, 31, 4, 1, 0, 5, 9, 2, 2, 17, 23, 33, 39, 47, 76, 88, 89, 102, 103, 119, 127, 127, 125, 117, 127, 116, 107, 98, 88, 73, 65, 61, 37, 37, 19, 6, 0, 4, 0, 0, 8, 0, 11, 9, 13]","[51, 59, 89, 96, 106, 101, 110, 117, 127, 127, 127, 127, 124, 107, 102, 80, 69, 67, 44, 42, 28, 23, 26, 0, 2, 0, 0, 0, 6, 11, 14, 29, 41, 49, 63, 68, 89, 109, 127, 127, 127, 127, 122, 127, 123, 121, 109, 110, 103, 83, 95, 63, 42, 31, 4, 1, 0, 5, 9, 2, 2, 17, 23, 33, 39, 47, 76, 88, 89, 102, 103, 119, 127, 127, 125, 117, 127, 116, 107, 98, 88, 73, 65, 61, 37, 37, 19, 6, 0, 4, 0, 0, 8, 0, 11, 9, 13]"
In-Distribution,10,exact_guidance_u,128,0,98,97,"[129, 51, 59, 89, 96, 106, 101, 110, 117, 127, 127, 127, 127, 124, 107, 102, 80, 69, 67, 44, 42, 28, 23, 26, 0, 2, 0, 0, 0, 6, 11, 14, 29, 41, 49, 63, 68, 89, 109, 127, 127, 127, 127, 122, 127, 123, 121, 109, 110, 103, 83, 95, 63, 42, 31, 4, 1, 0, 5, 9, 2, 2, 17, 23, 33, 39, 47, 76, 88, 89, 102, 103, 119, 127, 127, 125, 117, 127, 116, 107, 98, 88, 73, 65, 61, 37, 37, 19, 6, 0, 4, 0, 0, 8, 0, 11, 9, 13]","[51, 59, 89, 96, 106, 101, 110, 117, 127, 127, 127, 127, 124, 107, 102, 80, 69, 67, 44, 42, 28, 23, 26, 0, 2, 0, 0, 0, 6, 11, 14, 29, 41, 49, 63, 68, 89, 109, 127, 127, 127, 127, 122, 127, 123, 121, 109, 110, 103, 83, 95, 63, 42, 31, 4, 1, 0, 5, 9, 2, 2, 17, 23, 33, 39, 47, 76, 88, 89, 102, 103, 119, 127, 127, 125, 117, 127, 116, 107, 98, 88, 73, 65, 61, 37, 37, 19, 6, 0, 4, 0, 0, 8, 0, 11, 9, 13]"
In-Distribution,10,exact_guidance_u,129,0,98,97,"[129, 51, 59, 89, 96, 106, 101, 110, 117, 127, 127, 127, 127, 124, 107, 102, 80, 69, 67, 44, 42, 28, 23, 26, 0, 2, 0, 0, 0, 6, 11, 14, 29, 41, 49, 63, 68, 89, 109, 127, 127, 127, 127, 122, 127, 123, 121, 109, 110, 103, 83, 95, 63, 42, 31, 4, 1, 0, 5, 9, 2, 2, 17, 23, 33, 39, 47, 76, 88, 89, 102, 103, 119, 127, 127, 125, 117, 127, 116, 107, 98, 88, 73, 65, 61, 37, 37, 19, 6, 0, 4, 0, 0, 8, 0, 11, 9, 13]","[51, 59, 89, 96, 106, 101, 110, 117, 127, 127, 127, 127, 124, 107, 102, 80, 69, 67, 44, 42, 28, 23, 26, 0, 2, 0, 0, 0, 6, 11, 14, 29, 41, 49, 63, 68, 89, 109, 127, 127, 127, 127, 122, 127, 123, 121, 109, 110, 103, 83, 95, 63, 42, 31, 4, 1, 0, 5, 9, 2, 2, 17, 23, 33, 39, 47, 76, 88, 89, 102, 103, 119, 127, 127, 125, 117, 127, 116, 107, 98, 88, 73, 65, 61, 37, 37, 19, 6, 0, 4, 0, 0, 8, 0, 11, 9, 13]"
In-Distribution,10,exact_guidance_u,130,0,98,97,"[129, 51, 59, 89, 96, 106, 101, 110, 117, 127, 127, 127, 127, 124, 107, 102, 80, 69, 67, 44, 42, 28, 23, 26, 0, 2, 0, 0, 0, 6, 11, 14, 29, 41, 49, 63, 68, 89, 109, 127, 127, 127, 127, 122, 127, 123, 121, 109, 110, 103, 83, 95, 63, 42, 31, 4, 1, 0, 5, 9, 2, 2, 17, 23, 33, 39, 47, 76, 88, 89, 102, 103, 119, 127, 127, 125, 117, 127, 116, 107, 98, 88, 73, 65, 61, 37, 37, 19, 6, 0, 4, 0, 0, 8, 0, 11, 9, 13]","[51, 59, 89, 96, 106, 101, 110, 117, 127, 127, 127, 127, 124, 107, 102, 80, 69, 67, 44, 42, 28, 23, 26, 0, 2, 0, 0, 0, 6, 11, 14, 29, 41, 49, 63, 68, 89, 109, 127, 127, 127, 127, 122, 127, 123, 121, 109, 110, 103, 83, 95, 63, 42, 31, 4, 1, 0, 5, 9, 2, 2, 17, 23, 33, 39, 47, 76, 88, 89, 102, 103, 119, 127, 127, 125, 117, 127, 116, 107, 98, 88, 73, 65, 61, 37, 37, 19, 6, 0, 4, 0, 0, 8, 0, 11, 9, 13]"
In-Distribution,10,exact_guidance_u,131,0,98,97,"[129, 51, 59, 89, 96, 106, 101, 110, 117, 127, 127, 127, 127, 124, 107, 102, 80, 69, 67, 44, 42, 28, 23, 26, 0, 2, 0, 0, 0, 6, 11, 14, 29, 41, 49, 63, 68, 89, 109, 127, 127, 127, 127, 122, 127, 123, 121, 109, 110, 103, 83, 95, 63, 42, 31, 4, 1, 0, 5, 9, 2, 2, 17, 23, 33, 39, 47, 76, 88, 89, 102, 103, 119, 127, 127, 125, 117, 127, 116, 107, 98, 88, 73, 65, 61, 37, 37, 19, 6, 0, 4, 0, 0, 8, 0, 11, 9, 13]","[51, 59, 89, 96, 106, 101, 110, 117, 127, 127, 127, 127, 124, 107, 102, 80, 69, 67, 44, 42, 28, 23, 26, 0, 2, 0, 0, 0, 6, 11, 14, 29, 41, 49, 63, 68, 89, 109, 127, 127, 127, 127, 122, 127, 123, 121, 109, 110, 103, 83, 95, 63, 42, 31, 4, 1, 0, 5, 9, 2, 2, 17, 23, 33, 39, 47, 76, 88, 89, 102, 103, 119, 127, 127, 125, 117, 127, 116, 107, 98, 88, 73, 65, 61, 37, 37, 19, 6, 0, 4, 0, 0, 8, 0, 11, 9, 13]"
In-Distribution,10,exact_guidance_u,132,0,98,97,"[129, 51, 59, 89, 96, 106, 101, 110, 117, 127, 127, 127, 127, 124, 107, 102, 80, 69, 67, 44, 42, 28, 23, 26, 0, 2, 0, 0, 0, 6, 11, 14, 29, 41, 49, 63, 68, 89, 109, 127, 127, 127, 127, 122, 127, 123, 121, 109, 110, 103, 83, 95, 63, 42, 31, 4, 1, 0, 5, 9, 2, 2, 17, 23, 33, 39, 47, 76, 88, 89, 102, 103, 119, 127, 127, 125, 117, 127, 116, 107, 98, 88, 73, 65, 61, 37, 37, 19, 6, 0, 4, 0, 0, 8, 0, 11, 9, 13]","[51, 59, 89, 96, 106, 101, 110, 117, 127, 127, 127, 127, 124, 107, 102, 80, 69, 67, 44, 42, 28, 23, 26, 0, 2, 0, 0, 0, 6, 11, 14, 29, 41, 49, 63, 68, 89, 109, 127, 127, 127, 127, 122, 127, 123, 121, 109, 110, 103, 83, 95, 63, 42, 31, 4, 1, 0, 5, 9, 2, 2, 17, 23, 33, 39, 47, 76, 88, 89, 102, 103, 119, 127, 127, 125, 117, 127, 116, 107, 98, 88, 73, 65, 61, 37, 37, 19, 6, 0, 4, 0, 0, 8, 0, 11, 9, 13]"
In-Distribution,10,exact_guidance_u,133,0,98,97,"[129, 51, 59, 89, 96, 106, 101, 110, 117, 127, 127, 127, 127, 124, 107, 102, 80, 69, 67, 44, 42, 28, 23, 26, 0, 2, 0, 0, 0, 6, 11, 14, 29, 41, 49, 63, 68, 89, 109, 127, 127, 127, 127, 122, 127, 123, 121, 109, 110, 103, 83, 95, 63, 42, 31, 4, 1, 0, 5, 9, 2, 2, 17, 23, 33, 39, 47, 76, 88, 89, 102, 103, 119, 127, 127, 125, 117, 127, 116, 107, 98, 88, 73, 65, 61, 37, 37, 19, 6, 0, 4, 0, 0, 8, 0, 11, 9, 13]","[51, 59, 89, 96, 106, 101, 110, 117, 127, 127, 127, 127, 124, 107, 102, 80, 69, 67, 44, 42, 28, 23, 26, 0, 2, 0, 0, 0, 6, 11, 14, 29, 41, 49, 63, 68, 89, 109, 127, 127, 127, 127, 122, 127, 123, 121, 109, 110, 103, 83, 95, 63, 42, 31, 4, 1, 0, 5, 9, 2, 2, 17, 23, 33, 39, 47, 76, 88, 89, 102, 103, 119, 127, 127, 125, 117, 127, 116, 107, 98, 88, 73, 65, 61, 37, 37, 19, 6, 0, 4, 0, 0, 8, 0, 11, 9, 13]"
In-Distribution,10,exact_guidance_u,134,0,98,97,"[129, 51, 59, 89, 96, 106, 101, 110, 117, 127, 127, 127, 127, 124, 107, 102, 80, 69, 67, 44, 42, 28, 23, 26, 0, 2, 0, 0, 0, 6, 11, 14, 29, 41, 49, 63, 68, 89, 109, 127, 127, 127, 127, 122, 127, 123, 121, 109, 110, 103, 83, 95, 63, 42, 31, 4, 1, 0, 5, 9, 2, 2, 17, 23, 33, 39, 47, 76, 88, 89, 102, 103, 119, 127, 127, 125, 117, 127, 116, 107, 98, 88, 73, 65, 61, 37, 37, 19, 6, 0, 4, 0, 0, 8, 0, 11, 9, 13]","[51, 59, 89, 96, 106, 101, 110, 117, 127, 127, 127, 127, 124, 107, 102, 80, 69, 67, 44, 42, 28, 23, 26, 0, 2, 0, 0, 0, 6, 11, 14, 29, 41, 49, 63, 68, 89, 109, 127, 127, 127, 127, 122, 127, 123, 121, 109, 110, 103, 83, 95, 63, 42, 31, 4, 1, 0, 5, 9, 2, 2, 17, 23, 33, 39, 47, 76, 88, 89, 102, 103, 119, 127, 127, 125, 117, 127, 116, 107, 98, 88, 73, 65, 61, 37, 37, 19, 6, 0, 4, 0, 0, 8, 0, 11, 9, 13]"
In-Distribution,10,exact_guidance_u,135,0,98,97,"[129, 51, 59, 89, 96, 106, 101, 110, 117, 127, 127, 127, 127, 124, 107, 102, 80, 69, 67, 44, 42, 28, 23, 26, 0, 2, 0, 0, 0, 6, 11, 14, 29, 41, 49, 63, 68, 89, 109, 127, 127, 127, 127, 122, 127, 123, 121, 109, 110, 103, 83, 95, 63, 42, 31, 4, 1, 0, 5, 9, 2, 2, 17, 23, 33, 39, 47, 76, 88, 89, 102, 103, 119, 127, 127, 125, 117, 127, 116, 107, 98, 88, 73, 65, 61, 37, 37, 19, 6, 0, 4, 0, 0, 8, 0, 11, 9, 13]","[51, 59, 89, 96, 106, 101, 110, 117, 127, 127, 127, 127, 124, 107, 102, 80, 69, 67, 44, 42, 28, 23, 26, 0, 2, 0, 0, 0, 6, 11, 14, 29, 41, 49, 63, 68, 89, 109, 127, 127, 127, 127, 122, 127, 123, 121, 109, 110, 103, 83, 95, 63, 42, 31, 4, 1, 0, 5, 9, 2, 2, 17, 23, 33, 39, 47, 76, 88, 89, 102, 103, 119, 127, 127, 125, 117, 127, 116, 107, 98, 88, 73, 65, 61, 37, 37, 19, 6, 0, 4, 0, 0, 8, 0, 11, 9, 13]"
In-Distribution,10,exact_guidance_u,136,0,98,97,"[129, 51, 59, 89, 96, 106, 101, 110, 117, 127, 127, 127, 127, 124, 107, 102, 80, 69, 67, 44, 42, 28, 23, 26, 0, 2, 0, 0, 0, 6, 11, 14, 29, 41, 49, 63, 68, 89, 109, 127, 127, 127, 127, 122, 127, 123, 121, 109, 110, 103, 83, 95, 63, 42, 31, 4, 1, 0, 5, 9, 2, 2, 17, 23, 33, 39, 47, 76, 88, 89, 102, 103, 119, 127, 127, 125, 117, 127, 116, 107, 98, 88, 73, 65, 61, 37, 37, 19, 6, 0, 4, 0, 0, 8, 0, 11, 9, 13]","[51, 59, 89, 96, 106, 101, 110, 117, 127, 127, 127, 127, 124, 107, 102, 80, 69, 67, 44, 42, 28, 23, 26, 0, 2, 0, 0, 0, 6, 11, 14, 29, 41, 49, 63, 68, 89, 109, 127, 127, 127, 127, 122, 127, 123, 121, 109, 110, 103, 83, 95, 63, 42, 31, 4, 1, 0, 5, 9, 2, 2, 17, 23, 33, 39, 47, 76, 88, 89, 102, 103, 119, 127, 127, 125, 117, 127, 116, 107, 98, 88, 73, 65, 61, 37, 37, 19, 6, 0, 4, 0, 0, 8, 0, 11, 9, 13]"
In-Distribution,10,exact_guidance_u,137,0,98,97,"[129, 51, 59, 89, 96, 106, 101, 110, 117, 127, 127, 127, 127, 124, 107, 102, 80, 69, 67, 44, 42, 28, 23, 26, 0, 2, 0, 0, 0, 6, 11, 14, 29, 41, 49, 63, 68, 89, 109, 127, 127, 127, 127, 122, 127, 123, 121, 109, 110, 103, 83, 95, 63, 42, 31, 4, 1, 0, 5, 9, 2, 2, 17, 23, 33, 39, 47, 76, 88, 89, 102, 103, 119, 127, 127, 125, 117, 127, 116, 107, 98, 88, 73, 65, 61, 37, 37, 19, 6, 0, 4, 0, 0, 8, 0, 11, 9, 13]","[51, 59, 89, 96, 106, 101, 110, 117, 127, 127, 127, 127, 124, 107, 102, 80, 69, 67, 44, 42, 28, 23, 26, 0, 2, 0, 0, 0, 6, 11, 14, 29, 41, 49, 63, 68, 89, 109, 127, 127, 127, 127, 122, 127, 123, 121, 109, 110, 103, 83, 95, 63, 42, 31, 4, 1, 0, 5, 9, 2, 2, 17, 23, 33, 39, 47, 76, 88, 89, 102, 103, 119, 127, 127, 125, 117, 127, 116, 107, 98, 88, 73, 65, 61, 37, 37, 19, 6, 0, 4, 0, 0, 8, 0, 11, 9, 13]"
In-Distribution,10,exact_guidance_u,138,0,98,97,"[129, 51, 59, 89, 96, 106, 101, 110, 117, 127, 127, 127, 127, 124, 107, 102, 80, 69, 67, 44, 42, 28, 23, 26, 0, 2, 0, 0, 0, 6, 11, 14, 29, 41, 49, 63, 68, 89, 109, 127, 127, 127, 127, 122, 127, 123, 121, 109, 110, 103, 83, 95, 63, 42, 31, 4, 1, 0, 5, 9, 2, 2, 17, 23, 33, 39, 47, 76, 88, 89, 102, 103, 119, 127, 127, 125, 117, 127, 116, 107, 98, 88, 73, 65, 61, 37, 37, 19, 6, 0, 4, 0, 0, 8, 0, 11, 9, 13]","[51, 59, 89, 96, 106, 101, 110, 117, 127, 127, 127, 127, 124, 107, 102, 80, 69, 67, 44, 42, 28, 23, 26, 0, 2, 0, 0, 0, 6, 11, 14, 29, 41, 49, 63, 68, 89, 109, 127, 127, 127, 127, 122, 127, 123, 121, 109, 110, 103, 83, 95, 63, 42, 31, 4, 1, 0, 5, 9, 2, 2, 17, 23, 33, 39, 47, 76, 88, 89, 102, 103, 119, 127, 127, 125, 117, 127, 116, 107, 98, 88, 73, 65, 61, 37, 37, 19, 6, 0, 4, 0, 0, 8, 0, 11, 9, 13]"
In-Distribution,10,exact_guidance_u,139,0,98,97,"[129, 51, 59, 89, 96, 106, 101, 110, 117, 127, 127, 127, 127, 124, 107, 102, 80, 69, 67, 44, 42, 28, 23, 26, 0, 2, 0, 0, 0, 6, 11, 14, 29, 41, 49, 63, 68, 89, 109, 127, 127, 127, 127, 122, 127, 123, 121, 109, 110, 103, 83, 95, 63, 42, 31, 4, 1, 0, 5, 9, 2, 2, 17, 23, 33, 39, 47, 76, 88, 89, 102, 103, 119, 127, 127, 125, 117, 127, 116, 107, 98, 88, 73, 65, 61, 37, 37, 19, 6, 0, 4, 0, 0, 8, 0, 11, 9, 13]","[51, 59, 89, 96, 106, 101, 110, 117, 127, 127, 127, 127, 124, 107, 102, 80, 69, 67, 44, 42, 28, 23, 26, 0, 2, 0, 0, 0, 6, 11, 14, 29, 41, 49, 63, 68, 89, 109, 127, 127, 127, 127, 122, 127, 123, 121, 109, 110, 103, 83, 95, 63, 42, 31, 4, 1, 0, 5, 9, 2, 2, 17, 23, 33, 39, 47, 76, 88, 89, 102, 103, 119, 127, 127, 125, 117, 127, 116, 107, 98, 88, 73, 65, 61, 37, 37, 19, 6, 0, 4, 0, 0, 8, 0, 11, 9, 13]"
In-Distribution,10,exact_guidance_u,140,0,98,97,"[129, 51, 59, 89, 96, 106, 101, 110, 117, 127, 127, 127, 127, 124, 107, 102, 80, 69, 67, 44, 42, 28, 23, 26, 0, 2, 0, 0, 0, 6, 11, 14, 29, 41, 49, 63, 68, 89, 109, 127, 127, 127, 127, 122, 127, 123, 121, 109, 110, 103, 83, 95, 63, 42, 31, 4, 1, 0, 5, 9, 2, 2, 17, 23, 33, 39, 47, 76, 88, 89, 102, 103, 119, 127, 127, 125, 117, 127, 116, 107, 98, 88, 73, 65, 61, 37, 37, 19, 6, 0, 4, 0, 0, 8, 0, 11, 9, 13]","[51, 59, 89, 96, 106, 101, 110, 117, 127, 127, 127, 127, 124, 107, 102, 80, 69, 67, 44, 42, 28, 23, 26, 0, 2, 0, 0, 0, 6, 11, 14, 29, 41, 49, 63, 68, 89, 109, 127, 127, 127, 127, 122, 127, 123, 121, 109, 110, 103, 83, 95, 63, 42, 31, 4, 1, 0, 5, 9, 2, 2, 17, 23, 33, 39, 47, 76, 88, 89, 102, 103, 119, 127, 127, 125, 117, 127, 116, 107, 98, 88, 73, 65, 61, 37, 37, 19, 6, 0, 4, 0, 0, 8, 0, 11, 9, 13]"
In-Distribution,10,exact_guidance_u,141,0,98,97,"[129, 51, 59, 89, 96, 106, 101, 110, 117, 127, 127, 127, 127, 124, 107, 102, 80, 69, 67, 44, 42, 28, 23, 26, 0, 2, 0, 0, 0, 6, 11, 14, 29, 41, 49, 63, 68, 89, 109, 127, 127, 127, 127, 122, 127, 123, 121, 109, 110, 103, 83, 95, 63, 42, 31, 4, 1, 0, 5, 9, 2, 2, 17, 23, 33, 39, 47, 76, 88, 89, 102, 103, 119, 127, 127, 125, 117, 127, 116, 107, 98, 88, 73, 65, 61, 37, 37, 19, 6, 0, 4, 0, 0, 8, 0, 11, 9, 13]","[51, 59, 89, 96, 106, 101, 110, 117, 127, 127, 127, 127, 124, 107, 102, 80, 69, 67, 44, 42, 28, 23, 26, 0, 2, 0, 0, 0, 6, 11, 14, 29, 41, 49, 63, 68, 89, 109, 127, 127, 127, 127, 122, 127, 123, 121, 109, 110, 103, 83, 95, 63, 42, 31, 4, 1, 0, 5, 9, 2, 2, 17, 23, 33, 39, 47, 76, 88, 89, 102, 103, 119, 127, 127, 125, 117, 127, 116, 107, 98, 88, 73, 65, 61, 37, 37, 19, 6, 0, 4, 0, 0, 8, 0, 11, 9, 13]"
In-Distribution,10,exact_guidance_u,142,0,98,97,"[129, 51, 59, 89, 96, 106, 101, 110, 117, 127, 127, 127, 127, 124, 107, 102, 80, 69, 67, 44, 42, 28, 23, 26, 0, 2, 0, 0, 0, 6, 11, 14, 29, 41, 49, 63, 68, 89, 109, 127, 127, 127, 127, 122, 127, 123, 121, 109, 110, 103, 83, 95, 63, 42, 31, 4, 1, 0, 5, 9, 2, 2, 17, 23, 33, 39, 47, 76, 88, 89, 102, 103, 119, 127, 127, 125, 117, 127, 116, 107, 98, 88, 73, 65, 61, 37, 37, 19, 6, 0, 4, 0, 0, 8, 0, 11, 9, 13]","[51, 59, 89, 96, 106, 101, 110, 117, 127, 127, 127, 127, 124, 107, 102, 80, 69, 67, 44, 42, 28, 23, 26, 0, 2, 0, 0, 0, 6, 11, 14, 29, 41, 49, 63, 68, 89, 109, 127, 127, 127, 127, 122, 127, 123, 121, 109, 110, 103, 83, 95, 63, 42, 31, 4, 1, 0, 5, 9, 2, 2, 17, 23, 33, 39, 47, 76, 88, 89, 102, 103, 119, 127, 127, 125, 117, 127, 116, 107, 98, 88, 73, 65, 61, 37, 37, 19, 6, 0, 4, 0, 0, 8, 0, 11, 9, 13]"
In-Distribution,10,exact_guidance_u,143,0,98,97,"[129, 51, 59, 89, 96, 106, 101, 110, 117, 127, 127, 127, 127, 124, 107, 102, 80, 69, 67, 44, 42, 28, 23, 26, 0, 2, 0, 0, 0, 6, 11, 14, 29, 41, 49, 63, 68, 89, 109, 127, 127, 127, 127, 122, 127, 123, 121, 109, 110, 103, 83, 95, 63, 42, 31, 4, 1, 0, 5, 9, 2, 2, 17, 23, 33, 39, 47, 76, 88, 89, 102, 103, 119, 127, 127, 125, 117, 127, 116, 107, 98, 88, 73, 65, 61, 37, 37, 19, 6, 0, 4, 0, 0, 8, 0, 11, 9, 13]","[51, 59, 89, 96, 106, 101, 110, 117, 127, 127, 127, 127, 124, 107, 102, 80, 69, 67, 44, 42, 28, 23, 26, 0, 2, 0, 0, 0, 6, 11, 14, 29, 41, 49, 63, 68, 89, 109, 127, 127, 127, 127, 122, 127, 123, 121, 109, 110, 103, 83, 95, 63, 42, 31, 4, 1, 0, 5, 9, 2, 2, 17, 23, 33, 39, 47, 76, 88, 89, 102, 103, 119, 127, 127, 125, 117, 127, 116, 107, 98, 88, 73, 65, 61, 37, 37, 19, 6, 0, 4, 0, 0, 8, 0, 11, 9, 13]"
In-Distribution,10,exact_guidance_u,144,0,98,97,"[129, 51, 59, 89, 96, 106, 101, 110, 117, 127, 127, 127, 127, 124, 107, 102, 80, 69, 67, 44, 42, 28, 23, 26, 0, 2, 0, 0, 0, 6, 11, 14, 29, 41, 49, 63, 68, 89, 109, 127, 127, 127, 127, 122, 127, 123, 121, 109, 110, 103, 83, 95, 63, 42, 31, 4, 1, 0, 5, 9, 2, 2, 17, 23, 33, 39, 47, 76, 88, 89, 102, 103, 119, 127, 127, 125, 117, 127, 116, 107, 98, 88, 73, 65, 61, 37, 37, 19, 6, 0, 4, 0, 0, 8, 0, 11, 9, 13]","[51, 59, 89, 96, 106, 101, 110, 117, 127, 127, 127, 127, 124, 107, 102, 80, 69, 67, 44, 42, 28, 23, 26, 0, 2, 0, 0, 0, 6, 11, 14, 29, 41, 49, 63, 68, 89, 109, 127, 127, 127, 127, 122, 127, 123, 121, 109, 110, 103, 83, 95, 63, 42, 31, 4, 1, 0, 5, 9, 2, 2, 17, 23, 33, 39, 47, 76, 88, 89, 102, 103, 119, 127, 127, 125, 117, 127, 116, 107, 98, 88, 73, 65, 61, 37, 37, 19, 6, 0, 4, 0, 0, 8, 0, 11, 9, 13]"
In-Distribution,10,exact_guidance_u,145,0,98,97,"[129, 51, 59, 89, 96, 106, 101, 110, 117, 127, 127, 127, 127, 124, 107, 102, 80, 69, 67, 44, 42, 28, 23, 26, 0, 2, 0, 0, 0, 6, 11, 14, 29, 41, 49, 63, 68, 89, 109, 127, 127, 127, 127, 122, 127, 123, 121, 109, 110, 103, 83, 95, 63, 42, 31, 4, 1, 0, 5, 9, 2, 2, 17, 23, 33, 39, 47, 76, 88, 89, 102, 103, 119, 127, 127, 125, 117, 127, 116, 107, 98, 88, 73, 65, 61, 37, 37, 19, 6, 0, 4, 0, 0, 8, 0, 11, 9, 13]","[51, 59, 89, 96, 106, 101, 110, 117, 127, 127, 127, 127, 124, 107, 102, 80, 69, 67, 44, 42, 28, 23, 26, 0, 2, 0, 0, 0, 6, 11, 14, 29, 41, 49, 63, 68, 89, 109, 127, 127, 127, 127, 122, 127, 123, 121, 109, 110, 103, 83, 95, 63, 42, 31, 4, 1, 0, 5, 9, 2, 2, 17, 23, 33, 39, 47, 76, 88, 89, 102, 103, 119, 127, 127, 125, 117, 127, 116, 107, 98, 88, 73, 65, 61, 37, 37, 19, 6, 0, 4, 0, 0, 8, 0, 11, 9, 13]"
In-Distribution,10,exact_guidance_u,146,0,98,97,"[129, 51, 59, 89, 96, 106, 101, 110, 117, 127, 127, 127, 127, 124, 107, 102, 80, 69, 67, 44, 42, 28, 23, 26, 0, 2, 0, 0, 0, 6, 11, 14, 29, 41, 49, 63, 68, 89, 109, 127, 127, 127, 127, 122, 127, 123, 121, 109, 110, 103, 83, 95, 63, 42, 31, 4, 1, 0, 5, 9, 2, 2, 17, 23, 33, 39, 47, 76, 88, 89, 102, 103, 119, 127, 127, 125, 117, 127, 116, 107, 98, 88, 73, 65, 61, 37, 37, 19, 6, 0, 4, 0, 0, 8, 0, 11, 9, 13]","[51, 59, 89, 96, 106, 101, 110, 117, 127, 127, 127, 127, 124, 107, 102, 80, 69, 67, 44, 42, 28, 23, 26, 0, 2, 0, 0, 0, 6, 11, 14, 29, 41, 49, 63, 68, 89, 109, 127, 127, 127, 127, 122, 127, 123, 121, 109, 110, 103, 83, 95, 63, 42, 31, 4, 1, 0, 5, 9, 2, 2, 17, 23, 33, 39, 47, 76, 88, 89, 102, 103, 119, 127, 127, 125, 117, 127, 116, 107, 98, 88, 73, 65, 61, 37, 37, 19, 6, 0, 4, 0, 0, 8, 0, 11, 9, 13]"
In-Distribution,10,exact_guidance_u,147,0,98,97,"[129, 51, 59, 89, 96, 106, 101, 110, 117, 127, 127, 127, 127, 124, 107, 102, 80, 69, 67, 44, 42, 28, 23, 26, 0, 2, 0, 0, 0, 6, 11, 14, 29, 41, 49, 63, 68, 89, 109, 127, 127, 127, 127, 122, 127, 123, 121, 109, 110, 103, 83, 95, 63, 42, 31, 4, 1, 0, 5, 9, 2, 2, 17, 23, 33, 39, 47, 76, 88, 89, 102, 103, 119, 127, 127, 125, 117, 127, 116, 107, 98, 88, 73, 65, 61, 37, 37, 19, 6, 0, 4, 0, 0, 8, 0, 11, 9, 13]","[51, 59, 89, 96, 106, 101, 110, 117, 127, 127, 127, 127, 124, 107, 102, 80, 69, 67, 44, 42, 28, 23, 26, 0, 2, 0, 0, 0, 6, 11, 14, 29, 41, 49, 63, 68, 89, 109, 127, 127, 127, 127, 122, 127, 123, 121, 109, 110, 103, 83, 95, 63, 42, 31, 4, 1, 0, 5, 9, 2, 2, 17, 23, 33, 39, 47, 76, 88, 89, 102, 103, 119, 127, 127, 125, 117, 127, 116, 107, 98, 88, 73, 65, 61, 37, 37, 19, 6, 0, 4, 0, 0, 8, 0, 11, 9, 13]"
In-Distribution,10,exact_guidance_u,148,0,98,97,"[129, 51, 59, 89, 96, 106, 101, 110, 117, 127, 127, 127, 127, 124, 107, 102, 80, 69, 67, 44, 42, 28, 23, 26, 0, 2, 0, 0, 0, 6, 11, 14, 29, 41, 49, 63, 68, 89, 109, 127, 127, 127, 127, 122, 127, 123, 121, 109, 110, 103, 83, 95, 63, 42, 31, 4, 1, 0, 5, 9, 2, 2, 17, 23, 33, 39, 47, 76, 88, 89, 102, 103, 119, 127, 127, 125, 117, 127, 116, 107, 98, 88, 73, 65, 61, 37, 37, 19, 6, 0, 4, 0, 0, 8, 0, 11, 9, 13]","[51, 59, 89, 96, 106, 101, 110, 117, 127, 127, 127, 127, 124, 107, 102, 80, 69, 67, 44, 42, 28, 23, 26, 0, 2, 0, 0, 0, 6, 11, 14, 29, 41, 49, 63, 68, 89, 109, 127, 127, 127, 127, 122, 127, 123, 121, 109, 110, 103, 83, 95, 63, 42, 31, 4, 1, 0, 5, 9, 2, 2, 17, 23, 33, 39, 47, 76, 88, 89, 102, 103, 119, 127, 127, 125, 117, 127, 116, 107, 98, 88, 73, 65, 61, 37, 37, 19, 6, 0, 4, 0, 0, 8, 0, 11, 9, 13]"
In-Distribution,10,exact_guidance_u,149,0,98,97,"[129, 51, 59, 89, 96, 106, 101, 110, 117, 127, 127, 127, 127, 124, 107, 102, 80, 69, 67, 44, 42, 28, 23, 26, 0, 2, 0, 0, 0, 6, 11, 14, 29, 41, 49, 63, 68, 89, 109, 127, 127, 127, 127, 122, 127, 123, 121, 109, 110, 103, 83, 95, 63, 42, 31, 4, 1, 0, 5, 9, 2, 2, 17, 23, 33, 39, 47, 76, 88, 89, 102, 103, 119, 127, 127, 125, 117, 127, 116, 107, 98, 88, 73, 65, 61, 37, 37, 19, 6, 0, 4, 0, 0, 8, 0, 11, 9, 13]","[51, 59, 89, 96, 106, 101, 110, 117, 127, 127, 127, 127, 124, 107, 102, 80, 69, 67, 44, 42, 28, 23, 26, 0, 2, 0, 0, 0, 6, 11, 14, 29, 41, 49, 63, 68, 89, 109, 127, 127, 127, 127, 122, 127, 123, 121, 109, 110, 103, 83, 95, 63, 42, 31, 4, 1, 0, 5, 9, 2, 2, 17, 23, 33, 39, 47, 76, 88, 89, 102, 103, 119, 127, 127, 125, 117, 127, 116, 107, 98, 88, 73, 65, 61, 37, 37, 19, 6, 0, 4, 0, 0, 8, 0, 11, 9, 13]"
In-Distribution,10,exact_guidance_u,150,0,98,97,"[129, 51, 59, 89, 96, 106, 101, 110, 117, 127, 127, 127, 127, 124, 107, 102, 80, 69, 67, 44, 42, 28, 23, 26, 0, 2, 0, 0, 0, 6, 11, 14, 29, 41, 49, 63, 68, 89, 109, 127, 127, 127, 127, 122, 127, 123, 121, 109, 110, 103, 83, 95, 63, 42, 31, 4, 1, 0, 5, 9, 2, 2, 17, 23, 33, 39, 47, 76, 88, 89, 102, 103, 119, 127, 127, 125, 117, 127, 116, 107, 98, 88, 73, 65, 61, 37, 37, 19, 6, 0, 4, 0, 0, 8, 0, 11, 9, 13]","[51, 59, 89, 96, 106, 101, 110, 117, 127, 127, 127, 127, 124, 107, 102, 80, 69, 67, 44, 42, 28, 23, 26, 0, 2, 0, 0, 0, 6, 11, 14, 29, 41, 49, 63, 68, 89, 109, 127, 127, 127, 127, 122, 127, 123, 121, 109, 110, 103, 83, 95, 63, 42, 31, 4, 1, 0, 5, 9, 2, 2, 17, 23, 33, 39, 47, 76, 88, 89, 102, 103, 119, 127, 127, 125, 117, 127, 116, 107, 98, 88, 73, 65, 61, 37, 37, 19, 6, 0, 4, 0, 0, 8, 0, 11, 9, 13]"
In-Distribution,10,exact_guidance_u,151,0,98,97,"[129, 51, 59, 89, 96, 106, 101, 110, 117, 127, 127, 127, 127, 124, 107, 102, 80, 69, 67, 44, 42, 28, 23, 26, 0, 2, 0, 0, 0, 6, 11, 14, 29, 41, 49, 63, 68, 89, 109, 127, 127, 127, 127, 122, 127, 123, 121, 109, 110, 103, 83, 95, 63, 42, 31, 4, 1, 0, 5, 9, 2, 2, 17, 23, 33, 39, 47, 76, 88, 89, 102, 103, 119, 127, 127, 125, 117, 127, 116, 107, 98, 88, 73, 65, 61, 37, 37, 19, 6, 0, 4, 0, 0, 8, 0, 11, 9, 13]","[51, 59, 89, 96, 106, 101, 110, 117, 127, 127, 127, 127, 124, 107, 102, 80, 69, 67, 44, 42, 28, 23, 26, 0, 2, 0, 0, 0, 6, 11, 14, 29, 41, 49, 63, 68, 89, 109, 127, 127, 127, 127, 122, 127, 123, 121, 109, 110, 103, 83, 95, 63, 42, 31, 4, 1, 0, 5, 9, 2, 2, 17, 23, 33, 39, 47, 76, 88, 89, 102, 103, 119, 127, 127, 125, 117, 127, 116, 107, 98, 88, 73, 65, 61, 37, 37, 19, 6, 0, 4, 0, 0, 8, 0, 11, 9, 13]"
In-Distribution,10,exact_guidance_u,152,0,98,97,"[129, 51, 59, 89, 96, 106, 101, 110, 117, 127, 127, 127, 127, 124, 107, 102, 80, 69, 67, 44, 42, 28, 23, 26, 0, 2, 0, 0, 0, 6, 11, 14, 29, 41, 49, 63, 68, 89, 109, 127, 127, 127, 127, 122, 127, 123, 121, 109, 110, 103, 83, 95, 63, 42, 31, 4, 1, 0, 5, 9, 2, 2, 17, 23, 33, 39, 47, 76, 88, 89, 102, 103, 119, 127, 127, 125, 117, 127, 116, 107, 98, 88, 73, 65, 61, 37, 37, 19, 6, 0, 4, 0, 0, 8, 0, 11, 9, 13]","[51, 59, 89, 96, 106, 101, 110, 117, 127, 127, 127, 127, 124, 107, 102, 80, 69, 67, 44, 42, 28, 23, 26, 0, 2, 0, 0, 0, 6, 11, 14, 29, 41, 49, 63, 68, 89, 109, 127, 127, 127, 127, 122, 127, 123, 121, 109, 110, 103, 83, 95, 63, 42, 31, 4, 1, 0, 5, 9, 2, 2, 17, 23, 33, 39, 47, 76, 88, 89, 102, 103, 119, 127, 127, 125, 117, 127, 116, 107, 98, 88, 73, 65, 61, 37, 37, 19, 6, 0, 4, 0, 0, 8, 0, 11, 9, 13]"
In-Distribution,10,exact_guidance_u,153,0,98,97,"[129, 51, 59, 89, 96, 106, 101, 110, 117, 127, 127, 127, 127, 124, 107, 102, 80, 69, 67, 44, 42, 28, 23, 26, 0, 2, 0, 0, 0, 6, 11, 14, 29, 41, 49, 63, 68, 89, 109, 127, 127, 127, 127, 122, 127, 123, 121, 109, 110, 103, 83, 95, 63, 42, 31, 4, 1, 0, 5, 9, 2, 2, 17, 23, 33, 39, 47, 76, 88, 89, 102, 103, 119, 127, 127, 125, 117, 127, 116, 107, 98, 88, 73, 65, 61, 37, 37, 19, 6, 0, 4, 0, 0, 8, 0, 11, 9, 13]","[51, 59, 89, 96, 106, 101, 110, 117, 127, 127, 127, 127, 124, 107, 102, 80, 69, 67, 44, 42, 28, 23, 26, 0, 2, 0, 0, 0, 6, 11, 14, 29, 41, 49, 63, 68, 89, 109, 127, 127, 127, 127, 122, 127, 123, 121, 109, 110, 103, 83, 95, 63, 42, 31, 4, 1, 0, 5, 9, 2, 2, 17, 23, 33, 39, 47, 76, 88, 89, 102, 103, 119, 127, 127, 125, 117, 127, 116, 107, 98, 88, 73, 65, 61, 37, 37, 19, 6, 0, 4, 0, 0, 8, 0, 11, 9, 13]"
In-Distribution,10,exact_guidance_u,154,0,98,97,"[129, 51, 59, 89, 96, 106, 101, 110, 117, 127, 127, 127, 127, 124, 107, 102, 80, 69, 67, 44, 42, 28, 23, 26, 0, 2, 0, 0, 0, 6, 11, 14, 29, 41, 49, 63, 68, 89, 109, 127, 127, 127, 127, 122, 127, 123, 121, 109, 110, 103, 83, 95, 63, 42, 31, 4, 1, 0, 5, 9, 2, 2, 17, 23, 33, 39, 47, 76, 88, 89, 102, 103, 119, 127, 127, 125, 117, 127, 116, 107, 98, 88, 73, 65, 61, 37, 37, 19, 6, 0, 4, 0, 0, 8, 0, 11, 9, 13]","[51, 59, 89, 96, 106, 101, 110, 117, 127, 127, 127, 127, 124, 107, 102, 80, 69, 67, 44, 42, 28, 23, 26, 0, 2, 0, 0, 0, 6, 11, 14, 29, 41, 49, 63, 68, 89, 109, 127, 127, 127, 127, 122, 127, 123, 121, 109, 110, 103, 83, 95, 63, 42, 31, 4, 1, 0, 5, 9, 2, 2, 17, 23, 33, 39, 47, 76, 88, 89, 102, 103, 119, 127, 127, 125, 117, 127, 116, 107, 98, 88, 73, 65, 61, 37, 37, 19, 6, 0, 4, 0, 0, 8, 0, 11, 9, 13]"
In-Distribution,10,exact_guidance_u,155,0,98,97,"[129, 51, 59, 89, 96, 106, 101, 110, 117, 127, 127, 127, 127, 124, 107, 102, 80, 69, 67, 44, 42, 28, 23, 26, 0, 2, 0, 0, 0, 6, 11, 14, 29, 41, 49, 63, 68, 89, 109, 127, 127, 127, 127, 122, 127, 123, 121, 109, 110, 103, 83, 95, 63, 42, 31, 4, 1, 0, 5, 9, 2, 2, 17, 23, 33, 39, 47, 76, 88, 89, 102, 103, 119, 127, 127, 125, 117, 127, 116, 107, 98, 88, 73, 65, 61, 37, 37, 19, 6, 0, 4, 0, 0, 8, 0, 11, 9, 13]","[51, 59, 89, 96, 106, 101, 110, 117, 127, 127, 127, 127, 124, 107, 102, 80, 69, 67, 44, 42, 28, 23, 26, 0, 2, 0, 0, 0, 6, 11, 14, 29, 41, 49, 63, 68, 89, 109, 127, 127, 127, 127, 122, 127, 123, 121, 109, 110, 103, 83, 95, 63, 42, 31, 4, 1, 0, 5, 9, 2, 2, 17, 23, 33, 39, 47, 76, 88, 89, 102, 103, 119, 127, 127, 125, 117, 127, 116, 107, 98, 88, 73, 65, 61, 37, 37, 19, 6, 0, 4, 0, 0, 8, 0, 11, 9, 13]"
In-Distribution,10,exact_guidance_u,156,0,98,97,"[129, 51, 59, 89, 96, 106, 101, 110, 117, 127, 127, 127, 127, 124, 107, 102, 80, 69, 67, 44, 42, 28, 23, 26, 0, 2, 0, 0, 0, 6, 11, 14, 29, 41, 49, 63, 68, 89, 109, 127, 127, 127, 127, 122, 127, 123, 121, 109, 110, 103, 83, 95, 63, 42, 31, 4, 1, 0, 5, 9, 2, 2, 17, 23, 33, 39, 47, 76, 88, 89, 102, 103, 119, 127, 127, 125, 117, 127, 116, 107, 98, 88, 73, 65, 61, 37, 37, 19, 6, 0, 4, 0, 0, 8, 0, 11, 9, 13]","[51, 59, 89, 96, 106, 101, 110, 117, 127, 127, 127, 127, 124, 107, 102, 80, 69, 67, 44, 42, 28, 23, 26, 0, 2, 0, 0, 0, 6, 11, 14, 29, 41, 49, 63, 68, 89, 109, 127, 127, 127, 127, 122, 127, 123, 121, 109, 110, 103, 83, 95, 63, 42, 31, 4, 1, 0, 5, 9, 2, 2, 17, 23, 33, 39, 47, 76, 88, 89, 102, 103, 119, 127, 127, 125, 117, 127, 116, 107, 98, 88, 73, 65, 61, 37, 37, 19, 6, 0, 4, 0, 0, 8, 0, 11, 9, 13]"
In-Distribution,10,exact_guidance_u,157,0,98,97,"[129, 51, 59, 89, 96, 106, 101, 110, 117, 127, 127, 127, 127, 124, 107, 102, 80, 69, 67, 44, 42, 28, 23, 26, 0, 2, 0, 0, 0, 6, 11, 14, 29, 41, 49, 63, 68, 89, 109, 127, 127, 127, 127, 122, 127, 123, 121, 109, 110, 103, 83, 95, 63, 42, 31, 4, 1, 0, 5, 9, 2, 2, 17, 23, 33, 39, 47, 76, 88, 89, 102, 103, 119, 127, 127, 125, 117, 127, 116, 107, 98, 88, 73, 65, 61, 37, 37, 19, 6, 0, 4, 0, 0, 8, 0, 11, 9, 13]","[51, 59, 89, 96, 106, 101, 110, 117, 127, 127, 127, 127, 124, 107, 102, 80, 69, 67, 44, 42, 28, 23, 26, 0, 2, 0, 0, 0, 6, 11, 14, 29, 41, 49, 63, 68, 89, 109, 127, 127, 127, 127, 122, 127, 123, 121, 109, 110, 103, 83, 95, 63, 42, 31, 4, 1, 0, 5, 9, 2, 2, 17, 23, 33, 39, 47, 76, 88, 89, 102, 103, 119, 127, 127, 125, 117, 127, 116, 107, 98, 88, 73, 65, 61, 37, 37, 19, 6, 0, 4, 0, 0, 8, 0, 11, 9, 13]"
In-Distribution,10,exact_guidance_u,158,0,98,97,"[129, 51, 59, 89, 96, 106, 101, 110, 117, 127, 127, 127, 127, 124, 107, 102, 80, 69, 67, 44, 42, 28, 23, 26, 0, 2, 0, 0, 0, 6, 11, 14, 29, 41, 49, 63, 68, 89, 109, 127, 127, 127, 127, 122, 127, 123, 121, 109, 110, 103, 83, 95, 63, 42, 31, 4, 1, 0, 5, 9, 2, 2, 17, 23, 33, 39, 47, 76, 88, 89, 102, 103, 119, 127, 127, 125, 117, 127, 116, 107, 98, 88, 73, 65, 61, 37, 37, 19, 6, 0, 4, 0, 0, 8, 0, 11, 9, 13]","[51, 59, 89, 96, 106, 101, 110, 117, 127, 127, 127, 127, 124, 107, 102, 80, 69, 67, 44, 42, 28, 23, 26, 0, 2, 0, 0, 0, 6, 11, 14, 29, 41, 49, 63, 68, 89, 109, 127, 127, 127, 127, 122, 127, 123, 121, 109, 110, 103, 83, 95, 63, 42, 31, 4, 1, 0, 5, 9, 2, 2, 17, 23, 33, 39, 47, 76, 88, 89, 102, 103, 119, 127, 127, 125, 117, 127, 116, 107, 98, 88, 73, 65, 61, 37, 37, 19, 6, 0, 4, 0, 0, 8, 0, 11, 9, 13]"
In-Distribution,10,exact_guidance_u,159,0,98,97,"[129, 51, 59, 89, 96, 106, 101, 110, 117, 127, 127, 127, 127, 124, 107, 102, 80, 69, 67, 44, 42, 28, 23, 26, 0, 2, 0, 0, 0, 6, 11, 14, 29, 41, 49, 63, 68, 89, 109, 127, 127, 127, 127, 122, 127, 123, 121, 109, 110, 103, 83, 95, 63, 42, 31, 4, 1, 0, 5, 9, 2, 2, 17, 23, 33, 39, 47, 76, 88, 89, 102, 103, 119, 127, 127, 125, 117, 127, 116, 107, 98, 88, 73, 65, 61, 37, 37, 19, 6, 0, 4, 0, 0, 8, 0, 11, 9, 13]","[51, 59, 89, 96, 106, 101, 110, 117, 127, 127, 127, 127, 124, 107, 102, 80, 69, 67, 44, 42, 28, 23, 26, 0, 2, 0, 0, 0, 6, 11, 14, 29, 41, 49, 63, 68, 89, 109, 127, 127, 127, 127, 122, 127, 123, 121, 109, 110, 103, 83, 95, 63, 42, 31, 4, 1, 0, 5, 9, 2, 2, 17, 23, 33, 39, 47, 76, 88, 89, 102, 103, 119, 127, 127, 125, 117, 127, 116, 107, 98, 88, 73, 65, 61, 37, 37, 19, 6, 0, 4, 0, 0, 8, 0, 11, 9, 13]"
In-Distribution,10,exact_guidance_u,160,0,98,97,"[129, 51, 59, 89, 96, 106, 101, 110, 117, 127, 127, 127, 127, 124, 107, 102, 80, 69, 67, 44, 42, 28, 23, 26, 0, 2, 0, 0, 0, 6, 11, 14, 29, 41, 49, 63, 68, 89, 109, 127, 127, 127, 127, 122, 127, 123, 121, 109, 110, 103, 83, 95, 63, 42, 31, 4, 1, 0, 5, 9, 2, 2, 17, 23, 33, 39, 47, 76, 88, 89, 102, 103, 119, 127, 127, 125, 117, 127, 116, 107, 98, 88, 73, 65, 61, 37, 37, 19, 6, 0, 4, 0, 0, 8, 0, 11, 9, 13]","[51, 59, 89, 96, 106, 101, 110, 117, 127, 127, 127, 127, 124, 107, 102, 80, 69, 67, 44, 42, 28, 23, 26, 0, 2, 0, 0, 0, 6, 11, 14, 29, 41, 49, 63, 68, 89, 109, 127, 127, 127, 127, 122, 127, 123, 121, 109, 110, 103, 83, 95, 63, 42, 31, 4, 1, 0, 5, 9, 2, 2, 17, 23, 33, 39, 47, 76, 88, 89, 102, 103, 119, 127, 127, 125, 117, 127, 116, 107, 98, 88, 73, 65, 61, 37, 37, 19, 6, 0, 4, 0, 0, 8, 0, 11, 9, 13]"
In-Distribution,10,exact_guidance_u,161,0,98,97,"[129, 51, 59, 89, 96, 106, 101, 110, 117, 127, 127, 127, 127, 124, 107, 102, 80, 69, 67, 44, 42, 28, 23, 26, 0, 2, 0, 0, 0, 6, 11, 14, 29, 41, 49, 63, 68, 89, 109, 127, 127, 127, 127, 122, 127, 123, 121, 109, 110, 103, 83, 95, 63, 42, 31, 4, 1, 0, 5, 9, 2, 2, 17, 23, 33, 39, 47, 76, 88, 89, 102, 103, 119, 127, 127, 125, 117, 127, 116, 107, 98, 88, 73, 65, 61, 37, 37, 19, 6, 0, 4, 0, 0, 8, 0, 11, 9, 13]","[51, 59, 89, 96, 106, 101, 110, 117, 127, 127, 127, 127, 124, 107, 102, 80, 69, 67, 44, 42, 28, 23, 26, 0, 2, 0, 0, 0, 6, 11, 14, 29, 41, 49, 63, 68, 89, 109, 127, 127, 127, 127, 122, 127, 123, 121, 109, 110, 103, 83, 95, 63, 42, 31, 4, 1, 0, 5, 9, 2, 2, 17, 23, 33, 39, 47, 76, 88, 89, 102, 103, 119, 127, 127, 125, 117, 127, 116, 107, 98, 88, 73, 65, 61, 37, 37, 19, 6, 0, 4, 0, 0, 8, 0, 11, 9, 13]"
In-Distribution,10,exact_guidance_u,162,0,98,97,"[129, 51, 59, 89, 96, 106, 101, 110, 117, 127, 127, 127, 127, 124, 107, 102, 80, 69, 67, 44, 42, 28, 23, 26, 0, 2, 0, 0, 0, 6, 11, 14, 29, 41, 49, 63, 68, 89, 109, 127, 127, 127, 127, 122, 127, 123, 121, 109, 110, 103, 83, 95, 63, 42, 31, 4, 1, 0, 5, 9, 2, 2, 17, 23, 33, 39, 47, 76, 88, 89, 102, 103, 119, 127, 127, 125, 117, 127, 116, 107, 98, 88, 73, 65, 61, 37, 37, 19, 6, 0, 4, 0, 0, 8, 0, 11, 9, 13]","[51, 59, 89, 96, 106, 101, 110, 117, 127, 127, 127, 127, 124, 107, 102, 80, 69, 67, 44, 42, 28, 23, 26, 0, 2, 0, 0, 0, 6, 11, 14, 29, 41, 49, 63, 68, 89, 109, 127, 127, 127, 127, 122, 127, 123, 121, 109, 110, 103, 83, 95, 63, 42, 31, 4, 1, 0, 5, 9, 2, 2, 17, 23, 33, 39, 47, 76, 88, 89, 102, 103, 119, 127, 127, 125, 117, 127, 116, 107, 98, 88, 73, 65, 61, 37, 37, 19, 6, 0, 4, 0, 0, 8, 0, 11, 9, 13]"
In-Distribution,10,exact_guidance_u,163,0,98,97,"[129, 51, 59, 89, 96, 106, 101, 110, 117, 127, 127, 127, 127, 124, 107, 102, 80, 69, 67, 44, 42, 28, 23, 26, 0, 2, 0, 0, 0, 6, 11, 14, 29, 41, 49, 63, 68, 89, 109, 127, 127, 127, 127, 122, 127, 123, 121, 109, 110, 103, 83, 95, 63, 42, 31, 4, 1, 0, 5, 9, 2, 2, 17, 23, 33, 39, 47, 76, 88, 89, 102, 103, 119, 127, 127, 125, 117, 127, 116, 107, 98, 88, 73, 65, 61, 37, 37, 19, 6, 0, 4, 0, 0, 8, 0, 11, 9, 13]","[51, 59, 89, 96, 106, 101, 110, 117, 127, 127, 127, 127, 124, 107, 102, 80, 69, 67, 44, 42, 28, 23, 26, 0, 2, 0, 0, 0, 6, 11, 14, 29, 41, 49, 63, 68, 89, 109, 127, 127, 127, 127, 122, 127, 123, 121, 109, 110, 103, 83, 95, 63, 42, 31, 4, 1, 0, 5, 9, 2, 2, 17, 23, 33, 39, 47, 76, 88, 89, 102, 103, 119, 127, 127, 125, 117, 127, 116, 107, 98, 88, 73, 65, 61, 37, 37, 19, 6, 0, 4, 0, 0, 8, 0, 11, 9, 13]"
In-Distribution,10,exact_guidance_u,164,0,98,97,"[129, 51, 59, 89, 96, 106, 101, 110, 117, 127, 127, 127, 127, 124, 107, 102, 80, 69, 67, 44, 42, 28, 23, 26, 0, 2, 0, 0, 0, 6, 11, 14, 29, 41, 49, 63, 68, 89, 109, 127, 127, 127, 127, 122, 127, 123, 121, 109, 110, 103, 83, 95, 63, 42, 31, 4, 1, 0, 5, 9, 2, 2, 17, 23, 33, 39, 47, 76, 88, 89, 102, 103, 119, 127, 127, 125, 117, 127, 116, 107, 98, 88, 73, 65, 61, 37, 37, 19, 6, 0, 4, 0, 0, 8, 0, 11, 9, 13]","[51, 59, 89, 96, 106, 101, 110, 117, 127, 127, 127, 127, 124, 107, 102, 80, 69, 67, 44, 42, 28, 23, 26, 0, 2, 0, 0, 0, 6, 11, 14, 29, 41, 49, 63, 68, 89, 109, 127, 127, 127, 127, 122, 127, 123, 121, 109, 110, 103, 83, 95, 63, 42, 31, 4, 1, 0, 5, 9, 2, 2, 17, 23, 33, 39, 47, 76, 88, 89, 102, 103, 119, 127, 127, 125, 117, 127, 116, 107, 98, 88, 73, 65, 61, 37, 37, 19, 6, 0, 4, 0, 0, 8, 0, 11, 9, 13]"
In-Distribution,10,exact_guidance_u,165,0,98,97,"[129, 51, 59, 89, 96, 106, 101, 110, 117, 127, 127, 127, 127, 124, 107, 102, 80, 69, 67, 44, 42, 28, 23, 26, 0, 2, 0, 0, 0, 6, 11, 14, 29, 41, 49, 63, 68, 89, 109, 127, 127, 127, 127, 122, 127, 123, 121, 109, 110, 103, 83, 95, 63, 42, 31, 4, 1, 0, 5, 9, 2, 2, 17, 23, 33, 39, 47, 76, 88, 89, 102, 103, 119, 127, 127, 125, 117, 127, 116, 107, 98, 88, 73, 65, 61, 37, 37, 19, 6, 0, 4, 0, 0, 8, 0, 11, 9, 13]","[51, 59, 89, 96, 106, 101, 110, 117, 127, 127, 127, 127, 124, 107, 102, 80, 69, 67, 44, 42, 28, 23, 26, 0, 2, 0, 0, 0, 6, 11, 14, 29, 41, 49, 63, 68, 89, 109, 127, 127, 127, 127, 122, 127, 123, 121, 109, 110, 103, 83, 95, 63, 42, 31, 4, 1, 0, 5, 9, 2, 2, 17, 23, 33, 39, 47, 76, 88, 89, 102, 103, 119, 127, 127, 125, 117, 127, 116, 107, 98, 88, 73, 65, 61, 37, 37, 19, 6, 0, 4, 0, 0, 8, 0, 11, 9, 13]"
In-Distribution,10,exact_guidance_u,166,0,98,97,"[129, 51, 59, 89, 96, 106, 101, 110, 117, 127, 127, 127, 127, 124, 107, 102, 80, 69, 67, 44, 42, 28, 23, 26, 0, 2, 0, 0, 0, 6, 11, 14, 29, 41, 49, 63, 68, 89, 109, 127, 127, 127, 127, 122, 127, 123, 121, 109, 110, 103, 83, 95, 63, 42, 31, 4, 1, 0, 5, 9, 2, 2, 17, 23, 33, 39, 47, 76, 88, 89, 102, 103, 119, 127, 127, 125, 117, 127, 116, 107, 98, 88, 73, 65, 61, 37, 37, 19, 6, 0, 4, 0, 0, 8, 0, 11, 9, 13]","[51, 59, 89, 96, 106, 101, 110, 117, 127, 127, 127, 127, 124, 107, 102, 80, 69, 67, 44, 42, 28, 23, 26, 0, 2, 0, 0, 0, 6, 11, 14, 29, 41, 49, 63, 68, 89, 109, 127, 127, 127, 127, 122, 127, 123, 121, 109, 110, 103, 83, 95, 63, 42, 31, 4, 1, 0, 5, 9, 2, 2, 17, 23, 33, 39, 47, 76, 88, 89, 102, 103, 119, 127, 127, 125, 117, 127, 116, 107, 98, 88, 73, 65, 61, 37, 37, 19, 6, 0, 4, 0, 0, 8, 0, 11, 9, 13]"
In-Distribution,10,exact_guidance_u,167,0,98,97,"[129, 51, 59, 89, 96, 106, 101, 110, 117, 127, 127, 127, 127, 124, 107, 102, 80, 69, 67, 44, 42, 28, 23, 26, 0, 2, 0, 0, 0, 6, 11, 14, 29, 41, 49, 63, 68, 89, 109, 127, 127, 127, 127, 122, 127, 123, 121, 109, 110, 103, 83, 95, 63, 42, 31, 4, 1, 0, 5, 9, 2, 2, 17, 23, 33, 39, 47, 76, 88, 89, 102, 103, 119, 127, 127, 125, 117, 127, 116, 107, 98, 88, 73, 65, 61, 37, 37, 19, 6, 0, 4, 0, 0, 8, 0, 11, 9, 13]","[51, 59, 89, 96, 106, 101, 110, 117, 127, 127, 127, 127, 124, 107, 102, 80, 69, 67, 44, 42, 28, 23, 26, 0, 2, 0, 0, 0, 6, 11, 14, 29, 41, 49, 63, 68, 89, 109, 127, 127, 127, 127, 122, 127, 123, 121, 109, 110, 103, 83, 95, 63, 42, 31, 4, 1, 0, 5, 9, 2, 2, 17, 23, 33, 39, 47, 76, 88, 89, 102, 103, 119, 127, 127, 125, 117, 127, 116, 107, 98, 88, 73, 65, 61, 37, 37, 19, 6, 0, 4, 0, 0, 8, 0, 11, 9, 13]"
In-Distribution,10,exact_guidance_u,168,0,98,97,"[129, 51, 59, 89, 96, 106, 101, 110, 117, 127, 127, 127, 127, 124, 107, 102, 80, 69, 67, 44, 42, 28, 23, 26, 0, 2, 0, 0, 0, 6, 11, 14, 29, 41, 49, 63, 68, 89, 109, 127, 127, 127, 127, 122, 127, 123, 121, 109, 110, 103, 83, 95, 63, 42, 31, 4, 1, 0, 5, 9, 2, 2, 17, 23, 33, 39, 47, 76, 88, 89, 102, 103, 119, 127, 127, 125, 117, 127, 116, 107, 98, 88, 73, 65, 61, 37, 37, 19, 6, 0, 4, 0, 0, 8, 0, 11, 9, 13]","[51, 59, 89, 96, 106, 101, 110, 117, 127, 127, 127, 127, 124, 107, 102, 80, 69, 67, 44, 42, 28, 23, 26, 0, 2, 0, 0, 0, 6, 11, 14, 29, 41, 49, 63, 68, 89, 109, 127, 127, 127, 127, 122, 127, 123, 121, 109, 110, 103, 83, 95, 63, 42, 31, 4, 1, 0, 5, 9, 2, 2, 17, 23, 33, 39, 47, 76, 88, 89, 102, 103, 119, 127, 127, 125, 117, 127, 116, 107, 98, 88, 73, 65, 61, 37, 37, 19, 6, 0, 4, 0, 0, 8, 0, 11, 9, 13]"
In-Distribution,10,exact_guidance_u,169,0,98,97,"[129, 51, 59, 89, 96, 106, 101, 110, 117, 127, 127, 127, 127, 124, 107, 102, 80, 69, 67, 44, 42, 28, 23, 26, 0, 2, 0, 0, 0, 6, 11, 14, 29, 41, 49, 63, 68, 89, 109, 127, 127, 127, 127, 122, 127, 123, 121, 109, 110, 103, 83, 95, 63, 42, 31, 4, 1, 0, 5, 9, 2, 2, 17, 23, 33, 39, 47, 76, 88, 89, 102, 103, 119, 127, 127, 125, 117, 127, 116, 107, 98, 88, 73, 65, 61, 37, 37, 19, 6, 0, 4, 0, 0, 8, 0, 11, 9, 13]","[51, 59, 89, 96, 106, 101, 110, 117, 127, 127, 127, 127, 124, 107, 102, 80, 69, 67, 44, 42, 28, 23, 26, 0, 2, 0, 0, 0, 6, 11, 14, 29, 41, 49, 63, 68, 89, 109, 127, 127, 127, 127, 122, 127, 123, 121, 109, 110, 103, 83, 95, 63, 42, 31, 4, 1, 0, 5, 9, 2, 2, 17, 23, 33, 39, 47, 76, 88, 89, 102, 103, 119, 127, 127, 125, 117, 127, 116, 107, 98, 88, 73, 65, 61, 37, 37, 19, 6, 0, 4, 0, 0, 8, 0, 11, 9, 13]"
In-Distribution,10,exact_guidance_u,170,0,98,97,"[129, 51, 59, 89, 96, 106, 101, 110, 117, 127, 127, 127, 127, 124, 107, 102, 80, 69, 67, 44, 42, 28, 23, 26, 0, 2, 0, 0, 0, 6, 11, 14, 29, 41, 49, 63, 68, 89, 109, 127, 127, 127, 127, 122, 127, 123, 121, 109, 110, 103, 83, 95, 63, 42, 31, 4, 1, 0, 5, 9, 2, 2, 17, 23, 33, 39, 47, 76, 88, 89, 102, 103, 119, 127, 127, 125, 117, 127, 116, 107, 98, 88, 73, 65, 61, 37, 37, 19, 6, 0, 4, 0, 0, 8, 0, 11, 9, 13]","[51, 59, 89, 96, 106, 101, 110, 117, 127, 127, 127, 127, 124, 107, 102, 80, 69, 67, 44, 42, 28, 23, 26, 0, 2, 0, 0, 0, 6, 11, 14, 29, 41, 49, 63, 68, 89, 109, 127, 127, 127, 127, 122, 127, 123, 121, 109, 110, 103, 83, 95, 63, 42, 31, 4, 1, 0, 5, 9, 2, 2, 17, 23, 33, 39, 47, 76, 88, 89, 102, 103, 119, 127, 127, 125, 117, 127, 116, 107, 98, 88, 73, 65, 61, 37, 37, 19, 6, 0, 4, 0, 0, 8, 0, 11, 9, 13]"
In-Distribution,10,exact_guidance_u,171,0,98,97,"[129, 51, 59, 89, 96, 106, 101, 110, 117, 127, 127, 127, 127, 124, 107, 102, 80, 69, 67, 44, 42, 28, 23, 26, 0, 2, 0, 0, 0, 6, 11, 14, 29, 41, 49, 63, 68, 89, 109, 127, 127, 127, 127, 122, 127, 123, 121, 109, 110, 103, 83, 95, 63, 42, 31, 4, 1, 0, 5, 9, 2, 2, 17, 23, 33, 39, 47, 76, 88, 89, 102, 103, 119, 127, 127, 125, 117, 127, 116, 107, 98, 88, 73, 65, 61, 37, 37, 19, 6, 0, 4, 0, 0, 8, 0, 11, 9, 13]","[51, 59, 89, 96, 106, 101, 110, 117, 127, 127, 127, 127, 124, 107, 102, 80, 69, 67, 44, 42, 28, 23, 26, 0, 2, 0, 0, 0, 6, 11, 14, 29, 41, 49, 63, 68, 89, 109, 127, 127, 127, 127, 122, 127, 123, 121, 109, 110, 103, 83, 95, 63, 42, 31, 4, 1, 0, 5, 9, 2, 2, 17, 23, 33, 39, 47, 76, 88, 89, 102, 103, 119, 127, 127, 125, 117, 127, 116, 107, 98, 88, 73, 65, 61, 37, 37, 19, 6, 0, 4, 0, 0, 8, 0, 11, 9, 13]"
In-Distribution,10,exact_guidance_u,172,0,98,97,"[129, 51, 59, 89, 96, 106, 101, 110, 117, 127, 127, 127, 127, 124, 107, 102, 80, 69, 67, 44, 42, 28, 23, 26, 0, 2, 0, 0, 0, 6, 11, 14, 29, 41, 49, 63, 68, 89, 109, 127, 127, 127, 127, 122, 127, 123, 121, 109, 110, 103, 83, 95, 63, 42, 31, 4, 1, 0, 5, 9, 2, 2, 17, 23, 33, 39, 47, 76, 88, 89, 102, 103, 119, 127, 127, 125, 117, 127, 116, 107, 98, 88, 73, 65, 61, 37, 37, 19, 6, 0, 4, 0, 0, 8, 0, 11, 9, 13]","[51, 59, 89, 96, 106, 101, 110, 117, 127, 127, 127, 127, 124, 107, 102, 80, 69, 67, 44, 42, 28, 23, 26, 0, 2, 0, 0, 0, 6, 11, 14, 29, 41, 49, 63, 68, 89, 109, 127, 127, 127, 127, 122, 127, 123, 121, 109, 110, 103, 83, 95, 63, 42, 31, 4, 1, 0, 5, 9, 2, 2, 17, 23, 33, 39, 47, 76, 88, 89, 102, 103, 119, 127, 127, 125, 117, 127, 116, 107, 98, 88, 73, 65, 61, 37, 37, 19, 6, 0, 4, 0, 0, 8, 0, 11, 9, 13]"
In-Distribution,10,exact_guidance_u,173,0,98,97,"[129, 51, 59, 89, 96, 106, 101, 110, 117, 127, 127, 127, 127, 124, 107, 102, 80, 69, 67, 44, 42, 28, 23, 26, 0, 2, 0, 0, 0, 6, 11, 14, 29, 41, 49, 63, 68, 89, 109, 127, 127, 127, 127, 122, 127, 123, 121, 109, 110, 103, 83, 95, 63, 42, 31, 4, 1, 0, 5, 9, 2, 2, 17, 23, 33, 39, 47, 76, 88, 89, 102, 103, 119, 127, 127, 125, 117, 127, 116, 107, 98, 88, 73, 65, 61, 37, 37, 19, 6, 0, 4, 0, 0, 8, 0, 11, 9, 13]","[51, 59, 89, 96, 106, 101, 110, 117, 127, 127, 127, 127, 124, 107, 102, 80, 69, 67, 44, 42, 28, 23, 26, 0, 2, 0, 0, 0, 6, 11, 14, 29, 41, 49, 63, 68, 89, 109, 127, 127, 127, 127, 122, 127, 123, 121, 109, 110, 103, 83, 95, 63, 42, 31, 4, 1, 0, 5, 9, 2, 2, 17, 23, 33, 39, 47, 76, 88, 89, 102, 103, 119, 127, 127, 125, 117, 127, 116, 107, 98, 88, 73, 65, 61, 37, 37, 19, 6, 0, 4, 0, 0, 8, 0, 11, 9, 13]"
In-Distribution,10,exact_guidance_u,174,0,98,97,"[129, 51, 59, 89, 96, 106, 101, 110, 117, 127, 127, 127, 127, 124, 107, 102, 80, 69, 67, 44, 42, 28, 23, 26, 0, 2, 0, 0, 0, 6, 11, 14, 29, 41, 49, 63, 68, 89, 109, 127, 127, 127, 127, 122, 127, 123, 121, 109, 110, 103, 83, 95, 63, 42, 31, 4, 1, 0, 5, 9, 2, 2, 17, 23, 33, 39, 47, 76, 88, 89, 102, 103, 119, 127, 127, 125, 117, 127, 116, 107, 98, 88, 73, 65, 61, 37, 37, 19, 6, 0, 4, 0, 0, 8, 0, 11, 9, 13]","[51, 59, 89, 96, 106, 101, 110, 117, 127, 127, 127, 127, 124, 107, 102, 80, 69, 67, 44, 42, 28, 23, 26, 0, 2, 0, 0, 0, 6, 11, 14, 29, 41, 49, 63, 68, 89, 109, 127, 127, 127, 127, 122, 127, 123, 121, 109, 110, 103, 83, 95, 63, 42, 31, 4, 1, 0, 5, 9, 2, 2, 17, 23, 33, 39, 47, 76, 88, 89, 102, 103, 119, 127, 127, 125, 117, 127, 116, 107, 98, 88, 73, 65, 61, 37, 37, 19, 6, 0, 4, 0, 0, 8, 0, 11, 9, 13]"
In-Distribution,10,exact_guidance_u,175,0,98,97,"[129, 51, 59, 89, 96, 106, 101, 110, 117, 127, 127, 127, 127, 124, 107, 102, 80, 69, 67, 44, 42, 28, 23, 26, 0, 2, 0, 0, 0, 6, 11, 14, 29, 41, 49, 63, 68, 89, 109, 127, 127, 127, 127, 122, 127, 123, 121, 109, 110, 103, 83, 95, 63, 42, 31, 4, 1, 0, 5, 9, 2, 2, 17, 23, 33, 39, 47, 76, 88, 89, 102, 103, 119, 127, 127, 125, 117, 127, 116, 107, 98, 88, 73, 65, 61, 37, 37, 19, 6, 0, 4, 0, 0, 8, 0, 11, 9, 13]","[51, 59, 89, 96, 106, 101, 110, 117, 127, 127, 127, 127, 124, 107, 102, 80, 69, 67, 44, 42, 28, 23, 26, 0, 2, 0, 0, 0, 6, 11, 14, 29, 41, 49, 63, 68, 89, 109, 127, 127, 127, 127, 122, 127, 123, 121, 109, 110, 103, 83, 95, 63, 42, 31, 4, 1, 0, 5, 9, 2, 2, 17, 23, 33, 39, 47, 76, 88, 89, 102, 103, 119, 127, 127, 125, 117, 127, 116, 107, 98, 88, 73, 65, 61, 37, 37, 19, 6, 0, 4, 0, 0, 8, 0, 11, 9, 13]"
In-Distribution,10,exact_guidance_u,176,0,98,97,"[129, 51, 59, 89, 96, 106, 101, 110, 117, 127, 127, 127, 127, 124, 107, 102, 80, 69, 67, 44, 42, 28, 23, 26, 0, 2, 0, 0, 0, 6, 11, 14, 29, 41, 49, 63, 68, 89, 109, 127, 127, 127, 127, 122, 127, 123, 121, 109, 110, 103, 83, 95, 63, 42, 31, 4, 1, 0, 5, 9, 2, 2, 17, 23, 33, 39, 47, 76, 88, 89, 102, 103, 119, 127, 127, 125, 117, 127, 116, 107, 98, 88, 73, 65, 61, 37, 37, 19, 6, 0, 4, 0, 0, 8, 0, 11, 9, 13]","[51, 59, 89, 96, 106, 101, 110, 117, 127, 127, 127, 127, 124, 107, 102, 80, 69, 67, 44, 42, 28, 23, 26, 0, 2, 0, 0, 0, 6, 11, 14, 29, 41, 49, 63, 68, 89, 109, 127, 127, 127, 127, 122, 127, 123, 121, 109, 110, 103, 83, 95, 63, 42, 31, 4, 1, 0, 5, 9, 2, 2, 17, 23, 33, 39, 47, 76, 88, 89, 102, 103, 119, 127, 127, 125, 117, 127, 116, 107, 98, 88, 73, 65, 61, 37, 37, 19, 6, 0, 4, 0, 0, 8, 0, 11, 9, 13]"
In-Distribution,10,exact_guidance_u,177,0,98,97,"[129, 51, 59, 89, 96, 106, 101, 110, 117, 127, 127, 127, 127, 124, 107, 102, 80, 69, 67, 44, 42, 28, 23, 26, 0, 2, 0, 0, 0, 6, 11, 14, 29, 41, 49, 63, 68, 89, 109, 127, 127, 127, 127, 122, 127, 123, 121, 109, 110, 103, 83, 95, 63, 42, 31, 4, 1, 0, 5, 9, 2, 2, 17, 23, 33, 39, 47, 76, 88, 89, 102, 103, 119, 127, 127, 125, 117, 127, 116, 107, 98, 88, 73, 65, 61, 37, 37, 19, 6, 0, 4, 0, 0, 8, 0, 11, 9, 13]","[51, 59, 89, 96, 106, 101, 110, 117, 127, 127, 127, 127, 124, 107, 102, 80, 69, 67, 44, 42, 28, 23, 26, 0, 2, 0, 0, 0, 6, 11, 14, 29, 41, 49, 63, 68, 89, 109, 127, 127, 127, 127, 122, 127, 123, 121, 109, 110, 103, 83, 95, 63, 42, 31, 4, 1, 0, 5, 9, 2, 2, 17, 23, 33, 39, 47, 76, 88, 89, 102, 103, 119, 127, 127, 125, 117, 127, 116, 107, 98, 88, 73, 65, 61, 37, 37, 19, 6, 0, 4, 0, 0, 8, 0, 11, 9, 13]"
In-Distribution,10,exact_guidance_u,178,0,98,97,"[129, 51, 59, 89, 96, 106, 101, 110, 117, 127, 127, 127, 127, 124, 107, 102, 80, 69, 67, 44, 42, 28, 23, 26, 0, 2, 0, 0, 0, 6, 11, 14, 29, 41, 49, 63, 68, 89, 109, 127, 127, 127, 127, 122, 127, 123, 121, 109, 110, 103, 83, 95, 63, 42, 31, 4, 1, 0, 5, 9, 2, 2, 17, 23, 33, 39, 47, 76, 88, 89, 102, 103, 119, 127, 127, 125, 117, 127, 116, 107, 98, 88, 73, 65, 61, 37, 37, 19, 6, 0, 4, 0, 0, 8, 0, 11, 9, 13]","[51, 59, 89, 96, 106, 101, 110, 117, 127, 127, 127, 127, 124, 107, 102, 80, 69, 67, 44, 42, 28, 23, 26, 0, 2, 0, 0, 0, 6, 11, 14, 29, 41, 49, 63, 68, 89, 109, 127, 127, 127, 127, 122, 127, 123, 121, 109, 110, 103, 83, 95, 63, 42, 31, 4, 1, 0, 5, 9, 2, 2, 17, 23, 33, 39, 47, 76, 88, 89, 102, 103, 119, 127, 127, 125, 117, 127, 116, 107, 98, 88, 73, 65, 61, 37, 37, 19, 6, 0, 4, 0, 0, 8, 0, 11, 9, 13]"
In-Distribution,10,exact_guidance_u,179,0,98,97,"[129, 51, 59, 89, 96, 106, 101, 110, 117, 127, 127, 127, 127, 124, 107, 102, 80, 69, 67, 44, 42, 28, 23, 26, 0, 2, 0, 0, 0, 6, 11, 14, 29, 41, 49, 63, 68, 89, 109, 127, 127, 127, 127, 122, 127, 123, 121, 109, 110, 103, 83, 95, 63, 42, 31, 4, 1, 0, 5, 9, 2, 2, 17, 23, 33, 39, 47, 76, 88, 89, 102, 103, 119, 127, 127, 125, 117, 127, 116, 107, 98, 88, 73, 65, 61, 37, 37, 19, 6, 0, 4, 0, 0, 8, 0, 11, 9, 13]","[51, 59, 89, 96, 106, 101, 110, 117, 127, 127, 127, 127, 124, 107, 102, 80, 69, 67, 44, 42, 28, 23, 26, 0, 2, 0, 0, 0, 6, 11, 14, 29, 41, 49, 63, 68, 89, 109, 127, 127, 127, 127, 122, 127, 123, 121, 109, 110, 103, 83, 95, 63, 42, 31, 4, 1, 0, 5, 9, 2, 2, 17, 23, 33, 39, 47, 76, 88, 89, 102, 103, 119, 127, 127, 125, 117, 127, 116, 107, 98, 88, 73, 65, 61, 37, 37, 19, 6, 0, 4, 0, 0, 8, 0, 11, 9, 13]"
In-Distribution,10,exact_guidance_u,180,0,98,97,"[129, 51, 59, 89, 96, 106, 101, 110, 117, 127, 127, 127, 127, 124, 107, 102, 80, 69, 67, 44, 42, 28, 23, 26, 0, 2, 0, 0, 0, 6, 11, 14, 29, 41, 49, 63, 68, 89, 109, 127, 127, 127, 127, 122, 127, 123, 121, 109, 110, 103, 83, 95, 63, 42, 31, 4, 1, 0, 5, 9, 2, 2, 17, 23, 33, 39, 47, 76, 88, 89, 102, 103, 119, 127, 127, 125, 117, 127, 116, 107, 98, 88, 73, 65, 61, 37, 37, 19, 6, 0, 4, 0, 0, 8, 0, 11, 9, 13]","[51, 59, 89, 96, 106, 101, 110, 117, 127, 127, 127, 127, 124, 107, 102, 80, 69, 67, 44, 42, 28, 23, 26, 0, 2, 0, 0, 0, 6, 11, 14, 29, 41, 49, 63, 68, 89, 109, 127, 127, 127, 127, 122, 127, 123, 121, 109, 110, 103, 83, 95, 63, 42, 31, 4, 1, 0, 5, 9, 2, 2, 17, 23, 33, 39, 47, 76, 88, 89, 102, 103, 119, 127, 127, 125, 117, 127, 116, 107, 98, 88, 73, 65, 61, 37, 37, 19, 6, 0, 4, 0, 0, 8, 0, 11, 9, 13]"
In-Distribution,10,exact_guidance_u,181,0,98,97,"[129, 51, 59, 89, 96, 106, 101, 110, 117, 127, 127, 127, 127, 124, 107, 102, 80, 69, 67, 44, 42, 28, 23, 26, 0, 2, 0, 0, 0, 6, 11, 14, 29, 41, 49, 63, 68, 89, 109, 127, 127, 127, 127, 122, 127, 123, 121, 109, 110, 103, 83, 95, 63, 42, 31, 4, 1, 0, 5, 9, 2, 2, 17, 23, 33, 39, 47, 76, 88, 89, 102, 103, 119, 127, 127, 125, 117, 127, 116, 107, 98, 88, 73, 65, 61, 37, 37, 19, 6, 0, 4, 0, 0, 8, 0, 11, 9, 13]","[51, 59, 89, 96, 106, 101, 110, 117, 127, 127, 127, 127, 124, 107, 102, 80, 69, 67, 44, 42, 28, 23, 26, 0, 2, 0, 0, 0, 6, 11, 14, 29, 41, 49, 63, 68, 89, 109, 127, 127, 127, 127, 122, 127, 123, 121, 109, 110, 103, 83, 95, 63, 42, 31, 4, 1, 0, 5, 9, 2, 2, 17, 23, 33, 39, 47, 76, 88, 89, 102, 103, 119, 127, 127, 125, 117, 127, 116, 107, 98, 88, 73, 65, 61, 37, 37, 19, 6, 0, 4, 0, 0, 8, 0, 11, 9, 13]"
In-Distribution,10,exact_guidance_u,182,0,98,97,"[129, 51, 59, 89, 96, 106, 101, 110, 117, 127, 127, 127, 127, 124, 107, 102, 80, 69, 67, 44, 42, 28, 23, 26, 0, 2, 0, 0, 0, 6, 11, 14, 29, 41, 49, 63, 68, 89, 109, 127, 127, 127, 127, 122, 127, 123, 121, 109, 110, 103, 83, 95, 63, 42, 31, 4, 1, 0, 5, 9, 2, 2, 17, 23, 33, 39, 47, 76, 88, 89, 102, 103, 119, 127, 127, 125, 117, 127, 116, 107, 98, 88, 73, 65, 61, 37, 37, 19, 6, 0, 4, 0, 0, 8, 0, 11, 9, 13]","[51, 59, 89, 96, 106, 101, 110, 117, 127, 127, 127, 127, 124, 107, 102, 80, 69, 67, 44, 42, 28, 23, 26, 0, 2, 0, 0, 0, 6, 11, 14, 29, 41, 49, 63, 68, 89, 109, 127, 127, 127, 127, 122, 127, 123, 121, 109, 110, 103, 83, 95, 63, 42, 31, 4, 1, 0, 5, 9, 2, 2, 17, 23, 33, 39, 47, 76, 88, 89, 102, 103, 119, 127, 127, 125, 117, 127, 116, 107, 98, 88, 73, 65, 61, 37, 37, 19, 6, 0, 4, 0, 0, 8, 0, 11, 9, 13]"
In-Distribution,10,exact_guidance_u,183,0,98,97,"[129, 51, 59, 89, 96, 106, 101, 110, 117, 127, 127, 127, 127, 124, 107, 102, 80, 69, 67, 44, 42, 28, 23, 26, 0, 2, 0, 0, 0, 6, 11, 14, 29, 41, 49, 63, 68, 89, 109, 127, 127, 127, 127, 122, 127, 123, 121, 109, 110, 103, 83, 95, 63, 42, 31, 4, 1, 0, 5, 9, 2, 2, 17, 23, 33, 39, 47, 76, 88, 89, 102, 103, 119, 127, 127, 125, 117, 127, 116, 107, 98, 88, 73, 65, 61, 37, 37, 19, 6, 0, 4, 0, 0, 8, 0, 11, 9, 13]","[51, 59, 89, 96, 106, 101, 110, 117, 127, 127, 127, 127, 124, 107, 102, 80, 69, 67, 44, 42, 28, 23, 26, 0, 2, 0, 0, 0, 6, 11, 14, 29, 41, 49, 63, 68, 89, 109, 127, 127, 127, 127, 122, 127, 123, 121, 109, 110, 103, 83, 95, 63, 42, 31, 4, 1, 0, 5, 9, 2, 2, 17, 23, 33, 39, 47, 76, 88, 89, 102, 103, 119, 127, 127, 125, 117, 127, 116, 107, 98, 88, 73, 65, 61, 37, 37, 19, 6, 0, 4, 0, 0, 8, 0, 11, 9, 13]"
In-Distribution,10,exact_guidance_u,184,0,98,97,"[129, 51, 59, 89, 96, 106, 101, 110, 117, 127, 127, 127, 127, 124, 107, 102, 80, 69, 67, 44, 42, 28, 23, 26, 0, 2, 0, 0, 0, 6, 11, 14, 29, 41, 49, 63, 68, 89, 109, 127, 127, 127, 127, 122, 127, 123, 121, 109, 110, 103, 83, 95, 63, 42, 31, 4, 1, 0, 5, 9, 2, 2, 17, 23, 33, 39, 47, 76, 88, 89, 102, 103, 119, 127, 127, 125, 117, 127, 116, 107, 98, 88, 73, 65, 61, 37, 37, 19, 6, 0, 4, 0, 0, 8, 0, 11, 9, 13]","[51, 59, 89, 96, 106, 101, 110, 117, 127, 127, 127, 127, 124, 107, 102, 80, 69, 67, 44, 42, 28, 23, 26, 0, 2, 0, 0, 0, 6, 11, 14, 29, 41, 49, 63, 68, 89, 109, 127, 127, 127, 127, 122, 127, 123, 121, 109, 110, 103, 83, 95, 63, 42, 31, 4, 1, 0, 5, 9, 2, 2, 17, 23, 33, 39, 47, 76, 88, 89, 102, 103, 119, 127, 127, 125, 117, 127, 116, 107, 98, 88, 73, 65, 61, 37, 37, 19, 6, 0, 4, 0, 0, 8, 0, 11, 9, 13]"
In-Distribution,10,exact_guidance_u,185,0,98,97,"[129, 51, 59, 89, 96, 106, 101, 110, 117, 127, 127, 127, 127, 124, 107, 102, 80, 69, 67, 44, 42, 28, 23, 26, 0, 2, 0, 0, 0, 6, 11, 14, 29, 41, 49, 63, 68, 89, 109, 127, 127, 127, 127, 122, 127, 123, 121, 109, 110, 103, 83, 95, 63, 42, 31, 4, 1, 0, 5, 9, 2, 2, 17, 23, 33, 39, 47, 76, 88, 89, 102, 103, 119, 127, 127, 125, 117, 127, 116, 107, 98, 88, 73, 65, 61, 37, 37, 19, 6, 0, 4, 0, 0, 8, 0, 11, 9, 13]","[51, 59, 89, 96, 106, 101, 110, 117, 127, 127, 127, 127, 124, 107, 102, 80, 69, 67, 44, 42, 28, 23, 26, 0, 2, 0, 0, 0, 6, 11, 14, 29, 41, 49, 63, 68, 89, 109, 127, 127, 127, 127, 122, 127, 123, 121, 109, 110, 103, 83, 95, 63, 42, 31, 4, 1, 0, 5, 9, 2, 2, 17, 23, 33, 39, 47, 76, 88, 89, 102, 103, 119, 127, 127, 125, 117, 127, 116, 107, 98, 88, 73, 65, 61, 37, 37, 19, 6, 0, 4, 0, 0, 8, 0, 11, 9, 13]"
In-Distribution,10,exact_guidance_u,186,0,98,97,"[129, 51, 59, 89, 96, 106, 101, 110, 117, 127, 127, 127, 127, 124, 107, 102, 80, 69, 67, 44, 42, 28, 23, 26, 0, 2, 0, 0, 0, 6, 11, 14, 29, 41, 49, 63, 68, 89, 109, 127, 127, 127, 127, 122, 127, 123, 121, 109, 110, 103, 83, 95, 63, 42, 31, 4, 1, 0, 5, 9, 2, 2, 17, 23, 33, 39, 47, 76, 88, 89, 102, 103, 119, 127, 127, 125, 117, 127, 116, 107, 98, 88, 73, 65, 61, 37, 37, 19, 6, 0, 4, 0, 0, 8, 0, 11, 9, 13]","[51, 59, 89, 96, 106, 101, 110, 117, 127, 127, 127, 127, 124, 107, 102, 80, 69, 67, 44, 42, 28, 23, 26, 0, 2, 0, 0, 0, 6, 11, 14, 29, 41, 49, 63, 68, 89, 109, 127, 127, 127, 127, 122, 127, 123, 121, 109, 110, 103, 83, 95, 63, 42, 31, 4, 1, 0, 5, 9, 2, 2, 17, 23, 33, 39, 47, 76, 88, 89, 102, 103, 119, 127, 127, 125, 117, 127, 116, 107, 98, 88, 73, 65, 61, 37, 37, 19, 6, 0, 4, 0, 0, 8, 0, 11, 9, 13]"
In-Distribution,10,exact_guidance_u,187,0,98,97,"[129, 51, 59, 89, 96, 106, 101, 110, 117, 127, 127, 127, 127, 124, 107, 102, 80, 69, 67, 44, 42, 28, 23, 26, 0, 2, 0, 0, 0, 6, 11, 14, 29, 41, 49, 63, 68, 89, 109, 127, 127, 127, 127, 122, 127, 123, 121, 109, 110, 103, 83, 95, 63, 42, 31, 4, 1, 0, 5, 9, 2, 2, 17, 23, 33, 39, 47, 76, 88, 89, 102, 103, 119, 127, 127, 125, 117, 127, 116, 107, 98, 88, 73, 65, 61, 37, 37, 19, 6, 0, 4, 0, 0, 8, 0, 11, 9, 13]","[51, 59, 89, 96, 106, 101, 110, 117, 127, 127, 127, 127, 124, 107, 102, 80, 69, 67, 44, 42, 28, 23, 26, 0, 2, 0, 0, 0, 6, 11, 14, 29, 41, 49, 63, 68, 89, 109, 127, 127, 127, 127, 122, 127, 123, 121, 109, 110, 103, 83, 95, 63, 42, 31, 4, 1, 0, 5, 9, 2, 2, 17, 23, 33, 39, 47, 76, 88, 89, 102, 103, 119, 127, 127, 125, 117, 127, 116, 107, 98, 88, 73, 65, 61, 37, 37, 19, 6, 0, 4, 0, 0, 8, 0, 11, 9, 13]"
In-Distribution,10,exact_guidance_u,188,0,98,97,"[129, 51, 59, 89, 96, 106, 101, 110, 117, 127, 127, 127, 127, 124, 107, 102, 80, 69, 67, 44, 42, 28, 23, 26, 0, 2, 0, 0, 0, 6, 11, 14, 29, 41, 49, 63, 68, 89, 109, 127, 127, 127, 127, 122, 127, 123, 121, 109, 110, 103, 83, 95, 63, 42, 31, 4, 1, 0, 5, 9, 2, 2, 17, 23, 33, 39, 47, 76, 88, 89, 102, 103, 119, 127, 127, 125, 117, 127, 116, 107, 98, 88, 73, 65, 61, 37, 37, 19, 6, 0, 4, 0, 0, 8, 0, 11, 9, 13]","[51, 59, 89, 96, 106, 101, 110, 117, 127, 127, 127, 127, 124, 107, 102, 80, 69, 67, 44, 42, 28, 23, 26, 0, 2, 0, 0, 0, 6, 11, 14, 29, 41, 49, 63, 68, 89, 109, 127, 127, 127, 127, 122, 127, 123, 121, 109, 110, 103, 83, 95, 63, 42, 31, 4, 1, 0, 5, 9, 2, 2, 17, 23, 33, 39, 47, 76, 88, 89, 102, 103, 119, 127, 127, 125, 117, 127, 116, 107, 98, 88, 73, 65, 61, 37, 37, 19, 6, 0, 4, 0, 0, 8, 0, 11, 9, 13]"
In-Distribution,10,exact_guidance_u,189,0,98,97,"[129, 51, 59, 89, 96, 106, 101, 110, 117, 127, 127, 127, 127, 124, 107, 102, 80, 69, 67, 44, 42, 28, 23, 26, 0, 2, 0, 0, 0, 6, 11, 14, 29, 41, 49, 63, 68, 89, 109, 127, 127, 127, 127, 122, 127, 123, 121, 109, 110, 103, 83, 95, 63, 42, 31, 4, 1, 0, 5, 9, 2, 2, 17, 23, 33, 39, 47, 76, 88, 89, 102, 103, 119, 127, 127, 125, 117, 127, 116, 107, 98, 88, 73, 65, 61, 37, 37, 19, 6, 0, 4, 0, 0, 8, 0, 11, 9, 13]","[51, 59, 89, 96, 106, 101, 110, 117, 127, 127, 127, 127, 124, 107, 102, 80, 69, 67, 44, 42, 28, 23, 26, 0, 2, 0, 0, 0, 6, 11, 14, 29, 41, 49, 63, 68, 89, 109, 127, 127, 127, 127, 122, 127, 123, 121, 109, 110, 103, 83, 95, 63, 42, 31, 4, 1, 0, 5, 9, 2, 2, 17, 23, 33, 39, 47, 76, 88, 89, 102, 103, 119, 127, 127, 125, 117, 127, 116, 107, 98, 88, 73, 65, 61, 37, 37, 19, 6, 0, 4, 0, 0, 8, 0, 11, 9, 13]"
In-Distribution,10,exact_guidance_u,190,0,98,97,"[129, 51, 59, 89, 96, 106, 101, 110, 117, 127, 127, 127, 127, 124, 107, 102, 80, 69, 67, 44, 42, 28, 23, 26, 0, 2, 0, 0, 0, 6, 11, 14, 29, 41, 49, 63, 68, 89, 109, 127, 127, 127, 127, 122, 127, 123, 121, 109, 110, 103, 83, 95, 63, 42, 31, 4, 1, 0, 5, 9, 2, 2, 17, 23, 33, 39, 47, 76, 88, 89, 102, 103, 119, 127, 127, 125, 117, 127, 116, 107, 98, 88, 73, 65, 61, 37, 37, 19, 6, 0, 4, 0, 0, 8, 0, 11, 9, 13]","[51, 59, 89, 96, 106, 101, 110, 117, 127, 127, 127, 127, 124, 107, 102, 80, 69, 67, 44, 42, 28, 23, 26, 0, 2, 0, 0, 0, 6, 11, 14, 29, 41, 49, 63, 68, 89, 109, 127, 127, 127, 127, 122, 127, 123, 121, 109, 110, 103, 83, 95, 63, 42, 31, 4, 1, 0, 5, 9, 2, 2, 17, 23, 33, 39, 47, 76, 88, 89, 102, 103, 119, 127, 127, 125, 117, 127, 116, 107, 98, 88, 73, 65, 61, 37, 37, 19, 6, 0, 4, 0, 0, 8, 0, 11, 9, 13]"
In-Distribution,10,exact_guidance_u,191,0,98,97,"[129, 51, 59, 89, 96, 106, 101, 110, 117, 127, 127, 127, 127, 124, 107, 102, 80, 69, 67, 44, 42, 28, 23, 26, 0, 2, 0, 0, 0, 6, 11, 14, 29, 41, 49, 63, 68, 89, 109, 127, 127, 127, 127, 122, 127, 123, 121, 109, 110, 103, 83, 95, 63, 42, 31, 4, 1, 0, 5, 9, 2, 2, 17, 23, 33, 39, 47, 76, 88, 89, 102, 103, 119, 127, 127, 125, 117, 127, 116, 107, 98, 88, 73, 65, 61, 37, 37, 19, 6, 0, 4, 0, 0, 8, 0, 11, 9, 13]","[51, 59, 89, 96, 106, 101, 110, 117, 127, 127, 127, 127, 124, 107, 102, 80, 69, 67, 44, 42, 28, 23, 26, 0, 2, 0, 0, 0, 6, 11, 14, 29, 41, 49, 63, 68, 89, 109, 127, 127, 127, 127, 122, 127, 123, 121, 109, 110, 103, 83, 95, 63, 42, 31, 4, 1, 0, 5, 9, 2, 2, 17, 23, 33, 39, 47, 76, 88, 89, 102, 103, 119, 127, 127, 125, 117, 127, 116, 107, 98, 88, 73, 65, 61, 37, 37, 19, 6, 0, 4, 0, 0, 8, 0, 11, 9, 13]"
In-Distribution,10,exact_guidance_u,192,0,98,97,"[129, 51, 59, 89, 96, 106, 101, 110, 117, 127, 127, 127, 127, 124, 107, 102, 80, 69, 67, 44, 42, 28, 23, 26, 0, 2, 0, 0, 0, 6, 11, 14, 29, 41, 49, 63, 68, 89, 109, 127, 127, 127, 127, 122, 127, 123, 121, 109, 110, 103, 83, 95, 63, 42, 31, 4, 1, 0, 5, 9, 2, 2, 17, 23, 33, 39, 47, 76, 88, 89, 102, 103, 119, 127, 127, 125, 117, 127, 116, 107, 98, 88, 73, 65, 61, 37, 37, 19, 6, 0, 4, 0, 0, 8, 0, 11, 9, 13]","[51, 59, 89, 96, 106, 101, 110, 117, 127, 127, 127, 127, 124, 107, 102, 80, 69, 67, 44, 42, 28, 23, 26, 0, 2, 0, 0, 0, 6, 11, 14, 29, 41, 49, 63, 68, 89, 109, 127, 127, 127, 127, 122, 127, 123, 121, 109, 110, 103, 83, 95, 63, 42, 31, 4, 1, 0, 5, 9, 2, 2, 17, 23, 33, 39, 47, 76, 88, 89, 102, 103, 119, 127, 127, 125, 117, 127, 116, 107, 98, 88, 73, 65, 61, 37, 37, 19, 6, 0, 4, 0, 0, 8, 0, 11, 9, 13]"
In-Distribution,10,exact_guidance_u,193,0,98,97,"[129, 51, 59, 89, 96, 106, 101, 110, 117, 127, 127, 127, 127, 124, 107, 102, 80, 69, 67, 44, 42, 28, 23, 26, 0, 2, 0, 0, 0, 6, 11, 14, 29, 41, 49, 63, 68, 89, 109, 127, 127, 127, 127, 122, 127, 123, 121, 109, 110, 103, 83, 95, 63, 42, 31, 4, 1, 0, 5, 9, 2, 2, 17, 23, 33, 39, 47, 76, 88, 89, 102, 103, 119, 127, 127, 125, 117, 127, 116, 107, 98, 88, 73, 65, 61, 37, 37, 19, 6, 0, 4, 0, 0, 8, 0, 11, 9, 13]","[51, 59, 89, 96, 106, 101, 110, 117, 127, 127, 127, 127, 124, 107, 102, 80, 69, 67, 44, 42, 28, 23, 26, 0, 2, 0, 0, 0, 6, 11, 14, 29, 41, 49, 63, 68, 89, 109, 127, 127, 127, 127, 122, 127, 123, 121, 109, 110, 103, 83, 95, 63, 42, 31, 4, 1, 0, 5, 9, 2, 2, 17, 23, 33, 39, 47, 76, 88, 89, 102, 103, 119, 127, 127, 125, 117, 127, 116, 107, 98, 88, 73, 65, 61, 37, 37, 19, 6, 0, 4, 0, 0, 8, 0, 11, 9, 13]"
In-Distribution,10,exact_guidance_u,194,0,98,97,"[129, 51, 59, 89, 96, 106, 101, 110, 117, 127, 127, 127, 127, 124, 107, 102, 80, 69, 67, 44, 42, 28, 23, 26, 0, 2, 0, 0, 0, 6, 11, 14, 29, 41, 49, 63, 68, 89, 109, 127, 127, 127, 127, 122, 127, 123, 121, 109, 110, 103, 83, 95, 63, 42, 31, 4, 1, 0, 5, 9, 2, 2, 17, 23, 33, 39, 47, 76, 88, 89, 102, 103, 119, 127, 127, 125, 117, 127, 116, 107, 98, 88, 73, 65, 61, 37, 37, 19, 6, 0, 4, 0, 0, 8, 0, 11, 9, 13]","[51, 59, 89, 96, 106, 101, 110, 117, 127, 127, 127, 127, 124, 107, 102, 80, 69, 67, 44, 42, 28, 23, 26, 0, 2, 0, 0, 0, 6, 11, 14, 29, 41, 49, 63, 68, 89, 109, 127, 127, 127, 127, 122, 127, 123, 121, 109, 110, 103, 83, 95, 63, 42, 31, 4, 1, 0, 5, 9, 2, 2, 17, 23, 33, 39, 47, 76, 88, 89, 102, 103, 119, 127, 127, 125, 117, 127, 116, 107, 98, 88, 73, 65, 61, 37, 37, 19, 6, 0, 4, 0, 0, 8, 0, 11, 9, 13]"
In-Distribution,10,exact_guidance_u,195,0,98,97,"[129, 51, 59, 89, 96, 106, 101, 110, 117, 127, 127, 127, 127, 124, 107, 102, 80, 69, 67, 44, 42, 28, 23, 26, 0, 2, 0, 0, 0, 6, 11, 14, 29, 41, 49, 63, 68, 89, 109, 127, 127, 127, 127, 122, 127, 123, 121, 109, 110, 103, 83, 95, 63, 42, 31, 4, 1, 0, 5, 9, 2, 2, 17, 23, 33, 39, 47, 76, 88, 89, 102, 103, 119, 127, 127, 125, 117, 127, 116, 107, 98, 88, 73, 65, 61, 37, 37, 19, 6, 0, 4, 0, 0, 8, 0, 11, 9, 13]","[51, 59, 89, 96, 106, 101, 110, 117, 127, 127, 127, 127, 124, 107, 102, 80, 69, 67, 44, 42, 28, 23, 26, 0, 2, 0, 0, 0, 6, 11, 14, 29, 41, 49, 63, 68, 89, 109, 127, 127, 127, 127, 122, 127, 123, 121, 109, 110, 103, 83, 95, 63, 42, 31, 4, 1, 0, 5, 9, 2, 2, 17, 23, 33, 39, 47, 76, 88, 89, 102, 103, 119, 127, 127, 125, 117, 127, 116, 107, 98, 88, 73, 65, 61, 37, 37, 19, 6, 0, 4, 0, 0, 8, 0, 11, 9, 13]"
In-Distribution,10,exact_guidance_u,196,0,98,97,"[129, 51, 59, 89, 96, 106, 101, 110, 117, 127, 127, 127, 127, 124, 107, 102, 80, 69, 67, 44, 42, 28, 23, 26, 0, 2, 0, 0, 0, 6, 11, 14, 29, 41, 49, 63, 68, 89, 109, 127, 127, 127, 127, 122, 127, 123, 121, 109, 110, 103, 83, 95, 63, 42, 31, 4, 1, 0, 5, 9, 2, 2, 17, 23, 33, 39, 47, 76, 88, 89, 102, 103, 119, 127, 127, 125, 117, 127, 116, 107, 98, 88, 73, 65, 61, 37, 37, 19, 6, 0, 4, 0, 0, 8, 0, 11, 9, 13]","[51, 59, 89, 96, 106, 101, 110, 117, 127, 127, 127, 127, 124, 107, 102, 80, 69, 67, 44, 42, 28, 23, 26, 0, 2, 0, 0, 0, 6, 11, 14, 29, 41, 49, 63, 68, 89, 109, 127, 127, 127, 127, 122, 127, 123, 121, 109, 110, 103, 83, 95, 63, 42, 31, 4, 1, 0, 5, 9, 2, 2, 17, 23, 33, 39, 47, 76, 88, 89, 102, 103, 119, 127, 127, 125, 117, 127, 116, 107, 98, 88, 73, 65, 61, 37, 37, 19, 6, 0, 4, 0, 0, 8, 0, 11, 9, 13]"
In-Distribution,10,exact_guidance_u,197,0,98,97,"[129, 51, 59, 89, 96, 106, 101, 110, 117, 127, 127, 127, 127, 124, 107, 102, 80, 69, 67, 44, 42, 28, 23, 26, 0, 2, 0, 0, 0, 6, 11, 14, 29, 41, 49, 63, 68, 89, 109, 127, 127, 127, 127, 122, 127, 123, 121, 109, 110, 103, 83, 95, 63, 42, 31, 4, 1, 0, 5, 9, 2, 2, 17, 23, 33, 39, 47, 76, 88, 89, 102, 103, 119, 127, 127, 125, 117, 127, 116, 107, 98, 88, 73, 65, 61, 37, 37, 19, 6, 0, 4, 0, 0, 8, 0, 11, 9, 13]","[51, 59, 89, 96, 106, 101, 110, 117, 127, 127, 127, 127, 124, 107, 102, 80, 69, 67, 44, 42, 28, 23, 26, 0, 2, 0, 0, 0, 6, 11, 14, 29, 41, 49, 63, 68, 89, 109, 127, 127, 127, 127, 122, 127, 123, 121, 109, 110, 103, 83, 95, 63, 42, 31, 4, 1, 0, 5, 9, 2, 2, 17, 23, 33, 39, 47, 76, 88, 89, 102, 103, 119, 127, 127, 125, 117, 127, 116, 107, 98, 88, 73, 65, 61, 37, 37, 19, 6, 0, 4, 0, 0, 8, 0, 11, 9, 13]"
In-Distribution,10,exact_guidance_u,198,0,98,97,"[129, 51, 59, 89, 96, 106, 101, 110, 117, 127, 127, 127, 127, 124, 107, 102, 80, 69, 67, 44, 42, 28, 23, 26, 0, 2, 0, 0, 0, 6, 11, 14, 29, 41, 49, 63, 68, 89, 109, 127, 127, 127, 127, 122, 127, 123, 121, 109, 110, 103, 83, 95, 63, 42, 31, 4, 1, 0, 5, 9, 2, 2, 17, 23, 33, 39, 47, 76, 88, 89, 102, 103, 119, 127, 127, 125, 117, 127, 116, 107, 98, 88, 73, 65, 61, 37, 37, 19, 6, 0, 4, 0, 0, 8, 0, 11, 9, 13]","[51, 59, 89, 96, 106, 101, 110, 117, 127, 127, 127, 127, 124, 107, 102, 80, 69, 67, 44, 42, 28, 23, 26, 0, 2, 0, 0, 0, 6, 11, 14, 29, 41, 49, 63, 68, 89, 109, 127, 127, 127, 127, 122, 127, 123, 121, 109, 110, 103, 83, 95, 63, 42, 31, 4, 1, 0, 5, 9, 2, 2, 17, 23, 33, 39, 47, 76, 88, 89, 102, 103, 119, 127, 127, 125, 117, 127, 116, 107, 98, 88, 73, 65, 61, 37, 37, 19, 6, 0, 4, 0, 0, 8, 0, 11, 9, 13]"
In-Distribution,10,exact_guidance_u,199,0,98,97,"[129, 51, 59, 89, 96, 106, 101, 110, 117, 127, 127, 127, 127, 124, 107, 102, 80, 69, 67, 44, 42, 28, 23, 26, 0, 2, 0, 0, 0, 6, 11, 14, 29, 41, 49, 63, 68, 89, 109, 127, 127, 127, 127, 122, 127, 123, 121, 109, 110, 103, 83, 95, 63, 42, 31, 4, 1, 0, 5, 9, 2, 2, 17, 23, 33, 39, 47, 76, 88, 89, 102, 103, 119, 127, 127, 125, 117, 127, 116, 107, 98, 88, 73, 65, 61, 37, 37, 19, 6, 0, 4, 0, 0, 8, 0, 11, 9, 13]","[51, 59, 89, 96, 106, 101, 110, 117, 127, 127, 127, 127, 124, 107, 102, 80, 69, 67, 44, 42, 28, 23, 26, 0, 2, 0, 0, 0, 6, 11, 14, 29, 41, 49, 63, 68, 89, 109, 127, 127, 127, 127, 122, 127, 123, 121, 109, 110, 103, 83, 95, 63, 42, 31, 4, 1, 0, 5, 9, 2, 2, 17, 23, 33, 39, 47, 76, 88, 89, 102, 103, 119, 127, 127, 125, 117, 127, 116, 107, 98, 88, 73, 65, 61, 37, 37, 19, 6, 0, 4, 0, 0, 8, 0, 11, 9, 13]"
In-Distribution,10,exact_guidance_u,200,0,98,97,"[129, 51, 59, 89, 96, 106, 101, 110, 117, 127, 127, 127, 127, 124, 107, 102, 80, 69, 67, 44, 42, 28, 23, 26, 0, 2, 0, 0, 0, 6, 11, 14, 29, 41, 49, 63, 68, 89, 109, 127, 127, 127, 127, 122, 127, 123, 121, 109, 110, 103, 83, 95, 63, 42, 31, 4, 1, 0, 5, 9, 2, 2, 17, 23, 33, 39, 47, 76, 88, 89, 102, 103, 119, 127, 127, 125, 117, 127, 116, 107, 98, 88, 73, 65, 61, 37, 37, 19, 6, 0, 4, 0, 0, 8, 0, 11, 9, 13]","[51, 59, 89, 96, 106, 101, 110, 117, 127, 127, 127, 127, 124, 107, 102, 80, 69, 67, 44, 42, 28, 23, 26, 0, 2, 0, 0, 0, 6, 11, 14, 29, 41, 49, 63, 68, 89, 109, 127, 127, 127, 127, 122, 127, 123, 121, 109, 110, 103, 83, 95, 63, 42, 31, 4, 1, 0, 5, 9, 2, 2, 17, 23, 33, 39, 47, 76, 88, 89, 102, 103, 119, 127, 127, 125, 117, 127, 116, 107, 98, 88, 73, 65, 61, 37, 37, 19, 6, 0, 4, 0, 0, 8, 0, 11, 9, 13]"
In-Distribution,10,exact_guidance_u,201,0,98,97,"[129, 51, 59, 89, 96, 106, 101, 110, 117, 127, 127, 127, 127, 124, 107, 102, 80, 69, 67, 44, 42, 28, 23, 26, 0, 2, 0, 0, 0, 6, 11, 14, 29, 41, 49, 63, 68, 89, 109, 127, 127, 127, 127, 122, 127, 123, 121, 109, 110, 103, 83, 95, 63, 42, 31, 4, 1, 0, 5, 9, 2, 2, 17, 23, 33, 39, 47, 76, 88, 89, 102, 103, 119, 127, 127, 125, 117, 127, 116, 107, 98, 88, 73, 65, 61, 37, 37, 19, 6, 0, 4, 0, 0, 8, 0, 11, 9, 13]","[51, 59, 89, 96, 106, 101, 110, 117, 127, 127, 127, 127, 124, 107, 102, 80, 69, 67, 44, 42, 28, 23, 26, 0, 2, 0, 0, 0, 6, 11, 14, 29, 41, 49, 63, 68, 89, 109, 127, 127, 127, 127, 122, 127, 123, 121, 109, 110, 103, 83, 95, 63, 42, 31, 4, 1, 0, 5, 9, 2, 2, 17, 23, 33, 39, 47, 76, 88, 89, 102, 103, 119, 127, 127, 125, 117, 127, 116, 107, 98, 88, 73, 65, 61, 37, 37, 19, 6, 0, 4, 0, 0, 8, 0, 11, 9, 13]"
In-Distribution,10,exact_guidance_u,202,0,98,97,"[129, 51, 59, 89, 96, 106, 101, 110, 117, 127, 127, 127, 127, 124, 107, 102, 80, 69, 67, 44, 42, 28, 23, 26, 0, 2, 0, 0, 0, 6, 11, 14, 29, 41, 49, 63, 68, 89, 109, 127, 127, 127, 127, 122, 127, 123, 121, 109, 110, 103, 83, 95, 63, 42, 31, 4, 1, 0, 5, 9, 2, 2, 17, 23, 33, 39, 47, 76, 88, 89, 102, 103, 119, 127, 127, 125, 117, 127, 116, 107, 98, 88, 73, 65, 61, 37, 37, 19, 6, 0, 4, 0, 0, 8, 0, 11, 9, 13]","[51, 59, 89, 96, 106, 101, 110, 117, 127, 127, 127, 127, 124, 107, 102, 80, 69, 67, 44, 42, 28, 23, 26, 0, 2, 0, 0, 0, 6, 11, 14, 29, 41, 49, 63, 68, 89, 109, 127, 127, 127, 127, 122, 127, 123, 121, 109, 110, 103, 83, 95, 63, 42, 31, 4, 1, 0, 5, 9, 2, 2, 17, 23, 33, 39, 47, 76, 88, 89, 102, 103, 119, 127, 127, 125, 117, 127, 116, 107, 98, 88, 73, 65, 61, 37, 37, 19, 6, 0, 4, 0, 0, 8, 0, 11, 9, 13]"
In-Distribution,10,exact_guidance_u,203,0,98,97,"[129, 51, 59, 89, 96, 106, 101, 110, 117, 127, 127, 127, 127, 124, 107, 102, 80, 69, 67, 44, 42, 28, 23, 26, 0, 2, 0, 0, 0, 6, 11, 14, 29, 41, 49, 63, 68, 89, 109, 127, 127, 127, 127, 122, 127, 123, 121, 109, 110, 103, 83, 95, 63, 42, 31, 4, 1, 0, 5, 9, 2, 2, 17, 23, 33, 39, 47, 76, 88, 89, 102, 103, 119, 127, 127, 125, 117, 127, 116, 107, 98, 88, 73, 65, 61, 37, 37, 19, 6, 0, 4, 0, 0, 8, 0, 11, 9, 13]","[51, 59, 89, 96, 106, 101, 110, 117, 127, 127, 127, 127, 124, 107, 102, 80, 69, 67, 44, 42, 28, 23, 26, 0, 2, 0, 0, 0, 6, 11, 14, 29, 41, 49, 63, 68, 89, 109, 127, 127, 127, 127, 122, 127, 123, 121, 109, 110, 103, 83, 95, 63, 42, 31, 4, 1, 0, 5, 9, 2, 2, 17, 23, 33, 39, 47, 76, 88, 89, 102, 103, 119, 127, 127, 125, 117, 127, 116, 107, 98, 88, 73, 65, 61, 37, 37, 19, 6, 0, 4, 0, 0, 8, 0, 11, 9, 13]"
In-Distribution,10,exact_guidance_u,204,0,98,97,"[129, 51, 59, 89, 96, 106, 101, 110, 117, 127, 127, 127, 127, 124, 107, 102, 80, 69, 67, 44, 42, 28, 23, 26, 0, 2, 0, 0, 0, 6, 11, 14, 29, 41, 49, 63, 68, 89, 109, 127, 127, 127, 127, 122, 127, 123, 121, 109, 110, 103, 83, 95, 63, 42, 31, 4, 1, 0, 5, 9, 2, 2, 17, 23, 33, 39, 47, 76, 88, 89, 102, 103, 119, 127, 127, 125, 117, 127, 116, 107, 98, 88, 73, 65, 61, 37, 37, 19, 6, 0, 4, 0, 0, 8, 0, 11, 9, 13]","[51, 59, 89, 96, 106, 101, 110, 117, 127, 127, 127, 127, 124, 107, 102, 80, 69, 67, 44, 42, 28, 23, 26, 0, 2, 0, 0, 0, 6, 11, 14, 29, 41, 49, 63, 68, 89, 109, 127, 127, 127, 127, 122, 127, 123, 121, 109, 110, 103, 83, 95, 63, 42, 31, 4, 1, 0, 5, 9, 2, 2, 17, 23, 33, 39, 47, 76, 88, 89, 102, 103, 119, 127, 127, 125, 117, 127, 116, 107, 98, 88, 73, 65, 61, 37, 37, 19, 6, 0, 4, 0, 0, 8, 0, 11, 9, 13]"
In-Distribution,10,exact_guidance_u,205,0,98,97,"[129, 51, 59, 89, 96, 106, 101, 110, 117, 127, 127, 127, 127, 124, 107, 102, 80, 69, 67, 44, 42, 28, 23, 26, 0, 2, 0, 0, 0, 6, 11, 14, 29, 41, 49, 63, 68, 89, 109, 127, 127, 127, 127, 122, 127, 123, 121, 109, 110, 103, 83, 95, 63, 42, 31, 4, 1, 0, 5, 9, 2, 2, 17, 23, 33, 39, 47, 76, 88, 89, 102, 103, 119, 127, 127, 125, 117, 127, 116, 107, 98, 88, 73, 65, 61, 37, 37, 19, 6, 0, 4, 0, 0, 8, 0, 11, 9, 13]","[51, 59, 89, 96, 106, 101, 110, 117, 127, 127, 127, 127, 124, 107, 102, 80, 69, 67, 44, 42, 28, 23, 26, 0, 2, 0, 0, 0, 6, 11, 14, 29, 41, 49, 63, 68, 89, 109, 127, 127, 127, 127, 122, 127, 123, 121, 109, 110, 103, 83, 95, 63, 42, 31, 4, 1, 0, 5, 9, 2, 2, 17, 23, 33, 39, 47, 76, 88, 89, 102, 103, 119, 127, 127, 125, 117, 127, 116, 107, 98, 88, 73, 65, 61, 37, 37, 19, 6, 0, 4, 0, 0, 8, 0, 11, 9, 13]"
In-Distribution,10,exact_guidance_u,206,0,98,97,"[129, 51, 59, 89, 96, 106, 101, 110, 117, 127, 127, 127, 127, 124, 107, 102, 80, 69, 67, 44, 42, 28, 23, 26, 0, 2, 0, 0, 0, 6, 11, 14, 29, 41, 49, 63, 68, 89, 109, 127, 127, 127, 127, 122, 127, 123, 121, 109, 110, 103, 83, 95, 63, 42, 31, 4, 1, 0, 5, 9, 2, 2, 17, 23, 33, 39, 47, 76, 88, 89, 102, 103, 119, 127, 127, 125, 117, 127, 116, 107, 98, 88, 73, 65, 61, 37, 37, 19, 6, 0, 4, 0, 0, 8, 0, 11, 9, 13]","[51, 59, 89, 96, 106, 101, 110, 117, 127, 127, 127, 127, 124, 107, 102, 80, 69, 67, 44, 42, 28, 23, 26, 0, 2, 0, 0, 0, 6, 11, 14, 29, 41, 49, 63, 68, 89, 109, 127, 127, 127, 127, 122, 127, 123, 121, 109, 110, 103, 83, 95, 63, 42, 31, 4, 1, 0, 5, 9, 2, 2, 17, 23, 33, 39, 47, 76, 88, 89, 102, 103, 119, 127, 127, 125, 117, 127, 116, 107, 98, 88, 73, 65, 61, 37, 37, 19, 6, 0, 4, 0, 0, 8, 0, 11, 9, 13]"
In-Distribution,10,exact_guidance_u,207,0,98,97,"[129, 51, 59, 89, 96, 106, 101, 110, 117, 127, 127, 127, 127, 124, 107, 102, 80, 69, 67, 44, 42, 28, 23, 26, 0, 2, 0, 0, 0, 6, 11, 14, 29, 41, 49, 63, 68, 89, 109, 127, 127, 127, 127, 122, 127, 123, 121, 109, 110, 103, 83, 95, 63, 42, 31, 4, 1, 0, 5, 9, 2, 2, 17, 23, 33, 39, 47, 76, 88, 89, 102, 103, 119, 127, 127, 125, 117, 127, 116, 107, 98, 88, 73, 65, 61, 37, 37, 19, 6, 0, 4, 0, 0, 8, 0, 11, 9, 13]","[51, 59, 89, 96, 106, 101, 110, 117, 127, 127, 127, 127, 124, 107, 102, 80, 69, 67, 44, 42, 28, 23, 26, 0, 2, 0, 0, 0, 6, 11, 14, 29, 41, 49, 63, 68, 89, 109, 127, 127, 127, 127, 122, 127, 123, 121, 109, 110, 103, 83, 95, 63, 42, 31, 4, 1, 0, 5, 9, 2, 2, 17, 23, 33, 39, 47, 76, 88, 89, 102, 103, 119, 127, 127, 125, 117, 127, 116, 107, 98, 88, 73, 65, 61, 37, 37, 19, 6, 0, 4, 0, 0, 8, 0, 11, 9, 13]"
In-Distribution,10,exact_guidance_u,208,0,98,97,"[129, 51, 59, 89, 96, 106, 101, 110, 117, 127, 127, 127, 127, 124, 107, 102, 80, 69, 67, 44, 42, 28, 23, 26, 0, 2, 0, 0, 0, 6, 11, 14, 29, 41, 49, 63, 68, 89, 109, 127, 127, 127, 127, 122, 127, 123, 121, 109, 110, 103, 83, 95, 63, 42, 31, 4, 1, 0, 5, 9, 2, 2, 17, 23, 33, 39, 47, 76, 88, 89, 102, 103, 119, 127, 127, 125, 117, 127, 116, 107, 98, 88, 73, 65, 61, 37, 37, 19, 6, 0, 4, 0, 0, 8, 0, 11, 9, 13]","[51, 59, 89, 96, 106, 101, 110, 117, 127, 127, 127, 127, 124, 107, 102, 80, 69, 67, 44, 42, 28, 23, 26, 0, 2, 0, 0, 0, 6, 11, 14, 29, 41, 49, 63, 68, 89, 109, 127, 127, 127, 127, 122, 127, 123, 121, 109, 110, 103, 83, 95, 63, 42, 31, 4, 1, 0, 5, 9, 2, 2, 17, 23, 33, 39, 47, 76, 88, 89, 102, 103, 119, 127, 127, 125, 117, 127, 116, 107, 98, 88, 73, 65, 61, 37, 37, 19, 6, 0, 4, 0, 0, 8, 0, 11, 9, 13]"
In-Distribution,10,exact_guidance_u,209,0,98,97,"[129, 51, 59, 89, 96, 106, 101, 110, 117, 127, 127, 127, 127, 124, 107, 102, 80, 69, 67, 44, 42, 28, 23, 26, 0, 2, 0, 0, 0, 6, 11, 14, 29, 41, 49, 63, 68, 89, 109, 127, 127, 127, 127, 122, 127, 123, 121, 109, 110, 103, 83, 95, 63, 42, 31, 4, 1, 0, 5, 9, 2, 2, 17, 23, 33, 39, 47, 76, 88, 89, 102, 103, 119, 127, 127, 125, 117, 127, 116, 107, 98, 88, 73, 65, 61, 37, 37, 19, 6, 0, 4, 0, 0, 8, 0, 11, 9, 13]","[51, 59, 89, 96, 106, 101, 110, 117, 127, 127, 127, 127, 124, 107, 102, 80, 69, 67, 44, 42, 28, 23, 26, 0, 2, 0, 0, 0, 6, 11, 14, 29, 41, 49, 63, 68, 89, 109, 127, 127, 127, 127, 122, 127, 123, 121, 109, 110, 103, 83, 95, 63, 42, 31, 4, 1, 0, 5, 9, 2, 2, 17, 23, 33, 39, 47, 76, 88, 89, 102, 103, 119, 127, 127, 125, 117, 127, 116, 107, 98, 88, 73, 65, 61, 37, 37, 19, 6, 0, 4, 0, 0, 8, 0, 11, 9, 13]"
In-Distribution,10,exact_guidance_u,210,0,98,97,"[129, 51, 59, 89, 96, 106, 101, 110, 117, 127, 127, 127, 127, 124, 107, 102, 80, 69, 67, 44, 42, 28, 23, 26, 0, 2, 0, 0, 0, 6, 11, 14, 29, 41, 49, 63, 68, 89, 109, 127, 127, 127, 127, 122, 127, 123, 121, 109, 110, 103, 83, 95, 63, 42, 31, 4, 1, 0, 5, 9, 2, 2, 17, 23, 33, 39, 47, 76, 88, 89, 102, 103, 119, 127, 127, 125, 117, 127, 116, 107, 98, 88, 73, 65, 61, 37, 37, 19, 6, 0, 4, 0, 0, 8, 0, 11, 9, 13]","[51, 59, 89, 96, 106, 101, 110, 117, 127, 127, 127, 127, 124, 107, 102, 80, 69, 67, 44, 42, 28, 23, 26, 0, 2, 0, 0, 0, 6, 11, 14, 29, 41, 49, 63, 68, 89, 109, 127, 127, 127, 127, 122, 127, 123, 121, 109, 110, 103, 83, 95, 63, 42, 31, 4, 1, 0, 5, 9, 2, 2, 17, 23, 33, 39, 47, 76, 88, 89, 102, 103, 119, 127, 127, 125, 117, 127, 116, 107, 98, 88, 73, 65, 61, 37, 37, 19, 6, 0, 4, 0, 0, 8, 0, 11, 9, 13]"
In-Distribution,10,exact_guidance_u,211,0,98,97,"[129, 51, 59, 89, 96, 106, 101, 110, 117, 127, 127, 127, 127, 124, 107, 102, 80, 69, 67, 44, 42, 28, 23, 26, 0, 2, 0, 0, 0, 6, 11, 14, 29, 41, 49, 63, 68, 89, 109, 127, 127, 127, 127, 122, 127, 123, 121, 109, 110, 103, 83, 95, 63, 42, 31, 4, 1, 0, 5, 9, 2, 2, 17, 23, 33, 39, 47, 76, 88, 89, 102, 103, 119, 127, 127, 125, 117, 127, 116, 107, 98, 88, 73, 65, 61, 37, 37, 19, 6, 0, 4, 0, 0, 8, 0, 11, 9, 13]","[51, 59, 89, 96, 106, 101, 110, 117, 127, 127, 127, 127, 124, 107, 102, 80, 69, 67, 44, 42, 28, 23, 26, 0, 2, 0, 0, 0, 6, 11, 14, 29, 41, 49, 63, 68, 89, 109, 127, 127, 127, 127, 122, 127, 123, 121, 109, 110, 103, 83, 95, 63, 42, 31, 4, 1, 0, 5, 9, 2, 2, 17, 23, 33, 39, 47, 76, 88, 89, 102, 103, 119, 127, 127, 125, 117, 127, 116, 107, 98, 88, 73, 65, 61, 37, 37, 19, 6, 0, 4, 0, 0, 8, 0, 11, 9, 13]"
In-Distribution,10,exact_guidance_u,212,0,98,97,"[129, 51, 59, 89, 96, 106, 101, 110, 117, 127, 127, 127, 127, 124, 107, 102, 80, 69, 67, 44, 42, 28, 23, 26, 0, 2, 0, 0, 0, 6, 11, 14, 29, 41, 49, 63, 68, 89, 109, 127, 127, 127, 127, 122, 127, 123, 121, 109, 110, 103, 83, 95, 63, 42, 31, 4, 1, 0, 5, 9, 2, 2, 17, 23, 33, 39, 47, 76, 88, 89, 102, 103, 119, 127, 127, 125, 117, 127, 116, 107, 98, 88, 73, 65, 61, 37, 37, 19, 6, 0, 4, 0, 0, 8, 0, 11, 9, 13]","[51, 59, 89, 96, 106, 101, 110, 117, 127, 127, 127, 127, 124, 107, 102, 80, 69, 67, 44, 42, 28, 23, 26, 0, 2, 0, 0, 0, 6, 11, 14, 29, 41, 49, 63, 68, 89, 109, 127, 127, 127, 127, 122, 127, 123, 121, 109, 110, 103, 83, 95, 63, 42, 31, 4, 1, 0, 5, 9, 2, 2, 17, 23, 33, 39, 47, 76, 88, 89, 102, 103, 119, 127, 127, 125, 117, 127, 116, 107, 98, 88, 73, 65, 61, 37, 37, 19, 6, 0, 4, 0, 0, 8, 0, 11, 9, 13]"
In-Distribution,10,exact_guidance_u,213,0,98,97,"[129, 51, 59, 89, 96, 106, 101, 110, 117, 127, 127, 127, 127, 124, 107, 102, 80, 69, 67, 44, 42, 28, 23, 26, 0, 2, 0, 0, 0, 6, 11, 14, 29, 41, 49, 63, 68, 89, 109, 127, 127, 127, 127, 122, 127, 123, 121, 109, 110, 103, 83, 95, 63, 42, 31, 4, 1, 0, 5, 9, 2, 2, 17, 23, 33, 39, 47, 76, 88, 89, 102, 103, 119, 127, 127, 125, 117, 127, 116, 107, 98, 88, 73, 65, 61, 37, 37, 19, 6, 0, 4, 0, 0, 8, 0, 11, 9, 13]","[51, 59, 89, 96, 106, 101, 110, 117, 127, 127, 127, 127, 124, 107, 102, 80, 69, 67, 44, 42, 28, 23, 26, 0, 2, 0, 0, 0, 6, 11, 14, 29, 41, 49, 63, 68, 89, 109, 127, 127, 127, 127, 122, 127, 123, 121, 109, 110, 103, 83, 95, 63, 42, 31, 4, 1, 0, 5, 9, 2, 2, 17, 23, 33, 39, 47, 76, 88, 89, 102, 103, 119, 127, 127, 125, 117, 127, 116, 107, 98, 88, 73, 65, 61, 37, 37, 19, 6, 0, 4, 0, 0, 8, 0, 11, 9, 13]"
In-Distribution,10,exact_guidance_u,214,0,98,97,"[129, 51, 59, 89, 96, 106, 101, 110, 117, 127, 127, 127, 127, 124, 107, 102, 80, 69, 67, 44, 42, 28, 23, 26, 0, 2, 0, 0, 0, 6, 11, 14, 29, 41, 49, 63, 68, 89, 109, 127, 127, 127, 127, 122, 127, 123, 121, 109, 110, 103, 83, 95, 63, 42, 31, 4, 1, 0, 5, 9, 2, 2, 17, 23, 33, 39, 47, 76, 88, 89, 102, 103, 119, 127, 127, 125, 117, 127, 116, 107, 98, 88, 73, 65, 61, 37, 37, 19, 6, 0, 4, 0, 0, 8, 0, 11, 9, 13]","[51, 59, 89, 96, 106, 101, 110, 117, 127, 127, 127, 127, 124, 107, 102, 80, 69, 67, 44, 42, 28, 23, 26, 0, 2, 0, 0, 0, 6, 11, 14, 29, 41, 49, 63, 68, 89, 109, 127, 127, 127, 127, 122, 127, 123, 121, 109, 110, 103, 83, 95, 63, 42, 31, 4, 1, 0, 5, 9, 2, 2, 17, 23, 33, 39, 47, 76, 88, 89, 102, 103, 119, 127, 127, 125, 117, 127, 116, 107, 98, 88, 73, 65, 61, 37, 37, 19, 6, 0, 4, 0, 0, 8, 0, 11, 9, 13]"
In-Distribution,10,exact_guidance_u,215,0,98,97,"[129, 51, 59, 89, 96, 106, 101, 110, 117, 127, 127, 127, 127, 124, 107, 102, 80, 69, 67, 44, 42, 28, 23, 26, 0, 2, 0, 0, 0, 6, 11, 14, 29, 41, 49, 63, 68, 89, 109, 127, 127, 127, 127, 122, 127, 123, 121, 109, 110, 103, 83, 95, 63, 42, 31, 4, 1, 0, 5, 9, 2, 2, 17, 23, 33, 39, 47, 76, 88, 89, 102, 103, 119, 127, 127, 125, 117, 127, 116, 107, 98, 88, 73, 65, 61, 37, 37, 19, 6, 0, 4, 0, 0, 8, 0, 11, 9, 13]","[51, 59, 89, 96, 106, 101, 110, 117, 127, 127, 127, 127, 124, 107, 102, 80, 69, 67, 44, 42, 28, 23, 26, 0, 2, 0, 0, 0, 6, 11, 14, 29, 41, 49, 63, 68, 89, 109, 127, 127, 127, 127, 122, 127, 123, 121, 109, 110, 103, 83, 95, 63, 42, 31, 4, 1, 0, 5, 9, 2, 2, 17, 23, 33, 39, 47, 76, 88, 89, 102, 103, 119, 127, 127, 125, 117, 127, 116, 107, 98, 88, 73, 65, 61, 37, 37, 19, 6, 0, 4, 0, 0, 8, 0, 11, 9, 13]"
In-Distribution,10,exact_guidance_u,216,0,98,97,"[129, 51, 59, 89, 96, 106, 101, 110, 117, 127, 127, 127, 127, 124, 107, 102, 80, 69, 67, 44, 42, 28, 23, 26, 0, 2, 0, 0, 0, 6, 11, 14, 29, 41, 49, 63, 68, 89, 109, 127, 127, 127, 127, 122, 127, 123, 121, 109, 110, 103, 83, 95, 63, 42, 31, 4, 1, 0, 5, 9, 2, 2, 17, 23, 33, 39, 47, 76, 88, 89, 102, 103, 119, 127, 127, 125, 117, 127, 116, 107, 98, 88, 73, 65, 61, 37, 37, 19, 6, 0, 4, 0, 0, 8, 0, 11, 9, 13]","[51, 59, 89, 96, 106, 101, 110, 117, 127, 127, 127, 127, 124, 107, 102, 80, 69, 67, 44, 42, 28, 23, 26, 0, 2, 0, 0, 0, 6, 11, 14, 29, 41, 49, 63, 68, 89, 109, 127, 127, 127, 127, 122, 127, 123, 121, 109, 110, 103, 83, 95, 63, 42, 31, 4, 1, 0, 5, 9, 2, 2, 17, 23, 33, 39, 47, 76, 88, 89, 102, 103, 119, 127, 127, 125, 117, 127, 116, 107, 98, 88, 73, 65, 61, 37, 37, 19, 6, 0, 4, 0, 0, 8, 0, 11, 9, 13]"
In-Distribution,10,exact_guidance_u,217,0,98,97,"[129, 51, 59, 89, 96, 106, 101, 110, 117, 127, 127, 127, 127, 124, 107, 102, 80, 69, 67, 44, 42, 28, 23, 26, 0, 2, 0, 0, 0, 6, 11, 14, 29, 41, 49, 63, 68, 89, 109, 127, 127, 127, 127, 122, 127, 123, 121, 109, 110, 103, 83, 95, 63, 42, 31, 4, 1, 0, 5, 9, 2, 2, 17, 23, 33, 39, 47, 76, 88, 89, 102, 103, 119, 127, 127, 125, 117, 127, 116, 107, 98, 88, 73, 65, 61, 37, 37, 19, 6, 0, 4, 0, 0, 8, 0, 11, 9, 13]","[51, 59, 89, 96, 106, 101, 110, 117, 127, 127, 127, 127, 124, 107, 102, 80, 69, 67, 44, 42, 28, 23, 26, 0, 2, 0, 0, 0, 6, 11, 14, 29, 41, 49, 63, 68, 89, 109, 127, 127, 127, 127, 122, 127, 123, 121, 109, 110, 103, 83, 95, 63, 42, 31, 4, 1, 0, 5, 9, 2, 2, 17, 23, 33, 39, 47, 76, 88, 89, 102, 103, 119, 127, 127, 125, 117, 127, 116, 107, 98, 88, 73, 65, 61, 37, 37, 19, 6, 0, 4, 0, 0, 8, 0, 11, 9, 13]"
In-Distribution,10,exact_guidance_u,218,0,98,97,"[129, 51, 59, 89, 96, 106, 101, 110, 117, 127, 127, 127, 127, 124, 107, 102, 80, 69, 67, 44, 42, 28, 23, 26, 0, 2, 0, 0, 0, 6, 11, 14, 29, 41, 49, 63, 68, 89, 109, 127, 127, 127, 127, 122, 127, 123, 121, 109, 110, 103, 83, 95, 63, 42, 31, 4, 1, 0, 5, 9, 2, 2, 17, 23, 33, 39, 47, 76, 88, 89, 102, 103, 119, 127, 127, 125, 117, 127, 116, 107, 98, 88, 73, 65, 61, 37, 37, 19, 6, 0, 4, 0, 0, 8, 0, 11, 9, 13]","[51, 59, 89, 96, 106, 101, 110, 117, 127, 127, 127, 127, 124, 107, 102, 80, 69, 67, 44, 42, 28, 23, 26, 0, 2, 0, 0, 0, 6, 11, 14, 29, 41, 49, 63, 68, 89, 109, 127, 127, 127, 127, 122, 127, 123, 121, 109, 110, 103, 83, 95, 63, 42, 31, 4, 1, 0, 5, 9, 2, 2, 17, 23, 33, 39, 47, 76, 88, 89, 102, 103, 119, 127, 127, 125, 117, 127, 116, 107, 98, 88, 73, 65, 61, 37, 37, 19, 6, 0, 4, 0, 0, 8, 0, 11, 9, 13]"
In-Distribution,10,exact_guidance_u,219,0,98,97,"[129, 51, 59, 89, 96, 106, 101, 110, 117, 127, 127, 127, 127, 124, 107, 102, 80, 69, 67, 44, 42, 28, 23, 26, 0, 2, 0, 0, 0, 6, 11, 14, 29, 41, 49, 63, 68, 89, 109, 127, 127, 127, 127, 122, 127, 123, 121, 109, 110, 103, 83, 95, 63, 42, 31, 4, 1, 0, 5, 9, 2, 2, 17, 23, 33, 39, 47, 76, 88, 89, 102, 103, 119, 127, 127, 125, 117, 127, 116, 107, 98, 88, 73, 65, 61, 37, 37, 19, 6, 0, 4, 0, 0, 8, 0, 11, 9, 13]","[51, 59, 89, 96, 106, 101, 110, 117, 127, 127, 127, 127, 124, 107, 102, 80, 69, 67, 44, 42, 28, 23, 26, 0, 2, 0, 0, 0, 6, 11, 14, 29, 41, 49, 63, 68, 89, 109, 127, 127, 127, 127, 122, 127, 123, 121, 109, 110, 103, 83, 95, 63, 42, 31, 4, 1, 0, 5, 9, 2, 2, 17, 23, 33, 39, 47, 76, 88, 89, 102, 103, 119, 127, 127, 125, 117, 127, 116, 107, 98, 88, 73, 65, 61, 37, 37, 19, 6, 0, 4, 0, 0, 8, 0, 11, 9, 13]"
In-Distribution,10,exact_guidance_u,220,0,98,97,"[129, 51, 59, 89, 96, 106, 101, 110, 117, 127, 127, 127, 127, 124, 107, 102, 80, 69, 67, 44, 42, 28, 23, 26, 0, 2, 0, 0, 0, 6, 11, 14, 29, 41, 49, 63, 68, 89, 109, 127, 127, 127, 127, 122, 127, 123, 121, 109, 110, 103, 83, 95, 63, 42, 31, 4, 1, 0, 5, 9, 2, 2, 17, 23, 33, 39, 47, 76, 88, 89, 102, 103, 119, 127, 127, 125, 117, 127, 116, 107, 98, 88, 73, 65, 61, 37, 37, 19, 6, 0, 4, 0, 0, 8, 0, 11, 9, 13]","[51, 59, 89, 96, 106, 101, 110, 117, 127, 127, 127, 127, 124, 107, 102, 80, 69, 67, 44, 42, 28, 23, 26, 0, 2, 0, 0, 0, 6, 11, 14, 29, 41, 49, 63, 68, 89, 109, 127, 127, 127, 127, 122, 127, 123, 121, 109, 110, 103, 83, 95, 63, 42, 31, 4, 1, 0, 5, 9, 2, 2, 17, 23, 33, 39, 47, 76, 88, 89, 102, 103, 119, 127, 127, 125, 117, 127, 116, 107, 98, 88, 73, 65, 61, 37, 37, 19, 6, 0, 4, 0, 0, 8, 0, 11, 9, 13]"
In-Distribution,10,exact_guidance_u,221,0,98,97,"[129, 51, 59, 89, 96, 106, 101, 110, 117, 127, 127, 127, 127, 124, 107, 102, 80, 69, 67, 44, 42, 28, 23, 26, 0, 2, 0, 0, 0, 6, 11, 14, 29, 41, 49, 63, 68, 89, 109, 127, 127, 127, 127, 122, 127, 123, 121, 109, 110, 103, 83, 95, 63, 42, 31, 4, 1, 0, 5, 9, 2, 2, 17, 23, 33, 39, 47, 76, 88, 89, 102, 103, 119, 127, 127, 125, 117, 127, 116, 107, 98, 88, 73, 65, 61, 37, 37, 19, 6, 0, 4, 0, 0, 8, 0, 11, 9, 13]","[51, 59, 89, 96, 106, 101, 110, 117, 127, 127, 127, 127, 124, 107, 102, 80, 69, 67, 44, 42, 28, 23, 26, 0, 2, 0, 0, 0, 6, 11, 14, 29, 41, 49, 63, 68, 89, 109, 127, 127, 127, 127, 122, 127, 123, 121, 109, 110, 103, 83, 95, 63, 42, 31, 4, 1, 0, 5, 9, 2, 2, 17, 23, 33, 39, 47, 76, 88, 89, 102, 103, 119, 127, 127, 125, 117, 127, 116, 107, 98, 88, 73, 65, 61, 37, 37, 19, 6, 0, 4, 0, 0, 8, 0, 11, 9, 13]"
In-Distribution,10,exact_guidance_u,222,0,98,97,"[129, 51, 59, 89, 96, 106, 101, 110, 117, 127, 127, 127, 127, 124, 107, 102, 80, 69, 67, 44, 42, 28, 23, 26, 0, 2, 0, 0, 0, 6, 11, 14, 29, 41, 49, 63, 68, 89, 109, 127, 127, 127, 127, 122, 127, 123, 121, 109, 110, 103, 83, 95, 63, 42, 31, 4, 1, 0, 5, 9, 2, 2, 17, 23, 33, 39, 47, 76, 88, 89, 102, 103, 119, 127, 127, 125, 117, 127, 116, 107, 98, 88, 73, 65, 61, 37, 37, 19, 6, 0, 4, 0, 0, 8, 0, 11, 9, 13]","[51, 59, 89, 96, 106, 101, 110, 117, 127, 127, 127, 127, 124, 107, 102, 80, 69, 67, 44, 42, 28, 23, 26, 0, 2, 0, 0, 0, 6, 11, 14, 29, 41, 49, 63, 68, 89, 109, 127, 127, 127, 127, 122, 127, 123, 121, 109, 110, 103, 83, 95, 63, 42, 31, 4, 1, 0, 5, 9, 2, 2, 17, 23, 33, 39, 47, 76, 88, 89, 102, 103, 119, 127, 127, 125, 117, 127, 116, 107, 98, 88, 73, 65, 61, 37, 37, 19, 6, 0, 4, 0, 0, 8, 0, 11, 9, 13]"
In-Distribution,10,exact_guidance_u,223,0,98,97,"[129, 51, 59, 89, 96, 106, 101, 110, 117, 127, 127, 127, 127, 124, 107, 102, 80, 69, 67, 44, 42, 28, 23, 26, 0, 2, 0, 0, 0, 6, 11, 14, 29, 41, 49, 63, 68, 89, 109, 127, 127, 127, 127, 122, 127, 123, 121, 109, 110, 103, 83, 95, 63, 42, 31, 4, 1, 0, 5, 9, 2, 2, 17, 23, 33, 39, 47, 76, 88, 89, 102, 103, 119, 127, 127, 125, 117, 127, 116, 107, 98, 88, 73, 65, 61, 37, 37, 19, 6, 0, 4, 0, 0, 8, 0, 11, 9, 13]","[51, 59, 89, 96, 106, 101, 110, 117, 127, 127, 127, 127, 124, 107, 102, 80, 69, 67, 44, 42, 28, 23, 26, 0, 2, 0, 0, 0, 6, 11, 14, 29, 41, 49, 63, 68, 89, 109, 127, 127, 127, 127, 122, 127, 123, 121, 109, 110, 103, 83, 95, 63, 42, 31, 4, 1, 0, 5, 9, 2, 2, 17, 23, 33, 39, 47, 76, 88, 89, 102, 103, 119, 127, 127, 125, 117, 127, 116, 107, 98, 88, 73, 65, 61, 37, 37, 19, 6, 0, 4, 0, 0, 8, 0, 11, 9, 13]"
In-Distribution,10,exact_guidance_u,224,0,98,97,"[129, 51, 59, 89, 96, 106, 101, 110, 117, 127, 127, 127, 127, 124, 107, 102, 80, 69, 67, 44, 42, 28, 23, 26, 0, 2, 0, 0, 0, 6, 11, 14, 29, 41, 49, 63, 68, 89, 109, 127, 127, 127, 127, 122, 127, 123, 121, 109, 110, 103, 83, 95, 63, 42, 31, 4, 1, 0, 5, 9, 2, 2, 17, 23, 33, 39, 47, 76, 88, 89, 102, 103, 119, 127, 127, 125, 117, 127, 116, 107, 98, 88, 73, 65, 61, 37, 37, 19, 6, 0, 4, 0, 0, 8, 0, 11, 9, 13]","[51, 59, 89, 96, 106, 101, 110, 117, 127, 127, 127, 127, 124, 107, 102, 80, 69, 67, 44, 42, 28, 23, 26, 0, 2, 0, 0, 0, 6, 11, 14, 29, 41, 49, 63, 68, 89, 109, 127, 127, 127, 127, 122, 127, 123, 121, 109, 110, 103, 83, 95, 63, 42, 31, 4, 1, 0, 5, 9, 2, 2, 17, 23, 33, 39, 47, 76, 88, 89, 102, 103, 119, 127, 127, 125, 117, 127, 116, 107, 98, 88, 73, 65, 61, 37, 37, 19, 6, 0, 4, 0, 0, 8, 0, 11, 9, 13]"
In-Distribution,10,exact_guidance_u,225,0,98,97,"[129, 51, 59, 89, 96, 106, 101, 110, 117, 127, 127, 127, 127, 124, 107, 102, 80, 69, 67, 44, 42, 28, 23, 26, 0, 2, 0, 0, 0, 6, 11, 14, 29, 41, 49, 63, 68, 89, 109, 127, 127, 127, 127, 122, 127, 123, 121, 109, 110, 103, 83, 95, 63, 42, 31, 4, 1, 0, 5, 9, 2, 2, 17, 23, 33, 39, 47, 76, 88, 89, 102, 103, 119, 127, 127, 125, 117, 127, 116, 107, 98, 88, 73, 65, 61, 37, 37, 19, 6, 0, 4, 0, 0, 8, 0, 11, 9, 13]","[51, 59, 89, 96, 106, 101, 110, 117, 127, 127, 127, 127, 124, 107, 102, 80, 69, 67, 44, 42, 28, 23, 26, 0, 2, 0, 0, 0, 6, 11, 14, 29, 41, 49, 63, 68, 89, 109, 127, 127, 127, 127, 122, 127, 123, 121, 109, 110, 103, 83, 95, 63, 42, 31, 4, 1, 0, 5, 9, 2, 2, 17, 23, 33, 39, 47, 76, 88, 89, 102, 103, 119, 127, 127, 125, 117, 127, 116, 107, 98, 88, 73, 65, 61, 37, 37, 19, 6, 0, 4, 0, 0, 8, 0, 11, 9, 13]"
In-Distribution,10,exact_guidance_u,226,0,98,97,"[129, 51, 59, 89, 96, 106, 101, 110, 117, 127, 127, 127, 127, 124, 107, 102, 80, 69, 67, 44, 42, 28, 23, 26, 0, 2, 0, 0, 0, 6, 11, 14, 29, 41, 49, 63, 68, 89, 109, 127, 127, 127, 127, 122, 127, 123, 121, 109, 110, 103, 83, 95, 63, 42, 31, 4, 1, 0, 5, 9, 2, 2, 17, 23, 33, 39, 47, 76, 88, 89, 102, 103, 119, 127, 127, 125, 117, 127, 116, 107, 98, 88, 73, 65, 61, 37, 37, 19, 6, 0, 4, 0, 0, 8, 0, 11, 9, 13]","[51, 59, 89, 96, 106, 101, 110, 117, 127, 127, 127, 127, 124, 107, 102, 80, 69, 67, 44, 42, 28, 23, 26, 0, 2, 0, 0, 0, 6, 11, 14, 29, 41, 49, 63, 68, 89, 109, 127, 127, 127, 127, 122, 127, 123, 121, 109, 110, 103, 83, 95, 63, 42, 31, 4, 1, 0, 5, 9, 2, 2, 17, 23, 33, 39, 47, 76, 88, 89, 102, 103, 119, 127, 127, 125, 117, 127, 116, 107, 98, 88, 73, 65, 61, 37, 37, 19, 6, 0, 4, 0, 0, 8, 0, 11, 9, 13]"
In-Distribution,10,exact_guidance_u,227,0,98,97,"[129, 51, 59, 89, 96, 106, 101, 110, 117, 127, 127, 127, 127, 124, 107, 102, 80, 69, 67, 44, 42, 28, 23, 26, 0, 2, 0, 0, 0, 6, 11, 14, 29, 41, 49, 63, 68, 89, 109, 127, 127, 127, 127, 122, 127, 123, 121, 109, 110, 103, 83, 95, 63, 42, 31, 4, 1, 0, 5, 9, 2, 2, 17, 23, 33, 39, 47, 76, 88, 89, 102, 103, 119, 127, 127, 125, 117, 127, 116, 107, 98, 88, 73, 65, 61, 37, 37, 19, 6, 0, 4, 0, 0, 8, 0, 11, 9, 13]","[51, 59, 89, 96, 106, 101, 110, 117, 127, 127, 127, 127, 124, 107, 102, 80, 69, 67, 44, 42, 28, 23, 26, 0, 2, 0, 0, 0, 6, 11, 14, 29, 41, 49, 63, 68, 89, 109, 127, 127, 127, 127, 122, 127, 123, 121, 109, 110, 103, 83, 95, 63, 42, 31, 4, 1, 0, 5, 9, 2, 2, 17, 23, 33, 39, 47, 76, 88, 89, 102, 103, 119, 127, 127, 125, 117, 127, 116, 107, 98, 88, 73, 65, 61, 37, 37, 19, 6, 0, 4, 0, 0, 8, 0, 11, 9, 13]"
In-Distribution,10,exact_guidance_u,228,0,98,97,"[129, 51, 59, 89, 96, 106, 101, 110, 117, 127, 127, 127, 127, 124, 107, 102, 80, 69, 67, 44, 42, 28, 23, 26, 0, 2, 0, 0, 0, 6, 11, 14, 29, 41, 49, 63, 68, 89, 109, 127, 127, 127, 127, 122, 127, 123, 121, 109, 110, 103, 83, 95, 63, 42, 31, 4, 1, 0, 5, 9, 2, 2, 17, 23, 33, 39, 47, 76, 88, 89, 102, 103, 119, 127, 127, 125, 117, 127, 116, 107, 98, 88, 73, 65, 61, 37, 37, 19, 6, 0, 4, 0, 0, 8, 0, 11, 9, 13]","[51, 59, 89, 96, 106, 101, 110, 117, 127, 127, 127, 127, 124, 107, 102, 80, 69, 67, 44, 42, 28, 23, 26, 0, 2, 0, 0, 0, 6, 11, 14, 29, 41, 49, 63, 68, 89, 109, 127, 127, 127, 127, 122, 127, 123, 121, 109, 110, 103, 83, 95, 63, 42, 31, 4, 1, 0, 5, 9, 2, 2, 17, 23, 33, 39, 47, 76, 88, 89, 102, 103, 119, 127, 127, 125, 117, 127, 116, 107, 98, 88, 73, 65, 61, 37, 37, 19, 6, 0, 4, 0, 0, 8, 0, 11, 9, 13]"
In-Distribution,10,exact_guidance_u,229,0,98,97,"[129, 51, 59, 89, 96, 106, 101, 110, 117, 127, 127, 127, 127, 124, 107, 102, 80, 69, 67, 44, 42, 28, 23, 26, 0, 2, 0, 0, 0, 6, 11, 14, 29, 41, 49, 63, 68, 89, 109, 127, 127, 127, 127, 122, 127, 123, 121, 109, 110, 103, 83, 95, 63, 42, 31, 4, 1, 0, 5, 9, 2, 2, 17, 23, 33, 39, 47, 76, 88, 89, 102, 103, 119, 127, 127, 125, 117, 127, 116, 107, 98, 88, 73, 65, 61, 37, 37, 19, 6, 0, 4, 0, 0, 8, 0, 11, 9, 13]","[51, 59, 89, 96, 106, 101, 110, 117, 127, 127, 127, 127, 124, 107, 102, 80, 69, 67, 44, 42, 28, 23, 26, 0, 2, 0, 0, 0, 6, 11, 14, 29, 41, 49, 63, 68, 89, 109, 127, 127, 127, 127, 122, 127, 123, 121, 109, 110, 103, 83, 95, 63, 42, 31, 4, 1, 0, 5, 9, 2, 2, 17, 23, 33, 39, 47, 76, 88, 89, 102, 103, 119, 127, 127, 125, 117, 127, 116, 107, 98, 88, 73, 65, 61, 37, 37, 19, 6, 0, 4, 0, 0, 8, 0, 11, 9, 13]"
In-Distribution,10,exact_guidance_u,230,0,98,97,"[129, 51, 59, 89, 96, 106, 101, 110, 117, 127, 127, 127, 127, 124, 107, 102, 80, 69, 67, 44, 42, 28, 23, 26, 0, 2, 0, 0, 0, 6, 11, 14, 29, 41, 49, 63, 68, 89, 109, 127, 127, 127, 127, 122, 127, 123, 121, 109, 110, 103, 83, 95, 63, 42, 31, 4, 1, 0, 5, 9, 2, 2, 17, 23, 33, 39, 47, 76, 88, 89, 102, 103, 119, 127, 127, 125, 117, 127, 116, 107, 98, 88, 73, 65, 61, 37, 37, 19, 6, 0, 4, 0, 0, 8, 0, 11, 9, 13]","[51, 59, 89, 96, 106, 101, 110, 117, 127, 127, 127, 127, 124, 107, 102, 80, 69, 67, 44, 42, 28, 23, 26, 0, 2, 0, 0, 0, 6, 11, 14, 29, 41, 49, 63, 68, 89, 109, 127, 127, 127, 127, 122, 127, 123, 121, 109, 110, 103, 83, 95, 63, 42, 31, 4, 1, 0, 5, 9, 2, 2, 17, 23, 33, 39, 47, 76, 88, 89, 102, 103, 119, 127, 127, 125, 117, 127, 116, 107, 98, 88, 73, 65, 61, 37, 37, 19, 6, 0, 4, 0, 0, 8, 0, 11, 9, 13]"
In-Distribution,10,exact_guidance_u,231,0,98,97,"[129, 51, 59, 89, 96, 106, 101, 110, 117, 127, 127, 127, 127, 124, 107, 102, 80, 69, 67, 44, 42, 28, 23, 26, 0, 2, 0, 0, 0, 6, 11, 14, 29, 41, 49, 63, 68, 89, 109, 127, 127, 127, 127, 122, 127, 123, 121, 109, 110, 103, 83, 95, 63, 42, 31, 4, 1, 0, 5, 9, 2, 2, 17, 23, 33, 39, 47, 76, 88, 89, 102, 103, 119, 127, 127, 125, 117, 127, 116, 107, 98, 88, 73, 65, 61, 37, 37, 19, 6, 0, 4, 0, 0, 8, 0, 11, 9, 13]","[51, 59, 89, 96, 106, 101, 110, 117, 127, 127, 127, 127, 124, 107, 102, 80, 69, 67, 44, 42, 28, 23, 26, 0, 2, 0, 0, 0, 6, 11, 14, 29, 41, 49, 63, 68, 89, 109, 127, 127, 127, 127, 122, 127, 123, 121, 109, 110, 103, 83, 95, 63, 42, 31, 4, 1, 0, 5, 9, 2, 2, 17, 23, 33, 39, 47, 76, 88, 89, 102, 103, 119, 127, 127, 125, 117, 127, 116, 107, 98, 88, 73, 65, 61, 37, 37, 19, 6, 0, 4, 0, 0, 8, 0, 11, 9, 13]"
In-Distribution,10,exact_guidance_u,232,0,98,97,"[129, 51, 59, 89, 96, 106, 101, 110, 117, 127, 127, 127, 127, 124, 107, 102, 80, 69, 67, 44, 42, 28, 23, 26, 0, 2, 0, 0, 0, 6, 11, 14, 29, 41, 49, 63, 68, 89, 109, 127, 127, 127, 127, 122, 127, 123, 121, 109, 110, 103, 83, 95, 63, 42, 31, 4, 1, 0, 5, 9, 2, 2, 17, 23, 33, 39, 47, 76, 88, 89, 102, 103, 119, 127, 127, 125, 117, 127, 116, 107, 98, 88, 73, 65, 61, 37, 37, 19, 6, 0, 4, 0, 0, 8, 0, 11, 9, 13]","[51, 59, 89, 96, 106, 101, 110, 117, 127, 127, 127, 127, 124, 107, 102, 80, 69, 67, 44, 42, 28, 23, 26, 0, 2, 0, 0, 0, 6, 11, 14, 29, 41, 49, 63, 68, 89, 109, 127, 127, 127, 127, 122, 127, 123, 121, 109, 110, 103, 83, 95, 63, 42, 31, 4, 1, 0, 5, 9, 2, 2, 17, 23, 33, 39, 47, 76, 88, 89, 102, 103, 119, 127, 127, 125, 117, 127, 116, 107, 98, 88, 73, 65, 61, 37, 37, 19, 6, 0, 4, 0, 0, 8, 0, 11, 9, 13]"
In-Distribution,10,exact_guidance_u,233,0,98,97,"[129, 51, 59, 89, 96, 106, 101, 110, 117, 127, 127, 127, 127, 124, 107, 102, 80, 69, 67, 44, 42, 28, 23, 26, 0, 2, 0, 0, 0, 6, 11, 14, 29, 41, 49, 63, 68, 89, 109, 127, 127, 127, 127, 122, 127, 123, 121, 109, 110, 103, 83, 95, 63, 42, 31, 4, 1, 0, 5, 9, 2, 2, 17, 23, 33, 39, 47, 76, 88, 89, 102, 103, 119, 127, 127, 125, 117, 127, 116, 107, 98, 88, 73, 65, 61, 37, 37, 19, 6, 0, 4, 0, 0, 8, 0, 11, 9, 13]","[51, 59, 89, 96, 106, 101, 110, 117, 127, 127, 127, 127, 124, 107, 102, 80, 69, 67, 44, 42, 28, 23, 26, 0, 2, 0, 0, 0, 6, 11, 14, 29, 41, 49, 63, 68, 89, 109, 127, 127, 127, 127, 122, 127, 123, 121, 109, 110, 103, 83, 95, 63, 42, 31, 4, 1, 0, 5, 9, 2, 2, 17, 23, 33, 39, 47, 76, 88, 89, 102, 103, 119, 127, 127, 125, 117, 127, 116, 107, 98, 88, 73, 65, 61, 37, 37, 19, 6, 0, 4, 0, 0, 8, 0, 11, 9, 13]"
In-Distribution,10,exact_guidance_u,234,0,98,97,"[129, 51, 59, 89, 96, 106, 101, 110, 117, 127, 127, 127, 127, 124, 107, 102, 80, 69, 67, 44, 42, 28, 23, 26, 0, 2, 0, 0, 0, 6, 11, 14, 29, 41, 49, 63, 68, 89, 109, 127, 127, 127, 127, 122, 127, 123, 121, 109, 110, 103, 83, 95, 63, 42, 31, 4, 1, 0, 5, 9, 2, 2, 17, 23, 33, 39, 47, 76, 88, 89, 102, 103, 119, 127, 127, 125, 117, 127, 116, 107, 98, 88, 73, 65, 61, 37, 37, 19, 6, 0, 4, 0, 0, 8, 0, 11, 9, 13]","[51, 59, 89, 96, 106, 101, 110, 117, 127, 127, 127, 127, 124, 107, 102, 80, 69, 67, 44, 42, 28, 23, 26, 0, 2, 0, 0, 0, 6, 11, 14, 29, 41, 49, 63, 68, 89, 109, 127, 127, 127, 127, 122, 127, 123, 121, 109, 110, 103, 83, 95, 63, 42, 31, 4, 1, 0, 5, 9, 2, 2, 17, 23, 33, 39, 47, 76, 88, 89, 102, 103, 119, 127, 127, 125, 117, 127, 116, 107, 98, 88, 73, 65, 61, 37, 37, 19, 6, 0, 4, 0, 0, 8, 0, 11, 9, 13]"
In-Distribution,10,exact_guidance_u,235,0,98,97,"[129, 51, 59, 89, 96, 106, 101, 110, 117, 127, 127, 127, 127, 124, 107, 102, 80, 69, 67, 44, 42, 28, 23, 26, 0, 2, 0, 0, 0, 6, 11, 14, 29, 41, 49, 63, 68, 89, 109, 127, 127, 127, 127, 122, 127, 123, 121, 109, 110, 103, 83, 95, 63, 42, 31, 4, 1, 0, 5, 9, 2, 2, 17, 23, 33, 39, 47, 76, 88, 89, 102, 103, 119, 127, 127, 125, 117, 127, 116, 107, 98, 88, 73, 65, 61, 37, 37, 19, 6, 0, 4, 0, 0, 8, 0, 11, 9, 13]","[51, 59, 89, 96, 106, 101, 110, 117, 127, 127, 127, 127, 124, 107, 102, 80, 69, 67, 44, 42, 28, 23, 26, 0, 2, 0, 0, 0, 6, 11, 14, 29, 41, 49, 63, 68, 89, 109, 127, 127, 127, 127, 122, 127, 123, 121, 109, 110, 103, 83, 95, 63, 42, 31, 4, 1, 0, 5, 9, 2, 2, 17, 23, 33, 39, 47, 76, 88, 89, 102, 103, 119, 127, 127, 125, 117, 127, 116, 107, 98, 88, 73, 65, 61, 37, 37, 19, 6, 0, 4, 0, 0, 8, 0, 11, 9, 13]"
In-Distribution,10,exact_guidance_u,236,0,98,97,"[129, 51, 59, 89, 96, 106, 101, 110, 117, 127, 127, 127, 127, 124, 107, 102, 80, 69, 67, 44, 42, 28, 23, 26, 0, 2, 0, 0, 0, 6, 11, 14, 29, 41, 49, 63, 68, 89, 109, 127, 127, 127, 127, 122, 127, 123, 121, 109, 110, 103, 83, 95, 63, 42, 31, 4, 1, 0, 5, 9, 2, 2, 17, 23, 33, 39, 47, 76, 88, 89, 102, 103, 119, 127, 127, 125, 117, 127, 116, 107, 98, 88, 73, 65, 61, 37, 37, 19, 6, 0, 4, 0, 0, 8, 0, 11, 9, 13]","[51, 59, 89, 96, 106, 101, 110, 117, 127, 127, 127, 127, 124, 107, 102, 80, 69, 67, 44, 42, 28, 23, 26, 0, 2, 0, 0, 0, 6, 11, 14, 29, 41, 49, 63, 68, 89, 109, 127, 127, 127, 127, 122, 127, 123, 121, 109, 110, 103, 83, 95, 63, 42, 31, 4, 1, 0, 5, 9, 2, 2, 17, 23, 33, 39, 47, 76, 88, 89, 102, 103, 119, 127, 127, 125, 117, 127, 116, 107, 98, 88, 73, 65, 61, 37, 37, 19, 6, 0, 4, 0, 0, 8, 0, 11, 9, 13]"
In-Distribution,10,exact_guidance_u,237,0,98,97,"[129, 51, 59, 89, 96, 106, 101, 110, 117, 127, 127, 127, 127, 124, 107, 102, 80, 69, 67, 44, 42, 28, 23, 26, 0, 2, 0, 0, 0, 6, 11, 14, 29, 41, 49, 63, 68, 89, 109, 127, 127, 127, 127, 122, 127, 123, 121, 109, 110, 103, 83, 95, 63, 42, 31, 4, 1, 0, 5, 9, 2, 2, 17, 23, 33, 39, 47, 76, 88, 89, 102, 103, 119, 127, 127, 125, 117, 127, 116, 107, 98, 88, 73, 65, 61, 37, 37, 19, 6, 0, 4, 0, 0, 8, 0, 11, 9, 13]","[51, 59, 89, 96, 106, 101, 110, 117, 127, 127, 127, 127, 124, 107, 102, 80, 69, 67, 44, 42, 28, 23, 26, 0, 2, 0, 0, 0, 6, 11, 14, 29, 41, 49, 63, 68, 89, 109, 127, 127, 127, 127, 122, 127, 123, 121, 109, 110, 103, 83, 95, 63, 42, 31, 4, 1, 0, 5, 9, 2, 2, 17, 23, 33, 39, 47, 76, 88, 89, 102, 103, 119, 127, 127, 125, 117, 127, 116, 107, 98, 88, 73, 65, 61, 37, 37, 19, 6, 0, 4, 0, 0, 8, 0, 11, 9, 13]"
In-Distribution,10,exact_guidance_u,238,0,98,97,"[129, 51, 59, 89, 96, 106, 101, 110, 117, 127, 127, 127, 127, 124, 107, 102, 80, 69, 67, 44, 42, 28, 23, 26, 0, 2, 0, 0, 0, 6, 11, 14, 29, 41, 49, 63, 68, 89, 109, 127, 127, 127, 127, 122, 127, 123, 121, 109, 110, 103, 83, 95, 63, 42, 31, 4, 1, 0, 5, 9, 2, 2, 17, 23, 33, 39, 47, 76, 88, 89, 102, 103, 119, 127, 127, 125, 117, 127, 116, 107, 98, 88, 73, 65, 61, 37, 37, 19, 6, 0, 4, 0, 0, 8, 0, 11, 9, 13]","[51, 59, 89, 96, 106, 101, 110, 117, 127, 127, 127, 127, 124, 107, 102, 80, 69, 67, 44, 42, 28, 23, 26, 0, 2, 0, 0, 0, 6, 11, 14, 29, 41, 49, 63, 68, 89, 109, 127, 127, 127, 127, 122, 127, 123, 121, 109, 110, 103, 83, 95, 63, 42, 31, 4, 1, 0, 5, 9, 2, 2, 17, 23, 33, 39, 47, 76, 88, 89, 102, 103, 119, 127, 127, 125, 117, 127, 116, 107, 98, 88, 73, 65, 61, 37, 37, 19, 6, 0, 4, 0, 0, 8, 0, 11, 9, 13]"
In-Distribution,10,exact_guidance_u,239,0,98,97,"[129, 51, 59, 89, 96, 106, 101, 110, 117, 127, 127, 127, 127, 124, 107, 102, 80, 69, 67, 44, 42, 28, 23, 26, 0, 2, 0, 0, 0, 6, 11, 14, 29, 41, 49, 63, 68, 89, 109, 127, 127, 127, 127, 122, 127, 123, 121, 109, 110, 103, 83, 95, 63, 42, 31, 4, 1, 0, 5, 9, 2, 2, 17, 23, 33, 39, 47, 76, 88, 89, 102, 103, 119, 127, 127, 125, 117, 127, 116, 107, 98, 88, 73, 65, 61, 37, 37, 19, 6, 0, 4, 0, 0, 8, 0, 11, 9, 13]","[51, 59, 89, 96, 106, 101, 110, 117, 127, 127, 127, 127, 124, 107, 102, 80, 69, 67, 44, 42, 28, 23, 26, 0, 2, 0, 0, 0, 6, 11, 14, 29, 41, 49, 63, 68, 89, 109, 127, 127, 127, 127, 122, 127, 123, 121, 109, 110, 103, 83, 95, 63, 42, 31, 4, 1, 0, 5, 9, 2, 2, 17, 23, 33, 39, 47, 76, 88, 89, 102, 103, 119, 127, 127, 125, 117, 127, 116, 107, 98, 88, 73, 65, 61, 37, 37, 19, 6, 0, 4, 0, 0, 8, 0, 11, 9, 13]"
In-Distribution,10,exact_guidance_u,240,0,98,97,"[129, 51, 59, 89, 96, 106, 101, 110, 117, 127, 127, 127, 127, 124, 107, 102, 80, 69, 67, 44, 42, 28, 23, 26, 0, 2, 0, 0, 0, 6, 11, 14, 29, 41, 49, 63, 68, 89, 109, 127, 127, 127, 127, 122, 127, 123, 121, 109, 110, 103, 83, 95, 63, 42, 31, 4, 1, 0, 5, 9, 2, 2, 17, 23, 33, 39, 47, 76, 88, 89, 102, 103, 119, 127, 127, 125, 117, 127, 116, 107, 98, 88, 73, 65, 61, 37, 37, 19, 6, 0, 4, 0, 0, 8, 0, 11, 9, 13]","[51, 59, 89, 96, 106, 101, 110, 117, 127, 127, 127, 127, 124, 107, 102, 80, 69, 67, 44, 42, 28, 23, 26, 0, 2, 0, 0, 0, 6, 11, 14, 29, 41, 49, 63, 68, 89, 109, 127, 127, 127, 127, 122, 127, 123, 121, 109, 110, 103, 83, 95, 63, 42, 31, 4, 1, 0, 5, 9, 2, 2, 17, 23, 33, 39, 47, 76, 88, 89, 102, 103, 119, 127, 127, 125, 117, 127, 116, 107, 98, 88, 73, 65, 61, 37, 37, 19, 6, 0, 4, 0, 0, 8, 0, 11, 9, 13]"
In-Distribution,10,exact_guidance_u,241,0,98,97,"[129, 51, 59, 89, 96, 106, 101, 110, 117, 127, 127, 127, 127, 124, 107, 102, 80, 69, 67, 44, 42, 28, 23, 26, 0, 2, 0, 0, 0, 6, 11, 14, 29, 41, 49, 63, 68, 89, 109, 127, 127, 127, 127, 122, 127, 123, 121, 109, 110, 103, 83, 95, 63, 42, 31, 4, 1, 0, 5, 9, 2, 2, 17, 23, 33, 39, 47, 76, 88, 89, 102, 103, 119, 127, 127, 125, 117, 127, 116, 107, 98, 88, 73, 65, 61, 37, 37, 19, 6, 0, 4, 0, 0, 8, 0, 11, 9, 13]","[51, 59, 89, 96, 106, 101, 110, 117, 127, 127, 127, 127, 124, 107, 102, 80, 69, 67, 44, 42, 28, 23, 26, 0, 2, 0, 0, 0, 6, 11, 14, 29, 41, 49, 63, 68, 89, 109, 127, 127, 127, 127, 122, 127, 123, 121, 109, 110, 103, 83, 95, 63, 42, 31, 4, 1, 0, 5, 9, 2, 2, 17, 23, 33, 39, 47, 76, 88, 89, 102, 103, 119, 127, 127, 125, 117, 127, 116, 107, 98, 88, 73, 65, 61, 37, 37, 19, 6, 0, 4, 0, 0, 8, 0, 11, 9, 13]"
In-Distribution,10,exact_guidance_u,242,0,98,97,"[129, 51, 59, 89, 96, 106, 101, 110, 117, 127, 127, 127, 127, 124, 107, 102, 80, 69, 67, 44, 42, 28, 23, 26, 0, 2, 0, 0, 0, 6, 11, 14, 29, 41, 49, 63, 68, 89, 109, 127, 127, 127, 127, 122, 127, 123, 121, 109, 110, 103, 83, 95, 63, 42, 31, 4, 1, 0, 5, 9, 2, 2, 17, 23, 33, 39, 47, 76, 88, 89, 102, 103, 119, 127, 127, 125, 117, 127, 116, 107, 98, 88, 73, 65, 61, 37, 37, 19, 6, 0, 4, 0, 0, 8, 0, 11, 9, 13]","[51, 59, 89, 96, 106, 101, 110, 117, 127, 127, 127, 127, 124, 107, 102, 80, 69, 67, 44, 42, 28, 23, 26, 0, 2, 0, 0, 0, 6, 11, 14, 29, 41, 49, 63, 68, 89, 109, 127, 127, 127, 127, 122, 127, 123, 121, 109, 110, 103, 83, 95, 63, 42, 31, 4, 1, 0, 5, 9, 2, 2, 17, 23, 33, 39, 47, 76, 88, 89, 102, 103, 119, 127, 127, 125, 117, 127, 116, 107, 98, 88, 73, 65, 61, 37, 37, 19, 6, 0, 4, 0, 0, 8, 0, 11, 9, 13]"
In-Distribution,10,exact_guidance_u,243,0,98,97,"[129, 51, 59, 89, 96, 106, 101, 110, 117, 127, 127, 127, 127, 124, 107, 102, 80, 69, 67, 44, 42, 28, 23, 26, 0, 2, 0, 0, 0, 6, 11, 14, 29, 41, 49, 63, 68, 89, 109, 127, 127, 127, 127, 122, 127, 123, 121, 109, 110, 103, 83, 95, 63, 42, 31, 4, 1, 0, 5, 9, 2, 2, 17, 23, 33, 39, 47, 76, 88, 89, 102, 103, 119, 127, 127, 125, 117, 127, 116, 107, 98, 88, 73, 65, 61, 37, 37, 19, 6, 0, 4, 0, 0, 8, 0, 11, 9, 13]","[51, 59, 89, 96, 106, 101, 110, 117, 127, 127, 127, 127, 124, 107, 102, 80, 69, 67, 44, 42, 28, 23, 26, 0, 2, 0, 0, 0, 6, 11, 14, 29, 41, 49, 63, 68, 89, 109, 127, 127, 127, 127, 122, 127, 123, 121, 109, 110, 103, 83, 95, 63, 42, 31, 4, 1, 0, 5, 9, 2, 2, 17, 23, 33, 39, 47, 76, 88, 89, 102, 103, 119, 127, 127, 125, 117, 127, 116, 107, 98, 88, 73, 65, 61, 37, 37, 19, 6, 0, 4, 0, 0, 8, 0, 11, 9, 13]"
In-Distribution,10,exact_guidance_u,244,0,98,97,"[129, 51, 59, 89, 96, 106, 101, 110, 117, 127, 127, 127, 127, 124, 107, 102, 80, 69, 67, 44, 42, 28, 23, 26, 0, 2, 0, 0, 0, 6, 11, 14, 29, 41, 49, 63, 68, 89, 109, 127, 127, 127, 127, 122, 127, 123, 121, 109, 110, 103, 83, 95, 63, 42, 31, 4, 1, 0, 5, 9, 2, 2, 17, 23, 33, 39, 47, 76, 88, 89, 102, 103, 119, 127, 127, 125, 117, 127, 116, 107, 98, 88, 73, 65, 61, 37, 37, 19, 6, 0, 4, 0, 0, 8, 0, 11, 9, 13]","[51, 59, 89, 96, 106, 101, 110, 117, 127, 127, 127, 127, 124, 107, 102, 80, 69, 67, 44, 42, 28, 23, 26, 0, 2, 0, 0, 0, 6, 11, 14, 29, 41, 49, 63, 68, 89, 109, 127, 127, 127, 127, 122, 127, 123, 121, 109, 110, 103, 83, 95, 63, 42, 31, 4, 1, 0, 5, 9, 2, 2, 17, 23, 33, 39, 47, 76, 88, 89, 102, 103, 119, 127, 127, 125, 117, 127, 116, 107, 98, 88, 73, 65, 61, 37, 37, 19, 6, 0, 4, 0, 0, 8, 0, 11, 9, 13]"
In-Distribution,10,exact_guidance_u,245,0,98,97,"[129, 51, 59, 89, 96, 106, 101, 110, 117, 127, 127, 127, 127, 124, 107, 102, 80, 69, 67, 44, 42, 28, 23, 26, 0, 2, 0, 0, 0, 6, 11, 14, 29, 41, 49, 63, 68, 89, 109, 127, 127, 127, 127, 122, 127, 123, 121, 109, 110, 103, 83, 95, 63, 42, 31, 4, 1, 0, 5, 9, 2, 2, 17, 23, 33, 39, 47, 76, 88, 89, 102, 103, 119, 127, 127, 125, 117, 127, 116, 107, 98, 88, 73, 65, 61, 37, 37, 19, 6, 0, 4, 0, 0, 8, 0, 11, 9, 13]","[51, 59, 89, 96, 106, 101, 110, 117, 127, 127, 127, 127, 124, 107, 102, 80, 69, 67, 44, 42, 28, 23, 26, 0, 2, 0, 0, 0, 6, 11, 14, 29, 41, 49, 63, 68, 89, 109, 127, 127, 127, 127, 122, 127, 123, 121, 109, 110, 103, 83, 95, 63, 42, 31, 4, 1, 0, 5, 9, 2, 2, 17, 23, 33, 39, 47, 76, 88, 89, 102, 103, 119, 127, 127, 125, 117, 127, 116, 107, 98, 88, 73, 65, 61, 37, 37, 19, 6, 0, 4, 0, 0, 8, 0, 11, 9, 13]"
In-Distribution,10,exact_guidance_u,246,0,98,97,"[129, 51, 59, 89, 96, 106, 101, 110, 117, 127, 127, 127, 127, 124, 107, 102, 80, 69, 67, 44, 42, 28, 23, 26, 0, 2, 0, 0, 0, 6, 11, 14, 29, 41, 49, 63, 68, 89, 109, 127, 127, 127, 127, 122, 127, 123, 121, 109, 110, 103, 83, 95, 63, 42, 31, 4, 1, 0, 5, 9, 2, 2, 17, 23, 33, 39, 47, 76, 88, 89, 102, 103, 119, 127, 127, 125, 117, 127, 116, 107, 98, 88, 73, 65, 61, 37, 37, 19, 6, 0, 4, 0, 0, 8, 0, 11, 9, 13]","[51, 59, 89, 96, 106, 101, 110, 117, 127, 127, 127, 127, 124, 107, 102, 80, 69, 67, 44, 42, 28, 23, 26, 0, 2, 0, 0, 0, 6, 11, 14, 29, 41, 49, 63, 68, 89, 109, 127, 127, 127, 127, 122, 127, 123, 121, 109, 110, 103, 83, 95, 63, 42, 31, 4, 1, 0, 5, 9, 2, 2, 17, 23, 33, 39, 47, 76, 88, 89, 102, 103, 119, 127, 127, 125, 117, 127, 116, 107, 98, 88, 73, 65, 61, 37, 37, 19, 6, 0, 4, 0, 0, 8, 0, 11, 9, 13]"
In-Distribution,10,exact_guidance_u,247,0,98,97,"[129, 51, 59, 89, 96, 106, 101, 110, 117, 127, 127, 127, 127, 124, 107, 102, 80, 69, 67, 44, 42, 28, 23, 26, 0, 2, 0, 0, 0, 6, 11, 14, 29, 41, 49, 63, 68, 89, 109, 127, 127, 127, 127, 122, 127, 123, 121, 109, 110, 103, 83, 95, 63, 42, 31, 4, 1, 0, 5, 9, 2, 2, 17, 23, 33, 39, 47, 76, 88, 89, 102, 103, 119, 127, 127, 125, 117, 127, 116, 107, 98, 88, 73, 65, 61, 37, 37, 19, 6, 0, 4, 0, 0, 8, 0, 11, 9, 13]","[51, 59, 89, 96, 106, 101, 110, 117, 127, 127, 127, 127, 124, 107, 102, 80, 69, 67, 44, 42, 28, 23, 26, 0, 2, 0, 0, 0, 6, 11, 14, 29, 41, 49, 63, 68, 89, 109, 127, 127, 127, 127, 122, 127, 123, 121, 109, 110, 103, 83, 95, 63, 42, 31, 4, 1, 0, 5, 9, 2, 2, 17, 23, 33, 39, 47, 76, 88, 89, 102, 103, 119, 127, 127, 125, 117, 127, 116, 107, 98, 88, 73, 65, 61, 37, 37, 19, 6, 0, 4, 0, 0, 8, 0, 11, 9, 13]"
In-Distribution,10,exact_guidance_u,248,0,98,97,"[129, 51, 59, 89, 96, 106, 101, 110, 117, 127, 127, 127, 127, 124, 107, 102, 80, 69, 67, 44, 42, 28, 23, 26, 0, 2, 0, 0, 0, 6, 11, 14, 29, 41, 49, 63, 68, 89, 109, 127, 127, 127, 127, 122, 127, 123, 121, 109, 110, 103, 83, 95, 63, 42, 31, 4, 1, 0, 5, 9, 2, 2, 17, 23, 33, 39, 47, 76, 88, 89, 102, 103, 119, 127, 127, 125, 117, 127, 116, 107, 98, 88, 73, 65, 61, 37, 37, 19, 6, 0, 4, 0, 0, 8, 0, 11, 9, 13]","[51, 59, 89, 96, 106, 101, 110, 117, 127, 127, 127, 127, 124, 107, 102, 80, 69, 67, 44, 42, 28, 23, 26, 0, 2, 0, 0, 0, 6, 11, 14, 29, 41, 49, 63, 68, 89, 109, 127, 127, 127, 127, 122, 127, 123, 121, 109, 110, 103, 83, 95, 63, 42, 31, 4, 1, 0, 5, 9, 2, 2, 17, 23, 33, 39, 47, 76, 88, 89, 102, 103, 119, 127, 127, 125, 117, 127, 116, 107, 98, 88, 73, 65, 61, 37, 37, 19, 6, 0, 4, 0, 0, 8, 0, 11, 9, 13]"
In-Distribution,10,exact_guidance_u,249,0,98,97,"[129, 51, 59, 89, 96, 106, 101, 110, 117, 127, 127, 127, 127, 124, 107, 102, 80, 69, 67, 44, 42, 28, 23, 26, 0, 2, 0, 0, 0, 6, 11, 14, 29, 41, 49, 63, 68, 89, 109, 127, 127, 127, 127, 122, 127, 123, 121, 109, 110, 103, 83, 95, 63, 42, 31, 4, 1, 0, 5, 9, 2, 2, 17, 23, 33, 39, 47, 76, 88, 89, 102, 103, 119, 127, 127, 125, 117, 127, 116, 107, 98, 88, 73, 65, 61, 37, 37, 19, 6, 0, 4, 0, 0, 8, 0, 11, 9, 13]","[51, 59, 89, 96, 106, 101, 110, 117, 127, 127, 127, 127, 124, 107, 102, 80, 69, 67, 44, 42, 28, 23, 26, 0, 2, 0, 0, 0, 6, 11, 14, 29, 41, 49, 63, 68, 89, 109, 127, 127, 127, 127, 122, 127, 123, 121, 109, 110, 103, 83, 95, 63, 42, 31, 4, 1, 0, 5, 9, 2, 2, 17, 23, 33, 39, 47, 76, 88, 89, 102, 103, 119, 127, 127, 125, 117, 127, 116, 107, 98, 88, 73, 65, 61, 37, 37, 19, 6, 0, 4, 0, 0, 8, 0, 11, 9, 13]"
In-Distribution,10,exact_guidance_u,250,0,98,97,"[129, 51, 59, 89, 96, 106, 101, 110, 117, 127, 127, 127, 127, 124, 107, 102, 80, 69, 67, 44, 42, 28, 23, 26, 0, 2, 0, 0, 0, 6, 11, 14, 29, 41, 49, 63, 68, 89, 109, 127, 127, 127, 127, 122, 127, 123, 121, 109, 110, 103, 83, 95, 63, 42, 31, 4, 1, 0, 5, 9, 2, 2, 17, 23, 33, 39, 47, 76, 88, 89, 102, 103, 119, 127, 127, 125, 117, 127, 116, 107, 98, 88, 73, 65, 61, 37, 37, 19, 6, 0, 4, 0, 0, 8, 0, 11, 9, 13]","[51, 59, 89, 96, 106, 101, 110, 117, 127, 127, 127, 127, 124, 107, 102, 80, 69, 67, 44, 42, 28, 23, 26, 0, 2, 0, 0, 0, 6, 11, 14, 29, 41, 49, 63, 68, 89, 109, 127, 127, 127, 127, 122, 127, 123, 121, 109, 110, 103, 83, 95, 63, 42, 31, 4, 1, 0, 5, 9, 2, 2, 17, 23, 33, 39, 47, 76, 88, 89, 102, 103, 119, 127, 127, 125, 117, 127, 116, 107, 98, 88, 73, 65, 61, 37, 37, 19, 6, 0, 4, 0, 0, 8, 0, 11, 9, 13]"
In-Distribution,10,exact_guidance_u,251,0,98,97,"[129, 51, 59, 89, 96, 106, 101, 110, 117, 127, 127, 127, 127, 124, 107, 102, 80, 69, 67, 44, 42, 28, 23, 26, 0, 2, 0, 0, 0, 6, 11, 14, 29, 41, 49, 63, 68, 89, 109, 127, 127, 127, 127, 122, 127, 123, 121, 109, 110, 103, 83, 95, 63, 42, 31, 4, 1, 0, 5, 9, 2, 2, 17, 23, 33, 39, 47, 76, 88, 89, 102, 103, 119, 127, 127, 125, 117, 127, 116, 107, 98, 88, 73, 65, 61, 37, 37, 19, 6, 0, 4, 0, 0, 8, 0, 11, 9, 13]","[51, 59, 89, 96, 106, 101, 110, 117, 127, 127, 127, 127, 124, 107, 102, 80, 69, 67, 44, 42, 28, 23, 26, 0, 2, 0, 0, 0, 6, 11, 14, 29, 41, 49, 63, 68, 89, 109, 127, 127, 127, 127, 122, 127, 123, 121, 109, 110, 103, 83, 95, 63, 42, 31, 4, 1, 0, 5, 9, 2, 2, 17, 23, 33, 39, 47, 76, 88, 89, 102, 103, 119, 127, 127, 125, 117, 127, 116, 107, 98, 88, 73, 65, 61, 37, 37, 19, 6, 0, 4, 0, 0, 8, 0, 11, 9, 13]"
In-Distribution,10,exact_guidance_u,252,0,98,97,"[129, 51, 59, 89, 96, 106, 101, 110, 117, 127, 127, 127, 127, 124, 107, 102, 80, 69, 67, 44, 42, 28, 23, 26, 0, 2, 0, 0, 0, 6, 11, 14, 29, 41, 49, 63, 68, 89, 109, 127, 127, 127, 127, 122, 127, 123, 121, 109, 110, 103, 83, 95, 63, 42, 31, 4, 1, 0, 5, 9, 2, 2, 17, 23, 33, 39, 47, 76, 88, 89, 102, 103, 119, 127, 127, 125, 117, 127, 116, 107, 98, 88, 73, 65, 61, 37, 37, 19, 6, 0, 4, 0, 0, 8, 0, 11, 9, 13]","[51, 59, 89, 96, 106, 101, 110, 117, 127, 127, 127, 127, 124, 107, 102, 80, 69, 67, 44, 42, 28, 23, 26, 0, 2, 0, 0, 0, 6, 11, 14, 29, 41, 49, 63, 68, 89, 109, 127, 127, 127, 127, 122, 127, 123, 121, 109, 110, 103, 83, 95, 63, 42, 31, 4, 1, 0, 5, 9, 2, 2, 17, 23, 33, 39, 47, 76, 88, 89, 102, 103, 119, 127, 127, 125, 117, 127, 116, 107, 98, 88, 73, 65, 61, 37, 37, 19, 6, 0, 4, 0, 0, 8, 0, 11, 9, 13]"
In-Distribution,10,exact_guidance_u,253,0,98,97,"[129, 51, 59, 89, 96, 106, 101, 110, 117, 127, 127, 127, 127, 124, 107, 102, 80, 69, 67, 44, 42, 28, 23, 26, 0, 2, 0, 0, 0, 6, 11, 14, 29, 41, 49, 63, 68, 89, 109, 127, 127, 127, 127, 122, 127, 123, 121, 109, 110, 103, 83, 95, 63, 42, 31, 4, 1, 0, 5, 9, 2, 2, 17, 23, 33, 39, 47, 76, 88, 89, 102, 103, 119, 127, 127, 125, 117, 127, 116, 107, 98, 88, 73, 65, 61, 37, 37, 19, 6, 0, 4, 0, 0, 8, 0, 11, 9, 13]","[51, 59, 89, 96, 106, 101, 110, 117, 127, 127, 127, 127, 124, 107, 102, 80, 69, 67, 44, 42, 28, 23, 26, 0, 2, 0, 0, 0, 6, 11, 14, 29, 41, 49, 63, 68, 89, 109, 127, 127, 127, 127, 122, 127, 123, 121, 109, 110, 103, 83, 95, 63, 42, 31, 4, 1, 0, 5, 9, 2, 2, 17, 23, 33, 39, 47, 76, 88, 89, 102, 103, 119, 127, 127, 125, 117, 127, 116, 107, 98, 88, 73, 65, 61, 37, 37, 19, 6, 0, 4, 0, 0, 8, 0, 11, 9, 13]"
In-Distribution,10,exact_guidance_u,254,0,98,97,"[129, 51, 59, 89, 96, 106, 101, 110, 117, 127, 127, 127, 127, 124, 107, 102, 80, 69, 67, 44, 42, 28, 23, 26, 0, 2, 0, 0, 0, 6, 11, 14, 29, 41, 49, 63, 68, 89, 109, 127, 127, 127, 127, 122, 127, 123, 121, 109, 110, 103, 83, 95, 63, 42, 31, 4, 1, 0, 5, 9, 2, 2, 17, 23, 33, 39, 47, 76, 88, 89, 102, 103, 119, 127, 127, 125, 117, 127, 116, 107, 98, 88, 73, 65, 61, 37, 37, 19, 6, 0, 4, 0, 0, 8, 0, 11, 9, 13]","[51, 59, 89, 96, 106, 101, 110, 117, 127, 127, 127, 127, 124, 107, 102, 80, 69, 67, 44, 42, 28, 23, 26, 0, 2, 0, 0, 0, 6, 11, 14, 29, 41, 49, 63, 68, 89, 109, 127, 127, 127, 127, 122, 127, 123, 121, 109, 110, 103, 83, 95, 63, 42, 31, 4, 1, 0, 5, 9, 2, 2, 17, 23, 33, 39, 47, 76, 88, 89, 102, 103, 119, 127, 127, 125, 117, 127, 116, 107, 98, 88, 73, 65, 61, 37, 37, 19, 6, 0, 4, 0, 0, 8, 0, 11, 9, 13]"
In-Distribution,10,exact_guidance_u,255,0,98,97,"[129, 51, 59, 89, 96, 106, 101, 110, 117, 127, 127, 127, 127, 124, 107, 102, 80, 69, 67, 44, 42, 28, 23, 26, 0, 2, 0, 0, 0, 6, 11, 14, 29, 41, 49, 63, 68, 89, 109, 127, 127, 127, 127, 122, 127, 123, 121, 109, 110, 103, 83, 95, 63, 42, 31, 4, 1, 0, 5, 9, 2, 2, 17, 23, 33, 39, 47, 76, 88, 89, 102, 103, 119, 127, 127, 125, 117, 127, 116, 107, 98, 88, 73, 65, 61, 37, 37, 19, 6, 0, 4, 0, 0, 8, 0, 11, 9, 13]","[51, 59, 89, 96, 106, 101, 110, 117, 127, 127, 127, 127, 124, 107, 102, 80, 69, 67, 44, 42, 28, 23, 26, 0, 2, 0, 0, 0, 6, 11, 14, 29, 41, 49, 63, 68, 89, 109, 127, 127, 127, 127, 122, 127, 123, 121, 109, 110, 103, 83, 95, 63, 42, 31, 4, 1, 0, 5, 9, 2, 2, 17, 23, 33, 39, 47, 76, 88, 89, 102, 103, 119, 127, 127, 125, 117, 127, 116, 107, 98, 88, 73, 65, 61, 37, 37, 19, 6, 0, 4, 0, 0, 8, 0, 11, 9, 13]"
In-Distribution,10,exact_guidance_u,256,0,98,97,"[129, 51, 59, 89, 96, 106, 101, 110, 117, 127, 127, 127, 127, 124, 107, 102, 80, 69, 67, 44, 42, 28, 23, 26, 0, 2, 0, 0, 0, 6, 11, 14, 29, 41, 49, 63, 68, 89, 109, 127, 127, 127, 127, 122, 127, 123, 121, 109, 110, 103, 83, 95, 63, 42, 31, 4, 1, 0, 5, 9, 2, 2, 17, 23, 33, 39, 47, 76, 88, 89, 102, 103, 119, 127, 127, 125, 117, 127, 116, 107, 98, 88, 73, 65, 61, 37, 37, 19, 6, 0, 4, 0, 0, 8, 0, 11, 9, 13]","[51, 59, 89, 96, 106, 101, 110, 117, 127, 127, 127, 127, 124, 107, 102, 80, 69, 67, 44, 42, 28, 23, 26, 0, 2, 0, 0, 0, 6, 11, 14, 29, 41, 49, 63, 68, 89, 109, 127, 127, 127, 127, 122, 127, 123, 121, 109, 110, 103, 83, 95, 63, 42, 31, 4, 1, 0, 5, 9, 2, 2, 17, 23, 33, 39, 47, 76, 88, 89, 102, 103, 119, 127, 127, 125, 117, 127, 116, 107, 98, 88, 73, 65, 61, 37, 37, 19, 6, 0, 4, 0, 0, 8, 0, 11, 9, 13]"
In-Distribution,10,exact_guidance_u,257,0,98,97,"[129, 51, 59, 89, 96, 106, 101, 110, 117, 127, 127, 127, 127, 124, 107, 102, 80, 69, 67, 44, 42, 28, 23, 26, 0, 2, 0, 0, 0, 6, 11, 14, 29, 41, 49, 63, 68, 89, 109, 127, 127, 127, 127, 122, 127, 123, 121, 109, 110, 103, 83, 95, 63, 42, 31, 4, 1, 0, 5, 9, 2, 2, 17, 23, 33, 39, 47, 76, 88, 89, 102, 103, 119, 127, 127, 125, 117, 127, 116, 107, 98, 88, 73, 65, 61, 37, 37, 19, 6, 0, 4, 0, 0, 8, 0, 11, 9, 13]","[51, 59, 89, 96, 106, 101, 110, 117, 127, 127, 127, 127, 124, 107, 102, 80, 69, 67, 44, 42, 28, 23, 26, 0, 2, 0, 0, 0, 6, 11, 14, 29, 41, 49, 63, 68, 89, 109, 127, 127, 127, 127, 122, 127, 123, 121, 109, 110, 103, 83, 95, 63, 42, 31, 4, 1, 0, 5, 9, 2, 2, 17, 23, 33, 39, 47, 76, 88, 89, 102, 103, 119, 127, 127, 125, 117, 127, 116, 107, 98, 88, 73, 65, 61, 37, 37, 19, 6, 0, 4, 0, 0, 8, 0, 11, 9, 13]"
In-Distribution,10,exact_guidance_u,258,0,98,97,"[129, 51, 59, 89, 96, 106, 101, 110, 117, 127, 127, 127, 127, 124, 107, 102, 80, 69, 67, 44, 42, 28, 23, 26, 0, 2, 0, 0, 0, 6, 11, 14, 29, 41, 49, 63, 68, 89, 109, 127, 127, 127, 127, 122, 127, 123, 121, 109, 110, 103, 83, 95, 63, 42, 31, 4, 1, 0, 5, 9, 2, 2, 17, 23, 33, 39, 47, 76, 88, 89, 102, 103, 119, 127, 127, 125, 117, 127, 116, 107, 98, 88, 73, 65, 61, 37, 37, 19, 6, 0, 4, 0, 0, 8, 0, 11, 9, 13]","[51, 59, 89, 96, 106, 101, 110, 117, 127, 127, 127, 127, 124, 107, 102, 80, 69, 67, 44, 42, 28, 23, 26, 0, 2, 0, 0, 0, 6, 11, 14, 29, 41, 49, 63, 68, 89, 109, 127, 127, 127, 127, 122, 127, 123, 121, 109, 110, 103, 83, 95, 63, 42, 31, 4, 1, 0, 5, 9, 2, 2, 17, 23, 33, 39, 47, 76, 88, 89, 102, 103, 119, 127, 127, 125, 117, 127, 116, 107, 98, 88, 73, 65, 61, 37, 37, 19, 6, 0, 4, 0, 0, 8, 0, 11, 9, 13]"
In-Distribution,10,exact_guidance_u,259,0,98,97,"[129, 51, 59, 89, 96, 106, 101, 110, 117, 127, 127, 127, 127, 124, 107, 102, 80, 69, 67, 44, 42, 28, 23, 26, 0, 2, 0, 0, 0, 6, 11, 14, 29, 41, 49, 63, 68, 89, 109, 127, 127, 127, 127, 122, 127, 123, 121, 109, 110, 103, 83, 95, 63, 42, 31, 4, 1, 0, 5, 9, 2, 2, 17, 23, 33, 39, 47, 76, 88, 89, 102, 103, 119, 127, 127, 125, 117, 127, 116, 107, 98, 88, 73, 65, 61, 37, 37, 19, 6, 0, 4, 0, 0, 8, 0, 11, 9, 13]","[51, 59, 89, 96, 106, 101, 110, 117, 127, 127, 127, 127, 124, 107, 102, 80, 69, 67, 44, 42, 28, 23, 26, 0, 2, 0, 0, 0, 6, 11, 14, 29, 41, 49, 63, 68, 89, 109, 127, 127, 127, 127, 122, 127, 123, 121, 109, 110, 103, 83, 95, 63, 42, 31, 4, 1, 0, 5, 9, 2, 2, 17, 23, 33, 39, 47, 76, 88, 89, 102, 103, 119, 127, 127, 125, 117, 127, 116, 107, 98, 88, 73, 65, 61, 37, 37, 19, 6, 0, 4, 0, 0, 8, 0, 11, 9, 13]"
In-Distribution,10,exact_guidance_u,260,0,98,97,"[129, 51, 59, 89, 96, 106, 101, 110, 117, 127, 127, 127, 127, 124, 107, 102, 80, 69, 67, 44, 42, 28, 23, 26, 0, 2, 0, 0, 0, 6, 11, 14, 29, 41, 49, 63, 68, 89, 109, 127, 127, 127, 127, 122, 127, 123, 121, 109, 110, 103, 83, 95, 63, 42, 31, 4, 1, 0, 5, 9, 2, 2, 17, 23, 33, 39, 47, 76, 88, 89, 102, 103, 119, 127, 127, 125, 117, 127, 116, 107, 98, 88, 73, 65, 61, 37, 37, 19, 6, 0, 4, 0, 0, 8, 0, 11, 9, 13]","[51, 59, 89, 96, 106, 101, 110, 117, 127, 127, 127, 127, 124, 107, 102, 80, 69, 67, 44, 42, 28, 23, 26, 0, 2, 0, 0, 0, 6, 11, 14, 29, 41, 49, 63, 68, 89, 109, 127, 127, 127, 127, 122, 127, 123, 121, 109, 110, 103, 83, 95, 63, 42, 31, 4, 1, 0, 5, 9, 2, 2, 17, 23, 33, 39, 47, 76, 88, 89, 102, 103, 119, 127, 127, 125, 117, 127, 116, 107, 98, 88, 73, 65, 61, 37, 37, 19, 6, 0, 4, 0, 0, 8, 0, 11, 9, 13]"
In-Distribution,10,exact_guidance_u,261,0,98,97,"[129, 51, 59, 89, 96, 106, 101, 110, 117, 127, 127, 127, 127, 124, 107, 102, 80, 69, 67, 44, 42, 28, 23, 26, 0, 2, 0, 0, 0, 6, 11, 14, 29, 41, 49, 63, 68, 89, 109, 127, 127, 127, 127, 122, 127, 123, 121, 109, 110, 103, 83, 95, 63, 42, 31, 4, 1, 0, 5, 9, 2, 2, 17, 23, 33, 39, 47, 76, 88, 89, 102, 103, 119, 127, 127, 125, 117, 127, 116, 107, 98, 88, 73, 65, 61, 37, 37, 19, 6, 0, 4, 0, 0, 8, 0, 11, 9, 13]","[51, 59, 89, 96, 106, 101, 110, 117, 127, 127, 127, 127, 124, 107, 102, 80, 69, 67, 44, 42, 28, 23, 26, 0, 2, 0, 0, 0, 6, 11, 14, 29, 41, 49, 63, 68, 89, 109, 127, 127, 127, 127, 122, 127, 123, 121, 109, 110, 103, 83, 95, 63, 42, 31, 4, 1, 0, 5, 9, 2, 2, 17, 23, 33, 39, 47, 76, 88, 89, 102, 103, 119, 127, 127, 125, 117, 127, 116, 107, 98, 88, 73, 65, 61, 37, 37, 19, 6, 0, 4, 0, 0, 8, 0, 11, 9, 13]"
In-Distribution,10,exact_guidance_u,262,0,98,97,"[129, 51, 59, 89, 96, 106, 101, 110, 117, 127, 127, 127, 127, 124, 107, 102, 80, 69, 67, 44, 42, 28, 23, 26, 0, 2, 0, 0, 0, 6, 11, 14, 29, 41, 49, 63, 68, 89, 109, 127, 127, 127, 127, 122, 127, 123, 121, 109, 110, 103, 83, 95, 63, 42, 31, 4, 1, 0, 5, 9, 2, 2, 17, 23, 33, 39, 47, 76, 88, 89, 102, 103, 119, 127, 127, 125, 117, 127, 116, 107, 98, 88, 73, 65, 61, 37, 37, 19, 6, 0, 4, 0, 0, 8, 0, 11, 9, 13]","[51, 59, 89, 96, 106, 101, 110, 117, 127, 127, 127, 127, 124, 107, 102, 80, 69, 67, 44, 42, 28, 23, 26, 0, 2, 0, 0, 0, 6, 11, 14, 29, 41, 49, 63, 68, 89, 109, 127, 127, 127, 127, 122, 127, 123, 121, 109, 110, 103, 83, 95, 63, 42, 31, 4, 1, 0, 5, 9, 2, 2, 17, 23, 33, 39, 47, 76, 88, 89, 102, 103, 119, 127, 127, 125, 117, 127, 116, 107, 98, 88, 73, 65, 61, 37, 37, 19, 6, 0, 4, 0, 0, 8, 0, 11, 9, 13]"
In-Distribution,10,exact_guidance_u,263,0,98,97,"[129, 51, 59, 89, 96, 106, 101, 110, 117, 127, 127, 127, 127, 124, 107, 102, 80, 69, 67, 44, 42, 28, 23, 26, 0, 2, 0, 0, 0, 6, 11, 14, 29, 41, 49, 63, 68, 89, 109, 127, 127, 127, 127, 122, 127, 123, 121, 109, 110, 103, 83, 95, 63, 42, 31, 4, 1, 0, 5, 9, 2, 2, 17, 23, 33, 39, 47, 76, 88, 89, 102, 103, 119, 127, 127, 125, 117, 127, 116, 107, 98, 88, 73, 65, 61, 37, 37, 19, 6, 0, 4, 0, 0, 8, 0, 11, 9, 13]","[51, 59, 89, 96, 106, 101, 110, 117, 127, 127, 127, 127, 124, 107, 102, 80, 69, 67, 44, 42, 28, 23, 26, 0, 2, 0, 0, 0, 6, 11, 14, 29, 41, 49, 63, 68, 89, 109, 127, 127, 127, 127, 122, 127, 123, 121, 109, 110, 103, 83, 95, 63, 42, 31, 4, 1, 0, 5, 9, 2, 2, 17, 23, 33, 39, 47, 76, 88, 89, 102, 103, 119, 127, 127, 125, 117, 127, 116, 107, 98, 88, 73, 65, 61, 37, 37, 19, 6, 0, 4, 0, 0, 8, 0, 11, 9, 13]"
In-Distribution,10,exact_guidance_u,264,0,98,97,"[129, 51, 59, 89, 96, 106, 101, 110, 117, 127, 127, 127, 127, 124, 107, 102, 80, 69, 67, 44, 42, 28, 23, 26, 0, 2, 0, 0, 0, 6, 11, 14, 29, 41, 49, 63, 68, 89, 109, 127, 127, 127, 127, 122, 127, 123, 121, 109, 110, 103, 83, 95, 63, 42, 31, 4, 1, 0, 5, 9, 2, 2, 17, 23, 33, 39, 47, 76, 88, 89, 102, 103, 119, 127, 127, 125, 117, 127, 116, 107, 98, 88, 73, 65, 61, 37, 37, 19, 6, 0, 4, 0, 0, 8, 0, 11, 9, 13]","[51, 59, 89, 96, 106, 101, 110, 117, 127, 127, 127, 127, 124, 107, 102, 80, 69, 67, 44, 42, 28, 23, 26, 0, 2, 0, 0, 0, 6, 11, 14, 29, 41, 49, 63, 68, 89, 109, 127, 127, 127, 127, 122, 127, 123, 121, 109, 110, 103, 83, 95, 63, 42, 31, 4, 1, 0, 5, 9, 2, 2, 17, 23, 33, 39, 47, 76, 88, 89, 102, 103, 119, 127, 127, 125, 117, 127, 116, 107, 98, 88, 73, 65, 61, 37, 37, 19, 6, 0, 4, 0, 0, 8, 0, 11, 9, 13]"
In-Distribution,10,exact_guidance_u,265,0,98,97,"[129, 51, 59, 89, 96, 106, 101, 110, 117, 127, 127, 127, 127, 124, 107, 102, 80, 69, 67, 44, 42, 28, 23, 26, 0, 2, 0, 0, 0, 6, 11, 14, 29, 41, 49, 63, 68, 89, 109, 127, 127, 127, 127, 122, 127, 123, 121, 109, 110, 103, 83, 95, 63, 42, 31, 4, 1, 0, 5, 9, 2, 2, 17, 23, 33, 39, 47, 76, 88, 89, 102, 103, 119, 127, 127, 125, 117, 127, 116, 107, 98, 88, 73, 65, 61, 37, 37, 19, 6, 0, 4, 0, 0, 8, 0, 11, 9, 13]","[51, 59, 89, 96, 106, 101, 110, 117, 127, 127, 127, 127, 124, 107, 102, 80, 69, 67, 44, 42, 28, 23, 26, 0, 2, 0, 0, 0, 6, 11, 14, 29, 41, 49, 63, 68, 89, 109, 127, 127, 127, 127, 122, 127, 123, 121, 109, 110, 103, 83, 95, 63, 42, 31, 4, 1, 0, 5, 9, 2, 2, 17, 23, 33, 39, 47, 76, 88, 89, 102, 103, 119, 127, 127, 125, 117, 127, 116, 107, 98, 88, 73, 65, 61, 37, 37, 19, 6, 0, 4, 0, 0, 8, 0, 11, 9, 13]"
In-Distribution,10,exact_guidance_u,266,0,98,97,"[129, 51, 59, 89, 96, 106, 101, 110, 117, 127, 127, 127, 127, 124, 107, 102, 80, 69, 67, 44, 42, 28, 23, 26, 0, 2, 0, 0, 0, 6, 11, 14, 29, 41, 49, 63, 68, 89, 109, 127, 127, 127, 127, 122, 127, 123, 121, 109, 110, 103, 83, 95, 63, 42, 31, 4, 1, 0, 5, 9, 2, 2, 17, 23, 33, 39, 47, 76, 88, 89, 102, 103, 119, 127, 127, 125, 117, 127, 116, 107, 98, 88, 73, 65, 61, 37, 37, 19, 6, 0, 4, 0, 0, 8, 0, 11, 9, 13]","[51, 59, 89, 96, 106, 101, 110, 117, 127, 127, 127, 127, 124, 107, 102, 80, 69, 67, 44, 42, 28, 23, 26, 0, 2, 0, 0, 0, 6, 11, 14, 29, 41, 49, 63, 68, 89, 109, 127, 127, 127, 127, 122, 127, 123, 121, 109, 110, 103, 83, 95, 63, 42, 31, 4, 1, 0, 5, 9, 2, 2, 17, 23, 33, 39, 47, 76, 88, 89, 102, 103, 119, 127, 127, 125, 117, 127, 116, 107, 98, 88, 73, 65, 61, 37, 37, 19, 6, 0, 4, 0, 0, 8, 0, 11, 9, 13]"
In-Distribution,10,exact_guidance_u,267,0,98,97,"[129, 51, 59, 89, 96, 106, 101, 110, 117, 127, 127, 127, 127, 124, 107, 102, 80, 69, 67, 44, 42, 28, 23, 26, 0, 2, 0, 0, 0, 6, 11, 14, 29, 41, 49, 63, 68, 89, 109, 127, 127, 127, 127, 122, 127, 123, 121, 109, 110, 103, 83, 95, 63, 42, 31, 4, 1, 0, 5, 9, 2, 2, 17, 23, 33, 39, 47, 76, 88, 89, 102, 103, 119, 127, 127, 125, 117, 127, 116, 107, 98, 88, 73, 65, 61, 37, 37, 19, 6, 0, 4, 0, 0, 8, 0, 11, 9, 13]","[51, 59, 89, 96, 106, 101, 110, 117, 127, 127, 127, 127, 124, 107, 102, 80, 69, 67, 44, 42, 28, 23, 26, 0, 2, 0, 0, 0, 6, 11, 14, 29, 41, 49, 63, 68, 89, 109, 127, 127, 127, 127, 122, 127, 123, 121, 109, 110, 103, 83, 95, 63, 42, 31, 4, 1, 0, 5, 9, 2, 2, 17, 23, 33, 39, 47, 76, 88, 89, 102, 103, 119, 127, 127, 125, 117, 127, 116, 107, 98, 88, 73, 65, 61, 37, 37, 19, 6, 0, 4, 0, 0, 8, 0, 11, 9, 13]"
In-Distribution,10,exact_guidance_u,268,0,98,97,"[129, 51, 59, 89, 96, 106, 101, 110, 117, 127, 127, 127, 127, 124, 107, 102, 80, 69, 67, 44, 42, 28, 23, 26, 0, 2, 0, 0, 0, 6, 11, 14, 29, 41, 49, 63, 68, 89, 109, 127, 127, 127, 127, 122, 127, 123, 121, 109, 110, 103, 83, 95, 63, 42, 31, 4, 1, 0, 5, 9, 2, 2, 17, 23, 33, 39, 47, 76, 88, 89, 102, 103, 119, 127, 127, 125, 117, 127, 116, 107, 98, 88, 73, 65, 61, 37, 37, 19, 6, 0, 4, 0, 0, 8, 0, 11, 9, 13]","[51, 59, 89, 96, 106, 101, 110, 117, 127, 127, 127, 127, 124, 107, 102, 80, 69, 67, 44, 42, 28, 23, 26, 0, 2, 0, 0, 0, 6, 11, 14, 29, 41, 49, 63, 68, 89, 109, 127, 127, 127, 127, 122, 127, 123, 121, 109, 110, 103, 83, 95, 63, 42, 31, 4, 1, 0, 5, 9, 2, 2, 17, 23, 33, 39, 47, 76, 88, 89, 102, 103, 119, 127, 127, 125, 117, 127, 116, 107, 98, 88, 73, 65, 61, 37, 37, 19, 6, 0, 4, 0, 0, 8, 0, 11, 9, 13]"
In-Distribution,10,exact_guidance_u,269,0,98,97,"[129, 51, 59, 89, 96, 106, 101, 110, 117, 127, 127, 127, 127, 124, 107, 102, 80, 69, 67, 44, 42, 28, 23, 26, 0, 2, 0, 0, 0, 6, 11, 14, 29, 41, 49, 63, 68, 89, 109, 127, 127, 127, 127, 122, 127, 123, 121, 109, 110, 103, 83, 95, 63, 42, 31, 4, 1, 0, 5, 9, 2, 2, 17, 23, 33, 39, 47, 76, 88, 89, 102, 103, 119, 127, 127, 125, 117, 127, 116, 107, 98, 88, 73, 65, 61, 37, 37, 19, 6, 0, 4, 0, 0, 8, 0, 11, 9, 13]","[51, 59, 89, 96, 106, 101, 110, 117, 127, 127, 127, 127, 124, 107, 102, 80, 69, 67, 44, 42, 28, 23, 26, 0, 2, 0, 0, 0, 6, 11, 14, 29, 41, 49, 63, 68, 89, 109, 127, 127, 127, 127, 122, 127, 123, 121, 109, 110, 103, 83, 95, 63, 42, 31, 4, 1, 0, 5, 9, 2, 2, 17, 23, 33, 39, 47, 76, 88, 89, 102, 103, 119, 127, 127, 125, 117, 127, 116, 107, 98, 88, 73, 65, 61, 37, 37, 19, 6, 0, 4, 0, 0, 8, 0, 11, 9, 13]"
In-Distribution,10,exact_guidance_u,270,0,98,97,"[129, 51, 59, 89, 96, 106, 101, 110, 117, 127, 127, 127, 127, 124, 107, 102, 80, 69, 67, 44, 42, 28, 23, 26, 0, 2, 0, 0, 0, 6, 11, 14, 29, 41, 49, 63, 68, 89, 109, 127, 127, 127, 127, 122, 127, 123, 121, 109, 110, 103, 83, 95, 63, 42, 31, 4, 1, 0, 5, 9, 2, 2, 17, 23, 33, 39, 47, 76, 88, 89, 102, 103, 119, 127, 127, 125, 117, 127, 116, 107, 98, 88, 73, 65, 61, 37, 37, 19, 6, 0, 4, 0, 0, 8, 0, 11, 9, 13]","[51, 59, 89, 96, 106, 101, 110, 117, 127, 127, 127, 127, 124, 107, 102, 80, 69, 67, 44, 42, 28, 23, 26, 0, 2, 0, 0, 0, 6, 11, 14, 29, 41, 49, 63, 68, 89, 109, 127, 127, 127, 127, 122, 127, 123, 121, 109, 110, 103, 83, 95, 63, 42, 31, 4, 1, 0, 5, 9, 2, 2, 17, 23, 33, 39, 47, 76, 88, 89, 102, 103, 119, 127, 127, 125, 117, 127, 116, 107, 98, 88, 73, 65, 61, 37, 37, 19, 6, 0, 4, 0, 0, 8, 0, 11, 9, 13]"
In-Distribution,10,exact_guidance_u,271,0,98,97,"[129, 51, 59, 89, 96, 106, 101, 110, 117, 127, 127, 127, 127, 124, 107, 102, 80, 69, 67, 44, 42, 28, 23, 26, 0, 2, 0, 0, 0, 6, 11, 14, 29, 41, 49, 63, 68, 89, 109, 127, 127, 127, 127, 122, 127, 123, 121, 109, 110, 103, 83, 95, 63, 42, 31, 4, 1, 0, 5, 9, 2, 2, 17, 23, 33, 39, 47, 76, 88, 89, 102, 103, 119, 127, 127, 125, 117, 127, 116, 107, 98, 88, 73, 65, 61, 37, 37, 19, 6, 0, 4, 0, 0, 8, 0, 11, 9, 13]","[51, 59, 89, 96, 106, 101, 110, 117, 127, 127, 127, 127, 124, 107, 102, 80, 69, 67, 44, 42, 28, 23, 26, 0, 2, 0, 0, 0, 6, 11, 14, 29, 41, 49, 63, 68, 89, 109, 127, 127, 127, 127, 122, 127, 123, 121, 109, 110, 103, 83, 95, 63, 42, 31, 4, 1, 0, 5, 9, 2, 2, 17, 23, 33, 39, 47, 76, 88, 89, 102, 103, 119, 127, 127, 125, 117, 127, 116, 107, 98, 88, 73, 65, 61, 37, 37, 19, 6, 0, 4, 0, 0, 8, 0, 11, 9, 13]"
In-Distribution,10,exact_guidance_u,272,0,98,97,"[129, 51, 59, 89, 96, 106, 101, 110, 117, 127, 127, 127, 127, 124, 107, 102, 80, 69, 67, 44, 42, 28, 23, 26, 0, 2, 0, 0, 0, 6, 11, 14, 29, 41, 49, 63, 68, 89, 109, 127, 127, 127, 127, 122, 127, 123, 121, 109, 110, 103, 83, 95, 63, 42, 31, 4, 1, 0, 5, 9, 2, 2, 17, 23, 33, 39, 47, 76, 88, 89, 102, 103, 119, 127, 127, 125, 117, 127, 116, 107, 98, 88, 73, 65, 61, 37, 37, 19, 6, 0, 4, 0, 0, 8, 0, 11, 9, 13]","[51, 59, 89, 96, 106, 101, 110, 117, 127, 127, 127, 127, 124, 107, 102, 80, 69, 67, 44, 42, 28, 23, 26, 0, 2, 0, 0, 0, 6, 11, 14, 29, 41, 49, 63, 68, 89, 109, 127, 127, 127, 127, 122, 127, 123, 121, 109, 110, 103, 83, 95, 63, 42, 31, 4, 1, 0, 5, 9, 2, 2, 17, 23, 33, 39, 47, 76, 88, 89, 102, 103, 119, 127, 127, 125, 117, 127, 116, 107, 98, 88, 73, 65, 61, 37, 37, 19, 6, 0, 4, 0, 0, 8, 0, 11, 9, 13]"
In-Distribution,10,exact_guidance_u,273,0,98,97,"[129, 51, 59, 89, 96, 106, 101, 110, 117, 127, 127, 127, 127, 124, 107, 102, 80, 69, 67, 44, 42, 28, 23, 26, 0, 2, 0, 0, 0, 6, 11, 14, 29, 41, 49, 63, 68, 89, 109, 127, 127, 127, 127, 122, 127, 123, 121, 109, 110, 103, 83, 95, 63, 42, 31, 4, 1, 0, 5, 9, 2, 2, 17, 23, 33, 39, 47, 76, 88, 89, 102, 103, 119, 127, 127, 125, 117, 127, 116, 107, 98, 88, 73, 65, 61, 37, 37, 19, 6, 0, 4, 0, 0, 8, 0, 11, 9, 13]","[51, 59, 89, 96, 106, 101, 110, 117, 127, 127, 127, 127, 124, 107, 102, 80, 69, 67, 44, 42, 28, 23, 26, 0, 2, 0, 0, 0, 6, 11, 14, 29, 41, 49, 63, 68, 89, 109, 127, 127, 127, 127, 122, 127, 123, 121, 109, 110, 103, 83, 95, 63, 42, 31, 4, 1, 0, 5, 9, 2, 2, 17, 23, 33, 39, 47, 76, 88, 89, 102, 103, 119, 127, 127, 125, 117, 127, 116, 107, 98, 88, 73, 65, 61, 37, 37, 19, 6, 0, 4, 0, 0, 8, 0, 11, 9, 13]"
In-Distribution,10,exact_guidance_u,274,0,98,97,"[129, 51, 59, 89, 96, 106, 101, 110, 117, 127, 127, 127, 127, 124, 107, 102, 80, 69, 67, 44, 42, 28, 23, 26, 0, 2, 0, 0, 0, 6, 11, 14, 29, 41, 49, 63, 68, 89, 109, 127, 127, 127, 127, 122, 127, 123, 121, 109, 110, 103, 83, 95, 63, 42, 31, 4, 1, 0, 5, 9, 2, 2, 17, 23, 33, 39, 47, 76, 88, 89, 102, 103, 119, 127, 127, 125, 117, 127, 116, 107, 98, 88, 73, 65, 61, 37, 37, 19, 6, 0, 4, 0, 0, 8, 0, 11, 9, 13]","[51, 59, 89, 96, 106, 101, 110, 117, 127, 127, 127, 127, 124, 107, 102, 80, 69, 67, 44, 42, 28, 23, 26, 0, 2, 0, 0, 0, 6, 11, 14, 29, 41, 49, 63, 68, 89, 109, 127, 127, 127, 127, 122, 127, 123, 121, 109, 110, 103, 83, 95, 63, 42, 31, 4, 1, 0, 5, 9, 2, 2, 17, 23, 33, 39, 47, 76, 88, 89, 102, 103, 119, 127, 127, 125, 117, 127, 116, 107, 98, 88, 73, 65, 61, 37, 37, 19, 6, 0, 4, 0, 0, 8, 0, 11, 9, 13]"
In-Distribution,10,exact_guidance_u,275,0,98,97,"[129, 51, 59, 89, 96, 106, 101, 110, 117, 127, 127, 127, 127, 124, 107, 102, 80, 69, 67, 44, 42, 28, 23, 26, 0, 2, 0, 0, 0, 6, 11, 14, 29, 41, 49, 63, 68, 89, 109, 127, 127, 127, 127, 122, 127, 123, 121, 109, 110, 103, 83, 95, 63, 42, 31, 4, 1, 0, 5, 9, 2, 2, 17, 23, 33, 39, 47, 76, 88, 89, 102, 103, 119, 127, 127, 125, 117, 127, 116, 107, 98, 88, 73, 65, 61, 37, 37, 19, 6, 0, 4, 0, 0, 8, 0, 11, 9, 13]","[51, 59, 89, 96, 106, 101, 110, 117, 127, 127, 127, 127, 124, 107, 102, 80, 69, 67, 44, 42, 28, 23, 26, 0, 2, 0, 0, 0, 6, 11, 14, 29, 41, 49, 63, 68, 89, 109, 127, 127, 127, 127, 122, 127, 123, 121, 109, 110, 103, 83, 95, 63, 42, 31, 4, 1, 0, 5, 9, 2, 2, 17, 23, 33, 39, 47, 76, 88, 89, 102, 103, 119, 127, 127, 125, 117, 127, 116, 107, 98, 88, 73, 65, 61, 37, 37, 19, 6, 0, 4, 0, 0, 8, 0, 11, 9, 13]"
In-Distribution,10,exact_guidance_u,276,0,98,97,"[129, 51, 59, 89, 96, 106, 101, 110, 117, 127, 127, 127, 127, 124, 107, 102, 80, 69, 67, 44, 42, 28, 23, 26, 0, 2, 0, 0, 0, 6, 11, 14, 29, 41, 49, 63, 68, 89, 109, 127, 127, 127, 127, 122, 127, 123, 121, 109, 110, 103, 83, 95, 63, 42, 31, 4, 1, 0, 5, 9, 2, 2, 17, 23, 33, 39, 47, 76, 88, 89, 102, 103, 119, 127, 127, 125, 117, 127, 116, 107, 98, 88, 73, 65, 61, 37, 37, 19, 6, 0, 4, 0, 0, 8, 0, 11, 9, 13]","[51, 59, 89, 96, 106, 101, 110, 117, 127, 127, 127, 127, 124, 107, 102, 80, 69, 67, 44, 42, 28, 23, 26, 0, 2, 0, 0, 0, 6, 11, 14, 29, 41, 49, 63, 68, 89, 109, 127, 127, 127, 127, 122, 127, 123, 121, 109, 110, 103, 83, 95, 63, 42, 31, 4, 1, 0, 5, 9, 2, 2, 17, 23, 33, 39, 47, 76, 88, 89, 102, 103, 119, 127, 127, 125, 117, 127, 116, 107, 98, 88, 73, 65, 61, 37, 37, 19, 6, 0, 4, 0, 0, 8, 0, 11, 9, 13]"
In-Distribution,10,exact_guidance_u,277,0,98,97,"[129, 51, 59, 89, 96, 106, 101, 110, 117, 127, 127, 127, 127, 124, 107, 102, 80, 69, 67, 44, 42, 28, 23, 26, 0, 2, 0, 0, 0, 6, 11, 14, 29, 41, 49, 63, 68, 89, 109, 127, 127, 127, 127, 122, 127, 123, 121, 109, 110, 103, 83, 95, 63, 42, 31, 4, 1, 0, 5, 9, 2, 2, 17, 23, 33, 39, 47, 76, 88, 89, 102, 103, 119, 127, 127, 125, 117, 127, 116, 107, 98, 88, 73, 65, 61, 37, 37, 19, 6, 0, 4, 0, 0, 8, 0, 11, 9, 13]","[51, 59, 89, 96, 106, 101, 110, 117, 127, 127, 127, 127, 124, 107, 102, 80, 69, 67, 44, 42, 28, 23, 26, 0, 2, 0, 0, 0, 6, 11, 14, 29, 41, 49, 63, 68, 89, 109, 127, 127, 127, 127, 122, 127, 123, 121, 109, 110, 103, 83, 95, 63, 42, 31, 4, 1, 0, 5, 9, 2, 2, 17, 23, 33, 39, 47, 76, 88, 89, 102, 103, 119, 127, 127, 125, 117, 127, 116, 107, 98, 88, 73, 65, 61, 37, 37, 19, 6, 0, 4, 0, 0, 8, 0, 11, 9, 13]"
In-Distribution,10,exact_guidance_u,278,0,98,97,"[129, 51, 59, 89, 96, 106, 101, 110, 117, 127, 127, 127, 127, 124, 107, 102, 80, 69, 67, 44, 42, 28, 23, 26, 0, 2, 0, 0, 0, 6, 11, 14, 29, 41, 49, 63, 68, 89, 109, 127, 127, 127, 127, 122, 127, 123, 121, 109, 110, 103, 83, 95, 63, 42, 31, 4, 1, 0, 5, 9, 2, 2, 17, 23, 33, 39, 47, 76, 88, 89, 102, 103, 119, 127, 127, 125, 117, 127, 116, 107, 98, 88, 73, 65, 61, 37, 37, 19, 6, 0, 4, 0, 0, 8, 0, 11, 9, 13]","[51, 59, 89, 96, 106, 101, 110, 117, 127, 127, 127, 127, 124, 107, 102, 80, 69, 67, 44, 42, 28, 23, 26, 0, 2, 0, 0, 0, 6, 11, 14, 29, 41, 49, 63, 68, 89, 109, 127, 127, 127, 127, 122, 127, 123, 121, 109, 110, 103, 83, 95, 63, 42, 31, 4, 1, 0, 5, 9, 2, 2, 17, 23, 33, 39, 47, 76, 88, 89, 102, 103, 119, 127, 127, 125, 117, 127, 116, 107, 98, 88, 73, 65, 61, 37, 37, 19, 6, 0, 4, 0, 0, 8, 0, 11, 9, 13]"
In-Distribution,10,exact_guidance_u,279,0,98,97,"[129, 51, 59, 89, 96, 106, 101, 110, 117, 127, 127, 127, 127, 124, 107, 102, 80, 69, 67, 44, 42, 28, 23, 26, 0, 2, 0, 0, 0, 6, 11, 14, 29, 41, 49, 63, 68, 89, 109, 127, 127, 127, 127, 122, 127, 123, 121, 109, 110, 103, 83, 95, 63, 42, 31, 4, 1, 0, 5, 9, 2, 2, 17, 23, 33, 39, 47, 76, 88, 89, 102, 103, 119, 127, 127, 125, 117, 127, 116, 107, 98, 88, 73, 65, 61, 37, 37, 19, 6, 0, 4, 0, 0, 8, 0, 11, 9, 13]","[51, 59, 89, 96, 106, 101, 110, 117, 127, 127, 127, 127, 124, 107, 102, 80, 69, 67, 44, 42, 28, 23, 26, 0, 2, 0, 0, 0, 6, 11, 14, 29, 41, 49, 63, 68, 89, 109, 127, 127, 127, 127, 122, 127, 123, 121, 109, 110, 103, 83, 95, 63, 42, 31, 4, 1, 0, 5, 9, 2, 2, 17, 23, 33, 39, 47, 76, 88, 89, 102, 103, 119, 127, 127, 125, 117, 127, 116, 107, 98, 88, 73, 65, 61, 37, 37, 19, 6, 0, 4, 0, 0, 8, 0, 11, 9, 13]"
Linear,10,exact_guidance_u,0,0,1,0,[129],[]
Linear,10,exact_guidance_u,1,0,2,1,"[129, 119]",[119]
Linear,10,exact_guidance_u,2,0,2,1,"[129, 119]",[119]
Linear,10,exact_guidance_u,3,0,2,1,"[129, 119]",[119]
Linear,10,exact_guidance_u,4,0,2,1,"[129, 119]",[119]
Linear,10,exact_guidance_u,5,0,3,2,"[129, 77, 119]","[77, 119]"
Linear,10,exact_guidance_u,6,0,4,3,"[129, 77, 127, 119]","[77, 127, 119]"
Linear,10,exact_guidance_u,7,0,4,3,"[129, 77, 127, 119]","[77, 127, 119]"
Linear,10,exact_guidance_u,8,0,4,3,"[129, 77, 127, 119]","[77, 127, 119]"
Linear,10,exact_guidance_u,9,0,4,3,"[129, 77, 127, 119]","[77, 127, 119]"
Linear,10,exact_guidance_u,10,0,4,3,"[129, 77, 127, 119]","[77, 127, 119]"
Linear,10,exact_guidance_u,11,0,4,3,"[129, 77, 127, 119]","[77, 127, 119]"
Linear,10,exact_guidance_u,12,0,4,3,"[129, 77, 127, 119]","[77, 127, 119]"
Linear,10,exact_guidance_u,13,0,4,3,"[129, 77, 127, 119]","[77, 127, 119]"
Linear,10,exact_guidance_u,14,0,4,3,"[129, 77, 127, 119]","[77, 127, 119]"
Linear,10,exact_guidance_u,15,0,4,3,"[129, 77, 127, 119]","[77, 127, 119]"
Linear,10,exact_guidance_u,16,0,4,3,"[129, 77, 127, 119]","[77, 127, 119]"
Linear,10,exact_guidance_u,17,0,4,3,"[129, 77, 127, 119]","[77, 127, 119]"
Linear,10,exact_guidance_u,18,0,4,3,"[129, 77, 127, 119]","[77, 127, 119]"
Linear,10,exact_guidance_u,19,0,4,3,"[129, 77, 127, 119]","[77, 127, 119]"
Linear,10,exact_guidance_u,20,0,4,3,"[129, 77, 127, 119]","[77, 127, 119]"
Linear,10,exact_guidance_u,21,0,4,3,"[129, 77, 127, 119]","[77, 127, 119]"
Linear,10,exact_guidance_u,22,0,4,3,"[129, 77, 127, 119]","[77, 127, 119]"
Linear,10,exact_guidance_u,23,0,4,3,"[129, 77, 127, 119]","[77, 127, 119]"
Linear,10,exact_guidance_u,24,0,4,3,"[129, 77, 127, 119]","[77, 127, 119]"
Linear,10,exact_guidance_u,25,0,4,3,"[129, 77, 127, 119]","[77, 127, 119]"
Linear,10,exact_guidance_u,26,0,4,3,"[129, 77, 127, 119]","[77, 127, 119]"
Linear,10,exact_guidance_u,27,0,5,4,"[129, 77, 127, 119, 97]","[77, 127, 119, 97]"
Linear,10,exact_guidance_u,28,0,5,4,"[129, 77, 127, 119, 97]","[77, 127, 119, 97]"
Linear,10,exact_guidance_u,29,0,5,4,"[129, 77, 127, 119, 97]","[77, 127, 119, 97]"
Linear,10,exact_guidance_u,30,0,7,6,"[129, 77, 127, 119, 108, 97, 73]","[77, 127, 119, 108, 97, 73]"
Linear,10,exact_guidance_u,31,0,7,6,"[129, 77, 127, 119, 108, 97, 73]","[77, 127, 119, 108, 97, 73]"
Linear,10,exact_guidance_u,32,0,7,6,"[129, 77, 127, 119, 108, 97, 73]","[77, 127, 119, 108, 97, 73]"
Linear,10,exact_guidance_u,33,0,7,6,"[129, 77, 127, 119, 108, 97, 73]","[77, 127, 119, 108, 97, 73]"
Linear,10,exact_guidance_u,34,0,8,7,"[129, 77, 117, 127, 119, 108, 97, 73]","[77, 117, 127, 119, 108, 97, 73]"
Linear,10,exact_guidance_u,35,0,8,7,"[129, 77, 117, 127, 119, 108, 97, 73]","[77, 117, 127, 119, 108, 97, 73]"
Linear,10,exact_guidance_u,36,0,9,8,"[129, 77, 117, 127, 124, 119, 108, 97, 73]","[77, 117, 127, 124, 119, 108, 97, 73]"
Linear,10,exact_guidance_u,37,0,10,9,"[129, 77, 117, 127, 124, 119, 108, 97, 73, 13]","[77, 117, 127, 124, 119, 108, 97, 73, 13]"
Linear,10,exact_guidance_u,38,0,11,10,"[129, 77, 117, 127, 124, 119, 50, 108, 97, 73, 13]","[77, 117, 127, 124, 119, 50, 108, 97, 73, 13]"
Linear,10,exact_guidance_u,39,0,11,10,"[129, 77, 117, 127, 124, 119, 50, 108, 97, 73, 13]","[77, 117, 127, 124, 119, 50, 108, 97, 73, 13]"
Linear,10,exact_guidance_u,40,0,11,10,"[129, 77, 117, 127, 124, 119, 50, 108, 97, 73, 13]","[77, 117, 127, 124, 119, 50, 108, 97, 73, 13]"
Linear,10,exact_guidance_u,41,0,11,10,"[129, 77, 117, 127, 124, 119, 50, 108, 97, 73, 13]","[77, 117, 127, 124, 119, 50, 108, 97, 73, 13]"
Linear,10,exact_guidance_u,42,0,12,11,"[129, 77, 117, 127, 124, 119, 50, 108, 97, 73, 13, 121]","[77, 117, 127, 124, 119, 50, 108, 97, 73, 13, 121]"
Linear,10,exact_guidance_u,43,0,13,12,"[129, 77, 117, 127, 124, 119, 50, 108, 97, 73, 13, 121, 77]","[77, 117, 127, 124, 119, 50, 108, 97, 73, 13, 121, 77]"
Linear,10,exact_guidance_u,44,0,13,12,"[129, 77, 117, 127, 124, 119, 50, 108, 97, 73, 13, 121, 77]","[77, 117, 127, 124, 119, 50, 108, 97, 73, 13, 121, 77]"
Linear,10,exact_guidance_u,45,0,14,13,"[129, 77, 117, 127, 124, 119, 50, 108, 97, 73, 13, 121, 102, 77]","[77, 117, 127, 124, 119, 50, 108, 97, 73, 13, 121, 102, 77]"
Linear,10,exact_guidance_u,46,0,15,14,"[129, 11, 77, 117, 127, 124, 119, 50, 108, 97, 73, 13, 121, 102, 77]","[11, 77, 117, 127, 124, 119, 50, 108, 97, 73, 13, 121, 102, 77]"
Linear,10,exact_guidance_u,47,0,15,14,"[129, 11, 77, 117, 127, 124, 119, 50, 108, 97, 73, 13, 121, 102, 77]","[11, 77, 117, 127, 124, 119, 50, 108, 97, 73, 13, 121, 102, 77]"
Linear,10,exact_guidance_u,48,0,15,14,"[129, 11, 77, 117, 127, 124, 119, 50, 108, 97, 73, 13, 121, 102, 77]","[11, 77, 117, 127, 124, 119, 50, 108, 97, 73, 13, 121, 102, 77]"
Linear,10,exact_guidance_u,49,0,15,14,"[129, 11, 77, 117, 127, 124, 119, 50, 108, 97, 73, 13, 121, 102, 77]","[11, 77, 117, 127, 124, 119, 50, 108, 97, 73, 13, 121, 102, 77]"
Linear,10,exact_guidance_u,50,0,15,14,"[129, 11, 77, 117, 127, 124, 119, 50, 108, 97, 73, 13, 121, 102, 77]","[11, 77, 117, 127, 124, 119, 50, 108, 97, 73, 13, 121, 102, 77]"
Linear,10,exact_guidance_u,51,0,16,15,"[129, 11, 77, 117, 127, 124, 119, 9, 50, 108, 97, 73, 13, 121, 102, 77]","[11, 77, 117, 127, 124, 119, 9, 50, 108, 97, 73, 13, 121, 102, 77]"
Linear,10,exact_guidance_u,52,0,16,15,"[129, 11, 77, 117, 127, 124, 119, 9, 50, 108, 97, 73, 13, 121, 102, 77]","[11, 77, 117, 127, 124, 119, 9, 50, 108, 97, 73, 13, 121, 102, 77]"
Linear,10,exact_guidance_u,53,0,16,15,"[129, 11, 77, 117, 127, 124, 119, 9, 50, 108, 97, 73, 13, 121, 102, 77]","[11, 77, 117, 127, 124, 119, 9, 50, 108, 97, 73, 13, 121, 102, 77]"
Linear,10,exact_guidance_u,54,0,17,16,"[129, 11, 77, 117, 127, 124, 119, 9, 3, 50, 108, 97, 73, 13, 121, 102, 77]","[11, 77, 117, 127, 124, 119, 9, 3, 50, 108, 97, 73, 13, 121, 102, 77]"
Linear,10,exact_guidance_u,55,0,17,16,"[129, 11, 77, 117, 127, 124, 119, 9, 3, 50, 108, 97, 73, 13, 121, 102, 77]","[11, 77, 117, 127, 124, 119, 9, 3, 50, 108, 97, 73, 13, 121, 102, 77]"
Linear,10,exact_guidance_u,56,0,17,16,"[129, 11, 77, 117, 127, 124, 119, 9, 3, 50, 108, 97, 73, 13, 121, 102, 77]","[11, 77, 117, 127, 124, 119, 9, 3, 50, 108, 97, 73, 13, 121, 102, 77]"
Linear,10,exact_guidance_u,57,0,17,16,"[129, 11, 77, 117, 127, 124, 119, 9, 3, 50, 108, 97, 73, 13, 121, 102, 77]","[11, 77, 117, 127, 124, 119, 9, 3, 50, 108, 97, 73, 13, 121, 102, 77]"
Linear,10,exact_guidance_u,58,0,17,16,"[129, 11, 77, 117, 127, 124, 119, 9, 3, 50, 108, 97, 73, 13, 121, 102, 77]","[11, 77, 117, 127, 124, 119, 9, 3, 50, 108, 97, 73, 13, 121, 102, 77]"
Linear,10,exact_guidance_u,59,0,17,16,"[129, 11, 77, 117, 127, 124, 119, 9, 3, 50, 108, 97, 73, 13, 121, 102, 77]","[11, 77, 117, 127, 124, 119, 9, 3, 50, 108, 97, 73, 13, 121, 102, 77]"
Linear,10,exact_guidance_u,60,0,17,16,"[129, 11, 77, 117, 127, 124, 119, 9, 3, 50, 108, 97, 73, 13, 121, 102, 77]","[11, 77, 117, 127, 124, 119, 9, 3, 50, 108, 97, 73, 13, 121, 102, 77]"
Linear,10,exact_guidance_u,61,0,17,16,"[129, 11, 77, 117, 127, 124, 119, 9, 3, 50, 108, 97, 73, 13, 121, 102, 77]","[11, 77, 117, 127, 124, 119, 9, 3, 50, 108, 97, 73, 13, 121, 102, 77]"
Linear,10,exact_guidance_u,62,0,18,17,"[129, 11, 77, 117, 127, 124, 119, 9, 3, 27, 50, 108, 97, 73, 13, 121, 102, 77]","[11, 77, 117, 127, 124, 119, 9, 3, 27, 50, 108, 97, 73, 13, 121, 102, 77]"
Linear,10,exact_guidance_u,63,0,18,17,"[129, 11, 77, 117, 127, 124, 119, 9, 3, 27, 50, 108, 97, 73, 13, 121, 102, 77]","[11, 77, 117, 127, 124, 119, 9, 3, 27, 50, 108, 97, 73, 13, 121, 102, 77]"
Linear,10,exact_guidance_u,64,0,18,17,"[129, 11, 77, 117, 127, 124, 119, 9, 3, 27, 50, 108, 97, 73, 13, 121, 102, 77]","[11, 77, 117, 127, 124, 119, 9, 3, 27, 50, 108, 97, 73, 13, 121, 102, 77]"
Linear,10,exact_guidance_u,65,0,18,17,"[129, 11, 77, 117, 127, 124, 119, 9, 3, 27, 50, 108, 97, 73, 13, 121, 102, 77]","[11, 77, 117, 127, 124, 119, 9, 3, 27, 50, 108, 97, 73, 13, 121, 102, 77]"
Linear,10,exact_guidance_u,66,0,20,19,"[129, 11, 77, 117, 127, 124, 119, 9, 3, 27, 50, 90, 108, 97, 73, 13, 97, 121, 102, 77]","[11, 77, 117, 127, 124, 119, 9, 3, 27, 50, 90, 108, 97, 73, 13, 97, 121, 102, 77]"
Linear,10,exact_guidance_u,67,0,20,19,"[129, 11, 77, 117, 127, 124, 119, 9, 3, 27, 50, 90, 108, 97, 73, 13, 97, 121, 102, 77]","[11, 77, 117, 127, 124, 119, 9, 3, 27, 50, 90, 108, 97, 73, 13, 97, 121, 102, 77]"
Linear,10,exact_guidance_u,68,0,21,20,"[129, 11, 58, 77, 117, 127, 124, 119, 9, 3, 27, 50, 90, 108, 97, 73, 13, 97, 121, 102, 77]","[11, 58, 77, 117, 127, 124, 119, 9, 3, 27, 50, 90, 108, 97, 73, 13, 97, 121, 102, 77]"
Linear,10,exact_guidance_u,69,0,22,21,"[129, 11, 58, 77, 117, 127, 124, 119, 9, 3, 27, 50, 90, 108, 97, 73, 13, 97, 121, 119, 102, 77]","[11, 58, 77, 117, 127, 124, 119, 9, 3, 27, 50, 90, 108, 97, 73, 13, 97, 121, 119, 102, 77]"
Linear,10,exact_guidance_u,70,0,22,21,"[129, 11, 58, 77, 117, 127, 124, 119, 9, 3, 27, 50, 90, 108, 97, 73, 13, 97, 121, 119, 102, 77]","[11, 58, 77, 117, 127, 124, 119, 9, 3, 27, 50, 90, 108, 97, 73, 13, 97, 121, 119, 102, 77]"
Linear,10,exact_guidance_u,71,0,22,21,"[129, 11, 58, 77, 117, 127, 124, 119, 9, 3, 27, 50, 90, 108, 97, 73, 13, 97, 121, 119, 102, 77]","[11, 58, 77, 117, 127, 124, 119, 9, 3, 27, 50, 90, 108, 97, 73, 13, 97, 121, 119, 102, 77]"
Linear,10,exact_guidance_u,72,0,22,21,"[129, 11, 58, 77, 117, 127, 124, 119, 9, 3, 27, 50, 90, 108, 97, 73, 13, 97, 121, 119, 102, 77]","[11, 58, 77, 117, 127, 124, 119, 9, 3, 27, 50, 90, 108, 97, 73, 13, 97, 121, 119, 102, 77]"
Linear,10,exact_guidance_u,73,0,23,22,"[129, 11, 58, 77, 117, 127, 124, 119, 11, 9, 3, 27, 50, 90, 108, 97, 73, 13, 97, 121, 119, 102, 77]","[11, 58, 77, 117, 127, 124, 119, 11, 9, 3, 27, 50, 90, 108, 97, 73, 13, 97, 121, 119, 102, 77]"
Linear,10,exact_guidance_u,74,0,23,22,"[129, 11, 58, 77, 117, 127, 124, 119, 11, 9, 3, 27, 50, 90, 108, 97, 73, 13, 97, 121, 119, 102, 77]","[11, 58, 77, 117, 127, 124, 119, 11, 9, 3, 27, 50, 90, 108, 97, 73, 13, 97, 121, 119, 102, 77]"
Linear,10,exact_guidance_u,75,0,24,23,"[129, 11, 58, 77, 117, 127, 124, 119, 11, 9, 3, 27, 50, 90, 108, 97, 73, 39, 13, 97, 121, 119, 102, 77]","[11, 58, 77, 117, 127, 124, 119, 11, 9, 3, 27, 50, 90, 108, 97, 73, 39, 13, 97, 121, 119, 102, 77]"
Linear,10,exact_guidance_u,76,0,24,23,"[129, 11, 58, 77, 117, 127, 124, 119, 11, 9, 3, 27, 50, 90, 108, 97, 73, 39, 13, 97, 121, 119, 102, 77]","[11, 58, 77, 117, 127, 124, 119, 11, 9, 3, 27, 50, 90, 108, 97, 73, 39, 13, 97, 121, 119, 102, 77]"
Linear,10,exact_guidance_u,77,0,24,23,"[129, 11, 58, 77, 117, 127, 124, 119, 11, 9, 3, 27, 50, 90, 108, 97, 73, 39, 13, 97, 121, 119, 102, 77]","[11, 58, 77, 117, 127, 124, 119, 11, 9, 3, 27, 50, 90, 108, 97, 73, 39, 13, 97, 121, 119, 102, 77]"
Linear,10,exact_guidance_u,78,0,25,24,"[129, 11, 58, 77, 116, 117, 127, 124, 119, 11, 9, 3, 27, 50, 90, 108, 97, 73, 39, 13, 97, 121, 119, 102, 77]","[11, 58, 77, 116, 117, 127, 124, 119, 11, 9, 3, 27, 50, 90, 108, 97, 73, 39, 13, 97, 121, 119, 102, 77]"
Linear,10,exact_guidance_u,79,0,25,24,"[129, 11, 58, 77, 116, 117, 127, 124, 119, 11, 9, 3, 27, 50, 90, 108, 97, 73, 39, 13, 97, 121, 119, 102, 77]","[11, 58, 77, 116, 117, 127, 124, 119, 11, 9, 3, 27, 50, 90, 108, 97, 73, 39, 13, 97, 121, 119, 102, 77]"
Linear,10,exact_guidance_u,80,0,25,24,"[129, 11, 58, 77, 116, 117, 127, 124, 119, 11, 9, 3, 27, 50, 90, 108, 97, 73, 39, 13, 97, 121, 119, 102, 77]","[11, 58, 77, 116, 117, 127, 124, 119, 11, 9, 3, 27, 50, 90, 108, 97, 73, 39, 13, 97, 121, 119, 102, 77]"
Linear,10,exact_guidance_u,81,0,25,24,"[129, 11, 58, 77, 116, 117, 127, 124, 119, 11, 9, 3, 27, 50, 90, 108, 97, 73, 39, 13, 97, 121, 119, 102, 77]","[11, 58, 77, 116, 117, 127, 124, 119, 11, 9, 3, 27, 50, 90, 108, 97, 73, 39, 13, 97, 121, 119, 102, 77]"
Linear,10,exact_guidance_u,82,0,25,24,"[129, 11, 58, 77, 116, 117, 127, 124, 119, 11, 9, 3, 27, 50, 90, 108, 97, 73, 39, 13, 97, 121, 119, 102, 77]","[11, 58, 77, 116, 117, 127, 124, 119, 11, 9, 3, 27, 50, 90, 108, 97, 73, 39, 13, 97, 121, 119, 102, 77]"
Linear,10,exact_guidance_u,83,0,25,24,"[129, 11, 58, 77, 116, 117, 127, 124, 119, 11, 9, 3, 27, 50, 90, 108, 97, 73, 39, 13, 97, 121, 119, 102, 77]","[11, 58, 77, 116, 117, 127, 124, 119, 11, 9, 3, 27, 50, 90, 108, 97, 73, 39, 13, 97, 121, 119, 102, 77]"
Linear,10,exact_guidance_u,84,0,26,25,"[129, 11, 58, 77, 116, 117, 127, 124, 119, 103, 11, 9, 3, 27, 50, 90, 108, 97, 73, 39, 13, 97, 121, 119, 102, 77]","[11, 58, 77, 116, 117, 127, 124, 119, 103, 11, 9, 3, 27, 50, 90, 108, 97, 73, 39, 13, 97, 121, 119, 102, 77]"
Linear,10,exact_guidance_u,85,0,26,25,"[129, 11, 58, 77, 116, 117, 127, 124, 119, 103, 11, 9, 3, 27, 50, 90, 108, 97, 73, 39, 13, 97, 121, 119, 102, 77]","[11, 58, 77, 116, 117, 127, 124, 119, 103, 11, 9, 3, 27, 50, 90, 108, 97, 73, 39, 13, 97, 121, 119, 102, 77]"
Linear,10,exact_guidance_u,86,0,26,25,"[129, 11, 58, 77, 116, 117, 127, 124, 119, 103, 11, 9, 3, 27, 50, 90, 108, 97, 73, 39, 13, 97, 121, 119, 102, 77]","[11, 58, 77, 116, 117, 127, 124, 119, 103, 11, 9, 3, 27, 50, 90, 108, 97, 73, 39, 13, 97, 121, 119, 102, 77]"
Linear,10,exact_guidance_u,87,0,27,26,"[129, 11, 58, 77, 116, 117, 127, 124, 119, 103, 11, 9, 3, 27, 50, 66, 90, 108, 97, 73, 39, 13, 97, 121, 119, 102, 77]","[11, 58, 77, 116, 117, 127, 124, 119, 103, 11, 9, 3, 27, 50, 66, 90, 108, 97, 73, 39, 13, 97, 121, 119, 102, 77]"
Linear,10,exact_guidance_u,88,0,27,26,"[129, 11, 58, 77, 116, 117, 127, 124, 119, 103, 11, 9, 3, 27, 50, 66, 90, 108, 97, 73, 39, 13, 97, 121, 119, 102, 77]","[11, 58, 77, 116, 117, 127, 124, 119, 103, 11, 9, 3, 27, 50, 66, 90, 108, 97, 73, 39, 13, 97, 121, 119, 102, 77]"
Linear,10,exact_guidance_u,89,0,27,26,"[129, 11, 58, 77, 116, 117, 127, 124, 119, 103, 11, 9, 3, 27, 50, 66, 90, 108, 97, 73, 39, 13, 97, 121, 119, 102, 77]","[11, 58, 77, 116, 117, 127, 124, 119, 103, 11, 9, 3, 27, 50, 66, 90, 108, 97, 73, 39, 13, 97, 121, 119, 102, 77]"
Linear,10,exact_guidance_u,90,0,28,27,"[129, 11, 58, 77, 116, 117, 127, 124, 119, 103, 11, 9, 3, 27, 50, 66, 90, 108, 97, 73, 57, 39, 13, 97, 121, 119, 102, 77]","[11, 58, 77, 116, 117, 127, 124, 119, 103, 11, 9, 3, 27, 50, 66, 90, 108, 97, 73, 57, 39, 13, 97, 121, 119, 102, 77]"
Linear,10,exact_guidance_u,91,0,28,27,"[129, 11, 58, 77, 116, 117, 127, 124, 119, 103, 11, 9, 3, 27, 50, 66, 90, 108, 97, 73, 57, 39, 13, 97, 121, 119, 102, 77]","[11, 58, 77, 116, 117, 127, 124, 119, 103, 11, 9, 3, 27, 50, 66, 90, 108, 97, 73, 57, 39, 13, 97, 121, 119, 102, 77]"
Linear,10,exact_guidance_u,92,0,28,27,"[129, 11, 58, 77, 116, 117, 127, 124, 119, 103, 11, 9, 3, 27, 50, 66, 90, 108, 97, 73, 57, 39, 13, 97, 121, 119, 102, 77]","[11, 58, 77, 116, 117, 127, 124, 119, 103, 11, 9, 3, 27, 50, 66, 90, 108, 97, 73, 57, 39, 13, 97, 121, 119, 102, 77]"
Linear,10,exact_guidance_u,93,0,28,27,"[129, 11, 58, 77, 116, 117, 127, 124, 119, 103, 11, 9, 3, 27, 50, 66, 90, 108, 97, 73, 57, 39, 13, 97, 121, 119, 102, 77]","[11, 58, 77, 116, 117, 127, 124, 119, 103, 11, 9, 3, 27, 50, 66, 90, 108, 97, 73, 57, 39, 13, 97, 121, 119, 102, 77]"
Linear,10,exact_guidance_u,94,0,28,27,"[129, 11, 58, 77, 116, 117, 127, 124, 119, 103, 11, 9, 3, 27, 50, 66, 90, 108, 97, 73, 57, 39, 13, 97, 121, 119, 102, 77]","[11, 58, 77, 116, 117, 127, 124, 119, 103, 11, 9, 3, 27, 50, 66, 90, 108, 97, 73, 57, 39, 13, 97, 121, 119, 102, 77]"
Linear,10,exact_guidance_u,95,0,28,27,"[129, 11, 58, 77, 116, 117, 127, 124, 119, 103, 11, 9, 3, 27, 50, 66, 90, 108, 97, 73, 57, 39, 13, 97, 121, 119, 102, 77]","[11, 58, 77, 116, 117, 127, 124, 119, 103, 11, 9, 3, 27, 50, 66, 90, 108, 97, 73, 57, 39, 13, 97, 121, 119, 102, 77]"
Linear,10,exact_guidance_u,96,0,28,27,"[129, 11, 58, 77, 116, 117, 127, 124, 119, 103, 11, 9, 3, 27, 50, 66, 90, 108, 97, 73, 57, 39, 13, 97, 121, 119, 102, 77]","[11, 58, 77, 116, 117, 127, 124, 119, 103, 11, 9, 3, 27, 50, 66, 90, 108, 97, 73, 57, 39, 13, 97, 121, 119, 102, 77]"
Linear,10,exact_guidance_u,97,0,28,27,"[129, 11, 58, 77, 116, 117, 127, 124, 119, 103, 11, 9, 3, 27, 50, 66, 90, 108, 97, 73, 57, 39, 13, 97, 121, 119, 102, 77]","[11, 58, 77, 116, 117, 127, 124, 119, 103, 11, 9, 3, 27, 50, 66, 90, 108, 97, 73, 57, 39, 13, 97, 121, 119, 102, 77]"
Linear,10,exact_guidance_u,98,0,28,27,"[129, 11, 58, 77, 116, 117, 127, 124, 119, 103, 11, 9, 3, 27, 50, 66, 90, 108, 97, 73, 57, 39, 13, 97, 121, 119, 102, 77]","[11, 58, 77, 116, 117, 127, 124, 119, 103, 11, 9, 3, 27, 50, 66, 90, 108, 97, 73, 57, 39, 13, 97, 121, 119, 102, 77]"
Linear,10,exact_guidance_u,99,0,28,27,"[129, 11, 58, 77, 116, 117, 127, 124, 119, 103, 11, 9, 3, 27, 50, 66, 90, 108, 97, 73, 57, 39, 13, 97, 121, 119, 102, 77]","[11, 58, 77, 116, 117, 127, 124, 119, 103, 11, 9, 3, 27, 50, 66, 90, 108, 97, 73, 57, 39, 13, 97, 121, 119, 102, 77]"
Linear,10,exact_guidance_u,100,0,29,28,"[129, 11, 58, 77, 116, 117, 127, 124, 119, 103, 11, 9, 3, 27, 50, 66, 90, 108, 97, 73, 57, 39, 10, 13, 97, 121, 119, 102, 77]","[11, 58, 77, 116, 117, 127, 124, 119, 103, 11, 9, 3, 27, 50, 66, 90, 108, 97, 73, 57, 39, 10, 13, 97, 121, 119, 102, 77]"
Linear,10,exact_guidance_u,101,0,29,28,"[129, 11, 58, 77, 116, 117, 127, 124, 119, 103, 11, 9, 3, 27, 50, 66, 90, 108, 97, 73, 57, 39, 10, 13, 97, 121, 119, 102, 77]","[11, 58, 77, 116, 117, 127, 124, 119, 103, 11, 9, 3, 27, 50, 66, 90, 108, 97, 73, 57, 39, 10, 13, 97, 121, 119, 102, 77]"
Linear,10,exact_guidance_u,102,0,30,29,"[129, 11, 58, 77, 116, 117, 127, 124, 119, 103, 11, 9, 3, 27, 50, 66, 90, 108, 97, 73, 57, 39, 0, 10, 13, 97, 121, 119, 102, 77]","[11, 58, 77, 116, 117, 127, 124, 119, 103, 11, 9, 3, 27, 50, 66, 90, 108, 97, 73, 57, 39, 0, 10, 13, 97, 121, 119, 102, 77]"
Linear,10,exact_guidance_u,103,0,30,29,"[129, 11, 58, 77, 116, 117, 127, 124, 119, 103, 11, 9, 3, 27, 50, 66, 90, 108, 97, 73, 57, 39, 0, 10, 13, 97, 121, 119, 102, 77]","[11, 58, 77, 116, 117, 127, 124, 119, 103, 11, 9, 3, 27, 50, 66, 90, 108, 97, 73, 57, 39, 0, 10, 13, 97, 121, 119, 102, 77]"
Linear,10,exact_guidance_u,104,0,30,29,"[129, 11, 58, 77, 116, 117, 127, 124, 119, 103, 11, 9, 3, 27, 50, 66, 90, 108, 97, 73, 57, 39, 0, 10, 13, 97, 121, 119, 102, 77]","[11, 58, 77, 116, 117, 127, 124, 119, 103, 11, 9, 3, 27, 50, 66, 90, 108, 97, 73, 57, 39, 0, 10, 13, 97, 121, 119, 102, 77]"
Linear,10,exact_guidance_u,105,0,30,29,"[129, 11, 58, 77, 116, 117, 127, 124, 119, 103, 11, 9, 3, 27, 50, 66, 90, 108, 97, 73, 57, 39, 0, 10, 13, 97, 121, 119, 102, 77]","[11, 58, 77, 116, 117, 127, 124, 119, 103, 11, 9, 3, 27, 50, 66, 90, 108, 97, 73, 57, 39, 0, 10, 13, 97, 121, 119, 102, 77]"
Linear,10,exact_guidance_u,106,0,31,30,"[129, 11, 58, 77, 116, 117, 127, 124, 119, 103, 11, 9, 0, 3, 27, 50, 66, 90, 108, 97, 73, 57, 39, 0, 10, 13, 97, 121, 119, 102, 77]","[11, 58, 77, 116, 117, 127, 124, 119, 103, 11, 9, 0, 3, 27, 50, 66, 90, 108, 97, 73, 57, 39, 0, 10, 13, 97, 121, 119, 102, 77]"
Linear,10,exact_guidance_u,107,0,31,30,"[129, 11, 58, 77, 116, 117, 127, 124, 119, 103, 11, 9, 0, 3, 27, 50, 66, 90, 108, 97, 73, 57, 39, 0, 10, 13, 97, 121, 119, 102, 77]","[11, 58, 77, 116, 117, 127, 124, 119, 103, 11, 9, 0, 3, 27, 50, 66, 90, 108, 97, 73, 57, 39, 0, 10, 13, 97, 121, 119, 102, 77]"
Linear,10,exact_guidance_u,108,0,31,30,"[129, 11, 58, 77, 116, 117, 127, 124, 119, 103, 11, 9, 0, 3, 27, 50, 66, 90, 108, 97, 73, 57, 39, 0, 10, 13, 97, 121, 119, 102, 77]","[11, 58, 77, 116, 117, 127, 124, 119, 103, 11, 9, 0, 3, 27, 50, 66, 90, 108, 97, 73, 57, 39, 0, 10, 13, 97, 121, 119, 102, 77]"
Linear,10,exact_guidance_u,109,0,31,30,"[129, 11, 58, 77, 116, 117, 127, 124, 119, 103, 11, 9, 0, 3, 27, 50, 66, 90, 108, 97, 73, 57, 39, 0, 10, 13, 97, 121, 119, 102, 77]","[11, 58, 77, 116, 117, 127, 124, 119, 103, 11, 9, 0, 3, 27, 50, 66, 90, 108, 97, 73, 57, 39, 0, 10, 13, 97, 121, 119, 102, 77]"
Linear,10,exact_guidance_u,110,0,31,30,"[129, 11, 58, 77, 116, 117, 127, 124, 119, 103, 11, 9, 0, 3, 27, 50, 66, 90, 108, 97, 73, 57, 39, 0, 10, 13, 97, 121, 119, 102, 77]","[11, 58, 77, 116, 117, 127, 124, 119, 103, 11, 9, 0, 3, 27, 50, 66, 90, 108, 97, 73, 57, 39, 0, 10, 13, 97, 121, 119, 102, 77]"
Linear,10,exact_guidance_u,111,0,32,31,"[129, 11, 58, 77, 116, 117, 127, 124, 119, 103, 11, 9, 0, 3, 27, 50, 66, 90, 108, 97, 73, 57, 39, 0, 10, 11, 13, 97, 121, 119, 102, 77]","[11, 58, 77, 116, 117, 127, 124, 119, 103, 11, 9, 0, 3, 27, 50, 66, 90, 108, 97, 73, 57, 39, 0, 10, 11, 13, 97, 121, 119, 102, 77]"
Linear,10,exact_guidance_u,112,0,33,32,"[129, 11, 58, 77, 116, 117, 127, 124, 119, 103, 15, 11, 9, 0, 3, 27, 50, 66, 90, 108, 97, 73, 57, 39, 0, 10, 11, 13, 97, 121, 119, 102, 77]","[11, 58, 77, 116, 117, 127, 124, 119, 103, 15, 11, 9, 0, 3, 27, 50, 66, 90, 108, 97, 73, 57, 39, 0, 10, 11, 13, 97, 121, 119, 102, 77]"
Linear,10,exact_guidance_u,113,0,34,33,"[129, 11, 58, 77, 116, 117, 127, 124, 119, 103, 15, 11, 9, 0, 3, 27, 50, 66, 90, 108, 97, 73, 57, 39, 18, 0, 10, 11, 13, 97, 121, 119, 102, 77]","[11, 58, 77, 116, 117, 127, 124, 119, 103, 15, 11, 9, 0, 3, 27, 50, 66, 90, 108, 97, 73, 57, 39, 18, 0, 10, 11, 13, 97, 121, 119, 102, 77]"
Linear,10,exact_guidance_u,114,0,34,33,"[129, 11, 58, 77, 116, 117, 127, 124, 119, 103, 15, 11, 9, 0, 3, 27, 50, 66, 90, 108, 97, 73, 57, 39, 18, 0, 10, 11, 13, 97, 121, 119, 102, 77]","[11, 58, 77, 116, 117, 127, 124, 119, 103, 15, 11, 9, 0, 3, 27, 50, 66, 90, 108, 97, 73, 57, 39, 18, 0, 10, 11, 13, 97, 121, 119, 102, 77]"
Linear,10,exact_guidance_u,115,0,35,34,"[129, 11, 58, 77, 116, 117, 127, 124, 119, 103, 31, 15, 11, 9, 0, 3, 27, 50, 66, 90, 108, 97, 73, 57, 39, 18, 0, 10, 11, 13, 97, 121, 119, 102, 77]","[11, 58, 77, 116, 117, 127, 124, 119, 103, 31, 15, 11, 9, 0, 3, 27, 50, 66, 90, 108, 97, 73, 57, 39, 18, 0, 10, 11, 13, 97, 121, 119, 102, 77]"
Linear,10,exact_guidance_u,116,0,36,35,"[129, 11, 58, 77, 116, 117, 127, 124, 119, 103, 31, 15, 11, 9, 0, 3, 27, 50, 66, 90, 108, 108, 97, 73, 57, 39, 18, 0, 10, 11, 13, 97, 121, 119, 102, 77]","[11, 58, 77, 116, 117, 127, 124, 119, 103, 31, 15, 11, 9, 0, 3, 27, 50, 66, 90, 108, 108, 97, 73, 57, 39, 18, 0, 10, 11, 13, 97, 121, 119, 102, 77]"
Linear,10,exact_guidance_u,117,0,36,35,"[129, 11, 58, 77, 116, 117, 127, 124, 119, 103, 31, 15, 11, 9, 0, 3, 27, 50, 66, 90, 108, 108, 97, 73, 57, 39, 18, 0, 10, 11, 13, 97, 121, 119, 102, 77]","[11, 58, 77, 116, 117, 127, 124, 119, 103, 31, 15, 11, 9, 0, 3, 27, 50, 66, 90, 108, 108, 97, 73, 57, 39, 18, 0, 10, 11, 13, 97, 121, 119, 102, 77]"
Linear,10,exact_guidance_u,118,0,36,35,"[129, 11, 58, 77, 116, 117, 127, 124, 119, 103, 31, 15, 11, 9, 0, 3, 27, 50, 66, 90, 108, 108, 97, 73, 57, 39, 18, 0, 10, 11, 13, 97, 121, 119, 102, 77]","[11, 58, 77, 116, 117, 127, 124, 119, 103, 31, 15, 11, 9, 0, 3, 27, 50, 66, 90, 108, 108, 97, 73, 57, 39, 18, 0, 10, 11, 13, 97, 121, 119, 102, 77]"
Linear,10,exact_guidance_u,119,0,38,37,"[129, 11, 58, 77, 116, 117, 127, 124, 119, 103, 31, 15, 11, 9, 0, 3, 27, 50, 66, 90, 108, 108, 97, 73, 57, 39, 18, 0, 10, 11, 13, 28, 97, 121, 119, 102, 77, 67]","[11, 58, 77, 116, 117, 127, 124, 119, 103, 31, 15, 11, 9, 0, 3, 27, 50, 66, 90, 108, 108, 97, 73, 57, 39, 18, 0, 10, 11, 13, 28, 97, 121, 119, 102, 77, 67]"
Linear,10,exact_guidance_u,120,0,39,38,"[129, 11, 58, 77, 116, 117, 127, 124, 119, 103, 31, 15, 11, 9, 0, 3, 27, 50, 66, 90, 108, 108, 97, 73, 57, 39, 18, 0, 10, 11, 13, 28, 97, 114, 121, 119, 102, 77, 67]","[11, 58, 77, 116, 117, 127, 124, 119, 103, 31, 15, 11, 9, 0, 3, 27, 50, 66, 90, 108, 108, 97, 73, 57, 39, 18, 0, 10, 11, 13, 28, 97, 114, 121, 119, 102, 77, 67]"
Linear,10,exact_guidance_u,121,0,39,38,"[129, 11, 58, 77, 116, 117, 127, 124, 119, 103, 31, 15, 11, 9, 0, 3, 27, 50, 66, 90, 108, 108, 97, 73, 57, 39, 18, 0, 10, 11, 13, 28, 97, 114, 121, 119, 102, 77, 67]","[11, 58, 77, 116, 117, 127, 124, 119, 103, 31, 15, 11, 9, 0, 3, 27, 50, 66, 90, 108, 108, 97, 73, 57, 39, 18, 0, 10, 11, 13, 28, 97, 114, 121, 119, 102, 77, 67]"
Linear,10,exact_guidance_u,122,0,39,38,"[129, 11, 58, 77, 116, 117, 127, 124, 119, 103, 31, 15, 11, 9, 0, 3, 27, 50, 66, 90, 108, 108, 97, 73, 57, 39, 18, 0, 10, 11, 13, 28, 97, 114, 121, 119, 102, 77, 67]","[11, 58, 77, 116, 117, 127, 124, 119, 103, 31, 15, 11, 9, 0, 3, 27, 50, 66, 90, 108, 108, 97, 73, 57, 39, 18, 0, 10, 11, 13, 28, 97, 114, 121, 119, 102, 77, 67]"
Linear,10,exact_guidance_u,123,0,39,38,"[129, 11, 58, 77, 116, 117, 127, 124, 119, 103, 31, 15, 11, 9, 0, 3, 27, 50, 66, 90, 108, 108, 97, 73, 57, 39, 18, 0, 10, 11, 13, 28, 97, 114, 121, 119, 102, 77, 67]","[11, 58, 77, 116, 117, 127, 124, 119, 103, 31, 15, 11, 9, 0, 3, 27, 50, 66, 90, 108, 108, 97, 73, 57, 39, 18, 0, 10, 11, 13, 28, 97, 114, 121, 119, 102, 77, 67]"
Linear,10,exact_guidance_u,124,0,40,39,"[129, 11, 58, 77, 116, 117, 127, 124, 119, 103, 31, 15, 11, 9, 0, 3, 27, 50, 66, 90, 108, 108, 97, 73, 57, 39, 18, 0, 10, 11, 13, 28, 97, 114, 127, 121, 119, 102, 77, 67]","[11, 58, 77, 116, 117, 127, 124, 119, 103, 31, 15, 11, 9, 0, 3, 27, 50, 66, 90, 108, 108, 97, 73, 57, 39, 18, 0, 10, 11, 13, 28, 97, 114, 127, 121, 119, 102, 77, 67]"
Linear,10,exact_guidance_u,125,0,41,40,"[129, 11, 58, 77, 116, 117, 127, 124, 119, 103, 31, 15, 11, 9, 0, 3, 27, 50, 66, 90, 108, 108, 97, 73, 57, 39, 18, 0, 10, 11, 13, 28, 97, 117, 114, 127, 121, 119, 102, 77, 67]","[11, 58, 77, 116, 117, 127, 124, 119, 103, 31, 15, 11, 9, 0, 3, 27, 50, 66, 90, 108, 108, 97, 73, 57, 39, 18, 0, 10, 11, 13, 28, 97, 117, 114, 127, 121, 119, 102, 77, 67]"
Linear,10,exact_guidance_u,126,0,41,40,"[129, 11, 58, 77, 116, 117, 127, 124, 119, 103, 31, 15, 11, 9, 0, 3, 27, 50, 66, 90, 108, 108, 97, 73, 57, 39, 18, 0, 10, 11, 13, 28, 97, 117, 114, 127, 121, 119, 102, 77, 67]","[11, 58, 77, 116, 117, 127, 124, 119, 103, 31, 15, 11, 9, 0, 3, 27, 50, 66, 90, 108, 108, 97, 73, 57, 39, 18, 0, 10, 11, 13, 28, 97, 117, 114, 127, 121, 119, 102, 77, 67]"
Linear,10,exact_guidance_u,127,0,41,40,"[129, 11, 58, 77, 116, 117, 127, 124, 119, 103, 31, 15, 11, 9, 0, 3, 27, 50, 66, 90, 108, 108, 97, 73, 57, 39, 18, 0, 10, 11, 13, 28, 97, 117, 114, 127, 121, 119, 102, 77, 67]","[11, 58, 77, 116, 117, 127, 124, 119, 103, 31, 15, 11, 9, 0, 3, 27, 50, 66, 90, 108, 108, 97, 73, 57, 39, 18, 0, 10, 11, 13, 28, 97, 117, 114, 127, 121, 119, 102, 77, 67]"
Linear,10,exact_guidance_u,128,0,41,40,"[129, 11, 58, 77, 116, 117, 127, 124, 119, 103, 31, 15, 11, 9, 0, 3, 27, 50, 66, 90, 108, 108, 97, 73, 57, 39, 18, 0, 10, 11, 13, 28, 97, 117, 114, 127, 121, 119, 102, 77, 67]","[11, 58, 77, 116, 117, 127, 124, 119, 103, 31, 15, 11, 9, 0, 3, 27, 50, 66, 90, 108, 108, 97, 73, 57, 39, 18, 0, 10, 11, 13, 28, 97, 117, 114, 127, 121, 119, 102, 77, 67]"
Linear,10,exact_guidance_u,129,0,41,40,"[129, 11, 58, 77, 116, 117, 127, 124, 119, 103, 31, 15, 11, 9, 0, 3, 27, 50, 66, 90, 108, 108, 97, 73, 57, 39, 18, 0, 10, 11, 13, 28, 97, 117, 114, 127, 121, 119, 102, 77, 67]","[11, 58, 77, 116, 117, 127, 124, 119, 103, 31, 15, 11, 9, 0, 3, 27, 50, 66, 90, 108, 108, 97, 73, 57, 39, 18, 0, 10, 11, 13, 28, 97, 117, 114, 127, 121, 119, 102, 77, 67]"
Linear,10,exact_guidance_u,130,0,41,40,"[129, 11, 58, 77, 116, 117, 127, 124, 119, 103, 31, 15, 11, 9, 0, 3, 27, 50, 66, 90, 108, 108, 97, 73, 57, 39, 18, 0, 10, 11, 13, 28, 97, 117, 114, 127, 121, 119, 102, 77, 67]","[11, 58, 77, 116, 117, 127, 124, 119, 103, 31, 15, 11, 9, 0, 3, 27, 50, 66, 90, 108, 108, 97, 73, 57, 39, 18, 0, 10, 11, 13, 28, 97, 117, 114, 127, 121, 119, 102, 77, 67]"
Linear,10,exact_guidance_u,131,0,41,40,"[129, 11, 58, 77, 116, 117, 127, 124, 119, 103, 31, 15, 11, 9, 0, 3, 27, 50, 66, 90, 108, 108, 97, 73, 57, 39, 18, 0, 10, 11, 13, 28, 97, 117, 114, 127, 121, 119, 102, 77, 67]","[11, 58, 77, 116, 117, 127, 124, 119, 103, 31, 15, 11, 9, 0, 3, 27, 50, 66, 90, 108, 108, 97, 73, 57, 39, 18, 0, 10, 11, 13, 28, 97, 117, 114, 127, 121, 119, 102, 77, 67]"
Linear,10,exact_guidance_u,132,0,41,40,"[129, 11, 58, 77, 116, 117, 127, 124, 119, 103, 31, 15, 11, 9, 0, 3, 27, 50, 66, 90, 108, 108, 97, 73, 57, 39, 18, 0, 10, 11, 13, 28, 97, 117, 114, 127, 121, 119, 102, 77, 67]","[11, 58, 77, 116, 117, 127, 124, 119, 103, 31, 15, 11, 9, 0, 3, 27, 50, 66, 90, 108, 108, 97, 73, 57, 39, 18, 0, 10, 11, 13, 28, 97, 117, 114, 127, 121, 119, 102, 77, 67]"
Linear,10,exact_guidance_u,133,0,41,40,"[129, 11, 58, 77, 116, 117, 127, 124, 119, 103, 31, 15, 11, 9, 0, 3, 27, 50, 66, 90, 108, 108, 97, 73, 57, 39, 18, 0, 10, 11, 13, 28, 97, 117, 114, 127, 121, 119, 102, 77, 67]","[11, 58, 77, 116, 117, 127, 124, 119, 103, 31, 15, 11, 9, 0, 3, 27, 50, 66, 90, 108, 108, 97, 73, 57, 39, 18, 0, 10, 11, 13, 28, 97, 117, 114, 127, 121, 119, 102, 77, 67]"
Linear,10,exact_guidance_u,134,0,41,40,"[129, 11, 58, 77, 116, 117, 127, 124, 119, 103, 31, 15, 11, 9, 0, 3, 27, 50, 66, 90, 108, 108, 97, 73, 57, 39, 18, 0, 10, 11, 13, 28, 97, 117, 114, 127, 121, 119, 102, 77, 67]","[11, 58, 77, 116, 117, 127, 124, 119, 103, 31, 15, 11, 9, 0, 3, 27, 50, 66, 90, 108, 108, 97, 73, 57, 39, 18, 0, 10, 11, 13, 28, 97, 117, 114, 127, 121, 119, 102, 77, 67]"
Linear,10,exact_guidance_u,135,0,41,40,"[129, 11, 58, 77, 116, 117, 127, 124, 119, 103, 31, 15, 11, 9, 0, 3, 27, 50, 66, 90, 108, 108, 97, 73, 57, 39, 18, 0, 10, 11, 13, 28, 97, 117, 114, 127, 121, 119, 102, 77, 67]","[11, 58, 77, 116, 117, 127, 124, 119, 103, 31, 15, 11, 9, 0, 3, 27, 50, 66, 90, 108, 108, 97, 73, 57, 39, 18, 0, 10, 11, 13, 28, 97, 117, 114, 127, 121, 119, 102, 77, 67]"
Linear,10,exact_guidance_u,136,0,41,40,"[129, 11, 58, 77, 116, 117, 127, 124, 119, 103, 31, 15, 11, 9, 0, 3, 27, 50, 66, 90, 108, 108, 97, 73, 57, 39, 18, 0, 10, 11, 13, 28, 97, 117, 114, 127, 121, 119, 102, 77, 67]","[11, 58, 77, 116, 117, 127, 124, 119, 103, 31, 15, 11, 9, 0, 3, 27, 50, 66, 90, 108, 108, 97, 73, 57, 39, 18, 0, 10, 11, 13, 28, 97, 117, 114, 127, 121, 119, 102, 77, 67]"
Linear,10,exact_guidance_u,137,0,43,42,"[129, 11, 58, 77, 116, 117, 127, 124, 119, 103, 31, 15, 11, 9, 0, 10, 3, 27, 50, 66, 90, 108, 108, 97, 73, 57, 39, 18, 0, 10, 0, 11, 13, 28, 97, 117, 114, 127, 121, 119, 102, 77, 67]","[11, 58, 77, 116, 117, 127, 124, 119, 103, 31, 15, 11, 9, 0, 10, 3, 27, 50, 66, 90, 108, 108, 97, 73, 57, 39, 18, 0, 10, 0, 11, 13, 28, 97, 117, 114, 127, 121, 119, 102, 77, 67]"
Linear,10,exact_guidance_u,138,0,44,43,"[129, 11, 58, 77, 84, 116, 117, 127, 124, 119, 103, 31, 15, 11, 9, 0, 10, 3, 27, 50, 66, 90, 108, 108, 97, 73, 57, 39, 18, 0, 10, 0, 11, 13, 28, 97, 117, 114, 127, 121, 119, 102, 77, 67]","[11, 58, 77, 84, 116, 117, 127, 124, 119, 103, 31, 15, 11, 9, 0, 10, 3, 27, 50, 66, 90, 108, 108, 97, 73, 57, 39, 18, 0, 10, 0, 11, 13, 28, 97, 117, 114, 127, 121, 119, 102, 77, 67]"
Linear,10,exact_guidance_u,139,0,44,43,"[129, 11, 58, 77, 84, 116, 117, 127, 124, 119, 103, 31, 15, 11, 9, 0, 10, 3, 27, 50, 66, 90, 108, 108, 97, 73, 57, 39, 18, 0, 10, 0, 11, 13, 28, 97, 117, 114, 127, 121, 119, 102, 77, 67]","[11, 58, 77, 84, 116, 117, 127, 124, 119, 103, 31, 15, 11, 9, 0, 10, 3, 27, 50, 66, 90, 108, 108, 97, 73, 57, 39, 18, 0, 10, 0, 11, 13, 28, 97, 117, 114, 127, 121, 119, 102, 77, 67]"
Linear,10,exact_guidance_u,140,0,44,43,"[129, 11, 58, 77, 84, 116, 117, 127, 124, 119, 103, 31, 15, 11, 9, 0, 10, 3, 27, 50, 66, 90, 108, 108, 97, 73, 57, 39, 18, 0, 10, 0, 11, 13, 28, 97, 117, 114, 127, 121, 119, 102, 77, 67]","[11, 58, 77, 84, 116, 117, 127, 124, 119, 103, 31, 15, 11, 9, 0, 10, 3, 27, 50, 66, 90, 108, 108, 97, 73, 57, 39, 18, 0, 10, 0, 11, 13, 28, 97, 117, 114, 127, 121, 119, 102, 77, 67]"
Linear,10,exact_guidance_u,141,0,44,43,"[129, 11, 58, 77, 84, 116, 117, 127, 124, 119, 103, 31, 15, 11, 9, 0, 10, 3, 27, 50, 66, 90, 108, 108, 97, 73, 57, 39, 18, 0, 10, 0, 11, 13, 28, 97, 117, 114, 127, 121, 119, 102, 77, 67]","[11, 58, 77, 84, 116, 117, 127, 124, 119, 103, 31, 15, 11, 9, 0, 10, 3, 27, 50, 66, 90, 108, 108, 97, 73, 57, 39, 18, 0, 10, 0, 11, 13, 28, 97, 117, 114, 127, 121, 119, 102, 77, 67]"
Linear,10,exact_guidance_u,142,0,44,43,"[129, 11, 58, 77, 84, 116, 117, 127, 124, 119, 103, 31, 15, 11, 9, 0, 10, 3, 27, 50, 66, 90, 108, 108, 97, 73, 57, 39, 18, 0, 10, 0, 11, 13, 28, 97, 117, 114, 127, 121, 119, 102, 77, 67]","[11, 58, 77, 84, 116, 117, 127, 124, 119, 103, 31, 15, 11, 9, 0, 10, 3, 27, 50, 66, 90, 108, 108, 97, 73, 57, 39, 18, 0, 10, 0, 11, 13, 28, 97, 117, 114, 127, 121, 119, 102, 77, 67]"
Linear,10,exact_guidance_u,143,0,44,43,"[129, 11, 58, 77, 84, 116, 117, 127, 124, 119, 103, 31, 15, 11, 9, 0, 10, 3, 27, 50, 66, 90, 108, 108, 97, 73, 57, 39, 18, 0, 10, 0, 11, 13, 28, 97, 117, 114, 127, 121, 119, 102, 77, 67]","[11, 58, 77, 84, 116, 117, 127, 124, 119, 103, 31, 15, 11, 9, 0, 10, 3, 27, 50, 66, 90, 108, 108, 97, 73, 57, 39, 18, 0, 10, 0, 11, 13, 28, 97, 117, 114, 127, 121, 119, 102, 77, 67]"
Linear,10,exact_guidance_u,144,0,44,43,"[129, 11, 58, 77, 84, 116, 117, 127, 124, 119, 103, 31, 15, 11, 9, 0, 10, 3, 27, 50, 66, 90, 108, 108, 97, 73, 57, 39, 18, 0, 10, 0, 11, 13, 28, 97, 117, 114, 127, 121, 119, 102, 77, 67]","[11, 58, 77, 84, 116, 117, 127, 124, 119, 103, 31, 15, 11, 9, 0, 10, 3, 27, 50, 66, 90, 108, 108, 97, 73, 57, 39, 18, 0, 10, 0, 11, 13, 28, 97, 117, 114, 127, 121, 119, 102, 77, 67]"
Linear,10,exact_guidance_u,145,0,44,43,"[129, 11, 58, 77, 84, 116, 117, 127, 124, 119, 103, 31, 15, 11, 9, 0, 10, 3, 27, 50, 66, 90, 108, 108, 97, 73, 57, 39, 18, 0, 10, 0, 11, 13, 28, 97, 117, 114, 127, 121, 119, 102, 77, 67]","[11, 58, 77, 84, 116, 117, 127, 124, 119, 103, 31, 15, 11, 9, 0, 10, 3, 27, 50, 66, 90, 108, 108, 97, 73, 57, 39, 18, 0, 10, 0, 11, 13, 28, 97, 117, 114, 127, 121, 119, 102, 77, 67]"
Linear,10,exact_guidance_u,146,0,44,43,"[129, 11, 58, 77, 84, 116, 117, 127, 124, 119, 103, 31, 15, 11, 9, 0, 10, 3, 27, 50, 66, 90, 108, 108, 97, 73, 57, 39, 18, 0, 10, 0, 11, 13, 28, 97, 117, 114, 127, 121, 119, 102, 77, 67]","[11, 58, 77, 84, 116, 117, 127, 124, 119, 103, 31, 15, 11, 9, 0, 10, 3, 27, 50, 66, 90, 108, 108, 97, 73, 57, 39, 18, 0, 10, 0, 11, 13, 28, 97, 117, 114, 127, 121, 119, 102, 77, 67]"
Linear,10,exact_guidance_u,147,0,44,43,"[129, 11, 58, 77, 84, 116, 117, 127, 124, 119, 103, 31, 15, 11, 9, 0, 10, 3, 27, 50, 66, 90, 108, 108, 97, 73, 57, 39, 18, 0, 10, 0, 11, 13, 28, 97, 117, 114, 127, 121, 119, 102, 77, 67]","[11, 58, 77, 84, 116, 117, 127, 124, 119, 103, 31, 15, 11, 9, 0, 10, 3, 27, 50, 66, 90, 108, 108, 97, 73, 57, 39, 18, 0, 10, 0, 11, 13, 28, 97, 117, 114, 127, 121, 119, 102, 77, 67]"
Linear,10,exact_guidance_u,148,0,45,44,"[129, 11, 33, 58, 77, 84, 116, 117, 127, 124, 119, 103, 31, 15, 11, 9, 0, 10, 3, 27, 50, 66, 90, 108, 108, 97, 73, 57, 39, 18, 0, 10, 0, 11, 13, 28, 97, 117, 114, 127, 121, 119, 102, 77, 67]","[11, 33, 58, 77, 84, 116, 117, 127, 124, 119, 103, 31, 15, 11, 9, 0, 10, 3, 27, 50, 66, 90, 108, 108, 97, 73, 57, 39, 18, 0, 10, 0, 11, 13, 28, 97, 117, 114, 127, 121, 119, 102, 77, 67]"
Linear,10,exact_guidance_u,149,0,45,44,"[129, 11, 33, 58, 77, 84, 116, 117, 127, 124, 119, 103, 31, 15, 11, 9, 0, 10, 3, 27, 50, 66, 90, 108, 108, 97, 73, 57, 39, 18, 0, 10, 0, 11, 13, 28, 97, 117, 114, 127, 121, 119, 102, 77, 67]","[11, 33, 58, 77, 84, 116, 117, 127, 124, 119, 103, 31, 15, 11, 9, 0, 10, 3, 27, 50, 66, 90, 108, 108, 97, 73, 57, 39, 18, 0, 10, 0, 11, 13, 28, 97, 117, 114, 127, 121, 119, 102, 77, 67]"
Linear,10,exact_guidance_u,150,0,45,44,"[129, 11, 33, 58, 77, 84, 116, 117, 127, 124, 119, 103, 31, 15, 11, 9, 0, 10, 3, 27, 50, 66, 90, 108, 108, 97, 73, 57, 39, 18, 0, 10, 0, 11, 13, 28, 97, 117, 114, 127, 121, 119, 102, 77, 67]","[11, 33, 58, 77, 84, 116, 117, 127, 124, 119, 103, 31, 15, 11, 9, 0, 10, 3, 27, 50, 66, 90, 108, 108, 97, 73, 57, 39, 18, 0, 10, 0, 11, 13, 28, 97, 117, 114, 127, 121, 119, 102, 77, 67]"
Linear,10,exact_guidance_u,151,0,45,44,"[129, 11, 33, 58, 77, 84, 116, 117, 127, 124, 119, 103, 31, 15, 11, 9, 0, 10, 3, 27, 50, 66, 90, 108, 108, 97, 73, 57, 39, 18, 0, 10, 0, 11, 13, 28, 97, 117, 114, 127, 121, 119, 102, 77, 67]","[11, 33, 58, 77, 84, 116, 117, 127, 124, 119, 103, 31, 15, 11, 9, 0, 10, 3, 27, 50, 66, 90, 108, 108, 97, 73, 57, 39, 18, 0, 10, 0, 11, 13, 28, 97, 117, 114, 127, 121, 119, 102, 77, 67]"
Linear,10,exact_guidance_u,152,0,46,45,"[129, 11, 33, 58, 77, 84, 116, 117, 127, 124, 119, 103, 31, 15, 11, 9, 0, 10, 3, 27, 50, 66, 90, 108, 108, 127, 97, 73, 57, 39, 18, 0, 10, 0, 11, 13, 28, 97, 117, 114, 127, 121, 119, 102, 77, 67]","[11, 33, 58, 77, 84, 116, 117, 127, 124, 119, 103, 31, 15, 11, 9, 0, 10, 3, 27, 50, 66, 90, 108, 108, 127, 97, 73, 57, 39, 18, 0, 10, 0, 11, 13, 28, 97, 117, 114, 127, 121, 119, 102, 77, 67]"
Linear,10,exact_guidance_u,153,0,46,45,"[129, 11, 33, 58, 77, 84, 116, 117, 127, 124, 119, 103, 31, 15, 11, 9, 0, 10, 3, 27, 50, 66, 90, 108, 108, 127, 97, 73, 57, 39, 18, 0, 10, 0, 11, 13, 28, 97, 117, 114, 127, 121, 119, 102, 77, 67]","[11, 33, 58, 77, 84, 116, 117, 127, 124, 119, 103, 31, 15, 11, 9, 0, 10, 3, 27, 50, 66, 90, 108, 108, 127, 97, 73, 57, 39, 18, 0, 10, 0, 11, 13, 28, 97, 117, 114, 127, 121, 119, 102, 77, 67]"
Linear,10,exact_guidance_u,154,0,46,45,"[129, 11, 33, 58, 77, 84, 116, 117, 127, 124, 119, 103, 31, 15, 11, 9, 0, 10, 3, 27, 50, 66, 90, 108, 108, 127, 97, 73, 57, 39, 18, 0, 10, 0, 11, 13, 28, 97, 117, 114, 127, 121, 119, 102, 77, 67]","[11, 33, 58, 77, 84, 116, 117, 127, 124, 119, 103, 31, 15, 11, 9, 0, 10, 3, 27, 50, 66, 90, 108, 108, 127, 97, 73, 57, 39, 18, 0, 10, 0, 11, 13, 28, 97, 117, 114, 127, 121, 119, 102, 77, 67]"
Linear,10,exact_guidance_u,155,0,47,46,"[129, 11, 33, 58, 77, 84, 116, 117, 127, 124, 119, 103, 31, 15, 11, 9, 0, 10, 3, 27, 50, 66, 90, 108, 108, 127, 97, 73, 57, 42, 39, 18, 0, 10, 0, 11, 13, 28, 97, 117, 114, 127, 121, 119, 102, 77, 67]","[11, 33, 58, 77, 84, 116, 117, 127, 124, 119, 103, 31, 15, 11, 9, 0, 10, 3, 27, 50, 66, 90, 108, 108, 127, 97, 73, 57, 42, 39, 18, 0, 10, 0, 11, 13, 28, 97, 117, 114, 127, 121, 119, 102, 77, 67]"
Linear,10,exact_guidance_u,156,0,48,47,"[129, 11, 33, 58, 77, 84, 116, 117, 127, 124, 119, 103, 31, 15, 11, 9, 0, 10, 3, 27, 50, 66, 90, 108, 108, 127, 127, 97, 73, 57, 42, 39, 18, 0, 10, 0, 11, 13, 28, 97, 117, 114, 127, 121, 119, 102, 77, 67]","[11, 33, 58, 77, 84, 116, 117, 127, 124, 119, 103, 31, 15, 11, 9, 0, 10, 3, 27, 50, 66, 90, 108, 108, 127, 127, 97, 73, 57, 42, 39, 18, 0, 10, 0, 11, 13, 28, 97, 117, 114, 127, 121, 119, 102, 77, 67]"
Linear,10,exact_guidance_u,157,0,48,47,"[129, 11, 33, 58, 77, 84, 116, 117, 127, 124, 119, 103, 31, 15, 11, 9, 0, 10, 3, 27, 50, 66, 90, 108, 108, 127, 127, 97, 73, 57, 42, 39, 18, 0, 10, 0, 11, 13, 28, 97, 117, 114, 127, 121, 119, 102, 77, 67]","[11, 33, 58, 77, 84, 116, 117, 127, 124, 119, 103, 31, 15, 11, 9, 0, 10, 3, 27, 50, 66, 90, 108, 108, 127, 127, 97, 73, 57, 42, 39, 18, 0, 10, 0, 11, 13, 28, 97, 117, 114, 127, 121, 119, 102, 77, 67]"
Linear,10,exact_guidance_u,158,0,48,47,"[129, 11, 33, 58, 77, 84, 116, 117, 127, 124, 119, 103, 31, 15, 11, 9, 0, 10, 3, 27, 50, 66, 90, 108, 108, 127, 127, 97, 73, 57, 42, 39, 18, 0, 10, 0, 11, 13, 28, 97, 117, 114, 127, 121, 119, 102, 77, 67]","[11, 33, 58, 77, 84, 116, 117, 127, 124, 119, 103, 31, 15, 11, 9, 0, 10, 3, 27, 50, 66, 90, 108, 108, 127, 127, 97, 73, 57, 42, 39, 18, 0, 10, 0, 11, 13, 28, 97, 117, 114, 127, 121, 119, 102, 77, 67]"
Linear,10,exact_guidance_u,159,0,49,48,"[129, 11, 33, 58, 77, 84, 116, 117, 127, 124, 119, 103, 31, 15, 11, 9, 0, 10, 3, 27, 50, 66, 90, 108, 108, 127, 127, 108, 97, 73, 57, 42, 39, 18, 0, 10, 0, 11, 13, 28, 97, 117, 114, 127, 121, 119, 102, 77, 67]","[11, 33, 58, 77, 84, 116, 117, 127, 124, 119, 103, 31, 15, 11, 9, 0, 10, 3, 27, 50, 66, 90, 108, 108, 127, 127, 108, 97, 73, 57, 42, 39, 18, 0, 10, 0, 11, 13, 28, 97, 117, 114, 127, 121, 119, 102, 77, 67]"
Linear,10,exact_guidance_u,160,0,49,48,"[129, 11, 33, 58, 77, 84, 116, 117, 127, 124, 119, 103, 31, 15, 11, 9, 0, 10, 3, 27, 50, 66, 90, 108, 108, 127, 127, 108, 97, 73, 57, 42, 39, 18, 0, 10, 0, 11, 13, 28, 97, 117, 114, 127, 121, 119, 102, 77, 67]","[11, 33, 58, 77, 84, 116, 117, 127, 124, 119, 103, 31, 15, 11, 9, 0, 10, 3, 27, 50, 66, 90, 108, 108, 127, 127, 108, 97, 73, 57, 42, 39, 18, 0, 10, 0, 11, 13, 28, 97, 117, 114, 127, 121, 119, 102, 77, 67]"
Linear,10,exact_guidance_u,161,0,49,48,"[129, 11, 33, 58, 77, 84, 116, 117, 127, 124, 119, 103, 31, 15, 11, 9, 0, 10, 3, 27, 50, 66, 90, 108, 108, 127, 127, 108, 97, 73, 57, 42, 39, 18, 0, 10, 0, 11, 13, 28, 97, 117, 114, 127, 121, 119, 102, 77, 67]","[11, 33, 58, 77, 84, 116, 117, 127, 124, 119, 103, 31, 15, 11, 9, 0, 10, 3, 27, 50, 66, 90, 108, 108, 127, 127, 108, 97, 73, 57, 42, 39, 18, 0, 10, 0, 11, 13, 28, 97, 117, 114, 127, 121, 119, 102, 77, 67]"
Linear,10,exact_guidance_u,162,0,49,48,"[129, 11, 33, 58, 77, 84, 116, 117, 127, 124, 119, 103, 31, 15, 11, 9, 0, 10, 3, 27, 50, 66, 90, 108, 108, 127, 127, 108, 97, 73, 57, 42, 39, 18, 0, 10, 0, 11, 13, 28, 97, 117, 114, 127, 121, 119, 102, 77, 67]","[11, 33, 58, 77, 84, 116, 117, 127, 124, 119, 103, 31, 15, 11, 9, 0, 10, 3, 27, 50, 66, 90, 108, 108, 127, 127, 108, 97, 73, 57, 42, 39, 18, 0, 10, 0, 11, 13, 28, 97, 117, 114, 127, 121, 119, 102, 77, 67]"
Linear,10,exact_guidance_u,163,0,49,48,"[129, 11, 33, 58, 77, 84, 116, 117, 127, 124, 119, 103, 31, 15, 11, 9, 0, 10, 3, 27, 50, 66, 90, 108, 108, 127, 127, 108, 97, 73, 57, 42, 39, 18, 0, 10, 0, 11, 13, 28, 97, 117, 114, 127, 121, 119, 102, 77, 67]","[11, 33, 58, 77, 84, 116, 117, 127, 124, 119, 103, 31, 15, 11, 9, 0, 10, 3, 27, 50, 66, 90, 108, 108, 127, 127, 108, 97, 73, 57, 42, 39, 18, 0, 10, 0, 11, 13, 28, 97, 117, 114, 127, 121, 119, 102, 77, 67]"
Linear,10,exact_guidance_u,164,0,49,48,"[129, 11, 33, 58, 77, 84, 116, 117, 127, 124, 119, 103, 31, 15, 11, 9, 0, 10, 3, 27, 50, 66, 90, 108, 108, 127, 127, 108, 97, 73, 57, 42, 39, 18, 0, 10, 0, 11, 13, 28, 97, 117, 114, 127, 121, 119, 102, 77, 67]","[11, 33, 58, 77, 84, 116, 117, 127, 124, 119, 103, 31, 15, 11, 9, 0, 10, 3, 27, 50, 66, 90, 108, 108, 127, 127, 108, 97, 73, 57, 42, 39, 18, 0, 10, 0, 11, 13, 28, 97, 117, 114, 127, 121, 119, 102, 77, 67]"
Linear,10,exact_guidance_u,165,0,49,48,"[129, 11, 33, 58, 77, 84, 116, 117, 127, 124, 119, 103, 31, 15, 11, 9, 0, 10, 3, 27, 50, 66, 90, 108, 108, 127, 127, 108, 97, 73, 57, 42, 39, 18, 0, 10, 0, 11, 13, 28, 97, 117, 114, 127, 121, 119, 102, 77, 67]","[11, 33, 58, 77, 84, 116, 117, 127, 124, 119, 103, 31, 15, 11, 9, 0, 10, 3, 27, 50, 66, 90, 108, 108, 127, 127, 108, 97, 73, 57, 42, 39, 18, 0, 10, 0, 11, 13, 28, 97, 117, 114, 127, 121, 119, 102, 77, 67]"
Linear,10,exact_guidance_u,166,0,49,48,"[129, 11, 33, 58, 77, 84, 116, 117, 127, 124, 119, 103, 31, 15, 11, 9, 0, 10, 3, 27, 50, 66, 90, 108, 108, 127, 127, 108, 97, 73, 57, 42, 39, 18, 0, 10, 0, 11, 13, 28, 97, 117, 114, 127, 121, 119, 102, 77, 67]","[11, 33, 58, 77, 84, 116, 117, 127, 124, 119, 103, 31, 15, 11, 9, 0, 10, 3, 27, 50, 66, 90, 108, 108, 127, 127, 108, 97, 73, 57, 42, 39, 18, 0, 10, 0, 11, 13, 28, 97, 117, 114, 127, 121, 119, 102, 77, 67]"
Linear,10,exact_guidance_u,167,0,49,48,"[129, 11, 33, 58, 77, 84, 116, 117, 127, 124, 119, 103, 31, 15, 11, 9, 0, 10, 3, 27, 50, 66, 90, 108, 108, 127, 127, 108, 97, 73, 57, 42, 39, 18, 0, 10, 0, 11, 13, 28, 97, 117, 114, 127, 121, 119, 102, 77, 67]","[11, 33, 58, 77, 84, 116, 117, 127, 124, 119, 103, 31, 15, 11, 9, 0, 10, 3, 27, 50, 66, 90, 108, 108, 127, 127, 108, 97, 73, 57, 42, 39, 18, 0, 10, 0, 11, 13, 28, 97, 117, 114, 127, 121, 119, 102, 77, 67]"
Linear,10,exact_guidance_u,168,0,49,48,"[129, 11, 33, 58, 77, 84, 116, 117, 127, 124, 119, 103, 31, 15, 11, 9, 0, 10, 3, 27, 50, 66, 90, 108, 108, 127, 127, 108, 97, 73, 57, 42, 39, 18, 0, 10, 0, 11, 13, 28, 97, 117, 114, 127, 121, 119, 102, 77, 67]","[11, 33, 58, 77, 84, 116, 117, 127, 124, 119, 103, 31, 15, 11, 9, 0, 10, 3, 27, 50, 66, 90, 108, 108, 127, 127, 108, 97, 73, 57, 42, 39, 18, 0, 10, 0, 11, 13, 28, 97, 117, 114, 127, 121, 119, 102, 77, 67]"
Linear,10,exact_guidance_u,169,0,49,48,"[129, 11, 33, 58, 77, 84, 116, 117, 127, 124, 119, 103, 31, 15, 11, 9, 0, 10, 3, 27, 50, 66, 90, 108, 108, 127, 127, 108, 97, 73, 57, 42, 39, 18, 0, 10, 0, 11, 13, 28, 97, 117, 114, 127, 121, 119, 102, 77, 67]","[11, 33, 58, 77, 84, 116, 117, 127, 124, 119, 103, 31, 15, 11, 9, 0, 10, 3, 27, 50, 66, 90, 108, 108, 127, 127, 108, 97, 73, 57, 42, 39, 18, 0, 10, 0, 11, 13, 28, 97, 117, 114, 127, 121, 119, 102, 77, 67]"
Linear,10,exact_guidance_u,170,0,50,49,"[129, 11, 33, 58, 77, 84, 116, 117, 127, 124, 119, 103, 31, 15, 11, 9, 0, 10, 3, 27, 50, 66, 90, 108, 108, 127, 127, 125, 108, 97, 73, 57, 42, 39, 18, 0, 10, 0, 11, 13, 28, 97, 117, 114, 127, 121, 119, 102, 77, 67]","[11, 33, 58, 77, 84, 116, 117, 127, 124, 119, 103, 31, 15, 11, 9, 0, 10, 3, 27, 50, 66, 90, 108, 108, 127, 127, 125, 108, 97, 73, 57, 42, 39, 18, 0, 10, 0, 11, 13, 28, 97, 117, 114, 127, 121, 119, 102, 77, 67]"
Linear,10,exact_guidance_u,171,0,50,49,"[129, 11, 33, 58, 77, 84, 116, 117, 127, 124, 119, 103, 31, 15, 11, 9, 0, 10, 3, 27, 50, 66, 90, 108, 108, 127, 127, 125, 108, 97, 73, 57, 42, 39, 18, 0, 10, 0, 11, 13, 28, 97, 117, 114, 127, 121, 119, 102, 77, 67]","[11, 33, 58, 77, 84, 116, 117, 127, 124, 119, 103, 31, 15, 11, 9, 0, 10, 3, 27, 50, 66, 90, 108, 108, 127, 127, 125, 108, 97, 73, 57, 42, 39, 18, 0, 10, 0, 11, 13, 28, 97, 117, 114, 127, 121, 119, 102, 77, 67]"
Linear,10,exact_guidance_u,172,0,50,49,"[129, 11, 33, 58, 77, 84, 116, 117, 127, 124, 119, 103, 31, 15, 11, 9, 0, 10, 3, 27, 50, 66, 90, 108, 108, 127, 127, 125, 108, 97, 73, 57, 42, 39, 18, 0, 10, 0, 11, 13, 28, 97, 117, 114, 127, 121, 119, 102, 77, 67]","[11, 33, 58, 77, 84, 116, 117, 127, 124, 119, 103, 31, 15, 11, 9, 0, 10, 3, 27, 50, 66, 90, 108, 108, 127, 127, 125, 108, 97, 73, 57, 42, 39, 18, 0, 10, 0, 11, 13, 28, 97, 117, 114, 127, 121, 119, 102, 77, 67]"
Linear,10,exact_guidance_u,173,0,50,49,"[129, 11, 33, 58, 77, 84, 116, 117, 127, 124, 119, 103, 31, 15, 11, 9, 0, 10, 3, 27, 50, 66, 90, 108, 108, 127, 127, 125, 108, 97, 73, 57, 42, 39, 18, 0, 10, 0, 11, 13, 28, 97, 117, 114, 127, 121, 119, 102, 77, 67]","[11, 33, 58, 77, 84, 116, 117, 127, 124, 119, 103, 31, 15, 11, 9, 0, 10, 3, 27, 50, 66, 90, 108, 108, 127, 127, 125, 108, 97, 73, 57, 42, 39, 18, 0, 10, 0, 11, 13, 28, 97, 117, 114, 127, 121, 119, 102, 77, 67]"
Linear,10,exact_guidance_u,174,0,51,50,"[129, 11, 33, 58, 77, 84, 116, 117, 127, 124, 119, 103, 31, 15, 11, 9, 0, 10, 3, 27, 50, 66, 90, 108, 108, 127, 127, 125, 108, 97, 73, 57, 42, 39, 18, 0, 10, 0, 11, 13, 28, 70, 97, 117, 114, 127, 121, 119, 102, 77, 67]","[11, 33, 58, 77, 84, 116, 117, 127, 124, 119, 103, 31, 15, 11, 9, 0, 10, 3, 27, 50, 66, 90, 108, 108, 127, 127, 125, 108, 97, 73, 57, 42, 39, 18, 0, 10, 0, 11, 13, 28, 70, 97, 117, 114, 127, 121, 119, 102, 77, 67]"
Linear,10,exact_guidance_u,175,0,51,50,"[129, 11, 33, 58, 77, 84, 116, 117, 127, 124, 119, 103, 31, 15, 11, 9, 0, 10, 3, 27, 50, 66, 90, 108, 108, 127, 127, 125, 108, 97, 73, 57, 42, 39, 18, 0, 10, 0, 11, 13, 28, 70, 97, 117, 114, 127, 121, 119, 102, 77, 67]","[11, 33, 58, 77, 84, 116, 117, 127, 124, 119, 103, 31, 15, 11, 9, 0, 10, 3, 27, 50, 66, 90, 108, 108, 127, 127, 125, 108, 97, 73, 57, 42, 39, 18, 0, 10, 0, 11, 13, 28, 70, 97, 117, 114, 127, 121, 119, 102, 77, 67]"
Linear,10,exact_guidance_u,176,0,51,50,"[129, 11, 33, 58, 77, 84, 116, 117, 127, 124, 119, 103, 31, 15, 11, 9, 0, 10, 3, 27, 50, 66, 90, 108, 108, 127, 127, 125, 108, 97, 73, 57, 42, 39, 18, 0, 10, 0, 11, 13, 28, 70, 97, 117, 114, 127, 121, 119, 102, 77, 67]","[11, 33, 58, 77, 84, 116, 117, 127, 124, 119, 103, 31, 15, 11, 9, 0, 10, 3, 27, 50, 66, 90, 108, 108, 127, 127, 125, 108, 97, 73, 57, 42, 39, 18, 0, 10, 0, 11, 13, 28, 70, 97, 117, 114, 127, 121, 119, 102, 77, 67]"
Linear,10,exact_guidance_u,177,0,51,50,"[129, 11, 33, 58, 77, 84, 116, 117, 127, 124, 119, 103, 31, 15, 11, 9, 0, 10, 3, 27, 50, 66, 90, 108, 108, 127, 127, 125, 108, 97, 73, 57, 42, 39, 18, 0, 10, 0, 11, 13, 28, 70, 97, 117, 114, 127, 121, 119, 102, 77, 67]","[11, 33, 58, 77, 84, 116, 117, 127, 124, 119, 103, 31, 15, 11, 9, 0, 10, 3, 27, 50, 66, 90, 108, 108, 127, 127, 125, 108, 97, 73, 57, 42, 39, 18, 0, 10, 0, 11, 13, 28, 70, 97, 117, 114, 127, 121, 119, 102, 77, 67]"
Linear,10,exact_guidance_u,178,0,51,50,"[129, 11, 33, 58, 77, 84, 116, 117, 127, 124, 119, 103, 31, 15, 11, 9, 0, 10, 3, 27, 50, 66, 90, 108, 108, 127, 127, 125, 108, 97, 73, 57, 42, 39, 18, 0, 10, 0, 11, 13, 28, 70, 97, 117, 114, 127, 121, 119, 102, 77, 67]","[11, 33, 58, 77, 84, 116, 117, 127, 124, 119, 103, 31, 15, 11, 9, 0, 10, 3, 27, 50, 66, 90, 108, 108, 127, 127, 125, 108, 97, 73, 57, 42, 39, 18, 0, 10, 0, 11, 13, 28, 70, 97, 117, 114, 127, 121, 119, 102, 77, 67]"
Linear,10,exact_guidance_u,179,0,51,50,"[129, 11, 33, 58, 77, 84, 116, 117, 127, 124, 119, 103, 31, 15, 11, 9, 0, 10, 3, 27, 50, 66, 90, 108, 108, 127, 127, 125, 108, 97, 73, 57, 42, 39, 18, 0, 10, 0, 11, 13, 28, 70, 97, 117, 114, 127, 121, 119, 102, 77, 67]","[11, 33, 58, 77, 84, 116, 117, 127, 124, 119, 103, 31, 15, 11, 9, 0, 10, 3, 27, 50, 66, 90, 108, 108, 127, 127, 125, 108, 97, 73, 57, 42, 39, 18, 0, 10, 0, 11, 13, 28, 70, 97, 117, 114, 127, 121, 119, 102, 77, 67]"
Linear,10,exact_guidance_u,180,0,51,50,"[129, 11, 33, 58, 77, 84, 116, 117, 127, 124, 119, 103, 31, 15, 11, 9, 0, 10, 3, 27, 50, 66, 90, 108, 108, 127, 127, 125, 108, 97, 73, 57, 42, 39, 18, 0, 10, 0, 11, 13, 28, 70, 97, 117, 114, 127, 121, 119, 102, 77, 67]","[11, 33, 58, 77, 84, 116, 117, 127, 124, 119, 103, 31, 15, 11, 9, 0, 10, 3, 27, 50, 66, 90, 108, 108, 127, 127, 125, 108, 97, 73, 57, 42, 39, 18, 0, 10, 0, 11, 13, 28, 70, 97, 117, 114, 127, 121, 119, 102, 77, 67]"
Linear,10,exact_guidance_u,181,0,51,50,"[129, 11, 33, 58, 77, 84, 116, 117, 127, 124, 119, 103, 31, 15, 11, 9, 0, 10, 3, 27, 50, 66, 90, 108, 108, 127, 127, 125, 108, 97, 73, 57, 42, 39, 18, 0, 10, 0, 11, 13, 28, 70, 97, 117, 114, 127, 121, 119, 102, 77, 67]","[11, 33, 58, 77, 84, 116, 117, 127, 124, 119, 103, 31, 15, 11, 9, 0, 10, 3, 27, 50, 66, 90, 108, 108, 127, 127, 125, 108, 97, 73, 57, 42, 39, 18, 0, 10, 0, 11, 13, 28, 70, 97, 117, 114, 127, 121, 119, 102, 77, 67]"
Linear,10,exact_guidance_u,182,0,51,50,"[129, 11, 33, 58, 77, 84, 116, 117, 127, 124, 119, 103, 31, 15, 11, 9, 0, 10, 3, 27, 50, 66, 90, 108, 108, 127, 127, 125, 108, 97, 73, 57, 42, 39, 18, 0, 10, 0, 11, 13, 28, 70, 97, 117, 114, 127, 121, 119, 102, 77, 67]","[11, 33, 58, 77, 84, 116, 117, 127, 124, 119, 103, 31, 15, 11, 9, 0, 10, 3, 27, 50, 66, 90, 108, 108, 127, 127, 125, 108, 97, 73, 57, 42, 39, 18, 0, 10, 0, 11, 13, 28, 70, 97, 117, 114, 127, 121, 119, 102, 77, 67]"
Linear,10,exact_guidance_u,183,0,52,51,"[129, 11, 33, 58, 77, 84, 116, 117, 127, 124, 119, 103, 31, 15, 11, 9, 0, 10, 3, 27, 50, 66, 90, 108, 108, 127, 127, 125, 108, 97, 73, 57, 42, 39, 18, 0, 10, 0, 11, 13, 28, 50, 70, 97, 117, 114, 127, 121, 119, 102, 77, 67]","[11, 33, 58, 77, 84, 116, 117, 127, 124, 119, 103, 31, 15, 11, 9, 0, 10, 3, 27, 50, 66, 90, 108, 108, 127, 127, 125, 108, 97, 73, 57, 42, 39, 18, 0, 10, 0, 11, 13, 28, 50, 70, 97, 117, 114, 127, 121, 119, 102, 77, 67]"
Linear,10,exact_guidance_u,184,0,53,52,"[129, 11, 33, 58, 77, 84, 116, 117, 127, 124, 119, 103, 31, 15, 11, 9, 0, 10, 3, 27, 50, 66, 90, 108, 108, 127, 127, 125, 108, 97, 73, 57, 42, 39, 18, 0, 10, 0, 11, 13, 28, 50, 70, 97, 117, 114, 127, 127, 121, 119, 102, 77, 67]","[11, 33, 58, 77, 84, 116, 117, 127, 124, 119, 103, 31, 15, 11, 9, 0, 10, 3, 27, 50, 66, 90, 108, 108, 127, 127, 125, 108, 97, 73, 57, 42, 39, 18, 0, 10, 0, 11, 13, 28, 50, 70, 97, 117, 114, 127, 127, 121, 119, 102, 77, 67]"
Linear,10,exact_guidance_u,185,0,53,52,"[129, 11, 33, 58, 77, 84, 116, 117, 127, 124, 119, 103, 31, 15, 11, 9, 0, 10, 3, 27, 50, 66, 90, 108, 108, 127, 127, 125, 108, 97, 73, 57, 42, 39, 18, 0, 10, 0, 11, 13, 28, 50, 70, 97, 117, 114, 127, 127, 121, 119, 102, 77, 67]","[11, 33, 58, 77, 84, 116, 117, 127, 124, 119, 103, 31, 15, 11, 9, 0, 10, 3, 27, 50, 66, 90, 108, 108, 127, 127, 125, 108, 97, 73, 57, 42, 39, 18, 0, 10, 0, 11, 13, 28, 50, 70, 97, 117, 114, 127, 127, 121, 119, 102, 77, 67]"
Linear,10,exact_guidance_u,186,0,53,52,"[129, 11, 33, 58, 77, 84, 116, 117, 127, 124, 119, 103, 31, 15, 11, 9, 0, 10, 3, 27, 50, 66, 90, 108, 108, 127, 127, 125, 108, 97, 73, 57, 42, 39, 18, 0, 10, 0, 11, 13, 28, 50, 70, 97, 117, 114, 127, 127, 121, 119, 102, 77, 67]","[11, 33, 58, 77, 84, 116, 117, 127, 124, 119, 103, 31, 15, 11, 9, 0, 10, 3, 27, 50, 66, 90, 108, 108, 127, 127, 125, 108, 97, 73, 57, 42, 39, 18, 0, 10, 0, 11, 13, 28, 50, 70, 97, 117, 114, 127, 127, 121, 119, 102, 77, 67]"
Linear,10,exact_guidance_u,187,0,53,52,"[129, 11, 33, 58, 77, 84, 116, 117, 127, 124, 119, 103, 31, 15, 11, 9, 0, 10, 3, 27, 50, 66, 90, 108, 108, 127, 127, 125, 108, 97, 73, 57, 42, 39, 18, 0, 10, 0, 11, 13, 28, 50, 70, 97, 117, 114, 127, 127, 121, 119, 102, 77, 67]","[11, 33, 58, 77, 84, 116, 117, 127, 124, 119, 103, 31, 15, 11, 9, 0, 10, 3, 27, 50, 66, 90, 108, 108, 127, 127, 125, 108, 97, 73, 57, 42, 39, 18, 0, 10, 0, 11, 13, 28, 50, 70, 97, 117, 114, 127, 127, 121, 119, 102, 77, 67]"
Linear,10,exact_guidance_u,188,0,53,52,"[129, 11, 33, 58, 77, 84, 116, 117, 127, 124, 119, 103, 31, 15, 11, 9, 0, 10, 3, 27, 50, 66, 90, 108, 108, 127, 127, 125, 108, 97, 73, 57, 42, 39, 18, 0, 10, 0, 11, 13, 28, 50, 70, 97, 117, 114, 127, 127, 121, 119, 102, 77, 67]","[11, 33, 58, 77, 84, 116, 117, 127, 124, 119, 103, 31, 15, 11, 9, 0, 10, 3, 27, 50, 66, 90, 108, 108, 127, 127, 125, 108, 97, 73, 57, 42, 39, 18, 0, 10, 0, 11, 13, 28, 50, 70, 97, 117, 114, 127, 127, 121, 119, 102, 77, 67]"
Linear,10,exact_guidance_u,189,0,53,52,"[129, 11, 33, 58, 77, 84, 116, 117, 127, 124, 119, 103, 31, 15, 11, 9, 0, 10, 3, 27, 50, 66, 90, 108, 108, 127, 127, 125, 108, 97, 73, 57, 42, 39, 18, 0, 10, 0, 11, 13, 28, 50, 70, 97, 117, 114, 127, 127, 121, 119, 102, 77, 67]","[11, 33, 58, 77, 84, 116, 117, 127, 124, 119, 103, 31, 15, 11, 9, 0, 10, 3, 27, 50, 66, 90, 108, 108, 127, 127, 125, 108, 97, 73, 57, 42, 39, 18, 0, 10, 0, 11, 13, 28, 50, 70, 97, 117, 114, 127, 127, 121, 119, 102, 77, 67]"
Linear,10,exact_guidance_u,190,0,53,52,"[129, 11, 33, 58, 77, 84, 116, 117, 127, 124, 119, 103, 31, 15, 11, 9, 0, 10, 3, 27, 50, 66, 90, 108, 108, 127, 127, 125, 108, 97, 73, 57, 42, 39, 18, 0, 10, 0, 11, 13, 28, 50, 70, 97, 117, 114, 127, 127, 121, 119, 102, 77, 67]","[11, 33, 58, 77, 84, 116, 117, 127, 124, 119, 103, 31, 15, 11, 9, 0, 10, 3, 27, 50, 66, 90, 108, 108, 127, 127, 125, 108, 97, 73, 57, 42, 39, 18, 0, 10, 0, 11, 13, 28, 50, 70, 97, 117, 114, 127, 127, 121, 119, 102, 77, 67]"
Linear,10,exact_guidance_u,191,0,53,52,"[129, 11, 33, 58, 77, 84, 116, 117, 127, 124, 119, 103, 31, 15, 11, 9, 0, 10, 3, 27, 50, 66, 90, 108, 108, 127, 127, 125, 108, 97, 73, 57, 42, 39, 18, 0, 10, 0, 11, 13, 28, 50, 70, 97, 117, 114, 127, 127, 121, 119, 102, 77, 67]","[11, 33, 58, 77, 84, 116, 117, 127, 124, 119, 103, 31, 15, 11, 9, 0, 10, 3, 27, 50, 66, 90, 108, 108, 127, 127, 125, 108, 97, 73, 57, 42, 39, 18, 0, 10, 0, 11, 13, 28, 50, 70, 97, 117, 114, 127, 127, 121, 119, 102, 77, 67]"
Linear,10,exact_guidance_u,192,0,53,52,"[129, 11, 33, 58, 77, 84, 116, 117, 127, 124, 119, 103, 31, 15, 11, 9, 0, 10, 3, 27, 50, 66, 90, 108, 108, 127, 127, 125, 108, 97, 73, 57, 42, 39, 18, 0, 10, 0, 11, 13, 28, 50, 70, 97, 117, 114, 127, 127, 121, 119, 102, 77, 67]","[11, 33, 58, 77, 84, 116, 117, 127, 124, 119, 103, 31, 15, 11, 9, 0, 10, 3, 27, 50, 66, 90, 108, 108, 127, 127, 125, 108, 97, 73, 57, 42, 39, 18, 0, 10, 0, 11, 13, 28, 50, 70, 97, 117, 114, 127, 127, 121, 119, 102, 77, 67]"
Linear,10,exact_guidance_u,193,0,54,53,"[129, 11, 33, 58, 77, 84, 116, 117, 127, 124, 119, 103, 31, 15, 11, 9, 0, 10, 3, 28, 27, 50, 66, 90, 108, 108, 127, 127, 125, 108, 97, 73, 57, 42, 39, 18, 0, 10, 0, 11, 13, 28, 50, 70, 97, 117, 114, 127, 127, 121, 119, 102, 77, 67]","[11, 33, 58, 77, 84, 116, 117, 127, 124, 119, 103, 31, 15, 11, 9, 0, 10, 3, 28, 27, 50, 66, 90, 108, 108, 127, 127, 125, 108, 97, 73, 57, 42, 39, 18, 0, 10, 0, 11, 13, 28, 50, 70, 97, 117, 114, 127, 127, 121, 119, 102, 77, 67]"
Linear,10,exact_guidance_u,194,0,54,53,"[129, 11, 33, 58, 77, 84, 116, 117, 127, 124, 119, 103, 31, 15, 11, 9, 0, 10, 3, 28, 27, 50, 66, 90, 108, 108, 127, 127, 125, 108, 97, 73, 57, 42, 39, 18, 0, 10, 0, 11, 13, 28, 50, 70, 97, 117, 114, 127, 127, 121, 119, 102, 77, 67]","[11, 33, 58, 77, 84, 116, 117, 127, 124, 119, 103, 31, 15, 11, 9, 0, 10, 3, 28, 27, 50, 66, 90, 108, 108, 127, 127, 125, 108, 97, 73, 57, 42, 39, 18, 0, 10, 0, 11, 13, 28, 50, 70, 97, 117, 114, 127, 127, 121, 119, 102, 77, 67]"
Linear,10,exact_guidance_u,195,0,54,53,"[129, 11, 33, 58, 77, 84, 116, 117, 127, 124, 119, 103, 31, 15, 11, 9, 0, 10, 3, 28, 27, 50, 66, 90, 108, 108, 127, 127, 125, 108, 97, 73, 57, 42, 39, 18, 0, 10, 0, 11, 13, 28, 50, 70, 97, 117, 114, 127, 127, 121, 119, 102, 77, 67]","[11, 33, 58, 77, 84, 116, 117, 127, 124, 119, 103, 31, 15, 11, 9, 0, 10, 3, 28, 27, 50, 66, 90, 108, 108, 127, 127, 125, 108, 97, 73, 57, 42, 39, 18, 0, 10, 0, 11, 13, 28, 50, 70, 97, 117, 114, 127, 127, 121, 119, 102, 77, 67]"
Linear,10,exact_guidance_u,196,0,54,53,"[129, 11, 33, 58, 77, 84, 116, 117, 127, 124, 119, 103, 31, 15, 11, 9, 0, 10, 3, 28, 27, 50, 66, 90, 108, 108, 127, 127, 125, 108, 97, 73, 57, 42, 39, 18, 0, 10, 0, 11, 13, 28, 50, 70, 97, 117, 114, 127, 127, 121, 119, 102, 77, 67]","[11, 33, 58, 77, 84, 116, 117, 127, 124, 119, 103, 31, 15, 11, 9, 0, 10, 3, 28, 27, 50, 66, 90, 108, 108, 127, 127, 125, 108, 97, 73, 57, 42, 39, 18, 0, 10, 0, 11, 13, 28, 50, 70, 97, 117, 114, 127, 127, 121, 119, 102, 77, 67]"
Linear,10,exact_guidance_u,197,0,54,53,"[129, 11, 33, 58, 77, 84, 116, 117, 127, 124, 119, 103, 31, 15, 11, 9, 0, 10, 3, 28, 27, 50, 66, 90, 108, 108, 127, 127, 125, 108, 97, 73, 57, 42, 39, 18, 0, 10, 0, 11, 13, 28, 50, 70, 97, 117, 114, 127, 127, 121, 119, 102, 77, 67]","[11, 33, 58, 77, 84, 116, 117, 127, 124, 119, 103, 31, 15, 11, 9, 0, 10, 3, 28, 27, 50, 66, 90, 108, 108, 127, 127, 125, 108, 97, 73, 57, 42, 39, 18, 0, 10, 0, 11, 13, 28, 50, 70, 97, 117, 114, 127, 127, 121, 119, 102, 77, 67]"
Linear,10,exact_guidance_u,198,0,54,53,"[129, 11, 33, 58, 77, 84, 116, 117, 127, 124, 119, 103, 31, 15, 11, 9, 0, 10, 3, 28, 27, 50, 66, 90, 108, 108, 127, 127, 125, 108, 97, 73, 57, 42, 39, 18, 0, 10, 0, 11, 13, 28, 50, 70, 97, 117, 114, 127, 127, 121, 119, 102, 77, 67]","[11, 33, 58, 77, 84, 116, 117, 127, 124, 119, 103, 31, 15, 11, 9, 0, 10, 3, 28, 27, 50, 66, 90, 108, 108, 127, 127, 125, 108, 97, 73, 57, 42, 39, 18, 0, 10, 0, 11, 13, 28, 50, 70, 97, 117, 114, 127, 127, 121, 119, 102, 77, 67]"
Linear,10,exact_guidance_u,199,0,54,53,"[129, 11, 33, 58, 77, 84, 116, 117, 127, 124, 119, 103, 31, 15, 11, 9, 0, 10, 3, 28, 27, 50, 66, 90, 108, 108, 127, 127, 125, 108, 97, 73, 57, 42, 39, 18, 0, 10, 0, 11, 13, 28, 50, 70, 97, 117, 114, 127, 127, 121, 119, 102, 77, 67]","[11, 33, 58, 77, 84, 116, 117, 127, 124, 119, 103, 31, 15, 11, 9, 0, 10, 3, 28, 27, 50, 66, 90, 108, 108, 127, 127, 125, 108, 97, 73, 57, 42, 39, 18, 0, 10, 0, 11, 13, 28, 50, 70, 97, 117, 114, 127, 127, 121, 119, 102, 77, 67]"
Linear,10,exact_guidance_u,200,0,54,53,"[129, 11, 33, 58, 77, 84, 116, 117, 127, 124, 119, 103, 31, 15, 11, 9, 0, 10, 3, 28, 27, 50, 66, 90, 108, 108, 127, 127, 125, 108, 97, 73, 57, 42, 39, 18, 0, 10, 0, 11, 13, 28, 50, 70, 97, 117, 114, 127, 127, 121, 119, 102, 77, 67]","[11, 33, 58, 77, 84, 116, 117, 127, 124, 119, 103, 31, 15, 11, 9, 0, 10, 3, 28, 27, 50, 66, 90, 108, 108, 127, 127, 125, 108, 97, 73, 57, 42, 39, 18, 0, 10, 0, 11, 13, 28, 50, 70, 97, 117, 114, 127, 127, 121, 119, 102, 77, 67]"
Linear,10,exact_guidance_u,201,0,54,53,"[129, 11, 33, 58, 77, 84, 116, 117, 127, 124, 119, 103, 31, 15, 11, 9, 0, 10, 3, 28, 27, 50, 66, 90, 108, 108, 127, 127, 125, 108, 97, 73, 57, 42, 39, 18, 0, 10, 0, 11, 13, 28, 50, 70, 97, 117, 114, 127, 127, 121, 119, 102, 77, 67]","[11, 33, 58, 77, 84, 116, 117, 127, 124, 119, 103, 31, 15, 11, 9, 0, 10, 3, 28, 27, 50, 66, 90, 108, 108, 127, 127, 125, 108, 97, 73, 57, 42, 39, 18, 0, 10, 0, 11, 13, 28, 50, 70, 97, 117, 114, 127, 127, 121, 119, 102, 77, 67]"
Linear,10,exact_guidance_u,202,0,54,53,"[129, 11, 33, 58, 77, 84, 116, 117, 127, 124, 119, 103, 31, 15, 11, 9, 0, 10, 3, 28, 27, 50, 66, 90, 108, 108, 127, 127, 125, 108, 97, 73, 57, 42, 39, 18, 0, 10, 0, 11, 13, 28, 50, 70, 97, 117, 114, 127, 127, 121, 119, 102, 77, 67]","[11, 33, 58, 77, 84, 116, 117, 127, 124, 119, 103, 31, 15, 11, 9, 0, 10, 3, 28, 27, 50, 66, 90, 108, 108, 127, 127, 125, 108, 97, 73, 57, 42, 39, 18, 0, 10, 0, 11, 13, 28, 50, 70, 97, 117, 114, 127, 127, 121, 119, 102, 77, 67]"
Linear,10,exact_guidance_u,203,0,56,55,"[129, 11, 33, 58, 77, 84, 116, 117, 127, 124, 119, 103, 31, 15, 11, 9, 0, 10, 3, 28, 27, 50, 66, 90, 108, 108, 127, 127, 125, 108, 97, 84, 73, 57, 42, 39, 18, 0, 10, 0, 11, 13, 28, 39, 50, 70, 97, 117, 114, 127, 127, 121, 119, 102, 77, 67]","[11, 33, 58, 77, 84, 116, 117, 127, 124, 119, 103, 31, 15, 11, 9, 0, 10, 3, 28, 27, 50, 66, 90, 108, 108, 127, 127, 125, 108, 97, 84, 73, 57, 42, 39, 18, 0, 10, 0, 11, 13, 28, 39, 50, 70, 97, 117, 114, 127, 127, 121, 119, 102, 77, 67]"
Linear,10,exact_guidance_u,204,0,56,55,"[129, 11, 33, 58, 77, 84, 116, 117, 127, 124, 119, 103, 31, 15, 11, 9, 0, 10, 3, 28, 27, 50, 66, 90, 108, 108, 127, 127, 125, 108, 97, 84, 73, 57, 42, 39, 18, 0, 10, 0, 11, 13, 28, 39, 50, 70, 97, 117, 114, 127, 127, 121, 119, 102, 77, 67]","[11, 33, 58, 77, 84, 116, 117, 127, 124, 119, 103, 31, 15, 11, 9, 0, 10, 3, 28, 27, 50, 66, 90, 108, 108, 127, 127, 125, 108, 97, 84, 73, 57, 42, 39, 18, 0, 10, 0, 11, 13, 28, 39, 50, 70, 97, 117, 114, 127, 127, 121, 119, 102, 77, 67]"
Linear,10,exact_guidance_u,205,0,56,55,"[129, 11, 33, 58, 77, 84, 116, 117, 127, 124, 119, 103, 31, 15, 11, 9, 0, 10, 3, 28, 27, 50, 66, 90, 108, 108, 127, 127, 125, 108, 97, 84, 73, 57, 42, 39, 18, 0, 10, 0, 11, 13, 28, 39, 50, 70, 97, 117, 114, 127, 127, 121, 119, 102, 77, 67]","[11, 33, 58, 77, 84, 116, 117, 127, 124, 119, 103, 31, 15, 11, 9, 0, 10, 3, 28, 27, 50, 66, 90, 108, 108, 127, 127, 125, 108, 97, 84, 73, 57, 42, 39, 18, 0, 10, 0, 11, 13, 28, 39, 50, 70, 97, 117, 114, 127, 127, 121, 119, 102, 77, 67]"
Linear,10,exact_guidance_u,206,0,57,56,"[129, 11, 33, 58, 77, 84, 116, 117, 127, 124, 119, 103, 31, 15, 11, 9, 0, 10, 3, 28, 27, 50, 66, 84, 90, 108, 108, 127, 127, 125, 108, 97, 84, 73, 57, 42, 39, 18, 0, 10, 0, 11, 13, 28, 39, 50, 70, 97, 117, 114, 127, 127, 121, 119, 102, 77, 67]","[11, 33, 58, 77, 84, 116, 117, 127, 124, 119, 103, 31, 15, 11, 9, 0, 10, 3, 28, 27, 50, 66, 84, 90, 108, 108, 127, 127, 125, 108, 97, 84, 73, 57, 42, 39, 18, 0, 10, 0, 11, 13, 28, 39, 50, 70, 97, 117, 114, 127, 127, 121, 119, 102, 77, 67]"
Linear,10,exact_guidance_u,207,0,57,56,"[129, 11, 33, 58, 77, 84, 116, 117, 127, 124, 119, 103, 31, 15, 11, 9, 0, 10, 3, 28, 27, 50, 66, 84, 90, 108, 108, 127, 127, 125, 108, 97, 84, 73, 57, 42, 39, 18, 0, 10, 0, 11, 13, 28, 39, 50, 70, 97, 117, 114, 127, 127, 121, 119, 102, 77, 67]","[11, 33, 58, 77, 84, 116, 117, 127, 124, 119, 103, 31, 15, 11, 9, 0, 10, 3, 28, 27, 50, 66, 84, 90, 108, 108, 127, 127, 125, 108, 97, 84, 73, 57, 42, 39, 18, 0, 10, 0, 11, 13, 28, 39, 50, 70, 97, 117, 114, 127, 127, 121, 119, 102, 77, 67]"
Linear,10,exact_guidance_u,208,0,58,57,"[129, 11, 33, 58, 77, 84, 103, 116, 117, 127, 124, 119, 103, 31, 15, 11, 9, 0, 10, 3, 28, 27, 50, 66, 84, 90, 108, 108, 127, 127, 125, 108, 97, 84, 73, 57, 42, 39, 18, 0, 10, 0, 11, 13, 28, 39, 50, 70, 97, 117, 114, 127, 127, 121, 119, 102, 77, 67]","[11, 33, 58, 77, 84, 103, 116, 117, 127, 124, 119, 103, 31, 15, 11, 9, 0, 10, 3, 28, 27, 50, 66, 84, 90, 108, 108, 127, 127, 125, 108, 97, 84, 73, 57, 42, 39, 18, 0, 10, 0, 11, 13, 28, 39, 50, 70, 97, 117, 114, 127, 127, 121, 119, 102, 77, 67]"
Linear,10,exact_guidance_u,209,0,59,58,"[129, 11, 33, 58, 77, 84, 103, 116, 117, 127, 124, 119, 103, 48, 31, 15, 11, 9, 0, 10, 3, 28, 27, 50, 66, 84, 90, 108, 108, 127, 127, 125, 108, 97, 84, 73, 57, 42, 39, 18, 0, 10, 0, 11, 13, 28, 39, 50, 70, 97, 117, 114, 127, 127, 121, 119, 102, 77, 67]","[11, 33, 58, 77, 84, 103, 116, 117, 127, 124, 119, 103, 48, 31, 15, 11, 9, 0, 10, 3, 28, 27, 50, 66, 84, 90, 108, 108, 127, 127, 125, 108, 97, 84, 73, 57, 42, 39, 18, 0, 10, 0, 11, 13, 28, 39, 50, 70, 97, 117, 114, 127, 127, 121, 119, 102, 77, 67]"
Linear,10,exact_guidance_u,210,0,60,59,"[129, 11, 33, 58, 77, 84, 103, 116, 117, 127, 124, 119, 103, 71, 48, 31, 15, 11, 9, 0, 10, 3, 28, 27, 50, 66, 84, 90, 108, 108, 127, 127, 125, 108, 97, 84, 73, 57, 42, 39, 18, 0, 10, 0, 11, 13, 28, 39, 50, 70, 97, 117, 114, 127, 127, 121, 119, 102, 77, 67]","[11, 33, 58, 77, 84, 103, 116, 117, 127, 124, 119, 103, 71, 48, 31, 15, 11, 9, 0, 10, 3, 28, 27, 50, 66, 84, 90, 108, 108, 127, 127, 125, 108, 97, 84, 73, 57, 42, 39, 18, 0, 10, 0, 11, 13, 28, 39, 50, 70, 97, 117, 114, 127, 127, 121, 119, 102, 77, 67]"
Linear,10,exact_guidance_u,211,0,60,59,"[129, 11, 33, 58, 77, 84, 103, 116, 117, 127, 124, 119, 103, 71, 48, 31, 15, 11, 9, 0, 10, 3, 28, 27, 50, 66, 84, 90, 108, 108, 127, 127, 125, 108, 97, 84, 73, 57, 42, 39, 18, 0, 10, 0, 11, 13, 28, 39, 50, 70, 97, 117, 114, 127, 127, 121, 119, 102, 77, 67]","[11, 33, 58, 77, 84, 103, 116, 117, 127, 124, 119, 103, 71, 48, 31, 15, 11, 9, 0, 10, 3, 28, 27, 50, 66, 84, 90, 108, 108, 127, 127, 125, 108, 97, 84, 73, 57, 42, 39, 18, 0, 10, 0, 11, 13, 28, 39, 50, 70, 97, 117, 114, 127, 127, 121, 119, 102, 77, 67]"
Linear,10,exact_guidance_u,212,0,62,61,"[129, 0, 11, 33, 46, 58, 77, 84, 103, 116, 117, 127, 124, 119, 103, 71, 48, 31, 15, 11, 9, 0, 10, 3, 28, 27, 50, 66, 84, 90, 108, 108, 127, 127, 125, 108, 97, 84, 73, 57, 42, 39, 18, 0, 10, 0, 11, 13, 28, 39, 50, 70, 97, 117, 114, 127, 127, 121, 119, 102, 77, 67]","[0, 11, 33, 46, 58, 77, 84, 103, 116, 117, 127, 124, 119, 103, 71, 48, 31, 15, 11, 9, 0, 10, 3, 28, 27, 50, 66, 84, 90, 108, 108, 127, 127, 125, 108, 97, 84, 73, 57, 42, 39, 18, 0, 10, 0, 11, 13, 28, 39, 50, 70, 97, 117, 114, 127, 127, 121, 119, 102, 77, 67]"
Linear,10,exact_guidance_u,213,0,63,62,"[129, 0, 11, 33, 46, 58, 77, 84, 103, 116, 117, 127, 124, 119, 103, 71, 48, 31, 15, 11, 9, 0, 10, 3, 28, 27, 50, 66, 84, 90, 108, 108, 127, 127, 125, 108, 97, 84, 73, 57, 42, 39, 18, 0, 10, 0, 11, 13, 28, 39, 50, 70, 97, 117, 114, 127, 127, 121, 119, 113, 102, 77, 67]","[0, 11, 33, 46, 58, 77, 84, 103, 116, 117, 127, 124, 119, 103, 71, 48, 31, 15, 11, 9, 0, 10, 3, 28, 27, 50, 66, 84, 90, 108, 108, 127, 127, 125, 108, 97, 84, 73, 57, 42, 39, 18, 0, 10, 0, 11, 13, 28, 39, 50, 70, 97, 117, 114, 127, 127, 121, 119, 113, 102, 77, 67]"
Linear,10,exact_guidance_u,214,0,63,62,"[129, 0, 11, 33, 46, 58, 77, 84, 103, 116, 117, 127, 124, 119, 103, 71, 48, 31, 15, 11, 9, 0, 10, 3, 28, 27, 50, 66, 84, 90, 108, 108, 127, 127, 125, 108, 97, 84, 73, 57, 42, 39, 18, 0, 10, 0, 11, 13, 28, 39, 50, 70, 97, 117, 114, 127, 127, 121, 119, 113, 102, 77, 67]","[0, 11, 33, 46, 58, 77, 84, 103, 116, 117, 127, 124, 119, 103, 71, 48, 31, 15, 11, 9, 0, 10, 3, 28, 27, 50, 66, 84, 90, 108, 108, 127, 127, 125, 108, 97, 84, 73, 57, 42, 39, 18, 0, 10, 0, 11, 13, 28, 39, 50, 70, 97, 117, 114, 127, 127, 121, 119, 113, 102, 77, 67]"
Linear,10,exact_guidance_u,215,0,65,64,"[129, 0, 11, 7, 33, 46, 58, 77, 84, 103, 116, 117, 127, 124, 119, 103, 71, 48, 31, 15, 11, 9, 0, 10, 3, 28, 27, 50, 66, 84, 90, 108, 108, 114, 127, 127, 125, 108, 97, 84, 73, 57, 42, 39, 18, 0, 10, 0, 11, 13, 28, 39, 50, 70, 97, 117, 114, 127, 127, 121, 119, 113, 102, 77, 67]","[0, 11, 7, 33, 46, 58, 77, 84, 103, 116, 117, 127, 124, 119, 103, 71, 48, 31, 15, 11, 9, 0, 10, 3, 28, 27, 50, 66, 84, 90, 108, 108, 114, 127, 127, 125, 108, 97, 84, 73, 57, 42, 39, 18, 0, 10, 0, 11, 13, 28, 39, 50, 70, 97, 117, 114, 127, 127, 121, 119, 113, 102, 77, 67]"
Linear,10,exact_guidance_u,216,0,66,65,"[129, 0, 11, 7, 17, 33, 46, 58, 77, 84, 103, 116, 117, 127, 124, 119, 103, 71, 48, 31, 15, 11, 9, 0, 10, 3, 28, 27, 50, 66, 84, 90, 108, 108, 114, 127, 127, 125, 108, 97, 84, 73, 57, 42, 39, 18, 0, 10, 0, 11, 13, 28, 39, 50, 70, 97, 117, 114, 127, 127, 121, 119, 113, 102, 77, 67]","[0, 11, 7, 17, 33, 46, 58, 77, 84, 103, 116, 117, 127, 124, 119, 103, 71, 48, 31, 15, 11, 9, 0, 10, 3, 28, 27, 50, 66, 84, 90, 108, 108, 114, 127, 127, 125, 108, 97, 84, 73, 57, 42, 39, 18, 0, 10, 0, 11, 13, 28, 39, 50, 70, 97, 117, 114, 127, 127, 121, 119, 113, 102, 77, 67]"
Linear,10,exact_guidance_u,217,0,67,66,"[129, 0, 11, 7, 17, 33, 46, 58, 77, 84, 103, 116, 117, 127, 124, 119, 103, 95, 71, 48, 31, 15, 11, 9, 0, 10, 3, 28, 27, 50, 66, 84, 90, 108, 108, 114, 127, 127, 125, 108, 97, 84, 73, 57, 42, 39, 18, 0, 10, 0, 11, 13, 28, 39, 50, 70, 97, 117, 114, 127, 127, 121, 119, 113, 102, 77, 67]","[0, 11, 7, 17, 33, 46, 58, 77, 84, 103, 116, 117, 127, 124, 119, 103, 95, 71, 48, 31, 15, 11, 9, 0, 10, 3, 28, 27, 50, 66, 84, 90, 108, 108, 114, 127, 127, 125, 108, 97, 84, 73, 57, 42, 39, 18, 0, 10, 0, 11, 13, 28, 39, 50, 70, 97, 117, 114, 127, 127, 121, 119, 113, 102, 77, 67]"
Linear,10,exact_guidance_u,218,0,68,67,"[129, 0, 11, 7, 17, 33, 46, 58, 77, 84, 103, 116, 117, 127, 124, 119, 127, 103, 95, 71, 48, 31, 15, 11, 9, 0, 10, 3, 28, 27, 50, 66, 84, 90, 108, 108, 114, 127, 127, 125, 108, 97, 84, 73, 57, 42, 39, 18, 0, 10, 0, 11, 13, 28, 39, 50, 70, 97, 117, 114, 127, 127, 121, 119, 113, 102, 77, 67]","[0, 11, 7, 17, 33, 46, 58, 77, 84, 103, 116, 117, 127, 124, 119, 127, 103, 95, 71, 48, 31, 15, 11, 9, 0, 10, 3, 28, 27, 50, 66, 84, 90, 108, 108, 114, 127, 127, 125, 108, 97, 84, 73, 57, 42, 39, 18, 0, 10, 0, 11, 13, 28, 39, 50, 70, 97, 117, 114, 127, 127, 121, 119, 113, 102, 77, 67]"
Linear,10,exact_guidance_u,219,0,68,67,"[129, 0, 11, 7, 17, 33, 46, 58, 77, 84, 103, 116, 117, 127, 124, 119, 127, 103, 95, 71, 48, 31, 15, 11, 9, 0, 10, 3, 28, 27, 50, 66, 84, 90, 108, 108, 114, 127, 127, 125, 108, 97, 84, 73, 57, 42, 39, 18, 0, 10, 0, 11, 13, 28, 39, 50, 70, 97, 117, 114, 127, 127, 121, 119, 113, 102, 77, 67]","[0, 11, 7, 17, 33, 46, 58, 77, 84, 103, 116, 117, 127, 124, 119, 127, 103, 95, 71, 48, 31, 15, 11, 9, 0, 10, 3, 28, 27, 50, 66, 84, 90, 108, 108, 114, 127, 127, 125, 108, 97, 84, 73, 57, 42, 39, 18, 0, 10, 0, 11, 13, 28, 39, 50, 70, 97, 117, 114, 127, 127, 121, 119, 113, 102, 77, 67]"
Linear,10,exact_guidance_u,220,0,69,68,"[129, 0, 11, 7, 17, 33, 46, 58, 77, 84, 103, 116, 117, 127, 124, 119, 127, 103, 113, 95, 71, 48, 31, 15, 11, 9, 0, 10, 3, 28, 27, 50, 66, 84, 90, 108, 108, 114, 127, 127, 125, 108, 97, 84, 73, 57, 42, 39, 18, 0, 10, 0, 11, 13, 28, 39, 50, 70, 97, 117, 114, 127, 127, 121, 119, 113, 102, 77, 67]","[0, 11, 7, 17, 33, 46, 58, 77, 84, 103, 116, 117, 127, 124, 119, 127, 103, 113, 95, 71, 48, 31, 15, 11, 9, 0, 10, 3, 28, 27, 50, 66, 84, 90, 108, 108, 114, 127, 127, 125, 108, 97, 84, 73, 57, 42, 39, 18, 0, 10, 0, 11, 13, 28, 39, 50, 70, 97, 117, 114, 127, 127, 121, 119, 113, 102, 77, 67]"
Linear,10,exact_guidance_u,221,0,69,68,"[129, 0, 11, 7, 17, 33, 46, 58, 77, 84, 103, 116, 117, 127, 124, 119, 127, 103, 113, 95, 71, 48, 31, 15, 11, 9, 0, 10, 3, 28, 27, 50, 66, 84, 90, 108, 108, 114, 127, 127, 125, 108, 97, 84, 73, 57, 42, 39, 18, 0, 10, 0, 11, 13, 28, 39, 50, 70, 97, 117, 114, 127, 127, 121, 119, 113, 102, 77, 67]","[0, 11, 7, 17, 33, 46, 58, 77, 84, 103, 116, 117, 127, 124, 119, 127, 103, 113, 95, 71, 48, 31, 15, 11, 9, 0, 10, 3, 28, 27, 50, 66, 84, 90, 108, 108, 114, 127, 127, 125, 108, 97, 84, 73, 57, 42, 39, 18, 0, 10, 0, 11, 13, 28, 39, 50, 70, 97, 117, 114, 127, 127, 121, 119, 113, 102, 77, 67]"
Linear,10,exact_guidance_u,222,0,70,69,"[129, 0, 11, 7, 17, 33, 46, 58, 77, 84, 103, 116, 117, 127, 124, 119, 127, 103, 113, 95, 71, 48, 31, 15, 11, 9, 0, 10, 3, 28, 27, 50, 66, 84, 90, 108, 108, 114, 127, 127, 125, 126, 108, 97, 84, 73, 57, 42, 39, 18, 0, 10, 0, 11, 13, 28, 39, 50, 70, 97, 117, 114, 127, 127, 121, 119, 113, 102, 77, 67]","[0, 11, 7, 17, 33, 46, 58, 77, 84, 103, 116, 117, 127, 124, 119, 127, 103, 113, 95, 71, 48, 31, 15, 11, 9, 0, 10, 3, 28, 27, 50, 66, 84, 90, 108, 108, 114, 127, 127, 125, 126, 108, 97, 84, 73, 57, 42, 39, 18, 0, 10, 0, 11, 13, 28, 39, 50, 70, 97, 117, 114, 127, 127, 121, 119, 113, 102, 77, 67]"
Linear,10,exact_guidance_u,223,0,71,70,"[129, 0, 11, 7, 17, 33, 46, 58, 77, 84, 103, 116, 117, 127, 124, 119, 127, 103, 113, 95, 71, 48, 31, 15, 11, 9, 0, 10, 3, 28, 27, 50, 66, 84, 90, 108, 108, 114, 127, 127, 125, 126, 108, 97, 84, 73, 57, 42, 39, 18, 0, 8, 10, 0, 11, 13, 28, 39, 50, 70, 97, 117, 114, 127, 127, 121, 119, 113, 102, 77, 67]","[0, 11, 7, 17, 33, 46, 58, 77, 84, 103, 116, 117, 127, 124, 119, 127, 103, 113, 95, 71, 48, 31, 15, 11, 9, 0, 10, 3, 28, 27, 50, 66, 84, 90, 108, 108, 114, 127, 127, 125, 126, 108, 97, 84, 73, 57, 42, 39, 18, 0, 8, 10, 0, 11, 13, 28, 39, 50, 70, 97, 117, 114, 127, 127, 121, 119, 113, 102, 77, 67]"
Linear,10,exact_guidance_u,224,0,72,71,"[129, 0, 11, 7, 17, 25, 33, 46, 58, 77, 84, 103, 116, 117, 127, 124, 119, 127, 103, 113, 95, 71, 48, 31, 15, 11, 9, 0, 10, 3, 28, 27, 50, 66, 84, 90, 108, 108, 114, 127, 127, 125, 126, 108, 97, 84, 73, 57, 42, 39, 18, 0, 8, 10, 0, 11, 13, 28, 39, 50, 70, 97, 117, 114, 127, 127, 121, 119, 113, 102, 77, 67]","[0, 11, 7, 17, 25, 33, 46, 58, 77, 84, 103, 116, 117, 127, 124, 119, 127, 103, 113, 95, 71, 48, 31, 15, 11, 9, 0, 10, 3, 28, 27, 50, 66, 84, 90, 108, 108, 114, 127, 127, 125, 126, 108, 97, 84, 73, 57, 42, 39, 18, 0, 8, 10, 0, 11, 13, 28, 39, 50, 70, 97, 117, 114, 127, 127, 121, 119, 113, 102, 77, 67]"
Linear,10,exact_guidance_u,225,0,72,71,"[129, 0, 11, 7, 17, 25, 33, 46, 58, 77, 84, 103, 116, 117, 127, 124, 119, 127, 103, 113, 95, 71, 48, 31, 15, 11, 9, 0, 10, 3, 28, 27, 50, 66, 84, 90, 108, 108, 114, 127, 127, 125, 126, 108, 97, 84, 73, 57, 42, 39, 18, 0, 8, 10, 0, 11, 13, 28, 39, 50, 70, 97, 117, 114, 127, 127, 121, 119, 113, 102, 77, 67]","[0, 11, 7, 17, 25, 33, 46, 58, 77, 84, 103, 116, 117, 127, 124, 119, 127, 103, 113, 95, 71, 48, 31, 15, 11, 9, 0, 10, 3, 28, 27, 50, 66, 84, 90, 108, 108, 114, 127, 127, 125, 126, 108, 97, 84, 73, 57, 42, 39, 18, 0, 8, 10, 0, 11, 13, 28, 39, 50, 70, 97, 117, 114, 127, 127, 121, 119, 113, 102, 77, 67]"
Linear,10,exact_guidance_u,226,0,76,75,"[129, 0, 11, 7, 17, 25, 33, 46, 58, 77, 84, 103, 116, 117, 127, 124, 119, 127, 103, 113, 95, 71, 48, 31, 15, 11, 11, 9, 0, 10, 3, 28, 27, 50, 66, 84, 90, 108, 108, 114, 127, 127, 125, 126, 108, 97, 84, 73, 57, 42, 39, 18, 4, 0, 8, 10, 0, 11, 13, 28, 39, 50, 70, 92, 97, 117, 114, 127, 127, 118, 121, 119, 113, 102, 77, 67]","[0, 11, 7, 17, 25, 33, 46, 58, 77, 84, 103, 116, 117, 127, 124, 119, 127, 103, 113, 95, 71, 48, 31, 15, 11, 11, 9, 0, 10, 3, 28, 27, 50, 66, 84, 90, 108, 108, 114, 127, 127, 125, 126, 108, 97, 84, 73, 57, 42, 39, 18, 4, 0, 8, 10, 0, 11, 13, 28, 39, 50, 70, 92, 97, 117, 114, 127, 127, 118, 121, 119, 113, 102, 77, 67]"
Linear,10,exact_guidance_u,227,0,76,75,"[129, 0, 11, 7, 17, 25, 33, 46, 58, 77, 84, 103, 116, 117, 127, 124, 119, 127, 103, 113, 95, 71, 48, 31, 15, 11, 11, 9, 0, 10, 3, 28, 27, 50, 66, 84, 90, 108, 108, 114, 127, 127, 125, 126, 108, 97, 84, 73, 57, 42, 39, 18, 4, 0, 8, 10, 0, 11, 13, 28, 39, 50, 70, 92, 97, 117, 114, 127, 127, 118, 121, 119, 113, 102, 77, 67]","[0, 11, 7, 17, 25, 33, 46, 58, 77, 84, 103, 116, 117, 127, 124, 119, 127, 103, 113, 95, 71, 48, 31, 15, 11, 11, 9, 0, 10, 3, 28, 27, 50, 66, 84, 90, 108, 108, 114, 127, 127, 125, 126, 108, 97, 84, 73, 57, 42, 39, 18, 4, 0, 8, 10, 0, 11, 13, 28, 39, 50, 70, 92, 97, 117, 114, 127, 127, 118, 121, 119, 113, 102, 77, 67]"
Linear,10,exact_guidance_u,228,0,76,75,"[129, 0, 11, 7, 17, 25, 33, 46, 58, 77, 84, 103, 116, 117, 127, 124, 119, 127, 103, 113, 95, 71, 48, 31, 15, 11, 11, 9, 0, 10, 3, 28, 27, 50, 66, 84, 90, 108, 108, 114, 127, 127, 125, 126, 108, 97, 84, 73, 57, 42, 39, 18, 4, 0, 8, 10, 0, 11, 13, 28, 39, 50, 70, 92, 97, 117, 114, 127, 127, 118, 121, 119, 113, 102, 77, 67]","[0, 11, 7, 17, 25, 33, 46, 58, 77, 84, 103, 116, 117, 127, 124, 119, 127, 103, 113, 95, 71, 48, 31, 15, 11, 11, 9, 0, 10, 3, 28, 27, 50, 66, 84, 90, 108, 108, 114, 127, 127, 125, 126, 108, 97, 84, 73, 57, 42, 39, 18, 4, 0, 8, 10, 0, 11, 13, 28, 39, 50, 70, 92, 97, 117, 114, 127, 127, 118, 121, 119, 113, 102, 77, 67]"
Linear,10,exact_guidance_u,229,0,77,76,"[129, 0, 11, 7, 17, 25, 33, 46, 58, 77, 84, 103, 116, 117, 127, 124, 119, 127, 103, 113, 95, 71, 48, 31, 15, 11, 11, 9, 0, 10, 3, 28, 27, 48, 50, 66, 84, 90, 108, 108, 114, 127, 127, 125, 126, 108, 97, 84, 73, 57, 42, 39, 18, 4, 0, 8, 10, 0, 11, 13, 28, 39, 50, 70, 92, 97, 117, 114, 127, 127, 118, 121, 119, 113, 102, 77, 67]","[0, 11, 7, 17, 25, 33, 46, 58, 77, 84, 103, 116, 117, 127, 124, 119, 127, 103, 113, 95, 71, 48, 31, 15, 11, 11, 9, 0, 10, 3, 28, 27, 48, 50, 66, 84, 90, 108, 108, 114, 127, 127, 125, 126, 108, 97, 84, 73, 57, 42, 39, 18, 4, 0, 8, 10, 0, 11, 13, 28, 39, 50, 70, 92, 97, 117, 114, 127, 127, 118, 121, 119, 113, 102, 77, 67]"
Linear,10,exact_guidance_u,230,0,77,76,"[129, 0, 11, 7, 17, 25, 33, 46, 58, 77, 84, 103, 116, 117, 127, 124, 119, 127, 103, 113, 95, 71, 48, 31, 15, 11, 11, 9, 0, 10, 3, 28, 27, 48, 50, 66, 84, 90, 108, 108, 114, 127, 127, 125, 126, 108, 97, 84, 73, 57, 42, 39, 18, 4, 0, 8, 10, 0, 11, 13, 28, 39, 50, 70, 92, 97, 117, 114, 127, 127, 118, 121, 119, 113, 102, 77, 67]","[0, 11, 7, 17, 25, 33, 46, 58, 77, 84, 103, 116, 117, 127, 124, 119, 127, 103, 113, 95, 71, 48, 31, 15, 11, 11, 9, 0, 10, 3, 28, 27, 48, 50, 66, 84, 90, 108, 108, 114, 127, 127, 125, 126, 108, 97, 84, 73, 57, 42, 39, 18, 4, 0, 8, 10, 0, 11, 13, 28, 39, 50, 70, 92, 97, 117, 114, 127, 127, 118, 121, 119, 113, 102, 77, 67]"
Linear,10,exact_guidance_u,231,0,78,77,"[129, 0, 2, 11, 7, 17, 25, 33, 46, 58, 77, 84, 103, 116, 117, 127, 124, 119, 127, 103, 113, 95, 71, 48, 31, 15, 11, 11, 9, 0, 10, 3, 28, 27, 48, 50, 66, 84, 90, 108, 108, 114, 127, 127, 125, 126, 108, 97, 84, 73, 57, 42, 39, 18, 4, 0, 8, 10, 0, 11, 13, 28, 39, 50, 70, 92, 97, 117, 114, 127, 127, 118, 121, 119, 113, 102, 77, 67]","[0, 2, 11, 7, 17, 25, 33, 46, 58, 77, 84, 103, 116, 117, 127, 124, 119, 127, 103, 113, 95, 71, 48, 31, 15, 11, 11, 9, 0, 10, 3, 28, 27, 48, 50, 66, 84, 90, 108, 108, 114, 127, 127, 125, 126, 108, 97, 84, 73, 57, 42, 39, 18, 4, 0, 8, 10, 0, 11, 13, 28, 39, 50, 70, 92, 97, 117, 114, 127, 127, 118, 121, 119, 113, 102, 77, 67]"
Linear,10,exact_guidance_u,232,0,79,78,"[129, 0, 2, 11, 7, 17, 25, 33, 46, 58, 77, 84, 103, 116, 117, 127, 124, 119, 127, 103, 113, 95, 83, 71, 48, 31, 15, 11, 11, 9, 0, 10, 3, 28, 27, 48, 50, 66, 84, 90, 108, 108, 114, 127, 127, 125, 126, 108, 97, 84, 73, 57, 42, 39, 18, 4, 0, 8, 10, 0, 11, 13, 28, 39, 50, 70, 92, 97, 117, 114, 127, 127, 118, 121, 119, 113, 102, 77, 67]","[0, 2, 11, 7, 17, 25, 33, 46, 58, 77, 84, 103, 116, 117, 127, 124, 119, 127, 103, 113, 95, 83, 71, 48, 31, 15, 11, 11, 9, 0, 10, 3, 28, 27, 48, 50, 66, 84, 90, 108, 108, 114, 127, 127, 125, 126, 108, 97, 84, 73, 57, 42, 39, 18, 4, 0, 8, 10, 0, 11, 13, 28, 39, 50, 70, 92, 97, 117, 114, 127, 127, 118, 121, 119, 113, 102, 77, 67]"
Linear,10,exact_guidance_u,233,0,79,78,"[129, 0, 2, 11, 7, 17, 25, 33, 46, 58, 77, 84, 103, 116, 117, 127, 124, 119, 127, 103, 113, 95, 83, 71, 48, 31, 15, 11, 11, 9, 0, 10, 3, 28, 27, 48, 50, 66, 84, 90, 108, 108, 114, 127, 127, 125, 126, 108, 97, 84, 73, 57, 42, 39, 18, 4, 0, 8, 10, 0, 11, 13, 28, 39, 50, 70, 92, 97, 117, 114, 127, 127, 118, 121, 119, 113, 102, 77, 67]","[0, 2, 11, 7, 17, 25, 33, 46, 58, 77, 84, 103, 116, 117, 127, 124, 119, 127, 103, 113, 95, 83, 71, 48, 31, 15, 11, 11, 9, 0, 10, 3, 28, 27, 48, 50, 66, 84, 90, 108, 108, 114, 127, 127, 125, 126, 108, 97, 84, 73, 57, 42, 39, 18, 4, 0, 8, 10, 0, 11, 13, 28, 39, 50, 70, 92, 97, 117, 114, 127, 127, 118, 121, 119, 113, 102, 77, 67]"
Linear,10,exact_guidance_u,234,0,79,78,"[129, 0, 2, 11, 7, 17, 25, 33, 46, 58, 77, 84, 103, 116, 117, 127, 124, 119, 127, 103, 113, 95, 83, 71, 48, 31, 15, 11, 11, 9, 0, 10, 3, 28, 27, 48, 50, 66, 84, 90, 108, 108, 114, 127, 127, 125, 126, 108, 97, 84, 73, 57, 42, 39, 18, 4, 0, 8, 10, 0, 11, 13, 28, 39, 50, 70, 92, 97, 117, 114, 127, 127, 118, 121, 119, 113, 102, 77, 67]","[0, 2, 11, 7, 17, 25, 33, 46, 58, 77, 84, 103, 116, 117, 127, 124, 119, 127, 103, 113, 95, 83, 71, 48, 31, 15, 11, 11, 9, 0, 10, 3, 28, 27, 48, 50, 66, 84, 90, 108, 108, 114, 127, 127, 125, 126, 108, 97, 84, 73, 57, 42, 39, 18, 4, 0, 8, 10, 0, 11, 13, 28, 39, 50, 70, 92, 97, 117, 114, 127, 127, 118, 121, 119, 113, 102, 77, 67]"
Linear,10,exact_guidance_u,235,0,80,79,"[129, 0, 2, 11, 7, 17, 25, 33, 46, 58, 77, 84, 103, 116, 117, 127, 124, 119, 127, 103, 113, 95, 83, 71, 48, 31, 15, 11, 11, 9, 0, 10, 3, 28, 27, 48, 50, 66, 84, 90, 108, 108, 114, 127, 127, 125, 126, 108, 97, 84, 73, 57, 42, 39, 18, 4, 0, 8, 10, 0, 11, 13, 28, 39, 50, 67, 70, 92, 97, 117, 114, 127, 127, 118, 121, 119, 113, 102, 77, 67]","[0, 2, 11, 7, 17, 25, 33, 46, 58, 77, 84, 103, 116, 117, 127, 124, 119, 127, 103, 113, 95, 83, 71, 48, 31, 15, 11, 11, 9, 0, 10, 3, 28, 27, 48, 50, 66, 84, 90, 108, 108, 114, 127, 127, 125, 126, 108, 97, 84, 73, 57, 42, 39, 18, 4, 0, 8, 10, 0, 11, 13, 28, 39, 50, 67, 70, 92, 97, 117, 114, 127, 127, 118, 121, 119, 113, 102, 77, 67]"
Linear,10,exact_guidance_u,236,0,80,79,"[129, 0, 2, 11, 7, 17, 25, 33, 46, 58, 77, 84, 103, 116, 117, 127, 124, 119, 127, 103, 113, 95, 83, 71, 48, 31, 15, 11, 11, 9, 0, 10, 3, 28, 27, 48, 50, 66, 84, 90, 108, 108, 114, 127, 127, 125, 126, 108, 97, 84, 73, 57, 42, 39, 18, 4, 0, 8, 10, 0, 11, 13, 28, 39, 50, 67, 70, 92, 97, 117, 114, 127, 127, 118, 121, 119, 113, 102, 77, 67]","[0, 2, 11, 7, 17, 25, 33, 46, 58, 77, 84, 103, 116, 117, 127, 124, 119, 127, 103, 113, 95, 83, 71, 48, 31, 15, 11, 11, 9, 0, 10, 3, 28, 27, 48, 50, 66, 84, 90, 108, 108, 114, 127, 127, 125, 126, 108, 97, 84, 73, 57, 42, 39, 18, 4, 0, 8, 10, 0, 11, 13, 28, 39, 50, 67, 70, 92, 97, 117, 114, 127, 127, 118, 121, 119, 113, 102, 77, 67]"
Linear,10,exact_guidance_u,237,0,80,79,"[129, 0, 2, 11, 7, 17, 25, 33, 46, 58, 77, 84, 103, 116, 117, 127, 124, 119, 127, 103, 113, 95, 83, 71, 48, 31, 15, 11, 11, 9, 0, 10, 3, 28, 27, 48, 50, 66, 84, 90, 108, 108, 114, 127, 127, 125, 126, 108, 97, 84, 73, 57, 42, 39, 18, 4, 0, 8, 10, 0, 11, 13, 28, 39, 50, 67, 70, 92, 97, 117, 114, 127, 127, 118, 121, 119, 113, 102, 77, 67]","[0, 2, 11, 7, 17, 25, 33, 46, 58, 77, 84, 103, 116, 117, 127, 124, 119, 127, 103, 113, 95, 83, 71, 48, 31, 15, 11, 11, 9, 0, 10, 3, 28, 27, 48, 50, 66, 84, 90, 108, 108, 114, 127, 127, 125, 126, 108, 97, 84, 73, 57, 42, 39, 18, 4, 0, 8, 10, 0, 11, 13, 28, 39, 50, 67, 70, 92, 97, 117, 114, 127, 127, 118, 121, 119, 113, 102, 77, 67]"
Linear,10,exact_guidance_u,238,0,80,79,"[129, 0, 2, 11, 7, 17, 25, 33, 46, 58, 77, 84, 103, 116, 117, 127, 124, 119, 127, 103, 113, 95, 83, 71, 48, 31, 15, 11, 11, 9, 0, 10, 3, 28, 27, 48, 50, 66, 84, 90, 108, 108, 114, 127, 127, 125, 126, 108, 97, 84, 73, 57, 42, 39, 18, 4, 0, 8, 10, 0, 11, 13, 28, 39, 50, 67, 70, 92, 97, 117, 114, 127, 127, 118, 121, 119, 113, 102, 77, 67]","[0, 2, 11, 7, 17, 25, 33, 46, 58, 77, 84, 103, 116, 117, 127, 124, 119, 127, 103, 113, 95, 83, 71, 48, 31, 15, 11, 11, 9, 0, 10, 3, 28, 27, 48, 50, 66, 84, 90, 108, 108, 114, 127, 127, 125, 126, 108, 97, 84, 73, 57, 42, 39, 18, 4, 0, 8, 10, 0, 11, 13, 28, 39, 50, 67, 70, 92, 97, 117, 114, 127, 127, 118, 121, 119, 113, 102, 77, 67]"
Linear,10,exact_guidance_u,239,0,80,79,"[129, 0, 2, 11, 7, 17, 25, 33, 46, 58, 77, 84, 103, 116, 117, 127, 124, 119, 127, 103, 113, 95, 83, 71, 48, 31, 15, 11, 11, 9, 0, 10, 3, 28, 27, 48, 50, 66, 84, 90, 108, 108, 114, 127, 127, 125, 126, 108, 97, 84, 73, 57, 42, 39, 18, 4, 0, 8, 10, 0, 11, 13, 28, 39, 50, 67, 70, 92, 97, 117, 114, 127, 127, 118, 121, 119, 113, 102, 77, 67]","[0, 2, 11, 7, 17, 25, 33, 46, 58, 77, 84, 103, 116, 117, 127, 124, 119, 127, 103, 113, 95, 83, 71, 48, 31, 15, 11, 11, 9, 0, 10, 3, 28, 27, 48, 50, 66, 84, 90, 108, 108, 114, 127, 127, 125, 126, 108, 97, 84, 73, 57, 42, 39, 18, 4, 0, 8, 10, 0, 11, 13, 28, 39, 50, 67, 70, 92, 97, 117, 114, 127, 127, 118, 121, 119, 113, 102, 77, 67]"
Linear,10,exact_guidance_u,240,0,82,81,"[129, 0, 2, 11, 7, 17, 25, 33, 46, 58, 77, 84, 103, 116, 117, 127, 124, 119, 127, 103, 113, 95, 83, 71, 48, 31, 15, 11, 11, 9, 0, 10, 3, 28, 27, 48, 50, 66, 84, 90, 108, 108, 114, 127, 127, 127, 125, 126, 108, 102, 97, 84, 73, 57, 42, 39, 18, 4, 0, 8, 10, 0, 11, 13, 28, 39, 50, 67, 70, 92, 97, 117, 114, 127, 127, 118, 121, 119, 113, 102, 77, 67]","[0, 2, 11, 7, 17, 25, 33, 46, 58, 77, 84, 103, 116, 117, 127, 124, 119, 127, 103, 113, 95, 83, 71, 48, 31, 15, 11, 11, 9, 0, 10, 3, 28, 27, 48, 50, 66, 84, 90, 108, 108, 114, 127, 127, 127, 125, 126, 108, 102, 97, 84, 73, 57, 42, 39, 18, 4, 0, 8, 10, 0, 11, 13, 28, 39, 50, 67, 70, 92, 97, 117, 114, 127, 127, 118, 121, 119, 113, 102, 77, 67]"
Linear,10,exact_guidance_u,241,0,82,81,"[129, 0, 2, 11, 7, 17, 25, 33, 46, 58, 77, 84, 103, 116, 117, 127, 124, 119, 127, 103, 113, 95, 83, 71, 48, 31, 15, 11, 11, 9, 0, 10, 3, 28, 27, 48, 50, 66, 84, 90, 108, 108, 114, 127, 127, 127, 125, 126, 108, 102, 97, 84, 73, 57, 42, 39, 18, 4, 0, 8, 10, 0, 11, 13, 28, 39, 50, 67, 70, 92, 97, 117, 114, 127, 127, 118, 121, 119, 113, 102, 77, 67]","[0, 2, 11, 7, 17, 25, 33, 46, 58, 77, 84, 103, 116, 117, 127, 124, 119, 127, 103, 113, 95, 83, 71, 48, 31, 15, 11, 11, 9, 0, 10, 3, 28, 27, 48, 50, 66, 84, 90, 108, 108, 114, 127, 127, 127, 125, 126, 108, 102, 97, 84, 73, 57, 42, 39, 18, 4, 0, 8, 10, 0, 11, 13, 28, 39, 50, 67, 70, 92, 97, 117, 114, 127, 127, 118, 121, 119, 113, 102, 77, 67]"
Linear,10,exact_guidance_u,242,0,82,81,"[129, 0, 2, 11, 7, 17, 25, 33, 46, 58, 77, 84, 103, 116, 117, 127, 124, 119, 127, 103, 113, 95, 83, 71, 48, 31, 15, 11, 11, 9, 0, 10, 3, 28, 27, 48, 50, 66, 84, 90, 108, 108, 114, 127, 127, 127, 125, 126, 108, 102, 97, 84, 73, 57, 42, 39, 18, 4, 0, 8, 10, 0, 11, 13, 28, 39, 50, 67, 70, 92, 97, 117, 114, 127, 127, 118, 121, 119, 113, 102, 77, 67]","[0, 2, 11, 7, 17, 25, 33, 46, 58, 77, 84, 103, 116, 117, 127, 124, 119, 127, 103, 113, 95, 83, 71, 48, 31, 15, 11, 11, 9, 0, 10, 3, 28, 27, 48, 50, 66, 84, 90, 108, 108, 114, 127, 127, 127, 125, 126, 108, 102, 97, 84, 73, 57, 42, 39, 18, 4, 0, 8, 10, 0, 11, 13, 28, 39, 50, 67, 70, 92, 97, 117, 114, 127, 127, 118, 121, 119, 113, 102, 77, 67]"
Linear,10,exact_guidance_u,243,0,83,82,"[129, 0, 2, 11, 7, 17, 25, 33, 46, 58, 77, 84, 103, 106, 116, 117, 127, 124, 119, 127, 103, 113, 95, 83, 71, 48, 31, 15, 11, 11, 9, 0, 10, 3, 28, 27, 48, 50, 66, 84, 90, 108, 108, 114, 127, 127, 127, 125, 126, 108, 102, 97, 84, 73, 57, 42, 39, 18, 4, 0, 8, 10, 0, 11, 13, 28, 39, 50, 67, 70, 92, 97, 117, 114, 127, 127, 118, 121, 119, 113, 102, 77, 67]","[0, 2, 11, 7, 17, 25, 33, 46, 58, 77, 84, 103, 106, 116, 117, 127, 124, 119, 127, 103, 113, 95, 83, 71, 48, 31, 15, 11, 11, 9, 0, 10, 3, 28, 27, 48, 50, 66, 84, 90, 108, 108, 114, 127, 127, 127, 125, 126, 108, 102, 97, 84, 73, 57, 42, 39, 18, 4, 0, 8, 10, 0, 11, 13, 28, 39, 50, 67, 70, 92, 97, 117, 114, 127, 127, 118, 121, 119, 113, 102, 77, 67]"
Linear,10,exact_guidance_u,244,0,85,84,"[129, 0, 2, 11, 7, 17, 25, 33, 46, 58, 77, 84, 103, 106, 116, 117, 127, 124, 119, 127, 103, 113, 95, 83, 71, 48, 31, 15, 11, 11, 9, 0, 10, 3, 28, 27, 48, 50, 66, 84, 90, 108, 108, 114, 127, 127, 127, 125, 126, 108, 102, 97, 84, 73, 57, 42, 39, 18, 4, 0, 8, 10, 0, 11, 11, 13, 28, 39, 50, 67, 70, 92, 97, 117, 114, 127, 127, 127, 118, 121, 119, 113, 102, 77, 67]","[0, 2, 11, 7, 17, 25, 33, 46, 58, 77, 84, 103, 106, 116, 117, 127, 124, 119, 127, 103, 113, 95, 83, 71, 48, 31, 15, 11, 11, 9, 0, 10, 3, 28, 27, 48, 50, 66, 84, 90, 108, 108, 114, 127, 127, 127, 125, 126, 108, 102, 97, 84, 73, 57, 42, 39, 18, 4, 0, 8, 10, 0, 11, 11, 13, 28, 39, 50, 67, 70, 92, 97, 117, 114, 127, 127, 127, 118, 121, 119, 113, 102, 77, 67]"
Linear,10,exact_guidance_u,245,0,85,84,"[129, 0, 2, 11, 7, 17, 25, 33, 46, 58, 77, 84, 103, 106, 116, 117, 127, 124, 119, 127, 103, 113, 95, 83, 71, 48, 31, 15, 11, 11, 9, 0, 10, 3, 28, 27, 48, 50, 66, 84, 90, 108, 108, 114, 127, 127, 127, 125, 126, 108, 102, 97, 84, 73, 57, 42, 39, 18, 4, 0, 8, 10, 0, 11, 11, 13, 28, 39, 50, 67, 70, 92, 97, 117, 114, 127, 127, 127, 118, 121, 119, 113, 102, 77, 67]","[0, 2, 11, 7, 17, 25, 33, 46, 58, 77, 84, 103, 106, 116, 117, 127, 124, 119, 127, 103, 113, 95, 83, 71, 48, 31, 15, 11, 11, 9, 0, 10, 3, 28, 27, 48, 50, 66, 84, 90, 108, 108, 114, 127, 127, 127, 125, 126, 108, 102, 97, 84, 73, 57, 42, 39, 18, 4, 0, 8, 10, 0, 11, 11, 13, 28, 39, 50, 67, 70, 92, 97, 117, 114, 127, 127, 127, 118, 121, 119, 113, 102, 77, 67]"
Linear,10,exact_guidance_u,246,0,85,84,"[129, 0, 2, 11, 7, 17, 25, 33, 46, 58, 77, 84, 103, 106, 116, 117, 127, 124, 119, 127, 103, 113, 95, 83, 71, 48, 31, 15, 11, 11, 9, 0, 10, 3, 28, 27, 48, 50, 66, 84, 90, 108, 108, 114, 127, 127, 127, 125, 126, 108, 102, 97, 84, 73, 57, 42, 39, 18, 4, 0, 8, 10, 0, 11, 11, 13, 28, 39, 50, 67, 70, 92, 97, 117, 114, 127, 127, 127, 118, 121, 119, 113, 102, 77, 67]","[0, 2, 11, 7, 17, 25, 33, 46, 58, 77, 84, 103, 106, 116, 117, 127, 124, 119, 127, 103, 113, 95, 83, 71, 48, 31, 15, 11, 11, 9, 0, 10, 3, 28, 27, 48, 50, 66, 84, 90, 108, 108, 114, 127, 127, 127, 125, 126, 108, 102, 97, 84, 73, 57, 42, 39, 18, 4, 0, 8, 10, 0, 11, 11, 13, 28, 39, 50, 67, 70, 92, 97, 117, 114, 127, 127, 127, 118, 121, 119, 113, 102, 77, 67]"
Linear,10,exact_guidance_u,247,0,85,84,"[129, 0, 2, 11, 7, 17, 25, 33, 46, 58, 77, 84, 103, 106, 116, 117, 127, 124, 119, 127, 103, 113, 95, 83, 71, 48, 31, 15, 11, 11, 9, 0, 10, 3, 28, 27, 48, 50, 66, 84, 90, 108, 108, 114, 127, 127, 127, 125, 126, 108, 102, 97, 84, 73, 57, 42, 39, 18, 4, 0, 8, 10, 0, 11, 11, 13, 28, 39, 50, 67, 70, 92, 97, 117, 114, 127, 127, 127, 118, 121, 119, 113, 102, 77, 67]","[0, 2, 11, 7, 17, 25, 33, 46, 58, 77, 84, 103, 106, 116, 117, 127, 124, 119, 127, 103, 113, 95, 83, 71, 48, 31, 15, 11, 11, 9, 0, 10, 3, 28, 27, 48, 50, 66, 84, 90, 108, 108, 114, 127, 127, 127, 125, 126, 108, 102, 97, 84, 73, 57, 42, 39, 18, 4, 0, 8, 10, 0, 11, 11, 13, 28, 39, 50, 67, 70, 92, 97, 117, 114, 127, 127, 127, 118, 121, 119, 113, 102, 77, 67]"
Linear,10,exact_guidance_u,248,0,85,84,"[129, 0, 2, 11, 7, 17, 25, 33, 46, 58, 77, 84, 103, 106, 116, 117, 127, 124, 119, 127, 103, 113, 95, 83, 71, 48, 31, 15, 11, 11, 9, 0, 10, 3, 28, 27, 48, 50, 66, 84, 90, 108, 108, 114, 127, 127, 127, 125, 126, 108, 102, 97, 84, 73, 57, 42, 39, 18, 4, 0, 8, 10, 0, 11, 11, 13, 28, 39, 50, 67, 70, 92, 97, 117, 114, 127, 127, 127, 118, 121, 119, 113, 102, 77, 67]","[0, 2, 11, 7, 17, 25, 33, 46, 58, 77, 84, 103, 106, 116, 117, 127, 124, 119, 127, 103, 113, 95, 83, 71, 48, 31, 15, 11, 11, 9, 0, 10, 3, 28, 27, 48, 50, 66, 84, 90, 108, 108, 114, 127, 127, 127, 125, 126, 108, 102, 97, 84, 73, 57, 42, 39, 18, 4, 0, 8, 10, 0, 11, 11, 13, 28, 39, 50, 67, 70, 92, 97, 117, 114, 127, 127, 127, 118, 121, 119, 113, 102, 77, 67]"
Linear,10,exact_guidance_u,249,0,85,84,"[129, 0, 2, 11, 7, 17, 25, 33, 46, 58, 77, 84, 103, 106, 116, 117, 127, 124, 119, 127, 103, 113, 95, 83, 71, 48, 31, 15, 11, 11, 9, 0, 10, 3, 28, 27, 48, 50, 66, 84, 90, 108, 108, 114, 127, 127, 127, 125, 126, 108, 102, 97, 84, 73, 57, 42, 39, 18, 4, 0, 8, 10, 0, 11, 11, 13, 28, 39, 50, 67, 70, 92, 97, 117, 114, 127, 127, 127, 118, 121, 119, 113, 102, 77, 67]","[0, 2, 11, 7, 17, 25, 33, 46, 58, 77, 84, 103, 106, 116, 117, 127, 124, 119, 127, 103, 113, 95, 83, 71, 48, 31, 15, 11, 11, 9, 0, 10, 3, 28, 27, 48, 50, 66, 84, 90, 108, 108, 114, 127, 127, 127, 125, 126, 108, 102, 97, 84, 73, 57, 42, 39, 18, 4, 0, 8, 10, 0, 11, 11, 13, 28, 39, 50, 67, 70, 92, 97, 117, 114, 127, 127, 127, 118, 121, 119, 113, 102, 77, 67]"
Linear,10,exact_guidance_u,250,0,86,85,"[129, 0, 2, 11, 7, 17, 25, 33, 46, 58, 77, 84, 103, 106, 116, 117, 127, 124, 119, 127, 103, 113, 95, 83, 71, 60, 48, 31, 15, 11, 11, 9, 0, 10, 3, 28, 27, 48, 50, 66, 84, 90, 108, 108, 114, 127, 127, 127, 125, 126, 108, 102, 97, 84, 73, 57, 42, 39, 18, 4, 0, 8, 10, 0, 11, 11, 13, 28, 39, 50, 67, 70, 92, 97, 117, 114, 127, 127, 127, 118, 121, 119, 113, 102, 77, 67]","[0, 2, 11, 7, 17, 25, 33, 46, 58, 77, 84, 103, 106, 116, 117, 127, 124, 119, 127, 103, 113, 95, 83, 71, 60, 48, 31, 15, 11, 11, 9, 0, 10, 3, 28, 27, 48, 50, 66, 84, 90, 108, 108, 114, 127, 127, 127, 125, 126, 108, 102, 97, 84, 73, 57, 42, 39, 18, 4, 0, 8, 10, 0, 11, 11, 13, 28, 39, 50, 67, 70, 92, 97, 117, 114, 127, 127, 127, 118, 121, 119, 113, 102, 77, 67]"
Linear,10,exact_guidance_u,251,0,87,86,"[129, 0, 2, 11, 7, 17, 25, 33, 46, 58, 77, 84, 103, 106, 116, 117, 127, 124, 119, 127, 103, 113, 95, 83, 71, 60, 48, 31, 15, 11, 11, 9, 0, 10, 3, 6, 28, 27, 48, 50, 66, 84, 90, 108, 108, 114, 127, 127, 127, 125, 126, 108, 102, 97, 84, 73, 57, 42, 39, 18, 4, 0, 8, 10, 0, 11, 11, 13, 28, 39, 50, 67, 70, 92, 97, 117, 114, 127, 127, 127, 118, 121, 119, 113, 102, 77, 67]","[0, 2, 11, 7, 17, 25, 33, 46, 58, 77, 84, 103, 106, 116, 117, 127, 124, 119, 127, 103, 113, 95, 83, 71, 60, 48, 31, 15, 11, 11, 9, 0, 10, 3, 6, 28, 27, 48, 50, 66, 84, 90, 108, 108, 114, 127, 127, 127, 125, 126, 108, 102, 97, 84, 73, 57, 42, 39, 18, 4, 0, 8, 10, 0, 11, 11, 13, 28, 39, 50, 67, 70, 92, 97, 117, 114, 127, 127, 127, 118, 121, 119, 113, 102, 77, 67]"
Linear,10,exact_guidance_u,252,0,87,86,"[129, 0, 2, 11, 7, 17, 25, 33, 46, 58, 77, 84, 103, 106, 116, 117, 127, 124, 119, 127, 103, 113, 95, 83, 71, 60, 48, 31, 15, 11, 11, 9, 0, 10, 3, 6, 28, 27, 48, 50, 66, 84, 90, 108, 108, 114, 127, 127, 127, 125, 126, 108, 102, 97, 84, 73, 57, 42, 39, 18, 4, 0, 8, 10, 0, 11, 11, 13, 28, 39, 50, 67, 70, 92, 97, 117, 114, 127, 127, 127, 118, 121, 119, 113, 102, 77, 67]","[0, 2, 11, 7, 17, 25, 33, 46, 58, 77, 84, 103, 106, 116, 117, 127, 124, 119, 127, 103, 113, 95, 83, 71, 60, 48, 31, 15, 11, 11, 9, 0, 10, 3, 6, 28, 27, 48, 50, 66, 84, 90, 108, 108, 114, 127, 127, 127, 125, 126, 108, 102, 97, 84, 73, 57, 42, 39, 18, 4, 0, 8, 10, 0, 11, 11, 13, 28, 39, 50, 67, 70, 92, 97, 117, 114, 127, 127, 127, 118, 121, 119, 113, 102, 77, 67]"
Linear,10,exact_guidance_u,253,0,87,86,"[129, 0, 2, 11, 7, 17, 25, 33, 46, 58, 77, 84, 103, 106, 116, 117, 127, 124, 119, 127, 103, 113, 95, 83, 71, 60, 48, 31, 15, 11, 11, 9, 0, 10, 3, 6, 28, 27, 48, 50, 66, 84, 90, 108, 108, 114, 127, 127, 127, 125, 126, 108, 102, 97, 84, 73, 57, 42, 39, 18, 4, 0, 8, 10, 0, 11, 11, 13, 28, 39, 50, 67, 70, 92, 97, 117, 114, 127, 127, 127, 118, 121, 119, 113, 102, 77, 67]","[0, 2, 11, 7, 17, 25, 33, 46, 58, 77, 84, 103, 106, 116, 117, 127, 124, 119, 127, 103, 113, 95, 83, 71, 60, 48, 31, 15, 11, 11, 9, 0, 10, 3, 6, 28, 27, 48, 50, 66, 84, 90, 108, 108, 114, 127, 127, 127, 125, 126, 108, 102, 97, 84, 73, 57, 42, 39, 18, 4, 0, 8, 10, 0, 11, 11, 13, 28, 39, 50, 67, 70, 92, 97, 117, 114, 127, 127, 127, 118, 121, 119, 113, 102, 77, 67]"
Linear,10,exact_guidance_u,254,0,87,86,"[129, 0, 2, 11, 7, 17, 25, 33, 46, 58, 77, 84, 103, 106, 116, 117, 127, 124, 119, 127, 103, 113, 95, 83, 71, 60, 48, 31, 15, 11, 11, 9, 0, 10, 3, 6, 28, 27, 48, 50, 66, 84, 90, 108, 108, 114, 127, 127, 127, 125, 126, 108, 102, 97, 84, 73, 57, 42, 39, 18, 4, 0, 8, 10, 0, 11, 11, 13, 28, 39, 50, 67, 70, 92, 97, 117, 114, 127, 127, 127, 118, 121, 119, 113, 102, 77, 67]","[0, 2, 11, 7, 17, 25, 33, 46, 58, 77, 84, 103, 106, 116, 117, 127, 124, 119, 127, 103, 113, 95, 83, 71, 60, 48, 31, 15, 11, 11, 9, 0, 10, 3, 6, 28, 27, 48, 50, 66, 84, 90, 108, 108, 114, 127, 127, 127, 125, 126, 108, 102, 97, 84, 73, 57, 42, 39, 18, 4, 0, 8, 10, 0, 11, 11, 13, 28, 39, 50, 67, 70, 92, 97, 117, 114, 127, 127, 127, 118, 121, 119, 113, 102, 77, 67]"
Linear,10,exact_guidance_u,255,0,87,86,"[129, 0, 2, 11, 7, 17, 25, 33, 46, 58, 77, 84, 103, 106, 116, 117, 127, 124, 119, 127, 103, 113, 95, 83, 71, 60, 48, 31, 15, 11, 11, 9, 0, 10, 3, 6, 28, 27, 48, 50, 66, 84, 90, 108, 108, 114, 127, 127, 127, 125, 126, 108, 102, 97, 84, 73, 57, 42, 39, 18, 4, 0, 8, 10, 0, 11, 11, 13, 28, 39, 50, 67, 70, 92, 97, 117, 114, 127, 127, 127, 118, 121, 119, 113, 102, 77, 67]","[0, 2, 11, 7, 17, 25, 33, 46, 58, 77, 84, 103, 106, 116, 117, 127, 124, 119, 127, 103, 113, 95, 83, 71, 60, 48, 31, 15, 11, 11, 9, 0, 10, 3, 6, 28, 27, 48, 50, 66, 84, 90, 108, 108, 114, 127, 127, 127, 125, 126, 108, 102, 97, 84, 73, 57, 42, 39, 18, 4, 0, 8, 10, 0, 11, 11, 13, 28, 39, 50, 67, 70, 92, 97, 117, 114, 127, 127, 127, 118, 121, 119, 113, 102, 77, 67]"
Linear,10,exact_guidance_u,256,0,87,86,"[129, 0, 2, 11, 7, 17, 25, 33, 46, 58, 77, 84, 103, 106, 116, 117, 127, 124, 119, 127, 103, 113, 95, 83, 71, 60, 48, 31, 15, 11, 11, 9, 0, 10, 3, 6, 28, 27, 48, 50, 66, 84, 90, 108, 108, 114, 127, 127, 127, 125, 126, 108, 102, 97, 84, 73, 57, 42, 39, 18, 4, 0, 8, 10, 0, 11, 11, 13, 28, 39, 50, 67, 70, 92, 97, 117, 114, 127, 127, 127, 118, 121, 119, 113, 102, 77, 67]","[0, 2, 11, 7, 17, 25, 33, 46, 58, 77, 84, 103, 106, 116, 117, 127, 124, 119, 127, 103, 113, 95, 83, 71, 60, 48, 31, 15, 11, 11, 9, 0, 10, 3, 6, 28, 27, 48, 50, 66, 84, 90, 108, 108, 114, 127, 127, 127, 125, 126, 108, 102, 97, 84, 73, 57, 42, 39, 18, 4, 0, 8, 10, 0, 11, 11, 13, 28, 39, 50, 67, 70, 92, 97, 117, 114, 127, 127, 127, 118, 121, 119, 113, 102, 77, 67]"
Linear,10,exact_guidance_u,257,0,87,86,"[129, 0, 2, 11, 7, 17, 25, 33, 46, 58, 77, 84, 103, 106, 116, 117, 127, 124, 119, 127, 103, 113, 95, 83, 71, 60, 48, 31, 15, 11, 11, 9, 0, 10, 3, 6, 28, 27, 48, 50, 66, 84, 90, 108, 108, 114, 127, 127, 127, 125, 126, 108, 102, 97, 84, 73, 57, 42, 39, 18, 4, 0, 8, 10, 0, 11, 11, 13, 28, 39, 50, 67, 70, 92, 97, 117, 114, 127, 127, 127, 118, 121, 119, 113, 102, 77, 67]","[0, 2, 11, 7, 17, 25, 33, 46, 58, 77, 84, 103, 106, 116, 117, 127, 124, 119, 127, 103, 113, 95, 83, 71, 60, 48, 31, 15, 11, 11, 9, 0, 10, 3, 6, 28, 27, 48, 50, 66, 84, 90, 108, 108, 114, 127, 127, 127, 125, 126, 108, 102, 97, 84, 73, 57, 42, 39, 18, 4, 0, 8, 10, 0, 11, 11, 13, 28, 39, 50, 67, 70, 92, 97, 117, 114, 127, 127, 127, 118, 121, 119, 113, 102, 77, 67]"
Linear,10,exact_guidance_u,258,0,87,86,"[129, 0, 2, 11, 7, 17, 25, 33, 46, 58, 77, 84, 103, 106, 116, 117, 127, 124, 119, 127, 103, 113, 95, 83, 71, 60, 48, 31, 15, 11, 11, 9, 0, 10, 3, 6, 28, 27, 48, 50, 66, 84, 90, 108, 108, 114, 127, 127, 127, 125, 126, 108, 102, 97, 84, 73, 57, 42, 39, 18, 4, 0, 8, 10, 0, 11, 11, 13, 28, 39, 50, 67, 70, 92, 97, 117, 114, 127, 127, 127, 118, 121, 119, 113, 102, 77, 67]","[0, 2, 11, 7, 17, 25, 33, 46, 58, 77, 84, 103, 106, 116, 117, 127, 124, 119, 127, 103, 113, 95, 83, 71, 60, 48, 31, 15, 11, 11, 9, 0, 10, 3, 6, 28, 27, 48, 50, 66, 84, 90, 108, 108, 114, 127, 127, 127, 125, 126, 108, 102, 97, 84, 73, 57, 42, 39, 18, 4, 0, 8, 10, 0, 11, 11, 13, 28, 39, 50, 67, 70, 92, 97, 117, 114, 127, 127, 127, 118, 121, 119, 113, 102, 77, 67]"
Linear,10,exact_guidance_u,259,0,87,86,"[129, 0, 2, 11, 7, 17, 25, 33, 46, 58, 77, 84, 103, 106, 116, 117, 127, 124, 119, 127, 103, 113, 95, 83, 71, 60, 48, 31, 15, 11, 11, 9, 0, 10, 3, 6, 28, 27, 48, 50, 66, 84, 90, 108, 108, 114, 127, 127, 127, 125, 126, 108, 102, 97, 84, 73, 57, 42, 39, 18, 4, 0, 8, 10, 0, 11, 11, 13, 28, 39, 50, 67, 70, 92, 97, 117, 114, 127, 127, 127, 118, 121, 119, 113, 102, 77, 67]","[0, 2, 11, 7, 17, 25, 33, 46, 58, 77, 84, 103, 106, 116, 117, 127, 124, 119, 127, 103, 113, 95, 83, 71, 60, 48, 31, 15, 11, 11, 9, 0, 10, 3, 6, 28, 27, 48, 50, 66, 84, 90, 108, 108, 114, 127, 127, 127, 125, 126, 108, 102, 97, 84, 73, 57, 42, 39, 18, 4, 0, 8, 10, 0, 11, 11, 13, 28, 39, 50, 67, 70, 92, 97, 117, 114, 127, 127, 127, 118, 121, 119, 113, 102, 77, 67]"
Linear,10,exact_guidance_u,260,0,87,86,"[129, 0, 2, 11, 7, 17, 25, 33, 46, 58, 77, 84, 103, 106, 116, 117, 127, 124, 119, 127, 103, 113, 95, 83, 71, 60, 48, 31, 15, 11, 11, 9, 0, 10, 3, 6, 28, 27, 48, 50, 66, 84, 90, 108, 108, 114, 127, 127, 127, 125, 126, 108, 102, 97, 84, 73, 57, 42, 39, 18, 4, 0, 8, 10, 0, 11, 11, 13, 28, 39, 50, 67, 70, 92, 97, 117, 114, 127, 127, 127, 118, 121, 119, 113, 102, 77, 67]","[0, 2, 11, 7, 17, 25, 33, 46, 58, 77, 84, 103, 106, 116, 117, 127, 124, 119, 127, 103, 113, 95, 83, 71, 60, 48, 31, 15, 11, 11, 9, 0, 10, 3, 6, 28, 27, 48, 50, 66, 84, 90, 108, 108, 114, 127, 127, 127, 125, 126, 108, 102, 97, 84, 73, 57, 42, 39, 18, 4, 0, 8, 10, 0, 11, 11, 13, 28, 39, 50, 67, 70, 92, 97, 117, 114, 127, 127, 127, 118, 121, 119, 113, 102, 77, 67]"
Linear,10,exact_guidance_u,261,0,87,86,"[129, 0, 2, 11, 7, 17, 25, 33, 46, 58, 77, 84, 103, 106, 116, 117, 127, 124, 119, 127, 103, 113, 95, 83, 71, 60, 48, 31, 15, 11, 11, 9, 0, 10, 3, 6, 28, 27, 48, 50, 66, 84, 90, 108, 108, 114, 127, 127, 127, 125, 126, 108, 102, 97, 84, 73, 57, 42, 39, 18, 4, 0, 8, 10, 0, 11, 11, 13, 28, 39, 50, 67, 70, 92, 97, 117, 114, 127, 127, 127, 118, 121, 119, 113, 102, 77, 67]","[0, 2, 11, 7, 17, 25, 33, 46, 58, 77, 84, 103, 106, 116, 117, 127, 124, 119, 127, 103, 113, 95, 83, 71, 60, 48, 31, 15, 11, 11, 9, 0, 10, 3, 6, 28, 27, 48, 50, 66, 84, 90, 108, 108, 114, 127, 127, 127, 125, 126, 108, 102, 97, 84, 73, 57, 42, 39, 18, 4, 0, 8, 10, 0, 11, 11, 13, 28, 39, 50, 67, 70, 92, 97, 117, 114, 127, 127, 127, 118, 121, 119, 113, 102, 77, 67]"
Linear,10,exact_guidance_u,262,0,87,86,"[129, 0, 2, 11, 7, 17, 25, 33, 46, 58, 77, 84, 103, 106, 116, 117, 127, 124, 119, 127, 103, 113, 95, 83, 71, 60, 48, 31, 15, 11, 11, 9, 0, 10, 3, 6, 28, 27, 48, 50, 66, 84, 90, 108, 108, 114, 127, 127, 127, 125, 126, 108, 102, 97, 84, 73, 57, 42, 39, 18, 4, 0, 8, 10, 0, 11, 11, 13, 28, 39, 50, 67, 70, 92, 97, 117, 114, 127, 127, 127, 118, 121, 119, 113, 102, 77, 67]","[0, 2, 11, 7, 17, 25, 33, 46, 58, 77, 84, 103, 106, 116, 117, 127, 124, 119, 127, 103, 113, 95, 83, 71, 60, 48, 31, 15, 11, 11, 9, 0, 10, 3, 6, 28, 27, 48, 50, 66, 84, 90, 108, 108, 114, 127, 127, 127, 125, 126, 108, 102, 97, 84, 73, 57, 42, 39, 18, 4, 0, 8, 10, 0, 11, 11, 13, 28, 39, 50, 67, 70, 92, 97, 117, 114, 127, 127, 127, 118, 121, 119, 113, 102, 77, 67]"
Linear,10,exact_guidance_u,263,0,87,86,"[129, 0, 2, 11, 7, 17, 25, 33, 46, 58, 77, 84, 103, 106, 116, 117, 127, 124, 119, 127, 103, 113, 95, 83, 71, 60, 48, 31, 15, 11, 11, 9, 0, 10, 3, 6, 28, 27, 48, 50, 66, 84, 90, 108, 108, 114, 127, 127, 127, 125, 126, 108, 102, 97, 84, 73, 57, 42, 39, 18, 4, 0, 8, 10, 0, 11, 11, 13, 28, 39, 50, 67, 70, 92, 97, 117, 114, 127, 127, 127, 118, 121, 119, 113, 102, 77, 67]","[0, 2, 11, 7, 17, 25, 33, 46, 58, 77, 84, 103, 106, 116, 117, 127, 124, 119, 127, 103, 113, 95, 83, 71, 60, 48, 31, 15, 11, 11, 9, 0, 10, 3, 6, 28, 27, 48, 50, 66, 84, 90, 108, 108, 114, 127, 127, 127, 125, 126, 108, 102, 97, 84, 73, 57, 42, 39, 18, 4, 0, 8, 10, 0, 11, 11, 13, 28, 39, 50, 67, 70, 92, 97, 117, 114, 127, 127, 127, 118, 121, 119, 113, 102, 77, 67]"
Linear,10,exact_guidance_u,264,0,88,87,"[129, 0, 2, 11, 5, 7, 17, 25, 33, 46, 58, 77, 84, 103, 106, 116, 117, 127, 124, 119, 127, 103, 113, 95, 83, 71, 60, 48, 31, 15, 11, 11, 9, 0, 10, 3, 6, 28, 27, 48, 50, 66, 84, 90, 108, 108, 114, 127, 127, 127, 125, 126, 108, 102, 97, 84, 73, 57, 42, 39, 18, 4, 0, 8, 10, 0, 11, 11, 13, 28, 39, 50, 67, 70, 92, 97, 117, 114, 127, 127, 127, 118, 121, 119, 113, 102, 77, 67]","[0, 2, 11, 5, 7, 17, 25, 33, 46, 58, 77, 84, 103, 106, 116, 117, 127, 124, 119, 127, 103, 113, 95, 83, 71, 60, 48, 31, 15, 11, 11, 9, 0, 10, 3, 6, 28, 27, 48, 50, 66, 84, 90, 108, 108, 114, 127, 127, 127, 125, 126, 108, 102, 97, 84, 73, 57, 42, 39, 18, 4, 0, 8, 10, 0, 11, 11, 13, 28, 39, 50, 67, 70, 92, 97, 117, 114, 127, 127, 127, 118, 121, 119, 113, 102, 77, 67]"
Linear,10,exact_guidance_u,265,0,88,87,"[129, 0, 2, 11, 5, 7, 17, 25, 33, 46, 58, 77, 84, 103, 106, 116, 117, 127, 124, 119, 127, 103, 113, 95, 83, 71, 60, 48, 31, 15, 11, 11, 9, 0, 10, 3, 6, 28, 27, 48, 50, 66, 84, 90, 108, 108, 114, 127, 127, 127, 125, 126, 108, 102, 97, 84, 73, 57, 42, 39, 18, 4, 0, 8, 10, 0, 11, 11, 13, 28, 39, 50, 67, 70, 92, 97, 117, 114, 127, 127, 127, 118, 121, 119, 113, 102, 77, 67]","[0, 2, 11, 5, 7, 17, 25, 33, 46, 58, 77, 84, 103, 106, 116, 117, 127, 124, 119, 127, 103, 113, 95, 83, 71, 60, 48, 31, 15, 11, 11, 9, 0, 10, 3, 6, 28, 27, 48, 50, 66, 84, 90, 108, 108, 114, 127, 127, 127, 125, 126, 108, 102, 97, 84, 73, 57, 42, 39, 18, 4, 0, 8, 10, 0, 11, 11, 13, 28, 39, 50, 67, 70, 92, 97, 117, 114, 127, 127, 127, 118, 121, 119, 113, 102, 77, 67]"
Linear,10,exact_guidance_u,266,0,88,87,"[129, 0, 2, 11, 5, 7, 17, 25, 33, 46, 58, 77, 84, 103, 106, 116, 117, 127, 124, 119, 127, 103, 113, 95, 83, 71, 60, 48, 31, 15, 11, 11, 9, 0, 10, 3, 6, 28, 27, 48, 50, 66, 84, 90, 108, 108, 114, 127, 127, 127, 125, 126, 108, 102, 97, 84, 73, 57, 42, 39, 18, 4, 0, 8, 10, 0, 11, 11, 13, 28, 39, 50, 67, 70, 92, 97, 117, 114, 127, 127, 127, 118, 121, 119, 113, 102, 77, 67]","[0, 2, 11, 5, 7, 17, 25, 33, 46, 58, 77, 84, 103, 106, 116, 117, 127, 124, 119, 127, 103, 113, 95, 83, 71, 60, 48, 31, 15, 11, 11, 9, 0, 10, 3, 6, 28, 27, 48, 50, 66, 84, 90, 108, 108, 114, 127, 127, 127, 125, 126, 108, 102, 97, 84, 73, 57, 42, 39, 18, 4, 0, 8, 10, 0, 11, 11, 13, 28, 39, 50, 67, 70, 92, 97, 117, 114, 127, 127, 127, 118, 121, 119, 113, 102, 77, 67]"
Linear,10,exact_guidance_u,267,0,88,87,"[129, 0, 2, 11, 5, 7, 17, 25, 33, 46, 58, 77, 84, 103, 106, 116, 117, 127, 124, 119, 127, 103, 113, 95, 83, 71, 60, 48, 31, 15, 11, 11, 9, 0, 10, 3, 6, 28, 27, 48, 50, 66, 84, 90, 108, 108, 114, 127, 127, 127, 125, 126, 108, 102, 97, 84, 73, 57, 42, 39, 18, 4, 0, 8, 10, 0, 11, 11, 13, 28, 39, 50, 67, 70, 92, 97, 117, 114, 127, 127, 127, 118, 121, 119, 113, 102, 77, 67]","[0, 2, 11, 5, 7, 17, 25, 33, 46, 58, 77, 84, 103, 106, 116, 117, 127, 124, 119, 127, 103, 113, 95, 83, 71, 60, 48, 31, 15, 11, 11, 9, 0, 10, 3, 6, 28, 27, 48, 50, 66, 84, 90, 108, 108, 114, 127, 127, 127, 125, 126, 108, 102, 97, 84, 73, 57, 42, 39, 18, 4, 0, 8, 10, 0, 11, 11, 13, 28, 39, 50, 67, 70, 92, 97, 117, 114, 127, 127, 127, 118, 121, 119, 113, 102, 77, 67]"
Linear,10,exact_guidance_u,268,0,88,87,"[129, 0, 2, 11, 5, 7, 17, 25, 33, 46, 58, 77, 84, 103, 106, 116, 117, 127, 124, 119, 127, 103, 113, 95, 83, 71, 60, 48, 31, 15, 11, 11, 9, 0, 10, 3, 6, 28, 27, 48, 50, 66, 84, 90, 108, 108, 114, 127, 127, 127, 125, 126, 108, 102, 97, 84, 73, 57, 42, 39, 18, 4, 0, 8, 10, 0, 11, 11, 13, 28, 39, 50, 67, 70, 92, 97, 117, 114, 127, 127, 127, 118, 121, 119, 113, 102, 77, 67]","[0, 2, 11, 5, 7, 17, 25, 33, 46, 58, 77, 84, 103, 106, 116, 117, 127, 124, 119, 127, 103, 113, 95, 83, 71, 60, 48, 31, 15, 11, 11, 9, 0, 10, 3, 6, 28, 27, 48, 50, 66, 84, 90, 108, 108, 114, 127, 127, 127, 125, 126, 108, 102, 97, 84, 73, 57, 42, 39, 18, 4, 0, 8, 10, 0, 11, 11, 13, 28, 39, 50, 67, 70, 92, 97, 117, 114, 127, 127, 127, 118, 121, 119, 113, 102, 77, 67]"
Linear,10,exact_guidance_u,269,0,88,87,"[129, 0, 2, 11, 5, 7, 17, 25, 33, 46, 58, 77, 84, 103, 106, 116, 117, 127, 124, 119, 127, 103, 113, 95, 83, 71, 60, 48, 31, 15, 11, 11, 9, 0, 10, 3, 6, 28, 27, 48, 50, 66, 84, 90, 108, 108, 114, 127, 127, 127, 125, 126, 108, 102, 97, 84, 73, 57, 42, 39, 18, 4, 0, 8, 10, 0, 11, 11, 13, 28, 39, 50, 67, 70, 92, 97, 117, 114, 127, 127, 127, 118, 121, 119, 113, 102, 77, 67]","[0, 2, 11, 5, 7, 17, 25, 33, 46, 58, 77, 84, 103, 106, 116, 117, 127, 124, 119, 127, 103, 113, 95, 83, 71, 60, 48, 31, 15, 11, 11, 9, 0, 10, 3, 6, 28, 27, 48, 50, 66, 84, 90, 108, 108, 114, 127, 127, 127, 125, 126, 108, 102, 97, 84, 73, 57, 42, 39, 18, 4, 0, 8, 10, 0, 11, 11, 13, 28, 39, 50, 67, 70, 92, 97, 117, 114, 127, 127, 127, 118, 121, 119, 113, 102, 77, 67]"
Linear,10,exact_guidance_u,270,0,88,87,"[129, 0, 2, 11, 5, 7, 17, 25, 33, 46, 58, 77, 84, 103, 106, 116, 117, 127, 124, 119, 127, 103, 113, 95, 83, 71, 60, 48, 31, 15, 11, 11, 9, 0, 10, 3, 6, 28, 27, 48, 50, 66, 84, 90, 108, 108, 114, 127, 127, 127, 125, 126, 108, 102, 97, 84, 73, 57, 42, 39, 18, 4, 0, 8, 10, 0, 11, 11, 13, 28, 39, 50, 67, 70, 92, 97, 117, 114, 127, 127, 127, 118, 121, 119, 113, 102, 77, 67]","[0, 2, 11, 5, 7, 17, 25, 33, 46, 58, 77, 84, 103, 106, 116, 117, 127, 124, 119, 127, 103, 113, 95, 83, 71, 60, 48, 31, 15, 11, 11, 9, 0, 10, 3, 6, 28, 27, 48, 50, 66, 84, 90, 108, 108, 114, 127, 127, 127, 125, 126, 108, 102, 97, 84, 73, 57, 42, 39, 18, 4, 0, 8, 10, 0, 11, 11, 13, 28, 39, 50, 67, 70, 92, 97, 117, 114, 127, 127, 127, 118, 121, 119, 113, 102, 77, 67]"
Linear,10,exact_guidance_u,271,0,88,87,"[129, 0, 2, 11, 5, 7, 17, 25, 33, 46, 58, 77, 84, 103, 106, 116, 117, 127, 124, 119, 127, 103, 113, 95, 83, 71, 60, 48, 31, 15, 11, 11, 9, 0, 10, 3, 6, 28, 27, 48, 50, 66, 84, 90, 108, 108, 114, 127, 127, 127, 125, 126, 108, 102, 97, 84, 73, 57, 42, 39, 18, 4, 0, 8, 10, 0, 11, 11, 13, 28, 39, 50, 67, 70, 92, 97, 117, 114, 127, 127, 127, 118, 121, 119, 113, 102, 77, 67]","[0, 2, 11, 5, 7, 17, 25, 33, 46, 58, 77, 84, 103, 106, 116, 117, 127, 124, 119, 127, 103, 113, 95, 83, 71, 60, 48, 31, 15, 11, 11, 9, 0, 10, 3, 6, 28, 27, 48, 50, 66, 84, 90, 108, 108, 114, 127, 127, 127, 125, 126, 108, 102, 97, 84, 73, 57, 42, 39, 18, 4, 0, 8, 10, 0, 11, 11, 13, 28, 39, 50, 67, 70, 92, 97, 117, 114, 127, 127, 127, 118, 121, 119, 113, 102, 77, 67]"
Linear,10,exact_guidance_u,272,0,88,87,"[129, 0, 2, 11, 5, 7, 17, 25, 33, 46, 58, 77, 84, 103, 106, 116, 117, 127, 124, 119, 127, 103, 113, 95, 83, 71, 60, 48, 31, 15, 11, 11, 9, 0, 10, 3, 6, 28, 27, 48, 50, 66, 84, 90, 108, 108, 114, 127, 127, 127, 125, 126, 108, 102, 97, 84, 73, 57, 42, 39, 18, 4, 0, 8, 10, 0, 11, 11, 13, 28, 39, 50, 67, 70, 92, 97, 117, 114, 127, 127, 127, 118, 121, 119, 113, 102, 77, 67]","[0, 2, 11, 5, 7, 17, 25, 33, 46, 58, 77, 84, 103, 106, 116, 117, 127, 124, 119, 127, 103, 113, 95, 83, 71, 60, 48, 31, 15, 11, 11, 9, 0, 10, 3, 6, 28, 27, 48, 50, 66, 84, 90, 108, 108, 114, 127, 127, 127, 125, 126, 108, 102, 97, 84, 73, 57, 42, 39, 18, 4, 0, 8, 10, 0, 11, 11, 13, 28, 39, 50, 67, 70, 92, 97, 117, 114, 127, 127, 127, 118, 121, 119, 113, 102, 77, 67]"
Linear,10,exact_guidance_u,273,0,88,87,"[129, 0, 2, 11, 5, 7, 17, 25, 33, 46, 58, 77, 84, 103, 106, 116, 117, 127, 124, 119, 127, 103, 113, 95, 83, 71, 60, 48, 31, 15, 11, 11, 9, 0, 10, 3, 6, 28, 27, 48, 50, 66, 84, 90, 108, 108, 114, 127, 127, 127, 125, 126, 108, 102, 97, 84, 73, 57, 42, 39, 18, 4, 0, 8, 10, 0, 11, 11, 13, 28, 39, 50, 67, 70, 92, 97, 117, 114, 127, 127, 127, 118, 121, 119, 113, 102, 77, 67]","[0, 2, 11, 5, 7, 17, 25, 33, 46, 58, 77, 84, 103, 106, 116, 117, 127, 124, 119, 127, 103, 113, 95, 83, 71, 60, 48, 31, 15, 11, 11, 9, 0, 10, 3, 6, 28, 27, 48, 50, 66, 84, 90, 108, 108, 114, 127, 127, 127, 125, 126, 108, 102, 97, 84, 73, 57, 42, 39, 18, 4, 0, 8, 10, 0, 11, 11, 13, 28, 39, 50, 67, 70, 92, 97, 117, 114, 127, 127, 127, 118, 121, 119, 113, 102, 77, 67]"
Linear,10,exact_guidance_u,274,0,88,87,"[129, 0, 2, 11, 5, 7, 17, 25, 33, 46, 58, 77, 84, 103, 106, 116, 117, 127, 124, 119, 127, 103, 113, 95, 83, 71, 60, 48, 31, 15, 11, 11, 9, 0, 10, 3, 6, 28, 27, 48, 50, 66, 84, 90, 108, 108, 114, 127, 127, 127, 125, 126, 108, 102, 97, 84, 73, 57, 42, 39, 18, 4, 0, 8, 10, 0, 11, 11, 13, 28, 39, 50, 67, 70, 92, 97, 117, 114, 127, 127, 127, 118, 121, 119, 113, 102, 77, 67]","[0, 2, 11, 5, 7, 17, 25, 33, 46, 58, 77, 84, 103, 106, 116, 117, 127, 124, 119, 127, 103, 113, 95, 83, 71, 60, 48, 31, 15, 11, 11, 9, 0, 10, 3, 6, 28, 27, 48, 50, 66, 84, 90, 108, 108, 114, 127, 127, 127, 125, 126, 108, 102, 97, 84, 73, 57, 42, 39, 18, 4, 0, 8, 10, 0, 11, 11, 13, 28, 39, 50, 67, 70, 92, 97, 117, 114, 127, 127, 127, 118, 121, 119, 113, 102, 77, 67]"
Linear,10,exact_guidance_u,275,0,88,87,"[129, 0, 2, 11, 5, 7, 17, 25, 33, 46, 58, 77, 84, 103, 106, 116, 117, 127, 124, 119, 127, 103, 113, 95, 83, 71, 60, 48, 31, 15, 11, 11, 9, 0, 10, 3, 6, 28, 27, 48, 50, 66, 84, 90, 108, 108, 114, 127, 127, 127, 125, 126, 108, 102, 97, 84, 73, 57, 42, 39, 18, 4, 0, 8, 10, 0, 11, 11, 13, 28, 39, 50, 67, 70, 92, 97, 117, 114, 127, 127, 127, 118, 121, 119, 113, 102, 77, 67]","[0, 2, 11, 5, 7, 17, 25, 33, 46, 58, 77, 84, 103, 106, 116, 117, 127, 124, 119, 127, 103, 113, 95, 83, 71, 60, 48, 31, 15, 11, 11, 9, 0, 10, 3, 6, 28, 27, 48, 50, 66, 84, 90, 108, 108, 114, 127, 127, 127, 125, 126, 108, 102, 97, 84, 73, 57, 42, 39, 18, 4, 0, 8, 10, 0, 11, 11, 13, 28, 39, 50, 67, 70, 92, 97, 117, 114, 127, 127, 127, 118, 121, 119, 113, 102, 77, 67]"
Linear,10,exact_guidance_u,276,0,88,87,"[129, 0, 2, 11, 5, 7, 17, 25, 33, 46, 58, 77, 84, 103, 106, 116, 117, 127, 124, 119, 127, 103, 113, 95, 83, 71, 60, 48, 31, 15, 11, 11, 9, 0, 10, 3, 6, 28, 27, 48, 50, 66, 84, 90, 108, 108, 114, 127, 127, 127, 125, 126, 108, 102, 97, 84, 73, 57, 42, 39, 18, 4, 0, 8, 10, 0, 11, 11, 13, 28, 39, 50, 67, 70, 92, 97, 117, 114, 127, 127, 127, 118, 121, 119, 113, 102, 77, 67]","[0, 2, 11, 5, 7, 17, 25, 33, 46, 58, 77, 84, 103, 106, 116, 117, 127, 124, 119, 127, 103, 113, 95, 83, 71, 60, 48, 31, 15, 11, 11, 9, 0, 10, 3, 6, 28, 27, 48, 50, 66, 84, 90, 108, 108, 114, 127, 127, 127, 125, 126, 108, 102, 97, 84, 73, 57, 42, 39, 18, 4, 0, 8, 10, 0, 11, 11, 13, 28, 39, 50, 67, 70, 92, 97, 117, 114, 127, 127, 127, 118, 121, 119, 113, 102, 77, 67]"
Linear,10,exact_guidance_u,277,0,88,87,"[129, 0, 2, 11, 5, 7, 17, 25, 33, 46, 58, 77, 84, 103, 106, 116, 117, 127, 124, 119, 127, 103, 113, 95, 83, 71, 60, 48, 31, 15, 11, 11, 9, 0, 10, 3, 6, 28, 27, 48, 50, 66, 84, 90, 108, 108, 114, 127, 127, 127, 125, 126, 108, 102, 97, 84, 73, 57, 42, 39, 18, 4, 0, 8, 10, 0, 11, 11, 13, 28, 39, 50, 67, 70, 92, 97, 117, 114, 127, 127, 127, 118, 121, 119, 113, 102, 77, 67]","[0, 2, 11, 5, 7, 17, 25, 33, 46, 58, 77, 84, 103, 106, 116, 117, 127, 124, 119, 127, 103, 113, 95, 83, 71, 60, 48, 31, 15, 11, 11, 9, 0, 10, 3, 6, 28, 27, 48, 50, 66, 84, 90, 108, 108, 114, 127, 127, 127, 125, 126, 108, 102, 97, 84, 73, 57, 42, 39, 18, 4, 0, 8, 10, 0, 11, 11, 13, 28, 39, 50, 67, 70, 92, 97, 117, 114, 127, 127, 127, 118, 121, 119, 113, 102, 77, 67]"
Linear,10,exact_guidance_u,278,0,88,87,"[129, 0, 2, 11, 5, 7, 17, 25, 33, 46, 58, 77, 84, 103, 106, 116, 117, 127, 124, 119, 127, 103, 113, 95, 83, 71, 60, 48, 31, 15, 11, 11, 9, 0, 10, 3, 6, 28, 27, 48, 50, 66, 84, 90, 108, 108, 114, 127, 127, 127, 125, 126, 108, 102, 97, 84, 73, 57, 42, 39, 18, 4, 0, 8, 10, 0, 11, 11, 13, 28, 39, 50, 67, 70, 92, 97, 117, 114, 127, 127, 127, 118, 121, 119, 113, 102, 77, 67]","[0, 2, 11, 5, 7, 17, 25, 33, 46, 58, 77, 84, 103, 106, 116, 117, 127, 124, 119, 127, 103, 113, 95, 83, 71, 60, 48, 31, 15, 11, 11, 9, 0, 10, 3, 6, 28, 27, 48, 50, 66, 84, 90, 108, 108, 114, 127, 127, 127, 125, 126, 108, 102, 97, 84, 73, 57, 42, 39, 18, 4, 0, 8, 10, 0, 11, 11, 13, 28, 39, 50, 67, 70, 92, 97, 117, 114, 127, 127, 127, 118, 121, 119, 113, 102, 77, 67]"
Linear,10,exact_guidance_u,279,0,88,87,"[129, 0, 2, 11, 5, 7, 17, 25, 33, 46, 58, 77, 84, 103, 106, 116, 117, 127, 124, 119, 127, 103, 113, 95, 83, 71, 60, 48, 31, 15, 11, 11, 9, 0, 10, 3, 6, 28, 27, 48, 50, 66, 84, 90, 108, 108, 114, 127, 127, 127, 125, 126, 108, 102, 97, 84, 73, 57, 42, 39, 18, 4, 0, 8, 10, 0, 11, 11, 13, 28, 39, 50, 67, 70, 92, 97, 117, 114, 127, 127, 127, 118, 121, 119, 113, 102, 77, 67]","[0, 2, 11, 5, 7, 17, 25, 33, 46, 58, 77, 84, 103, 106, 116, 117, 127, 124, 119, 127, 103, 113, 95, 83, 71, 60, 48, 31, 15, 11, 11, 9, 0, 10, 3, 6, 28, 27, 48, 50, 66, 84, 90, 108, 108, 114, 127, 127, 127, 125, 126, 108, 102, 97, 84, 73, 57, 42, 39, 18, 4, 0, 8, 10, 0, 11, 11, 13, 28, 39, 50, 67, 70, 92, 97, 117, 114, 127, 127, 127, 118, 121, 119, 113, 102, 77, 67]"
