target,beta,method_key,step,sample_idx,seq_len_full,seq_len_semantic,tokens_full_json,tokens_semantic_json
Linear,25,exact_guidance_u,0,0,1,0,[129],[]
Linear,25,exact_guidance_u,1,0,2,1,"[129, 123]",[123]
Linear,25,exact_guidance_u,2,0,4,3,"[129, 68, 123, 55]","[68, 123, 55]"
Linear,25,exact_guidance_u,3,0,6,5,"[129, 27, 68, 109, 123, 55]","[27, 68, 109, 123, 55]"
Linear,25,exact_guidance_u,4,0,10,9,"[129, 18, 27, 39, 68, 109, 123, 124, 55, 124]","[18, 27, 39, 68, 109, 123, 124, 55, 124]"
Linear,25,exact_guidance_u,5,0,11,10,"[129, 18, 27, 39, 68, 76, 109, 123, 124, 55, 124]","[18, 27, 39, 68, 76, 109, 123, 124, 55, 124]"
Linear,25,exact_guidance_u,6,0,12,11,"[129, 18, 27, 39, 68, 76, 109, 116, 123, 124, 55, 124]","[18, 27, 39, 68, 76, 109, 116, 123, 124, 55, 124]"
Linear,25,exact_guidance_u,7,0,14,13,"[129, 18, 27, 28, 39, 68, 76, 109, 116, 121, 123, 124, 55, 124]","[18, 27, 28, 39, 68, 76, 109, 116, 121, 123, 124, 55, 124]"
Linear,25,exact_guidance_u,8,0,15,14,"[129, 18, 27, 28, 39, 68, 76, 109, 116, 119, 121, 123, 124, 55, 124]","[18, 27, 28, 39, 68, 76, 109, 116, 119, 121, 123, 124, 55, 124]"
Linear,25,exact_guidance_u,9,0,16,15,"[129, 18, 27, 28, 39, 68, 76, 94, 109, 116, 119, 121, 123, 124, 55, 124]","[18, 27, 28, 39, 68, 76, 94, 109, 116, 119, 121, 123, 124, 55, 124]"
Linear,25,exact_guidance_u,10,0,16,15,"[129, 18, 27, 28, 39, 68, 76, 94, 109, 116, 119, 121, 123, 124, 55, 124]","[18, 27, 28, 39, 68, 76, 94, 109, 116, 119, 121, 123, 124, 55, 124]"
Linear,25,exact_guidance_u,11,0,16,15,"[129, 18, 27, 28, 39, 68, 76, 94, 109, 116, 119, 121, 123, 124, 55, 124]","[18, 27, 28, 39, 68, 76, 94, 109, 116, 119, 121, 123, 124, 55, 124]"
Linear,25,exact_guidance_u,12,0,18,17,"[129, 18, 19, 27, 28, 39, 68, 76, 94, 109, 116, 117, 119, 121, 123, 124, 55, 124]","[18, 19, 27, 28, 39, 68, 76, 94, 109, 116, 117, 119, 121, 123, 124, 55, 124]"
Linear,25,exact_guidance_u,13,0,21,20,"[129, 0, 18, 19, 27, 28, 39, 68, 76, 88, 94, 109, 111, 116, 117, 119, 121, 123, 124, 55, 124]","[0, 18, 19, 27, 28, 39, 68, 76, 88, 94, 109, 111, 116, 117, 119, 121, 123, 124, 55, 124]"
Linear,25,exact_guidance_u,14,0,22,21,"[129, 0, 18, 19, 27, 28, 39, 42, 68, 76, 88, 94, 109, 111, 116, 117, 119, 121, 123, 124, 55, 124]","[0, 18, 19, 27, 28, 39, 42, 68, 76, 88, 94, 109, 111, 116, 117, 119, 121, 123, 124, 55, 124]"
Linear,25,exact_guidance_u,15,0,22,21,"[129, 0, 18, 19, 27, 28, 39, 42, 68, 76, 88, 94, 109, 111, 116, 117, 119, 121, 123, 124, 55, 124]","[0, 18, 19, 27, 28, 39, 42, 68, 76, 88, 94, 109, 111, 116, 117, 119, 121, 123, 124, 55, 124]"
Linear,25,exact_guidance_u,16,0,23,22,"[129, 0, 9, 18, 19, 27, 28, 39, 42, 68, 76, 88, 94, 109, 111, 116, 117, 119, 121, 123, 124, 55, 124]","[0, 9, 18, 19, 27, 28, 39, 42, 68, 76, 88, 94, 109, 111, 116, 117, 119, 121, 123, 124, 55, 124]"
Linear,25,exact_guidance_u,17,0,23,22,"[129, 0, 9, 18, 19, 27, 28, 39, 42, 68, 76, 88, 94, 109, 111, 116, 117, 119, 121, 123, 124, 55, 124]","[0, 9, 18, 19, 27, 28, 39, 42, 68, 76, 88, 94, 109, 111, 116, 117, 119, 121, 123, 124, 55, 124]"
Linear,25,exact_guidance_u,18,0,23,22,"[129, 0, 9, 18, 19, 27, 28, 39, 42, 68, 76, 88, 94, 109, 111, 116, 117, 119, 121, 123, 124, 55, 124]","[0, 9, 18, 19, 27, 28, 39, 42, 68, 76, 88, 94, 109, 111, 116, 117, 119, 121, 123, 124, 55, 124]"
Linear,25,exact_guidance_u,19,0,25,24,"[129, 0, 6, 9, 18, 19, 27, 28, 39, 42, 68, 76, 88, 94, 105, 109, 111, 116, 117, 119, 121, 123, 124, 55, 124]","[0, 6, 9, 18, 19, 27, 28, 39, 42, 68, 76, 88, 94, 105, 109, 111, 116, 117, 119, 121, 123, 124, 55, 124]"
Linear,25,exact_guidance_u,20,0,25,24,"[129, 0, 6, 9, 18, 19, 27, 28, 39, 42, 68, 76, 88, 94, 105, 109, 111, 116, 117, 119, 121, 123, 124, 55, 124]","[0, 6, 9, 18, 19, 27, 28, 39, 42, 68, 76, 88, 94, 105, 109, 111, 116, 117, 119, 121, 123, 124, 55, 124]"
Linear,25,exact_guidance_u,21,0,25,24,"[129, 0, 6, 9, 18, 19, 27, 28, 39, 42, 68, 76, 88, 94, 105, 109, 111, 116, 117, 119, 121, 123, 124, 55, 124]","[0, 6, 9, 18, 19, 27, 28, 39, 42, 68, 76, 88, 94, 105, 109, 111, 116, 117, 119, 121, 123, 124, 55, 124]"
Linear,25,exact_guidance_u,22,0,26,25,"[129, 0, 6, 9, 18, 19, 27, 28, 39, 42, 58, 68, 76, 88, 94, 105, 109, 111, 116, 117, 119, 121, 123, 124, 55, 124]","[0, 6, 9, 18, 19, 27, 28, 39, 42, 58, 68, 76, 88, 94, 105, 109, 111, 116, 117, 119, 121, 123, 124, 55, 124]"
Linear,25,exact_guidance_u,23,0,27,26,"[129, 0, 6, 9, 18, 19, 27, 28, 39, 42, 52, 58, 68, 76, 88, 94, 105, 109, 111, 116, 117, 119, 121, 123, 124, 55, 124]","[0, 6, 9, 18, 19, 27, 28, 39, 42, 52, 58, 68, 76, 88, 94, 105, 109, 111, 116, 117, 119, 121, 123, 124, 55, 124]"
Linear,25,exact_guidance_u,24,0,27,26,"[129, 0, 6, 9, 18, 19, 27, 28, 39, 42, 52, 58, 68, 76, 88, 94, 105, 109, 111, 116, 117, 119, 121, 123, 124, 55, 124]","[0, 6, 9, 18, 19, 27, 28, 39, 42, 52, 58, 68, 76, 88, 94, 105, 109, 111, 116, 117, 119, 121, 123, 124, 55, 124]"
Linear,25,exact_guidance_u,25,0,27,26,"[129, 0, 6, 9, 18, 19, 27, 28, 39, 42, 52, 58, 68, 76, 88, 94, 105, 109, 111, 116, 117, 119, 121, 123, 124, 55, 124]","[0, 6, 9, 18, 19, 27, 28, 39, 42, 52, 58, 68, 76, 88, 94, 105, 109, 111, 116, 117, 119, 121, 123, 124, 55, 124]"
Linear,25,exact_guidance_u,26,0,27,26,"[129, 0, 6, 9, 18, 19, 27, 28, 39, 42, 52, 58, 68, 76, 88, 94, 105, 109, 111, 116, 117, 119, 121, 123, 124, 55, 124]","[0, 6, 9, 18, 19, 27, 28, 39, 42, 52, 58, 68, 76, 88, 94, 105, 109, 111, 116, 117, 119, 121, 123, 124, 55, 124]"
Linear,25,exact_guidance_u,27,0,28,27,"[129, 0, 6, 9, 18, 19, 27, 28, 39, 42, 52, 58, 68, 76, 81, 88, 94, 105, 109, 111, 116, 117, 119, 121, 123, 124, 55, 124]","[0, 6, 9, 18, 19, 27, 28, 39, 42, 52, 58, 68, 76, 81, 88, 94, 105, 109, 111, 116, 117, 119, 121, 123, 124, 55, 124]"
Linear,25,exact_guidance_u,28,0,28,27,"[129, 0, 6, 9, 18, 19, 27, 28, 39, 42, 52, 58, 68, 76, 81, 88, 94, 105, 109, 111, 116, 117, 119, 121, 123, 124, 55, 124]","[0, 6, 9, 18, 19, 27, 28, 39, 42, 52, 58, 68, 76, 81, 88, 94, 105, 109, 111, 116, 117, 119, 121, 123, 124, 55, 124]"
Linear,25,exact_guidance_u,29,0,28,27,"[129, 0, 6, 9, 18, 19, 27, 28, 39, 42, 52, 58, 68, 76, 81, 88, 94, 105, 109, 111, 116, 117, 119, 121, 123, 124, 55, 124]","[0, 6, 9, 18, 19, 27, 28, 39, 42, 52, 58, 68, 76, 81, 88, 94, 105, 109, 111, 116, 117, 119, 121, 123, 124, 55, 124]"
Linear,25,exact_guidance_u,30,0,28,27,"[129, 0, 6, 9, 18, 19, 27, 28, 39, 42, 52, 58, 68, 76, 81, 88, 94, 105, 109, 111, 116, 117, 119, 121, 123, 124, 55, 124]","[0, 6, 9, 18, 19, 27, 28, 39, 42, 52, 58, 68, 76, 81, 88, 94, 105, 109, 111, 116, 117, 119, 121, 123, 124, 55, 124]"
Linear,25,exact_guidance_u,31,0,31,30,"[129, 0, 6, 0, 9, 18, 19, 122, 27, 28, 39, 42, 52, 58, 68, 76, 81, 88, 94, 105, 109, 100, 111, 116, 117, 119, 121, 123, 124, 55, 124]","[0, 6, 0, 9, 18, 19, 122, 27, 28, 39, 42, 52, 58, 68, 76, 81, 88, 94, 105, 109, 100, 111, 116, 117, 119, 121, 123, 124, 55, 124]"
Linear,25,exact_guidance_u,32,0,31,30,"[129, 0, 6, 0, 9, 18, 19, 122, 27, 28, 39, 42, 52, 58, 68, 76, 81, 88, 94, 105, 109, 100, 111, 116, 117, 119, 121, 123, 124, 55, 124]","[0, 6, 0, 9, 18, 19, 122, 27, 28, 39, 42, 52, 58, 68, 76, 81, 88, 94, 105, 109, 100, 111, 116, 117, 119, 121, 123, 124, 55, 124]"
Linear,25,exact_guidance_u,33,0,31,30,"[129, 0, 6, 0, 9, 18, 19, 122, 27, 28, 39, 42, 52, 58, 68, 76, 81, 88, 94, 105, 109, 100, 111, 116, 117, 119, 121, 123, 124, 55, 124]","[0, 6, 0, 9, 18, 19, 122, 27, 28, 39, 42, 52, 58, 68, 76, 81, 88, 94, 105, 109, 100, 111, 116, 117, 119, 121, 123, 124, 55, 124]"
Linear,25,exact_guidance_u,34,0,32,31,"[129, 0, 6, 0, 9, 13, 18, 19, 122, 27, 28, 39, 42, 52, 58, 68, 76, 81, 88, 94, 105, 109, 100, 111, 116, 117, 119, 121, 123, 124, 55, 124]","[0, 6, 0, 9, 13, 18, 19, 122, 27, 28, 39, 42, 52, 58, 68, 76, 81, 88, 94, 105, 109, 100, 111, 116, 117, 119, 121, 123, 124, 55, 124]"
Linear,25,exact_guidance_u,35,0,32,31,"[129, 0, 6, 0, 9, 13, 18, 19, 122, 27, 28, 39, 42, 52, 58, 68, 76, 81, 88, 94, 105, 109, 100, 111, 116, 117, 119, 121, 123, 124, 55, 124]","[0, 6, 0, 9, 13, 18, 19, 122, 27, 28, 39, 42, 52, 58, 68, 76, 81, 88, 94, 105, 109, 100, 111, 116, 117, 119, 121, 123, 124, 55, 124]"
Linear,25,exact_guidance_u,36,0,33,32,"[129, 0, 6, 0, 9, 13, 18, 19, 122, 27, 28, 32, 39, 42, 52, 58, 68, 76, 81, 88, 94, 105, 109, 100, 111, 116, 117, 119, 121, 123, 124, 55, 124]","[0, 6, 0, 9, 13, 18, 19, 122, 27, 28, 32, 39, 42, 52, 58, 68, 76, 81, 88, 94, 105, 109, 100, 111, 116, 117, 119, 121, 123, 124, 55, 124]"
Linear,25,exact_guidance_u,37,0,33,32,"[129, 0, 6, 0, 9, 13, 18, 19, 122, 27, 28, 32, 39, 42, 52, 58, 68, 76, 81, 88, 94, 105, 109, 100, 111, 116, 117, 119, 121, 123, 124, 55, 124]","[0, 6, 0, 9, 13, 18, 19, 122, 27, 28, 32, 39, 42, 52, 58, 68, 76, 81, 88, 94, 105, 109, 100, 111, 116, 117, 119, 121, 123, 124, 55, 124]"
Linear,25,exact_guidance_u,38,0,34,33,"[129, 0, 6, 0, 9, 13, 18, 19, 51, 122, 27, 28, 32, 39, 42, 52, 58, 68, 76, 81, 88, 94, 105, 109, 100, 111, 116, 117, 119, 121, 123, 124, 55, 124]","[0, 6, 0, 9, 13, 18, 19, 51, 122, 27, 28, 32, 39, 42, 52, 58, 68, 76, 81, 88, 94, 105, 109, 100, 111, 116, 117, 119, 121, 123, 124, 55, 124]"
Linear,25,exact_guidance_u,39,0,36,35,"[129, 0, 6, 0, 9, 13, 18, 19, 51, 122, 27, 28, 32, 0, 39, 42, 52, 58, 68, 76, 81, 88, 90, 94, 105, 109, 100, 111, 116, 117, 119, 121, 123, 124, 55, 124]","[0, 6, 0, 9, 13, 18, 19, 51, 122, 27, 28, 32, 0, 39, 42, 52, 58, 68, 76, 81, 88, 90, 94, 105, 109, 100, 111, 116, 117, 119, 121, 123, 124, 55, 124]"
Linear,25,exact_guidance_u,40,0,36,35,"[129, 0, 6, 0, 9, 13, 18, 19, 51, 122, 27, 28, 32, 0, 39, 42, 52, 58, 68, 76, 81, 88, 90, 94, 105, 109, 100, 111, 116, 117, 119, 121, 123, 124, 55, 124]","[0, 6, 0, 9, 13, 18, 19, 51, 122, 27, 28, 32, 0, 39, 42, 52, 58, 68, 76, 81, 88, 90, 94, 105, 109, 100, 111, 116, 117, 119, 121, 123, 124, 55, 124]"
Linear,25,exact_guidance_u,41,0,37,36,"[129, 0, 6, 0, 9, 13, 18, 19, 51, 122, 27, 28, 32, 0, 36, 39, 42, 52, 58, 68, 76, 81, 88, 90, 94, 105, 109, 100, 111, 116, 117, 119, 121, 123, 124, 55, 124]","[0, 6, 0, 9, 13, 18, 19, 51, 122, 27, 28, 32, 0, 36, 39, 42, 52, 58, 68, 76, 81, 88, 90, 94, 105, 109, 100, 111, 116, 117, 119, 121, 123, 124, 55, 124]"
Linear,25,exact_guidance_u,42,0,38,37,"[129, 0, 6, 0, 9, 16, 13, 18, 19, 51, 122, 27, 28, 32, 0, 36, 39, 42, 52, 58, 68, 76, 81, 88, 90, 94, 105, 109, 100, 111, 116, 117, 119, 121, 123, 124, 55, 124]","[0, 6, 0, 9, 16, 13, 18, 19, 51, 122, 27, 28, 32, 0, 36, 39, 42, 52, 58, 68, 76, 81, 88, 90, 94, 105, 109, 100, 111, 116, 117, 119, 121, 123, 124, 55, 124]"
Linear,25,exact_guidance_u,43,0,41,40,"[129, 0, 2, 6, 0, 9, 16, 13, 18, 19, 51, 122, 113, 27, 28, 32, 0, 36, 39, 42, 52, 58, 68, 76, 81, 88, 90, 94, 105, 101, 109, 100, 111, 116, 117, 119, 121, 123, 124, 55, 124]","[0, 2, 6, 0, 9, 16, 13, 18, 19, 51, 122, 113, 27, 28, 32, 0, 36, 39, 42, 52, 58, 68, 76, 81, 88, 90, 94, 105, 101, 109, 100, 111, 116, 117, 119, 121, 123, 124, 55, 124]"
Linear,25,exact_guidance_u,44,0,42,41,"[129, 0, 2, 6, 0, 9, 16, 13, 18, 19, 51, 122, 113, 58, 27, 28, 32, 0, 36, 39, 42, 52, 58, 68, 76, 81, 88, 90, 94, 105, 101, 109, 100, 111, 116, 117, 119, 121, 123, 124, 55, 124]","[0, 2, 6, 0, 9, 16, 13, 18, 19, 51, 122, 113, 58, 27, 28, 32, 0, 36, 39, 42, 52, 58, 68, 76, 81, 88, 90, 94, 105, 101, 109, 100, 111, 116, 117, 119, 121, 123, 124, 55, 124]"
Linear,25,exact_guidance_u,45,0,42,41,"[129, 0, 2, 6, 0, 9, 16, 13, 18, 19, 51, 122, 113, 58, 27, 28, 32, 0, 36, 39, 42, 52, 58, 68, 76, 81, 88, 90, 94, 105, 101, 109, 100, 111, 116, 117, 119, 121, 123, 124, 55, 124]","[0, 2, 6, 0, 9, 16, 13, 18, 19, 51, 122, 113, 58, 27, 28, 32, 0, 36, 39, 42, 52, 58, 68, 76, 81, 88, 90, 94, 105, 101, 109, 100, 111, 116, 117, 119, 121, 123, 124, 55, 124]"
Linear,25,exact_guidance_u,46,0,42,41,"[129, 0, 2, 6, 0, 9, 16, 13, 18, 19, 51, 122, 113, 58, 27, 28, 32, 0, 36, 39, 42, 52, 58, 68, 76, 81, 88, 90, 94, 105, 101, 109, 100, 111, 116, 117, 119, 121, 123, 124, 55, 124]","[0, 2, 6, 0, 9, 16, 13, 18, 19, 51, 122, 113, 58, 27, 28, 32, 0, 36, 39, 42, 52, 58, 68, 76, 81, 88, 90, 94, 105, 101, 109, 100, 111, 116, 117, 119, 121, 123, 124, 55, 124]"
Linear,25,exact_guidance_u,47,0,42,41,"[129, 0, 2, 6, 0, 9, 16, 13, 18, 19, 51, 122, 113, 58, 27, 28, 32, 0, 36, 39, 42, 52, 58, 68, 76, 81, 88, 90, 94, 105, 101, 109, 100, 111, 116, 117, 119, 121, 123, 124, 55, 124]","[0, 2, 6, 0, 9, 16, 13, 18, 19, 51, 122, 113, 58, 27, 28, 32, 0, 36, 39, 42, 52, 58, 68, 76, 81, 88, 90, 94, 105, 101, 109, 100, 111, 116, 117, 119, 121, 123, 124, 55, 124]"
Linear,25,exact_guidance_u,48,0,42,41,"[129, 0, 2, 6, 0, 9, 16, 13, 18, 19, 51, 122, 113, 58, 27, 28, 32, 0, 36, 39, 42, 52, 58, 68, 76, 81, 88, 90, 94, 105, 101, 109, 100, 111, 116, 117, 119, 121, 123, 124, 55, 124]","[0, 2, 6, 0, 9, 16, 13, 18, 19, 51, 122, 113, 58, 27, 28, 32, 0, 36, 39, 42, 52, 58, 68, 76, 81, 88, 90, 94, 105, 101, 109, 100, 111, 116, 117, 119, 121, 123, 124, 55, 124]"
Linear,25,exact_guidance_u,49,0,42,41,"[129, 0, 2, 6, 0, 9, 16, 13, 18, 19, 51, 122, 113, 58, 27, 28, 32, 0, 36, 39, 42, 52, 58, 68, 76, 81, 88, 90, 94, 105, 101, 109, 100, 111, 116, 117, 119, 121, 123, 124, 55, 124]","[0, 2, 6, 0, 9, 16, 13, 18, 19, 51, 122, 113, 58, 27, 28, 32, 0, 36, 39, 42, 52, 58, 68, 76, 81, 88, 90, 94, 105, 101, 109, 100, 111, 116, 117, 119, 121, 123, 124, 55, 124]"
Linear,25,exact_guidance_u,50,0,43,42,"[129, 0, 2, 6, 0, 9, 16, 13, 18, 19, 51, 122, 113, 58, 27, 28, 32, 32, 0, 36, 39, 42, 52, 58, 68, 76, 81, 88, 90, 94, 105, 101, 109, 100, 111, 116, 117, 119, 121, 123, 124, 55, 124]","[0, 2, 6, 0, 9, 16, 13, 18, 19, 51, 122, 113, 58, 27, 28, 32, 32, 0, 36, 39, 42, 52, 58, 68, 76, 81, 88, 90, 94, 105, 101, 109, 100, 111, 116, 117, 119, 121, 123, 124, 55, 124]"
Linear,25,exact_guidance_u,51,0,43,42,"[129, 0, 2, 6, 0, 9, 16, 13, 18, 19, 51, 122, 113, 58, 27, 28, 32, 32, 0, 36, 39, 42, 52, 58, 68, 76, 81, 88, 90, 94, 105, 101, 109, 100, 111, 116, 117, 119, 121, 123, 124, 55, 124]","[0, 2, 6, 0, 9, 16, 13, 18, 19, 51, 122, 113, 58, 27, 28, 32, 32, 0, 36, 39, 42, 52, 58, 68, 76, 81, 88, 90, 94, 105, 101, 109, 100, 111, 116, 117, 119, 121, 123, 124, 55, 124]"
Linear,25,exact_guidance_u,52,0,43,42,"[129, 0, 2, 6, 0, 9, 16, 13, 18, 19, 51, 122, 113, 58, 27, 28, 32, 32, 0, 36, 39, 42, 52, 58, 68, 76, 81, 88, 90, 94, 105, 101, 109, 100, 111, 116, 117, 119, 121, 123, 124, 55, 124]","[0, 2, 6, 0, 9, 16, 13, 18, 19, 51, 122, 113, 58, 27, 28, 32, 32, 0, 36, 39, 42, 52, 58, 68, 76, 81, 88, 90, 94, 105, 101, 109, 100, 111, 116, 117, 119, 121, 123, 124, 55, 124]"
Linear,25,exact_guidance_u,53,0,43,42,"[129, 0, 2, 6, 0, 9, 16, 13, 18, 19, 51, 122, 113, 58, 27, 28, 32, 32, 0, 36, 39, 42, 52, 58, 68, 76, 81, 88, 90, 94, 105, 101, 109, 100, 111, 116, 117, 119, 121, 123, 124, 55, 124]","[0, 2, 6, 0, 9, 16, 13, 18, 19, 51, 122, 113, 58, 27, 28, 32, 32, 0, 36, 39, 42, 52, 58, 68, 76, 81, 88, 90, 94, 105, 101, 109, 100, 111, 116, 117, 119, 121, 123, 124, 55, 124]"
Linear,25,exact_guidance_u,54,0,44,43,"[129, 0, 2, 6, 0, 9, 16, 13, 18, 19, 51, 122, 113, 58, 27, 28, 32, 32, 0, 36, 39, 42, 52, 58, 68, 76, 81, 88, 90, 94, 105, 101, 109, 100, 111, 116, 117, 119, 121, 123, 124, 55, 0, 124]","[0, 2, 6, 0, 9, 16, 13, 18, 19, 51, 122, 113, 58, 27, 28, 32, 32, 0, 36, 39, 42, 52, 58, 68, 76, 81, 88, 90, 94, 105, 101, 109, 100, 111, 116, 117, 119, 121, 123, 124, 55, 0, 124]"
Linear,25,exact_guidance_u,55,0,46,45,"[129, 0, 2, 6, 0, 9, 16, 13, 17, 18, 19, 51, 86, 122, 113, 58, 27, 28, 32, 32, 0, 36, 39, 42, 52, 58, 68, 76, 81, 88, 90, 94, 105, 101, 109, 100, 111, 116, 117, 119, 121, 123, 124, 55, 0, 124]","[0, 2, 6, 0, 9, 16, 13, 17, 18, 19, 51, 86, 122, 113, 58, 27, 28, 32, 32, 0, 36, 39, 42, 52, 58, 68, 76, 81, 88, 90, 94, 105, 101, 109, 100, 111, 116, 117, 119, 121, 123, 124, 55, 0, 124]"
Linear,25,exact_guidance_u,56,0,46,45,"[129, 0, 2, 6, 0, 9, 16, 13, 17, 18, 19, 51, 86, 122, 113, 58, 27, 28, 32, 32, 0, 36, 39, 42, 52, 58, 68, 76, 81, 88, 90, 94, 105, 101, 109, 100, 111, 116, 117, 119, 121, 123, 124, 55, 0, 124]","[0, 2, 6, 0, 9, 16, 13, 17, 18, 19, 51, 86, 122, 113, 58, 27, 28, 32, 32, 0, 36, 39, 42, 52, 58, 68, 76, 81, 88, 90, 94, 105, 101, 109, 100, 111, 116, 117, 119, 121, 123, 124, 55, 0, 124]"
Linear,25,exact_guidance_u,57,0,47,46,"[129, 0, 2, 6, 0, 9, 16, 13, 17, 18, 19, 51, 86, 122, 113, 58, 27, 28, 32, 32, 0, 36, 39, 42, 52, 58, 68, 76, 81, 88, 90, 94, 105, 101, 109, 100, 111, 116, 117, 119, 121, 123, 124, 115, 55, 0, 124]","[0, 2, 6, 0, 9, 16, 13, 17, 18, 19, 51, 86, 122, 113, 58, 27, 28, 32, 32, 0, 36, 39, 42, 52, 58, 68, 76, 81, 88, 90, 94, 105, 101, 109, 100, 111, 116, 117, 119, 121, 123, 124, 115, 55, 0, 124]"
Linear,25,exact_guidance_u,58,0,47,46,"[129, 0, 2, 6, 0, 9, 16, 13, 17, 18, 19, 51, 86, 122, 113, 58, 27, 28, 32, 32, 0, 36, 39, 42, 52, 58, 68, 76, 81, 88, 90, 94, 105, 101, 109, 100, 111, 116, 117, 119, 121, 123, 124, 115, 55, 0, 124]","[0, 2, 6, 0, 9, 16, 13, 17, 18, 19, 51, 86, 122, 113, 58, 27, 28, 32, 32, 0, 36, 39, 42, 52, 58, 68, 76, 81, 88, 90, 94, 105, 101, 109, 100, 111, 116, 117, 119, 121, 123, 124, 115, 55, 0, 124]"
Linear,25,exact_guidance_u,59,0,47,46,"[129, 0, 2, 6, 0, 9, 16, 13, 17, 18, 19, 51, 86, 122, 113, 58, 27, 28, 32, 32, 0, 36, 39, 42, 52, 58, 68, 76, 81, 88, 90, 94, 105, 101, 109, 100, 111, 116, 117, 119, 121, 123, 124, 115, 55, 0, 124]","[0, 2, 6, 0, 9, 16, 13, 17, 18, 19, 51, 86, 122, 113, 58, 27, 28, 32, 32, 0, 36, 39, 42, 52, 58, 68, 76, 81, 88, 90, 94, 105, 101, 109, 100, 111, 116, 117, 119, 121, 123, 124, 115, 55, 0, 124]"
Linear,25,exact_guidance_u,60,0,47,46,"[129, 0, 2, 6, 0, 9, 16, 13, 17, 18, 19, 51, 86, 122, 113, 58, 27, 28, 32, 32, 0, 36, 39, 42, 52, 58, 68, 76, 81, 88, 90, 94, 105, 101, 109, 100, 111, 116, 117, 119, 121, 123, 124, 115, 55, 0, 124]","[0, 2, 6, 0, 9, 16, 13, 17, 18, 19, 51, 86, 122, 113, 58, 27, 28, 32, 32, 0, 36, 39, 42, 52, 58, 68, 76, 81, 88, 90, 94, 105, 101, 109, 100, 111, 116, 117, 119, 121, 123, 124, 115, 55, 0, 124]"
Linear,25,exact_guidance_u,61,0,47,46,"[129, 0, 2, 6, 0, 9, 16, 13, 17, 18, 19, 51, 86, 122, 113, 58, 27, 28, 32, 32, 0, 36, 39, 42, 52, 58, 68, 76, 81, 88, 90, 94, 105, 101, 109, 100, 111, 116, 117, 119, 121, 123, 124, 115, 55, 0, 124]","[0, 2, 6, 0, 9, 16, 13, 17, 18, 19, 51, 86, 122, 113, 58, 27, 28, 32, 32, 0, 36, 39, 42, 52, 58, 68, 76, 81, 88, 90, 94, 105, 101, 109, 100, 111, 116, 117, 119, 121, 123, 124, 115, 55, 0, 124]"
Linear,25,exact_guidance_u,62,0,47,46,"[129, 0, 2, 6, 0, 9, 16, 13, 17, 18, 19, 51, 86, 122, 113, 58, 27, 28, 32, 32, 0, 36, 39, 42, 52, 58, 68, 76, 81, 88, 90, 94, 105, 101, 109, 100, 111, 116, 117, 119, 121, 123, 124, 115, 55, 0, 124]","[0, 2, 6, 0, 9, 16, 13, 17, 18, 19, 51, 86, 122, 113, 58, 27, 28, 32, 32, 0, 36, 39, 42, 52, 58, 68, 76, 81, 88, 90, 94, 105, 101, 109, 100, 111, 116, 117, 119, 121, 123, 124, 115, 55, 0, 124]"
Linear,25,exact_guidance_u,63,0,47,46,"[129, 0, 2, 6, 0, 9, 16, 13, 17, 18, 19, 51, 86, 122, 113, 58, 27, 28, 32, 32, 0, 36, 39, 42, 52, 58, 68, 76, 81, 88, 90, 94, 105, 101, 109, 100, 111, 116, 117, 119, 121, 123, 124, 115, 55, 0, 124]","[0, 2, 6, 0, 9, 16, 13, 17, 18, 19, 51, 86, 122, 113, 58, 27, 28, 32, 32, 0, 36, 39, 42, 52, 58, 68, 76, 81, 88, 90, 94, 105, 101, 109, 100, 111, 116, 117, 119, 121, 123, 124, 115, 55, 0, 124]"
Linear,25,exact_guidance_u,64,0,48,47,"[129, 0, 2, 6, 0, 9, 16, 13, 17, 18, 19, 51, 86, 122, 113, 58, 27, 28, 32, 32, 0, 0, 36, 39, 42, 52, 58, 68, 76, 81, 88, 90, 94, 105, 101, 109, 100, 111, 116, 117, 119, 121, 123, 124, 115, 55, 0, 124]","[0, 2, 6, 0, 9, 16, 13, 17, 18, 19, 51, 86, 122, 113, 58, 27, 28, 32, 32, 0, 0, 36, 39, 42, 52, 58, 68, 76, 81, 88, 90, 94, 105, 101, 109, 100, 111, 116, 117, 119, 121, 123, 124, 115, 55, 0, 124]"
Linear,25,exact_guidance_u,65,0,48,47,"[129, 0, 2, 6, 0, 9, 16, 13, 17, 18, 19, 51, 86, 122, 113, 58, 27, 28, 32, 32, 0, 0, 36, 39, 42, 52, 58, 68, 76, 81, 88, 90, 94, 105, 101, 109, 100, 111, 116, 117, 119, 121, 123, 124, 115, 55, 0, 124]","[0, 2, 6, 0, 9, 16, 13, 17, 18, 19, 51, 86, 122, 113, 58, 27, 28, 32, 32, 0, 0, 36, 39, 42, 52, 58, 68, 76, 81, 88, 90, 94, 105, 101, 109, 100, 111, 116, 117, 119, 121, 123, 124, 115, 55, 0, 124]"
Linear,25,exact_guidance_u,66,0,49,48,"[129, 0, 2, 6, 0, 9, 16, 13, 17, 18, 19, 51, 86, 122, 113, 58, 27, 28, 32, 32, 5, 0, 0, 36, 39, 42, 52, 58, 68, 76, 81, 88, 90, 94, 105, 101, 109, 100, 111, 116, 117, 119, 121, 123, 124, 115, 55, 0, 124]","[0, 2, 6, 0, 9, 16, 13, 17, 18, 19, 51, 86, 122, 113, 58, 27, 28, 32, 32, 5, 0, 0, 36, 39, 42, 52, 58, 68, 76, 81, 88, 90, 94, 105, 101, 109, 100, 111, 116, 117, 119, 121, 123, 124, 115, 55, 0, 124]"
Linear,25,exact_guidance_u,67,0,49,48,"[129, 0, 2, 6, 0, 9, 16, 13, 17, 18, 19, 51, 86, 122, 113, 58, 27, 28, 32, 32, 5, 0, 0, 36, 39, 42, 52, 58, 68, 76, 81, 88, 90, 94, 105, 101, 109, 100, 111, 116, 117, 119, 121, 123, 124, 115, 55, 0, 124]","[0, 2, 6, 0, 9, 16, 13, 17, 18, 19, 51, 86, 122, 113, 58, 27, 28, 32, 32, 5, 0, 0, 36, 39, 42, 52, 58, 68, 76, 81, 88, 90, 94, 105, 101, 109, 100, 111, 116, 117, 119, 121, 123, 124, 115, 55, 0, 124]"
Linear,25,exact_guidance_u,68,0,49,48,"[129, 0, 2, 6, 0, 9, 16, 13, 17, 18, 19, 51, 86, 122, 113, 58, 27, 28, 32, 32, 5, 0, 0, 36, 39, 42, 52, 58, 68, 76, 81, 88, 90, 94, 105, 101, 109, 100, 111, 116, 117, 119, 121, 123, 124, 115, 55, 0, 124]","[0, 2, 6, 0, 9, 16, 13, 17, 18, 19, 51, 86, 122, 113, 58, 27, 28, 32, 32, 5, 0, 0, 36, 39, 42, 52, 58, 68, 76, 81, 88, 90, 94, 105, 101, 109, 100, 111, 116, 117, 119, 121, 123, 124, 115, 55, 0, 124]"
Linear,25,exact_guidance_u,69,0,49,48,"[129, 0, 2, 6, 0, 9, 16, 13, 17, 18, 19, 51, 86, 122, 113, 58, 27, 28, 32, 32, 5, 0, 0, 36, 39, 42, 52, 58, 68, 76, 81, 88, 90, 94, 105, 101, 109, 100, 111, 116, 117, 119, 121, 123, 124, 115, 55, 0, 124]","[0, 2, 6, 0, 9, 16, 13, 17, 18, 19, 51, 86, 122, 113, 58, 27, 28, 32, 32, 5, 0, 0, 36, 39, 42, 52, 58, 68, 76, 81, 88, 90, 94, 105, 101, 109, 100, 111, 116, 117, 119, 121, 123, 124, 115, 55, 0, 124]"
Linear,25,exact_guidance_u,70,0,50,49,"[129, 0, 2, 6, 0, 9, 16, 13, 17, 18, 19, 51, 86, 116, 122, 113, 58, 27, 28, 32, 32, 5, 0, 0, 36, 39, 42, 52, 58, 68, 76, 81, 88, 90, 94, 105, 101, 109, 100, 111, 116, 117, 119, 121, 123, 124, 115, 55, 0, 124]","[0, 2, 6, 0, 9, 16, 13, 17, 18, 19, 51, 86, 116, 122, 113, 58, 27, 28, 32, 32, 5, 0, 0, 36, 39, 42, 52, 58, 68, 76, 81, 88, 90, 94, 105, 101, 109, 100, 111, 116, 117, 119, 121, 123, 124, 115, 55, 0, 124]"
Linear,25,exact_guidance_u,71,0,51,50,"[129, 0, 2, 6, 0, 9, 16, 13, 17, 18, 19, 51, 86, 116, 117, 122, 113, 58, 27, 28, 32, 32, 5, 0, 0, 36, 39, 42, 52, 58, 68, 76, 81, 88, 90, 94, 105, 101, 109, 100, 111, 116, 117, 119, 121, 123, 124, 115, 55, 0, 124]","[0, 2, 6, 0, 9, 16, 13, 17, 18, 19, 51, 86, 116, 117, 122, 113, 58, 27, 28, 32, 32, 5, 0, 0, 36, 39, 42, 52, 58, 68, 76, 81, 88, 90, 94, 105, 101, 109, 100, 111, 116, 117, 119, 121, 123, 124, 115, 55, 0, 124]"
Linear,25,exact_guidance_u,72,0,51,50,"[129, 0, 2, 6, 0, 9, 16, 13, 17, 18, 19, 51, 86, 116, 117, 122, 113, 58, 27, 28, 32, 32, 5, 0, 0, 36, 39, 42, 52, 58, 68, 76, 81, 88, 90, 94, 105, 101, 109, 100, 111, 116, 117, 119, 121, 123, 124, 115, 55, 0, 124]","[0, 2, 6, 0, 9, 16, 13, 17, 18, 19, 51, 86, 116, 117, 122, 113, 58, 27, 28, 32, 32, 5, 0, 0, 36, 39, 42, 52, 58, 68, 76, 81, 88, 90, 94, 105, 101, 109, 100, 111, 116, 117, 119, 121, 123, 124, 115, 55, 0, 124]"
Linear,25,exact_guidance_u,73,0,52,51,"[129, 0, 2, 6, 0, 9, 16, 13, 17, 18, 19, 51, 86, 116, 117, 122, 113, 58, 27, 28, 32, 32, 5, 0, 0, 36, 39, 42, 47, 52, 58, 68, 76, 81, 88, 90, 94, 105, 101, 109, 100, 111, 116, 117, 119, 121, 123, 124, 115, 55, 0, 124]","[0, 2, 6, 0, 9, 16, 13, 17, 18, 19, 51, 86, 116, 117, 122, 113, 58, 27, 28, 32, 32, 5, 0, 0, 36, 39, 42, 47, 52, 58, 68, 76, 81, 88, 90, 94, 105, 101, 109, 100, 111, 116, 117, 119, 121, 123, 124, 115, 55, 0, 124]"
Linear,25,exact_guidance_u,74,0,53,52,"[129, 0, 2, 6, 0, 9, 16, 13, 17, 18, 19, 51, 86, 116, 117, 122, 113, 58, 27, 28, 32, 32, 5, 0, 0, 36, 39, 42, 47, 52, 58, 68, 76, 81, 88, 90, 94, 104, 105, 101, 109, 100, 111, 116, 117, 119, 121, 123, 124, 115, 55, 0, 124]","[0, 2, 6, 0, 9, 16, 13, 17, 18, 19, 51, 86, 116, 117, 122, 113, 58, 27, 28, 32, 32, 5, 0, 0, 36, 39, 42, 47, 52, 58, 68, 76, 81, 88, 90, 94, 104, 105, 101, 109, 100, 111, 116, 117, 119, 121, 123, 124, 115, 55, 0, 124]"
Linear,25,exact_guidance_u,75,0,53,52,"[129, 0, 2, 6, 0, 9, 16, 13, 17, 18, 19, 51, 86, 116, 117, 122, 113, 58, 27, 28, 32, 32, 5, 0, 0, 36, 39, 42, 47, 52, 58, 68, 76, 81, 88, 90, 94, 104, 105, 101, 109, 100, 111, 116, 117, 119, 121, 123, 124, 115, 55, 0, 124]","[0, 2, 6, 0, 9, 16, 13, 17, 18, 19, 51, 86, 116, 117, 122, 113, 58, 27, 28, 32, 32, 5, 0, 0, 36, 39, 42, 47, 52, 58, 68, 76, 81, 88, 90, 94, 104, 105, 101, 109, 100, 111, 116, 117, 119, 121, 123, 124, 115, 55, 0, 124]"
Linear,25,exact_guidance_u,76,0,53,52,"[129, 0, 2, 6, 0, 9, 16, 13, 17, 18, 19, 51, 86, 116, 117, 122, 113, 58, 27, 28, 32, 32, 5, 0, 0, 36, 39, 42, 47, 52, 58, 68, 76, 81, 88, 90, 94, 104, 105, 101, 109, 100, 111, 116, 117, 119, 121, 123, 124, 115, 55, 0, 124]","[0, 2, 6, 0, 9, 16, 13, 17, 18, 19, 51, 86, 116, 117, 122, 113, 58, 27, 28, 32, 32, 5, 0, 0, 36, 39, 42, 47, 52, 58, 68, 76, 81, 88, 90, 94, 104, 105, 101, 109, 100, 111, 116, 117, 119, 121, 123, 124, 115, 55, 0, 124]"
Linear,25,exact_guidance_u,77,0,53,52,"[129, 0, 2, 6, 0, 9, 16, 13, 17, 18, 19, 51, 86, 116, 117, 122, 113, 58, 27, 28, 32, 32, 5, 0, 0, 36, 39, 42, 47, 52, 58, 68, 76, 81, 88, 90, 94, 104, 105, 101, 109, 100, 111, 116, 117, 119, 121, 123, 124, 115, 55, 0, 124]","[0, 2, 6, 0, 9, 16, 13, 17, 18, 19, 51, 86, 116, 117, 122, 113, 58, 27, 28, 32, 32, 5, 0, 0, 36, 39, 42, 47, 52, 58, 68, 76, 81, 88, 90, 94, 104, 105, 101, 109, 100, 111, 116, 117, 119, 121, 123, 124, 115, 55, 0, 124]"
Linear,25,exact_guidance_u,78,0,53,52,"[129, 0, 2, 6, 0, 9, 16, 13, 17, 18, 19, 51, 86, 116, 117, 122, 113, 58, 27, 28, 32, 32, 5, 0, 0, 36, 39, 42, 47, 52, 58, 68, 76, 81, 88, 90, 94, 104, 105, 101, 109, 100, 111, 116, 117, 119, 121, 123, 124, 115, 55, 0, 124]","[0, 2, 6, 0, 9, 16, 13, 17, 18, 19, 51, 86, 116, 117, 122, 113, 58, 27, 28, 32, 32, 5, 0, 0, 36, 39, 42, 47, 52, 58, 68, 76, 81, 88, 90, 94, 104, 105, 101, 109, 100, 111, 116, 117, 119, 121, 123, 124, 115, 55, 0, 124]"
Linear,25,exact_guidance_u,79,0,53,52,"[129, 0, 2, 6, 0, 9, 16, 13, 17, 18, 19, 51, 86, 116, 117, 122, 113, 58, 27, 28, 32, 32, 5, 0, 0, 36, 39, 42, 47, 52, 58, 68, 76, 81, 88, 90, 94, 104, 105, 101, 109, 100, 111, 116, 117, 119, 121, 123, 124, 115, 55, 0, 124]","[0, 2, 6, 0, 9, 16, 13, 17, 18, 19, 51, 86, 116, 117, 122, 113, 58, 27, 28, 32, 32, 5, 0, 0, 36, 39, 42, 47, 52, 58, 68, 76, 81, 88, 90, 94, 104, 105, 101, 109, 100, 111, 116, 117, 119, 121, 123, 124, 115, 55, 0, 124]"
Linear,25,exact_guidance_u,80,0,53,52,"[129, 0, 2, 6, 0, 9, 16, 13, 17, 18, 19, 51, 86, 116, 117, 122, 113, 58, 27, 28, 32, 32, 5, 0, 0, 36, 39, 42, 47, 52, 58, 68, 76, 81, 88, 90, 94, 104, 105, 101, 109, 100, 111, 116, 117, 119, 121, 123, 124, 115, 55, 0, 124]","[0, 2, 6, 0, 9, 16, 13, 17, 18, 19, 51, 86, 116, 117, 122, 113, 58, 27, 28, 32, 32, 5, 0, 0, 36, 39, 42, 47, 52, 58, 68, 76, 81, 88, 90, 94, 104, 105, 101, 109, 100, 111, 116, 117, 119, 121, 123, 124, 115, 55, 0, 124]"
Linear,25,exact_guidance_u,81,0,53,52,"[129, 0, 2, 6, 0, 9, 16, 13, 17, 18, 19, 51, 86, 116, 117, 122, 113, 58, 27, 28, 32, 32, 5, 0, 0, 36, 39, 42, 47, 52, 58, 68, 76, 81, 88, 90, 94, 104, 105, 101, 109, 100, 111, 116, 117, 119, 121, 123, 124, 115, 55, 0, 124]","[0, 2, 6, 0, 9, 16, 13, 17, 18, 19, 51, 86, 116, 117, 122, 113, 58, 27, 28, 32, 32, 5, 0, 0, 36, 39, 42, 47, 52, 58, 68, 76, 81, 88, 90, 94, 104, 105, 101, 109, 100, 111, 116, 117, 119, 121, 123, 124, 115, 55, 0, 124]"
Linear,25,exact_guidance_u,82,0,53,52,"[129, 0, 2, 6, 0, 9, 16, 13, 17, 18, 19, 51, 86, 116, 117, 122, 113, 58, 27, 28, 32, 32, 5, 0, 0, 36, 39, 42, 47, 52, 58, 68, 76, 81, 88, 90, 94, 104, 105, 101, 109, 100, 111, 116, 117, 119, 121, 123, 124, 115, 55, 0, 124]","[0, 2, 6, 0, 9, 16, 13, 17, 18, 19, 51, 86, 116, 117, 122, 113, 58, 27, 28, 32, 32, 5, 0, 0, 36, 39, 42, 47, 52, 58, 68, 76, 81, 88, 90, 94, 104, 105, 101, 109, 100, 111, 116, 117, 119, 121, 123, 124, 115, 55, 0, 124]"
Linear,25,exact_guidance_u,83,0,54,53,"[129, 0, 2, 6, 0, 9, 16, 13, 17, 18, 19, 51, 86, 116, 117, 122, 113, 58, 27, 28, 32, 32, 5, 0, 0, 36, 39, 42, 47, 52, 58, 68, 76, 81, 88, 90, 94, 104, 105, 107, 101, 109, 100, 111, 116, 117, 119, 121, 123, 124, 115, 55, 0, 124]","[0, 2, 6, 0, 9, 16, 13, 17, 18, 19, 51, 86, 116, 117, 122, 113, 58, 27, 28, 32, 32, 5, 0, 0, 36, 39, 42, 47, 52, 58, 68, 76, 81, 88, 90, 94, 104, 105, 107, 101, 109, 100, 111, 116, 117, 119, 121, 123, 124, 115, 55, 0, 124]"
Linear,25,exact_guidance_u,84,0,54,53,"[129, 0, 2, 6, 0, 9, 16, 13, 17, 18, 19, 51, 86, 116, 117, 122, 113, 58, 27, 28, 32, 32, 5, 0, 0, 36, 39, 42, 47, 52, 58, 68, 76, 81, 88, 90, 94, 104, 105, 107, 101, 109, 100, 111, 116, 117, 119, 121, 123, 124, 115, 55, 0, 124]","[0, 2, 6, 0, 9, 16, 13, 17, 18, 19, 51, 86, 116, 117, 122, 113, 58, 27, 28, 32, 32, 5, 0, 0, 36, 39, 42, 47, 52, 58, 68, 76, 81, 88, 90, 94, 104, 105, 107, 101, 109, 100, 111, 116, 117, 119, 121, 123, 124, 115, 55, 0, 124]"
Linear,25,exact_guidance_u,85,0,54,53,"[129, 0, 2, 6, 0, 9, 16, 13, 17, 18, 19, 51, 86, 116, 117, 122, 113, 58, 27, 28, 32, 32, 5, 0, 0, 36, 39, 42, 47, 52, 58, 68, 76, 81, 88, 90, 94, 104, 105, 107, 101, 109, 100, 111, 116, 117, 119, 121, 123, 124, 115, 55, 0, 124]","[0, 2, 6, 0, 9, 16, 13, 17, 18, 19, 51, 86, 116, 117, 122, 113, 58, 27, 28, 32, 32, 5, 0, 0, 36, 39, 42, 47, 52, 58, 68, 76, 81, 88, 90, 94, 104, 105, 107, 101, 109, 100, 111, 116, 117, 119, 121, 123, 124, 115, 55, 0, 124]"
Linear,25,exact_guidance_u,86,0,54,53,"[129, 0, 2, 6, 0, 9, 16, 13, 17, 18, 19, 51, 86, 116, 117, 122, 113, 58, 27, 28, 32, 32, 5, 0, 0, 36, 39, 42, 47, 52, 58, 68, 76, 81, 88, 90, 94, 104, 105, 107, 101, 109, 100, 111, 116, 117, 119, 121, 123, 124, 115, 55, 0, 124]","[0, 2, 6, 0, 9, 16, 13, 17, 18, 19, 51, 86, 116, 117, 122, 113, 58, 27, 28, 32, 32, 5, 0, 0, 36, 39, 42, 47, 52, 58, 68, 76, 81, 88, 90, 94, 104, 105, 107, 101, 109, 100, 111, 116, 117, 119, 121, 123, 124, 115, 55, 0, 124]"
Linear,25,exact_guidance_u,87,0,54,53,"[129, 0, 2, 6, 0, 9, 16, 13, 17, 18, 19, 51, 86, 116, 117, 122, 113, 58, 27, 28, 32, 32, 5, 0, 0, 36, 39, 42, 47, 52, 58, 68, 76, 81, 88, 90, 94, 104, 105, 107, 101, 109, 100, 111, 116, 117, 119, 121, 123, 124, 115, 55, 0, 124]","[0, 2, 6, 0, 9, 16, 13, 17, 18, 19, 51, 86, 116, 117, 122, 113, 58, 27, 28, 32, 32, 5, 0, 0, 36, 39, 42, 47, 52, 58, 68, 76, 81, 88, 90, 94, 104, 105, 107, 101, 109, 100, 111, 116, 117, 119, 121, 123, 124, 115, 55, 0, 124]"
Linear,25,exact_guidance_u,88,0,54,53,"[129, 0, 2, 6, 0, 9, 16, 13, 17, 18, 19, 51, 86, 116, 117, 122, 113, 58, 27, 28, 32, 32, 5, 0, 0, 36, 39, 42, 47, 52, 58, 68, 76, 81, 88, 90, 94, 104, 105, 107, 101, 109, 100, 111, 116, 117, 119, 121, 123, 124, 115, 55, 0, 124]","[0, 2, 6, 0, 9, 16, 13, 17, 18, 19, 51, 86, 116, 117, 122, 113, 58, 27, 28, 32, 32, 5, 0, 0, 36, 39, 42, 47, 52, 58, 68, 76, 81, 88, 90, 94, 104, 105, 107, 101, 109, 100, 111, 116, 117, 119, 121, 123, 124, 115, 55, 0, 124]"
Linear,25,exact_guidance_u,89,0,54,53,"[129, 0, 2, 6, 0, 9, 16, 13, 17, 18, 19, 51, 86, 116, 117, 122, 113, 58, 27, 28, 32, 32, 5, 0, 0, 36, 39, 42, 47, 52, 58, 68, 76, 81, 88, 90, 94, 104, 105, 107, 101, 109, 100, 111, 116, 117, 119, 121, 123, 124, 115, 55, 0, 124]","[0, 2, 6, 0, 9, 16, 13, 17, 18, 19, 51, 86, 116, 117, 122, 113, 58, 27, 28, 32, 32, 5, 0, 0, 36, 39, 42, 47, 52, 58, 68, 76, 81, 88, 90, 94, 104, 105, 107, 101, 109, 100, 111, 116, 117, 119, 121, 123, 124, 115, 55, 0, 124]"
Linear,25,exact_guidance_u,90,0,54,53,"[129, 0, 2, 6, 0, 9, 16, 13, 17, 18, 19, 51, 86, 116, 117, 122, 113, 58, 27, 28, 32, 32, 5, 0, 0, 36, 39, 42, 47, 52, 58, 68, 76, 81, 88, 90, 94, 104, 105, 107, 101, 109, 100, 111, 116, 117, 119, 121, 123, 124, 115, 55, 0, 124]","[0, 2, 6, 0, 9, 16, 13, 17, 18, 19, 51, 86, 116, 117, 122, 113, 58, 27, 28, 32, 32, 5, 0, 0, 36, 39, 42, 47, 52, 58, 68, 76, 81, 88, 90, 94, 104, 105, 107, 101, 109, 100, 111, 116, 117, 119, 121, 123, 124, 115, 55, 0, 124]"
Linear,25,exact_guidance_u,91,0,54,53,"[129, 0, 2, 6, 0, 9, 16, 13, 17, 18, 19, 51, 86, 116, 117, 122, 113, 58, 27, 28, 32, 32, 5, 0, 0, 36, 39, 42, 47, 52, 58, 68, 76, 81, 88, 90, 94, 104, 105, 107, 101, 109, 100, 111, 116, 117, 119, 121, 123, 124, 115, 55, 0, 124]","[0, 2, 6, 0, 9, 16, 13, 17, 18, 19, 51, 86, 116, 117, 122, 113, 58, 27, 28, 32, 32, 5, 0, 0, 36, 39, 42, 47, 52, 58, 68, 76, 81, 88, 90, 94, 104, 105, 107, 101, 109, 100, 111, 116, 117, 119, 121, 123, 124, 115, 55, 0, 124]"
Linear,25,exact_guidance_u,92,0,54,53,"[129, 0, 2, 6, 0, 9, 16, 13, 17, 18, 19, 51, 86, 116, 117, 122, 113, 58, 27, 28, 32, 32, 5, 0, 0, 36, 39, 42, 47, 52, 58, 68, 76, 81, 88, 90, 94, 104, 105, 107, 101, 109, 100, 111, 116, 117, 119, 121, 123, 124, 115, 55, 0, 124]","[0, 2, 6, 0, 9, 16, 13, 17, 18, 19, 51, 86, 116, 117, 122, 113, 58, 27, 28, 32, 32, 5, 0, 0, 36, 39, 42, 47, 52, 58, 68, 76, 81, 88, 90, 94, 104, 105, 107, 101, 109, 100, 111, 116, 117, 119, 121, 123, 124, 115, 55, 0, 124]"
Linear,25,exact_guidance_u,93,0,54,53,"[129, 0, 2, 6, 0, 9, 16, 13, 17, 18, 19, 51, 86, 116, 117, 122, 113, 58, 27, 28, 32, 32, 5, 0, 0, 36, 39, 42, 47, 52, 58, 68, 76, 81, 88, 90, 94, 104, 105, 107, 101, 109, 100, 111, 116, 117, 119, 121, 123, 124, 115, 55, 0, 124]","[0, 2, 6, 0, 9, 16, 13, 17, 18, 19, 51, 86, 116, 117, 122, 113, 58, 27, 28, 32, 32, 5, 0, 0, 36, 39, 42, 47, 52, 58, 68, 76, 81, 88, 90, 94, 104, 105, 107, 101, 109, 100, 111, 116, 117, 119, 121, 123, 124, 115, 55, 0, 124]"
Linear,25,exact_guidance_u,94,0,54,53,"[129, 0, 2, 6, 0, 9, 16, 13, 17, 18, 19, 51, 86, 116, 117, 122, 113, 58, 27, 28, 32, 32, 5, 0, 0, 36, 39, 42, 47, 52, 58, 68, 76, 81, 88, 90, 94, 104, 105, 107, 101, 109, 100, 111, 116, 117, 119, 121, 123, 124, 115, 55, 0, 124]","[0, 2, 6, 0, 9, 16, 13, 17, 18, 19, 51, 86, 116, 117, 122, 113, 58, 27, 28, 32, 32, 5, 0, 0, 36, 39, 42, 47, 52, 58, 68, 76, 81, 88, 90, 94, 104, 105, 107, 101, 109, 100, 111, 116, 117, 119, 121, 123, 124, 115, 55, 0, 124]"
Linear,25,exact_guidance_u,95,0,54,53,"[129, 0, 2, 6, 0, 9, 16, 13, 17, 18, 19, 51, 86, 116, 117, 122, 113, 58, 27, 28, 32, 32, 5, 0, 0, 36, 39, 42, 47, 52, 58, 68, 76, 81, 88, 90, 94, 104, 105, 107, 101, 109, 100, 111, 116, 117, 119, 121, 123, 124, 115, 55, 0, 124]","[0, 2, 6, 0, 9, 16, 13, 17, 18, 19, 51, 86, 116, 117, 122, 113, 58, 27, 28, 32, 32, 5, 0, 0, 36, 39, 42, 47, 52, 58, 68, 76, 81, 88, 90, 94, 104, 105, 107, 101, 109, 100, 111, 116, 117, 119, 121, 123, 124, 115, 55, 0, 124]"
Linear,25,exact_guidance_u,96,0,54,53,"[129, 0, 2, 6, 0, 9, 16, 13, 17, 18, 19, 51, 86, 116, 117, 122, 113, 58, 27, 28, 32, 32, 5, 0, 0, 36, 39, 42, 47, 52, 58, 68, 76, 81, 88, 90, 94, 104, 105, 107, 101, 109, 100, 111, 116, 117, 119, 121, 123, 124, 115, 55, 0, 124]","[0, 2, 6, 0, 9, 16, 13, 17, 18, 19, 51, 86, 116, 117, 122, 113, 58, 27, 28, 32, 32, 5, 0, 0, 36, 39, 42, 47, 52, 58, 68, 76, 81, 88, 90, 94, 104, 105, 107, 101, 109, 100, 111, 116, 117, 119, 121, 123, 124, 115, 55, 0, 124]"
Linear,25,exact_guidance_u,97,0,54,53,"[129, 0, 2, 6, 0, 9, 16, 13, 17, 18, 19, 51, 86, 116, 117, 122, 113, 58, 27, 28, 32, 32, 5, 0, 0, 36, 39, 42, 47, 52, 58, 68, 76, 81, 88, 90, 94, 104, 105, 107, 101, 109, 100, 111, 116, 117, 119, 121, 123, 124, 115, 55, 0, 124]","[0, 2, 6, 0, 9, 16, 13, 17, 18, 19, 51, 86, 116, 117, 122, 113, 58, 27, 28, 32, 32, 5, 0, 0, 36, 39, 42, 47, 52, 58, 68, 76, 81, 88, 90, 94, 104, 105, 107, 101, 109, 100, 111, 116, 117, 119, 121, 123, 124, 115, 55, 0, 124]"
Linear,25,exact_guidance_u,98,0,54,53,"[129, 0, 2, 6, 0, 9, 16, 13, 17, 18, 19, 51, 86, 116, 117, 122, 113, 58, 27, 28, 32, 32, 5, 0, 0, 36, 39, 42, 47, 52, 58, 68, 76, 81, 88, 90, 94, 104, 105, 107, 101, 109, 100, 111, 116, 117, 119, 121, 123, 124, 115, 55, 0, 124]","[0, 2, 6, 0, 9, 16, 13, 17, 18, 19, 51, 86, 116, 117, 122, 113, 58, 27, 28, 32, 32, 5, 0, 0, 36, 39, 42, 47, 52, 58, 68, 76, 81, 88, 90, 94, 104, 105, 107, 101, 109, 100, 111, 116, 117, 119, 121, 123, 124, 115, 55, 0, 124]"
Linear,25,exact_guidance_u,99,0,54,53,"[129, 0, 2, 6, 0, 9, 16, 13, 17, 18, 19, 51, 86, 116, 117, 122, 113, 58, 27, 28, 32, 32, 5, 0, 0, 36, 39, 42, 47, 52, 58, 68, 76, 81, 88, 90, 94, 104, 105, 107, 101, 109, 100, 111, 116, 117, 119, 121, 123, 124, 115, 55, 0, 124]","[0, 2, 6, 0, 9, 16, 13, 17, 18, 19, 51, 86, 116, 117, 122, 113, 58, 27, 28, 32, 32, 5, 0, 0, 36, 39, 42, 47, 52, 58, 68, 76, 81, 88, 90, 94, 104, 105, 107, 101, 109, 100, 111, 116, 117, 119, 121, 123, 124, 115, 55, 0, 124]"
Linear,25,exact_guidance_u,100,0,54,53,"[129, 0, 2, 6, 0, 9, 16, 13, 17, 18, 19, 51, 86, 116, 117, 122, 113, 58, 27, 28, 32, 32, 5, 0, 0, 36, 39, 42, 47, 52, 58, 68, 76, 81, 88, 90, 94, 104, 105, 107, 101, 109, 100, 111, 116, 117, 119, 121, 123, 124, 115, 55, 0, 124]","[0, 2, 6, 0, 9, 16, 13, 17, 18, 19, 51, 86, 116, 117, 122, 113, 58, 27, 28, 32, 32, 5, 0, 0, 36, 39, 42, 47, 52, 58, 68, 76, 81, 88, 90, 94, 104, 105, 107, 101, 109, 100, 111, 116, 117, 119, 121, 123, 124, 115, 55, 0, 124]"
Linear,25,exact_guidance_u,101,0,54,53,"[129, 0, 2, 6, 0, 9, 16, 13, 17, 18, 19, 51, 86, 116, 117, 122, 113, 58, 27, 28, 32, 32, 5, 0, 0, 36, 39, 42, 47, 52, 58, 68, 76, 81, 88, 90, 94, 104, 105, 107, 101, 109, 100, 111, 116, 117, 119, 121, 123, 124, 115, 55, 0, 124]","[0, 2, 6, 0, 9, 16, 13, 17, 18, 19, 51, 86, 116, 117, 122, 113, 58, 27, 28, 32, 32, 5, 0, 0, 36, 39, 42, 47, 52, 58, 68, 76, 81, 88, 90, 94, 104, 105, 107, 101, 109, 100, 111, 116, 117, 119, 121, 123, 124, 115, 55, 0, 124]"
Linear,25,exact_guidance_u,102,0,54,53,"[129, 0, 2, 6, 0, 9, 16, 13, 17, 18, 19, 51, 86, 116, 117, 122, 113, 58, 27, 28, 32, 32, 5, 0, 0, 36, 39, 42, 47, 52, 58, 68, 76, 81, 88, 90, 94, 104, 105, 107, 101, 109, 100, 111, 116, 117, 119, 121, 123, 124, 115, 55, 0, 124]","[0, 2, 6, 0, 9, 16, 13, 17, 18, 19, 51, 86, 116, 117, 122, 113, 58, 27, 28, 32, 32, 5, 0, 0, 36, 39, 42, 47, 52, 58, 68, 76, 81, 88, 90, 94, 104, 105, 107, 101, 109, 100, 111, 116, 117, 119, 121, 123, 124, 115, 55, 0, 124]"
Linear,25,exact_guidance_u,103,0,54,53,"[129, 0, 2, 6, 0, 9, 16, 13, 17, 18, 19, 51, 86, 116, 117, 122, 113, 58, 27, 28, 32, 32, 5, 0, 0, 36, 39, 42, 47, 52, 58, 68, 76, 81, 88, 90, 94, 104, 105, 107, 101, 109, 100, 111, 116, 117, 119, 121, 123, 124, 115, 55, 0, 124]","[0, 2, 6, 0, 9, 16, 13, 17, 18, 19, 51, 86, 116, 117, 122, 113, 58, 27, 28, 32, 32, 5, 0, 0, 36, 39, 42, 47, 52, 58, 68, 76, 81, 88, 90, 94, 104, 105, 107, 101, 109, 100, 111, 116, 117, 119, 121, 123, 124, 115, 55, 0, 124]"
Linear,25,exact_guidance_u,104,0,55,54,"[129, 0, 2, 6, 0, 9, 16, 13, 17, 18, 19, 51, 86, 116, 117, 122, 113, 58, 27, 28, 32, 32, 5, 0, 0, 0, 36, 39, 42, 47, 52, 58, 68, 76, 81, 88, 90, 94, 104, 105, 107, 101, 109, 100, 111, 116, 117, 119, 121, 123, 124, 115, 55, 0, 124]","[0, 2, 6, 0, 9, 16, 13, 17, 18, 19, 51, 86, 116, 117, 122, 113, 58, 27, 28, 32, 32, 5, 0, 0, 0, 36, 39, 42, 47, 52, 58, 68, 76, 81, 88, 90, 94, 104, 105, 107, 101, 109, 100, 111, 116, 117, 119, 121, 123, 124, 115, 55, 0, 124]"
Linear,25,exact_guidance_u,105,0,55,54,"[129, 0, 2, 6, 0, 9, 16, 13, 17, 18, 19, 51, 86, 116, 117, 122, 113, 58, 27, 28, 32, 32, 5, 0, 0, 0, 36, 39, 42, 47, 52, 58, 68, 76, 81, 88, 90, 94, 104, 105, 107, 101, 109, 100, 111, 116, 117, 119, 121, 123, 124, 115, 55, 0, 124]","[0, 2, 6, 0, 9, 16, 13, 17, 18, 19, 51, 86, 116, 117, 122, 113, 58, 27, 28, 32, 32, 5, 0, 0, 0, 36, 39, 42, 47, 52, 58, 68, 76, 81, 88, 90, 94, 104, 105, 107, 101, 109, 100, 111, 116, 117, 119, 121, 123, 124, 115, 55, 0, 124]"
Linear,25,exact_guidance_u,106,0,55,54,"[129, 0, 2, 6, 0, 9, 16, 13, 17, 18, 19, 51, 86, 116, 117, 122, 113, 58, 27, 28, 32, 32, 5, 0, 0, 0, 36, 39, 42, 47, 52, 58, 68, 76, 81, 88, 90, 94, 104, 105, 107, 101, 109, 100, 111, 116, 117, 119, 121, 123, 124, 115, 55, 0, 124]","[0, 2, 6, 0, 9, 16, 13, 17, 18, 19, 51, 86, 116, 117, 122, 113, 58, 27, 28, 32, 32, 5, 0, 0, 0, 36, 39, 42, 47, 52, 58, 68, 76, 81, 88, 90, 94, 104, 105, 107, 101, 109, 100, 111, 116, 117, 119, 121, 123, 124, 115, 55, 0, 124]"
Linear,25,exact_guidance_u,107,0,55,54,"[129, 0, 2, 6, 0, 9, 16, 13, 17, 18, 19, 51, 86, 116, 117, 122, 113, 58, 27, 28, 32, 32, 5, 0, 0, 0, 36, 39, 42, 47, 52, 58, 68, 76, 81, 88, 90, 94, 104, 105, 107, 101, 109, 100, 111, 116, 117, 119, 121, 123, 124, 115, 55, 0, 124]","[0, 2, 6, 0, 9, 16, 13, 17, 18, 19, 51, 86, 116, 117, 122, 113, 58, 27, 28, 32, 32, 5, 0, 0, 0, 36, 39, 42, 47, 52, 58, 68, 76, 81, 88, 90, 94, 104, 105, 107, 101, 109, 100, 111, 116, 117, 119, 121, 123, 124, 115, 55, 0, 124]"
Linear,25,exact_guidance_u,108,0,55,54,"[129, 0, 2, 6, 0, 9, 16, 13, 17, 18, 19, 51, 86, 116, 117, 122, 113, 58, 27, 28, 32, 32, 5, 0, 0, 0, 36, 39, 42, 47, 52, 58, 68, 76, 81, 88, 90, 94, 104, 105, 107, 101, 109, 100, 111, 116, 117, 119, 121, 123, 124, 115, 55, 0, 124]","[0, 2, 6, 0, 9, 16, 13, 17, 18, 19, 51, 86, 116, 117, 122, 113, 58, 27, 28, 32, 32, 5, 0, 0, 0, 36, 39, 42, 47, 52, 58, 68, 76, 81, 88, 90, 94, 104, 105, 107, 101, 109, 100, 111, 116, 117, 119, 121, 123, 124, 115, 55, 0, 124]"
Linear,25,exact_guidance_u,109,0,55,54,"[129, 0, 2, 6, 0, 9, 16, 13, 17, 18, 19, 51, 86, 116, 117, 122, 113, 58, 27, 28, 32, 32, 5, 0, 0, 0, 36, 39, 42, 47, 52, 58, 68, 76, 81, 88, 90, 94, 104, 105, 107, 101, 109, 100, 111, 116, 117, 119, 121, 123, 124, 115, 55, 0, 124]","[0, 2, 6, 0, 9, 16, 13, 17, 18, 19, 51, 86, 116, 117, 122, 113, 58, 27, 28, 32, 32, 5, 0, 0, 0, 36, 39, 42, 47, 52, 58, 68, 76, 81, 88, 90, 94, 104, 105, 107, 101, 109, 100, 111, 116, 117, 119, 121, 123, 124, 115, 55, 0, 124]"
Linear,25,exact_guidance_u,110,0,56,55,"[129, 0, 2, 6, 0, 9, 16, 13, 17, 18, 19, 51, 86, 116, 117, 122, 113, 58, 27, 28, 32, 32, 16, 5, 0, 0, 0, 36, 39, 42, 47, 52, 58, 68, 76, 81, 88, 90, 94, 104, 105, 107, 101, 109, 100, 111, 116, 117, 119, 121, 123, 124, 115, 55, 0, 124]","[0, 2, 6, 0, 9, 16, 13, 17, 18, 19, 51, 86, 116, 117, 122, 113, 58, 27, 28, 32, 32, 16, 5, 0, 0, 0, 36, 39, 42, 47, 52, 58, 68, 76, 81, 88, 90, 94, 104, 105, 107, 101, 109, 100, 111, 116, 117, 119, 121, 123, 124, 115, 55, 0, 124]"
Linear,25,exact_guidance_u,111,0,56,55,"[129, 0, 2, 6, 0, 9, 16, 13, 17, 18, 19, 51, 86, 116, 117, 122, 113, 58, 27, 28, 32, 32, 16, 5, 0, 0, 0, 36, 39, 42, 47, 52, 58, 68, 76, 81, 88, 90, 94, 104, 105, 107, 101, 109, 100, 111, 116, 117, 119, 121, 123, 124, 115, 55, 0, 124]","[0, 2, 6, 0, 9, 16, 13, 17, 18, 19, 51, 86, 116, 117, 122, 113, 58, 27, 28, 32, 32, 16, 5, 0, 0, 0, 36, 39, 42, 47, 52, 58, 68, 76, 81, 88, 90, 94, 104, 105, 107, 101, 109, 100, 111, 116, 117, 119, 121, 123, 124, 115, 55, 0, 124]"
Linear,25,exact_guidance_u,112,0,56,55,"[129, 0, 2, 6, 0, 9, 16, 13, 17, 18, 19, 51, 86, 116, 117, 122, 113, 58, 27, 28, 32, 32, 16, 5, 0, 0, 0, 36, 39, 42, 47, 52, 58, 68, 76, 81, 88, 90, 94, 104, 105, 107, 101, 109, 100, 111, 116, 117, 119, 121, 123, 124, 115, 55, 0, 124]","[0, 2, 6, 0, 9, 16, 13, 17, 18, 19, 51, 86, 116, 117, 122, 113, 58, 27, 28, 32, 32, 16, 5, 0, 0, 0, 36, 39, 42, 47, 52, 58, 68, 76, 81, 88, 90, 94, 104, 105, 107, 101, 109, 100, 111, 116, 117, 119, 121, 123, 124, 115, 55, 0, 124]"
Linear,25,exact_guidance_u,113,0,56,55,"[129, 0, 2, 6, 0, 9, 16, 13, 17, 18, 19, 51, 86, 116, 117, 122, 113, 58, 27, 28, 32, 32, 16, 5, 0, 0, 0, 36, 39, 42, 47, 52, 58, 68, 76, 81, 88, 90, 94, 104, 105, 107, 101, 109, 100, 111, 116, 117, 119, 121, 123, 124, 115, 55, 0, 124]","[0, 2, 6, 0, 9, 16, 13, 17, 18, 19, 51, 86, 116, 117, 122, 113, 58, 27, 28, 32, 32, 16, 5, 0, 0, 0, 36, 39, 42, 47, 52, 58, 68, 76, 81, 88, 90, 94, 104, 105, 107, 101, 109, 100, 111, 116, 117, 119, 121, 123, 124, 115, 55, 0, 124]"
Linear,25,exact_guidance_u,114,0,57,56,"[129, 0, 2, 6, 0, 9, 16, 13, 17, 18, 19, 36, 51, 86, 116, 117, 122, 113, 58, 27, 28, 32, 32, 16, 5, 0, 0, 0, 36, 39, 42, 47, 52, 58, 68, 76, 81, 88, 90, 94, 104, 105, 107, 101, 109, 100, 111, 116, 117, 119, 121, 123, 124, 115, 55, 0, 124]","[0, 2, 6, 0, 9, 16, 13, 17, 18, 19, 36, 51, 86, 116, 117, 122, 113, 58, 27, 28, 32, 32, 16, 5, 0, 0, 0, 36, 39, 42, 47, 52, 58, 68, 76, 81, 88, 90, 94, 104, 105, 107, 101, 109, 100, 111, 116, 117, 119, 121, 123, 124, 115, 55, 0, 124]"
Linear,25,exact_guidance_u,115,0,57,56,"[129, 0, 2, 6, 0, 9, 16, 13, 17, 18, 19, 36, 51, 86, 116, 117, 122, 113, 58, 27, 28, 32, 32, 16, 5, 0, 0, 0, 36, 39, 42, 47, 52, 58, 68, 76, 81, 88, 90, 94, 104, 105, 107, 101, 109, 100, 111, 116, 117, 119, 121, 123, 124, 115, 55, 0, 124]","[0, 2, 6, 0, 9, 16, 13, 17, 18, 19, 36, 51, 86, 116, 117, 122, 113, 58, 27, 28, 32, 32, 16, 5, 0, 0, 0, 36, 39, 42, 47, 52, 58, 68, 76, 81, 88, 90, 94, 104, 105, 107, 101, 109, 100, 111, 116, 117, 119, 121, 123, 124, 115, 55, 0, 124]"
Linear,25,exact_guidance_u,116,0,57,56,"[129, 0, 2, 6, 0, 9, 16, 13, 17, 18, 19, 36, 51, 86, 116, 117, 122, 113, 58, 27, 28, 32, 32, 16, 5, 0, 0, 0, 36, 39, 42, 47, 52, 58, 68, 76, 81, 88, 90, 94, 104, 105, 107, 101, 109, 100, 111, 116, 117, 119, 121, 123, 124, 115, 55, 0, 124]","[0, 2, 6, 0, 9, 16, 13, 17, 18, 19, 36, 51, 86, 116, 117, 122, 113, 58, 27, 28, 32, 32, 16, 5, 0, 0, 0, 36, 39, 42, 47, 52, 58, 68, 76, 81, 88, 90, 94, 104, 105, 107, 101, 109, 100, 111, 116, 117, 119, 121, 123, 124, 115, 55, 0, 124]"
Linear,25,exact_guidance_u,117,0,57,56,"[129, 0, 2, 6, 0, 9, 16, 13, 17, 18, 19, 36, 51, 86, 116, 117, 122, 113, 58, 27, 28, 32, 32, 16, 5, 0, 0, 0, 36, 39, 42, 47, 52, 58, 68, 76, 81, 88, 90, 94, 104, 105, 107, 101, 109, 100, 111, 116, 117, 119, 121, 123, 124, 115, 55, 0, 124]","[0, 2, 6, 0, 9, 16, 13, 17, 18, 19, 36, 51, 86, 116, 117, 122, 113, 58, 27, 28, 32, 32, 16, 5, 0, 0, 0, 36, 39, 42, 47, 52, 58, 68, 76, 81, 88, 90, 94, 104, 105, 107, 101, 109, 100, 111, 116, 117, 119, 121, 123, 124, 115, 55, 0, 124]"
Linear,25,exact_guidance_u,118,0,57,56,"[129, 0, 2, 6, 0, 9, 16, 13, 17, 18, 19, 36, 51, 86, 116, 117, 122, 113, 58, 27, 28, 32, 32, 16, 5, 0, 0, 0, 36, 39, 42, 47, 52, 58, 68, 76, 81, 88, 90, 94, 104, 105, 107, 101, 109, 100, 111, 116, 117, 119, 121, 123, 124, 115, 55, 0, 124]","[0, 2, 6, 0, 9, 16, 13, 17, 18, 19, 36, 51, 86, 116, 117, 122, 113, 58, 27, 28, 32, 32, 16, 5, 0, 0, 0, 36, 39, 42, 47, 52, 58, 68, 76, 81, 88, 90, 94, 104, 105, 107, 101, 109, 100, 111, 116, 117, 119, 121, 123, 124, 115, 55, 0, 124]"
Linear,25,exact_guidance_u,119,0,57,56,"[129, 0, 2, 6, 0, 9, 16, 13, 17, 18, 19, 36, 51, 86, 116, 117, 122, 113, 58, 27, 28, 32, 32, 16, 5, 0, 0, 0, 36, 39, 42, 47, 52, 58, 68, 76, 81, 88, 90, 94, 104, 105, 107, 101, 109, 100, 111, 116, 117, 119, 121, 123, 124, 115, 55, 0, 124]","[0, 2, 6, 0, 9, 16, 13, 17, 18, 19, 36, 51, 86, 116, 117, 122, 113, 58, 27, 28, 32, 32, 16, 5, 0, 0, 0, 36, 39, 42, 47, 52, 58, 68, 76, 81, 88, 90, 94, 104, 105, 107, 101, 109, 100, 111, 116, 117, 119, 121, 123, 124, 115, 55, 0, 124]"
Linear,25,exact_guidance_u,120,0,57,56,"[129, 0, 2, 6, 0, 9, 16, 13, 17, 18, 19, 36, 51, 86, 116, 117, 122, 113, 58, 27, 28, 32, 32, 16, 5, 0, 0, 0, 36, 39, 42, 47, 52, 58, 68, 76, 81, 88, 90, 94, 104, 105, 107, 101, 109, 100, 111, 116, 117, 119, 121, 123, 124, 115, 55, 0, 124]","[0, 2, 6, 0, 9, 16, 13, 17, 18, 19, 36, 51, 86, 116, 117, 122, 113, 58, 27, 28, 32, 32, 16, 5, 0, 0, 0, 36, 39, 42, 47, 52, 58, 68, 76, 81, 88, 90, 94, 104, 105, 107, 101, 109, 100, 111, 116, 117, 119, 121, 123, 124, 115, 55, 0, 124]"
Linear,25,exact_guidance_u,121,0,57,56,"[129, 0, 2, 6, 0, 9, 16, 13, 17, 18, 19, 36, 51, 86, 116, 117, 122, 113, 58, 27, 28, 32, 32, 16, 5, 0, 0, 0, 36, 39, 42, 47, 52, 58, 68, 76, 81, 88, 90, 94, 104, 105, 107, 101, 109, 100, 111, 116, 117, 119, 121, 123, 124, 115, 55, 0, 124]","[0, 2, 6, 0, 9, 16, 13, 17, 18, 19, 36, 51, 86, 116, 117, 122, 113, 58, 27, 28, 32, 32, 16, 5, 0, 0, 0, 36, 39, 42, 47, 52, 58, 68, 76, 81, 88, 90, 94, 104, 105, 107, 101, 109, 100, 111, 116, 117, 119, 121, 123, 124, 115, 55, 0, 124]"
Linear,25,exact_guidance_u,122,0,58,57,"[129, 0, 2, 6, 0, 9, 16, 13, 17, 18, 19, 36, 51, 86, 116, 117, 122, 113, 85, 58, 27, 28, 32, 32, 16, 5, 0, 0, 0, 36, 39, 42, 47, 52, 58, 68, 76, 81, 88, 90, 94, 104, 105, 107, 101, 109, 100, 111, 116, 117, 119, 121, 123, 124, 115, 55, 0, 124]","[0, 2, 6, 0, 9, 16, 13, 17, 18, 19, 36, 51, 86, 116, 117, 122, 113, 85, 58, 27, 28, 32, 32, 16, 5, 0, 0, 0, 36, 39, 42, 47, 52, 58, 68, 76, 81, 88, 90, 94, 104, 105, 107, 101, 109, 100, 111, 116, 117, 119, 121, 123, 124, 115, 55, 0, 124]"
Linear,25,exact_guidance_u,123,0,58,57,"[129, 0, 2, 6, 0, 9, 16, 13, 17, 18, 19, 36, 51, 86, 116, 117, 122, 113, 85, 58, 27, 28, 32, 32, 16, 5, 0, 0, 0, 36, 39, 42, 47, 52, 58, 68, 76, 81, 88, 90, 94, 104, 105, 107, 101, 109, 100, 111, 116, 117, 119, 121, 123, 124, 115, 55, 0, 124]","[0, 2, 6, 0, 9, 16, 13, 17, 18, 19, 36, 51, 86, 116, 117, 122, 113, 85, 58, 27, 28, 32, 32, 16, 5, 0, 0, 0, 36, 39, 42, 47, 52, 58, 68, 76, 81, 88, 90, 94, 104, 105, 107, 101, 109, 100, 111, 116, 117, 119, 121, 123, 124, 115, 55, 0, 124]"
Linear,25,exact_guidance_u,124,0,58,57,"[129, 0, 2, 6, 0, 9, 16, 13, 17, 18, 19, 36, 51, 86, 116, 117, 122, 113, 85, 58, 27, 28, 32, 32, 16, 5, 0, 0, 0, 36, 39, 42, 47, 52, 58, 68, 76, 81, 88, 90, 94, 104, 105, 107, 101, 109, 100, 111, 116, 117, 119, 121, 123, 124, 115, 55, 0, 124]","[0, 2, 6, 0, 9, 16, 13, 17, 18, 19, 36, 51, 86, 116, 117, 122, 113, 85, 58, 27, 28, 32, 32, 16, 5, 0, 0, 0, 36, 39, 42, 47, 52, 58, 68, 76, 81, 88, 90, 94, 104, 105, 107, 101, 109, 100, 111, 116, 117, 119, 121, 123, 124, 115, 55, 0, 124]"
Linear,25,exact_guidance_u,125,0,59,58,"[129, 0, 2, 6, 0, 9, 16, 13, 17, 18, 19, 36, 51, 86, 116, 117, 122, 113, 85, 58, 27, 28, 32, 32, 16, 5, 0, 0, 0, 36, 39, 42, 47, 52, 58, 68, 76, 81, 88, 90, 94, 104, 105, 107, 101, 109, 100, 111, 116, 117, 119, 121, 123, 124, 115, 55, 0, 74, 124]","[0, 2, 6, 0, 9, 16, 13, 17, 18, 19, 36, 51, 86, 116, 117, 122, 113, 85, 58, 27, 28, 32, 32, 16, 5, 0, 0, 0, 36, 39, 42, 47, 52, 58, 68, 76, 81, 88, 90, 94, 104, 105, 107, 101, 109, 100, 111, 116, 117, 119, 121, 123, 124, 115, 55, 0, 74, 124]"
Linear,25,exact_guidance_u,126,0,59,58,"[129, 0, 2, 6, 0, 9, 16, 13, 17, 18, 19, 36, 51, 86, 116, 117, 122, 113, 85, 58, 27, 28, 32, 32, 16, 5, 0, 0, 0, 36, 39, 42, 47, 52, 58, 68, 76, 81, 88, 90, 94, 104, 105, 107, 101, 109, 100, 111, 116, 117, 119, 121, 123, 124, 115, 55, 0, 74, 124]","[0, 2, 6, 0, 9, 16, 13, 17, 18, 19, 36, 51, 86, 116, 117, 122, 113, 85, 58, 27, 28, 32, 32, 16, 5, 0, 0, 0, 36, 39, 42, 47, 52, 58, 68, 76, 81, 88, 90, 94, 104, 105, 107, 101, 109, 100, 111, 116, 117, 119, 121, 123, 124, 115, 55, 0, 74, 124]"
Linear,25,exact_guidance_u,127,0,60,59,"[129, 0, 2, 6, 0, 9, 16, 13, 17, 18, 19, 36, 51, 86, 116, 117, 122, 113, 85, 67, 58, 27, 28, 32, 32, 16, 5, 0, 0, 0, 36, 39, 42, 47, 52, 58, 68, 76, 81, 88, 90, 94, 104, 105, 107, 101, 109, 100, 111, 116, 117, 119, 121, 123, 124, 115, 55, 0, 74, 124]","[0, 2, 6, 0, 9, 16, 13, 17, 18, 19, 36, 51, 86, 116, 117, 122, 113, 85, 67, 58, 27, 28, 32, 32, 16, 5, 0, 0, 0, 36, 39, 42, 47, 52, 58, 68, 76, 81, 88, 90, 94, 104, 105, 107, 101, 109, 100, 111, 116, 117, 119, 121, 123, 124, 115, 55, 0, 74, 124]"
Linear,25,exact_guidance_u,128,0,60,59,"[129, 0, 2, 6, 0, 9, 16, 13, 17, 18, 19, 36, 51, 86, 116, 117, 122, 113, 85, 67, 58, 27, 28, 32, 32, 16, 5, 0, 0, 0, 36, 39, 42, 47, 52, 58, 68, 76, 81, 88, 90, 94, 104, 105, 107, 101, 109, 100, 111, 116, 117, 119, 121, 123, 124, 115, 55, 0, 74, 124]","[0, 2, 6, 0, 9, 16, 13, 17, 18, 19, 36, 51, 86, 116, 117, 122, 113, 85, 67, 58, 27, 28, 32, 32, 16, 5, 0, 0, 0, 36, 39, 42, 47, 52, 58, 68, 76, 81, 88, 90, 94, 104, 105, 107, 101, 109, 100, 111, 116, 117, 119, 121, 123, 124, 115, 55, 0, 74, 124]"
Linear,25,exact_guidance_u,129,0,61,60,"[129, 0, 2, 6, 0, 9, 16, 13, 17, 18, 19, 36, 51, 86, 116, 117, 122, 113, 85, 67, 58, 27, 28, 32, 32, 16, 5, 7, 0, 0, 0, 36, 39, 42, 47, 52, 58, 68, 76, 81, 88, 90, 94, 104, 105, 107, 101, 109, 100, 111, 116, 117, 119, 121, 123, 124, 115, 55, 0, 74, 124]","[0, 2, 6, 0, 9, 16, 13, 17, 18, 19, 36, 51, 86, 116, 117, 122, 113, 85, 67, 58, 27, 28, 32, 32, 16, 5, 7, 0, 0, 0, 36, 39, 42, 47, 52, 58, 68, 76, 81, 88, 90, 94, 104, 105, 107, 101, 109, 100, 111, 116, 117, 119, 121, 123, 124, 115, 55, 0, 74, 124]"
Linear,25,exact_guidance_u,130,0,61,60,"[129, 0, 2, 6, 0, 9, 16, 13, 17, 18, 19, 36, 51, 86, 116, 117, 122, 113, 85, 67, 58, 27, 28, 32, 32, 16, 5, 7, 0, 0, 0, 36, 39, 42, 47, 52, 58, 68, 76, 81, 88, 90, 94, 104, 105, 107, 101, 109, 100, 111, 116, 117, 119, 121, 123, 124, 115, 55, 0, 74, 124]","[0, 2, 6, 0, 9, 16, 13, 17, 18, 19, 36, 51, 86, 116, 117, 122, 113, 85, 67, 58, 27, 28, 32, 32, 16, 5, 7, 0, 0, 0, 36, 39, 42, 47, 52, 58, 68, 76, 81, 88, 90, 94, 104, 105, 107, 101, 109, 100, 111, 116, 117, 119, 121, 123, 124, 115, 55, 0, 74, 124]"
Linear,25,exact_guidance_u,131,0,61,60,"[129, 0, 2, 6, 0, 9, 16, 13, 17, 18, 19, 36, 51, 86, 116, 117, 122, 113, 85, 67, 58, 27, 28, 32, 32, 16, 5, 7, 0, 0, 0, 36, 39, 42, 47, 52, 58, 68, 76, 81, 88, 90, 94, 104, 105, 107, 101, 109, 100, 111, 116, 117, 119, 121, 123, 124, 115, 55, 0, 74, 124]","[0, 2, 6, 0, 9, 16, 13, 17, 18, 19, 36, 51, 86, 116, 117, 122, 113, 85, 67, 58, 27, 28, 32, 32, 16, 5, 7, 0, 0, 0, 36, 39, 42, 47, 52, 58, 68, 76, 81, 88, 90, 94, 104, 105, 107, 101, 109, 100, 111, 116, 117, 119, 121, 123, 124, 115, 55, 0, 74, 124]"
Linear,25,exact_guidance_u,132,0,61,60,"[129, 0, 2, 6, 0, 9, 16, 13, 17, 18, 19, 36, 51, 86, 116, 117, 122, 113, 85, 67, 58, 27, 28, 32, 32, 16, 5, 7, 0, 0, 0, 36, 39, 42, 47, 52, 58, 68, 76, 81, 88, 90, 94, 104, 105, 107, 101, 109, 100, 111, 116, 117, 119, 121, 123, 124, 115, 55, 0, 74, 124]","[0, 2, 6, 0, 9, 16, 13, 17, 18, 19, 36, 51, 86, 116, 117, 122, 113, 85, 67, 58, 27, 28, 32, 32, 16, 5, 7, 0, 0, 0, 36, 39, 42, 47, 52, 58, 68, 76, 81, 88, 90, 94, 104, 105, 107, 101, 109, 100, 111, 116, 117, 119, 121, 123, 124, 115, 55, 0, 74, 124]"
Linear,25,exact_guidance_u,133,0,61,60,"[129, 0, 2, 6, 0, 9, 16, 13, 17, 18, 19, 36, 51, 86, 116, 117, 122, 113, 85, 67, 58, 27, 28, 32, 32, 16, 5, 7, 0, 0, 0, 36, 39, 42, 47, 52, 58, 68, 76, 81, 88, 90, 94, 104, 105, 107, 101, 109, 100, 111, 116, 117, 119, 121, 123, 124, 115, 55, 0, 74, 124]","[0, 2, 6, 0, 9, 16, 13, 17, 18, 19, 36, 51, 86, 116, 117, 122, 113, 85, 67, 58, 27, 28, 32, 32, 16, 5, 7, 0, 0, 0, 36, 39, 42, 47, 52, 58, 68, 76, 81, 88, 90, 94, 104, 105, 107, 101, 109, 100, 111, 116, 117, 119, 121, 123, 124, 115, 55, 0, 74, 124]"
Linear,25,exact_guidance_u,134,0,61,60,"[129, 0, 2, 6, 0, 9, 16, 13, 17, 18, 19, 36, 51, 86, 116, 117, 122, 113, 85, 67, 58, 27, 28, 32, 32, 16, 5, 7, 0, 0, 0, 36, 39, 42, 47, 52, 58, 68, 76, 81, 88, 90, 94, 104, 105, 107, 101, 109, 100, 111, 116, 117, 119, 121, 123, 124, 115, 55, 0, 74, 124]","[0, 2, 6, 0, 9, 16, 13, 17, 18, 19, 36, 51, 86, 116, 117, 122, 113, 85, 67, 58, 27, 28, 32, 32, 16, 5, 7, 0, 0, 0, 36, 39, 42, 47, 52, 58, 68, 76, 81, 88, 90, 94, 104, 105, 107, 101, 109, 100, 111, 116, 117, 119, 121, 123, 124, 115, 55, 0, 74, 124]"
Linear,25,exact_guidance_u,135,0,62,61,"[129, 0, 2, 6, 6, 0, 9, 16, 13, 17, 18, 19, 36, 51, 86, 116, 117, 122, 113, 85, 67, 58, 27, 28, 32, 32, 16, 5, 7, 0, 0, 0, 36, 39, 42, 47, 52, 58, 68, 76, 81, 88, 90, 94, 104, 105, 107, 101, 109, 100, 111, 116, 117, 119, 121, 123, 124, 115, 55, 0, 74, 124]","[0, 2, 6, 6, 0, 9, 16, 13, 17, 18, 19, 36, 51, 86, 116, 117, 122, 113, 85, 67, 58, 27, 28, 32, 32, 16, 5, 7, 0, 0, 0, 36, 39, 42, 47, 52, 58, 68, 76, 81, 88, 90, 94, 104, 105, 107, 101, 109, 100, 111, 116, 117, 119, 121, 123, 124, 115, 55, 0, 74, 124]"
Linear,25,exact_guidance_u,136,0,62,61,"[129, 0, 2, 6, 6, 0, 9, 16, 13, 17, 18, 19, 36, 51, 86, 116, 117, 122, 113, 85, 67, 58, 27, 28, 32, 32, 16, 5, 7, 0, 0, 0, 36, 39, 42, 47, 52, 58, 68, 76, 81, 88, 90, 94, 104, 105, 107, 101, 109, 100, 111, 116, 117, 119, 121, 123, 124, 115, 55, 0, 74, 124]","[0, 2, 6, 6, 0, 9, 16, 13, 17, 18, 19, 36, 51, 86, 116, 117, 122, 113, 85, 67, 58, 27, 28, 32, 32, 16, 5, 7, 0, 0, 0, 36, 39, 42, 47, 52, 58, 68, 76, 81, 88, 90, 94, 104, 105, 107, 101, 109, 100, 111, 116, 117, 119, 121, 123, 124, 115, 55, 0, 74, 124]"
Linear,25,exact_guidance_u,137,0,62,61,"[129, 0, 2, 6, 6, 0, 9, 16, 13, 17, 18, 19, 36, 51, 86, 116, 117, 122, 113, 85, 67, 58, 27, 28, 32, 32, 16, 5, 7, 0, 0, 0, 36, 39, 42, 47, 52, 58, 68, 76, 81, 88, 90, 94, 104, 105, 107, 101, 109, 100, 111, 116, 117, 119, 121, 123, 124, 115, 55, 0, 74, 124]","[0, 2, 6, 6, 0, 9, 16, 13, 17, 18, 19, 36, 51, 86, 116, 117, 122, 113, 85, 67, 58, 27, 28, 32, 32, 16, 5, 7, 0, 0, 0, 36, 39, 42, 47, 52, 58, 68, 76, 81, 88, 90, 94, 104, 105, 107, 101, 109, 100, 111, 116, 117, 119, 121, 123, 124, 115, 55, 0, 74, 124]"
Linear,25,exact_guidance_u,138,0,62,61,"[129, 0, 2, 6, 6, 0, 9, 16, 13, 17, 18, 19, 36, 51, 86, 116, 117, 122, 113, 85, 67, 58, 27, 28, 32, 32, 16, 5, 7, 0, 0, 0, 36, 39, 42, 47, 52, 58, 68, 76, 81, 88, 90, 94, 104, 105, 107, 101, 109, 100, 111, 116, 117, 119, 121, 123, 124, 115, 55, 0, 74, 124]","[0, 2, 6, 6, 0, 9, 16, 13, 17, 18, 19, 36, 51, 86, 116, 117, 122, 113, 85, 67, 58, 27, 28, 32, 32, 16, 5, 7, 0, 0, 0, 36, 39, 42, 47, 52, 58, 68, 76, 81, 88, 90, 94, 104, 105, 107, 101, 109, 100, 111, 116, 117, 119, 121, 123, 124, 115, 55, 0, 74, 124]"
Linear,25,exact_guidance_u,139,0,62,61,"[129, 0, 2, 6, 6, 0, 9, 16, 13, 17, 18, 19, 36, 51, 86, 116, 117, 122, 113, 85, 67, 58, 27, 28, 32, 32, 16, 5, 7, 0, 0, 0, 36, 39, 42, 47, 52, 58, 68, 76, 81, 88, 90, 94, 104, 105, 107, 101, 109, 100, 111, 116, 117, 119, 121, 123, 124, 115, 55, 0, 74, 124]","[0, 2, 6, 6, 0, 9, 16, 13, 17, 18, 19, 36, 51, 86, 116, 117, 122, 113, 85, 67, 58, 27, 28, 32, 32, 16, 5, 7, 0, 0, 0, 36, 39, 42, 47, 52, 58, 68, 76, 81, 88, 90, 94, 104, 105, 107, 101, 109, 100, 111, 116, 117, 119, 121, 123, 124, 115, 55, 0, 74, 124]"
Linear,25,exact_guidance_u,140,0,62,61,"[129, 0, 2, 6, 6, 0, 9, 16, 13, 17, 18, 19, 36, 51, 86, 116, 117, 122, 113, 85, 67, 58, 27, 28, 32, 32, 16, 5, 7, 0, 0, 0, 36, 39, 42, 47, 52, 58, 68, 76, 81, 88, 90, 94, 104, 105, 107, 101, 109, 100, 111, 116, 117, 119, 121, 123, 124, 115, 55, 0, 74, 124]","[0, 2, 6, 6, 0, 9, 16, 13, 17, 18, 19, 36, 51, 86, 116, 117, 122, 113, 85, 67, 58, 27, 28, 32, 32, 16, 5, 7, 0, 0, 0, 36, 39, 42, 47, 52, 58, 68, 76, 81, 88, 90, 94, 104, 105, 107, 101, 109, 100, 111, 116, 117, 119, 121, 123, 124, 115, 55, 0, 74, 124]"
Linear,25,exact_guidance_u,141,0,62,61,"[129, 0, 2, 6, 6, 0, 9, 16, 13, 17, 18, 19, 36, 51, 86, 116, 117, 122, 113, 85, 67, 58, 27, 28, 32, 32, 16, 5, 7, 0, 0, 0, 36, 39, 42, 47, 52, 58, 68, 76, 81, 88, 90, 94, 104, 105, 107, 101, 109, 100, 111, 116, 117, 119, 121, 123, 124, 115, 55, 0, 74, 124]","[0, 2, 6, 6, 0, 9, 16, 13, 17, 18, 19, 36, 51, 86, 116, 117, 122, 113, 85, 67, 58, 27, 28, 32, 32, 16, 5, 7, 0, 0, 0, 36, 39, 42, 47, 52, 58, 68, 76, 81, 88, 90, 94, 104, 105, 107, 101, 109, 100, 111, 116, 117, 119, 121, 123, 124, 115, 55, 0, 74, 124]"
Linear,25,exact_guidance_u,142,0,62,61,"[129, 0, 2, 6, 6, 0, 9, 16, 13, 17, 18, 19, 36, 51, 86, 116, 117, 122, 113, 85, 67, 58, 27, 28, 32, 32, 16, 5, 7, 0, 0, 0, 36, 39, 42, 47, 52, 58, 68, 76, 81, 88, 90, 94, 104, 105, 107, 101, 109, 100, 111, 116, 117, 119, 121, 123, 124, 115, 55, 0, 74, 124]","[0, 2, 6, 6, 0, 9, 16, 13, 17, 18, 19, 36, 51, 86, 116, 117, 122, 113, 85, 67, 58, 27, 28, 32, 32, 16, 5, 7, 0, 0, 0, 36, 39, 42, 47, 52, 58, 68, 76, 81, 88, 90, 94, 104, 105, 107, 101, 109, 100, 111, 116, 117, 119, 121, 123, 124, 115, 55, 0, 74, 124]"
Linear,25,exact_guidance_u,143,0,62,61,"[129, 0, 2, 6, 6, 0, 9, 16, 13, 17, 18, 19, 36, 51, 86, 116, 117, 122, 113, 85, 67, 58, 27, 28, 32, 32, 16, 5, 7, 0, 0, 0, 36, 39, 42, 47, 52, 58, 68, 76, 81, 88, 90, 94, 104, 105, 107, 101, 109, 100, 111, 116, 117, 119, 121, 123, 124, 115, 55, 0, 74, 124]","[0, 2, 6, 6, 0, 9, 16, 13, 17, 18, 19, 36, 51, 86, 116, 117, 122, 113, 85, 67, 58, 27, 28, 32, 32, 16, 5, 7, 0, 0, 0, 36, 39, 42, 47, 52, 58, 68, 76, 81, 88, 90, 94, 104, 105, 107, 101, 109, 100, 111, 116, 117, 119, 121, 123, 124, 115, 55, 0, 74, 124]"
Linear,25,exact_guidance_u,144,0,62,61,"[129, 0, 2, 6, 6, 0, 9, 16, 13, 17, 18, 19, 36, 51, 86, 116, 117, 122, 113, 85, 67, 58, 27, 28, 32, 32, 16, 5, 7, 0, 0, 0, 36, 39, 42, 47, 52, 58, 68, 76, 81, 88, 90, 94, 104, 105, 107, 101, 109, 100, 111, 116, 117, 119, 121, 123, 124, 115, 55, 0, 74, 124]","[0, 2, 6, 6, 0, 9, 16, 13, 17, 18, 19, 36, 51, 86, 116, 117, 122, 113, 85, 67, 58, 27, 28, 32, 32, 16, 5, 7, 0, 0, 0, 36, 39, 42, 47, 52, 58, 68, 76, 81, 88, 90, 94, 104, 105, 107, 101, 109, 100, 111, 116, 117, 119, 121, 123, 124, 115, 55, 0, 74, 124]"
Linear,25,exact_guidance_u,145,0,62,61,"[129, 0, 2, 6, 6, 0, 9, 16, 13, 17, 18, 19, 36, 51, 86, 116, 117, 122, 113, 85, 67, 58, 27, 28, 32, 32, 16, 5, 7, 0, 0, 0, 36, 39, 42, 47, 52, 58, 68, 76, 81, 88, 90, 94, 104, 105, 107, 101, 109, 100, 111, 116, 117, 119, 121, 123, 124, 115, 55, 0, 74, 124]","[0, 2, 6, 6, 0, 9, 16, 13, 17, 18, 19, 36, 51, 86, 116, 117, 122, 113, 85, 67, 58, 27, 28, 32, 32, 16, 5, 7, 0, 0, 0, 36, 39, 42, 47, 52, 58, 68, 76, 81, 88, 90, 94, 104, 105, 107, 101, 109, 100, 111, 116, 117, 119, 121, 123, 124, 115, 55, 0, 74, 124]"
Linear,25,exact_guidance_u,146,0,62,61,"[129, 0, 2, 6, 6, 0, 9, 16, 13, 17, 18, 19, 36, 51, 86, 116, 117, 122, 113, 85, 67, 58, 27, 28, 32, 32, 16, 5, 7, 0, 0, 0, 36, 39, 42, 47, 52, 58, 68, 76, 81, 88, 90, 94, 104, 105, 107, 101, 109, 100, 111, 116, 117, 119, 121, 123, 124, 115, 55, 0, 74, 124]","[0, 2, 6, 6, 0, 9, 16, 13, 17, 18, 19, 36, 51, 86, 116, 117, 122, 113, 85, 67, 58, 27, 28, 32, 32, 16, 5, 7, 0, 0, 0, 36, 39, 42, 47, 52, 58, 68, 76, 81, 88, 90, 94, 104, 105, 107, 101, 109, 100, 111, 116, 117, 119, 121, 123, 124, 115, 55, 0, 74, 124]"
Linear,25,exact_guidance_u,147,0,62,61,"[129, 0, 2, 6, 6, 0, 9, 16, 13, 17, 18, 19, 36, 51, 86, 116, 117, 122, 113, 85, 67, 58, 27, 28, 32, 32, 16, 5, 7, 0, 0, 0, 36, 39, 42, 47, 52, 58, 68, 76, 81, 88, 90, 94, 104, 105, 107, 101, 109, 100, 111, 116, 117, 119, 121, 123, 124, 115, 55, 0, 74, 124]","[0, 2, 6, 6, 0, 9, 16, 13, 17, 18, 19, 36, 51, 86, 116, 117, 122, 113, 85, 67, 58, 27, 28, 32, 32, 16, 5, 7, 0, 0, 0, 36, 39, 42, 47, 52, 58, 68, 76, 81, 88, 90, 94, 104, 105, 107, 101, 109, 100, 111, 116, 117, 119, 121, 123, 124, 115, 55, 0, 74, 124]"
Linear,25,exact_guidance_u,148,0,62,61,"[129, 0, 2, 6, 6, 0, 9, 16, 13, 17, 18, 19, 36, 51, 86, 116, 117, 122, 113, 85, 67, 58, 27, 28, 32, 32, 16, 5, 7, 0, 0, 0, 36, 39, 42, 47, 52, 58, 68, 76, 81, 88, 90, 94, 104, 105, 107, 101, 109, 100, 111, 116, 117, 119, 121, 123, 124, 115, 55, 0, 74, 124]","[0, 2, 6, 6, 0, 9, 16, 13, 17, 18, 19, 36, 51, 86, 116, 117, 122, 113, 85, 67, 58, 27, 28, 32, 32, 16, 5, 7, 0, 0, 0, 36, 39, 42, 47, 52, 58, 68, 76, 81, 88, 90, 94, 104, 105, 107, 101, 109, 100, 111, 116, 117, 119, 121, 123, 124, 115, 55, 0, 74, 124]"
Linear,25,exact_guidance_u,149,0,62,61,"[129, 0, 2, 6, 6, 0, 9, 16, 13, 17, 18, 19, 36, 51, 86, 116, 117, 122, 113, 85, 67, 58, 27, 28, 32, 32, 16, 5, 7, 0, 0, 0, 36, 39, 42, 47, 52, 58, 68, 76, 81, 88, 90, 94, 104, 105, 107, 101, 109, 100, 111, 116, 117, 119, 121, 123, 124, 115, 55, 0, 74, 124]","[0, 2, 6, 6, 0, 9, 16, 13, 17, 18, 19, 36, 51, 86, 116, 117, 122, 113, 85, 67, 58, 27, 28, 32, 32, 16, 5, 7, 0, 0, 0, 36, 39, 42, 47, 52, 58, 68, 76, 81, 88, 90, 94, 104, 105, 107, 101, 109, 100, 111, 116, 117, 119, 121, 123, 124, 115, 55, 0, 74, 124]"
Linear,25,exact_guidance_u,150,0,63,62,"[129, 0, 1, 2, 6, 6, 0, 9, 16, 13, 17, 18, 19, 36, 51, 86, 116, 117, 122, 113, 85, 67, 58, 27, 28, 32, 32, 16, 5, 7, 0, 0, 0, 36, 39, 42, 47, 52, 58, 68, 76, 81, 88, 90, 94, 104, 105, 107, 101, 109, 100, 111, 116, 117, 119, 121, 123, 124, 115, 55, 0, 74, 124]","[0, 1, 2, 6, 6, 0, 9, 16, 13, 17, 18, 19, 36, 51, 86, 116, 117, 122, 113, 85, 67, 58, 27, 28, 32, 32, 16, 5, 7, 0, 0, 0, 36, 39, 42, 47, 52, 58, 68, 76, 81, 88, 90, 94, 104, 105, 107, 101, 109, 100, 111, 116, 117, 119, 121, 123, 124, 115, 55, 0, 74, 124]"
Linear,25,exact_guidance_u,151,0,63,62,"[129, 0, 1, 2, 6, 6, 0, 9, 16, 13, 17, 18, 19, 36, 51, 86, 116, 117, 122, 113, 85, 67, 58, 27, 28, 32, 32, 16, 5, 7, 0, 0, 0, 36, 39, 42, 47, 52, 58, 68, 76, 81, 88, 90, 94, 104, 105, 107, 101, 109, 100, 111, 116, 117, 119, 121, 123, 124, 115, 55, 0, 74, 124]","[0, 1, 2, 6, 6, 0, 9, 16, 13, 17, 18, 19, 36, 51, 86, 116, 117, 122, 113, 85, 67, 58, 27, 28, 32, 32, 16, 5, 7, 0, 0, 0, 36, 39, 42, 47, 52, 58, 68, 76, 81, 88, 90, 94, 104, 105, 107, 101, 109, 100, 111, 116, 117, 119, 121, 123, 124, 115, 55, 0, 74, 124]"
Linear,25,exact_guidance_u,152,0,63,62,"[129, 0, 1, 2, 6, 6, 0, 9, 16, 13, 17, 18, 19, 36, 51, 86, 116, 117, 122, 113, 85, 67, 58, 27, 28, 32, 32, 16, 5, 7, 0, 0, 0, 36, 39, 42, 47, 52, 58, 68, 76, 81, 88, 90, 94, 104, 105, 107, 101, 109, 100, 111, 116, 117, 119, 121, 123, 124, 115, 55, 0, 74, 124]","[0, 1, 2, 6, 6, 0, 9, 16, 13, 17, 18, 19, 36, 51, 86, 116, 117, 122, 113, 85, 67, 58, 27, 28, 32, 32, 16, 5, 7, 0, 0, 0, 36, 39, 42, 47, 52, 58, 68, 76, 81, 88, 90, 94, 104, 105, 107, 101, 109, 100, 111, 116, 117, 119, 121, 123, 124, 115, 55, 0, 74, 124]"
Linear,25,exact_guidance_u,153,0,63,62,"[129, 0, 1, 2, 6, 6, 0, 9, 16, 13, 17, 18, 19, 36, 51, 86, 116, 117, 122, 113, 85, 67, 58, 27, 28, 32, 32, 16, 5, 7, 0, 0, 0, 36, 39, 42, 47, 52, 58, 68, 76, 81, 88, 90, 94, 104, 105, 107, 101, 109, 100, 111, 116, 117, 119, 121, 123, 124, 115, 55, 0, 74, 124]","[0, 1, 2, 6, 6, 0, 9, 16, 13, 17, 18, 19, 36, 51, 86, 116, 117, 122, 113, 85, 67, 58, 27, 28, 32, 32, 16, 5, 7, 0, 0, 0, 36, 39, 42, 47, 52, 58, 68, 76, 81, 88, 90, 94, 104, 105, 107, 101, 109, 100, 111, 116, 117, 119, 121, 123, 124, 115, 55, 0, 74, 124]"
Linear,25,exact_guidance_u,154,0,63,62,"[129, 0, 1, 2, 6, 6, 0, 9, 16, 13, 17, 18, 19, 36, 51, 86, 116, 117, 122, 113, 85, 67, 58, 27, 28, 32, 32, 16, 5, 7, 0, 0, 0, 36, 39, 42, 47, 52, 58, 68, 76, 81, 88, 90, 94, 104, 105, 107, 101, 109, 100, 111, 116, 117, 119, 121, 123, 124, 115, 55, 0, 74, 124]","[0, 1, 2, 6, 6, 0, 9, 16, 13, 17, 18, 19, 36, 51, 86, 116, 117, 122, 113, 85, 67, 58, 27, 28, 32, 32, 16, 5, 7, 0, 0, 0, 36, 39, 42, 47, 52, 58, 68, 76, 81, 88, 90, 94, 104, 105, 107, 101, 109, 100, 111, 116, 117, 119, 121, 123, 124, 115, 55, 0, 74, 124]"
Linear,25,exact_guidance_u,155,0,63,62,"[129, 0, 1, 2, 6, 6, 0, 9, 16, 13, 17, 18, 19, 36, 51, 86, 116, 117, 122, 113, 85, 67, 58, 27, 28, 32, 32, 16, 5, 7, 0, 0, 0, 36, 39, 42, 47, 52, 58, 68, 76, 81, 88, 90, 94, 104, 105, 107, 101, 109, 100, 111, 116, 117, 119, 121, 123, 124, 115, 55, 0, 74, 124]","[0, 1, 2, 6, 6, 0, 9, 16, 13, 17, 18, 19, 36, 51, 86, 116, 117, 122, 113, 85, 67, 58, 27, 28, 32, 32, 16, 5, 7, 0, 0, 0, 36, 39, 42, 47, 52, 58, 68, 76, 81, 88, 90, 94, 104, 105, 107, 101, 109, 100, 111, 116, 117, 119, 121, 123, 124, 115, 55, 0, 74, 124]"
Linear,25,exact_guidance_u,156,0,63,62,"[129, 0, 1, 2, 6, 6, 0, 9, 16, 13, 17, 18, 19, 36, 51, 86, 116, 117, 122, 113, 85, 67, 58, 27, 28, 32, 32, 16, 5, 7, 0, 0, 0, 36, 39, 42, 47, 52, 58, 68, 76, 81, 88, 90, 94, 104, 105, 107, 101, 109, 100, 111, 116, 117, 119, 121, 123, 124, 115, 55, 0, 74, 124]","[0, 1, 2, 6, 6, 0, 9, 16, 13, 17, 18, 19, 36, 51, 86, 116, 117, 122, 113, 85, 67, 58, 27, 28, 32, 32, 16, 5, 7, 0, 0, 0, 36, 39, 42, 47, 52, 58, 68, 76, 81, 88, 90, 94, 104, 105, 107, 101, 109, 100, 111, 116, 117, 119, 121, 123, 124, 115, 55, 0, 74, 124]"
Linear,25,exact_guidance_u,157,0,63,62,"[129, 0, 1, 2, 6, 6, 0, 9, 16, 13, 17, 18, 19, 36, 51, 86, 116, 117, 122, 113, 85, 67, 58, 27, 28, 32, 32, 16, 5, 7, 0, 0, 0, 36, 39, 42, 47, 52, 58, 68, 76, 81, 88, 90, 94, 104, 105, 107, 101, 109, 100, 111, 116, 117, 119, 121, 123, 124, 115, 55, 0, 74, 124]","[0, 1, 2, 6, 6, 0, 9, 16, 13, 17, 18, 19, 36, 51, 86, 116, 117, 122, 113, 85, 67, 58, 27, 28, 32, 32, 16, 5, 7, 0, 0, 0, 36, 39, 42, 47, 52, 58, 68, 76, 81, 88, 90, 94, 104, 105, 107, 101, 109, 100, 111, 116, 117, 119, 121, 123, 124, 115, 55, 0, 74, 124]"
Linear,25,exact_guidance_u,158,0,63,62,"[129, 0, 1, 2, 6, 6, 0, 9, 16, 13, 17, 18, 19, 36, 51, 86, 116, 117, 122, 113, 85, 67, 58, 27, 28, 32, 32, 16, 5, 7, 0, 0, 0, 36, 39, 42, 47, 52, 58, 68, 76, 81, 88, 90, 94, 104, 105, 107, 101, 109, 100, 111, 116, 117, 119, 121, 123, 124, 115, 55, 0, 74, 124]","[0, 1, 2, 6, 6, 0, 9, 16, 13, 17, 18, 19, 36, 51, 86, 116, 117, 122, 113, 85, 67, 58, 27, 28, 32, 32, 16, 5, 7, 0, 0, 0, 36, 39, 42, 47, 52, 58, 68, 76, 81, 88, 90, 94, 104, 105, 107, 101, 109, 100, 111, 116, 117, 119, 121, 123, 124, 115, 55, 0, 74, 124]"
Linear,25,exact_guidance_u,159,0,63,62,"[129, 0, 1, 2, 6, 6, 0, 9, 16, 13, 17, 18, 19, 36, 51, 86, 116, 117, 122, 113, 85, 67, 58, 27, 28, 32, 32, 16, 5, 7, 0, 0, 0, 36, 39, 42, 47, 52, 58, 68, 76, 81, 88, 90, 94, 104, 105, 107, 101, 109, 100, 111, 116, 117, 119, 121, 123, 124, 115, 55, 0, 74, 124]","[0, 1, 2, 6, 6, 0, 9, 16, 13, 17, 18, 19, 36, 51, 86, 116, 117, 122, 113, 85, 67, 58, 27, 28, 32, 32, 16, 5, 7, 0, 0, 0, 36, 39, 42, 47, 52, 58, 68, 76, 81, 88, 90, 94, 104, 105, 107, 101, 109, 100, 111, 116, 117, 119, 121, 123, 124, 115, 55, 0, 74, 124]"
Linear,25,exact_guidance_u,160,0,63,62,"[129, 0, 1, 2, 6, 6, 0, 9, 16, 13, 17, 18, 19, 36, 51, 86, 116, 117, 122, 113, 85, 67, 58, 27, 28, 32, 32, 16, 5, 7, 0, 0, 0, 36, 39, 42, 47, 52, 58, 68, 76, 81, 88, 90, 94, 104, 105, 107, 101, 109, 100, 111, 116, 117, 119, 121, 123, 124, 115, 55, 0, 74, 124]","[0, 1, 2, 6, 6, 0, 9, 16, 13, 17, 18, 19, 36, 51, 86, 116, 117, 122, 113, 85, 67, 58, 27, 28, 32, 32, 16, 5, 7, 0, 0, 0, 36, 39, 42, 47, 52, 58, 68, 76, 81, 88, 90, 94, 104, 105, 107, 101, 109, 100, 111, 116, 117, 119, 121, 123, 124, 115, 55, 0, 74, 124]"
Linear,25,exact_guidance_u,161,0,63,62,"[129, 0, 1, 2, 6, 6, 0, 9, 16, 13, 17, 18, 19, 36, 51, 86, 116, 117, 122, 113, 85, 67, 58, 27, 28, 32, 32, 16, 5, 7, 0, 0, 0, 36, 39, 42, 47, 52, 58, 68, 76, 81, 88, 90, 94, 104, 105, 107, 101, 109, 100, 111, 116, 117, 119, 121, 123, 124, 115, 55, 0, 74, 124]","[0, 1, 2, 6, 6, 0, 9, 16, 13, 17, 18, 19, 36, 51, 86, 116, 117, 122, 113, 85, 67, 58, 27, 28, 32, 32, 16, 5, 7, 0, 0, 0, 36, 39, 42, 47, 52, 58, 68, 76, 81, 88, 90, 94, 104, 105, 107, 101, 109, 100, 111, 116, 117, 119, 121, 123, 124, 115, 55, 0, 74, 124]"
Linear,25,exact_guidance_u,162,0,63,62,"[129, 0, 1, 2, 6, 6, 0, 9, 16, 13, 17, 18, 19, 36, 51, 86, 116, 117, 122, 113, 85, 67, 58, 27, 28, 32, 32, 16, 5, 7, 0, 0, 0, 36, 39, 42, 47, 52, 58, 68, 76, 81, 88, 90, 94, 104, 105, 107, 101, 109, 100, 111, 116, 117, 119, 121, 123, 124, 115, 55, 0, 74, 124]","[0, 1, 2, 6, 6, 0, 9, 16, 13, 17, 18, 19, 36, 51, 86, 116, 117, 122, 113, 85, 67, 58, 27, 28, 32, 32, 16, 5, 7, 0, 0, 0, 36, 39, 42, 47, 52, 58, 68, 76, 81, 88, 90, 94, 104, 105, 107, 101, 109, 100, 111, 116, 117, 119, 121, 123, 124, 115, 55, 0, 74, 124]"
Linear,25,exact_guidance_u,163,0,63,62,"[129, 0, 1, 2, 6, 6, 0, 9, 16, 13, 17, 18, 19, 36, 51, 86, 116, 117, 122, 113, 85, 67, 58, 27, 28, 32, 32, 16, 5, 7, 0, 0, 0, 36, 39, 42, 47, 52, 58, 68, 76, 81, 88, 90, 94, 104, 105, 107, 101, 109, 100, 111, 116, 117, 119, 121, 123, 124, 115, 55, 0, 74, 124]","[0, 1, 2, 6, 6, 0, 9, 16, 13, 17, 18, 19, 36, 51, 86, 116, 117, 122, 113, 85, 67, 58, 27, 28, 32, 32, 16, 5, 7, 0, 0, 0, 36, 39, 42, 47, 52, 58, 68, 76, 81, 88, 90, 94, 104, 105, 107, 101, 109, 100, 111, 116, 117, 119, 121, 123, 124, 115, 55, 0, 74, 124]"
Linear,25,exact_guidance_u,164,0,63,62,"[129, 0, 1, 2, 6, 6, 0, 9, 16, 13, 17, 18, 19, 36, 51, 86, 116, 117, 122, 113, 85, 67, 58, 27, 28, 32, 32, 16, 5, 7, 0, 0, 0, 36, 39, 42, 47, 52, 58, 68, 76, 81, 88, 90, 94, 104, 105, 107, 101, 109, 100, 111, 116, 117, 119, 121, 123, 124, 115, 55, 0, 74, 124]","[0, 1, 2, 6, 6, 0, 9, 16, 13, 17, 18, 19, 36, 51, 86, 116, 117, 122, 113, 85, 67, 58, 27, 28, 32, 32, 16, 5, 7, 0, 0, 0, 36, 39, 42, 47, 52, 58, 68, 76, 81, 88, 90, 94, 104, 105, 107, 101, 109, 100, 111, 116, 117, 119, 121, 123, 124, 115, 55, 0, 74, 124]"
Linear,25,exact_guidance_u,165,0,63,62,"[129, 0, 1, 2, 6, 6, 0, 9, 16, 13, 17, 18, 19, 36, 51, 86, 116, 117, 122, 113, 85, 67, 58, 27, 28, 32, 32, 16, 5, 7, 0, 0, 0, 36, 39, 42, 47, 52, 58, 68, 76, 81, 88, 90, 94, 104, 105, 107, 101, 109, 100, 111, 116, 117, 119, 121, 123, 124, 115, 55, 0, 74, 124]","[0, 1, 2, 6, 6, 0, 9, 16, 13, 17, 18, 19, 36, 51, 86, 116, 117, 122, 113, 85, 67, 58, 27, 28, 32, 32, 16, 5, 7, 0, 0, 0, 36, 39, 42, 47, 52, 58, 68, 76, 81, 88, 90, 94, 104, 105, 107, 101, 109, 100, 111, 116, 117, 119, 121, 123, 124, 115, 55, 0, 74, 124]"
Linear,25,exact_guidance_u,166,0,63,62,"[129, 0, 1, 2, 6, 6, 0, 9, 16, 13, 17, 18, 19, 36, 51, 86, 116, 117, 122, 113, 85, 67, 58, 27, 28, 32, 32, 16, 5, 7, 0, 0, 0, 36, 39, 42, 47, 52, 58, 68, 76, 81, 88, 90, 94, 104, 105, 107, 101, 109, 100, 111, 116, 117, 119, 121, 123, 124, 115, 55, 0, 74, 124]","[0, 1, 2, 6, 6, 0, 9, 16, 13, 17, 18, 19, 36, 51, 86, 116, 117, 122, 113, 85, 67, 58, 27, 28, 32, 32, 16, 5, 7, 0, 0, 0, 36, 39, 42, 47, 52, 58, 68, 76, 81, 88, 90, 94, 104, 105, 107, 101, 109, 100, 111, 116, 117, 119, 121, 123, 124, 115, 55, 0, 74, 124]"
Linear,25,exact_guidance_u,167,0,63,62,"[129, 0, 1, 2, 6, 6, 0, 9, 16, 13, 17, 18, 19, 36, 51, 86, 116, 117, 122, 113, 85, 67, 58, 27, 28, 32, 32, 16, 5, 7, 0, 0, 0, 36, 39, 42, 47, 52, 58, 68, 76, 81, 88, 90, 94, 104, 105, 107, 101, 109, 100, 111, 116, 117, 119, 121, 123, 124, 115, 55, 0, 74, 124]","[0, 1, 2, 6, 6, 0, 9, 16, 13, 17, 18, 19, 36, 51, 86, 116, 117, 122, 113, 85, 67, 58, 27, 28, 32, 32, 16, 5, 7, 0, 0, 0, 36, 39, 42, 47, 52, 58, 68, 76, 81, 88, 90, 94, 104, 105, 107, 101, 109, 100, 111, 116, 117, 119, 121, 123, 124, 115, 55, 0, 74, 124]"
Linear,25,exact_guidance_u,168,0,63,62,"[129, 0, 1, 2, 6, 6, 0, 9, 16, 13, 17, 18, 19, 36, 51, 86, 116, 117, 122, 113, 85, 67, 58, 27, 28, 32, 32, 16, 5, 7, 0, 0, 0, 36, 39, 42, 47, 52, 58, 68, 76, 81, 88, 90, 94, 104, 105, 107, 101, 109, 100, 111, 116, 117, 119, 121, 123, 124, 115, 55, 0, 74, 124]","[0, 1, 2, 6, 6, 0, 9, 16, 13, 17, 18, 19, 36, 51, 86, 116, 117, 122, 113, 85, 67, 58, 27, 28, 32, 32, 16, 5, 7, 0, 0, 0, 36, 39, 42, 47, 52, 58, 68, 76, 81, 88, 90, 94, 104, 105, 107, 101, 109, 100, 111, 116, 117, 119, 121, 123, 124, 115, 55, 0, 74, 124]"
Linear,25,exact_guidance_u,169,0,63,62,"[129, 0, 1, 2, 6, 6, 0, 9, 16, 13, 17, 18, 19, 36, 51, 86, 116, 117, 122, 113, 85, 67, 58, 27, 28, 32, 32, 16, 5, 7, 0, 0, 0, 36, 39, 42, 47, 52, 58, 68, 76, 81, 88, 90, 94, 104, 105, 107, 101, 109, 100, 111, 116, 117, 119, 121, 123, 124, 115, 55, 0, 74, 124]","[0, 1, 2, 6, 6, 0, 9, 16, 13, 17, 18, 19, 36, 51, 86, 116, 117, 122, 113, 85, 67, 58, 27, 28, 32, 32, 16, 5, 7, 0, 0, 0, 36, 39, 42, 47, 52, 58, 68, 76, 81, 88, 90, 94, 104, 105, 107, 101, 109, 100, 111, 116, 117, 119, 121, 123, 124, 115, 55, 0, 74, 124]"
Linear,25,exact_guidance_u,170,0,63,62,"[129, 0, 1, 2, 6, 6, 0, 9, 16, 13, 17, 18, 19, 36, 51, 86, 116, 117, 122, 113, 85, 67, 58, 27, 28, 32, 32, 16, 5, 7, 0, 0, 0, 36, 39, 42, 47, 52, 58, 68, 76, 81, 88, 90, 94, 104, 105, 107, 101, 109, 100, 111, 116, 117, 119, 121, 123, 124, 115, 55, 0, 74, 124]","[0, 1, 2, 6, 6, 0, 9, 16, 13, 17, 18, 19, 36, 51, 86, 116, 117, 122, 113, 85, 67, 58, 27, 28, 32, 32, 16, 5, 7, 0, 0, 0, 36, 39, 42, 47, 52, 58, 68, 76, 81, 88, 90, 94, 104, 105, 107, 101, 109, 100, 111, 116, 117, 119, 121, 123, 124, 115, 55, 0, 74, 124]"
Linear,25,exact_guidance_u,171,0,63,62,"[129, 0, 1, 2, 6, 6, 0, 9, 16, 13, 17, 18, 19, 36, 51, 86, 116, 117, 122, 113, 85, 67, 58, 27, 28, 32, 32, 16, 5, 7, 0, 0, 0, 36, 39, 42, 47, 52, 58, 68, 76, 81, 88, 90, 94, 104, 105, 107, 101, 109, 100, 111, 116, 117, 119, 121, 123, 124, 115, 55, 0, 74, 124]","[0, 1, 2, 6, 6, 0, 9, 16, 13, 17, 18, 19, 36, 51, 86, 116, 117, 122, 113, 85, 67, 58, 27, 28, 32, 32, 16, 5, 7, 0, 0, 0, 36, 39, 42, 47, 52, 58, 68, 76, 81, 88, 90, 94, 104, 105, 107, 101, 109, 100, 111, 116, 117, 119, 121, 123, 124, 115, 55, 0, 74, 124]"
Linear,25,exact_guidance_u,172,0,63,62,"[129, 0, 1, 2, 6, 6, 0, 9, 16, 13, 17, 18, 19, 36, 51, 86, 116, 117, 122, 113, 85, 67, 58, 27, 28, 32, 32, 16, 5, 7, 0, 0, 0, 36, 39, 42, 47, 52, 58, 68, 76, 81, 88, 90, 94, 104, 105, 107, 101, 109, 100, 111, 116, 117, 119, 121, 123, 124, 115, 55, 0, 74, 124]","[0, 1, 2, 6, 6, 0, 9, 16, 13, 17, 18, 19, 36, 51, 86, 116, 117, 122, 113, 85, 67, 58, 27, 28, 32, 32, 16, 5, 7, 0, 0, 0, 36, 39, 42, 47, 52, 58, 68, 76, 81, 88, 90, 94, 104, 105, 107, 101, 109, 100, 111, 116, 117, 119, 121, 123, 124, 115, 55, 0, 74, 124]"
Linear,25,exact_guidance_u,173,0,63,62,"[129, 0, 1, 2, 6, 6, 0, 9, 16, 13, 17, 18, 19, 36, 51, 86, 116, 117, 122, 113, 85, 67, 58, 27, 28, 32, 32, 16, 5, 7, 0, 0, 0, 36, 39, 42, 47, 52, 58, 68, 76, 81, 88, 90, 94, 104, 105, 107, 101, 109, 100, 111, 116, 117, 119, 121, 123, 124, 115, 55, 0, 74, 124]","[0, 1, 2, 6, 6, 0, 9, 16, 13, 17, 18, 19, 36, 51, 86, 116, 117, 122, 113, 85, 67, 58, 27, 28, 32, 32, 16, 5, 7, 0, 0, 0, 36, 39, 42, 47, 52, 58, 68, 76, 81, 88, 90, 94, 104, 105, 107, 101, 109, 100, 111, 116, 117, 119, 121, 123, 124, 115, 55, 0, 74, 124]"
Linear,25,exact_guidance_u,174,0,63,62,"[129, 0, 1, 2, 6, 6, 0, 9, 16, 13, 17, 18, 19, 36, 51, 86, 116, 117, 122, 113, 85, 67, 58, 27, 28, 32, 32, 16, 5, 7, 0, 0, 0, 36, 39, 42, 47, 52, 58, 68, 76, 81, 88, 90, 94, 104, 105, 107, 101, 109, 100, 111, 116, 117, 119, 121, 123, 124, 115, 55, 0, 74, 124]","[0, 1, 2, 6, 6, 0, 9, 16, 13, 17, 18, 19, 36, 51, 86, 116, 117, 122, 113, 85, 67, 58, 27, 28, 32, 32, 16, 5, 7, 0, 0, 0, 36, 39, 42, 47, 52, 58, 68, 76, 81, 88, 90, 94, 104, 105, 107, 101, 109, 100, 111, 116, 117, 119, 121, 123, 124, 115, 55, 0, 74, 124]"
Linear,25,exact_guidance_u,175,0,63,62,"[129, 0, 1, 2, 6, 6, 0, 9, 16, 13, 17, 18, 19, 36, 51, 86, 116, 117, 122, 113, 85, 67, 58, 27, 28, 32, 32, 16, 5, 7, 0, 0, 0, 36, 39, 42, 47, 52, 58, 68, 76, 81, 88, 90, 94, 104, 105, 107, 101, 109, 100, 111, 116, 117, 119, 121, 123, 124, 115, 55, 0, 74, 124]","[0, 1, 2, 6, 6, 0, 9, 16, 13, 17, 18, 19, 36, 51, 86, 116, 117, 122, 113, 85, 67, 58, 27, 28, 32, 32, 16, 5, 7, 0, 0, 0, 36, 39, 42, 47, 52, 58, 68, 76, 81, 88, 90, 94, 104, 105, 107, 101, 109, 100, 111, 116, 117, 119, 121, 123, 124, 115, 55, 0, 74, 124]"
Linear,25,exact_guidance_u,176,0,63,62,"[129, 0, 1, 2, 6, 6, 0, 9, 16, 13, 17, 18, 19, 36, 51, 86, 116, 117, 122, 113, 85, 67, 58, 27, 28, 32, 32, 16, 5, 7, 0, 0, 0, 36, 39, 42, 47, 52, 58, 68, 76, 81, 88, 90, 94, 104, 105, 107, 101, 109, 100, 111, 116, 117, 119, 121, 123, 124, 115, 55, 0, 74, 124]","[0, 1, 2, 6, 6, 0, 9, 16, 13, 17, 18, 19, 36, 51, 86, 116, 117, 122, 113, 85, 67, 58, 27, 28, 32, 32, 16, 5, 7, 0, 0, 0, 36, 39, 42, 47, 52, 58, 68, 76, 81, 88, 90, 94, 104, 105, 107, 101, 109, 100, 111, 116, 117, 119, 121, 123, 124, 115, 55, 0, 74, 124]"
Linear,25,exact_guidance_u,177,0,63,62,"[129, 0, 1, 2, 6, 6, 0, 9, 16, 13, 17, 18, 19, 36, 51, 86, 116, 117, 122, 113, 85, 67, 58, 27, 28, 32, 32, 16, 5, 7, 0, 0, 0, 36, 39, 42, 47, 52, 58, 68, 76, 81, 88, 90, 94, 104, 105, 107, 101, 109, 100, 111, 116, 117, 119, 121, 123, 124, 115, 55, 0, 74, 124]","[0, 1, 2, 6, 6, 0, 9, 16, 13, 17, 18, 19, 36, 51, 86, 116, 117, 122, 113, 85, 67, 58, 27, 28, 32, 32, 16, 5, 7, 0, 0, 0, 36, 39, 42, 47, 52, 58, 68, 76, 81, 88, 90, 94, 104, 105, 107, 101, 109, 100, 111, 116, 117, 119, 121, 123, 124, 115, 55, 0, 74, 124]"
Linear,25,exact_guidance_u,178,0,63,62,"[129, 0, 1, 2, 6, 6, 0, 9, 16, 13, 17, 18, 19, 36, 51, 86, 116, 117, 122, 113, 85, 67, 58, 27, 28, 32, 32, 16, 5, 7, 0, 0, 0, 36, 39, 42, 47, 52, 58, 68, 76, 81, 88, 90, 94, 104, 105, 107, 101, 109, 100, 111, 116, 117, 119, 121, 123, 124, 115, 55, 0, 74, 124]","[0, 1, 2, 6, 6, 0, 9, 16, 13, 17, 18, 19, 36, 51, 86, 116, 117, 122, 113, 85, 67, 58, 27, 28, 32, 32, 16, 5, 7, 0, 0, 0, 36, 39, 42, 47, 52, 58, 68, 76, 81, 88, 90, 94, 104, 105, 107, 101, 109, 100, 111, 116, 117, 119, 121, 123, 124, 115, 55, 0, 74, 124]"
Linear,25,exact_guidance_u,179,0,63,62,"[129, 0, 1, 2, 6, 6, 0, 9, 16, 13, 17, 18, 19, 36, 51, 86, 116, 117, 122, 113, 85, 67, 58, 27, 28, 32, 32, 16, 5, 7, 0, 0, 0, 36, 39, 42, 47, 52, 58, 68, 76, 81, 88, 90, 94, 104, 105, 107, 101, 109, 100, 111, 116, 117, 119, 121, 123, 124, 115, 55, 0, 74, 124]","[0, 1, 2, 6, 6, 0, 9, 16, 13, 17, 18, 19, 36, 51, 86, 116, 117, 122, 113, 85, 67, 58, 27, 28, 32, 32, 16, 5, 7, 0, 0, 0, 36, 39, 42, 47, 52, 58, 68, 76, 81, 88, 90, 94, 104, 105, 107, 101, 109, 100, 111, 116, 117, 119, 121, 123, 124, 115, 55, 0, 74, 124]"
Linear,25,exact_guidance_u,180,0,63,62,"[129, 0, 1, 2, 6, 6, 0, 9, 16, 13, 17, 18, 19, 36, 51, 86, 116, 117, 122, 113, 85, 67, 58, 27, 28, 32, 32, 16, 5, 7, 0, 0, 0, 36, 39, 42, 47, 52, 58, 68, 76, 81, 88, 90, 94, 104, 105, 107, 101, 109, 100, 111, 116, 117, 119, 121, 123, 124, 115, 55, 0, 74, 124]","[0, 1, 2, 6, 6, 0, 9, 16, 13, 17, 18, 19, 36, 51, 86, 116, 117, 122, 113, 85, 67, 58, 27, 28, 32, 32, 16, 5, 7, 0, 0, 0, 36, 39, 42, 47, 52, 58, 68, 76, 81, 88, 90, 94, 104, 105, 107, 101, 109, 100, 111, 116, 117, 119, 121, 123, 124, 115, 55, 0, 74, 124]"
Linear,25,exact_guidance_u,181,0,63,62,"[129, 0, 1, 2, 6, 6, 0, 9, 16, 13, 17, 18, 19, 36, 51, 86, 116, 117, 122, 113, 85, 67, 58, 27, 28, 32, 32, 16, 5, 7, 0, 0, 0, 36, 39, 42, 47, 52, 58, 68, 76, 81, 88, 90, 94, 104, 105, 107, 101, 109, 100, 111, 116, 117, 119, 121, 123, 124, 115, 55, 0, 74, 124]","[0, 1, 2, 6, 6, 0, 9, 16, 13, 17, 18, 19, 36, 51, 86, 116, 117, 122, 113, 85, 67, 58, 27, 28, 32, 32, 16, 5, 7, 0, 0, 0, 36, 39, 42, 47, 52, 58, 68, 76, 81, 88, 90, 94, 104, 105, 107, 101, 109, 100, 111, 116, 117, 119, 121, 123, 124, 115, 55, 0, 74, 124]"
Linear,25,exact_guidance_u,182,0,63,62,"[129, 0, 1, 2, 6, 6, 0, 9, 16, 13, 17, 18, 19, 36, 51, 86, 116, 117, 122, 113, 85, 67, 58, 27, 28, 32, 32, 16, 5, 7, 0, 0, 0, 36, 39, 42, 47, 52, 58, 68, 76, 81, 88, 90, 94, 104, 105, 107, 101, 109, 100, 111, 116, 117, 119, 121, 123, 124, 115, 55, 0, 74, 124]","[0, 1, 2, 6, 6, 0, 9, 16, 13, 17, 18, 19, 36, 51, 86, 116, 117, 122, 113, 85, 67, 58, 27, 28, 32, 32, 16, 5, 7, 0, 0, 0, 36, 39, 42, 47, 52, 58, 68, 76, 81, 88, 90, 94, 104, 105, 107, 101, 109, 100, 111, 116, 117, 119, 121, 123, 124, 115, 55, 0, 74, 124]"
Linear,25,exact_guidance_u,183,0,63,62,"[129, 0, 1, 2, 6, 6, 0, 9, 16, 13, 17, 18, 19, 36, 51, 86, 116, 117, 122, 113, 85, 67, 58, 27, 28, 32, 32, 16, 5, 7, 0, 0, 0, 36, 39, 42, 47, 52, 58, 68, 76, 81, 88, 90, 94, 104, 105, 107, 101, 109, 100, 111, 116, 117, 119, 121, 123, 124, 115, 55, 0, 74, 124]","[0, 1, 2, 6, 6, 0, 9, 16, 13, 17, 18, 19, 36, 51, 86, 116, 117, 122, 113, 85, 67, 58, 27, 28, 32, 32, 16, 5, 7, 0, 0, 0, 36, 39, 42, 47, 52, 58, 68, 76, 81, 88, 90, 94, 104, 105, 107, 101, 109, 100, 111, 116, 117, 119, 121, 123, 124, 115, 55, 0, 74, 124]"
Linear,25,exact_guidance_u,184,0,63,62,"[129, 0, 1, 2, 6, 6, 0, 9, 16, 13, 17, 18, 19, 36, 51, 86, 116, 117, 122, 113, 85, 67, 58, 27, 28, 32, 32, 16, 5, 7, 0, 0, 0, 36, 39, 42, 47, 52, 58, 68, 76, 81, 88, 90, 94, 104, 105, 107, 101, 109, 100, 111, 116, 117, 119, 121, 123, 124, 115, 55, 0, 74, 124]","[0, 1, 2, 6, 6, 0, 9, 16, 13, 17, 18, 19, 36, 51, 86, 116, 117, 122, 113, 85, 67, 58, 27, 28, 32, 32, 16, 5, 7, 0, 0, 0, 36, 39, 42, 47, 52, 58, 68, 76, 81, 88, 90, 94, 104, 105, 107, 101, 109, 100, 111, 116, 117, 119, 121, 123, 124, 115, 55, 0, 74, 124]"
Linear,25,exact_guidance_u,185,0,63,62,"[129, 0, 1, 2, 6, 6, 0, 9, 16, 13, 17, 18, 19, 36, 51, 86, 116, 117, 122, 113, 85, 67, 58, 27, 28, 32, 32, 16, 5, 7, 0, 0, 0, 36, 39, 42, 47, 52, 58, 68, 76, 81, 88, 90, 94, 104, 105, 107, 101, 109, 100, 111, 116, 117, 119, 121, 123, 124, 115, 55, 0, 74, 124]","[0, 1, 2, 6, 6, 0, 9, 16, 13, 17, 18, 19, 36, 51, 86, 116, 117, 122, 113, 85, 67, 58, 27, 28, 32, 32, 16, 5, 7, 0, 0, 0, 36, 39, 42, 47, 52, 58, 68, 76, 81, 88, 90, 94, 104, 105, 107, 101, 109, 100, 111, 116, 117, 119, 121, 123, 124, 115, 55, 0, 74, 124]"
Linear,25,exact_guidance_u,186,0,63,62,"[129, 0, 1, 2, 6, 6, 0, 9, 16, 13, 17, 18, 19, 36, 51, 86, 116, 117, 122, 113, 85, 67, 58, 27, 28, 32, 32, 16, 5, 7, 0, 0, 0, 36, 39, 42, 47, 52, 58, 68, 76, 81, 88, 90, 94, 104, 105, 107, 101, 109, 100, 111, 116, 117, 119, 121, 123, 124, 115, 55, 0, 74, 124]","[0, 1, 2, 6, 6, 0, 9, 16, 13, 17, 18, 19, 36, 51, 86, 116, 117, 122, 113, 85, 67, 58, 27, 28, 32, 32, 16, 5, 7, 0, 0, 0, 36, 39, 42, 47, 52, 58, 68, 76, 81, 88, 90, 94, 104, 105, 107, 101, 109, 100, 111, 116, 117, 119, 121, 123, 124, 115, 55, 0, 74, 124]"
Linear,25,exact_guidance_u,187,0,63,62,"[129, 0, 1, 2, 6, 6, 0, 9, 16, 13, 17, 18, 19, 36, 51, 86, 116, 117, 122, 113, 85, 67, 58, 27, 28, 32, 32, 16, 5, 7, 0, 0, 0, 36, 39, 42, 47, 52, 58, 68, 76, 81, 88, 90, 94, 104, 105, 107, 101, 109, 100, 111, 116, 117, 119, 121, 123, 124, 115, 55, 0, 74, 124]","[0, 1, 2, 6, 6, 0, 9, 16, 13, 17, 18, 19, 36, 51, 86, 116, 117, 122, 113, 85, 67, 58, 27, 28, 32, 32, 16, 5, 7, 0, 0, 0, 36, 39, 42, 47, 52, 58, 68, 76, 81, 88, 90, 94, 104, 105, 107, 101, 109, 100, 111, 116, 117, 119, 121, 123, 124, 115, 55, 0, 74, 124]"
Linear,25,exact_guidance_u,188,0,63,62,"[129, 0, 1, 2, 6, 6, 0, 9, 16, 13, 17, 18, 19, 36, 51, 86, 116, 117, 122, 113, 85, 67, 58, 27, 28, 32, 32, 16, 5, 7, 0, 0, 0, 36, 39, 42, 47, 52, 58, 68, 76, 81, 88, 90, 94, 104, 105, 107, 101, 109, 100, 111, 116, 117, 119, 121, 123, 124, 115, 55, 0, 74, 124]","[0, 1, 2, 6, 6, 0, 9, 16, 13, 17, 18, 19, 36, 51, 86, 116, 117, 122, 113, 85, 67, 58, 27, 28, 32, 32, 16, 5, 7, 0, 0, 0, 36, 39, 42, 47, 52, 58, 68, 76, 81, 88, 90, 94, 104, 105, 107, 101, 109, 100, 111, 116, 117, 119, 121, 123, 124, 115, 55, 0, 74, 124]"
Linear,25,exact_guidance_u,189,0,63,62,"[129, 0, 1, 2, 6, 6, 0, 9, 16, 13, 17, 18, 19, 36, 51, 86, 116, 117, 122, 113, 85, 67, 58, 27, 28, 32, 32, 16, 5, 7, 0, 0, 0, 36, 39, 42, 47, 52, 58, 68, 76, 81, 88, 90, 94, 104, 105, 107, 101, 109, 100, 111, 116, 117, 119, 121, 123, 124, 115, 55, 0, 74, 124]","[0, 1, 2, 6, 6, 0, 9, 16, 13, 17, 18, 19, 36, 51, 86, 116, 117, 122, 113, 85, 67, 58, 27, 28, 32, 32, 16, 5, 7, 0, 0, 0, 36, 39, 42, 47, 52, 58, 68, 76, 81, 88, 90, 94, 104, 105, 107, 101, 109, 100, 111, 116, 117, 119, 121, 123, 124, 115, 55, 0, 74, 124]"
Linear,25,exact_guidance_u,190,0,63,62,"[129, 0, 1, 2, 6, 6, 0, 9, 16, 13, 17, 18, 19, 36, 51, 86, 116, 117, 122, 113, 85, 67, 58, 27, 28, 32, 32, 16, 5, 7, 0, 0, 0, 36, 39, 42, 47, 52, 58, 68, 76, 81, 88, 90, 94, 104, 105, 107, 101, 109, 100, 111, 116, 117, 119, 121, 123, 124, 115, 55, 0, 74, 124]","[0, 1, 2, 6, 6, 0, 9, 16, 13, 17, 18, 19, 36, 51, 86, 116, 117, 122, 113, 85, 67, 58, 27, 28, 32, 32, 16, 5, 7, 0, 0, 0, 36, 39, 42, 47, 52, 58, 68, 76, 81, 88, 90, 94, 104, 105, 107, 101, 109, 100, 111, 116, 117, 119, 121, 123, 124, 115, 55, 0, 74, 124]"
Linear,25,exact_guidance_u,191,0,63,62,"[129, 0, 1, 2, 6, 6, 0, 9, 16, 13, 17, 18, 19, 36, 51, 86, 116, 117, 122, 113, 85, 67, 58, 27, 28, 32, 32, 16, 5, 7, 0, 0, 0, 36, 39, 42, 47, 52, 58, 68, 76, 81, 88, 90, 94, 104, 105, 107, 101, 109, 100, 111, 116, 117, 119, 121, 123, 124, 115, 55, 0, 74, 124]","[0, 1, 2, 6, 6, 0, 9, 16, 13, 17, 18, 19, 36, 51, 86, 116, 117, 122, 113, 85, 67, 58, 27, 28, 32, 32, 16, 5, 7, 0, 0, 0, 36, 39, 42, 47, 52, 58, 68, 76, 81, 88, 90, 94, 104, 105, 107, 101, 109, 100, 111, 116, 117, 119, 121, 123, 124, 115, 55, 0, 74, 124]"
Linear,25,exact_guidance_u,192,0,63,62,"[129, 0, 1, 2, 6, 6, 0, 9, 16, 13, 17, 18, 19, 36, 51, 86, 116, 117, 122, 113, 85, 67, 58, 27, 28, 32, 32, 16, 5, 7, 0, 0, 0, 36, 39, 42, 47, 52, 58, 68, 76, 81, 88, 90, 94, 104, 105, 107, 101, 109, 100, 111, 116, 117, 119, 121, 123, 124, 115, 55, 0, 74, 124]","[0, 1, 2, 6, 6, 0, 9, 16, 13, 17, 18, 19, 36, 51, 86, 116, 117, 122, 113, 85, 67, 58, 27, 28, 32, 32, 16, 5, 7, 0, 0, 0, 36, 39, 42, 47, 52, 58, 68, 76, 81, 88, 90, 94, 104, 105, 107, 101, 109, 100, 111, 116, 117, 119, 121, 123, 124, 115, 55, 0, 74, 124]"
Linear,25,exact_guidance_u,193,0,63,62,"[129, 0, 1, 2, 6, 6, 0, 9, 16, 13, 17, 18, 19, 36, 51, 86, 116, 117, 122, 113, 85, 67, 58, 27, 28, 32, 32, 16, 5, 7, 0, 0, 0, 36, 39, 42, 47, 52, 58, 68, 76, 81, 88, 90, 94, 104, 105, 107, 101, 109, 100, 111, 116, 117, 119, 121, 123, 124, 115, 55, 0, 74, 124]","[0, 1, 2, 6, 6, 0, 9, 16, 13, 17, 18, 19, 36, 51, 86, 116, 117, 122, 113, 85, 67, 58, 27, 28, 32, 32, 16, 5, 7, 0, 0, 0, 36, 39, 42, 47, 52, 58, 68, 76, 81, 88, 90, 94, 104, 105, 107, 101, 109, 100, 111, 116, 117, 119, 121, 123, 124, 115, 55, 0, 74, 124]"
Linear,25,exact_guidance_u,194,0,64,63,"[129, 0, 1, 2, 6, 6, 0, 9, 16, 13, 17, 18, 19, 36, 51, 86, 114, 116, 117, 122, 113, 85, 67, 58, 27, 28, 32, 32, 16, 5, 7, 0, 0, 0, 36, 39, 42, 47, 52, 58, 68, 76, 81, 88, 90, 94, 104, 105, 107, 101, 109, 100, 111, 116, 117, 119, 121, 123, 124, 115, 55, 0, 74, 124]","[0, 1, 2, 6, 6, 0, 9, 16, 13, 17, 18, 19, 36, 51, 86, 114, 116, 117, 122, 113, 85, 67, 58, 27, 28, 32, 32, 16, 5, 7, 0, 0, 0, 36, 39, 42, 47, 52, 58, 68, 76, 81, 88, 90, 94, 104, 105, 107, 101, 109, 100, 111, 116, 117, 119, 121, 123, 124, 115, 55, 0, 74, 124]"
Linear,25,exact_guidance_u,195,0,64,63,"[129, 0, 1, 2, 6, 6, 0, 9, 16, 13, 17, 18, 19, 36, 51, 86, 114, 116, 117, 122, 113, 85, 67, 58, 27, 28, 32, 32, 16, 5, 7, 0, 0, 0, 36, 39, 42, 47, 52, 58, 68, 76, 81, 88, 90, 94, 104, 105, 107, 101, 109, 100, 111, 116, 117, 119, 121, 123, 124, 115, 55, 0, 74, 124]","[0, 1, 2, 6, 6, 0, 9, 16, 13, 17, 18, 19, 36, 51, 86, 114, 116, 117, 122, 113, 85, 67, 58, 27, 28, 32, 32, 16, 5, 7, 0, 0, 0, 36, 39, 42, 47, 52, 58, 68, 76, 81, 88, 90, 94, 104, 105, 107, 101, 109, 100, 111, 116, 117, 119, 121, 123, 124, 115, 55, 0, 74, 124]"
Linear,25,exact_guidance_u,196,0,64,63,"[129, 0, 1, 2, 6, 6, 0, 9, 16, 13, 17, 18, 19, 36, 51, 86, 114, 116, 117, 122, 113, 85, 67, 58, 27, 28, 32, 32, 16, 5, 7, 0, 0, 0, 36, 39, 42, 47, 52, 58, 68, 76, 81, 88, 90, 94, 104, 105, 107, 101, 109, 100, 111, 116, 117, 119, 121, 123, 124, 115, 55, 0, 74, 124]","[0, 1, 2, 6, 6, 0, 9, 16, 13, 17, 18, 19, 36, 51, 86, 114, 116, 117, 122, 113, 85, 67, 58, 27, 28, 32, 32, 16, 5, 7, 0, 0, 0, 36, 39, 42, 47, 52, 58, 68, 76, 81, 88, 90, 94, 104, 105, 107, 101, 109, 100, 111, 116, 117, 119, 121, 123, 124, 115, 55, 0, 74, 124]"
Linear,25,exact_guidance_u,197,0,64,63,"[129, 0, 1, 2, 6, 6, 0, 9, 16, 13, 17, 18, 19, 36, 51, 86, 114, 116, 117, 122, 113, 85, 67, 58, 27, 28, 32, 32, 16, 5, 7, 0, 0, 0, 36, 39, 42, 47, 52, 58, 68, 76, 81, 88, 90, 94, 104, 105, 107, 101, 109, 100, 111, 116, 117, 119, 121, 123, 124, 115, 55, 0, 74, 124]","[0, 1, 2, 6, 6, 0, 9, 16, 13, 17, 18, 19, 36, 51, 86, 114, 116, 117, 122, 113, 85, 67, 58, 27, 28, 32, 32, 16, 5, 7, 0, 0, 0, 36, 39, 42, 47, 52, 58, 68, 76, 81, 88, 90, 94, 104, 105, 107, 101, 109, 100, 111, 116, 117, 119, 121, 123, 124, 115, 55, 0, 74, 124]"
Linear,25,exact_guidance_u,198,0,64,63,"[129, 0, 1, 2, 6, 6, 0, 9, 16, 13, 17, 18, 19, 36, 51, 86, 114, 116, 117, 122, 113, 85, 67, 58, 27, 28, 32, 32, 16, 5, 7, 0, 0, 0, 36, 39, 42, 47, 52, 58, 68, 76, 81, 88, 90, 94, 104, 105, 107, 101, 109, 100, 111, 116, 117, 119, 121, 123, 124, 115, 55, 0, 74, 124]","[0, 1, 2, 6, 6, 0, 9, 16, 13, 17, 18, 19, 36, 51, 86, 114, 116, 117, 122, 113, 85, 67, 58, 27, 28, 32, 32, 16, 5, 7, 0, 0, 0, 36, 39, 42, 47, 52, 58, 68, 76, 81, 88, 90, 94, 104, 105, 107, 101, 109, 100, 111, 116, 117, 119, 121, 123, 124, 115, 55, 0, 74, 124]"
Linear,25,exact_guidance_u,199,0,64,63,"[129, 0, 1, 2, 6, 6, 0, 9, 16, 13, 17, 18, 19, 36, 51, 86, 114, 116, 117, 122, 113, 85, 67, 58, 27, 28, 32, 32, 16, 5, 7, 0, 0, 0, 36, 39, 42, 47, 52, 58, 68, 76, 81, 88, 90, 94, 104, 105, 107, 101, 109, 100, 111, 116, 117, 119, 121, 123, 124, 115, 55, 0, 74, 124]","[0, 1, 2, 6, 6, 0, 9, 16, 13, 17, 18, 19, 36, 51, 86, 114, 116, 117, 122, 113, 85, 67, 58, 27, 28, 32, 32, 16, 5, 7, 0, 0, 0, 36, 39, 42, 47, 52, 58, 68, 76, 81, 88, 90, 94, 104, 105, 107, 101, 109, 100, 111, 116, 117, 119, 121, 123, 124, 115, 55, 0, 74, 124]"
Linear,25,exact_guidance_u,200,0,64,63,"[129, 0, 1, 2, 6, 6, 0, 9, 16, 13, 17, 18, 19, 36, 51, 86, 114, 116, 117, 122, 113, 85, 67, 58, 27, 28, 32, 32, 16, 5, 7, 0, 0, 0, 36, 39, 42, 47, 52, 58, 68, 76, 81, 88, 90, 94, 104, 105, 107, 101, 109, 100, 111, 116, 117, 119, 121, 123, 124, 115, 55, 0, 74, 124]","[0, 1, 2, 6, 6, 0, 9, 16, 13, 17, 18, 19, 36, 51, 86, 114, 116, 117, 122, 113, 85, 67, 58, 27, 28, 32, 32, 16, 5, 7, 0, 0, 0, 36, 39, 42, 47, 52, 58, 68, 76, 81, 88, 90, 94, 104, 105, 107, 101, 109, 100, 111, 116, 117, 119, 121, 123, 124, 115, 55, 0, 74, 124]"
Linear,25,exact_guidance_u,201,0,64,63,"[129, 0, 1, 2, 6, 6, 0, 9, 16, 13, 17, 18, 19, 36, 51, 86, 114, 116, 117, 122, 113, 85, 67, 58, 27, 28, 32, 32, 16, 5, 7, 0, 0, 0, 36, 39, 42, 47, 52, 58, 68, 76, 81, 88, 90, 94, 104, 105, 107, 101, 109, 100, 111, 116, 117, 119, 121, 123, 124, 115, 55, 0, 74, 124]","[0, 1, 2, 6, 6, 0, 9, 16, 13, 17, 18, 19, 36, 51, 86, 114, 116, 117, 122, 113, 85, 67, 58, 27, 28, 32, 32, 16, 5, 7, 0, 0, 0, 36, 39, 42, 47, 52, 58, 68, 76, 81, 88, 90, 94, 104, 105, 107, 101, 109, 100, 111, 116, 117, 119, 121, 123, 124, 115, 55, 0, 74, 124]"
Linear,25,exact_guidance_u,202,0,64,63,"[129, 0, 1, 2, 6, 6, 0, 9, 16, 13, 17, 18, 19, 36, 51, 86, 114, 116, 117, 122, 113, 85, 67, 58, 27, 28, 32, 32, 16, 5, 7, 0, 0, 0, 36, 39, 42, 47, 52, 58, 68, 76, 81, 88, 90, 94, 104, 105, 107, 101, 109, 100, 111, 116, 117, 119, 121, 123, 124, 115, 55, 0, 74, 124]","[0, 1, 2, 6, 6, 0, 9, 16, 13, 17, 18, 19, 36, 51, 86, 114, 116, 117, 122, 113, 85, 67, 58, 27, 28, 32, 32, 16, 5, 7, 0, 0, 0, 36, 39, 42, 47, 52, 58, 68, 76, 81, 88, 90, 94, 104, 105, 107, 101, 109, 100, 111, 116, 117, 119, 121, 123, 124, 115, 55, 0, 74, 124]"
Linear,25,exact_guidance_u,203,0,64,63,"[129, 0, 1, 2, 6, 6, 0, 9, 16, 13, 17, 18, 19, 36, 51, 86, 114, 116, 117, 122, 113, 85, 67, 58, 27, 28, 32, 32, 16, 5, 7, 0, 0, 0, 36, 39, 42, 47, 52, 58, 68, 76, 81, 88, 90, 94, 104, 105, 107, 101, 109, 100, 111, 116, 117, 119, 121, 123, 124, 115, 55, 0, 74, 124]","[0, 1, 2, 6, 6, 0, 9, 16, 13, 17, 18, 19, 36, 51, 86, 114, 116, 117, 122, 113, 85, 67, 58, 27, 28, 32, 32, 16, 5, 7, 0, 0, 0, 36, 39, 42, 47, 52, 58, 68, 76, 81, 88, 90, 94, 104, 105, 107, 101, 109, 100, 111, 116, 117, 119, 121, 123, 124, 115, 55, 0, 74, 124]"
Linear,25,exact_guidance_u,204,0,64,63,"[129, 0, 1, 2, 6, 6, 0, 9, 16, 13, 17, 18, 19, 36, 51, 86, 114, 116, 117, 122, 113, 85, 67, 58, 27, 28, 32, 32, 16, 5, 7, 0, 0, 0, 36, 39, 42, 47, 52, 58, 68, 76, 81, 88, 90, 94, 104, 105, 107, 101, 109, 100, 111, 116, 117, 119, 121, 123, 124, 115, 55, 0, 74, 124]","[0, 1, 2, 6, 6, 0, 9, 16, 13, 17, 18, 19, 36, 51, 86, 114, 116, 117, 122, 113, 85, 67, 58, 27, 28, 32, 32, 16, 5, 7, 0, 0, 0, 36, 39, 42, 47, 52, 58, 68, 76, 81, 88, 90, 94, 104, 105, 107, 101, 109, 100, 111, 116, 117, 119, 121, 123, 124, 115, 55, 0, 74, 124]"
Linear,25,exact_guidance_u,205,0,64,63,"[129, 0, 1, 2, 6, 6, 0, 9, 16, 13, 17, 18, 19, 36, 51, 86, 114, 116, 117, 122, 113, 85, 67, 58, 27, 28, 32, 32, 16, 5, 7, 0, 0, 0, 36, 39, 42, 47, 52, 58, 68, 76, 81, 88, 90, 94, 104, 105, 107, 101, 109, 100, 111, 116, 117, 119, 121, 123, 124, 115, 55, 0, 74, 124]","[0, 1, 2, 6, 6, 0, 9, 16, 13, 17, 18, 19, 36, 51, 86, 114, 116, 117, 122, 113, 85, 67, 58, 27, 28, 32, 32, 16, 5, 7, 0, 0, 0, 36, 39, 42, 47, 52, 58, 68, 76, 81, 88, 90, 94, 104, 105, 107, 101, 109, 100, 111, 116, 117, 119, 121, 123, 124, 115, 55, 0, 74, 124]"
Linear,25,exact_guidance_u,206,0,64,63,"[129, 0, 1, 2, 6, 6, 0, 9, 16, 13, 17, 18, 19, 36, 51, 86, 114, 116, 117, 122, 113, 85, 67, 58, 27, 28, 32, 32, 16, 5, 7, 0, 0, 0, 36, 39, 42, 47, 52, 58, 68, 76, 81, 88, 90, 94, 104, 105, 107, 101, 109, 100, 111, 116, 117, 119, 121, 123, 124, 115, 55, 0, 74, 124]","[0, 1, 2, 6, 6, 0, 9, 16, 13, 17, 18, 19, 36, 51, 86, 114, 116, 117, 122, 113, 85, 67, 58, 27, 28, 32, 32, 16, 5, 7, 0, 0, 0, 36, 39, 42, 47, 52, 58, 68, 76, 81, 88, 90, 94, 104, 105, 107, 101, 109, 100, 111, 116, 117, 119, 121, 123, 124, 115, 55, 0, 74, 124]"
Linear,25,exact_guidance_u,207,0,64,63,"[129, 0, 1, 2, 6, 6, 0, 9, 16, 13, 17, 18, 19, 36, 51, 86, 114, 116, 117, 122, 113, 85, 67, 58, 27, 28, 32, 32, 16, 5, 7, 0, 0, 0, 36, 39, 42, 47, 52, 58, 68, 76, 81, 88, 90, 94, 104, 105, 107, 101, 109, 100, 111, 116, 117, 119, 121, 123, 124, 115, 55, 0, 74, 124]","[0, 1, 2, 6, 6, 0, 9, 16, 13, 17, 18, 19, 36, 51, 86, 114, 116, 117, 122, 113, 85, 67, 58, 27, 28, 32, 32, 16, 5, 7, 0, 0, 0, 36, 39, 42, 47, 52, 58, 68, 76, 81, 88, 90, 94, 104, 105, 107, 101, 109, 100, 111, 116, 117, 119, 121, 123, 124, 115, 55, 0, 74, 124]"
Linear,25,exact_guidance_u,208,0,64,63,"[129, 0, 1, 2, 6, 6, 0, 9, 16, 13, 17, 18, 19, 36, 51, 86, 114, 116, 117, 122, 113, 85, 67, 58, 27, 28, 32, 32, 16, 5, 7, 0, 0, 0, 36, 39, 42, 47, 52, 58, 68, 76, 81, 88, 90, 94, 104, 105, 107, 101, 109, 100, 111, 116, 117, 119, 121, 123, 124, 115, 55, 0, 74, 124]","[0, 1, 2, 6, 6, 0, 9, 16, 13, 17, 18, 19, 36, 51, 86, 114, 116, 117, 122, 113, 85, 67, 58, 27, 28, 32, 32, 16, 5, 7, 0, 0, 0, 36, 39, 42, 47, 52, 58, 68, 76, 81, 88, 90, 94, 104, 105, 107, 101, 109, 100, 111, 116, 117, 119, 121, 123, 124, 115, 55, 0, 74, 124]"
Linear,25,exact_guidance_u,209,0,64,63,"[129, 0, 1, 2, 6, 6, 0, 9, 16, 13, 17, 18, 19, 36, 51, 86, 114, 116, 117, 122, 113, 85, 67, 58, 27, 28, 32, 32, 16, 5, 7, 0, 0, 0, 36, 39, 42, 47, 52, 58, 68, 76, 81, 88, 90, 94, 104, 105, 107, 101, 109, 100, 111, 116, 117, 119, 121, 123, 124, 115, 55, 0, 74, 124]","[0, 1, 2, 6, 6, 0, 9, 16, 13, 17, 18, 19, 36, 51, 86, 114, 116, 117, 122, 113, 85, 67, 58, 27, 28, 32, 32, 16, 5, 7, 0, 0, 0, 36, 39, 42, 47, 52, 58, 68, 76, 81, 88, 90, 94, 104, 105, 107, 101, 109, 100, 111, 116, 117, 119, 121, 123, 124, 115, 55, 0, 74, 124]"
Linear,25,exact_guidance_u,210,0,64,63,"[129, 0, 1, 2, 6, 6, 0, 9, 16, 13, 17, 18, 19, 36, 51, 86, 114, 116, 117, 122, 113, 85, 67, 58, 27, 28, 32, 32, 16, 5, 7, 0, 0, 0, 36, 39, 42, 47, 52, 58, 68, 76, 81, 88, 90, 94, 104, 105, 107, 101, 109, 100, 111, 116, 117, 119, 121, 123, 124, 115, 55, 0, 74, 124]","[0, 1, 2, 6, 6, 0, 9, 16, 13, 17, 18, 19, 36, 51, 86, 114, 116, 117, 122, 113, 85, 67, 58, 27, 28, 32, 32, 16, 5, 7, 0, 0, 0, 36, 39, 42, 47, 52, 58, 68, 76, 81, 88, 90, 94, 104, 105, 107, 101, 109, 100, 111, 116, 117, 119, 121, 123, 124, 115, 55, 0, 74, 124]"
Linear,25,exact_guidance_u,211,0,64,63,"[129, 0, 1, 2, 6, 6, 0, 9, 16, 13, 17, 18, 19, 36, 51, 86, 114, 116, 117, 122, 113, 85, 67, 58, 27, 28, 32, 32, 16, 5, 7, 0, 0, 0, 36, 39, 42, 47, 52, 58, 68, 76, 81, 88, 90, 94, 104, 105, 107, 101, 109, 100, 111, 116, 117, 119, 121, 123, 124, 115, 55, 0, 74, 124]","[0, 1, 2, 6, 6, 0, 9, 16, 13, 17, 18, 19, 36, 51, 86, 114, 116, 117, 122, 113, 85, 67, 58, 27, 28, 32, 32, 16, 5, 7, 0, 0, 0, 36, 39, 42, 47, 52, 58, 68, 76, 81, 88, 90, 94, 104, 105, 107, 101, 109, 100, 111, 116, 117, 119, 121, 123, 124, 115, 55, 0, 74, 124]"
Linear,25,exact_guidance_u,212,0,64,63,"[129, 0, 1, 2, 6, 6, 0, 9, 16, 13, 17, 18, 19, 36, 51, 86, 114, 116, 117, 122, 113, 85, 67, 58, 27, 28, 32, 32, 16, 5, 7, 0, 0, 0, 36, 39, 42, 47, 52, 58, 68, 76, 81, 88, 90, 94, 104, 105, 107, 101, 109, 100, 111, 116, 117, 119, 121, 123, 124, 115, 55, 0, 74, 124]","[0, 1, 2, 6, 6, 0, 9, 16, 13, 17, 18, 19, 36, 51, 86, 114, 116, 117, 122, 113, 85, 67, 58, 27, 28, 32, 32, 16, 5, 7, 0, 0, 0, 36, 39, 42, 47, 52, 58, 68, 76, 81, 88, 90, 94, 104, 105, 107, 101, 109, 100, 111, 116, 117, 119, 121, 123, 124, 115, 55, 0, 74, 124]"
Linear,25,exact_guidance_u,213,0,64,63,"[129, 0, 1, 2, 6, 6, 0, 9, 16, 13, 17, 18, 19, 36, 51, 86, 114, 116, 117, 122, 113, 85, 67, 58, 27, 28, 32, 32, 16, 5, 7, 0, 0, 0, 36, 39, 42, 47, 52, 58, 68, 76, 81, 88, 90, 94, 104, 105, 107, 101, 109, 100, 111, 116, 117, 119, 121, 123, 124, 115, 55, 0, 74, 124]","[0, 1, 2, 6, 6, 0, 9, 16, 13, 17, 18, 19, 36, 51, 86, 114, 116, 117, 122, 113, 85, 67, 58, 27, 28, 32, 32, 16, 5, 7, 0, 0, 0, 36, 39, 42, 47, 52, 58, 68, 76, 81, 88, 90, 94, 104, 105, 107, 101, 109, 100, 111, 116, 117, 119, 121, 123, 124, 115, 55, 0, 74, 124]"
Linear,25,exact_guidance_u,214,0,64,63,"[129, 0, 1, 2, 6, 6, 0, 9, 16, 13, 17, 18, 19, 36, 51, 86, 114, 116, 117, 122, 113, 85, 67, 58, 27, 28, 32, 32, 16, 5, 7, 0, 0, 0, 36, 39, 42, 47, 52, 58, 68, 76, 81, 88, 90, 94, 104, 105, 107, 101, 109, 100, 111, 116, 117, 119, 121, 123, 124, 115, 55, 0, 74, 124]","[0, 1, 2, 6, 6, 0, 9, 16, 13, 17, 18, 19, 36, 51, 86, 114, 116, 117, 122, 113, 85, 67, 58, 27, 28, 32, 32, 16, 5, 7, 0, 0, 0, 36, 39, 42, 47, 52, 58, 68, 76, 81, 88, 90, 94, 104, 105, 107, 101, 109, 100, 111, 116, 117, 119, 121, 123, 124, 115, 55, 0, 74, 124]"
Linear,25,exact_guidance_u,215,0,64,63,"[129, 0, 1, 2, 6, 6, 0, 9, 16, 13, 17, 18, 19, 36, 51, 86, 114, 116, 117, 122, 113, 85, 67, 58, 27, 28, 32, 32, 16, 5, 7, 0, 0, 0, 36, 39, 42, 47, 52, 58, 68, 76, 81, 88, 90, 94, 104, 105, 107, 101, 109, 100, 111, 116, 117, 119, 121, 123, 124, 115, 55, 0, 74, 124]","[0, 1, 2, 6, 6, 0, 9, 16, 13, 17, 18, 19, 36, 51, 86, 114, 116, 117, 122, 113, 85, 67, 58, 27, 28, 32, 32, 16, 5, 7, 0, 0, 0, 36, 39, 42, 47, 52, 58, 68, 76, 81, 88, 90, 94, 104, 105, 107, 101, 109, 100, 111, 116, 117, 119, 121, 123, 124, 115, 55, 0, 74, 124]"
Linear,25,exact_guidance_u,216,0,64,63,"[129, 0, 1, 2, 6, 6, 0, 9, 16, 13, 17, 18, 19, 36, 51, 86, 114, 116, 117, 122, 113, 85, 67, 58, 27, 28, 32, 32, 16, 5, 7, 0, 0, 0, 36, 39, 42, 47, 52, 58, 68, 76, 81, 88, 90, 94, 104, 105, 107, 101, 109, 100, 111, 116, 117, 119, 121, 123, 124, 115, 55, 0, 74, 124]","[0, 1, 2, 6, 6, 0, 9, 16, 13, 17, 18, 19, 36, 51, 86, 114, 116, 117, 122, 113, 85, 67, 58, 27, 28, 32, 32, 16, 5, 7, 0, 0, 0, 36, 39, 42, 47, 52, 58, 68, 76, 81, 88, 90, 94, 104, 105, 107, 101, 109, 100, 111, 116, 117, 119, 121, 123, 124, 115, 55, 0, 74, 124]"
Linear,25,exact_guidance_u,217,0,64,63,"[129, 0, 1, 2, 6, 6, 0, 9, 16, 13, 17, 18, 19, 36, 51, 86, 114, 116, 117, 122, 113, 85, 67, 58, 27, 28, 32, 32, 16, 5, 7, 0, 0, 0, 36, 39, 42, 47, 52, 58, 68, 76, 81, 88, 90, 94, 104, 105, 107, 101, 109, 100, 111, 116, 117, 119, 121, 123, 124, 115, 55, 0, 74, 124]","[0, 1, 2, 6, 6, 0, 9, 16, 13, 17, 18, 19, 36, 51, 86, 114, 116, 117, 122, 113, 85, 67, 58, 27, 28, 32, 32, 16, 5, 7, 0, 0, 0, 36, 39, 42, 47, 52, 58, 68, 76, 81, 88, 90, 94, 104, 105, 107, 101, 109, 100, 111, 116, 117, 119, 121, 123, 124, 115, 55, 0, 74, 124]"
Linear,25,exact_guidance_u,218,0,64,63,"[129, 0, 1, 2, 6, 6, 0, 9, 16, 13, 17, 18, 19, 36, 51, 86, 114, 116, 117, 122, 113, 85, 67, 58, 27, 28, 32, 32, 16, 5, 7, 0, 0, 0, 36, 39, 42, 47, 52, 58, 68, 76, 81, 88, 90, 94, 104, 105, 107, 101, 109, 100, 111, 116, 117, 119, 121, 123, 124, 115, 55, 0, 74, 124]","[0, 1, 2, 6, 6, 0, 9, 16, 13, 17, 18, 19, 36, 51, 86, 114, 116, 117, 122, 113, 85, 67, 58, 27, 28, 32, 32, 16, 5, 7, 0, 0, 0, 36, 39, 42, 47, 52, 58, 68, 76, 81, 88, 90, 94, 104, 105, 107, 101, 109, 100, 111, 116, 117, 119, 121, 123, 124, 115, 55, 0, 74, 124]"
Linear,25,exact_guidance_u,219,0,64,63,"[129, 0, 1, 2, 6, 6, 0, 9, 16, 13, 17, 18, 19, 36, 51, 86, 114, 116, 117, 122, 113, 85, 67, 58, 27, 28, 32, 32, 16, 5, 7, 0, 0, 0, 36, 39, 42, 47, 52, 58, 68, 76, 81, 88, 90, 94, 104, 105, 107, 101, 109, 100, 111, 116, 117, 119, 121, 123, 124, 115, 55, 0, 74, 124]","[0, 1, 2, 6, 6, 0, 9, 16, 13, 17, 18, 19, 36, 51, 86, 114, 116, 117, 122, 113, 85, 67, 58, 27, 28, 32, 32, 16, 5, 7, 0, 0, 0, 36, 39, 42, 47, 52, 58, 68, 76, 81, 88, 90, 94, 104, 105, 107, 101, 109, 100, 111, 116, 117, 119, 121, 123, 124, 115, 55, 0, 74, 124]"
Linear,25,exact_guidance_u,220,0,64,63,"[129, 0, 1, 2, 6, 6, 0, 9, 16, 13, 17, 18, 19, 36, 51, 86, 114, 116, 117, 122, 113, 85, 67, 58, 27, 28, 32, 32, 16, 5, 7, 0, 0, 0, 36, 39, 42, 47, 52, 58, 68, 76, 81, 88, 90, 94, 104, 105, 107, 101, 109, 100, 111, 116, 117, 119, 121, 123, 124, 115, 55, 0, 74, 124]","[0, 1, 2, 6, 6, 0, 9, 16, 13, 17, 18, 19, 36, 51, 86, 114, 116, 117, 122, 113, 85, 67, 58, 27, 28, 32, 32, 16, 5, 7, 0, 0, 0, 36, 39, 42, 47, 52, 58, 68, 76, 81, 88, 90, 94, 104, 105, 107, 101, 109, 100, 111, 116, 117, 119, 121, 123, 124, 115, 55, 0, 74, 124]"
Linear,25,exact_guidance_u,221,0,64,63,"[129, 0, 1, 2, 6, 6, 0, 9, 16, 13, 17, 18, 19, 36, 51, 86, 114, 116, 117, 122, 113, 85, 67, 58, 27, 28, 32, 32, 16, 5, 7, 0, 0, 0, 36, 39, 42, 47, 52, 58, 68, 76, 81, 88, 90, 94, 104, 105, 107, 101, 109, 100, 111, 116, 117, 119, 121, 123, 124, 115, 55, 0, 74, 124]","[0, 1, 2, 6, 6, 0, 9, 16, 13, 17, 18, 19, 36, 51, 86, 114, 116, 117, 122, 113, 85, 67, 58, 27, 28, 32, 32, 16, 5, 7, 0, 0, 0, 36, 39, 42, 47, 52, 58, 68, 76, 81, 88, 90, 94, 104, 105, 107, 101, 109, 100, 111, 116, 117, 119, 121, 123, 124, 115, 55, 0, 74, 124]"
Linear,25,exact_guidance_u,222,0,64,63,"[129, 0, 1, 2, 6, 6, 0, 9, 16, 13, 17, 18, 19, 36, 51, 86, 114, 116, 117, 122, 113, 85, 67, 58, 27, 28, 32, 32, 16, 5, 7, 0, 0, 0, 36, 39, 42, 47, 52, 58, 68, 76, 81, 88, 90, 94, 104, 105, 107, 101, 109, 100, 111, 116, 117, 119, 121, 123, 124, 115, 55, 0, 74, 124]","[0, 1, 2, 6, 6, 0, 9, 16, 13, 17, 18, 19, 36, 51, 86, 114, 116, 117, 122, 113, 85, 67, 58, 27, 28, 32, 32, 16, 5, 7, 0, 0, 0, 36, 39, 42, 47, 52, 58, 68, 76, 81, 88, 90, 94, 104, 105, 107, 101, 109, 100, 111, 116, 117, 119, 121, 123, 124, 115, 55, 0, 74, 124]"
Linear,25,exact_guidance_u,223,0,64,63,"[129, 0, 1, 2, 6, 6, 0, 9, 16, 13, 17, 18, 19, 36, 51, 86, 114, 116, 117, 122, 113, 85, 67, 58, 27, 28, 32, 32, 16, 5, 7, 0, 0, 0, 36, 39, 42, 47, 52, 58, 68, 76, 81, 88, 90, 94, 104, 105, 107, 101, 109, 100, 111, 116, 117, 119, 121, 123, 124, 115, 55, 0, 74, 124]","[0, 1, 2, 6, 6, 0, 9, 16, 13, 17, 18, 19, 36, 51, 86, 114, 116, 117, 122, 113, 85, 67, 58, 27, 28, 32, 32, 16, 5, 7, 0, 0, 0, 36, 39, 42, 47, 52, 58, 68, 76, 81, 88, 90, 94, 104, 105, 107, 101, 109, 100, 111, 116, 117, 119, 121, 123, 124, 115, 55, 0, 74, 124]"
Linear,25,exact_guidance_u,224,0,64,63,"[129, 0, 1, 2, 6, 6, 0, 9, 16, 13, 17, 18, 19, 36, 51, 86, 114, 116, 117, 122, 113, 85, 67, 58, 27, 28, 32, 32, 16, 5, 7, 0, 0, 0, 36, 39, 42, 47, 52, 58, 68, 76, 81, 88, 90, 94, 104, 105, 107, 101, 109, 100, 111, 116, 117, 119, 121, 123, 124, 115, 55, 0, 74, 124]","[0, 1, 2, 6, 6, 0, 9, 16, 13, 17, 18, 19, 36, 51, 86, 114, 116, 117, 122, 113, 85, 67, 58, 27, 28, 32, 32, 16, 5, 7, 0, 0, 0, 36, 39, 42, 47, 52, 58, 68, 76, 81, 88, 90, 94, 104, 105, 107, 101, 109, 100, 111, 116, 117, 119, 121, 123, 124, 115, 55, 0, 74, 124]"
Linear,25,exact_guidance_u,225,0,64,63,"[129, 0, 1, 2, 6, 6, 0, 9, 16, 13, 17, 18, 19, 36, 51, 86, 114, 116, 117, 122, 113, 85, 67, 58, 27, 28, 32, 32, 16, 5, 7, 0, 0, 0, 36, 39, 42, 47, 52, 58, 68, 76, 81, 88, 90, 94, 104, 105, 107, 101, 109, 100, 111, 116, 117, 119, 121, 123, 124, 115, 55, 0, 74, 124]","[0, 1, 2, 6, 6, 0, 9, 16, 13, 17, 18, 19, 36, 51, 86, 114, 116, 117, 122, 113, 85, 67, 58, 27, 28, 32, 32, 16, 5, 7, 0, 0, 0, 36, 39, 42, 47, 52, 58, 68, 76, 81, 88, 90, 94, 104, 105, 107, 101, 109, 100, 111, 116, 117, 119, 121, 123, 124, 115, 55, 0, 74, 124]"
Linear,25,exact_guidance_u,226,0,64,63,"[129, 0, 1, 2, 6, 6, 0, 9, 16, 13, 17, 18, 19, 36, 51, 86, 114, 116, 117, 122, 113, 85, 67, 58, 27, 28, 32, 32, 16, 5, 7, 0, 0, 0, 36, 39, 42, 47, 52, 58, 68, 76, 81, 88, 90, 94, 104, 105, 107, 101, 109, 100, 111, 116, 117, 119, 121, 123, 124, 115, 55, 0, 74, 124]","[0, 1, 2, 6, 6, 0, 9, 16, 13, 17, 18, 19, 36, 51, 86, 114, 116, 117, 122, 113, 85, 67, 58, 27, 28, 32, 32, 16, 5, 7, 0, 0, 0, 36, 39, 42, 47, 52, 58, 68, 76, 81, 88, 90, 94, 104, 105, 107, 101, 109, 100, 111, 116, 117, 119, 121, 123, 124, 115, 55, 0, 74, 124]"
Linear,25,exact_guidance_u,227,0,64,63,"[129, 0, 1, 2, 6, 6, 0, 9, 16, 13, 17, 18, 19, 36, 51, 86, 114, 116, 117, 122, 113, 85, 67, 58, 27, 28, 32, 32, 16, 5, 7, 0, 0, 0, 36, 39, 42, 47, 52, 58, 68, 76, 81, 88, 90, 94, 104, 105, 107, 101, 109, 100, 111, 116, 117, 119, 121, 123, 124, 115, 55, 0, 74, 124]","[0, 1, 2, 6, 6, 0, 9, 16, 13, 17, 18, 19, 36, 51, 86, 114, 116, 117, 122, 113, 85, 67, 58, 27, 28, 32, 32, 16, 5, 7, 0, 0, 0, 36, 39, 42, 47, 52, 58, 68, 76, 81, 88, 90, 94, 104, 105, 107, 101, 109, 100, 111, 116, 117, 119, 121, 123, 124, 115, 55, 0, 74, 124]"
Linear,25,exact_guidance_u,228,0,64,63,"[129, 0, 1, 2, 6, 6, 0, 9, 16, 13, 17, 18, 19, 36, 51, 86, 114, 116, 117, 122, 113, 85, 67, 58, 27, 28, 32, 32, 16, 5, 7, 0, 0, 0, 36, 39, 42, 47, 52, 58, 68, 76, 81, 88, 90, 94, 104, 105, 107, 101, 109, 100, 111, 116, 117, 119, 121, 123, 124, 115, 55, 0, 74, 124]","[0, 1, 2, 6, 6, 0, 9, 16, 13, 17, 18, 19, 36, 51, 86, 114, 116, 117, 122, 113, 85, 67, 58, 27, 28, 32, 32, 16, 5, 7, 0, 0, 0, 36, 39, 42, 47, 52, 58, 68, 76, 81, 88, 90, 94, 104, 105, 107, 101, 109, 100, 111, 116, 117, 119, 121, 123, 124, 115, 55, 0, 74, 124]"
Linear,25,exact_guidance_u,229,0,64,63,"[129, 0, 1, 2, 6, 6, 0, 9, 16, 13, 17, 18, 19, 36, 51, 86, 114, 116, 117, 122, 113, 85, 67, 58, 27, 28, 32, 32, 16, 5, 7, 0, 0, 0, 36, 39, 42, 47, 52, 58, 68, 76, 81, 88, 90, 94, 104, 105, 107, 101, 109, 100, 111, 116, 117, 119, 121, 123, 124, 115, 55, 0, 74, 124]","[0, 1, 2, 6, 6, 0, 9, 16, 13, 17, 18, 19, 36, 51, 86, 114, 116, 117, 122, 113, 85, 67, 58, 27, 28, 32, 32, 16, 5, 7, 0, 0, 0, 36, 39, 42, 47, 52, 58, 68, 76, 81, 88, 90, 94, 104, 105, 107, 101, 109, 100, 111, 116, 117, 119, 121, 123, 124, 115, 55, 0, 74, 124]"
Linear,25,exact_guidance_u,230,0,64,63,"[129, 0, 1, 2, 6, 6, 0, 9, 16, 13, 17, 18, 19, 36, 51, 86, 114, 116, 117, 122, 113, 85, 67, 58, 27, 28, 32, 32, 16, 5, 7, 0, 0, 0, 36, 39, 42, 47, 52, 58, 68, 76, 81, 88, 90, 94, 104, 105, 107, 101, 109, 100, 111, 116, 117, 119, 121, 123, 124, 115, 55, 0, 74, 124]","[0, 1, 2, 6, 6, 0, 9, 16, 13, 17, 18, 19, 36, 51, 86, 114, 116, 117, 122, 113, 85, 67, 58, 27, 28, 32, 32, 16, 5, 7, 0, 0, 0, 36, 39, 42, 47, 52, 58, 68, 76, 81, 88, 90, 94, 104, 105, 107, 101, 109, 100, 111, 116, 117, 119, 121, 123, 124, 115, 55, 0, 74, 124]"
Linear,25,exact_guidance_u,231,0,64,63,"[129, 0, 1, 2, 6, 6, 0, 9, 16, 13, 17, 18, 19, 36, 51, 86, 114, 116, 117, 122, 113, 85, 67, 58, 27, 28, 32, 32, 16, 5, 7, 0, 0, 0, 36, 39, 42, 47, 52, 58, 68, 76, 81, 88, 90, 94, 104, 105, 107, 101, 109, 100, 111, 116, 117, 119, 121, 123, 124, 115, 55, 0, 74, 124]","[0, 1, 2, 6, 6, 0, 9, 16, 13, 17, 18, 19, 36, 51, 86, 114, 116, 117, 122, 113, 85, 67, 58, 27, 28, 32, 32, 16, 5, 7, 0, 0, 0, 36, 39, 42, 47, 52, 58, 68, 76, 81, 88, 90, 94, 104, 105, 107, 101, 109, 100, 111, 116, 117, 119, 121, 123, 124, 115, 55, 0, 74, 124]"
Linear,25,exact_guidance_u,232,0,64,63,"[129, 0, 1, 2, 6, 6, 0, 9, 16, 13, 17, 18, 19, 36, 51, 86, 114, 116, 117, 122, 113, 85, 67, 58, 27, 28, 32, 32, 16, 5, 7, 0, 0, 0, 36, 39, 42, 47, 52, 58, 68, 76, 81, 88, 90, 94, 104, 105, 107, 101, 109, 100, 111, 116, 117, 119, 121, 123, 124, 115, 55, 0, 74, 124]","[0, 1, 2, 6, 6, 0, 9, 16, 13, 17, 18, 19, 36, 51, 86, 114, 116, 117, 122, 113, 85, 67, 58, 27, 28, 32, 32, 16, 5, 7, 0, 0, 0, 36, 39, 42, 47, 52, 58, 68, 76, 81, 88, 90, 94, 104, 105, 107, 101, 109, 100, 111, 116, 117, 119, 121, 123, 124, 115, 55, 0, 74, 124]"
Linear,25,exact_guidance_u,233,0,64,63,"[129, 0, 1, 2, 6, 6, 0, 9, 16, 13, 17, 18, 19, 36, 51, 86, 114, 116, 117, 122, 113, 85, 67, 58, 27, 28, 32, 32, 16, 5, 7, 0, 0, 0, 36, 39, 42, 47, 52, 58, 68, 76, 81, 88, 90, 94, 104, 105, 107, 101, 109, 100, 111, 116, 117, 119, 121, 123, 124, 115, 55, 0, 74, 124]","[0, 1, 2, 6, 6, 0, 9, 16, 13, 17, 18, 19, 36, 51, 86, 114, 116, 117, 122, 113, 85, 67, 58, 27, 28, 32, 32, 16, 5, 7, 0, 0, 0, 36, 39, 42, 47, 52, 58, 68, 76, 81, 88, 90, 94, 104, 105, 107, 101, 109, 100, 111, 116, 117, 119, 121, 123, 124, 115, 55, 0, 74, 124]"
Linear,25,exact_guidance_u,234,0,64,63,"[129, 0, 1, 2, 6, 6, 0, 9, 16, 13, 17, 18, 19, 36, 51, 86, 114, 116, 117, 122, 113, 85, 67, 58, 27, 28, 32, 32, 16, 5, 7, 0, 0, 0, 36, 39, 42, 47, 52, 58, 68, 76, 81, 88, 90, 94, 104, 105, 107, 101, 109, 100, 111, 116, 117, 119, 121, 123, 124, 115, 55, 0, 74, 124]","[0, 1, 2, 6, 6, 0, 9, 16, 13, 17, 18, 19, 36, 51, 86, 114, 116, 117, 122, 113, 85, 67, 58, 27, 28, 32, 32, 16, 5, 7, 0, 0, 0, 36, 39, 42, 47, 52, 58, 68, 76, 81, 88, 90, 94, 104, 105, 107, 101, 109, 100, 111, 116, 117, 119, 121, 123, 124, 115, 55, 0, 74, 124]"
Linear,25,exact_guidance_u,235,0,65,64,"[129, 0, 1, 2, 6, 6, 0, 9, 16, 13, 17, 18, 19, 36, 51, 86, 101, 114, 116, 117, 122, 113, 85, 67, 58, 27, 28, 32, 32, 16, 5, 7, 0, 0, 0, 36, 39, 42, 47, 52, 58, 68, 76, 81, 88, 90, 94, 104, 105, 107, 101, 109, 100, 111, 116, 117, 119, 121, 123, 124, 115, 55, 0, 74, 124]","[0, 1, 2, 6, 6, 0, 9, 16, 13, 17, 18, 19, 36, 51, 86, 101, 114, 116, 117, 122, 113, 85, 67, 58, 27, 28, 32, 32, 16, 5, 7, 0, 0, 0, 36, 39, 42, 47, 52, 58, 68, 76, 81, 88, 90, 94, 104, 105, 107, 101, 109, 100, 111, 116, 117, 119, 121, 123, 124, 115, 55, 0, 74, 124]"
Linear,25,exact_guidance_u,236,0,66,65,"[129, 0, 1, 2, 6, 6, 0, 9, 16, 13, 17, 18, 19, 36, 51, 86, 101, 113, 114, 116, 117, 122, 113, 85, 67, 58, 27, 28, 32, 32, 16, 5, 7, 0, 0, 0, 36, 39, 42, 47, 52, 58, 68, 76, 81, 88, 90, 94, 104, 105, 107, 101, 109, 100, 111, 116, 117, 119, 121, 123, 124, 115, 55, 0, 74, 124]","[0, 1, 2, 6, 6, 0, 9, 16, 13, 17, 18, 19, 36, 51, 86, 101, 113, 114, 116, 117, 122, 113, 85, 67, 58, 27, 28, 32, 32, 16, 5, 7, 0, 0, 0, 36, 39, 42, 47, 52, 58, 68, 76, 81, 88, 90, 94, 104, 105, 107, 101, 109, 100, 111, 116, 117, 119, 121, 123, 124, 115, 55, 0, 74, 124]"
Linear,25,exact_guidance_u,237,0,66,65,"[129, 0, 1, 2, 6, 6, 0, 9, 16, 13, 17, 18, 19, 36, 51, 86, 101, 113, 114, 116, 117, 122, 113, 85, 67, 58, 27, 28, 32, 32, 16, 5, 7, 0, 0, 0, 36, 39, 42, 47, 52, 58, 68, 76, 81, 88, 90, 94, 104, 105, 107, 101, 109, 100, 111, 116, 117, 119, 121, 123, 124, 115, 55, 0, 74, 124]","[0, 1, 2, 6, 6, 0, 9, 16, 13, 17, 18, 19, 36, 51, 86, 101, 113, 114, 116, 117, 122, 113, 85, 67, 58, 27, 28, 32, 32, 16, 5, 7, 0, 0, 0, 36, 39, 42, 47, 52, 58, 68, 76, 81, 88, 90, 94, 104, 105, 107, 101, 109, 100, 111, 116, 117, 119, 121, 123, 124, 115, 55, 0, 74, 124]"
Linear,25,exact_guidance_u,238,0,67,66,"[129, 0, 1, 2, 6, 6, 0, 9, 16, 13, 17, 18, 19, 36, 51, 86, 101, 113, 114, 116, 117, 122, 113, 85, 67, 58, 44, 27, 28, 32, 32, 16, 5, 7, 0, 0, 0, 36, 39, 42, 47, 52, 58, 68, 76, 81, 88, 90, 94, 104, 105, 107, 101, 109, 100, 111, 116, 117, 119, 121, 123, 124, 115, 55, 0, 74, 124]","[0, 1, 2, 6, 6, 0, 9, 16, 13, 17, 18, 19, 36, 51, 86, 101, 113, 114, 116, 117, 122, 113, 85, 67, 58, 44, 27, 28, 32, 32, 16, 5, 7, 0, 0, 0, 36, 39, 42, 47, 52, 58, 68, 76, 81, 88, 90, 94, 104, 105, 107, 101, 109, 100, 111, 116, 117, 119, 121, 123, 124, 115, 55, 0, 74, 124]"
Linear,25,exact_guidance_u,239,0,67,66,"[129, 0, 1, 2, 6, 6, 0, 9, 16, 13, 17, 18, 19, 36, 51, 86, 101, 113, 114, 116, 117, 122, 113, 85, 67, 58, 44, 27, 28, 32, 32, 16, 5, 7, 0, 0, 0, 36, 39, 42, 47, 52, 58, 68, 76, 81, 88, 90, 94, 104, 105, 107, 101, 109, 100, 111, 116, 117, 119, 121, 123, 124, 115, 55, 0, 74, 124]","[0, 1, 2, 6, 6, 0, 9, 16, 13, 17, 18, 19, 36, 51, 86, 101, 113, 114, 116, 117, 122, 113, 85, 67, 58, 44, 27, 28, 32, 32, 16, 5, 7, 0, 0, 0, 36, 39, 42, 47, 52, 58, 68, 76, 81, 88, 90, 94, 104, 105, 107, 101, 109, 100, 111, 116, 117, 119, 121, 123, 124, 115, 55, 0, 74, 124]"
Linear,25,exact_guidance_u,240,0,67,66,"[129, 0, 1, 2, 6, 6, 0, 9, 16, 13, 17, 18, 19, 36, 51, 86, 101, 113, 114, 116, 117, 122, 113, 85, 67, 58, 44, 27, 28, 32, 32, 16, 5, 7, 0, 0, 0, 36, 39, 42, 47, 52, 58, 68, 76, 81, 88, 90, 94, 104, 105, 107, 101, 109, 100, 111, 116, 117, 119, 121, 123, 124, 115, 55, 0, 74, 124]","[0, 1, 2, 6, 6, 0, 9, 16, 13, 17, 18, 19, 36, 51, 86, 101, 113, 114, 116, 117, 122, 113, 85, 67, 58, 44, 27, 28, 32, 32, 16, 5, 7, 0, 0, 0, 36, 39, 42, 47, 52, 58, 68, 76, 81, 88, 90, 94, 104, 105, 107, 101, 109, 100, 111, 116, 117, 119, 121, 123, 124, 115, 55, 0, 74, 124]"
Linear,25,exact_guidance_u,241,0,67,66,"[129, 0, 1, 2, 6, 6, 0, 9, 16, 13, 17, 18, 19, 36, 51, 86, 101, 113, 114, 116, 117, 122, 113, 85, 67, 58, 44, 27, 28, 32, 32, 16, 5, 7, 0, 0, 0, 36, 39, 42, 47, 52, 58, 68, 76, 81, 88, 90, 94, 104, 105, 107, 101, 109, 100, 111, 116, 117, 119, 121, 123, 124, 115, 55, 0, 74, 124]","[0, 1, 2, 6, 6, 0, 9, 16, 13, 17, 18, 19, 36, 51, 86, 101, 113, 114, 116, 117, 122, 113, 85, 67, 58, 44, 27, 28, 32, 32, 16, 5, 7, 0, 0, 0, 36, 39, 42, 47, 52, 58, 68, 76, 81, 88, 90, 94, 104, 105, 107, 101, 109, 100, 111, 116, 117, 119, 121, 123, 124, 115, 55, 0, 74, 124]"
Linear,25,exact_guidance_u,242,0,67,66,"[129, 0, 1, 2, 6, 6, 0, 9, 16, 13, 17, 18, 19, 36, 51, 86, 101, 113, 114, 116, 117, 122, 113, 85, 67, 58, 44, 27, 28, 32, 32, 16, 5, 7, 0, 0, 0, 36, 39, 42, 47, 52, 58, 68, 76, 81, 88, 90, 94, 104, 105, 107, 101, 109, 100, 111, 116, 117, 119, 121, 123, 124, 115, 55, 0, 74, 124]","[0, 1, 2, 6, 6, 0, 9, 16, 13, 17, 18, 19, 36, 51, 86, 101, 113, 114, 116, 117, 122, 113, 85, 67, 58, 44, 27, 28, 32, 32, 16, 5, 7, 0, 0, 0, 36, 39, 42, 47, 52, 58, 68, 76, 81, 88, 90, 94, 104, 105, 107, 101, 109, 100, 111, 116, 117, 119, 121, 123, 124, 115, 55, 0, 74, 124]"
Linear,25,exact_guidance_u,243,0,67,66,"[129, 0, 1, 2, 6, 6, 0, 9, 16, 13, 17, 18, 19, 36, 51, 86, 101, 113, 114, 116, 117, 122, 113, 85, 67, 58, 44, 27, 28, 32, 32, 16, 5, 7, 0, 0, 0, 36, 39, 42, 47, 52, 58, 68, 76, 81, 88, 90, 94, 104, 105, 107, 101, 109, 100, 111, 116, 117, 119, 121, 123, 124, 115, 55, 0, 74, 124]","[0, 1, 2, 6, 6, 0, 9, 16, 13, 17, 18, 19, 36, 51, 86, 101, 113, 114, 116, 117, 122, 113, 85, 67, 58, 44, 27, 28, 32, 32, 16, 5, 7, 0, 0, 0, 36, 39, 42, 47, 52, 58, 68, 76, 81, 88, 90, 94, 104, 105, 107, 101, 109, 100, 111, 116, 117, 119, 121, 123, 124, 115, 55, 0, 74, 124]"
Linear,25,exact_guidance_u,244,0,67,66,"[129, 0, 1, 2, 6, 6, 0, 9, 16, 13, 17, 18, 19, 36, 51, 86, 101, 113, 114, 116, 117, 122, 113, 85, 67, 58, 44, 27, 28, 32, 32, 16, 5, 7, 0, 0, 0, 36, 39, 42, 47, 52, 58, 68, 76, 81, 88, 90, 94, 104, 105, 107, 101, 109, 100, 111, 116, 117, 119, 121, 123, 124, 115, 55, 0, 74, 124]","[0, 1, 2, 6, 6, 0, 9, 16, 13, 17, 18, 19, 36, 51, 86, 101, 113, 114, 116, 117, 122, 113, 85, 67, 58, 44, 27, 28, 32, 32, 16, 5, 7, 0, 0, 0, 36, 39, 42, 47, 52, 58, 68, 76, 81, 88, 90, 94, 104, 105, 107, 101, 109, 100, 111, 116, 117, 119, 121, 123, 124, 115, 55, 0, 74, 124]"
Linear,25,exact_guidance_u,245,0,67,66,"[129, 0, 1, 2, 6, 6, 0, 9, 16, 13, 17, 18, 19, 36, 51, 86, 101, 113, 114, 116, 117, 122, 113, 85, 67, 58, 44, 27, 28, 32, 32, 16, 5, 7, 0, 0, 0, 36, 39, 42, 47, 52, 58, 68, 76, 81, 88, 90, 94, 104, 105, 107, 101, 109, 100, 111, 116, 117, 119, 121, 123, 124, 115, 55, 0, 74, 124]","[0, 1, 2, 6, 6, 0, 9, 16, 13, 17, 18, 19, 36, 51, 86, 101, 113, 114, 116, 117, 122, 113, 85, 67, 58, 44, 27, 28, 32, 32, 16, 5, 7, 0, 0, 0, 36, 39, 42, 47, 52, 58, 68, 76, 81, 88, 90, 94, 104, 105, 107, 101, 109, 100, 111, 116, 117, 119, 121, 123, 124, 115, 55, 0, 74, 124]"
Linear,25,exact_guidance_u,246,0,67,66,"[129, 0, 1, 2, 6, 6, 0, 9, 16, 13, 17, 18, 19, 36, 51, 86, 101, 113, 114, 116, 117, 122, 113, 85, 67, 58, 44, 27, 28, 32, 32, 16, 5, 7, 0, 0, 0, 36, 39, 42, 47, 52, 58, 68, 76, 81, 88, 90, 94, 104, 105, 107, 101, 109, 100, 111, 116, 117, 119, 121, 123, 124, 115, 55, 0, 74, 124]","[0, 1, 2, 6, 6, 0, 9, 16, 13, 17, 18, 19, 36, 51, 86, 101, 113, 114, 116, 117, 122, 113, 85, 67, 58, 44, 27, 28, 32, 32, 16, 5, 7, 0, 0, 0, 36, 39, 42, 47, 52, 58, 68, 76, 81, 88, 90, 94, 104, 105, 107, 101, 109, 100, 111, 116, 117, 119, 121, 123, 124, 115, 55, 0, 74, 124]"
Linear,25,exact_guidance_u,247,0,67,66,"[129, 0, 1, 2, 6, 6, 0, 9, 16, 13, 17, 18, 19, 36, 51, 86, 101, 113, 114, 116, 117, 122, 113, 85, 67, 58, 44, 27, 28, 32, 32, 16, 5, 7, 0, 0, 0, 36, 39, 42, 47, 52, 58, 68, 76, 81, 88, 90, 94, 104, 105, 107, 101, 109, 100, 111, 116, 117, 119, 121, 123, 124, 115, 55, 0, 74, 124]","[0, 1, 2, 6, 6, 0, 9, 16, 13, 17, 18, 19, 36, 51, 86, 101, 113, 114, 116, 117, 122, 113, 85, 67, 58, 44, 27, 28, 32, 32, 16, 5, 7, 0, 0, 0, 36, 39, 42, 47, 52, 58, 68, 76, 81, 88, 90, 94, 104, 105, 107, 101, 109, 100, 111, 116, 117, 119, 121, 123, 124, 115, 55, 0, 74, 124]"
Linear,25,exact_guidance_u,248,0,67,66,"[129, 0, 1, 2, 6, 6, 0, 9, 16, 13, 17, 18, 19, 36, 51, 86, 101, 113, 114, 116, 117, 122, 113, 85, 67, 58, 44, 27, 28, 32, 32, 16, 5, 7, 0, 0, 0, 36, 39, 42, 47, 52, 58, 68, 76, 81, 88, 90, 94, 104, 105, 107, 101, 109, 100, 111, 116, 117, 119, 121, 123, 124, 115, 55, 0, 74, 124]","[0, 1, 2, 6, 6, 0, 9, 16, 13, 17, 18, 19, 36, 51, 86, 101, 113, 114, 116, 117, 122, 113, 85, 67, 58, 44, 27, 28, 32, 32, 16, 5, 7, 0, 0, 0, 36, 39, 42, 47, 52, 58, 68, 76, 81, 88, 90, 94, 104, 105, 107, 101, 109, 100, 111, 116, 117, 119, 121, 123, 124, 115, 55, 0, 74, 124]"
Linear,25,exact_guidance_u,249,0,67,66,"[129, 0, 1, 2, 6, 6, 0, 9, 16, 13, 17, 18, 19, 36, 51, 86, 101, 113, 114, 116, 117, 122, 113, 85, 67, 58, 44, 27, 28, 32, 32, 16, 5, 7, 0, 0, 0, 36, 39, 42, 47, 52, 58, 68, 76, 81, 88, 90, 94, 104, 105, 107, 101, 109, 100, 111, 116, 117, 119, 121, 123, 124, 115, 55, 0, 74, 124]","[0, 1, 2, 6, 6, 0, 9, 16, 13, 17, 18, 19, 36, 51, 86, 101, 113, 114, 116, 117, 122, 113, 85, 67, 58, 44, 27, 28, 32, 32, 16, 5, 7, 0, 0, 0, 36, 39, 42, 47, 52, 58, 68, 76, 81, 88, 90, 94, 104, 105, 107, 101, 109, 100, 111, 116, 117, 119, 121, 123, 124, 115, 55, 0, 74, 124]"
Linear,25,exact_guidance_u,250,0,68,67,"[129, 0, 1, 2, 6, 6, 0, 9, 16, 13, 17, 18, 19, 36, 51, 86, 101, 113, 114, 116, 117, 122, 113, 85, 67, 58, 44, 27, 28, 32, 32, 16, 5, 7, 0, 0, 0, 36, 39, 42, 47, 52, 58, 68, 76, 81, 88, 90, 94, 104, 105, 107, 101, 109, 100, 111, 116, 117, 119, 121, 123, 124, 115, 55, 0, 74, 90, 124]","[0, 1, 2, 6, 6, 0, 9, 16, 13, 17, 18, 19, 36, 51, 86, 101, 113, 114, 116, 117, 122, 113, 85, 67, 58, 44, 27, 28, 32, 32, 16, 5, 7, 0, 0, 0, 36, 39, 42, 47, 52, 58, 68, 76, 81, 88, 90, 94, 104, 105, 107, 101, 109, 100, 111, 116, 117, 119, 121, 123, 124, 115, 55, 0, 74, 90, 124]"
Linear,25,exact_guidance_u,251,0,68,67,"[129, 0, 1, 2, 6, 6, 0, 9, 16, 13, 17, 18, 19, 36, 51, 86, 101, 113, 114, 116, 117, 122, 113, 85, 67, 58, 44, 27, 28, 32, 32, 16, 5, 7, 0, 0, 0, 36, 39, 42, 47, 52, 58, 68, 76, 81, 88, 90, 94, 104, 105, 107, 101, 109, 100, 111, 116, 117, 119, 121, 123, 124, 115, 55, 0, 74, 90, 124]","[0, 1, 2, 6, 6, 0, 9, 16, 13, 17, 18, 19, 36, 51, 86, 101, 113, 114, 116, 117, 122, 113, 85, 67, 58, 44, 27, 28, 32, 32, 16, 5, 7, 0, 0, 0, 36, 39, 42, 47, 52, 58, 68, 76, 81, 88, 90, 94, 104, 105, 107, 101, 109, 100, 111, 116, 117, 119, 121, 123, 124, 115, 55, 0, 74, 90, 124]"
Linear,25,exact_guidance_u,252,0,68,67,"[129, 0, 1, 2, 6, 6, 0, 9, 16, 13, 17, 18, 19, 36, 51, 86, 101, 113, 114, 116, 117, 122, 113, 85, 67, 58, 44, 27, 28, 32, 32, 16, 5, 7, 0, 0, 0, 36, 39, 42, 47, 52, 58, 68, 76, 81, 88, 90, 94, 104, 105, 107, 101, 109, 100, 111, 116, 117, 119, 121, 123, 124, 115, 55, 0, 74, 90, 124]","[0, 1, 2, 6, 6, 0, 9, 16, 13, 17, 18, 19, 36, 51, 86, 101, 113, 114, 116, 117, 122, 113, 85, 67, 58, 44, 27, 28, 32, 32, 16, 5, 7, 0, 0, 0, 36, 39, 42, 47, 52, 58, 68, 76, 81, 88, 90, 94, 104, 105, 107, 101, 109, 100, 111, 116, 117, 119, 121, 123, 124, 115, 55, 0, 74, 90, 124]"
Linear,25,exact_guidance_u,253,0,68,67,"[129, 0, 1, 2, 6, 6, 0, 9, 16, 13, 17, 18, 19, 36, 51, 86, 101, 113, 114, 116, 117, 122, 113, 85, 67, 58, 44, 27, 28, 32, 32, 16, 5, 7, 0, 0, 0, 36, 39, 42, 47, 52, 58, 68, 76, 81, 88, 90, 94, 104, 105, 107, 101, 109, 100, 111, 116, 117, 119, 121, 123, 124, 115, 55, 0, 74, 90, 124]","[0, 1, 2, 6, 6, 0, 9, 16, 13, 17, 18, 19, 36, 51, 86, 101, 113, 114, 116, 117, 122, 113, 85, 67, 58, 44, 27, 28, 32, 32, 16, 5, 7, 0, 0, 0, 36, 39, 42, 47, 52, 58, 68, 76, 81, 88, 90, 94, 104, 105, 107, 101, 109, 100, 111, 116, 117, 119, 121, 123, 124, 115, 55, 0, 74, 90, 124]"
Linear,25,exact_guidance_u,254,0,68,67,"[129, 0, 1, 2, 6, 6, 0, 9, 16, 13, 17, 18, 19, 36, 51, 86, 101, 113, 114, 116, 117, 122, 113, 85, 67, 58, 44, 27, 28, 32, 32, 16, 5, 7, 0, 0, 0, 36, 39, 42, 47, 52, 58, 68, 76, 81, 88, 90, 94, 104, 105, 107, 101, 109, 100, 111, 116, 117, 119, 121, 123, 124, 115, 55, 0, 74, 90, 124]","[0, 1, 2, 6, 6, 0, 9, 16, 13, 17, 18, 19, 36, 51, 86, 101, 113, 114, 116, 117, 122, 113, 85, 67, 58, 44, 27, 28, 32, 32, 16, 5, 7, 0, 0, 0, 36, 39, 42, 47, 52, 58, 68, 76, 81, 88, 90, 94, 104, 105, 107, 101, 109, 100, 111, 116, 117, 119, 121, 123, 124, 115, 55, 0, 74, 90, 124]"
Linear,25,exact_guidance_u,255,0,68,67,"[129, 0, 1, 2, 6, 6, 0, 9, 16, 13, 17, 18, 19, 36, 51, 86, 101, 113, 114, 116, 117, 122, 113, 85, 67, 58, 44, 27, 28, 32, 32, 16, 5, 7, 0, 0, 0, 36, 39, 42, 47, 52, 58, 68, 76, 81, 88, 90, 94, 104, 105, 107, 101, 109, 100, 111, 116, 117, 119, 121, 123, 124, 115, 55, 0, 74, 90, 124]","[0, 1, 2, 6, 6, 0, 9, 16, 13, 17, 18, 19, 36, 51, 86, 101, 113, 114, 116, 117, 122, 113, 85, 67, 58, 44, 27, 28, 32, 32, 16, 5, 7, 0, 0, 0, 36, 39, 42, 47, 52, 58, 68, 76, 81, 88, 90, 94, 104, 105, 107, 101, 109, 100, 111, 116, 117, 119, 121, 123, 124, 115, 55, 0, 74, 90, 124]"
Linear,25,exact_guidance_u,256,0,68,67,"[129, 0, 1, 2, 6, 6, 0, 9, 16, 13, 17, 18, 19, 36, 51, 86, 101, 113, 114, 116, 117, 122, 113, 85, 67, 58, 44, 27, 28, 32, 32, 16, 5, 7, 0, 0, 0, 36, 39, 42, 47, 52, 58, 68, 76, 81, 88, 90, 94, 104, 105, 107, 101, 109, 100, 111, 116, 117, 119, 121, 123, 124, 115, 55, 0, 74, 90, 124]","[0, 1, 2, 6, 6, 0, 9, 16, 13, 17, 18, 19, 36, 51, 86, 101, 113, 114, 116, 117, 122, 113, 85, 67, 58, 44, 27, 28, 32, 32, 16, 5, 7, 0, 0, 0, 36, 39, 42, 47, 52, 58, 68, 76, 81, 88, 90, 94, 104, 105, 107, 101, 109, 100, 111, 116, 117, 119, 121, 123, 124, 115, 55, 0, 74, 90, 124]"
Linear,25,exact_guidance_u,257,0,69,68,"[129, 0, 1, 2, 6, 6, 0, 9, 16, 13, 17, 18, 19, 36, 51, 86, 101, 113, 114, 116, 117, 122, 113, 85, 67, 58, 44, 27, 28, 32, 32, 16, 5, 7, 0, 0, 0, 36, 39, 42, 47, 52, 58, 68, 76, 81, 88, 90, 94, 104, 105, 107, 101, 109, 100, 111, 116, 117, 119, 121, 123, 124, 115, 55, 54, 0, 74, 90, 124]","[0, 1, 2, 6, 6, 0, 9, 16, 13, 17, 18, 19, 36, 51, 86, 101, 113, 114, 116, 117, 122, 113, 85, 67, 58, 44, 27, 28, 32, 32, 16, 5, 7, 0, 0, 0, 36, 39, 42, 47, 52, 58, 68, 76, 81, 88, 90, 94, 104, 105, 107, 101, 109, 100, 111, 116, 117, 119, 121, 123, 124, 115, 55, 54, 0, 74, 90, 124]"
Linear,25,exact_guidance_u,258,0,69,68,"[129, 0, 1, 2, 6, 6, 0, 9, 16, 13, 17, 18, 19, 36, 51, 86, 101, 113, 114, 116, 117, 122, 113, 85, 67, 58, 44, 27, 28, 32, 32, 16, 5, 7, 0, 0, 0, 36, 39, 42, 47, 52, 58, 68, 76, 81, 88, 90, 94, 104, 105, 107, 101, 109, 100, 111, 116, 117, 119, 121, 123, 124, 115, 55, 54, 0, 74, 90, 124]","[0, 1, 2, 6, 6, 0, 9, 16, 13, 17, 18, 19, 36, 51, 86, 101, 113, 114, 116, 117, 122, 113, 85, 67, 58, 44, 27, 28, 32, 32, 16, 5, 7, 0, 0, 0, 36, 39, 42, 47, 52, 58, 68, 76, 81, 88, 90, 94, 104, 105, 107, 101, 109, 100, 111, 116, 117, 119, 121, 123, 124, 115, 55, 54, 0, 74, 90, 124]"
Linear,25,exact_guidance_u,259,0,69,68,"[129, 0, 1, 2, 6, 6, 0, 9, 16, 13, 17, 18, 19, 36, 51, 86, 101, 113, 114, 116, 117, 122, 113, 85, 67, 58, 44, 27, 28, 32, 32, 16, 5, 7, 0, 0, 0, 36, 39, 42, 47, 52, 58, 68, 76, 81, 88, 90, 94, 104, 105, 107, 101, 109, 100, 111, 116, 117, 119, 121, 123, 124, 115, 55, 54, 0, 74, 90, 124]","[0, 1, 2, 6, 6, 0, 9, 16, 13, 17, 18, 19, 36, 51, 86, 101, 113, 114, 116, 117, 122, 113, 85, 67, 58, 44, 27, 28, 32, 32, 16, 5, 7, 0, 0, 0, 36, 39, 42, 47, 52, 58, 68, 76, 81, 88, 90, 94, 104, 105, 107, 101, 109, 100, 111, 116, 117, 119, 121, 123, 124, 115, 55, 54, 0, 74, 90, 124]"
Linear,25,exact_guidance_u,260,0,69,68,"[129, 0, 1, 2, 6, 6, 0, 9, 16, 13, 17, 18, 19, 36, 51, 86, 101, 113, 114, 116, 117, 122, 113, 85, 67, 58, 44, 27, 28, 32, 32, 16, 5, 7, 0, 0, 0, 36, 39, 42, 47, 52, 58, 68, 76, 81, 88, 90, 94, 104, 105, 107, 101, 109, 100, 111, 116, 117, 119, 121, 123, 124, 115, 55, 54, 0, 74, 90, 124]","[0, 1, 2, 6, 6, 0, 9, 16, 13, 17, 18, 19, 36, 51, 86, 101, 113, 114, 116, 117, 122, 113, 85, 67, 58, 44, 27, 28, 32, 32, 16, 5, 7, 0, 0, 0, 36, 39, 42, 47, 52, 58, 68, 76, 81, 88, 90, 94, 104, 105, 107, 101, 109, 100, 111, 116, 117, 119, 121, 123, 124, 115, 55, 54, 0, 74, 90, 124]"
Linear,25,exact_guidance_u,261,0,70,69,"[129, 0, 1, 2, 6, 6, 0, 9, 16, 13, 17, 18, 19, 36, 51, 86, 101, 113, 114, 116, 117, 122, 113, 85, 67, 58, 44, 27, 28, 32, 32, 16, 5, 7, 0, 0, 0, 36, 39, 42, 47, 52, 58, 68, 76, 81, 88, 90, 94, 104, 105, 107, 101, 109, 100, 111, 116, 117, 119, 121, 123, 124, 115, 84, 55, 54, 0, 74, 90, 124]","[0, 1, 2, 6, 6, 0, 9, 16, 13, 17, 18, 19, 36, 51, 86, 101, 113, 114, 116, 117, 122, 113, 85, 67, 58, 44, 27, 28, 32, 32, 16, 5, 7, 0, 0, 0, 36, 39, 42, 47, 52, 58, 68, 76, 81, 88, 90, 94, 104, 105, 107, 101, 109, 100, 111, 116, 117, 119, 121, 123, 124, 115, 84, 55, 54, 0, 74, 90, 124]"
Linear,25,exact_guidance_u,262,0,70,69,"[129, 0, 1, 2, 6, 6, 0, 9, 16, 13, 17, 18, 19, 36, 51, 86, 101, 113, 114, 116, 117, 122, 113, 85, 67, 58, 44, 27, 28, 32, 32, 16, 5, 7, 0, 0, 0, 36, 39, 42, 47, 52, 58, 68, 76, 81, 88, 90, 94, 104, 105, 107, 101, 109, 100, 111, 116, 117, 119, 121, 123, 124, 115, 84, 55, 54, 0, 74, 90, 124]","[0, 1, 2, 6, 6, 0, 9, 16, 13, 17, 18, 19, 36, 51, 86, 101, 113, 114, 116, 117, 122, 113, 85, 67, 58, 44, 27, 28, 32, 32, 16, 5, 7, 0, 0, 0, 36, 39, 42, 47, 52, 58, 68, 76, 81, 88, 90, 94, 104, 105, 107, 101, 109, 100, 111, 116, 117, 119, 121, 123, 124, 115, 84, 55, 54, 0, 74, 90, 124]"
Linear,25,exact_guidance_u,263,0,71,70,"[129, 0, 1, 2, 6, 6, 0, 9, 16, 13, 17, 18, 19, 36, 51, 86, 101, 113, 114, 116, 117, 122, 113, 85, 67, 58, 44, 27, 28, 32, 32, 16, 5, 7, 0, 0, 0, 36, 39, 42, 47, 52, 58, 68, 76, 81, 88, 90, 94, 104, 105, 107, 101, 109, 100, 111, 116, 117, 119, 121, 123, 124, 115, 84, 66, 55, 54, 0, 74, 90, 124]","[0, 1, 2, 6, 6, 0, 9, 16, 13, 17, 18, 19, 36, 51, 86, 101, 113, 114, 116, 117, 122, 113, 85, 67, 58, 44, 27, 28, 32, 32, 16, 5, 7, 0, 0, 0, 36, 39, 42, 47, 52, 58, 68, 76, 81, 88, 90, 94, 104, 105, 107, 101, 109, 100, 111, 116, 117, 119, 121, 123, 124, 115, 84, 66, 55, 54, 0, 74, 90, 124]"
Linear,25,exact_guidance_u,264,0,71,70,"[129, 0, 1, 2, 6, 6, 0, 9, 16, 13, 17, 18, 19, 36, 51, 86, 101, 113, 114, 116, 117, 122, 113, 85, 67, 58, 44, 27, 28, 32, 32, 16, 5, 7, 0, 0, 0, 36, 39, 42, 47, 52, 58, 68, 76, 81, 88, 90, 94, 104, 105, 107, 101, 109, 100, 111, 116, 117, 119, 121, 123, 124, 115, 84, 66, 55, 54, 0, 74, 90, 124]","[0, 1, 2, 6, 6, 0, 9, 16, 13, 17, 18, 19, 36, 51, 86, 101, 113, 114, 116, 117, 122, 113, 85, 67, 58, 44, 27, 28, 32, 32, 16, 5, 7, 0, 0, 0, 36, 39, 42, 47, 52, 58, 68, 76, 81, 88, 90, 94, 104, 105, 107, 101, 109, 100, 111, 116, 117, 119, 121, 123, 124, 115, 84, 66, 55, 54, 0, 74, 90, 124]"
Linear,25,exact_guidance_u,265,0,71,70,"[129, 0, 1, 2, 6, 6, 0, 9, 16, 13, 17, 18, 19, 36, 51, 86, 101, 113, 114, 116, 117, 122, 113, 85, 67, 58, 44, 27, 28, 32, 32, 16, 5, 7, 0, 0, 0, 36, 39, 42, 47, 52, 58, 68, 76, 81, 88, 90, 94, 104, 105, 107, 101, 109, 100, 111, 116, 117, 119, 121, 123, 124, 115, 84, 66, 55, 54, 0, 74, 90, 124]","[0, 1, 2, 6, 6, 0, 9, 16, 13, 17, 18, 19, 36, 51, 86, 101, 113, 114, 116, 117, 122, 113, 85, 67, 58, 44, 27, 28, 32, 32, 16, 5, 7, 0, 0, 0, 36, 39, 42, 47, 52, 58, 68, 76, 81, 88, 90, 94, 104, 105, 107, 101, 109, 100, 111, 116, 117, 119, 121, 123, 124, 115, 84, 66, 55, 54, 0, 74, 90, 124]"
Linear,25,exact_guidance_u,266,0,71,70,"[129, 0, 1, 2, 6, 6, 0, 9, 16, 13, 17, 18, 19, 36, 51, 86, 101, 113, 114, 116, 117, 122, 113, 85, 67, 58, 44, 27, 28, 32, 32, 16, 5, 7, 0, 0, 0, 36, 39, 42, 47, 52, 58, 68, 76, 81, 88, 90, 94, 104, 105, 107, 101, 109, 100, 111, 116, 117, 119, 121, 123, 124, 115, 84, 66, 55, 54, 0, 74, 90, 124]","[0, 1, 2, 6, 6, 0, 9, 16, 13, 17, 18, 19, 36, 51, 86, 101, 113, 114, 116, 117, 122, 113, 85, 67, 58, 44, 27, 28, 32, 32, 16, 5, 7, 0, 0, 0, 36, 39, 42, 47, 52, 58, 68, 76, 81, 88, 90, 94, 104, 105, 107, 101, 109, 100, 111, 116, 117, 119, 121, 123, 124, 115, 84, 66, 55, 54, 0, 74, 90, 124]"
Linear,25,exact_guidance_u,267,0,71,70,"[129, 0, 1, 2, 6, 6, 0, 9, 16, 13, 17, 18, 19, 36, 51, 86, 101, 113, 114, 116, 117, 122, 113, 85, 67, 58, 44, 27, 28, 32, 32, 16, 5, 7, 0, 0, 0, 36, 39, 42, 47, 52, 58, 68, 76, 81, 88, 90, 94, 104, 105, 107, 101, 109, 100, 111, 116, 117, 119, 121, 123, 124, 115, 84, 66, 55, 54, 0, 74, 90, 124]","[0, 1, 2, 6, 6, 0, 9, 16, 13, 17, 18, 19, 36, 51, 86, 101, 113, 114, 116, 117, 122, 113, 85, 67, 58, 44, 27, 28, 32, 32, 16, 5, 7, 0, 0, 0, 36, 39, 42, 47, 52, 58, 68, 76, 81, 88, 90, 94, 104, 105, 107, 101, 109, 100, 111, 116, 117, 119, 121, 123, 124, 115, 84, 66, 55, 54, 0, 74, 90, 124]"
Linear,25,exact_guidance_u,268,0,71,70,"[129, 0, 1, 2, 6, 6, 0, 9, 16, 13, 17, 18, 19, 36, 51, 86, 101, 113, 114, 116, 117, 122, 113, 85, 67, 58, 44, 27, 28, 32, 32, 16, 5, 7, 0, 0, 0, 36, 39, 42, 47, 52, 58, 68, 76, 81, 88, 90, 94, 104, 105, 107, 101, 109, 100, 111, 116, 117, 119, 121, 123, 124, 115, 84, 66, 55, 54, 0, 74, 90, 124]","[0, 1, 2, 6, 6, 0, 9, 16, 13, 17, 18, 19, 36, 51, 86, 101, 113, 114, 116, 117, 122, 113, 85, 67, 58, 44, 27, 28, 32, 32, 16, 5, 7, 0, 0, 0, 36, 39, 42, 47, 52, 58, 68, 76, 81, 88, 90, 94, 104, 105, 107, 101, 109, 100, 111, 116, 117, 119, 121, 123, 124, 115, 84, 66, 55, 54, 0, 74, 90, 124]"
Linear,25,exact_guidance_u,269,0,72,71,"[129, 0, 1, 2, 6, 6, 0, 9, 16, 13, 17, 18, 19, 36, 51, 86, 101, 113, 114, 116, 117, 122, 113, 85, 67, 58, 44, 27, 28, 32, 32, 16, 5, 7, 0, 0, 0, 36, 39, 42, 47, 52, 58, 68, 76, 81, 88, 90, 94, 104, 105, 107, 101, 109, 100, 111, 116, 117, 119, 121, 123, 124, 115, 84, 66, 55, 54, 0, 74, 90, 125, 124]","[0, 1, 2, 6, 6, 0, 9, 16, 13, 17, 18, 19, 36, 51, 86, 101, 113, 114, 116, 117, 122, 113, 85, 67, 58, 44, 27, 28, 32, 32, 16, 5, 7, 0, 0, 0, 36, 39, 42, 47, 52, 58, 68, 76, 81, 88, 90, 94, 104, 105, 107, 101, 109, 100, 111, 116, 117, 119, 121, 123, 124, 115, 84, 66, 55, 54, 0, 74, 90, 125, 124]"
Linear,25,exact_guidance_u,270,0,72,71,"[129, 0, 1, 2, 6, 6, 0, 9, 16, 13, 17, 18, 19, 36, 51, 86, 101, 113, 114, 116, 117, 122, 113, 85, 67, 58, 44, 27, 28, 32, 32, 16, 5, 7, 0, 0, 0, 36, 39, 42, 47, 52, 58, 68, 76, 81, 88, 90, 94, 104, 105, 107, 101, 109, 100, 111, 116, 117, 119, 121, 123, 124, 115, 84, 66, 55, 54, 0, 74, 90, 125, 124]","[0, 1, 2, 6, 6, 0, 9, 16, 13, 17, 18, 19, 36, 51, 86, 101, 113, 114, 116, 117, 122, 113, 85, 67, 58, 44, 27, 28, 32, 32, 16, 5, 7, 0, 0, 0, 36, 39, 42, 47, 52, 58, 68, 76, 81, 88, 90, 94, 104, 105, 107, 101, 109, 100, 111, 116, 117, 119, 121, 123, 124, 115, 84, 66, 55, 54, 0, 74, 90, 125, 124]"
Linear,25,exact_guidance_u,271,0,72,71,"[129, 0, 1, 2, 6, 6, 0, 9, 16, 13, 17, 18, 19, 36, 51, 86, 101, 113, 114, 116, 117, 122, 113, 85, 67, 58, 44, 27, 28, 32, 32, 16, 5, 7, 0, 0, 0, 36, 39, 42, 47, 52, 58, 68, 76, 81, 88, 90, 94, 104, 105, 107, 101, 109, 100, 111, 116, 117, 119, 121, 123, 124, 115, 84, 66, 55, 54, 0, 74, 90, 125, 124]","[0, 1, 2, 6, 6, 0, 9, 16, 13, 17, 18, 19, 36, 51, 86, 101, 113, 114, 116, 117, 122, 113, 85, 67, 58, 44, 27, 28, 32, 32, 16, 5, 7, 0, 0, 0, 36, 39, 42, 47, 52, 58, 68, 76, 81, 88, 90, 94, 104, 105, 107, 101, 109, 100, 111, 116, 117, 119, 121, 123, 124, 115, 84, 66, 55, 54, 0, 74, 90, 125, 124]"
Linear,25,exact_guidance_u,272,0,72,71,"[129, 0, 1, 2, 6, 6, 0, 9, 16, 13, 17, 18, 19, 36, 51, 86, 101, 113, 114, 116, 117, 122, 113, 85, 67, 58, 44, 27, 28, 32, 32, 16, 5, 7, 0, 0, 0, 36, 39, 42, 47, 52, 58, 68, 76, 81, 88, 90, 94, 104, 105, 107, 101, 109, 100, 111, 116, 117, 119, 121, 123, 124, 115, 84, 66, 55, 54, 0, 74, 90, 125, 124]","[0, 1, 2, 6, 6, 0, 9, 16, 13, 17, 18, 19, 36, 51, 86, 101, 113, 114, 116, 117, 122, 113, 85, 67, 58, 44, 27, 28, 32, 32, 16, 5, 7, 0, 0, 0, 36, 39, 42, 47, 52, 58, 68, 76, 81, 88, 90, 94, 104, 105, 107, 101, 109, 100, 111, 116, 117, 119, 121, 123, 124, 115, 84, 66, 55, 54, 0, 74, 90, 125, 124]"
Linear,25,exact_guidance_u,273,0,72,71,"[129, 0, 1, 2, 6, 6, 0, 9, 16, 13, 17, 18, 19, 36, 51, 86, 101, 113, 114, 116, 117, 122, 113, 85, 67, 58, 44, 27, 28, 32, 32, 16, 5, 7, 0, 0, 0, 36, 39, 42, 47, 52, 58, 68, 76, 81, 88, 90, 94, 104, 105, 107, 101, 109, 100, 111, 116, 117, 119, 121, 123, 124, 115, 84, 66, 55, 54, 0, 74, 90, 125, 124]","[0, 1, 2, 6, 6, 0, 9, 16, 13, 17, 18, 19, 36, 51, 86, 101, 113, 114, 116, 117, 122, 113, 85, 67, 58, 44, 27, 28, 32, 32, 16, 5, 7, 0, 0, 0, 36, 39, 42, 47, 52, 58, 68, 76, 81, 88, 90, 94, 104, 105, 107, 101, 109, 100, 111, 116, 117, 119, 121, 123, 124, 115, 84, 66, 55, 54, 0, 74, 90, 125, 124]"
Linear,25,exact_guidance_u,274,0,72,71,"[129, 0, 1, 2, 6, 6, 0, 9, 16, 13, 17, 18, 19, 36, 51, 86, 101, 113, 114, 116, 117, 122, 113, 85, 67, 58, 44, 27, 28, 32, 32, 16, 5, 7, 0, 0, 0, 36, 39, 42, 47, 52, 58, 68, 76, 81, 88, 90, 94, 104, 105, 107, 101, 109, 100, 111, 116, 117, 119, 121, 123, 124, 115, 84, 66, 55, 54, 0, 74, 90, 125, 124]","[0, 1, 2, 6, 6, 0, 9, 16, 13, 17, 18, 19, 36, 51, 86, 101, 113, 114, 116, 117, 122, 113, 85, 67, 58, 44, 27, 28, 32, 32, 16, 5, 7, 0, 0, 0, 36, 39, 42, 47, 52, 58, 68, 76, 81, 88, 90, 94, 104, 105, 107, 101, 109, 100, 111, 116, 117, 119, 121, 123, 124, 115, 84, 66, 55, 54, 0, 74, 90, 125, 124]"
Linear,25,exact_guidance_u,275,0,72,71,"[129, 0, 1, 2, 6, 6, 0, 9, 16, 13, 17, 18, 19, 36, 51, 86, 101, 113, 114, 116, 117, 122, 113, 85, 67, 58, 44, 27, 28, 32, 32, 16, 5, 7, 0, 0, 0, 36, 39, 42, 47, 52, 58, 68, 76, 81, 88, 90, 94, 104, 105, 107, 101, 109, 100, 111, 116, 117, 119, 121, 123, 124, 115, 84, 66, 55, 54, 0, 74, 90, 125, 124]","[0, 1, 2, 6, 6, 0, 9, 16, 13, 17, 18, 19, 36, 51, 86, 101, 113, 114, 116, 117, 122, 113, 85, 67, 58, 44, 27, 28, 32, 32, 16, 5, 7, 0, 0, 0, 36, 39, 42, 47, 52, 58, 68, 76, 81, 88, 90, 94, 104, 105, 107, 101, 109, 100, 111, 116, 117, 119, 121, 123, 124, 115, 84, 66, 55, 54, 0, 74, 90, 125, 124]"
Linear,25,exact_guidance_u,276,0,72,71,"[129, 0, 1, 2, 6, 6, 0, 9, 16, 13, 17, 18, 19, 36, 51, 86, 101, 113, 114, 116, 117, 122, 113, 85, 67, 58, 44, 27, 28, 32, 32, 16, 5, 7, 0, 0, 0, 36, 39, 42, 47, 52, 58, 68, 76, 81, 88, 90, 94, 104, 105, 107, 101, 109, 100, 111, 116, 117, 119, 121, 123, 124, 115, 84, 66, 55, 54, 0, 74, 90, 125, 124]","[0, 1, 2, 6, 6, 0, 9, 16, 13, 17, 18, 19, 36, 51, 86, 101, 113, 114, 116, 117, 122, 113, 85, 67, 58, 44, 27, 28, 32, 32, 16, 5, 7, 0, 0, 0, 36, 39, 42, 47, 52, 58, 68, 76, 81, 88, 90, 94, 104, 105, 107, 101, 109, 100, 111, 116, 117, 119, 121, 123, 124, 115, 84, 66, 55, 54, 0, 74, 90, 125, 124]"
Linear,25,exact_guidance_u,277,0,73,72,"[129, 0, 1, 2, 6, 6, 0, 9, 16, 13, 17, 18, 19, 36, 51, 86, 101, 113, 114, 116, 117, 122, 113, 85, 67, 58, 44, 27, 28, 32, 32, 16, 5, 7, 0, 0, 0, 36, 39, 42, 47, 52, 58, 68, 76, 81, 88, 90, 94, 104, 105, 107, 101, 109, 100, 111, 116, 117, 119, 121, 123, 124, 115, 84, 66, 55, 54, 0, 18, 74, 90, 125, 124]","[0, 1, 2, 6, 6, 0, 9, 16, 13, 17, 18, 19, 36, 51, 86, 101, 113, 114, 116, 117, 122, 113, 85, 67, 58, 44, 27, 28, 32, 32, 16, 5, 7, 0, 0, 0, 36, 39, 42, 47, 52, 58, 68, 76, 81, 88, 90, 94, 104, 105, 107, 101, 109, 100, 111, 116, 117, 119, 121, 123, 124, 115, 84, 66, 55, 54, 0, 18, 74, 90, 125, 124]"
Linear,25,exact_guidance_u,278,0,74,73,"[129, 0, 1, 2, 6, 6, 0, 9, 16, 13, 17, 18, 19, 36, 51, 86, 101, 113, 114, 116, 117, 122, 113, 85, 67, 58, 44, 27, 28, 32, 32, 16, 5, 7, 0, 0, 0, 36, 39, 42, 47, 52, 58, 68, 76, 81, 88, 90, 94, 104, 105, 107, 101, 109, 100, 111, 116, 117, 119, 121, 123, 124, 115, 84, 66, 55, 54, 0, 18, 74, 90, 115, 125, 124]","[0, 1, 2, 6, 6, 0, 9, 16, 13, 17, 18, 19, 36, 51, 86, 101, 113, 114, 116, 117, 122, 113, 85, 67, 58, 44, 27, 28, 32, 32, 16, 5, 7, 0, 0, 0, 36, 39, 42, 47, 52, 58, 68, 76, 81, 88, 90, 94, 104, 105, 107, 101, 109, 100, 111, 116, 117, 119, 121, 123, 124, 115, 84, 66, 55, 54, 0, 18, 74, 90, 115, 125, 124]"
Linear,25,exact_guidance_u,279,0,74,73,"[129, 0, 1, 2, 6, 6, 0, 9, 16, 13, 17, 18, 19, 36, 51, 86, 101, 113, 114, 116, 117, 122, 113, 85, 67, 58, 44, 27, 28, 32, 32, 16, 5, 7, 0, 0, 0, 36, 39, 42, 47, 52, 58, 68, 76, 81, 88, 90, 94, 104, 105, 107, 101, 109, 100, 111, 116, 117, 119, 121, 123, 124, 115, 84, 66, 55, 54, 0, 18, 74, 90, 115, 125, 124]","[0, 1, 2, 6, 6, 0, 9, 16, 13, 17, 18, 19, 36, 51, 86, 101, 113, 114, 116, 117, 122, 113, 85, 67, 58, 44, 27, 28, 32, 32, 16, 5, 7, 0, 0, 0, 36, 39, 42, 47, 52, 58, 68, 76, 81, 88, 90, 94, 104, 105, 107, 101, 109, 100, 111, 116, 117, 119, 121, 123, 124, 115, 84, 66, 55, 54, 0, 18, 74, 90, 115, 125, 124]"
