target,beta,method_key,step,sample_idx,seq_len_full,seq_len_semantic,tokens_full_json,tokens_semantic_json
In-Distribution,10,exact_guidance_u,0,0,1,0,[129],[]
In-Distribution,10,exact_guidance_u,1,0,2,1,"[129, 23]",[23]
In-Distribution,10,exact_guidance_u,2,0,2,1,"[129, 23]",[23]
In-Distribution,10,exact_guidance_u,3,0,3,2,"[129, 23, 0]","[23, 0]"
In-Distribution,10,exact_guidance_u,4,0,3,2,"[129, 23, 0]","[23, 0]"
In-Distribution,10,exact_guidance_u,5,0,3,2,"[129, 23, 0]","[23, 0]"
In-Distribution,10,exact_guidance_u,6,0,3,2,"[129, 23, 0]","[23, 0]"
In-Distribution,10,exact_guidance_u,7,0,4,3,"[129, 23, 0, 19]","[23, 0, 19]"
In-Distribution,10,exact_guidance_u,8,0,5,4,"[129, 23, 0, 6, 19]","[23, 0, 6, 19]"
In-Distribution,10,exact_guidance_u,9,0,6,5,"[129, 23, 0, 6, 19, 22]","[23, 0, 6, 19, 22]"
In-Distribution,10,exact_guidance_u,10,0,7,6,"[129, 23, 0, 6, 19, 108, 22]","[23, 0, 6, 19, 108, 22]"
In-Distribution,10,exact_guidance_u,11,0,7,6,"[129, 23, 0, 6, 19, 108, 22]","[23, 0, 6, 19, 108, 22]"
In-Distribution,10,exact_guidance_u,12,0,7,6,"[129, 23, 0, 6, 19, 108, 22]","[23, 0, 6, 19, 108, 22]"
In-Distribution,10,exact_guidance_u,13,0,7,6,"[129, 23, 0, 6, 19, 108, 22]","[23, 0, 6, 19, 108, 22]"
In-Distribution,10,exact_guidance_u,14,0,8,7,"[129, 23, 0, 6, 19, 94, 108, 22]","[23, 0, 6, 19, 94, 108, 22]"
In-Distribution,10,exact_guidance_u,15,0,8,7,"[129, 23, 0, 6, 19, 94, 108, 22]","[23, 0, 6, 19, 94, 108, 22]"
In-Distribution,10,exact_guidance_u,16,0,8,7,"[129, 23, 0, 6, 19, 94, 108, 22]","[23, 0, 6, 19, 94, 108, 22]"
In-Distribution,10,exact_guidance_u,17,0,8,7,"[129, 23, 0, 6, 19, 94, 108, 22]","[23, 0, 6, 19, 94, 108, 22]"
In-Distribution,10,exact_guidance_u,18,0,8,7,"[129, 23, 0, 6, 19, 94, 108, 22]","[23, 0, 6, 19, 94, 108, 22]"
In-Distribution,10,exact_guidance_u,19,0,8,7,"[129, 23, 0, 6, 19, 94, 108, 22]","[23, 0, 6, 19, 94, 108, 22]"
In-Distribution,10,exact_guidance_u,20,0,9,8,"[129, 23, 0, 6, 19, 94, 108, 22, 74]","[23, 0, 6, 19, 94, 108, 22, 74]"
In-Distribution,10,exact_guidance_u,21,0,9,8,"[129, 23, 0, 6, 19, 94, 108, 22, 74]","[23, 0, 6, 19, 94, 108, 22, 74]"
In-Distribution,10,exact_guidance_u,22,0,10,9,"[129, 23, 0, 6, 19, 94, 108, 123, 22, 74]","[23, 0, 6, 19, 94, 108, 123, 22, 74]"
In-Distribution,10,exact_guidance_u,23,0,11,10,"[129, 23, 0, 6, 19, 94, 108, 127, 123, 22, 74]","[23, 0, 6, 19, 94, 108, 127, 123, 22, 74]"
In-Distribution,10,exact_guidance_u,24,0,12,11,"[129, 23, 0, 6, 19, 94, 108, 127, 123, 22, 120, 74]","[23, 0, 6, 19, 94, 108, 127, 123, 22, 120, 74]"
In-Distribution,10,exact_guidance_u,25,0,12,11,"[129, 23, 0, 6, 19, 94, 108, 127, 123, 22, 120, 74]","[23, 0, 6, 19, 94, 108, 127, 123, 22, 120, 74]"
In-Distribution,10,exact_guidance_u,26,0,12,11,"[129, 23, 0, 6, 19, 94, 108, 127, 123, 22, 120, 74]","[23, 0, 6, 19, 94, 108, 127, 123, 22, 120, 74]"
In-Distribution,10,exact_guidance_u,27,0,13,12,"[129, 23, 0, 6, 19, 94, 108, 127, 123, 54, 22, 120, 74]","[23, 0, 6, 19, 94, 108, 127, 123, 54, 22, 120, 74]"
In-Distribution,10,exact_guidance_u,28,0,13,12,"[129, 23, 0, 6, 19, 94, 108, 127, 123, 54, 22, 120, 74]","[23, 0, 6, 19, 94, 108, 127, 123, 54, 22, 120, 74]"
In-Distribution,10,exact_guidance_u,29,0,13,12,"[129, 23, 0, 6, 19, 94, 108, 127, 123, 54, 22, 120, 74]","[23, 0, 6, 19, 94, 108, 127, 123, 54, 22, 120, 74]"
In-Distribution,10,exact_guidance_u,30,0,14,13,"[129, 23, 0, 6, 19, 94, 108, 127, 123, 54, 22, 127, 120, 74]","[23, 0, 6, 19, 94, 108, 127, 123, 54, 22, 127, 120, 74]"
In-Distribution,10,exact_guidance_u,31,0,14,13,"[129, 23, 0, 6, 19, 94, 108, 127, 123, 54, 22, 127, 120, 74]","[23, 0, 6, 19, 94, 108, 127, 123, 54, 22, 127, 120, 74]"
In-Distribution,10,exact_guidance_u,32,0,15,14,"[129, 23, 0, 6, 19, 94, 108, 127, 123, 54, 22, 113, 127, 120, 74]","[23, 0, 6, 19, 94, 108, 127, 123, 54, 22, 113, 127, 120, 74]"
In-Distribution,10,exact_guidance_u,33,0,15,14,"[129, 23, 0, 6, 19, 94, 108, 127, 123, 54, 22, 113, 127, 120, 74]","[23, 0, 6, 19, 94, 108, 127, 123, 54, 22, 113, 127, 120, 74]"
In-Distribution,10,exact_guidance_u,34,0,16,15,"[129, 23, 0, 6, 19, 94, 108, 127, 123, 54, 22, 113, 127, 120, 91, 74]","[23, 0, 6, 19, 94, 108, 127, 123, 54, 22, 113, 127, 120, 91, 74]"
In-Distribution,10,exact_guidance_u,35,0,17,16,"[129, 23, 0, 6, 19, 94, 108, 126, 127, 123, 54, 22, 113, 127, 120, 91, 74]","[23, 0, 6, 19, 94, 108, 126, 127, 123, 54, 22, 113, 127, 120, 91, 74]"
In-Distribution,10,exact_guidance_u,36,0,18,17,"[129, 23, 0, 0, 6, 19, 94, 108, 126, 127, 123, 54, 22, 113, 127, 120, 91, 74]","[23, 0, 0, 6, 19, 94, 108, 126, 127, 123, 54, 22, 113, 127, 120, 91, 74]"
In-Distribution,10,exact_guidance_u,37,0,18,17,"[129, 23, 0, 0, 6, 19, 94, 108, 126, 127, 123, 54, 22, 113, 127, 120, 91, 74]","[23, 0, 0, 6, 19, 94, 108, 126, 127, 123, 54, 22, 113, 127, 120, 91, 74]"
In-Distribution,10,exact_guidance_u,38,0,18,17,"[129, 23, 0, 0, 6, 19, 94, 108, 126, 127, 123, 54, 22, 113, 127, 120, 91, 74]","[23, 0, 0, 6, 19, 94, 108, 126, 127, 123, 54, 22, 113, 127, 120, 91, 74]"
In-Distribution,10,exact_guidance_u,39,0,18,17,"[129, 23, 0, 0, 6, 19, 94, 108, 126, 127, 123, 54, 22, 113, 127, 120, 91, 74]","[23, 0, 0, 6, 19, 94, 108, 126, 127, 123, 54, 22, 113, 127, 120, 91, 74]"
In-Distribution,10,exact_guidance_u,40,0,18,17,"[129, 23, 0, 0, 6, 19, 94, 108, 126, 127, 123, 54, 22, 113, 127, 120, 91, 74]","[23, 0, 0, 6, 19, 94, 108, 126, 127, 123, 54, 22, 113, 127, 120, 91, 74]"
In-Distribution,10,exact_guidance_u,41,0,19,18,"[129, 23, 0, 0, 6, 19, 34, 94, 108, 126, 127, 123, 54, 22, 113, 127, 120, 91, 74]","[23, 0, 0, 6, 19, 34, 94, 108, 126, 127, 123, 54, 22, 113, 127, 120, 91, 74]"
In-Distribution,10,exact_guidance_u,42,0,19,18,"[129, 23, 0, 0, 6, 19, 34, 94, 108, 126, 127, 123, 54, 22, 113, 127, 120, 91, 74]","[23, 0, 0, 6, 19, 34, 94, 108, 126, 127, 123, 54, 22, 113, 127, 120, 91, 74]"
In-Distribution,10,exact_guidance_u,43,0,19,18,"[129, 23, 0, 0, 6, 19, 34, 94, 108, 126, 127, 123, 54, 22, 113, 127, 120, 91, 74]","[23, 0, 0, 6, 19, 34, 94, 108, 126, 127, 123, 54, 22, 113, 127, 120, 91, 74]"
In-Distribution,10,exact_guidance_u,44,0,19,18,"[129, 23, 0, 0, 6, 19, 34, 94, 108, 126, 127, 123, 54, 22, 113, 127, 120, 91, 74]","[23, 0, 0, 6, 19, 34, 94, 108, 126, 127, 123, 54, 22, 113, 127, 120, 91, 74]"
In-Distribution,10,exact_guidance_u,45,0,20,19,"[129, 23, 0, 0, 6, 19, 34, 94, 108, 126, 127, 123, 54, 41, 22, 113, 127, 120, 91, 74]","[23, 0, 0, 6, 19, 34, 94, 108, 126, 127, 123, 54, 41, 22, 113, 127, 120, 91, 74]"
In-Distribution,10,exact_guidance_u,46,0,20,19,"[129, 23, 0, 0, 6, 19, 34, 94, 108, 126, 127, 123, 54, 41, 22, 113, 127, 120, 91, 74]","[23, 0, 0, 6, 19, 34, 94, 108, 126, 127, 123, 54, 41, 22, 113, 127, 120, 91, 74]"
In-Distribution,10,exact_guidance_u,47,0,22,21,"[129, 23, 0, 0, 6, 19, 34, 94, 108, 126, 127, 127, 123, 118, 54, 41, 22, 113, 127, 120, 91, 74]","[23, 0, 0, 6, 19, 34, 94, 108, 126, 127, 127, 123, 118, 54, 41, 22, 113, 127, 120, 91, 74]"
In-Distribution,10,exact_guidance_u,48,0,22,21,"[129, 23, 0, 0, 6, 19, 34, 94, 108, 126, 127, 127, 123, 118, 54, 41, 22, 113, 127, 120, 91, 74]","[23, 0, 0, 6, 19, 34, 94, 108, 126, 127, 127, 123, 118, 54, 41, 22, 113, 127, 120, 91, 74]"
In-Distribution,10,exact_guidance_u,49,0,23,22,"[129, 23, 0, 0, 6, 19, 34, 94, 108, 126, 127, 127, 123, 118, 54, 41, 42, 22, 113, 127, 120, 91, 74]","[23, 0, 0, 6, 19, 34, 94, 108, 126, 127, 127, 123, 118, 54, 41, 42, 22, 113, 127, 120, 91, 74]"
In-Distribution,10,exact_guidance_u,50,0,24,23,"[129, 23, 0, 0, 6, 19, 34, 94, 108, 126, 127, 127, 123, 118, 54, 41, 42, 22, 113, 127, 120, 124, 91, 74]","[23, 0, 0, 6, 19, 34, 94, 108, 126, 127, 127, 123, 118, 54, 41, 42, 22, 113, 127, 120, 124, 91, 74]"
In-Distribution,10,exact_guidance_u,51,0,24,23,"[129, 23, 0, 0, 6, 19, 34, 94, 108, 126, 127, 127, 123, 118, 54, 41, 42, 22, 113, 127, 120, 124, 91, 74]","[23, 0, 0, 6, 19, 34, 94, 108, 126, 127, 127, 123, 118, 54, 41, 42, 22, 113, 127, 120, 124, 91, 74]"
In-Distribution,10,exact_guidance_u,52,0,24,23,"[129, 23, 0, 0, 6, 19, 34, 94, 108, 126, 127, 127, 123, 118, 54, 41, 42, 22, 113, 127, 120, 124, 91, 74]","[23, 0, 0, 6, 19, 34, 94, 108, 126, 127, 127, 123, 118, 54, 41, 42, 22, 113, 127, 120, 124, 91, 74]"
In-Distribution,10,exact_guidance_u,53,0,24,23,"[129, 23, 0, 0, 6, 19, 34, 94, 108, 126, 127, 127, 123, 118, 54, 41, 42, 22, 113, 127, 120, 124, 91, 74]","[23, 0, 0, 6, 19, 34, 94, 108, 126, 127, 127, 123, 118, 54, 41, 42, 22, 113, 127, 120, 124, 91, 74]"
In-Distribution,10,exact_guidance_u,54,0,24,23,"[129, 23, 0, 0, 6, 19, 34, 94, 108, 126, 127, 127, 123, 118, 54, 41, 42, 22, 113, 127, 120, 124, 91, 74]","[23, 0, 0, 6, 19, 34, 94, 108, 126, 127, 127, 123, 118, 54, 41, 42, 22, 113, 127, 120, 124, 91, 74]"
In-Distribution,10,exact_guidance_u,55,0,24,23,"[129, 23, 0, 0, 6, 19, 34, 94, 108, 126, 127, 127, 123, 118, 54, 41, 42, 22, 113, 127, 120, 124, 91, 74]","[23, 0, 0, 6, 19, 34, 94, 108, 126, 127, 127, 123, 118, 54, 41, 42, 22, 113, 127, 120, 124, 91, 74]"
In-Distribution,10,exact_guidance_u,56,0,24,23,"[129, 23, 0, 0, 6, 19, 34, 94, 108, 126, 127, 127, 123, 118, 54, 41, 42, 22, 113, 127, 120, 124, 91, 74]","[23, 0, 0, 6, 19, 34, 94, 108, 126, 127, 127, 123, 118, 54, 41, 42, 22, 113, 127, 120, 124, 91, 74]"
In-Distribution,10,exact_guidance_u,57,0,25,24,"[129, 23, 0, 0, 6, 19, 34, 94, 108, 126, 127, 127, 123, 118, 54, 41, 42, 22, 56, 113, 127, 120, 124, 91, 74]","[23, 0, 0, 6, 19, 34, 94, 108, 126, 127, 127, 123, 118, 54, 41, 42, 22, 56, 113, 127, 120, 124, 91, 74]"
In-Distribution,10,exact_guidance_u,58,0,25,24,"[129, 23, 0, 0, 6, 19, 34, 94, 108, 126, 127, 127, 123, 118, 54, 41, 42, 22, 56, 113, 127, 120, 124, 91, 74]","[23, 0, 0, 6, 19, 34, 94, 108, 126, 127, 127, 123, 118, 54, 41, 42, 22, 56, 113, 127, 120, 124, 91, 74]"
In-Distribution,10,exact_guidance_u,59,0,25,24,"[129, 23, 0, 0, 6, 19, 34, 94, 108, 126, 127, 127, 123, 118, 54, 41, 42, 22, 56, 113, 127, 120, 124, 91, 74]","[23, 0, 0, 6, 19, 34, 94, 108, 126, 127, 127, 123, 118, 54, 41, 42, 22, 56, 113, 127, 120, 124, 91, 74]"
In-Distribution,10,exact_guidance_u,60,0,26,25,"[129, 23, 0, 0, 0, 6, 19, 34, 94, 108, 126, 127, 127, 123, 118, 54, 41, 42, 22, 56, 113, 127, 120, 124, 91, 74]","[23, 0, 0, 0, 6, 19, 34, 94, 108, 126, 127, 127, 123, 118, 54, 41, 42, 22, 56, 113, 127, 120, 124, 91, 74]"
In-Distribution,10,exact_guidance_u,61,0,27,26,"[129, 23, 0, 0, 0, 6, 19, 34, 94, 108, 126, 127, 127, 123, 118, 54, 41, 42, 22, 56, 113, 127, 70, 120, 124, 91, 74]","[23, 0, 0, 0, 6, 19, 34, 94, 108, 126, 127, 127, 123, 118, 54, 41, 42, 22, 56, 113, 127, 70, 120, 124, 91, 74]"
In-Distribution,10,exact_guidance_u,62,0,29,28,"[129, 23, 0, 0, 0, 6, 19, 34, 94, 108, 126, 127, 127, 123, 118, 54, 41, 42, 5, 22, 9, 56, 113, 127, 70, 120, 124, 91, 74]","[23, 0, 0, 0, 6, 19, 34, 94, 108, 126, 127, 127, 123, 118, 54, 41, 42, 5, 22, 9, 56, 113, 127, 70, 120, 124, 91, 74]"
In-Distribution,10,exact_guidance_u,63,0,29,28,"[129, 23, 0, 0, 0, 6, 19, 34, 94, 108, 126, 127, 127, 123, 118, 54, 41, 42, 5, 22, 9, 56, 113, 127, 70, 120, 124, 91, 74]","[23, 0, 0, 0, 6, 19, 34, 94, 108, 126, 127, 127, 123, 118, 54, 41, 42, 5, 22, 9, 56, 113, 127, 70, 120, 124, 91, 74]"
In-Distribution,10,exact_guidance_u,64,0,29,28,"[129, 23, 0, 0, 0, 6, 19, 34, 94, 108, 126, 127, 127, 123, 118, 54, 41, 42, 5, 22, 9, 56, 113, 127, 70, 120, 124, 91, 74]","[23, 0, 0, 0, 6, 19, 34, 94, 108, 126, 127, 127, 123, 118, 54, 41, 42, 5, 22, 9, 56, 113, 127, 70, 120, 124, 91, 74]"
In-Distribution,10,exact_guidance_u,65,0,29,28,"[129, 23, 0, 0, 0, 6, 19, 34, 94, 108, 126, 127, 127, 123, 118, 54, 41, 42, 5, 22, 9, 56, 113, 127, 70, 120, 124, 91, 74]","[23, 0, 0, 0, 6, 19, 34, 94, 108, 126, 127, 127, 123, 118, 54, 41, 42, 5, 22, 9, 56, 113, 127, 70, 120, 124, 91, 74]"
In-Distribution,10,exact_guidance_u,66,0,29,28,"[129, 23, 0, 0, 0, 6, 19, 34, 94, 108, 126, 127, 127, 123, 118, 54, 41, 42, 5, 22, 9, 56, 113, 127, 70, 120, 124, 91, 74]","[23, 0, 0, 0, 6, 19, 34, 94, 108, 126, 127, 127, 123, 118, 54, 41, 42, 5, 22, 9, 56, 113, 127, 70, 120, 124, 91, 74]"
In-Distribution,10,exact_guidance_u,67,0,30,29,"[129, 23, 0, 0, 0, 6, 19, 34, 94, 108, 126, 127, 127, 123, 118, 54, 41, 42, 5, 22, 9, 56, 113, 127, 70, 120, 124, 118, 91, 74]","[23, 0, 0, 0, 6, 19, 34, 94, 108, 126, 127, 127, 123, 118, 54, 41, 42, 5, 22, 9, 56, 113, 127, 70, 120, 124, 118, 91, 74]"
In-Distribution,10,exact_guidance_u,68,0,30,29,"[129, 23, 0, 0, 0, 6, 19, 34, 94, 108, 126, 127, 127, 123, 118, 54, 41, 42, 5, 22, 9, 56, 113, 127, 70, 120, 124, 118, 91, 74]","[23, 0, 0, 0, 6, 19, 34, 94, 108, 126, 127, 127, 123, 118, 54, 41, 42, 5, 22, 9, 56, 113, 127, 70, 120, 124, 118, 91, 74]"
In-Distribution,10,exact_guidance_u,69,0,30,29,"[129, 23, 0, 0, 0, 6, 19, 34, 94, 108, 126, 127, 127, 123, 118, 54, 41, 42, 5, 22, 9, 56, 113, 127, 70, 120, 124, 118, 91, 74]","[23, 0, 0, 0, 6, 19, 34, 94, 108, 126, 127, 127, 123, 118, 54, 41, 42, 5, 22, 9, 56, 113, 127, 70, 120, 124, 118, 91, 74]"
In-Distribution,10,exact_guidance_u,70,0,30,29,"[129, 23, 0, 0, 0, 6, 19, 34, 94, 108, 126, 127, 127, 123, 118, 54, 41, 42, 5, 22, 9, 56, 113, 127, 70, 120, 124, 118, 91, 74]","[23, 0, 0, 0, 6, 19, 34, 94, 108, 126, 127, 127, 123, 118, 54, 41, 42, 5, 22, 9, 56, 113, 127, 70, 120, 124, 118, 91, 74]"
In-Distribution,10,exact_guidance_u,71,0,30,29,"[129, 23, 0, 0, 0, 6, 19, 34, 94, 108, 126, 127, 127, 123, 118, 54, 41, 42, 5, 22, 9, 56, 113, 127, 70, 120, 124, 118, 91, 74]","[23, 0, 0, 0, 6, 19, 34, 94, 108, 126, 127, 127, 123, 118, 54, 41, 42, 5, 22, 9, 56, 113, 127, 70, 120, 124, 118, 91, 74]"
In-Distribution,10,exact_guidance_u,72,0,30,29,"[129, 23, 0, 0, 0, 6, 19, 34, 94, 108, 126, 127, 127, 123, 118, 54, 41, 42, 5, 22, 9, 56, 113, 127, 70, 120, 124, 118, 91, 74]","[23, 0, 0, 0, 6, 19, 34, 94, 108, 126, 127, 127, 123, 118, 54, 41, 42, 5, 22, 9, 56, 113, 127, 70, 120, 124, 118, 91, 74]"
In-Distribution,10,exact_guidance_u,73,0,30,29,"[129, 23, 0, 0, 0, 6, 19, 34, 94, 108, 126, 127, 127, 123, 118, 54, 41, 42, 5, 22, 9, 56, 113, 127, 70, 120, 124, 118, 91, 74]","[23, 0, 0, 0, 6, 19, 34, 94, 108, 126, 127, 127, 123, 118, 54, 41, 42, 5, 22, 9, 56, 113, 127, 70, 120, 124, 118, 91, 74]"
In-Distribution,10,exact_guidance_u,74,0,30,29,"[129, 23, 0, 0, 0, 6, 19, 34, 94, 108, 126, 127, 127, 123, 118, 54, 41, 42, 5, 22, 9, 56, 113, 127, 70, 120, 124, 118, 91, 74]","[23, 0, 0, 0, 6, 19, 34, 94, 108, 126, 127, 127, 123, 118, 54, 41, 42, 5, 22, 9, 56, 113, 127, 70, 120, 124, 118, 91, 74]"
In-Distribution,10,exact_guidance_u,75,0,30,29,"[129, 23, 0, 0, 0, 6, 19, 34, 94, 108, 126, 127, 127, 123, 118, 54, 41, 42, 5, 22, 9, 56, 113, 127, 70, 120, 124, 118, 91, 74]","[23, 0, 0, 0, 6, 19, 34, 94, 108, 126, 127, 127, 123, 118, 54, 41, 42, 5, 22, 9, 56, 113, 127, 70, 120, 124, 118, 91, 74]"
In-Distribution,10,exact_guidance_u,76,0,30,29,"[129, 23, 0, 0, 0, 6, 19, 34, 94, 108, 126, 127, 127, 123, 118, 54, 41, 42, 5, 22, 9, 56, 113, 127, 70, 120, 124, 118, 91, 74]","[23, 0, 0, 0, 6, 19, 34, 94, 108, 126, 127, 127, 123, 118, 54, 41, 42, 5, 22, 9, 56, 113, 127, 70, 120, 124, 118, 91, 74]"
In-Distribution,10,exact_guidance_u,77,0,31,30,"[129, 23, 0, 0, 0, 6, 19, 34, 94, 108, 126, 127, 127, 123, 116, 118, 54, 41, 42, 5, 22, 9, 56, 113, 127, 70, 120, 124, 118, 91, 74]","[23, 0, 0, 0, 6, 19, 34, 94, 108, 126, 127, 127, 123, 116, 118, 54, 41, 42, 5, 22, 9, 56, 113, 127, 70, 120, 124, 118, 91, 74]"
In-Distribution,10,exact_guidance_u,78,0,31,30,"[129, 23, 0, 0, 0, 6, 19, 34, 94, 108, 126, 127, 127, 123, 116, 118, 54, 41, 42, 5, 22, 9, 56, 113, 127, 70, 120, 124, 118, 91, 74]","[23, 0, 0, 0, 6, 19, 34, 94, 108, 126, 127, 127, 123, 116, 118, 54, 41, 42, 5, 22, 9, 56, 113, 127, 70, 120, 124, 118, 91, 74]"
In-Distribution,10,exact_guidance_u,79,0,31,30,"[129, 23, 0, 0, 0, 6, 19, 34, 94, 108, 126, 127, 127, 123, 116, 118, 54, 41, 42, 5, 22, 9, 56, 113, 127, 70, 120, 124, 118, 91, 74]","[23, 0, 0, 0, 6, 19, 34, 94, 108, 126, 127, 127, 123, 116, 118, 54, 41, 42, 5, 22, 9, 56, 113, 127, 70, 120, 124, 118, 91, 74]"
In-Distribution,10,exact_guidance_u,80,0,31,30,"[129, 23, 0, 0, 0, 6, 19, 34, 94, 108, 126, 127, 127, 123, 116, 118, 54, 41, 42, 5, 22, 9, 56, 113, 127, 70, 120, 124, 118, 91, 74]","[23, 0, 0, 0, 6, 19, 34, 94, 108, 126, 127, 127, 123, 116, 118, 54, 41, 42, 5, 22, 9, 56, 113, 127, 70, 120, 124, 118, 91, 74]"
In-Distribution,10,exact_guidance_u,81,0,31,30,"[129, 23, 0, 0, 0, 6, 19, 34, 94, 108, 126, 127, 127, 123, 116, 118, 54, 41, 42, 5, 22, 9, 56, 113, 127, 70, 120, 124, 118, 91, 74]","[23, 0, 0, 0, 6, 19, 34, 94, 108, 126, 127, 127, 123, 116, 118, 54, 41, 42, 5, 22, 9, 56, 113, 127, 70, 120, 124, 118, 91, 74]"
In-Distribution,10,exact_guidance_u,82,0,33,32,"[129, 23, 0, 0, 0, 6, 19, 34, 94, 108, 126, 127, 127, 123, 116, 118, 54, 41, 42, 5, 22, 9, 56, 113, 127, 59, 70, 127, 120, 124, 118, 91, 74]","[23, 0, 0, 0, 6, 19, 34, 94, 108, 126, 127, 127, 123, 116, 118, 54, 41, 42, 5, 22, 9, 56, 113, 127, 59, 70, 127, 120, 124, 118, 91, 74]"
In-Distribution,10,exact_guidance_u,83,0,33,32,"[129, 23, 0, 0, 0, 6, 19, 34, 94, 108, 126, 127, 127, 123, 116, 118, 54, 41, 42, 5, 22, 9, 56, 113, 127, 59, 70, 127, 120, 124, 118, 91, 74]","[23, 0, 0, 0, 6, 19, 34, 94, 108, 126, 127, 127, 123, 116, 118, 54, 41, 42, 5, 22, 9, 56, 113, 127, 59, 70, 127, 120, 124, 118, 91, 74]"
In-Distribution,10,exact_guidance_u,84,0,33,32,"[129, 23, 0, 0, 0, 6, 19, 34, 94, 108, 126, 127, 127, 123, 116, 118, 54, 41, 42, 5, 22, 9, 56, 113, 127, 59, 70, 127, 120, 124, 118, 91, 74]","[23, 0, 0, 0, 6, 19, 34, 94, 108, 126, 127, 127, 123, 116, 118, 54, 41, 42, 5, 22, 9, 56, 113, 127, 59, 70, 127, 120, 124, 118, 91, 74]"
In-Distribution,10,exact_guidance_u,85,0,33,32,"[129, 23, 0, 0, 0, 6, 19, 34, 94, 108, 126, 127, 127, 123, 116, 118, 54, 41, 42, 5, 22, 9, 56, 113, 127, 59, 70, 127, 120, 124, 118, 91, 74]","[23, 0, 0, 0, 6, 19, 34, 94, 108, 126, 127, 127, 123, 116, 118, 54, 41, 42, 5, 22, 9, 56, 113, 127, 59, 70, 127, 120, 124, 118, 91, 74]"
In-Distribution,10,exact_guidance_u,86,0,34,33,"[129, 23, 0, 0, 0, 6, 19, 34, 94, 108, 126, 127, 127, 123, 116, 118, 114, 54, 41, 42, 5, 22, 9, 56, 113, 127, 59, 70, 127, 120, 124, 118, 91, 74]","[23, 0, 0, 0, 6, 19, 34, 94, 108, 126, 127, 127, 123, 116, 118, 114, 54, 41, 42, 5, 22, 9, 56, 113, 127, 59, 70, 127, 120, 124, 118, 91, 74]"
In-Distribution,10,exact_guidance_u,87,0,34,33,"[129, 23, 0, 0, 0, 6, 19, 34, 94, 108, 126, 127, 127, 123, 116, 118, 114, 54, 41, 42, 5, 22, 9, 56, 113, 127, 59, 70, 127, 120, 124, 118, 91, 74]","[23, 0, 0, 0, 6, 19, 34, 94, 108, 126, 127, 127, 123, 116, 118, 114, 54, 41, 42, 5, 22, 9, 56, 113, 127, 59, 70, 127, 120, 124, 118, 91, 74]"
In-Distribution,10,exact_guidance_u,88,0,34,33,"[129, 23, 0, 0, 0, 6, 19, 34, 94, 108, 126, 127, 127, 123, 116, 118, 114, 54, 41, 42, 5, 22, 9, 56, 113, 127, 59, 70, 127, 120, 124, 118, 91, 74]","[23, 0, 0, 0, 6, 19, 34, 94, 108, 126, 127, 127, 123, 116, 118, 114, 54, 41, 42, 5, 22, 9, 56, 113, 127, 59, 70, 127, 120, 124, 118, 91, 74]"
In-Distribution,10,exact_guidance_u,89,0,34,33,"[129, 23, 0, 0, 0, 6, 19, 34, 94, 108, 126, 127, 127, 123, 116, 118, 114, 54, 41, 42, 5, 22, 9, 56, 113, 127, 59, 70, 127, 120, 124, 118, 91, 74]","[23, 0, 0, 0, 6, 19, 34, 94, 108, 126, 127, 127, 123, 116, 118, 114, 54, 41, 42, 5, 22, 9, 56, 113, 127, 59, 70, 127, 120, 124, 118, 91, 74]"
In-Distribution,10,exact_guidance_u,90,0,35,34,"[129, 23, 0, 0, 0, 6, 19, 34, 94, 108, 126, 127, 127, 123, 116, 118, 114, 54, 41, 42, 5, 22, 9, 56, 113, 127, 20, 59, 70, 127, 120, 124, 118, 91, 74]","[23, 0, 0, 0, 6, 19, 34, 94, 108, 126, 127, 127, 123, 116, 118, 114, 54, 41, 42, 5, 22, 9, 56, 113, 127, 20, 59, 70, 127, 120, 124, 118, 91, 74]"
In-Distribution,10,exact_guidance_u,91,0,36,35,"[129, 23, 0, 0, 0, 6, 19, 34, 94, 108, 126, 127, 127, 123, 116, 118, 114, 54, 41, 42, 5, 22, 9, 56, 113, 127, 20, 59, 70, 127, 120, 124, 118, 91, 74, 45]","[23, 0, 0, 0, 6, 19, 34, 94, 108, 126, 127, 127, 123, 116, 118, 114, 54, 41, 42, 5, 22, 9, 56, 113, 127, 20, 59, 70, 127, 120, 124, 118, 91, 74, 45]"
In-Distribution,10,exact_guidance_u,92,0,37,36,"[129, 23, 0, 0, 0, 6, 19, 34, 94, 108, 126, 127, 127, 123, 116, 118, 114, 54, 41, 42, 5, 22, 9, 56, 113, 127, 20, 59, 70, 94, 127, 120, 124, 118, 91, 74, 45]","[23, 0, 0, 0, 6, 19, 34, 94, 108, 126, 127, 127, 123, 116, 118, 114, 54, 41, 42, 5, 22, 9, 56, 113, 127, 20, 59, 70, 94, 127, 120, 124, 118, 91, 74, 45]"
In-Distribution,10,exact_guidance_u,93,0,38,37,"[129, 23, 0, 0, 0, 6, 19, 34, 94, 108, 126, 127, 127, 123, 116, 118, 114, 54, 41, 42, 5, 22, 9, 56, 113, 127, 108, 20, 59, 70, 94, 127, 120, 124, 118, 91, 74, 45]","[23, 0, 0, 0, 6, 19, 34, 94, 108, 126, 127, 127, 123, 116, 118, 114, 54, 41, 42, 5, 22, 9, 56, 113, 127, 108, 20, 59, 70, 94, 127, 120, 124, 118, 91, 74, 45]"
In-Distribution,10,exact_guidance_u,94,0,38,37,"[129, 23, 0, 0, 0, 6, 19, 34, 94, 108, 126, 127, 127, 123, 116, 118, 114, 54, 41, 42, 5, 22, 9, 56, 113, 127, 108, 20, 59, 70, 94, 127, 120, 124, 118, 91, 74, 45]","[23, 0, 0, 0, 6, 19, 34, 94, 108, 126, 127, 127, 123, 116, 118, 114, 54, 41, 42, 5, 22, 9, 56, 113, 127, 108, 20, 59, 70, 94, 127, 120, 124, 118, 91, 74, 45]"
In-Distribution,10,exact_guidance_u,95,0,38,37,"[129, 23, 0, 0, 0, 6, 19, 34, 94, 108, 126, 127, 127, 123, 116, 118, 114, 54, 41, 42, 5, 22, 9, 56, 113, 127, 108, 20, 59, 70, 94, 127, 120, 124, 118, 91, 74, 45]","[23, 0, 0, 0, 6, 19, 34, 94, 108, 126, 127, 127, 123, 116, 118, 114, 54, 41, 42, 5, 22, 9, 56, 113, 127, 108, 20, 59, 70, 94, 127, 120, 124, 118, 91, 74, 45]"
In-Distribution,10,exact_guidance_u,96,0,38,37,"[129, 23, 0, 0, 0, 6, 19, 34, 94, 108, 126, 127, 127, 123, 116, 118, 114, 54, 41, 42, 5, 22, 9, 56, 113, 127, 108, 20, 59, 70, 94, 127, 120, 124, 118, 91, 74, 45]","[23, 0, 0, 0, 6, 19, 34, 94, 108, 126, 127, 127, 123, 116, 118, 114, 54, 41, 42, 5, 22, 9, 56, 113, 127, 108, 20, 59, 70, 94, 127, 120, 124, 118, 91, 74, 45]"
In-Distribution,10,exact_guidance_u,97,0,38,37,"[129, 23, 0, 0, 0, 6, 19, 34, 94, 108, 126, 127, 127, 123, 116, 118, 114, 54, 41, 42, 5, 22, 9, 56, 113, 127, 108, 20, 59, 70, 94, 127, 120, 124, 118, 91, 74, 45]","[23, 0, 0, 0, 6, 19, 34, 94, 108, 126, 127, 127, 123, 116, 118, 114, 54, 41, 42, 5, 22, 9, 56, 113, 127, 108, 20, 59, 70, 94, 127, 120, 124, 118, 91, 74, 45]"
In-Distribution,10,exact_guidance_u,98,0,38,37,"[129, 23, 0, 0, 0, 6, 19, 34, 94, 108, 126, 127, 127, 123, 116, 118, 114, 54, 41, 42, 5, 22, 9, 56, 113, 127, 108, 20, 59, 70, 94, 127, 120, 124, 118, 91, 74, 45]","[23, 0, 0, 0, 6, 19, 34, 94, 108, 126, 127, 127, 123, 116, 118, 114, 54, 41, 42, 5, 22, 9, 56, 113, 127, 108, 20, 59, 70, 94, 127, 120, 124, 118, 91, 74, 45]"
In-Distribution,10,exact_guidance_u,99,0,38,37,"[129, 23, 0, 0, 0, 6, 19, 34, 94, 108, 126, 127, 127, 123, 116, 118, 114, 54, 41, 42, 5, 22, 9, 56, 113, 127, 108, 20, 59, 70, 94, 127, 120, 124, 118, 91, 74, 45]","[23, 0, 0, 0, 6, 19, 34, 94, 108, 126, 127, 127, 123, 116, 118, 114, 54, 41, 42, 5, 22, 9, 56, 113, 127, 108, 20, 59, 70, 94, 127, 120, 124, 118, 91, 74, 45]"
In-Distribution,10,exact_guidance_u,100,0,38,37,"[129, 23, 0, 0, 0, 6, 19, 34, 94, 108, 126, 127, 127, 123, 116, 118, 114, 54, 41, 42, 5, 22, 9, 56, 113, 127, 108, 20, 59, 70, 94, 127, 120, 124, 118, 91, 74, 45]","[23, 0, 0, 0, 6, 19, 34, 94, 108, 126, 127, 127, 123, 116, 118, 114, 54, 41, 42, 5, 22, 9, 56, 113, 127, 108, 20, 59, 70, 94, 127, 120, 124, 118, 91, 74, 45]"
In-Distribution,10,exact_guidance_u,101,0,38,37,"[129, 23, 0, 0, 0, 6, 19, 34, 94, 108, 126, 127, 127, 123, 116, 118, 114, 54, 41, 42, 5, 22, 9, 56, 113, 127, 108, 20, 59, 70, 94, 127, 120, 124, 118, 91, 74, 45]","[23, 0, 0, 0, 6, 19, 34, 94, 108, 126, 127, 127, 123, 116, 118, 114, 54, 41, 42, 5, 22, 9, 56, 113, 127, 108, 20, 59, 70, 94, 127, 120, 124, 118, 91, 74, 45]"
In-Distribution,10,exact_guidance_u,102,0,38,37,"[129, 23, 0, 0, 0, 6, 19, 34, 94, 108, 126, 127, 127, 123, 116, 118, 114, 54, 41, 42, 5, 22, 9, 56, 113, 127, 108, 20, 59, 70, 94, 127, 120, 124, 118, 91, 74, 45]","[23, 0, 0, 0, 6, 19, 34, 94, 108, 126, 127, 127, 123, 116, 118, 114, 54, 41, 42, 5, 22, 9, 56, 113, 127, 108, 20, 59, 70, 94, 127, 120, 124, 118, 91, 74, 45]"
In-Distribution,10,exact_guidance_u,103,0,38,37,"[129, 23, 0, 0, 0, 6, 19, 34, 94, 108, 126, 127, 127, 123, 116, 118, 114, 54, 41, 42, 5, 22, 9, 56, 113, 127, 108, 20, 59, 70, 94, 127, 120, 124, 118, 91, 74, 45]","[23, 0, 0, 0, 6, 19, 34, 94, 108, 126, 127, 127, 123, 116, 118, 114, 54, 41, 42, 5, 22, 9, 56, 113, 127, 108, 20, 59, 70, 94, 127, 120, 124, 118, 91, 74, 45]"
In-Distribution,10,exact_guidance_u,104,0,38,37,"[129, 23, 0, 0, 0, 6, 19, 34, 94, 108, 126, 127, 127, 123, 116, 118, 114, 54, 41, 42, 5, 22, 9, 56, 113, 127, 108, 20, 59, 70, 94, 127, 120, 124, 118, 91, 74, 45]","[23, 0, 0, 0, 6, 19, 34, 94, 108, 126, 127, 127, 123, 116, 118, 114, 54, 41, 42, 5, 22, 9, 56, 113, 127, 108, 20, 59, 70, 94, 127, 120, 124, 118, 91, 74, 45]"
In-Distribution,10,exact_guidance_u,105,0,38,37,"[129, 23, 0, 0, 0, 6, 19, 34, 94, 108, 126, 127, 127, 123, 116, 118, 114, 54, 41, 42, 5, 22, 9, 56, 113, 127, 108, 20, 59, 70, 94, 127, 120, 124, 118, 91, 74, 45]","[23, 0, 0, 0, 6, 19, 34, 94, 108, 126, 127, 127, 123, 116, 118, 114, 54, 41, 42, 5, 22, 9, 56, 113, 127, 108, 20, 59, 70, 94, 127, 120, 124, 118, 91, 74, 45]"
In-Distribution,10,exact_guidance_u,106,0,39,38,"[129, 23, 0, 0, 0, 6, 19, 34, 94, 108, 126, 127, 127, 123, 116, 118, 114, 54, 41, 42, 5, 22, 9, 56, 113, 127, 108, 20, 59, 70, 86, 94, 127, 120, 124, 118, 91, 74, 45]","[23, 0, 0, 0, 6, 19, 34, 94, 108, 126, 127, 127, 123, 116, 118, 114, 54, 41, 42, 5, 22, 9, 56, 113, 127, 108, 20, 59, 70, 86, 94, 127, 120, 124, 118, 91, 74, 45]"
In-Distribution,10,exact_guidance_u,107,0,39,38,"[129, 23, 0, 0, 0, 6, 19, 34, 94, 108, 126, 127, 127, 123, 116, 118, 114, 54, 41, 42, 5, 22, 9, 56, 113, 127, 108, 20, 59, 70, 86, 94, 127, 120, 124, 118, 91, 74, 45]","[23, 0, 0, 0, 6, 19, 34, 94, 108, 126, 127, 127, 123, 116, 118, 114, 54, 41, 42, 5, 22, 9, 56, 113, 127, 108, 20, 59, 70, 86, 94, 127, 120, 124, 118, 91, 74, 45]"
In-Distribution,10,exact_guidance_u,108,0,39,38,"[129, 23, 0, 0, 0, 6, 19, 34, 94, 108, 126, 127, 127, 123, 116, 118, 114, 54, 41, 42, 5, 22, 9, 56, 113, 127, 108, 20, 59, 70, 86, 94, 127, 120, 124, 118, 91, 74, 45]","[23, 0, 0, 0, 6, 19, 34, 94, 108, 126, 127, 127, 123, 116, 118, 114, 54, 41, 42, 5, 22, 9, 56, 113, 127, 108, 20, 59, 70, 86, 94, 127, 120, 124, 118, 91, 74, 45]"
In-Distribution,10,exact_guidance_u,109,0,39,38,"[129, 23, 0, 0, 0, 6, 19, 34, 94, 108, 126, 127, 127, 123, 116, 118, 114, 54, 41, 42, 5, 22, 9, 56, 113, 127, 108, 20, 59, 70, 86, 94, 127, 120, 124, 118, 91, 74, 45]","[23, 0, 0, 0, 6, 19, 34, 94, 108, 126, 127, 127, 123, 116, 118, 114, 54, 41, 42, 5, 22, 9, 56, 113, 127, 108, 20, 59, 70, 86, 94, 127, 120, 124, 118, 91, 74, 45]"
In-Distribution,10,exact_guidance_u,110,0,40,39,"[129, 23, 0, 0, 0, 6, 19, 34, 94, 108, 126, 127, 127, 123, 116, 118, 114, 54, 41, 42, 5, 22, 9, 56, 113, 127, 108, 20, 5, 59, 70, 86, 94, 127, 120, 124, 118, 91, 74, 45]","[23, 0, 0, 0, 6, 19, 34, 94, 108, 126, 127, 127, 123, 116, 118, 114, 54, 41, 42, 5, 22, 9, 56, 113, 127, 108, 20, 5, 59, 70, 86, 94, 127, 120, 124, 118, 91, 74, 45]"
In-Distribution,10,exact_guidance_u,111,0,40,39,"[129, 23, 0, 0, 0, 6, 19, 34, 94, 108, 126, 127, 127, 123, 116, 118, 114, 54, 41, 42, 5, 22, 9, 56, 113, 127, 108, 20, 5, 59, 70, 86, 94, 127, 120, 124, 118, 91, 74, 45]","[23, 0, 0, 0, 6, 19, 34, 94, 108, 126, 127, 127, 123, 116, 118, 114, 54, 41, 42, 5, 22, 9, 56, 113, 127, 108, 20, 5, 59, 70, 86, 94, 127, 120, 124, 118, 91, 74, 45]"
In-Distribution,10,exact_guidance_u,112,0,41,40,"[129, 23, 0, 0, 0, 6, 19, 34, 94, 108, 126, 127, 127, 123, 116, 118, 114, 54, 41, 42, 5, 22, 9, 56, 113, 127, 108, 32, 20, 5, 59, 70, 86, 94, 127, 120, 124, 118, 91, 74, 45]","[23, 0, 0, 0, 6, 19, 34, 94, 108, 126, 127, 127, 123, 116, 118, 114, 54, 41, 42, 5, 22, 9, 56, 113, 127, 108, 32, 20, 5, 59, 70, 86, 94, 127, 120, 124, 118, 91, 74, 45]"
In-Distribution,10,exact_guidance_u,113,0,41,40,"[129, 23, 0, 0, 0, 6, 19, 34, 94, 108, 126, 127, 127, 123, 116, 118, 114, 54, 41, 42, 5, 22, 9, 56, 113, 127, 108, 32, 20, 5, 59, 70, 86, 94, 127, 120, 124, 118, 91, 74, 45]","[23, 0, 0, 0, 6, 19, 34, 94, 108, 126, 127, 127, 123, 116, 118, 114, 54, 41, 42, 5, 22, 9, 56, 113, 127, 108, 32, 20, 5, 59, 70, 86, 94, 127, 120, 124, 118, 91, 74, 45]"
In-Distribution,10,exact_guidance_u,114,0,41,40,"[129, 23, 0, 0, 0, 6, 19, 34, 94, 108, 126, 127, 127, 123, 116, 118, 114, 54, 41, 42, 5, 22, 9, 56, 113, 127, 108, 32, 20, 5, 59, 70, 86, 94, 127, 120, 124, 118, 91, 74, 45]","[23, 0, 0, 0, 6, 19, 34, 94, 108, 126, 127, 127, 123, 116, 118, 114, 54, 41, 42, 5, 22, 9, 56, 113, 127, 108, 32, 20, 5, 59, 70, 86, 94, 127, 120, 124, 118, 91, 74, 45]"
In-Distribution,10,exact_guidance_u,115,0,41,40,"[129, 23, 0, 0, 0, 6, 19, 34, 94, 108, 126, 127, 127, 123, 116, 118, 114, 54, 41, 42, 5, 22, 9, 56, 113, 127, 108, 32, 20, 5, 59, 70, 86, 94, 127, 120, 124, 118, 91, 74, 45]","[23, 0, 0, 0, 6, 19, 34, 94, 108, 126, 127, 127, 123, 116, 118, 114, 54, 41, 42, 5, 22, 9, 56, 113, 127, 108, 32, 20, 5, 59, 70, 86, 94, 127, 120, 124, 118, 91, 74, 45]"
In-Distribution,10,exact_guidance_u,116,0,41,40,"[129, 23, 0, 0, 0, 6, 19, 34, 94, 108, 126, 127, 127, 123, 116, 118, 114, 54, 41, 42, 5, 22, 9, 56, 113, 127, 108, 32, 20, 5, 59, 70, 86, 94, 127, 120, 124, 118, 91, 74, 45]","[23, 0, 0, 0, 6, 19, 34, 94, 108, 126, 127, 127, 123, 116, 118, 114, 54, 41, 42, 5, 22, 9, 56, 113, 127, 108, 32, 20, 5, 59, 70, 86, 94, 127, 120, 124, 118, 91, 74, 45]"
In-Distribution,10,exact_guidance_u,117,0,41,40,"[129, 23, 0, 0, 0, 6, 19, 34, 94, 108, 126, 127, 127, 123, 116, 118, 114, 54, 41, 42, 5, 22, 9, 56, 113, 127, 108, 32, 20, 5, 59, 70, 86, 94, 127, 120, 124, 118, 91, 74, 45]","[23, 0, 0, 0, 6, 19, 34, 94, 108, 126, 127, 127, 123, 116, 118, 114, 54, 41, 42, 5, 22, 9, 56, 113, 127, 108, 32, 20, 5, 59, 70, 86, 94, 127, 120, 124, 118, 91, 74, 45]"
In-Distribution,10,exact_guidance_u,118,0,41,40,"[129, 23, 0, 0, 0, 6, 19, 34, 94, 108, 126, 127, 127, 123, 116, 118, 114, 54, 41, 42, 5, 22, 9, 56, 113, 127, 108, 32, 20, 5, 59, 70, 86, 94, 127, 120, 124, 118, 91, 74, 45]","[23, 0, 0, 0, 6, 19, 34, 94, 108, 126, 127, 127, 123, 116, 118, 114, 54, 41, 42, 5, 22, 9, 56, 113, 127, 108, 32, 20, 5, 59, 70, 86, 94, 127, 120, 124, 118, 91, 74, 45]"
In-Distribution,10,exact_guidance_u,119,0,41,40,"[129, 23, 0, 0, 0, 6, 19, 34, 94, 108, 126, 127, 127, 123, 116, 118, 114, 54, 41, 42, 5, 22, 9, 56, 113, 127, 108, 32, 20, 5, 59, 70, 86, 94, 127, 120, 124, 118, 91, 74, 45]","[23, 0, 0, 0, 6, 19, 34, 94, 108, 126, 127, 127, 123, 116, 118, 114, 54, 41, 42, 5, 22, 9, 56, 113, 127, 108, 32, 20, 5, 59, 70, 86, 94, 127, 120, 124, 118, 91, 74, 45]"
In-Distribution,10,exact_guidance_u,120,0,41,40,"[129, 23, 0, 0, 0, 6, 19, 34, 94, 108, 126, 127, 127, 123, 116, 118, 114, 54, 41, 42, 5, 22, 9, 56, 113, 127, 108, 32, 20, 5, 59, 70, 86, 94, 127, 120, 124, 118, 91, 74, 45]","[23, 0, 0, 0, 6, 19, 34, 94, 108, 126, 127, 127, 123, 116, 118, 114, 54, 41, 42, 5, 22, 9, 56, 113, 127, 108, 32, 20, 5, 59, 70, 86, 94, 127, 120, 124, 118, 91, 74, 45]"
In-Distribution,10,exact_guidance_u,121,0,41,40,"[129, 23, 0, 0, 0, 6, 19, 34, 94, 108, 126, 127, 127, 123, 116, 118, 114, 54, 41, 42, 5, 22, 9, 56, 113, 127, 108, 32, 20, 5, 59, 70, 86, 94, 127, 120, 124, 118, 91, 74, 45]","[23, 0, 0, 0, 6, 19, 34, 94, 108, 126, 127, 127, 123, 116, 118, 114, 54, 41, 42, 5, 22, 9, 56, 113, 127, 108, 32, 20, 5, 59, 70, 86, 94, 127, 120, 124, 118, 91, 74, 45]"
In-Distribution,10,exact_guidance_u,122,0,41,40,"[129, 23, 0, 0, 0, 6, 19, 34, 94, 108, 126, 127, 127, 123, 116, 118, 114, 54, 41, 42, 5, 22, 9, 56, 113, 127, 108, 32, 20, 5, 59, 70, 86, 94, 127, 120, 124, 118, 91, 74, 45]","[23, 0, 0, 0, 6, 19, 34, 94, 108, 126, 127, 127, 123, 116, 118, 114, 54, 41, 42, 5, 22, 9, 56, 113, 127, 108, 32, 20, 5, 59, 70, 86, 94, 127, 120, 124, 118, 91, 74, 45]"
In-Distribution,10,exact_guidance_u,123,0,41,40,"[129, 23, 0, 0, 0, 6, 19, 34, 94, 108, 126, 127, 127, 123, 116, 118, 114, 54, 41, 42, 5, 22, 9, 56, 113, 127, 108, 32, 20, 5, 59, 70, 86, 94, 127, 120, 124, 118, 91, 74, 45]","[23, 0, 0, 0, 6, 19, 34, 94, 108, 126, 127, 127, 123, 116, 118, 114, 54, 41, 42, 5, 22, 9, 56, 113, 127, 108, 32, 20, 5, 59, 70, 86, 94, 127, 120, 124, 118, 91, 74, 45]"
In-Distribution,10,exact_guidance_u,124,0,42,41,"[129, 23, 0, 0, 0, 6, 19, 34, 94, 108, 126, 127, 127, 123, 116, 118, 114, 54, 41, 42, 5, 22, 9, 36, 56, 113, 127, 108, 32, 20, 5, 59, 70, 86, 94, 127, 120, 124, 118, 91, 74, 45]","[23, 0, 0, 0, 6, 19, 34, 94, 108, 126, 127, 127, 123, 116, 118, 114, 54, 41, 42, 5, 22, 9, 36, 56, 113, 127, 108, 32, 20, 5, 59, 70, 86, 94, 127, 120, 124, 118, 91, 74, 45]"
In-Distribution,10,exact_guidance_u,125,0,42,41,"[129, 23, 0, 0, 0, 6, 19, 34, 94, 108, 126, 127, 127, 123, 116, 118, 114, 54, 41, 42, 5, 22, 9, 36, 56, 113, 127, 108, 32, 20, 5, 59, 70, 86, 94, 127, 120, 124, 118, 91, 74, 45]","[23, 0, 0, 0, 6, 19, 34, 94, 108, 126, 127, 127, 123, 116, 118, 114, 54, 41, 42, 5, 22, 9, 36, 56, 113, 127, 108, 32, 20, 5, 59, 70, 86, 94, 127, 120, 124, 118, 91, 74, 45]"
In-Distribution,10,exact_guidance_u,126,0,42,41,"[129, 23, 0, 0, 0, 6, 19, 34, 94, 108, 126, 127, 127, 123, 116, 118, 114, 54, 41, 42, 5, 22, 9, 36, 56, 113, 127, 108, 32, 20, 5, 59, 70, 86, 94, 127, 120, 124, 118, 91, 74, 45]","[23, 0, 0, 0, 6, 19, 34, 94, 108, 126, 127, 127, 123, 116, 118, 114, 54, 41, 42, 5, 22, 9, 36, 56, 113, 127, 108, 32, 20, 5, 59, 70, 86, 94, 127, 120, 124, 118, 91, 74, 45]"
In-Distribution,10,exact_guidance_u,127,0,43,42,"[129, 23, 0, 0, 0, 6, 12, 19, 34, 94, 108, 126, 127, 127, 123, 116, 118, 114, 54, 41, 42, 5, 22, 9, 36, 56, 113, 127, 108, 32, 20, 5, 59, 70, 86, 94, 127, 120, 124, 118, 91, 74, 45]","[23, 0, 0, 0, 6, 12, 19, 34, 94, 108, 126, 127, 127, 123, 116, 118, 114, 54, 41, 42, 5, 22, 9, 36, 56, 113, 127, 108, 32, 20, 5, 59, 70, 86, 94, 127, 120, 124, 118, 91, 74, 45]"
In-Distribution,10,exact_guidance_u,128,0,43,42,"[129, 23, 0, 0, 0, 6, 12, 19, 34, 94, 108, 126, 127, 127, 123, 116, 118, 114, 54, 41, 42, 5, 22, 9, 36, 56, 113, 127, 108, 32, 20, 5, 59, 70, 86, 94, 127, 120, 124, 118, 91, 74, 45]","[23, 0, 0, 0, 6, 12, 19, 34, 94, 108, 126, 127, 127, 123, 116, 118, 114, 54, 41, 42, 5, 22, 9, 36, 56, 113, 127, 108, 32, 20, 5, 59, 70, 86, 94, 127, 120, 124, 118, 91, 74, 45]"
In-Distribution,10,exact_guidance_u,129,0,43,42,"[129, 23, 0, 0, 0, 6, 12, 19, 34, 94, 108, 126, 127, 127, 123, 116, 118, 114, 54, 41, 42, 5, 22, 9, 36, 56, 113, 127, 108, 32, 20, 5, 59, 70, 86, 94, 127, 120, 124, 118, 91, 74, 45]","[23, 0, 0, 0, 6, 12, 19, 34, 94, 108, 126, 127, 127, 123, 116, 118, 114, 54, 41, 42, 5, 22, 9, 36, 56, 113, 127, 108, 32, 20, 5, 59, 70, 86, 94, 127, 120, 124, 118, 91, 74, 45]"
In-Distribution,10,exact_guidance_u,130,0,44,43,"[129, 23, 0, 0, 0, 6, 12, 19, 34, 94, 108, 126, 127, 127, 123, 116, 118, 114, 54, 41, 42, 8, 5, 22, 9, 36, 56, 113, 127, 108, 32, 20, 5, 59, 70, 86, 94, 127, 120, 124, 118, 91, 74, 45]","[23, 0, 0, 0, 6, 12, 19, 34, 94, 108, 126, 127, 127, 123, 116, 118, 114, 54, 41, 42, 8, 5, 22, 9, 36, 56, 113, 127, 108, 32, 20, 5, 59, 70, 86, 94, 127, 120, 124, 118, 91, 74, 45]"
In-Distribution,10,exact_guidance_u,131,0,45,44,"[129, 23, 0, 0, 0, 6, 12, 19, 34, 94, 108, 126, 127, 127, 123, 116, 118, 114, 79, 54, 41, 42, 8, 5, 22, 9, 36, 56, 113, 127, 108, 32, 20, 5, 59, 70, 86, 94, 127, 120, 124, 118, 91, 74, 45]","[23, 0, 0, 0, 6, 12, 19, 34, 94, 108, 126, 127, 127, 123, 116, 118, 114, 79, 54, 41, 42, 8, 5, 22, 9, 36, 56, 113, 127, 108, 32, 20, 5, 59, 70, 86, 94, 127, 120, 124, 118, 91, 74, 45]"
In-Distribution,10,exact_guidance_u,132,0,45,44,"[129, 23, 0, 0, 0, 6, 12, 19, 34, 94, 108, 126, 127, 127, 123, 116, 118, 114, 79, 54, 41, 42, 8, 5, 22, 9, 36, 56, 113, 127, 108, 32, 20, 5, 59, 70, 86, 94, 127, 120, 124, 118, 91, 74, 45]","[23, 0, 0, 0, 6, 12, 19, 34, 94, 108, 126, 127, 127, 123, 116, 118, 114, 79, 54, 41, 42, 8, 5, 22, 9, 36, 56, 113, 127, 108, 32, 20, 5, 59, 70, 86, 94, 127, 120, 124, 118, 91, 74, 45]"
In-Distribution,10,exact_guidance_u,133,0,45,44,"[129, 23, 0, 0, 0, 6, 12, 19, 34, 94, 108, 126, 127, 127, 123, 116, 118, 114, 79, 54, 41, 42, 8, 5, 22, 9, 36, 56, 113, 127, 108, 32, 20, 5, 59, 70, 86, 94, 127, 120, 124, 118, 91, 74, 45]","[23, 0, 0, 0, 6, 12, 19, 34, 94, 108, 126, 127, 127, 123, 116, 118, 114, 79, 54, 41, 42, 8, 5, 22, 9, 36, 56, 113, 127, 108, 32, 20, 5, 59, 70, 86, 94, 127, 120, 124, 118, 91, 74, 45]"
In-Distribution,10,exact_guidance_u,134,0,46,45,"[129, 23, 0, 0, 0, 6, 12, 19, 34, 94, 108, 126, 127, 127, 123, 116, 118, 114, 79, 54, 41, 42, 8, 5, 22, 9, 36, 56, 113, 127, 108, 32, 20, 5, 57, 59, 70, 86, 94, 127, 120, 124, 118, 91, 74, 45]","[23, 0, 0, 0, 6, 12, 19, 34, 94, 108, 126, 127, 127, 123, 116, 118, 114, 79, 54, 41, 42, 8, 5, 22, 9, 36, 56, 113, 127, 108, 32, 20, 5, 57, 59, 70, 86, 94, 127, 120, 124, 118, 91, 74, 45]"
In-Distribution,10,exact_guidance_u,135,0,46,45,"[129, 23, 0, 0, 0, 6, 12, 19, 34, 94, 108, 126, 127, 127, 123, 116, 118, 114, 79, 54, 41, 42, 8, 5, 22, 9, 36, 56, 113, 127, 108, 32, 20, 5, 57, 59, 70, 86, 94, 127, 120, 124, 118, 91, 74, 45]","[23, 0, 0, 0, 6, 12, 19, 34, 94, 108, 126, 127, 127, 123, 116, 118, 114, 79, 54, 41, 42, 8, 5, 22, 9, 36, 56, 113, 127, 108, 32, 20, 5, 57, 59, 70, 86, 94, 127, 120, 124, 118, 91, 74, 45]"
In-Distribution,10,exact_guidance_u,136,0,46,45,"[129, 23, 0, 0, 0, 6, 12, 19, 34, 94, 108, 126, 127, 127, 123, 116, 118, 114, 79, 54, 41, 42, 8, 5, 22, 9, 36, 56, 113, 127, 108, 32, 20, 5, 57, 59, 70, 86, 94, 127, 120, 124, 118, 91, 74, 45]","[23, 0, 0, 0, 6, 12, 19, 34, 94, 108, 126, 127, 127, 123, 116, 118, 114, 79, 54, 41, 42, 8, 5, 22, 9, 36, 56, 113, 127, 108, 32, 20, 5, 57, 59, 70, 86, 94, 127, 120, 124, 118, 91, 74, 45]"
In-Distribution,10,exact_guidance_u,137,0,46,45,"[129, 23, 0, 0, 0, 6, 12, 19, 34, 94, 108, 126, 127, 127, 123, 116, 118, 114, 79, 54, 41, 42, 8, 5, 22, 9, 36, 56, 113, 127, 108, 32, 20, 5, 57, 59, 70, 86, 94, 127, 120, 124, 118, 91, 74, 45]","[23, 0, 0, 0, 6, 12, 19, 34, 94, 108, 126, 127, 127, 123, 116, 118, 114, 79, 54, 41, 42, 8, 5, 22, 9, 36, 56, 113, 127, 108, 32, 20, 5, 57, 59, 70, 86, 94, 127, 120, 124, 118, 91, 74, 45]"
In-Distribution,10,exact_guidance_u,138,0,46,45,"[129, 23, 0, 0, 0, 6, 12, 19, 34, 94, 108, 126, 127, 127, 123, 116, 118, 114, 79, 54, 41, 42, 8, 5, 22, 9, 36, 56, 113, 127, 108, 32, 20, 5, 57, 59, 70, 86, 94, 127, 120, 124, 118, 91, 74, 45]","[23, 0, 0, 0, 6, 12, 19, 34, 94, 108, 126, 127, 127, 123, 116, 118, 114, 79, 54, 41, 42, 8, 5, 22, 9, 36, 56, 113, 127, 108, 32, 20, 5, 57, 59, 70, 86, 94, 127, 120, 124, 118, 91, 74, 45]"
In-Distribution,10,exact_guidance_u,139,0,46,45,"[129, 23, 0, 0, 0, 6, 12, 19, 34, 94, 108, 126, 127, 127, 123, 116, 118, 114, 79, 54, 41, 42, 8, 5, 22, 9, 36, 56, 113, 127, 108, 32, 20, 5, 57, 59, 70, 86, 94, 127, 120, 124, 118, 91, 74, 45]","[23, 0, 0, 0, 6, 12, 19, 34, 94, 108, 126, 127, 127, 123, 116, 118, 114, 79, 54, 41, 42, 8, 5, 22, 9, 36, 56, 113, 127, 108, 32, 20, 5, 57, 59, 70, 86, 94, 127, 120, 124, 118, 91, 74, 45]"
In-Distribution,10,exact_guidance_u,140,0,46,45,"[129, 23, 0, 0, 0, 6, 12, 19, 34, 94, 108, 126, 127, 127, 123, 116, 118, 114, 79, 54, 41, 42, 8, 5, 22, 9, 36, 56, 113, 127, 108, 32, 20, 5, 57, 59, 70, 86, 94, 127, 120, 124, 118, 91, 74, 45]","[23, 0, 0, 0, 6, 12, 19, 34, 94, 108, 126, 127, 127, 123, 116, 118, 114, 79, 54, 41, 42, 8, 5, 22, 9, 36, 56, 113, 127, 108, 32, 20, 5, 57, 59, 70, 86, 94, 127, 120, 124, 118, 91, 74, 45]"
In-Distribution,10,exact_guidance_u,141,0,46,45,"[129, 23, 0, 0, 0, 6, 12, 19, 34, 94, 108, 126, 127, 127, 123, 116, 118, 114, 79, 54, 41, 42, 8, 5, 22, 9, 36, 56, 113, 127, 108, 32, 20, 5, 57, 59, 70, 86, 94, 127, 120, 124, 118, 91, 74, 45]","[23, 0, 0, 0, 6, 12, 19, 34, 94, 108, 126, 127, 127, 123, 116, 118, 114, 79, 54, 41, 42, 8, 5, 22, 9, 36, 56, 113, 127, 108, 32, 20, 5, 57, 59, 70, 86, 94, 127, 120, 124, 118, 91, 74, 45]"
In-Distribution,10,exact_guidance_u,142,0,47,46,"[129, 23, 0, 0, 0, 6, 12, 19, 34, 94, 108, 126, 127, 127, 123, 116, 118, 114, 79, 54, 41, 42, 8, 5, 22, 9, 36, 56, 113, 127, 108, 32, 20, 5, 57, 59, 70, 86, 94, 127, 120, 125, 124, 118, 91, 74, 45]","[23, 0, 0, 0, 6, 12, 19, 34, 94, 108, 126, 127, 127, 123, 116, 118, 114, 79, 54, 41, 42, 8, 5, 22, 9, 36, 56, 113, 127, 108, 32, 20, 5, 57, 59, 70, 86, 94, 127, 120, 125, 124, 118, 91, 74, 45]"
In-Distribution,10,exact_guidance_u,143,0,48,47,"[129, 23, 0, 0, 0, 6, 12, 19, 34, 94, 108, 126, 127, 127, 123, 116, 118, 114, 79, 54, 41, 42, 8, 5, 22, 9, 36, 56, 113, 127, 108, 32, 20, 15, 5, 57, 59, 70, 86, 94, 127, 120, 125, 124, 118, 91, 74, 45]","[23, 0, 0, 0, 6, 12, 19, 34, 94, 108, 126, 127, 127, 123, 116, 118, 114, 79, 54, 41, 42, 8, 5, 22, 9, 36, 56, 113, 127, 108, 32, 20, 15, 5, 57, 59, 70, 86, 94, 127, 120, 125, 124, 118, 91, 74, 45]"
In-Distribution,10,exact_guidance_u,144,0,48,47,"[129, 23, 0, 0, 0, 6, 12, 19, 34, 94, 108, 126, 127, 127, 123, 116, 118, 114, 79, 54, 41, 42, 8, 5, 22, 9, 36, 56, 113, 127, 108, 32, 20, 15, 5, 57, 59, 70, 86, 94, 127, 120, 125, 124, 118, 91, 74, 45]","[23, 0, 0, 0, 6, 12, 19, 34, 94, 108, 126, 127, 127, 123, 116, 118, 114, 79, 54, 41, 42, 8, 5, 22, 9, 36, 56, 113, 127, 108, 32, 20, 15, 5, 57, 59, 70, 86, 94, 127, 120, 125, 124, 118, 91, 74, 45]"
In-Distribution,10,exact_guidance_u,145,0,48,47,"[129, 23, 0, 0, 0, 6, 12, 19, 34, 94, 108, 126, 127, 127, 123, 116, 118, 114, 79, 54, 41, 42, 8, 5, 22, 9, 36, 56, 113, 127, 108, 32, 20, 15, 5, 57, 59, 70, 86, 94, 127, 120, 125, 124, 118, 91, 74, 45]","[23, 0, 0, 0, 6, 12, 19, 34, 94, 108, 126, 127, 127, 123, 116, 118, 114, 79, 54, 41, 42, 8, 5, 22, 9, 36, 56, 113, 127, 108, 32, 20, 15, 5, 57, 59, 70, 86, 94, 127, 120, 125, 124, 118, 91, 74, 45]"
In-Distribution,10,exact_guidance_u,146,0,48,47,"[129, 23, 0, 0, 0, 6, 12, 19, 34, 94, 108, 126, 127, 127, 123, 116, 118, 114, 79, 54, 41, 42, 8, 5, 22, 9, 36, 56, 113, 127, 108, 32, 20, 15, 5, 57, 59, 70, 86, 94, 127, 120, 125, 124, 118, 91, 74, 45]","[23, 0, 0, 0, 6, 12, 19, 34, 94, 108, 126, 127, 127, 123, 116, 118, 114, 79, 54, 41, 42, 8, 5, 22, 9, 36, 56, 113, 127, 108, 32, 20, 15, 5, 57, 59, 70, 86, 94, 127, 120, 125, 124, 118, 91, 74, 45]"
In-Distribution,10,exact_guidance_u,147,0,48,47,"[129, 23, 0, 0, 0, 6, 12, 19, 34, 94, 108, 126, 127, 127, 123, 116, 118, 114, 79, 54, 41, 42, 8, 5, 22, 9, 36, 56, 113, 127, 108, 32, 20, 15, 5, 57, 59, 70, 86, 94, 127, 120, 125, 124, 118, 91, 74, 45]","[23, 0, 0, 0, 6, 12, 19, 34, 94, 108, 126, 127, 127, 123, 116, 118, 114, 79, 54, 41, 42, 8, 5, 22, 9, 36, 56, 113, 127, 108, 32, 20, 15, 5, 57, 59, 70, 86, 94, 127, 120, 125, 124, 118, 91, 74, 45]"
In-Distribution,10,exact_guidance_u,148,0,48,47,"[129, 23, 0, 0, 0, 6, 12, 19, 34, 94, 108, 126, 127, 127, 123, 116, 118, 114, 79, 54, 41, 42, 8, 5, 22, 9, 36, 56, 113, 127, 108, 32, 20, 15, 5, 57, 59, 70, 86, 94, 127, 120, 125, 124, 118, 91, 74, 45]","[23, 0, 0, 0, 6, 12, 19, 34, 94, 108, 126, 127, 127, 123, 116, 118, 114, 79, 54, 41, 42, 8, 5, 22, 9, 36, 56, 113, 127, 108, 32, 20, 15, 5, 57, 59, 70, 86, 94, 127, 120, 125, 124, 118, 91, 74, 45]"
In-Distribution,10,exact_guidance_u,149,0,51,50,"[129, 23, 0, 0, 0, 6, 12, 19, 34, 56, 94, 108, 126, 127, 127, 123, 116, 118, 114, 79, 54, 41, 42, 8, 5, 22, 9, 36, 56, 104, 113, 127, 108, 61, 32, 20, 15, 5, 57, 59, 70, 86, 94, 127, 120, 125, 124, 118, 91, 74, 45]","[23, 0, 0, 0, 6, 12, 19, 34, 56, 94, 108, 126, 127, 127, 123, 116, 118, 114, 79, 54, 41, 42, 8, 5, 22, 9, 36, 56, 104, 113, 127, 108, 61, 32, 20, 15, 5, 57, 59, 70, 86, 94, 127, 120, 125, 124, 118, 91, 74, 45]"
In-Distribution,10,exact_guidance_u,150,0,51,50,"[129, 23, 0, 0, 0, 6, 12, 19, 34, 56, 94, 108, 126, 127, 127, 123, 116, 118, 114, 79, 54, 41, 42, 8, 5, 22, 9, 36, 56, 104, 113, 127, 108, 61, 32, 20, 15, 5, 57, 59, 70, 86, 94, 127, 120, 125, 124, 118, 91, 74, 45]","[23, 0, 0, 0, 6, 12, 19, 34, 56, 94, 108, 126, 127, 127, 123, 116, 118, 114, 79, 54, 41, 42, 8, 5, 22, 9, 36, 56, 104, 113, 127, 108, 61, 32, 20, 15, 5, 57, 59, 70, 86, 94, 127, 120, 125, 124, 118, 91, 74, 45]"
In-Distribution,10,exact_guidance_u,151,0,51,50,"[129, 23, 0, 0, 0, 6, 12, 19, 34, 56, 94, 108, 126, 127, 127, 123, 116, 118, 114, 79, 54, 41, 42, 8, 5, 22, 9, 36, 56, 104, 113, 127, 108, 61, 32, 20, 15, 5, 57, 59, 70, 86, 94, 127, 120, 125, 124, 118, 91, 74, 45]","[23, 0, 0, 0, 6, 12, 19, 34, 56, 94, 108, 126, 127, 127, 123, 116, 118, 114, 79, 54, 41, 42, 8, 5, 22, 9, 36, 56, 104, 113, 127, 108, 61, 32, 20, 15, 5, 57, 59, 70, 86, 94, 127, 120, 125, 124, 118, 91, 74, 45]"
In-Distribution,10,exact_guidance_u,152,0,51,50,"[129, 23, 0, 0, 0, 6, 12, 19, 34, 56, 94, 108, 126, 127, 127, 123, 116, 118, 114, 79, 54, 41, 42, 8, 5, 22, 9, 36, 56, 104, 113, 127, 108, 61, 32, 20, 15, 5, 57, 59, 70, 86, 94, 127, 120, 125, 124, 118, 91, 74, 45]","[23, 0, 0, 0, 6, 12, 19, 34, 56, 94, 108, 126, 127, 127, 123, 116, 118, 114, 79, 54, 41, 42, 8, 5, 22, 9, 36, 56, 104, 113, 127, 108, 61, 32, 20, 15, 5, 57, 59, 70, 86, 94, 127, 120, 125, 124, 118, 91, 74, 45]"
In-Distribution,10,exact_guidance_u,153,0,52,51,"[129, 23, 0, 0, 0, 6, 12, 19, 34, 56, 94, 108, 126, 127, 127, 123, 116, 118, 114, 79, 54, 41, 42, 8, 5, 22, 9, 35, 36, 56, 104, 113, 127, 108, 61, 32, 20, 15, 5, 57, 59, 70, 86, 94, 127, 120, 125, 124, 118, 91, 74, 45]","[23, 0, 0, 0, 6, 12, 19, 34, 56, 94, 108, 126, 127, 127, 123, 116, 118, 114, 79, 54, 41, 42, 8, 5, 22, 9, 35, 36, 56, 104, 113, 127, 108, 61, 32, 20, 15, 5, 57, 59, 70, 86, 94, 127, 120, 125, 124, 118, 91, 74, 45]"
In-Distribution,10,exact_guidance_u,154,0,52,51,"[129, 23, 0, 0, 0, 6, 12, 19, 34, 56, 94, 108, 126, 127, 127, 123, 116, 118, 114, 79, 54, 41, 42, 8, 5, 22, 9, 35, 36, 56, 104, 113, 127, 108, 61, 32, 20, 15, 5, 57, 59, 70, 86, 94, 127, 120, 125, 124, 118, 91, 74, 45]","[23, 0, 0, 0, 6, 12, 19, 34, 56, 94, 108, 126, 127, 127, 123, 116, 118, 114, 79, 54, 41, 42, 8, 5, 22, 9, 35, 36, 56, 104, 113, 127, 108, 61, 32, 20, 15, 5, 57, 59, 70, 86, 94, 127, 120, 125, 124, 118, 91, 74, 45]"
In-Distribution,10,exact_guidance_u,155,0,52,51,"[129, 23, 0, 0, 0, 6, 12, 19, 34, 56, 94, 108, 126, 127, 127, 123, 116, 118, 114, 79, 54, 41, 42, 8, 5, 22, 9, 35, 36, 56, 104, 113, 127, 108, 61, 32, 20, 15, 5, 57, 59, 70, 86, 94, 127, 120, 125, 124, 118, 91, 74, 45]","[23, 0, 0, 0, 6, 12, 19, 34, 56, 94, 108, 126, 127, 127, 123, 116, 118, 114, 79, 54, 41, 42, 8, 5, 22, 9, 35, 36, 56, 104, 113, 127, 108, 61, 32, 20, 15, 5, 57, 59, 70, 86, 94, 127, 120, 125, 124, 118, 91, 74, 45]"
In-Distribution,10,exact_guidance_u,156,0,52,51,"[129, 23, 0, 0, 0, 6, 12, 19, 34, 56, 94, 108, 126, 127, 127, 123, 116, 118, 114, 79, 54, 41, 42, 8, 5, 22, 9, 35, 36, 56, 104, 113, 127, 108, 61, 32, 20, 15, 5, 57, 59, 70, 86, 94, 127, 120, 125, 124, 118, 91, 74, 45]","[23, 0, 0, 0, 6, 12, 19, 34, 56, 94, 108, 126, 127, 127, 123, 116, 118, 114, 79, 54, 41, 42, 8, 5, 22, 9, 35, 36, 56, 104, 113, 127, 108, 61, 32, 20, 15, 5, 57, 59, 70, 86, 94, 127, 120, 125, 124, 118, 91, 74, 45]"
In-Distribution,10,exact_guidance_u,157,0,53,52,"[129, 23, 0, 0, 0, 6, 12, 19, 34, 56, 72, 94, 108, 126, 127, 127, 123, 116, 118, 114, 79, 54, 41, 42, 8, 5, 22, 9, 35, 36, 56, 104, 113, 127, 108, 61, 32, 20, 15, 5, 57, 59, 70, 86, 94, 127, 120, 125, 124, 118, 91, 74, 45]","[23, 0, 0, 0, 6, 12, 19, 34, 56, 72, 94, 108, 126, 127, 127, 123, 116, 118, 114, 79, 54, 41, 42, 8, 5, 22, 9, 35, 36, 56, 104, 113, 127, 108, 61, 32, 20, 15, 5, 57, 59, 70, 86, 94, 127, 120, 125, 124, 118, 91, 74, 45]"
In-Distribution,10,exact_guidance_u,158,0,53,52,"[129, 23, 0, 0, 0, 6, 12, 19, 34, 56, 72, 94, 108, 126, 127, 127, 123, 116, 118, 114, 79, 54, 41, 42, 8, 5, 22, 9, 35, 36, 56, 104, 113, 127, 108, 61, 32, 20, 15, 5, 57, 59, 70, 86, 94, 127, 120, 125, 124, 118, 91, 74, 45]","[23, 0, 0, 0, 6, 12, 19, 34, 56, 72, 94, 108, 126, 127, 127, 123, 116, 118, 114, 79, 54, 41, 42, 8, 5, 22, 9, 35, 36, 56, 104, 113, 127, 108, 61, 32, 20, 15, 5, 57, 59, 70, 86, 94, 127, 120, 125, 124, 118, 91, 74, 45]"
In-Distribution,10,exact_guidance_u,159,0,53,52,"[129, 23, 0, 0, 0, 6, 12, 19, 34, 56, 72, 94, 108, 126, 127, 127, 123, 116, 118, 114, 79, 54, 41, 42, 8, 5, 22, 9, 35, 36, 56, 104, 113, 127, 108, 61, 32, 20, 15, 5, 57, 59, 70, 86, 94, 127, 120, 125, 124, 118, 91, 74, 45]","[23, 0, 0, 0, 6, 12, 19, 34, 56, 72, 94, 108, 126, 127, 127, 123, 116, 118, 114, 79, 54, 41, 42, 8, 5, 22, 9, 35, 36, 56, 104, 113, 127, 108, 61, 32, 20, 15, 5, 57, 59, 70, 86, 94, 127, 120, 125, 124, 118, 91, 74, 45]"
In-Distribution,10,exact_guidance_u,160,0,53,52,"[129, 23, 0, 0, 0, 6, 12, 19, 34, 56, 72, 94, 108, 126, 127, 127, 123, 116, 118, 114, 79, 54, 41, 42, 8, 5, 22, 9, 35, 36, 56, 104, 113, 127, 108, 61, 32, 20, 15, 5, 57, 59, 70, 86, 94, 127, 120, 125, 124, 118, 91, 74, 45]","[23, 0, 0, 0, 6, 12, 19, 34, 56, 72, 94, 108, 126, 127, 127, 123, 116, 118, 114, 79, 54, 41, 42, 8, 5, 22, 9, 35, 36, 56, 104, 113, 127, 108, 61, 32, 20, 15, 5, 57, 59, 70, 86, 94, 127, 120, 125, 124, 118, 91, 74, 45]"
In-Distribution,10,exact_guidance_u,161,0,53,52,"[129, 23, 0, 0, 0, 6, 12, 19, 34, 56, 72, 94, 108, 126, 127, 127, 123, 116, 118, 114, 79, 54, 41, 42, 8, 5, 22, 9, 35, 36, 56, 104, 113, 127, 108, 61, 32, 20, 15, 5, 57, 59, 70, 86, 94, 127, 120, 125, 124, 118, 91, 74, 45]","[23, 0, 0, 0, 6, 12, 19, 34, 56, 72, 94, 108, 126, 127, 127, 123, 116, 118, 114, 79, 54, 41, 42, 8, 5, 22, 9, 35, 36, 56, 104, 113, 127, 108, 61, 32, 20, 15, 5, 57, 59, 70, 86, 94, 127, 120, 125, 124, 118, 91, 74, 45]"
In-Distribution,10,exact_guidance_u,162,0,53,52,"[129, 23, 0, 0, 0, 6, 12, 19, 34, 56, 72, 94, 108, 126, 127, 127, 123, 116, 118, 114, 79, 54, 41, 42, 8, 5, 22, 9, 35, 36, 56, 104, 113, 127, 108, 61, 32, 20, 15, 5, 57, 59, 70, 86, 94, 127, 120, 125, 124, 118, 91, 74, 45]","[23, 0, 0, 0, 6, 12, 19, 34, 56, 72, 94, 108, 126, 127, 127, 123, 116, 118, 114, 79, 54, 41, 42, 8, 5, 22, 9, 35, 36, 56, 104, 113, 127, 108, 61, 32, 20, 15, 5, 57, 59, 70, 86, 94, 127, 120, 125, 124, 118, 91, 74, 45]"
In-Distribution,10,exact_guidance_u,163,0,53,52,"[129, 23, 0, 0, 0, 6, 12, 19, 34, 56, 72, 94, 108, 126, 127, 127, 123, 116, 118, 114, 79, 54, 41, 42, 8, 5, 22, 9, 35, 36, 56, 104, 113, 127, 108, 61, 32, 20, 15, 5, 57, 59, 70, 86, 94, 127, 120, 125, 124, 118, 91, 74, 45]","[23, 0, 0, 0, 6, 12, 19, 34, 56, 72, 94, 108, 126, 127, 127, 123, 116, 118, 114, 79, 54, 41, 42, 8, 5, 22, 9, 35, 36, 56, 104, 113, 127, 108, 61, 32, 20, 15, 5, 57, 59, 70, 86, 94, 127, 120, 125, 124, 118, 91, 74, 45]"
In-Distribution,10,exact_guidance_u,164,0,53,52,"[129, 23, 0, 0, 0, 6, 12, 19, 34, 56, 72, 94, 108, 126, 127, 127, 123, 116, 118, 114, 79, 54, 41, 42, 8, 5, 22, 9, 35, 36, 56, 104, 113, 127, 108, 61, 32, 20, 15, 5, 57, 59, 70, 86, 94, 127, 120, 125, 124, 118, 91, 74, 45]","[23, 0, 0, 0, 6, 12, 19, 34, 56, 72, 94, 108, 126, 127, 127, 123, 116, 118, 114, 79, 54, 41, 42, 8, 5, 22, 9, 35, 36, 56, 104, 113, 127, 108, 61, 32, 20, 15, 5, 57, 59, 70, 86, 94, 127, 120, 125, 124, 118, 91, 74, 45]"
In-Distribution,10,exact_guidance_u,165,0,53,52,"[129, 23, 0, 0, 0, 6, 12, 19, 34, 56, 72, 94, 108, 126, 127, 127, 123, 116, 118, 114, 79, 54, 41, 42, 8, 5, 22, 9, 35, 36, 56, 104, 113, 127, 108, 61, 32, 20, 15, 5, 57, 59, 70, 86, 94, 127, 120, 125, 124, 118, 91, 74, 45]","[23, 0, 0, 0, 6, 12, 19, 34, 56, 72, 94, 108, 126, 127, 127, 123, 116, 118, 114, 79, 54, 41, 42, 8, 5, 22, 9, 35, 36, 56, 104, 113, 127, 108, 61, 32, 20, 15, 5, 57, 59, 70, 86, 94, 127, 120, 125, 124, 118, 91, 74, 45]"
In-Distribution,10,exact_guidance_u,166,0,54,53,"[129, 23, 0, 0, 0, 6, 12, 19, 31, 34, 56, 72, 94, 108, 126, 127, 127, 123, 116, 118, 114, 79, 54, 41, 42, 8, 5, 22, 9, 35, 36, 56, 104, 113, 127, 108, 61, 32, 20, 15, 5, 57, 59, 70, 86, 94, 127, 120, 125, 124, 118, 91, 74, 45]","[23, 0, 0, 0, 6, 12, 19, 31, 34, 56, 72, 94, 108, 126, 127, 127, 123, 116, 118, 114, 79, 54, 41, 42, 8, 5, 22, 9, 35, 36, 56, 104, 113, 127, 108, 61, 32, 20, 15, 5, 57, 59, 70, 86, 94, 127, 120, 125, 124, 118, 91, 74, 45]"
In-Distribution,10,exact_guidance_u,167,0,55,54,"[129, 23, 0, 0, 0, 6, 12, 19, 31, 34, 56, 72, 94, 108, 126, 127, 127, 123, 116, 118, 114, 79, 54, 41, 42, 8, 5, 22, 9, 35, 36, 56, 104, 113, 127, 108, 61, 32, 20, 15, 4, 5, 57, 59, 70, 86, 94, 127, 120, 125, 124, 118, 91, 74, 45]","[23, 0, 0, 0, 6, 12, 19, 31, 34, 56, 72, 94, 108, 126, 127, 127, 123, 116, 118, 114, 79, 54, 41, 42, 8, 5, 22, 9, 35, 36, 56, 104, 113, 127, 108, 61, 32, 20, 15, 4, 5, 57, 59, 70, 86, 94, 127, 120, 125, 124, 118, 91, 74, 45]"
In-Distribution,10,exact_guidance_u,168,0,55,54,"[129, 23, 0, 0, 0, 6, 12, 19, 31, 34, 56, 72, 94, 108, 126, 127, 127, 123, 116, 118, 114, 79, 54, 41, 42, 8, 5, 22, 9, 35, 36, 56, 104, 113, 127, 108, 61, 32, 20, 15, 4, 5, 57, 59, 70, 86, 94, 127, 120, 125, 124, 118, 91, 74, 45]","[23, 0, 0, 0, 6, 12, 19, 31, 34, 56, 72, 94, 108, 126, 127, 127, 123, 116, 118, 114, 79, 54, 41, 42, 8, 5, 22, 9, 35, 36, 56, 104, 113, 127, 108, 61, 32, 20, 15, 4, 5, 57, 59, 70, 86, 94, 127, 120, 125, 124, 118, 91, 74, 45]"
In-Distribution,10,exact_guidance_u,169,0,56,55,"[129, 23, 0, 0, 0, 6, 12, 19, 31, 34, 56, 72, 94, 108, 126, 127, 127, 123, 116, 118, 114, 79, 54, 41, 42, 8, 5, 22, 9, 35, 36, 56, 104, 113, 127, 121, 108, 61, 32, 20, 15, 4, 5, 57, 59, 70, 86, 94, 127, 120, 125, 124, 118, 91, 74, 45]","[23, 0, 0, 0, 6, 12, 19, 31, 34, 56, 72, 94, 108, 126, 127, 127, 123, 116, 118, 114, 79, 54, 41, 42, 8, 5, 22, 9, 35, 36, 56, 104, 113, 127, 121, 108, 61, 32, 20, 15, 4, 5, 57, 59, 70, 86, 94, 127, 120, 125, 124, 118, 91, 74, 45]"
In-Distribution,10,exact_guidance_u,170,0,58,57,"[129, 23, 0, 0, 0, 6, 12, 19, 31, 34, 56, 72, 94, 108, 126, 127, 127, 123, 116, 118, 114, 79, 54, 41, 42, 8, 5, 22, 9, 35, 36, 56, 104, 113, 127, 121, 112, 108, 61, 32, 20, 15, 4, 5, 57, 59, 70, 86, 94, 127, 120, 125, 124, 118, 104, 91, 74, 45]","[23, 0, 0, 0, 6, 12, 19, 31, 34, 56, 72, 94, 108, 126, 127, 127, 123, 116, 118, 114, 79, 54, 41, 42, 8, 5, 22, 9, 35, 36, 56, 104, 113, 127, 121, 112, 108, 61, 32, 20, 15, 4, 5, 57, 59, 70, 86, 94, 127, 120, 125, 124, 118, 104, 91, 74, 45]"
In-Distribution,10,exact_guidance_u,171,0,64,63,"[129, 23, 0, 0, 0, 6, 12, 19, 31, 34, 56, 72, 94, 108, 126, 127, 127, 123, 116, 118, 114, 79, 54, 41, 42, 21, 8, 5, 22, 9, 35, 36, 56, 104, 113, 127, 127, 121, 127, 112, 116, 108, 78, 61, 32, 20, 15, 4, 5, 57, 59, 70, 86, 94, 114, 127, 120, 125, 124, 118, 104, 91, 74, 45]","[23, 0, 0, 0, 6, 12, 19, 31, 34, 56, 72, 94, 108, 126, 127, 127, 123, 116, 118, 114, 79, 54, 41, 42, 21, 8, 5, 22, 9, 35, 36, 56, 104, 113, 127, 127, 121, 127, 112, 116, 108, 78, 61, 32, 20, 15, 4, 5, 57, 59, 70, 86, 94, 114, 127, 120, 125, 124, 118, 104, 91, 74, 45]"
In-Distribution,10,exact_guidance_u,172,0,65,64,"[129, 23, 0, 0, 0, 6, 12, 19, 31, 34, 56, 72, 94, 108, 126, 127, 127, 123, 116, 118, 114, 91, 79, 54, 41, 42, 21, 8, 5, 22, 9, 35, 36, 56, 104, 113, 127, 127, 121, 127, 112, 116, 108, 78, 61, 32, 20, 15, 4, 5, 57, 59, 70, 86, 94, 114, 127, 120, 125, 124, 118, 104, 91, 74, 45]","[23, 0, 0, 0, 6, 12, 19, 31, 34, 56, 72, 94, 108, 126, 127, 127, 123, 116, 118, 114, 91, 79, 54, 41, 42, 21, 8, 5, 22, 9, 35, 36, 56, 104, 113, 127, 127, 121, 127, 112, 116, 108, 78, 61, 32, 20, 15, 4, 5, 57, 59, 70, 86, 94, 114, 127, 120, 125, 124, 118, 104, 91, 74, 45]"
In-Distribution,10,exact_guidance_u,173,0,65,64,"[129, 23, 0, 0, 0, 6, 12, 19, 31, 34, 56, 72, 94, 108, 126, 127, 127, 123, 116, 118, 114, 91, 79, 54, 41, 42, 21, 8, 5, 22, 9, 35, 36, 56, 104, 113, 127, 127, 121, 127, 112, 116, 108, 78, 61, 32, 20, 15, 4, 5, 57, 59, 70, 86, 94, 114, 127, 120, 125, 124, 118, 104, 91, 74, 45]","[23, 0, 0, 0, 6, 12, 19, 31, 34, 56, 72, 94, 108, 126, 127, 127, 123, 116, 118, 114, 91, 79, 54, 41, 42, 21, 8, 5, 22, 9, 35, 36, 56, 104, 113, 127, 127, 121, 127, 112, 116, 108, 78, 61, 32, 20, 15, 4, 5, 57, 59, 70, 86, 94, 114, 127, 120, 125, 124, 118, 104, 91, 74, 45]"
In-Distribution,10,exact_guidance_u,174,0,66,65,"[129, 23, 0, 0, 0, 6, 12, 19, 31, 34, 56, 72, 94, 108, 126, 127, 127, 123, 116, 118, 114, 91, 79, 54, 41, 42, 21, 8, 5, 22, 9, 35, 36, 56, 76, 104, 113, 127, 127, 121, 127, 112, 116, 108, 78, 61, 32, 20, 15, 4, 5, 57, 59, 70, 86, 94, 114, 127, 120, 125, 124, 118, 104, 91, 74, 45]","[23, 0, 0, 0, 6, 12, 19, 31, 34, 56, 72, 94, 108, 126, 127, 127, 123, 116, 118, 114, 91, 79, 54, 41, 42, 21, 8, 5, 22, 9, 35, 36, 56, 76, 104, 113, 127, 127, 121, 127, 112, 116, 108, 78, 61, 32, 20, 15, 4, 5, 57, 59, 70, 86, 94, 114, 127, 120, 125, 124, 118, 104, 91, 74, 45]"
In-Distribution,10,exact_guidance_u,175,0,68,67,"[129, 23, 0, 0, 0, 6, 12, 19, 31, 34, 56, 72, 94, 108, 126, 127, 127, 123, 116, 118, 114, 91, 79, 54, 41, 42, 21, 8, 5, 22, 9, 35, 36, 56, 76, 104, 113, 127, 127, 121, 127, 112, 116, 108, 98, 78, 61, 49, 32, 20, 15, 4, 5, 57, 59, 70, 86, 94, 114, 127, 120, 125, 124, 118, 104, 91, 74, 45]","[23, 0, 0, 0, 6, 12, 19, 31, 34, 56, 72, 94, 108, 126, 127, 127, 123, 116, 118, 114, 91, 79, 54, 41, 42, 21, 8, 5, 22, 9, 35, 36, 56, 76, 104, 113, 127, 127, 121, 127, 112, 116, 108, 98, 78, 61, 49, 32, 20, 15, 4, 5, 57, 59, 70, 86, 94, 114, 127, 120, 125, 124, 118, 104, 91, 74, 45]"
In-Distribution,10,exact_guidance_u,176,0,68,67,"[129, 23, 0, 0, 0, 6, 12, 19, 31, 34, 56, 72, 94, 108, 126, 127, 127, 123, 116, 118, 114, 91, 79, 54, 41, 42, 21, 8, 5, 22, 9, 35, 36, 56, 76, 104, 113, 127, 127, 121, 127, 112, 116, 108, 98, 78, 61, 49, 32, 20, 15, 4, 5, 57, 59, 70, 86, 94, 114, 127, 120, 125, 124, 118, 104, 91, 74, 45]","[23, 0, 0, 0, 6, 12, 19, 31, 34, 56, 72, 94, 108, 126, 127, 127, 123, 116, 118, 114, 91, 79, 54, 41, 42, 21, 8, 5, 22, 9, 35, 36, 56, 76, 104, 113, 127, 127, 121, 127, 112, 116, 108, 98, 78, 61, 49, 32, 20, 15, 4, 5, 57, 59, 70, 86, 94, 114, 127, 120, 125, 124, 118, 104, 91, 74, 45]"
In-Distribution,10,exact_guidance_u,177,0,69,68,"[129, 23, 0, 0, 0, 6, 12, 19, 31, 34, 56, 72, 94, 108, 126, 127, 127, 123, 116, 118, 114, 91, 79, 54, 41, 42, 21, 8, 0, 5, 22, 9, 35, 36, 56, 76, 104, 113, 127, 127, 121, 127, 112, 116, 108, 98, 78, 61, 49, 32, 20, 15, 4, 5, 57, 59, 70, 86, 94, 114, 127, 120, 125, 124, 118, 104, 91, 74, 45]","[23, 0, 0, 0, 6, 12, 19, 31, 34, 56, 72, 94, 108, 126, 127, 127, 123, 116, 118, 114, 91, 79, 54, 41, 42, 21, 8, 0, 5, 22, 9, 35, 36, 56, 76, 104, 113, 127, 127, 121, 127, 112, 116, 108, 98, 78, 61, 49, 32, 20, 15, 4, 5, 57, 59, 70, 86, 94, 114, 127, 120, 125, 124, 118, 104, 91, 74, 45]"
In-Distribution,10,exact_guidance_u,178,0,70,69,"[129, 23, 0, 0, 0, 6, 12, 19, 31, 34, 56, 72, 94, 108, 126, 127, 127, 123, 116, 118, 114, 91, 79, 54, 41, 42, 21, 8, 0, 5, 22, 9, 35, 36, 56, 76, 104, 113, 127, 127, 121, 127, 112, 116, 108, 98, 78, 61, 49, 32, 20, 15, 9, 4, 5, 57, 59, 70, 86, 94, 114, 127, 120, 125, 124, 118, 104, 91, 74, 45]","[23, 0, 0, 0, 6, 12, 19, 31, 34, 56, 72, 94, 108, 126, 127, 127, 123, 116, 118, 114, 91, 79, 54, 41, 42, 21, 8, 0, 5, 22, 9, 35, 36, 56, 76, 104, 113, 127, 127, 121, 127, 112, 116, 108, 98, 78, 61, 49, 32, 20, 15, 9, 4, 5, 57, 59, 70, 86, 94, 114, 127, 120, 125, 124, 118, 104, 91, 74, 45]"
In-Distribution,10,exact_guidance_u,179,0,70,69,"[129, 23, 0, 0, 0, 6, 12, 19, 31, 34, 56, 72, 94, 108, 126, 127, 127, 123, 116, 118, 114, 91, 79, 54, 41, 42, 21, 8, 0, 5, 22, 9, 35, 36, 56, 76, 104, 113, 127, 127, 121, 127, 112, 116, 108, 98, 78, 61, 49, 32, 20, 15, 9, 4, 5, 57, 59, 70, 86, 94, 114, 127, 120, 125, 124, 118, 104, 91, 74, 45]","[23, 0, 0, 0, 6, 12, 19, 31, 34, 56, 72, 94, 108, 126, 127, 127, 123, 116, 118, 114, 91, 79, 54, 41, 42, 21, 8, 0, 5, 22, 9, 35, 36, 56, 76, 104, 113, 127, 127, 121, 127, 112, 116, 108, 98, 78, 61, 49, 32, 20, 15, 9, 4, 5, 57, 59, 70, 86, 94, 114, 127, 120, 125, 124, 118, 104, 91, 74, 45]"
In-Distribution,10,exact_guidance_u,180,0,71,70,"[129, 23, 0, 0, 0, 6, 12, 19, 31, 34, 56, 72, 94, 108, 126, 127, 127, 123, 116, 118, 114, 91, 79, 54, 41, 42, 21, 8, 0, 9, 5, 22, 9, 35, 36, 56, 76, 104, 113, 127, 127, 121, 127, 112, 116, 108, 98, 78, 61, 49, 32, 20, 15, 9, 4, 5, 57, 59, 70, 86, 94, 114, 127, 120, 125, 124, 118, 104, 91, 74, 45]","[23, 0, 0, 0, 6, 12, 19, 31, 34, 56, 72, 94, 108, 126, 127, 127, 123, 116, 118, 114, 91, 79, 54, 41, 42, 21, 8, 0, 9, 5, 22, 9, 35, 36, 56, 76, 104, 113, 127, 127, 121, 127, 112, 116, 108, 98, 78, 61, 49, 32, 20, 15, 9, 4, 5, 57, 59, 70, 86, 94, 114, 127, 120, 125, 124, 118, 104, 91, 74, 45]"
In-Distribution,10,exact_guidance_u,181,0,71,70,"[129, 23, 0, 0, 0, 6, 12, 19, 31, 34, 56, 72, 94, 108, 126, 127, 127, 123, 116, 118, 114, 91, 79, 54, 41, 42, 21, 8, 0, 9, 5, 22, 9, 35, 36, 56, 76, 104, 113, 127, 127, 121, 127, 112, 116, 108, 98, 78, 61, 49, 32, 20, 15, 9, 4, 5, 57, 59, 70, 86, 94, 114, 127, 120, 125, 124, 118, 104, 91, 74, 45]","[23, 0, 0, 0, 6, 12, 19, 31, 34, 56, 72, 94, 108, 126, 127, 127, 123, 116, 118, 114, 91, 79, 54, 41, 42, 21, 8, 0, 9, 5, 22, 9, 35, 36, 56, 76, 104, 113, 127, 127, 121, 127, 112, 116, 108, 98, 78, 61, 49, 32, 20, 15, 9, 4, 5, 57, 59, 70, 86, 94, 114, 127, 120, 125, 124, 118, 104, 91, 74, 45]"
In-Distribution,10,exact_guidance_u,182,0,71,70,"[129, 23, 0, 0, 0, 6, 12, 19, 31, 34, 56, 72, 94, 108, 126, 127, 127, 123, 116, 118, 114, 91, 79, 54, 41, 42, 21, 8, 0, 9, 5, 22, 9, 35, 36, 56, 76, 104, 113, 127, 127, 121, 127, 112, 116, 108, 98, 78, 61, 49, 32, 20, 15, 9, 4, 5, 57, 59, 70, 86, 94, 114, 127, 120, 125, 124, 118, 104, 91, 74, 45]","[23, 0, 0, 0, 6, 12, 19, 31, 34, 56, 72, 94, 108, 126, 127, 127, 123, 116, 118, 114, 91, 79, 54, 41, 42, 21, 8, 0, 9, 5, 22, 9, 35, 36, 56, 76, 104, 113, 127, 127, 121, 127, 112, 116, 108, 98, 78, 61, 49, 32, 20, 15, 9, 4, 5, 57, 59, 70, 86, 94, 114, 127, 120, 125, 124, 118, 104, 91, 74, 45]"
In-Distribution,10,exact_guidance_u,183,0,72,71,"[129, 23, 0, 0, 0, 6, 12, 19, 31, 34, 56, 72, 94, 108, 126, 127, 127, 123, 116, 118, 114, 91, 79, 54, 41, 42, 21, 8, 0, 9, 5, 22, 9, 35, 36, 56, 69, 76, 104, 113, 127, 127, 121, 127, 112, 116, 108, 98, 78, 61, 49, 32, 20, 15, 9, 4, 5, 57, 59, 70, 86, 94, 114, 127, 120, 125, 124, 118, 104, 91, 74, 45]","[23, 0, 0, 0, 6, 12, 19, 31, 34, 56, 72, 94, 108, 126, 127, 127, 123, 116, 118, 114, 91, 79, 54, 41, 42, 21, 8, 0, 9, 5, 22, 9, 35, 36, 56, 69, 76, 104, 113, 127, 127, 121, 127, 112, 116, 108, 98, 78, 61, 49, 32, 20, 15, 9, 4, 5, 57, 59, 70, 86, 94, 114, 127, 120, 125, 124, 118, 104, 91, 74, 45]"
In-Distribution,10,exact_guidance_u,184,0,72,71,"[129, 23, 0, 0, 0, 6, 12, 19, 31, 34, 56, 72, 94, 108, 126, 127, 127, 123, 116, 118, 114, 91, 79, 54, 41, 42, 21, 8, 0, 9, 5, 22, 9, 35, 36, 56, 69, 76, 104, 113, 127, 127, 121, 127, 112, 116, 108, 98, 78, 61, 49, 32, 20, 15, 9, 4, 5, 57, 59, 70, 86, 94, 114, 127, 120, 125, 124, 118, 104, 91, 74, 45]","[23, 0, 0, 0, 6, 12, 19, 31, 34, 56, 72, 94, 108, 126, 127, 127, 123, 116, 118, 114, 91, 79, 54, 41, 42, 21, 8, 0, 9, 5, 22, 9, 35, 36, 56, 69, 76, 104, 113, 127, 127, 121, 127, 112, 116, 108, 98, 78, 61, 49, 32, 20, 15, 9, 4, 5, 57, 59, 70, 86, 94, 114, 127, 120, 125, 124, 118, 104, 91, 74, 45]"
In-Distribution,10,exact_guidance_u,185,0,72,71,"[129, 23, 0, 0, 0, 6, 12, 19, 31, 34, 56, 72, 94, 108, 126, 127, 127, 123, 116, 118, 114, 91, 79, 54, 41, 42, 21, 8, 0, 9, 5, 22, 9, 35, 36, 56, 69, 76, 104, 113, 127, 127, 121, 127, 112, 116, 108, 98, 78, 61, 49, 32, 20, 15, 9, 4, 5, 57, 59, 70, 86, 94, 114, 127, 120, 125, 124, 118, 104, 91, 74, 45]","[23, 0, 0, 0, 6, 12, 19, 31, 34, 56, 72, 94, 108, 126, 127, 127, 123, 116, 118, 114, 91, 79, 54, 41, 42, 21, 8, 0, 9, 5, 22, 9, 35, 36, 56, 69, 76, 104, 113, 127, 127, 121, 127, 112, 116, 108, 98, 78, 61, 49, 32, 20, 15, 9, 4, 5, 57, 59, 70, 86, 94, 114, 127, 120, 125, 124, 118, 104, 91, 74, 45]"
In-Distribution,10,exact_guidance_u,186,0,72,71,"[129, 23, 0, 0, 0, 6, 12, 19, 31, 34, 56, 72, 94, 108, 126, 127, 127, 123, 116, 118, 114, 91, 79, 54, 41, 42, 21, 8, 0, 9, 5, 22, 9, 35, 36, 56, 69, 76, 104, 113, 127, 127, 121, 127, 112, 116, 108, 98, 78, 61, 49, 32, 20, 15, 9, 4, 5, 57, 59, 70, 86, 94, 114, 127, 120, 125, 124, 118, 104, 91, 74, 45]","[23, 0, 0, 0, 6, 12, 19, 31, 34, 56, 72, 94, 108, 126, 127, 127, 123, 116, 118, 114, 91, 79, 54, 41, 42, 21, 8, 0, 9, 5, 22, 9, 35, 36, 56, 69, 76, 104, 113, 127, 127, 121, 127, 112, 116, 108, 98, 78, 61, 49, 32, 20, 15, 9, 4, 5, 57, 59, 70, 86, 94, 114, 127, 120, 125, 124, 118, 104, 91, 74, 45]"
In-Distribution,10,exact_guidance_u,187,0,72,71,"[129, 23, 0, 0, 0, 6, 12, 19, 31, 34, 56, 72, 94, 108, 126, 127, 127, 123, 116, 118, 114, 91, 79, 54, 41, 42, 21, 8, 0, 9, 5, 22, 9, 35, 36, 56, 69, 76, 104, 113, 127, 127, 121, 127, 112, 116, 108, 98, 78, 61, 49, 32, 20, 15, 9, 4, 5, 57, 59, 70, 86, 94, 114, 127, 120, 125, 124, 118, 104, 91, 74, 45]","[23, 0, 0, 0, 6, 12, 19, 31, 34, 56, 72, 94, 108, 126, 127, 127, 123, 116, 118, 114, 91, 79, 54, 41, 42, 21, 8, 0, 9, 5, 22, 9, 35, 36, 56, 69, 76, 104, 113, 127, 127, 121, 127, 112, 116, 108, 98, 78, 61, 49, 32, 20, 15, 9, 4, 5, 57, 59, 70, 86, 94, 114, 127, 120, 125, 124, 118, 104, 91, 74, 45]"
In-Distribution,10,exact_guidance_u,188,0,72,71,"[129, 23, 0, 0, 0, 6, 12, 19, 31, 34, 56, 72, 94, 108, 126, 127, 127, 123, 116, 118, 114, 91, 79, 54, 41, 42, 21, 8, 0, 9, 5, 22, 9, 35, 36, 56, 69, 76, 104, 113, 127, 127, 121, 127, 112, 116, 108, 98, 78, 61, 49, 32, 20, 15, 9, 4, 5, 57, 59, 70, 86, 94, 114, 127, 120, 125, 124, 118, 104, 91, 74, 45]","[23, 0, 0, 0, 6, 12, 19, 31, 34, 56, 72, 94, 108, 126, 127, 127, 123, 116, 118, 114, 91, 79, 54, 41, 42, 21, 8, 0, 9, 5, 22, 9, 35, 36, 56, 69, 76, 104, 113, 127, 127, 121, 127, 112, 116, 108, 98, 78, 61, 49, 32, 20, 15, 9, 4, 5, 57, 59, 70, 86, 94, 114, 127, 120, 125, 124, 118, 104, 91, 74, 45]"
In-Distribution,10,exact_guidance_u,189,0,72,71,"[129, 23, 0, 0, 0, 6, 12, 19, 31, 34, 56, 72, 94, 108, 126, 127, 127, 123, 116, 118, 114, 91, 79, 54, 41, 42, 21, 8, 0, 9, 5, 22, 9, 35, 36, 56, 69, 76, 104, 113, 127, 127, 121, 127, 112, 116, 108, 98, 78, 61, 49, 32, 20, 15, 9, 4, 5, 57, 59, 70, 86, 94, 114, 127, 120, 125, 124, 118, 104, 91, 74, 45]","[23, 0, 0, 0, 6, 12, 19, 31, 34, 56, 72, 94, 108, 126, 127, 127, 123, 116, 118, 114, 91, 79, 54, 41, 42, 21, 8, 0, 9, 5, 22, 9, 35, 36, 56, 69, 76, 104, 113, 127, 127, 121, 127, 112, 116, 108, 98, 78, 61, 49, 32, 20, 15, 9, 4, 5, 57, 59, 70, 86, 94, 114, 127, 120, 125, 124, 118, 104, 91, 74, 45]"
In-Distribution,10,exact_guidance_u,190,0,72,71,"[129, 23, 0, 0, 0, 6, 12, 19, 31, 34, 56, 72, 94, 108, 126, 127, 127, 123, 116, 118, 114, 91, 79, 54, 41, 42, 21, 8, 0, 9, 5, 22, 9, 35, 36, 56, 69, 76, 104, 113, 127, 127, 121, 127, 112, 116, 108, 98, 78, 61, 49, 32, 20, 15, 9, 4, 5, 57, 59, 70, 86, 94, 114, 127, 120, 125, 124, 118, 104, 91, 74, 45]","[23, 0, 0, 0, 6, 12, 19, 31, 34, 56, 72, 94, 108, 126, 127, 127, 123, 116, 118, 114, 91, 79, 54, 41, 42, 21, 8, 0, 9, 5, 22, 9, 35, 36, 56, 69, 76, 104, 113, 127, 127, 121, 127, 112, 116, 108, 98, 78, 61, 49, 32, 20, 15, 9, 4, 5, 57, 59, 70, 86, 94, 114, 127, 120, 125, 124, 118, 104, 91, 74, 45]"
In-Distribution,10,exact_guidance_u,191,0,72,71,"[129, 23, 0, 0, 0, 6, 12, 19, 31, 34, 56, 72, 94, 108, 126, 127, 127, 123, 116, 118, 114, 91, 79, 54, 41, 42, 21, 8, 0, 9, 5, 22, 9, 35, 36, 56, 69, 76, 104, 113, 127, 127, 121, 127, 112, 116, 108, 98, 78, 61, 49, 32, 20, 15, 9, 4, 5, 57, 59, 70, 86, 94, 114, 127, 120, 125, 124, 118, 104, 91, 74, 45]","[23, 0, 0, 0, 6, 12, 19, 31, 34, 56, 72, 94, 108, 126, 127, 127, 123, 116, 118, 114, 91, 79, 54, 41, 42, 21, 8, 0, 9, 5, 22, 9, 35, 36, 56, 69, 76, 104, 113, 127, 127, 121, 127, 112, 116, 108, 98, 78, 61, 49, 32, 20, 15, 9, 4, 5, 57, 59, 70, 86, 94, 114, 127, 120, 125, 124, 118, 104, 91, 74, 45]"
In-Distribution,10,exact_guidance_u,192,0,72,71,"[129, 23, 0, 0, 0, 6, 12, 19, 31, 34, 56, 72, 94, 108, 126, 127, 127, 123, 116, 118, 114, 91, 79, 54, 41, 42, 21, 8, 0, 9, 5, 22, 9, 35, 36, 56, 69, 76, 104, 113, 127, 127, 121, 127, 112, 116, 108, 98, 78, 61, 49, 32, 20, 15, 9, 4, 5, 57, 59, 70, 86, 94, 114, 127, 120, 125, 124, 118, 104, 91, 74, 45]","[23, 0, 0, 0, 6, 12, 19, 31, 34, 56, 72, 94, 108, 126, 127, 127, 123, 116, 118, 114, 91, 79, 54, 41, 42, 21, 8, 0, 9, 5, 22, 9, 35, 36, 56, 69, 76, 104, 113, 127, 127, 121, 127, 112, 116, 108, 98, 78, 61, 49, 32, 20, 15, 9, 4, 5, 57, 59, 70, 86, 94, 114, 127, 120, 125, 124, 118, 104, 91, 74, 45]"
In-Distribution,10,exact_guidance_u,193,0,72,71,"[129, 23, 0, 0, 0, 6, 12, 19, 31, 34, 56, 72, 94, 108, 126, 127, 127, 123, 116, 118, 114, 91, 79, 54, 41, 42, 21, 8, 0, 9, 5, 22, 9, 35, 36, 56, 69, 76, 104, 113, 127, 127, 121, 127, 112, 116, 108, 98, 78, 61, 49, 32, 20, 15, 9, 4, 5, 57, 59, 70, 86, 94, 114, 127, 120, 125, 124, 118, 104, 91, 74, 45]","[23, 0, 0, 0, 6, 12, 19, 31, 34, 56, 72, 94, 108, 126, 127, 127, 123, 116, 118, 114, 91, 79, 54, 41, 42, 21, 8, 0, 9, 5, 22, 9, 35, 36, 56, 69, 76, 104, 113, 127, 127, 121, 127, 112, 116, 108, 98, 78, 61, 49, 32, 20, 15, 9, 4, 5, 57, 59, 70, 86, 94, 114, 127, 120, 125, 124, 118, 104, 91, 74, 45]"
In-Distribution,10,exact_guidance_u,194,0,72,71,"[129, 23, 0, 0, 0, 6, 12, 19, 31, 34, 56, 72, 94, 108, 126, 127, 127, 123, 116, 118, 114, 91, 79, 54, 41, 42, 21, 8, 0, 9, 5, 22, 9, 35, 36, 56, 69, 76, 104, 113, 127, 127, 121, 127, 112, 116, 108, 98, 78, 61, 49, 32, 20, 15, 9, 4, 5, 57, 59, 70, 86, 94, 114, 127, 120, 125, 124, 118, 104, 91, 74, 45]","[23, 0, 0, 0, 6, 12, 19, 31, 34, 56, 72, 94, 108, 126, 127, 127, 123, 116, 118, 114, 91, 79, 54, 41, 42, 21, 8, 0, 9, 5, 22, 9, 35, 36, 56, 69, 76, 104, 113, 127, 127, 121, 127, 112, 116, 108, 98, 78, 61, 49, 32, 20, 15, 9, 4, 5, 57, 59, 70, 86, 94, 114, 127, 120, 125, 124, 118, 104, 91, 74, 45]"
In-Distribution,10,exact_guidance_u,195,0,72,71,"[129, 23, 0, 0, 0, 6, 12, 19, 31, 34, 56, 72, 94, 108, 126, 127, 127, 123, 116, 118, 114, 91, 79, 54, 41, 42, 21, 8, 0, 9, 5, 22, 9, 35, 36, 56, 69, 76, 104, 113, 127, 127, 121, 127, 112, 116, 108, 98, 78, 61, 49, 32, 20, 15, 9, 4, 5, 57, 59, 70, 86, 94, 114, 127, 120, 125, 124, 118, 104, 91, 74, 45]","[23, 0, 0, 0, 6, 12, 19, 31, 34, 56, 72, 94, 108, 126, 127, 127, 123, 116, 118, 114, 91, 79, 54, 41, 42, 21, 8, 0, 9, 5, 22, 9, 35, 36, 56, 69, 76, 104, 113, 127, 127, 121, 127, 112, 116, 108, 98, 78, 61, 49, 32, 20, 15, 9, 4, 5, 57, 59, 70, 86, 94, 114, 127, 120, 125, 124, 118, 104, 91, 74, 45]"
In-Distribution,10,exact_guidance_u,196,0,72,71,"[129, 23, 0, 0, 0, 6, 12, 19, 31, 34, 56, 72, 94, 108, 126, 127, 127, 123, 116, 118, 114, 91, 79, 54, 41, 42, 21, 8, 0, 9, 5, 22, 9, 35, 36, 56, 69, 76, 104, 113, 127, 127, 121, 127, 112, 116, 108, 98, 78, 61, 49, 32, 20, 15, 9, 4, 5, 57, 59, 70, 86, 94, 114, 127, 120, 125, 124, 118, 104, 91, 74, 45]","[23, 0, 0, 0, 6, 12, 19, 31, 34, 56, 72, 94, 108, 126, 127, 127, 123, 116, 118, 114, 91, 79, 54, 41, 42, 21, 8, 0, 9, 5, 22, 9, 35, 36, 56, 69, 76, 104, 113, 127, 127, 121, 127, 112, 116, 108, 98, 78, 61, 49, 32, 20, 15, 9, 4, 5, 57, 59, 70, 86, 94, 114, 127, 120, 125, 124, 118, 104, 91, 74, 45]"
In-Distribution,10,exact_guidance_u,197,0,72,71,"[129, 23, 0, 0, 0, 6, 12, 19, 31, 34, 56, 72, 94, 108, 126, 127, 127, 123, 116, 118, 114, 91, 79, 54, 41, 42, 21, 8, 0, 9, 5, 22, 9, 35, 36, 56, 69, 76, 104, 113, 127, 127, 121, 127, 112, 116, 108, 98, 78, 61, 49, 32, 20, 15, 9, 4, 5, 57, 59, 70, 86, 94, 114, 127, 120, 125, 124, 118, 104, 91, 74, 45]","[23, 0, 0, 0, 6, 12, 19, 31, 34, 56, 72, 94, 108, 126, 127, 127, 123, 116, 118, 114, 91, 79, 54, 41, 42, 21, 8, 0, 9, 5, 22, 9, 35, 36, 56, 69, 76, 104, 113, 127, 127, 121, 127, 112, 116, 108, 98, 78, 61, 49, 32, 20, 15, 9, 4, 5, 57, 59, 70, 86, 94, 114, 127, 120, 125, 124, 118, 104, 91, 74, 45]"
In-Distribution,10,exact_guidance_u,198,0,72,71,"[129, 23, 0, 0, 0, 6, 12, 19, 31, 34, 56, 72, 94, 108, 126, 127, 127, 123, 116, 118, 114, 91, 79, 54, 41, 42, 21, 8, 0, 9, 5, 22, 9, 35, 36, 56, 69, 76, 104, 113, 127, 127, 121, 127, 112, 116, 108, 98, 78, 61, 49, 32, 20, 15, 9, 4, 5, 57, 59, 70, 86, 94, 114, 127, 120, 125, 124, 118, 104, 91, 74, 45]","[23, 0, 0, 0, 6, 12, 19, 31, 34, 56, 72, 94, 108, 126, 127, 127, 123, 116, 118, 114, 91, 79, 54, 41, 42, 21, 8, 0, 9, 5, 22, 9, 35, 36, 56, 69, 76, 104, 113, 127, 127, 121, 127, 112, 116, 108, 98, 78, 61, 49, 32, 20, 15, 9, 4, 5, 57, 59, 70, 86, 94, 114, 127, 120, 125, 124, 118, 104, 91, 74, 45]"
In-Distribution,10,exact_guidance_u,199,0,72,71,"[129, 23, 0, 0, 0, 6, 12, 19, 31, 34, 56, 72, 94, 108, 126, 127, 127, 123, 116, 118, 114, 91, 79, 54, 41, 42, 21, 8, 0, 9, 5, 22, 9, 35, 36, 56, 69, 76, 104, 113, 127, 127, 121, 127, 112, 116, 108, 98, 78, 61, 49, 32, 20, 15, 9, 4, 5, 57, 59, 70, 86, 94, 114, 127, 120, 125, 124, 118, 104, 91, 74, 45]","[23, 0, 0, 0, 6, 12, 19, 31, 34, 56, 72, 94, 108, 126, 127, 127, 123, 116, 118, 114, 91, 79, 54, 41, 42, 21, 8, 0, 9, 5, 22, 9, 35, 36, 56, 69, 76, 104, 113, 127, 127, 121, 127, 112, 116, 108, 98, 78, 61, 49, 32, 20, 15, 9, 4, 5, 57, 59, 70, 86, 94, 114, 127, 120, 125, 124, 118, 104, 91, 74, 45]"
In-Distribution,10,exact_guidance_u,200,0,72,71,"[129, 23, 0, 0, 0, 6, 12, 19, 31, 34, 56, 72, 94, 108, 126, 127, 127, 123, 116, 118, 114, 91, 79, 54, 41, 42, 21, 8, 0, 9, 5, 22, 9, 35, 36, 56, 69, 76, 104, 113, 127, 127, 121, 127, 112, 116, 108, 98, 78, 61, 49, 32, 20, 15, 9, 4, 5, 57, 59, 70, 86, 94, 114, 127, 120, 125, 124, 118, 104, 91, 74, 45]","[23, 0, 0, 0, 6, 12, 19, 31, 34, 56, 72, 94, 108, 126, 127, 127, 123, 116, 118, 114, 91, 79, 54, 41, 42, 21, 8, 0, 9, 5, 22, 9, 35, 36, 56, 69, 76, 104, 113, 127, 127, 121, 127, 112, 116, 108, 98, 78, 61, 49, 32, 20, 15, 9, 4, 5, 57, 59, 70, 86, 94, 114, 127, 120, 125, 124, 118, 104, 91, 74, 45]"
In-Distribution,10,exact_guidance_u,201,0,72,71,"[129, 23, 0, 0, 0, 6, 12, 19, 31, 34, 56, 72, 94, 108, 126, 127, 127, 123, 116, 118, 114, 91, 79, 54, 41, 42, 21, 8, 0, 9, 5, 22, 9, 35, 36, 56, 69, 76, 104, 113, 127, 127, 121, 127, 112, 116, 108, 98, 78, 61, 49, 32, 20, 15, 9, 4, 5, 57, 59, 70, 86, 94, 114, 127, 120, 125, 124, 118, 104, 91, 74, 45]","[23, 0, 0, 0, 6, 12, 19, 31, 34, 56, 72, 94, 108, 126, 127, 127, 123, 116, 118, 114, 91, 79, 54, 41, 42, 21, 8, 0, 9, 5, 22, 9, 35, 36, 56, 69, 76, 104, 113, 127, 127, 121, 127, 112, 116, 108, 98, 78, 61, 49, 32, 20, 15, 9, 4, 5, 57, 59, 70, 86, 94, 114, 127, 120, 125, 124, 118, 104, 91, 74, 45]"
In-Distribution,10,exact_guidance_u,202,0,72,71,"[129, 23, 0, 0, 0, 6, 12, 19, 31, 34, 56, 72, 94, 108, 126, 127, 127, 123, 116, 118, 114, 91, 79, 54, 41, 42, 21, 8, 0, 9, 5, 22, 9, 35, 36, 56, 69, 76, 104, 113, 127, 127, 121, 127, 112, 116, 108, 98, 78, 61, 49, 32, 20, 15, 9, 4, 5, 57, 59, 70, 86, 94, 114, 127, 120, 125, 124, 118, 104, 91, 74, 45]","[23, 0, 0, 0, 6, 12, 19, 31, 34, 56, 72, 94, 108, 126, 127, 127, 123, 116, 118, 114, 91, 79, 54, 41, 42, 21, 8, 0, 9, 5, 22, 9, 35, 36, 56, 69, 76, 104, 113, 127, 127, 121, 127, 112, 116, 108, 98, 78, 61, 49, 32, 20, 15, 9, 4, 5, 57, 59, 70, 86, 94, 114, 127, 120, 125, 124, 118, 104, 91, 74, 45]"
In-Distribution,10,exact_guidance_u,203,0,72,71,"[129, 23, 0, 0, 0, 6, 12, 19, 31, 34, 56, 72, 94, 108, 126, 127, 127, 123, 116, 118, 114, 91, 79, 54, 41, 42, 21, 8, 0, 9, 5, 22, 9, 35, 36, 56, 69, 76, 104, 113, 127, 127, 121, 127, 112, 116, 108, 98, 78, 61, 49, 32, 20, 15, 9, 4, 5, 57, 59, 70, 86, 94, 114, 127, 120, 125, 124, 118, 104, 91, 74, 45]","[23, 0, 0, 0, 6, 12, 19, 31, 34, 56, 72, 94, 108, 126, 127, 127, 123, 116, 118, 114, 91, 79, 54, 41, 42, 21, 8, 0, 9, 5, 22, 9, 35, 36, 56, 69, 76, 104, 113, 127, 127, 121, 127, 112, 116, 108, 98, 78, 61, 49, 32, 20, 15, 9, 4, 5, 57, 59, 70, 86, 94, 114, 127, 120, 125, 124, 118, 104, 91, 74, 45]"
In-Distribution,10,exact_guidance_u,204,0,73,72,"[129, 23, 0, 0, 0, 6, 12, 19, 31, 34, 56, 72, 94, 116, 108, 126, 127, 127, 123, 116, 118, 114, 91, 79, 54, 41, 42, 21, 8, 0, 9, 5, 22, 9, 35, 36, 56, 69, 76, 104, 113, 127, 127, 121, 127, 112, 116, 108, 98, 78, 61, 49, 32, 20, 15, 9, 4, 5, 57, 59, 70, 86, 94, 114, 127, 120, 125, 124, 118, 104, 91, 74, 45]","[23, 0, 0, 0, 6, 12, 19, 31, 34, 56, 72, 94, 116, 108, 126, 127, 127, 123, 116, 118, 114, 91, 79, 54, 41, 42, 21, 8, 0, 9, 5, 22, 9, 35, 36, 56, 69, 76, 104, 113, 127, 127, 121, 127, 112, 116, 108, 98, 78, 61, 49, 32, 20, 15, 9, 4, 5, 57, 59, 70, 86, 94, 114, 127, 120, 125, 124, 118, 104, 91, 74, 45]"
In-Distribution,10,exact_guidance_u,205,0,73,72,"[129, 23, 0, 0, 0, 6, 12, 19, 31, 34, 56, 72, 94, 116, 108, 126, 127, 127, 123, 116, 118, 114, 91, 79, 54, 41, 42, 21, 8, 0, 9, 5, 22, 9, 35, 36, 56, 69, 76, 104, 113, 127, 127, 121, 127, 112, 116, 108, 98, 78, 61, 49, 32, 20, 15, 9, 4, 5, 57, 59, 70, 86, 94, 114, 127, 120, 125, 124, 118, 104, 91, 74, 45]","[23, 0, 0, 0, 6, 12, 19, 31, 34, 56, 72, 94, 116, 108, 126, 127, 127, 123, 116, 118, 114, 91, 79, 54, 41, 42, 21, 8, 0, 9, 5, 22, 9, 35, 36, 56, 69, 76, 104, 113, 127, 127, 121, 127, 112, 116, 108, 98, 78, 61, 49, 32, 20, 15, 9, 4, 5, 57, 59, 70, 86, 94, 114, 127, 120, 125, 124, 118, 104, 91, 74, 45]"
In-Distribution,10,exact_guidance_u,206,0,73,72,"[129, 23, 0, 0, 0, 6, 12, 19, 31, 34, 56, 72, 94, 116, 108, 126, 127, 127, 123, 116, 118, 114, 91, 79, 54, 41, 42, 21, 8, 0, 9, 5, 22, 9, 35, 36, 56, 69, 76, 104, 113, 127, 127, 121, 127, 112, 116, 108, 98, 78, 61, 49, 32, 20, 15, 9, 4, 5, 57, 59, 70, 86, 94, 114, 127, 120, 125, 124, 118, 104, 91, 74, 45]","[23, 0, 0, 0, 6, 12, 19, 31, 34, 56, 72, 94, 116, 108, 126, 127, 127, 123, 116, 118, 114, 91, 79, 54, 41, 42, 21, 8, 0, 9, 5, 22, 9, 35, 36, 56, 69, 76, 104, 113, 127, 127, 121, 127, 112, 116, 108, 98, 78, 61, 49, 32, 20, 15, 9, 4, 5, 57, 59, 70, 86, 94, 114, 127, 120, 125, 124, 118, 104, 91, 74, 45]"
In-Distribution,10,exact_guidance_u,207,0,73,72,"[129, 23, 0, 0, 0, 6, 12, 19, 31, 34, 56, 72, 94, 116, 108, 126, 127, 127, 123, 116, 118, 114, 91, 79, 54, 41, 42, 21, 8, 0, 9, 5, 22, 9, 35, 36, 56, 69, 76, 104, 113, 127, 127, 121, 127, 112, 116, 108, 98, 78, 61, 49, 32, 20, 15, 9, 4, 5, 57, 59, 70, 86, 94, 114, 127, 120, 125, 124, 118, 104, 91, 74, 45]","[23, 0, 0, 0, 6, 12, 19, 31, 34, 56, 72, 94, 116, 108, 126, 127, 127, 123, 116, 118, 114, 91, 79, 54, 41, 42, 21, 8, 0, 9, 5, 22, 9, 35, 36, 56, 69, 76, 104, 113, 127, 127, 121, 127, 112, 116, 108, 98, 78, 61, 49, 32, 20, 15, 9, 4, 5, 57, 59, 70, 86, 94, 114, 127, 120, 125, 124, 118, 104, 91, 74, 45]"
In-Distribution,10,exact_guidance_u,208,0,73,72,"[129, 23, 0, 0, 0, 6, 12, 19, 31, 34, 56, 72, 94, 116, 108, 126, 127, 127, 123, 116, 118, 114, 91, 79, 54, 41, 42, 21, 8, 0, 9, 5, 22, 9, 35, 36, 56, 69, 76, 104, 113, 127, 127, 121, 127, 112, 116, 108, 98, 78, 61, 49, 32, 20, 15, 9, 4, 5, 57, 59, 70, 86, 94, 114, 127, 120, 125, 124, 118, 104, 91, 74, 45]","[23, 0, 0, 0, 6, 12, 19, 31, 34, 56, 72, 94, 116, 108, 126, 127, 127, 123, 116, 118, 114, 91, 79, 54, 41, 42, 21, 8, 0, 9, 5, 22, 9, 35, 36, 56, 69, 76, 104, 113, 127, 127, 121, 127, 112, 116, 108, 98, 78, 61, 49, 32, 20, 15, 9, 4, 5, 57, 59, 70, 86, 94, 114, 127, 120, 125, 124, 118, 104, 91, 74, 45]"
In-Distribution,10,exact_guidance_u,209,0,73,72,"[129, 23, 0, 0, 0, 6, 12, 19, 31, 34, 56, 72, 94, 116, 108, 126, 127, 127, 123, 116, 118, 114, 91, 79, 54, 41, 42, 21, 8, 0, 9, 5, 22, 9, 35, 36, 56, 69, 76, 104, 113, 127, 127, 121, 127, 112, 116, 108, 98, 78, 61, 49, 32, 20, 15, 9, 4, 5, 57, 59, 70, 86, 94, 114, 127, 120, 125, 124, 118, 104, 91, 74, 45]","[23, 0, 0, 0, 6, 12, 19, 31, 34, 56, 72, 94, 116, 108, 126, 127, 127, 123, 116, 118, 114, 91, 79, 54, 41, 42, 21, 8, 0, 9, 5, 22, 9, 35, 36, 56, 69, 76, 104, 113, 127, 127, 121, 127, 112, 116, 108, 98, 78, 61, 49, 32, 20, 15, 9, 4, 5, 57, 59, 70, 86, 94, 114, 127, 120, 125, 124, 118, 104, 91, 74, 45]"
In-Distribution,10,exact_guidance_u,210,0,73,72,"[129, 23, 0, 0, 0, 6, 12, 19, 31, 34, 56, 72, 94, 116, 108, 126, 127, 127, 123, 116, 118, 114, 91, 79, 54, 41, 42, 21, 8, 0, 9, 5, 22, 9, 35, 36, 56, 69, 76, 104, 113, 127, 127, 121, 127, 112, 116, 108, 98, 78, 61, 49, 32, 20, 15, 9, 4, 5, 57, 59, 70, 86, 94, 114, 127, 120, 125, 124, 118, 104, 91, 74, 45]","[23, 0, 0, 0, 6, 12, 19, 31, 34, 56, 72, 94, 116, 108, 126, 127, 127, 123, 116, 118, 114, 91, 79, 54, 41, 42, 21, 8, 0, 9, 5, 22, 9, 35, 36, 56, 69, 76, 104, 113, 127, 127, 121, 127, 112, 116, 108, 98, 78, 61, 49, 32, 20, 15, 9, 4, 5, 57, 59, 70, 86, 94, 114, 127, 120, 125, 124, 118, 104, 91, 74, 45]"
In-Distribution,10,exact_guidance_u,211,0,74,73,"[129, 23, 0, 0, 0, 6, 12, 19, 31, 34, 56, 72, 81, 94, 116, 108, 126, 127, 127, 123, 116, 118, 114, 91, 79, 54, 41, 42, 21, 8, 0, 9, 5, 22, 9, 35, 36, 56, 69, 76, 104, 113, 127, 127, 121, 127, 112, 116, 108, 98, 78, 61, 49, 32, 20, 15, 9, 4, 5, 57, 59, 70, 86, 94, 114, 127, 120, 125, 124, 118, 104, 91, 74, 45]","[23, 0, 0, 0, 6, 12, 19, 31, 34, 56, 72, 81, 94, 116, 108, 126, 127, 127, 123, 116, 118, 114, 91, 79, 54, 41, 42, 21, 8, 0, 9, 5, 22, 9, 35, 36, 56, 69, 76, 104, 113, 127, 127, 121, 127, 112, 116, 108, 98, 78, 61, 49, 32, 20, 15, 9, 4, 5, 57, 59, 70, 86, 94, 114, 127, 120, 125, 124, 118, 104, 91, 74, 45]"
In-Distribution,10,exact_guidance_u,212,0,74,73,"[129, 23, 0, 0, 0, 6, 12, 19, 31, 34, 56, 72, 81, 94, 116, 108, 126, 127, 127, 123, 116, 118, 114, 91, 79, 54, 41, 42, 21, 8, 0, 9, 5, 22, 9, 35, 36, 56, 69, 76, 104, 113, 127, 127, 121, 127, 112, 116, 108, 98, 78, 61, 49, 32, 20, 15, 9, 4, 5, 57, 59, 70, 86, 94, 114, 127, 120, 125, 124, 118, 104, 91, 74, 45]","[23, 0, 0, 0, 6, 12, 19, 31, 34, 56, 72, 81, 94, 116, 108, 126, 127, 127, 123, 116, 118, 114, 91, 79, 54, 41, 42, 21, 8, 0, 9, 5, 22, 9, 35, 36, 56, 69, 76, 104, 113, 127, 127, 121, 127, 112, 116, 108, 98, 78, 61, 49, 32, 20, 15, 9, 4, 5, 57, 59, 70, 86, 94, 114, 127, 120, 125, 124, 118, 104, 91, 74, 45]"
In-Distribution,10,exact_guidance_u,213,0,75,74,"[129, 23, 4, 0, 0, 0, 6, 12, 19, 31, 34, 56, 72, 81, 94, 116, 108, 126, 127, 127, 123, 116, 118, 114, 91, 79, 54, 41, 42, 21, 8, 0, 9, 5, 22, 9, 35, 36, 56, 69, 76, 104, 113, 127, 127, 121, 127, 112, 116, 108, 98, 78, 61, 49, 32, 20, 15, 9, 4, 5, 57, 59, 70, 86, 94, 114, 127, 120, 125, 124, 118, 104, 91, 74, 45]","[23, 4, 0, 0, 0, 6, 12, 19, 31, 34, 56, 72, 81, 94, 116, 108, 126, 127, 127, 123, 116, 118, 114, 91, 79, 54, 41, 42, 21, 8, 0, 9, 5, 22, 9, 35, 36, 56, 69, 76, 104, 113, 127, 127, 121, 127, 112, 116, 108, 98, 78, 61, 49, 32, 20, 15, 9, 4, 5, 57, 59, 70, 86, 94, 114, 127, 120, 125, 124, 118, 104, 91, 74, 45]"
In-Distribution,10,exact_guidance_u,214,0,75,74,"[129, 23, 4, 0, 0, 0, 6, 12, 19, 31, 34, 56, 72, 81, 94, 116, 108, 126, 127, 127, 123, 116, 118, 114, 91, 79, 54, 41, 42, 21, 8, 0, 9, 5, 22, 9, 35, 36, 56, 69, 76, 104, 113, 127, 127, 121, 127, 112, 116, 108, 98, 78, 61, 49, 32, 20, 15, 9, 4, 5, 57, 59, 70, 86, 94, 114, 127, 120, 125, 124, 118, 104, 91, 74, 45]","[23, 4, 0, 0, 0, 6, 12, 19, 31, 34, 56, 72, 81, 94, 116, 108, 126, 127, 127, 123, 116, 118, 114, 91, 79, 54, 41, 42, 21, 8, 0, 9, 5, 22, 9, 35, 36, 56, 69, 76, 104, 113, 127, 127, 121, 127, 112, 116, 108, 98, 78, 61, 49, 32, 20, 15, 9, 4, 5, 57, 59, 70, 86, 94, 114, 127, 120, 125, 124, 118, 104, 91, 74, 45]"
In-Distribution,10,exact_guidance_u,215,0,76,75,"[129, 23, 4, 0, 0, 0, 6, 12, 19, 31, 34, 56, 72, 81, 94, 116, 108, 126, 127, 127, 123, 116, 118, 114, 91, 79, 54, 41, 42, 21, 8, 0, 9, 5, 22, 9, 35, 36, 56, 69, 76, 104, 113, 127, 127, 121, 127, 112, 116, 108, 98, 78, 61, 49, 32, 20, 15, 9, 4, 5, 57, 59, 70, 86, 94, 114, 127, 120, 125, 127, 124, 118, 104, 91, 74, 45]","[23, 4, 0, 0, 0, 6, 12, 19, 31, 34, 56, 72, 81, 94, 116, 108, 126, 127, 127, 123, 116, 118, 114, 91, 79, 54, 41, 42, 21, 8, 0, 9, 5, 22, 9, 35, 36, 56, 69, 76, 104, 113, 127, 127, 121, 127, 112, 116, 108, 98, 78, 61, 49, 32, 20, 15, 9, 4, 5, 57, 59, 70, 86, 94, 114, 127, 120, 125, 127, 124, 118, 104, 91, 74, 45]"
In-Distribution,10,exact_guidance_u,216,0,76,75,"[129, 23, 4, 0, 0, 0, 6, 12, 19, 31, 34, 56, 72, 81, 94, 116, 108, 126, 127, 127, 123, 116, 118, 114, 91, 79, 54, 41, 42, 21, 8, 0, 9, 5, 22, 9, 35, 36, 56, 69, 76, 104, 113, 127, 127, 121, 127, 112, 116, 108, 98, 78, 61, 49, 32, 20, 15, 9, 4, 5, 57, 59, 70, 86, 94, 114, 127, 120, 125, 127, 124, 118, 104, 91, 74, 45]","[23, 4, 0, 0, 0, 6, 12, 19, 31, 34, 56, 72, 81, 94, 116, 108, 126, 127, 127, 123, 116, 118, 114, 91, 79, 54, 41, 42, 21, 8, 0, 9, 5, 22, 9, 35, 36, 56, 69, 76, 104, 113, 127, 127, 121, 127, 112, 116, 108, 98, 78, 61, 49, 32, 20, 15, 9, 4, 5, 57, 59, 70, 86, 94, 114, 127, 120, 125, 127, 124, 118, 104, 91, 74, 45]"
In-Distribution,10,exact_guidance_u,217,0,76,75,"[129, 23, 4, 0, 0, 0, 6, 12, 19, 31, 34, 56, 72, 81, 94, 116, 108, 126, 127, 127, 123, 116, 118, 114, 91, 79, 54, 41, 42, 21, 8, 0, 9, 5, 22, 9, 35, 36, 56, 69, 76, 104, 113, 127, 127, 121, 127, 112, 116, 108, 98, 78, 61, 49, 32, 20, 15, 9, 4, 5, 57, 59, 70, 86, 94, 114, 127, 120, 125, 127, 124, 118, 104, 91, 74, 45]","[23, 4, 0, 0, 0, 6, 12, 19, 31, 34, 56, 72, 81, 94, 116, 108, 126, 127, 127, 123, 116, 118, 114, 91, 79, 54, 41, 42, 21, 8, 0, 9, 5, 22, 9, 35, 36, 56, 69, 76, 104, 113, 127, 127, 121, 127, 112, 116, 108, 98, 78, 61, 49, 32, 20, 15, 9, 4, 5, 57, 59, 70, 86, 94, 114, 127, 120, 125, 127, 124, 118, 104, 91, 74, 45]"
In-Distribution,10,exact_guidance_u,218,0,76,75,"[129, 23, 4, 0, 0, 0, 6, 12, 19, 31, 34, 56, 72, 81, 94, 116, 108, 126, 127, 127, 123, 116, 118, 114, 91, 79, 54, 41, 42, 21, 8, 0, 9, 5, 22, 9, 35, 36, 56, 69, 76, 104, 113, 127, 127, 121, 127, 112, 116, 108, 98, 78, 61, 49, 32, 20, 15, 9, 4, 5, 57, 59, 70, 86, 94, 114, 127, 120, 125, 127, 124, 118, 104, 91, 74, 45]","[23, 4, 0, 0, 0, 6, 12, 19, 31, 34, 56, 72, 81, 94, 116, 108, 126, 127, 127, 123, 116, 118, 114, 91, 79, 54, 41, 42, 21, 8, 0, 9, 5, 22, 9, 35, 36, 56, 69, 76, 104, 113, 127, 127, 121, 127, 112, 116, 108, 98, 78, 61, 49, 32, 20, 15, 9, 4, 5, 57, 59, 70, 86, 94, 114, 127, 120, 125, 127, 124, 118, 104, 91, 74, 45]"
In-Distribution,10,exact_guidance_u,219,0,76,75,"[129, 23, 4, 0, 0, 0, 6, 12, 19, 31, 34, 56, 72, 81, 94, 116, 108, 126, 127, 127, 123, 116, 118, 114, 91, 79, 54, 41, 42, 21, 8, 0, 9, 5, 22, 9, 35, 36, 56, 69, 76, 104, 113, 127, 127, 121, 127, 112, 116, 108, 98, 78, 61, 49, 32, 20, 15, 9, 4, 5, 57, 59, 70, 86, 94, 114, 127, 120, 125, 127, 124, 118, 104, 91, 74, 45]","[23, 4, 0, 0, 0, 6, 12, 19, 31, 34, 56, 72, 81, 94, 116, 108, 126, 127, 127, 123, 116, 118, 114, 91, 79, 54, 41, 42, 21, 8, 0, 9, 5, 22, 9, 35, 36, 56, 69, 76, 104, 113, 127, 127, 121, 127, 112, 116, 108, 98, 78, 61, 49, 32, 20, 15, 9, 4, 5, 57, 59, 70, 86, 94, 114, 127, 120, 125, 127, 124, 118, 104, 91, 74, 45]"
In-Distribution,10,exact_guidance_u,220,0,76,75,"[129, 23, 4, 0, 0, 0, 6, 12, 19, 31, 34, 56, 72, 81, 94, 116, 108, 126, 127, 127, 123, 116, 118, 114, 91, 79, 54, 41, 42, 21, 8, 0, 9, 5, 22, 9, 35, 36, 56, 69, 76, 104, 113, 127, 127, 121, 127, 112, 116, 108, 98, 78, 61, 49, 32, 20, 15, 9, 4, 5, 57, 59, 70, 86, 94, 114, 127, 120, 125, 127, 124, 118, 104, 91, 74, 45]","[23, 4, 0, 0, 0, 6, 12, 19, 31, 34, 56, 72, 81, 94, 116, 108, 126, 127, 127, 123, 116, 118, 114, 91, 79, 54, 41, 42, 21, 8, 0, 9, 5, 22, 9, 35, 36, 56, 69, 76, 104, 113, 127, 127, 121, 127, 112, 116, 108, 98, 78, 61, 49, 32, 20, 15, 9, 4, 5, 57, 59, 70, 86, 94, 114, 127, 120, 125, 127, 124, 118, 104, 91, 74, 45]"
In-Distribution,10,exact_guidance_u,221,0,76,75,"[129, 23, 4, 0, 0, 0, 6, 12, 19, 31, 34, 56, 72, 81, 94, 116, 108, 126, 127, 127, 123, 116, 118, 114, 91, 79, 54, 41, 42, 21, 8, 0, 9, 5, 22, 9, 35, 36, 56, 69, 76, 104, 113, 127, 127, 121, 127, 112, 116, 108, 98, 78, 61, 49, 32, 20, 15, 9, 4, 5, 57, 59, 70, 86, 94, 114, 127, 120, 125, 127, 124, 118, 104, 91, 74, 45]","[23, 4, 0, 0, 0, 6, 12, 19, 31, 34, 56, 72, 81, 94, 116, 108, 126, 127, 127, 123, 116, 118, 114, 91, 79, 54, 41, 42, 21, 8, 0, 9, 5, 22, 9, 35, 36, 56, 69, 76, 104, 113, 127, 127, 121, 127, 112, 116, 108, 98, 78, 61, 49, 32, 20, 15, 9, 4, 5, 57, 59, 70, 86, 94, 114, 127, 120, 125, 127, 124, 118, 104, 91, 74, 45]"
In-Distribution,10,exact_guidance_u,222,0,76,75,"[129, 23, 4, 0, 0, 0, 6, 12, 19, 31, 34, 56, 72, 81, 94, 116, 108, 126, 127, 127, 123, 116, 118, 114, 91, 79, 54, 41, 42, 21, 8, 0, 9, 5, 22, 9, 35, 36, 56, 69, 76, 104, 113, 127, 127, 121, 127, 112, 116, 108, 98, 78, 61, 49, 32, 20, 15, 9, 4, 5, 57, 59, 70, 86, 94, 114, 127, 120, 125, 127, 124, 118, 104, 91, 74, 45]","[23, 4, 0, 0, 0, 6, 12, 19, 31, 34, 56, 72, 81, 94, 116, 108, 126, 127, 127, 123, 116, 118, 114, 91, 79, 54, 41, 42, 21, 8, 0, 9, 5, 22, 9, 35, 36, 56, 69, 76, 104, 113, 127, 127, 121, 127, 112, 116, 108, 98, 78, 61, 49, 32, 20, 15, 9, 4, 5, 57, 59, 70, 86, 94, 114, 127, 120, 125, 127, 124, 118, 104, 91, 74, 45]"
In-Distribution,10,exact_guidance_u,223,0,76,75,"[129, 23, 4, 0, 0, 0, 6, 12, 19, 31, 34, 56, 72, 81, 94, 116, 108, 126, 127, 127, 123, 116, 118, 114, 91, 79, 54, 41, 42, 21, 8, 0, 9, 5, 22, 9, 35, 36, 56, 69, 76, 104, 113, 127, 127, 121, 127, 112, 116, 108, 98, 78, 61, 49, 32, 20, 15, 9, 4, 5, 57, 59, 70, 86, 94, 114, 127, 120, 125, 127, 124, 118, 104, 91, 74, 45]","[23, 4, 0, 0, 0, 6, 12, 19, 31, 34, 56, 72, 81, 94, 116, 108, 126, 127, 127, 123, 116, 118, 114, 91, 79, 54, 41, 42, 21, 8, 0, 9, 5, 22, 9, 35, 36, 56, 69, 76, 104, 113, 127, 127, 121, 127, 112, 116, 108, 98, 78, 61, 49, 32, 20, 15, 9, 4, 5, 57, 59, 70, 86, 94, 114, 127, 120, 125, 127, 124, 118, 104, 91, 74, 45]"
In-Distribution,10,exact_guidance_u,224,0,76,75,"[129, 23, 4, 0, 0, 0, 6, 12, 19, 31, 34, 56, 72, 81, 94, 116, 108, 126, 127, 127, 123, 116, 118, 114, 91, 79, 54, 41, 42, 21, 8, 0, 9, 5, 22, 9, 35, 36, 56, 69, 76, 104, 113, 127, 127, 121, 127, 112, 116, 108, 98, 78, 61, 49, 32, 20, 15, 9, 4, 5, 57, 59, 70, 86, 94, 114, 127, 120, 125, 127, 124, 118, 104, 91, 74, 45]","[23, 4, 0, 0, 0, 6, 12, 19, 31, 34, 56, 72, 81, 94, 116, 108, 126, 127, 127, 123, 116, 118, 114, 91, 79, 54, 41, 42, 21, 8, 0, 9, 5, 22, 9, 35, 36, 56, 69, 76, 104, 113, 127, 127, 121, 127, 112, 116, 108, 98, 78, 61, 49, 32, 20, 15, 9, 4, 5, 57, 59, 70, 86, 94, 114, 127, 120, 125, 127, 124, 118, 104, 91, 74, 45]"
In-Distribution,10,exact_guidance_u,225,0,76,75,"[129, 23, 4, 0, 0, 0, 6, 12, 19, 31, 34, 56, 72, 81, 94, 116, 108, 126, 127, 127, 123, 116, 118, 114, 91, 79, 54, 41, 42, 21, 8, 0, 9, 5, 22, 9, 35, 36, 56, 69, 76, 104, 113, 127, 127, 121, 127, 112, 116, 108, 98, 78, 61, 49, 32, 20, 15, 9, 4, 5, 57, 59, 70, 86, 94, 114, 127, 120, 125, 127, 124, 118, 104, 91, 74, 45]","[23, 4, 0, 0, 0, 6, 12, 19, 31, 34, 56, 72, 81, 94, 116, 108, 126, 127, 127, 123, 116, 118, 114, 91, 79, 54, 41, 42, 21, 8, 0, 9, 5, 22, 9, 35, 36, 56, 69, 76, 104, 113, 127, 127, 121, 127, 112, 116, 108, 98, 78, 61, 49, 32, 20, 15, 9, 4, 5, 57, 59, 70, 86, 94, 114, 127, 120, 125, 127, 124, 118, 104, 91, 74, 45]"
In-Distribution,10,exact_guidance_u,226,0,77,76,"[129, 34, 23, 4, 0, 0, 0, 6, 12, 19, 31, 34, 56, 72, 81, 94, 116, 108, 126, 127, 127, 123, 116, 118, 114, 91, 79, 54, 41, 42, 21, 8, 0, 9, 5, 22, 9, 35, 36, 56, 69, 76, 104, 113, 127, 127, 121, 127, 112, 116, 108, 98, 78, 61, 49, 32, 20, 15, 9, 4, 5, 57, 59, 70, 86, 94, 114, 127, 120, 125, 127, 124, 118, 104, 91, 74, 45]","[34, 23, 4, 0, 0, 0, 6, 12, 19, 31, 34, 56, 72, 81, 94, 116, 108, 126, 127, 127, 123, 116, 118, 114, 91, 79, 54, 41, 42, 21, 8, 0, 9, 5, 22, 9, 35, 36, 56, 69, 76, 104, 113, 127, 127, 121, 127, 112, 116, 108, 98, 78, 61, 49, 32, 20, 15, 9, 4, 5, 57, 59, 70, 86, 94, 114, 127, 120, 125, 127, 124, 118, 104, 91, 74, 45]"
In-Distribution,10,exact_guidance_u,227,0,77,76,"[129, 34, 23, 4, 0, 0, 0, 6, 12, 19, 31, 34, 56, 72, 81, 94, 116, 108, 126, 127, 127, 123, 116, 118, 114, 91, 79, 54, 41, 42, 21, 8, 0, 9, 5, 22, 9, 35, 36, 56, 69, 76, 104, 113, 127, 127, 121, 127, 112, 116, 108, 98, 78, 61, 49, 32, 20, 15, 9, 4, 5, 57, 59, 70, 86, 94, 114, 127, 120, 125, 127, 124, 118, 104, 91, 74, 45]","[34, 23, 4, 0, 0, 0, 6, 12, 19, 31, 34, 56, 72, 81, 94, 116, 108, 126, 127, 127, 123, 116, 118, 114, 91, 79, 54, 41, 42, 21, 8, 0, 9, 5, 22, 9, 35, 36, 56, 69, 76, 104, 113, 127, 127, 121, 127, 112, 116, 108, 98, 78, 61, 49, 32, 20, 15, 9, 4, 5, 57, 59, 70, 86, 94, 114, 127, 120, 125, 127, 124, 118, 104, 91, 74, 45]"
In-Distribution,10,exact_guidance_u,228,0,78,77,"[129, 34, 23, 4, 0, 0, 0, 6, 12, 19, 31, 34, 56, 72, 81, 94, 116, 108, 126, 127, 127, 123, 116, 118, 114, 91, 79, 54, 41, 42, 21, 8, 0, 9, 5, 22, 9, 35, 36, 56, 69, 76, 104, 113, 127, 127, 121, 127, 112, 116, 108, 98, 78, 61, 49, 32, 20, 15, 9, 4, 5, 27, 57, 59, 70, 86, 94, 114, 127, 120, 125, 127, 124, 118, 104, 91, 74, 45]","[34, 23, 4, 0, 0, 0, 6, 12, 19, 31, 34, 56, 72, 81, 94, 116, 108, 126, 127, 127, 123, 116, 118, 114, 91, 79, 54, 41, 42, 21, 8, 0, 9, 5, 22, 9, 35, 36, 56, 69, 76, 104, 113, 127, 127, 121, 127, 112, 116, 108, 98, 78, 61, 49, 32, 20, 15, 9, 4, 5, 27, 57, 59, 70, 86, 94, 114, 127, 120, 125, 127, 124, 118, 104, 91, 74, 45]"
In-Distribution,10,exact_guidance_u,229,0,78,77,"[129, 34, 23, 4, 0, 0, 0, 6, 12, 19, 31, 34, 56, 72, 81, 94, 116, 108, 126, 127, 127, 123, 116, 118, 114, 91, 79, 54, 41, 42, 21, 8, 0, 9, 5, 22, 9, 35, 36, 56, 69, 76, 104, 113, 127, 127, 121, 127, 112, 116, 108, 98, 78, 61, 49, 32, 20, 15, 9, 4, 5, 27, 57, 59, 70, 86, 94, 114, 127, 120, 125, 127, 124, 118, 104, 91, 74, 45]","[34, 23, 4, 0, 0, 0, 6, 12, 19, 31, 34, 56, 72, 81, 94, 116, 108, 126, 127, 127, 123, 116, 118, 114, 91, 79, 54, 41, 42, 21, 8, 0, 9, 5, 22, 9, 35, 36, 56, 69, 76, 104, 113, 127, 127, 121, 127, 112, 116, 108, 98, 78, 61, 49, 32, 20, 15, 9, 4, 5, 27, 57, 59, 70, 86, 94, 114, 127, 120, 125, 127, 124, 118, 104, 91, 74, 45]"
In-Distribution,10,exact_guidance_u,230,0,78,77,"[129, 34, 23, 4, 0, 0, 0, 6, 12, 19, 31, 34, 56, 72, 81, 94, 116, 108, 126, 127, 127, 123, 116, 118, 114, 91, 79, 54, 41, 42, 21, 8, 0, 9, 5, 22, 9, 35, 36, 56, 69, 76, 104, 113, 127, 127, 121, 127, 112, 116, 108, 98, 78, 61, 49, 32, 20, 15, 9, 4, 5, 27, 57, 59, 70, 86, 94, 114, 127, 120, 125, 127, 124, 118, 104, 91, 74, 45]","[34, 23, 4, 0, 0, 0, 6, 12, 19, 31, 34, 56, 72, 81, 94, 116, 108, 126, 127, 127, 123, 116, 118, 114, 91, 79, 54, 41, 42, 21, 8, 0, 9, 5, 22, 9, 35, 36, 56, 69, 76, 104, 113, 127, 127, 121, 127, 112, 116, 108, 98, 78, 61, 49, 32, 20, 15, 9, 4, 5, 27, 57, 59, 70, 86, 94, 114, 127, 120, 125, 127, 124, 118, 104, 91, 74, 45]"
In-Distribution,10,exact_guidance_u,231,0,78,77,"[129, 34, 23, 4, 0, 0, 0, 6, 12, 19, 31, 34, 56, 72, 81, 94, 116, 108, 126, 127, 127, 123, 116, 118, 114, 91, 79, 54, 41, 42, 21, 8, 0, 9, 5, 22, 9, 35, 36, 56, 69, 76, 104, 113, 127, 127, 121, 127, 112, 116, 108, 98, 78, 61, 49, 32, 20, 15, 9, 4, 5, 27, 57, 59, 70, 86, 94, 114, 127, 120, 125, 127, 124, 118, 104, 91, 74, 45]","[34, 23, 4, 0, 0, 0, 6, 12, 19, 31, 34, 56, 72, 81, 94, 116, 108, 126, 127, 127, 123, 116, 118, 114, 91, 79, 54, 41, 42, 21, 8, 0, 9, 5, 22, 9, 35, 36, 56, 69, 76, 104, 113, 127, 127, 121, 127, 112, 116, 108, 98, 78, 61, 49, 32, 20, 15, 9, 4, 5, 27, 57, 59, 70, 86, 94, 114, 127, 120, 125, 127, 124, 118, 104, 91, 74, 45]"
In-Distribution,10,exact_guidance_u,232,0,78,77,"[129, 34, 23, 4, 0, 0, 0, 6, 12, 19, 31, 34, 56, 72, 81, 94, 116, 108, 126, 127, 127, 123, 116, 118, 114, 91, 79, 54, 41, 42, 21, 8, 0, 9, 5, 22, 9, 35, 36, 56, 69, 76, 104, 113, 127, 127, 121, 127, 112, 116, 108, 98, 78, 61, 49, 32, 20, 15, 9, 4, 5, 27, 57, 59, 70, 86, 94, 114, 127, 120, 125, 127, 124, 118, 104, 91, 74, 45]","[34, 23, 4, 0, 0, 0, 6, 12, 19, 31, 34, 56, 72, 81, 94, 116, 108, 126, 127, 127, 123, 116, 118, 114, 91, 79, 54, 41, 42, 21, 8, 0, 9, 5, 22, 9, 35, 36, 56, 69, 76, 104, 113, 127, 127, 121, 127, 112, 116, 108, 98, 78, 61, 49, 32, 20, 15, 9, 4, 5, 27, 57, 59, 70, 86, 94, 114, 127, 120, 125, 127, 124, 118, 104, 91, 74, 45]"
In-Distribution,10,exact_guidance_u,233,0,78,77,"[129, 34, 23, 4, 0, 0, 0, 6, 12, 19, 31, 34, 56, 72, 81, 94, 116, 108, 126, 127, 127, 123, 116, 118, 114, 91, 79, 54, 41, 42, 21, 8, 0, 9, 5, 22, 9, 35, 36, 56, 69, 76, 104, 113, 127, 127, 121, 127, 112, 116, 108, 98, 78, 61, 49, 32, 20, 15, 9, 4, 5, 27, 57, 59, 70, 86, 94, 114, 127, 120, 125, 127, 124, 118, 104, 91, 74, 45]","[34, 23, 4, 0, 0, 0, 6, 12, 19, 31, 34, 56, 72, 81, 94, 116, 108, 126, 127, 127, 123, 116, 118, 114, 91, 79, 54, 41, 42, 21, 8, 0, 9, 5, 22, 9, 35, 36, 56, 69, 76, 104, 113, 127, 127, 121, 127, 112, 116, 108, 98, 78, 61, 49, 32, 20, 15, 9, 4, 5, 27, 57, 59, 70, 86, 94, 114, 127, 120, 125, 127, 124, 118, 104, 91, 74, 45]"
In-Distribution,10,exact_guidance_u,234,0,78,77,"[129, 34, 23, 4, 0, 0, 0, 6, 12, 19, 31, 34, 56, 72, 81, 94, 116, 108, 126, 127, 127, 123, 116, 118, 114, 91, 79, 54, 41, 42, 21, 8, 0, 9, 5, 22, 9, 35, 36, 56, 69, 76, 104, 113, 127, 127, 121, 127, 112, 116, 108, 98, 78, 61, 49, 32, 20, 15, 9, 4, 5, 27, 57, 59, 70, 86, 94, 114, 127, 120, 125, 127, 124, 118, 104, 91, 74, 45]","[34, 23, 4, 0, 0, 0, 6, 12, 19, 31, 34, 56, 72, 81, 94, 116, 108, 126, 127, 127, 123, 116, 118, 114, 91, 79, 54, 41, 42, 21, 8, 0, 9, 5, 22, 9, 35, 36, 56, 69, 76, 104, 113, 127, 127, 121, 127, 112, 116, 108, 98, 78, 61, 49, 32, 20, 15, 9, 4, 5, 27, 57, 59, 70, 86, 94, 114, 127, 120, 125, 127, 124, 118, 104, 91, 74, 45]"
In-Distribution,10,exact_guidance_u,235,0,78,77,"[129, 34, 23, 4, 0, 0, 0, 6, 12, 19, 31, 34, 56, 72, 81, 94, 116, 108, 126, 127, 127, 123, 116, 118, 114, 91, 79, 54, 41, 42, 21, 8, 0, 9, 5, 22, 9, 35, 36, 56, 69, 76, 104, 113, 127, 127, 121, 127, 112, 116, 108, 98, 78, 61, 49, 32, 20, 15, 9, 4, 5, 27, 57, 59, 70, 86, 94, 114, 127, 120, 125, 127, 124, 118, 104, 91, 74, 45]","[34, 23, 4, 0, 0, 0, 6, 12, 19, 31, 34, 56, 72, 81, 94, 116, 108, 126, 127, 127, 123, 116, 118, 114, 91, 79, 54, 41, 42, 21, 8, 0, 9, 5, 22, 9, 35, 36, 56, 69, 76, 104, 113, 127, 127, 121, 127, 112, 116, 108, 98, 78, 61, 49, 32, 20, 15, 9, 4, 5, 27, 57, 59, 70, 86, 94, 114, 127, 120, 125, 127, 124, 118, 104, 91, 74, 45]"
In-Distribution,10,exact_guidance_u,236,0,78,77,"[129, 34, 23, 4, 0, 0, 0, 6, 12, 19, 31, 34, 56, 72, 81, 94, 116, 108, 126, 127, 127, 123, 116, 118, 114, 91, 79, 54, 41, 42, 21, 8, 0, 9, 5, 22, 9, 35, 36, 56, 69, 76, 104, 113, 127, 127, 121, 127, 112, 116, 108, 98, 78, 61, 49, 32, 20, 15, 9, 4, 5, 27, 57, 59, 70, 86, 94, 114, 127, 120, 125, 127, 124, 118, 104, 91, 74, 45]","[34, 23, 4, 0, 0, 0, 6, 12, 19, 31, 34, 56, 72, 81, 94, 116, 108, 126, 127, 127, 123, 116, 118, 114, 91, 79, 54, 41, 42, 21, 8, 0, 9, 5, 22, 9, 35, 36, 56, 69, 76, 104, 113, 127, 127, 121, 127, 112, 116, 108, 98, 78, 61, 49, 32, 20, 15, 9, 4, 5, 27, 57, 59, 70, 86, 94, 114, 127, 120, 125, 127, 124, 118, 104, 91, 74, 45]"
In-Distribution,10,exact_guidance_u,237,0,78,77,"[129, 34, 23, 4, 0, 0, 0, 6, 12, 19, 31, 34, 56, 72, 81, 94, 116, 108, 126, 127, 127, 123, 116, 118, 114, 91, 79, 54, 41, 42, 21, 8, 0, 9, 5, 22, 9, 35, 36, 56, 69, 76, 104, 113, 127, 127, 121, 127, 112, 116, 108, 98, 78, 61, 49, 32, 20, 15, 9, 4, 5, 27, 57, 59, 70, 86, 94, 114, 127, 120, 125, 127, 124, 118, 104, 91, 74, 45]","[34, 23, 4, 0, 0, 0, 6, 12, 19, 31, 34, 56, 72, 81, 94, 116, 108, 126, 127, 127, 123, 116, 118, 114, 91, 79, 54, 41, 42, 21, 8, 0, 9, 5, 22, 9, 35, 36, 56, 69, 76, 104, 113, 127, 127, 121, 127, 112, 116, 108, 98, 78, 61, 49, 32, 20, 15, 9, 4, 5, 27, 57, 59, 70, 86, 94, 114, 127, 120, 125, 127, 124, 118, 104, 91, 74, 45]"
In-Distribution,10,exact_guidance_u,238,0,78,77,"[129, 34, 23, 4, 0, 0, 0, 6, 12, 19, 31, 34, 56, 72, 81, 94, 116, 108, 126, 127, 127, 123, 116, 118, 114, 91, 79, 54, 41, 42, 21, 8, 0, 9, 5, 22, 9, 35, 36, 56, 69, 76, 104, 113, 127, 127, 121, 127, 112, 116, 108, 98, 78, 61, 49, 32, 20, 15, 9, 4, 5, 27, 57, 59, 70, 86, 94, 114, 127, 120, 125, 127, 124, 118, 104, 91, 74, 45]","[34, 23, 4, 0, 0, 0, 6, 12, 19, 31, 34, 56, 72, 81, 94, 116, 108, 126, 127, 127, 123, 116, 118, 114, 91, 79, 54, 41, 42, 21, 8, 0, 9, 5, 22, 9, 35, 36, 56, 69, 76, 104, 113, 127, 127, 121, 127, 112, 116, 108, 98, 78, 61, 49, 32, 20, 15, 9, 4, 5, 27, 57, 59, 70, 86, 94, 114, 127, 120, 125, 127, 124, 118, 104, 91, 74, 45]"
In-Distribution,10,exact_guidance_u,239,0,78,77,"[129, 34, 23, 4, 0, 0, 0, 6, 12, 19, 31, 34, 56, 72, 81, 94, 116, 108, 126, 127, 127, 123, 116, 118, 114, 91, 79, 54, 41, 42, 21, 8, 0, 9, 5, 22, 9, 35, 36, 56, 69, 76, 104, 113, 127, 127, 121, 127, 112, 116, 108, 98, 78, 61, 49, 32, 20, 15, 9, 4, 5, 27, 57, 59, 70, 86, 94, 114, 127, 120, 125, 127, 124, 118, 104, 91, 74, 45]","[34, 23, 4, 0, 0, 0, 6, 12, 19, 31, 34, 56, 72, 81, 94, 116, 108, 126, 127, 127, 123, 116, 118, 114, 91, 79, 54, 41, 42, 21, 8, 0, 9, 5, 22, 9, 35, 36, 56, 69, 76, 104, 113, 127, 127, 121, 127, 112, 116, 108, 98, 78, 61, 49, 32, 20, 15, 9, 4, 5, 27, 57, 59, 70, 86, 94, 114, 127, 120, 125, 127, 124, 118, 104, 91, 74, 45]"
In-Distribution,10,exact_guidance_u,240,0,78,77,"[129, 34, 23, 4, 0, 0, 0, 6, 12, 19, 31, 34, 56, 72, 81, 94, 116, 108, 126, 127, 127, 123, 116, 118, 114, 91, 79, 54, 41, 42, 21, 8, 0, 9, 5, 22, 9, 35, 36, 56, 69, 76, 104, 113, 127, 127, 121, 127, 112, 116, 108, 98, 78, 61, 49, 32, 20, 15, 9, 4, 5, 27, 57, 59, 70, 86, 94, 114, 127, 120, 125, 127, 124, 118, 104, 91, 74, 45]","[34, 23, 4, 0, 0, 0, 6, 12, 19, 31, 34, 56, 72, 81, 94, 116, 108, 126, 127, 127, 123, 116, 118, 114, 91, 79, 54, 41, 42, 21, 8, 0, 9, 5, 22, 9, 35, 36, 56, 69, 76, 104, 113, 127, 127, 121, 127, 112, 116, 108, 98, 78, 61, 49, 32, 20, 15, 9, 4, 5, 27, 57, 59, 70, 86, 94, 114, 127, 120, 125, 127, 124, 118, 104, 91, 74, 45]"
In-Distribution,10,exact_guidance_u,241,0,78,77,"[129, 34, 23, 4, 0, 0, 0, 6, 12, 19, 31, 34, 56, 72, 81, 94, 116, 108, 126, 127, 127, 123, 116, 118, 114, 91, 79, 54, 41, 42, 21, 8, 0, 9, 5, 22, 9, 35, 36, 56, 69, 76, 104, 113, 127, 127, 121, 127, 112, 116, 108, 98, 78, 61, 49, 32, 20, 15, 9, 4, 5, 27, 57, 59, 70, 86, 94, 114, 127, 120, 125, 127, 124, 118, 104, 91, 74, 45]","[34, 23, 4, 0, 0, 0, 6, 12, 19, 31, 34, 56, 72, 81, 94, 116, 108, 126, 127, 127, 123, 116, 118, 114, 91, 79, 54, 41, 42, 21, 8, 0, 9, 5, 22, 9, 35, 36, 56, 69, 76, 104, 113, 127, 127, 121, 127, 112, 116, 108, 98, 78, 61, 49, 32, 20, 15, 9, 4, 5, 27, 57, 59, 70, 86, 94, 114, 127, 120, 125, 127, 124, 118, 104, 91, 74, 45]"
In-Distribution,10,exact_guidance_u,242,0,78,77,"[129, 34, 23, 4, 0, 0, 0, 6, 12, 19, 31, 34, 56, 72, 81, 94, 116, 108, 126, 127, 127, 123, 116, 118, 114, 91, 79, 54, 41, 42, 21, 8, 0, 9, 5, 22, 9, 35, 36, 56, 69, 76, 104, 113, 127, 127, 121, 127, 112, 116, 108, 98, 78, 61, 49, 32, 20, 15, 9, 4, 5, 27, 57, 59, 70, 86, 94, 114, 127, 120, 125, 127, 124, 118, 104, 91, 74, 45]","[34, 23, 4, 0, 0, 0, 6, 12, 19, 31, 34, 56, 72, 81, 94, 116, 108, 126, 127, 127, 123, 116, 118, 114, 91, 79, 54, 41, 42, 21, 8, 0, 9, 5, 22, 9, 35, 36, 56, 69, 76, 104, 113, 127, 127, 121, 127, 112, 116, 108, 98, 78, 61, 49, 32, 20, 15, 9, 4, 5, 27, 57, 59, 70, 86, 94, 114, 127, 120, 125, 127, 124, 118, 104, 91, 74, 45]"
In-Distribution,10,exact_guidance_u,243,0,78,77,"[129, 34, 23, 4, 0, 0, 0, 6, 12, 19, 31, 34, 56, 72, 81, 94, 116, 108, 126, 127, 127, 123, 116, 118, 114, 91, 79, 54, 41, 42, 21, 8, 0, 9, 5, 22, 9, 35, 36, 56, 69, 76, 104, 113, 127, 127, 121, 127, 112, 116, 108, 98, 78, 61, 49, 32, 20, 15, 9, 4, 5, 27, 57, 59, 70, 86, 94, 114, 127, 120, 125, 127, 124, 118, 104, 91, 74, 45]","[34, 23, 4, 0, 0, 0, 6, 12, 19, 31, 34, 56, 72, 81, 94, 116, 108, 126, 127, 127, 123, 116, 118, 114, 91, 79, 54, 41, 42, 21, 8, 0, 9, 5, 22, 9, 35, 36, 56, 69, 76, 104, 113, 127, 127, 121, 127, 112, 116, 108, 98, 78, 61, 49, 32, 20, 15, 9, 4, 5, 27, 57, 59, 70, 86, 94, 114, 127, 120, 125, 127, 124, 118, 104, 91, 74, 45]"
In-Distribution,10,exact_guidance_u,244,0,78,77,"[129, 34, 23, 4, 0, 0, 0, 6, 12, 19, 31, 34, 56, 72, 81, 94, 116, 108, 126, 127, 127, 123, 116, 118, 114, 91, 79, 54, 41, 42, 21, 8, 0, 9, 5, 22, 9, 35, 36, 56, 69, 76, 104, 113, 127, 127, 121, 127, 112, 116, 108, 98, 78, 61, 49, 32, 20, 15, 9, 4, 5, 27, 57, 59, 70, 86, 94, 114, 127, 120, 125, 127, 124, 118, 104, 91, 74, 45]","[34, 23, 4, 0, 0, 0, 6, 12, 19, 31, 34, 56, 72, 81, 94, 116, 108, 126, 127, 127, 123, 116, 118, 114, 91, 79, 54, 41, 42, 21, 8, 0, 9, 5, 22, 9, 35, 36, 56, 69, 76, 104, 113, 127, 127, 121, 127, 112, 116, 108, 98, 78, 61, 49, 32, 20, 15, 9, 4, 5, 27, 57, 59, 70, 86, 94, 114, 127, 120, 125, 127, 124, 118, 104, 91, 74, 45]"
In-Distribution,10,exact_guidance_u,245,0,78,77,"[129, 34, 23, 4, 0, 0, 0, 6, 12, 19, 31, 34, 56, 72, 81, 94, 116, 108, 126, 127, 127, 123, 116, 118, 114, 91, 79, 54, 41, 42, 21, 8, 0, 9, 5, 22, 9, 35, 36, 56, 69, 76, 104, 113, 127, 127, 121, 127, 112, 116, 108, 98, 78, 61, 49, 32, 20, 15, 9, 4, 5, 27, 57, 59, 70, 86, 94, 114, 127, 120, 125, 127, 124, 118, 104, 91, 74, 45]","[34, 23, 4, 0, 0, 0, 6, 12, 19, 31, 34, 56, 72, 81, 94, 116, 108, 126, 127, 127, 123, 116, 118, 114, 91, 79, 54, 41, 42, 21, 8, 0, 9, 5, 22, 9, 35, 36, 56, 69, 76, 104, 113, 127, 127, 121, 127, 112, 116, 108, 98, 78, 61, 49, 32, 20, 15, 9, 4, 5, 27, 57, 59, 70, 86, 94, 114, 127, 120, 125, 127, 124, 118, 104, 91, 74, 45]"
In-Distribution,10,exact_guidance_u,246,0,78,77,"[129, 34, 23, 4, 0, 0, 0, 6, 12, 19, 31, 34, 56, 72, 81, 94, 116, 108, 126, 127, 127, 123, 116, 118, 114, 91, 79, 54, 41, 42, 21, 8, 0, 9, 5, 22, 9, 35, 36, 56, 69, 76, 104, 113, 127, 127, 121, 127, 112, 116, 108, 98, 78, 61, 49, 32, 20, 15, 9, 4, 5, 27, 57, 59, 70, 86, 94, 114, 127, 120, 125, 127, 124, 118, 104, 91, 74, 45]","[34, 23, 4, 0, 0, 0, 6, 12, 19, 31, 34, 56, 72, 81, 94, 116, 108, 126, 127, 127, 123, 116, 118, 114, 91, 79, 54, 41, 42, 21, 8, 0, 9, 5, 22, 9, 35, 36, 56, 69, 76, 104, 113, 127, 127, 121, 127, 112, 116, 108, 98, 78, 61, 49, 32, 20, 15, 9, 4, 5, 27, 57, 59, 70, 86, 94, 114, 127, 120, 125, 127, 124, 118, 104, 91, 74, 45]"
In-Distribution,10,exact_guidance_u,247,0,78,77,"[129, 34, 23, 4, 0, 0, 0, 6, 12, 19, 31, 34, 56, 72, 81, 94, 116, 108, 126, 127, 127, 123, 116, 118, 114, 91, 79, 54, 41, 42, 21, 8, 0, 9, 5, 22, 9, 35, 36, 56, 69, 76, 104, 113, 127, 127, 121, 127, 112, 116, 108, 98, 78, 61, 49, 32, 20, 15, 9, 4, 5, 27, 57, 59, 70, 86, 94, 114, 127, 120, 125, 127, 124, 118, 104, 91, 74, 45]","[34, 23, 4, 0, 0, 0, 6, 12, 19, 31, 34, 56, 72, 81, 94, 116, 108, 126, 127, 127, 123, 116, 118, 114, 91, 79, 54, 41, 42, 21, 8, 0, 9, 5, 22, 9, 35, 36, 56, 69, 76, 104, 113, 127, 127, 121, 127, 112, 116, 108, 98, 78, 61, 49, 32, 20, 15, 9, 4, 5, 27, 57, 59, 70, 86, 94, 114, 127, 120, 125, 127, 124, 118, 104, 91, 74, 45]"
In-Distribution,10,exact_guidance_u,248,0,78,77,"[129, 34, 23, 4, 0, 0, 0, 6, 12, 19, 31, 34, 56, 72, 81, 94, 116, 108, 126, 127, 127, 123, 116, 118, 114, 91, 79, 54, 41, 42, 21, 8, 0, 9, 5, 22, 9, 35, 36, 56, 69, 76, 104, 113, 127, 127, 121, 127, 112, 116, 108, 98, 78, 61, 49, 32, 20, 15, 9, 4, 5, 27, 57, 59, 70, 86, 94, 114, 127, 120, 125, 127, 124, 118, 104, 91, 74, 45]","[34, 23, 4, 0, 0, 0, 6, 12, 19, 31, 34, 56, 72, 81, 94, 116, 108, 126, 127, 127, 123, 116, 118, 114, 91, 79, 54, 41, 42, 21, 8, 0, 9, 5, 22, 9, 35, 36, 56, 69, 76, 104, 113, 127, 127, 121, 127, 112, 116, 108, 98, 78, 61, 49, 32, 20, 15, 9, 4, 5, 27, 57, 59, 70, 86, 94, 114, 127, 120, 125, 127, 124, 118, 104, 91, 74, 45]"
In-Distribution,10,exact_guidance_u,249,0,78,77,"[129, 34, 23, 4, 0, 0, 0, 6, 12, 19, 31, 34, 56, 72, 81, 94, 116, 108, 126, 127, 127, 123, 116, 118, 114, 91, 79, 54, 41, 42, 21, 8, 0, 9, 5, 22, 9, 35, 36, 56, 69, 76, 104, 113, 127, 127, 121, 127, 112, 116, 108, 98, 78, 61, 49, 32, 20, 15, 9, 4, 5, 27, 57, 59, 70, 86, 94, 114, 127, 120, 125, 127, 124, 118, 104, 91, 74, 45]","[34, 23, 4, 0, 0, 0, 6, 12, 19, 31, 34, 56, 72, 81, 94, 116, 108, 126, 127, 127, 123, 116, 118, 114, 91, 79, 54, 41, 42, 21, 8, 0, 9, 5, 22, 9, 35, 36, 56, 69, 76, 104, 113, 127, 127, 121, 127, 112, 116, 108, 98, 78, 61, 49, 32, 20, 15, 9, 4, 5, 27, 57, 59, 70, 86, 94, 114, 127, 120, 125, 127, 124, 118, 104, 91, 74, 45]"
In-Distribution,10,exact_guidance_u,250,0,78,77,"[129, 34, 23, 4, 0, 0, 0, 6, 12, 19, 31, 34, 56, 72, 81, 94, 116, 108, 126, 127, 127, 123, 116, 118, 114, 91, 79, 54, 41, 42, 21, 8, 0, 9, 5, 22, 9, 35, 36, 56, 69, 76, 104, 113, 127, 127, 121, 127, 112, 116, 108, 98, 78, 61, 49, 32, 20, 15, 9, 4, 5, 27, 57, 59, 70, 86, 94, 114, 127, 120, 125, 127, 124, 118, 104, 91, 74, 45]","[34, 23, 4, 0, 0, 0, 6, 12, 19, 31, 34, 56, 72, 81, 94, 116, 108, 126, 127, 127, 123, 116, 118, 114, 91, 79, 54, 41, 42, 21, 8, 0, 9, 5, 22, 9, 35, 36, 56, 69, 76, 104, 113, 127, 127, 121, 127, 112, 116, 108, 98, 78, 61, 49, 32, 20, 15, 9, 4, 5, 27, 57, 59, 70, 86, 94, 114, 127, 120, 125, 127, 124, 118, 104, 91, 74, 45]"
In-Distribution,10,exact_guidance_u,251,0,78,77,"[129, 34, 23, 4, 0, 0, 0, 6, 12, 19, 31, 34, 56, 72, 81, 94, 116, 108, 126, 127, 127, 123, 116, 118, 114, 91, 79, 54, 41, 42, 21, 8, 0, 9, 5, 22, 9, 35, 36, 56, 69, 76, 104, 113, 127, 127, 121, 127, 112, 116, 108, 98, 78, 61, 49, 32, 20, 15, 9, 4, 5, 27, 57, 59, 70, 86, 94, 114, 127, 120, 125, 127, 124, 118, 104, 91, 74, 45]","[34, 23, 4, 0, 0, 0, 6, 12, 19, 31, 34, 56, 72, 81, 94, 116, 108, 126, 127, 127, 123, 116, 118, 114, 91, 79, 54, 41, 42, 21, 8, 0, 9, 5, 22, 9, 35, 36, 56, 69, 76, 104, 113, 127, 127, 121, 127, 112, 116, 108, 98, 78, 61, 49, 32, 20, 15, 9, 4, 5, 27, 57, 59, 70, 86, 94, 114, 127, 120, 125, 127, 124, 118, 104, 91, 74, 45]"
In-Distribution,10,exact_guidance_u,252,0,78,77,"[129, 34, 23, 4, 0, 0, 0, 6, 12, 19, 31, 34, 56, 72, 81, 94, 116, 108, 126, 127, 127, 123, 116, 118, 114, 91, 79, 54, 41, 42, 21, 8, 0, 9, 5, 22, 9, 35, 36, 56, 69, 76, 104, 113, 127, 127, 121, 127, 112, 116, 108, 98, 78, 61, 49, 32, 20, 15, 9, 4, 5, 27, 57, 59, 70, 86, 94, 114, 127, 120, 125, 127, 124, 118, 104, 91, 74, 45]","[34, 23, 4, 0, 0, 0, 6, 12, 19, 31, 34, 56, 72, 81, 94, 116, 108, 126, 127, 127, 123, 116, 118, 114, 91, 79, 54, 41, 42, 21, 8, 0, 9, 5, 22, 9, 35, 36, 56, 69, 76, 104, 113, 127, 127, 121, 127, 112, 116, 108, 98, 78, 61, 49, 32, 20, 15, 9, 4, 5, 27, 57, 59, 70, 86, 94, 114, 127, 120, 125, 127, 124, 118, 104, 91, 74, 45]"
In-Distribution,10,exact_guidance_u,253,0,78,77,"[129, 34, 23, 4, 0, 0, 0, 6, 12, 19, 31, 34, 56, 72, 81, 94, 116, 108, 126, 127, 127, 123, 116, 118, 114, 91, 79, 54, 41, 42, 21, 8, 0, 9, 5, 22, 9, 35, 36, 56, 69, 76, 104, 113, 127, 127, 121, 127, 112, 116, 108, 98, 78, 61, 49, 32, 20, 15, 9, 4, 5, 27, 57, 59, 70, 86, 94, 114, 127, 120, 125, 127, 124, 118, 104, 91, 74, 45]","[34, 23, 4, 0, 0, 0, 6, 12, 19, 31, 34, 56, 72, 81, 94, 116, 108, 126, 127, 127, 123, 116, 118, 114, 91, 79, 54, 41, 42, 21, 8, 0, 9, 5, 22, 9, 35, 36, 56, 69, 76, 104, 113, 127, 127, 121, 127, 112, 116, 108, 98, 78, 61, 49, 32, 20, 15, 9, 4, 5, 27, 57, 59, 70, 86, 94, 114, 127, 120, 125, 127, 124, 118, 104, 91, 74, 45]"
In-Distribution,10,exact_guidance_u,254,0,78,77,"[129, 34, 23, 4, 0, 0, 0, 6, 12, 19, 31, 34, 56, 72, 81, 94, 116, 108, 126, 127, 127, 123, 116, 118, 114, 91, 79, 54, 41, 42, 21, 8, 0, 9, 5, 22, 9, 35, 36, 56, 69, 76, 104, 113, 127, 127, 121, 127, 112, 116, 108, 98, 78, 61, 49, 32, 20, 15, 9, 4, 5, 27, 57, 59, 70, 86, 94, 114, 127, 120, 125, 127, 124, 118, 104, 91, 74, 45]","[34, 23, 4, 0, 0, 0, 6, 12, 19, 31, 34, 56, 72, 81, 94, 116, 108, 126, 127, 127, 123, 116, 118, 114, 91, 79, 54, 41, 42, 21, 8, 0, 9, 5, 22, 9, 35, 36, 56, 69, 76, 104, 113, 127, 127, 121, 127, 112, 116, 108, 98, 78, 61, 49, 32, 20, 15, 9, 4, 5, 27, 57, 59, 70, 86, 94, 114, 127, 120, 125, 127, 124, 118, 104, 91, 74, 45]"
In-Distribution,10,exact_guidance_u,255,0,78,77,"[129, 34, 23, 4, 0, 0, 0, 6, 12, 19, 31, 34, 56, 72, 81, 94, 116, 108, 126, 127, 127, 123, 116, 118, 114, 91, 79, 54, 41, 42, 21, 8, 0, 9, 5, 22, 9, 35, 36, 56, 69, 76, 104, 113, 127, 127, 121, 127, 112, 116, 108, 98, 78, 61, 49, 32, 20, 15, 9, 4, 5, 27, 57, 59, 70, 86, 94, 114, 127, 120, 125, 127, 124, 118, 104, 91, 74, 45]","[34, 23, 4, 0, 0, 0, 6, 12, 19, 31, 34, 56, 72, 81, 94, 116, 108, 126, 127, 127, 123, 116, 118, 114, 91, 79, 54, 41, 42, 21, 8, 0, 9, 5, 22, 9, 35, 36, 56, 69, 76, 104, 113, 127, 127, 121, 127, 112, 116, 108, 98, 78, 61, 49, 32, 20, 15, 9, 4, 5, 27, 57, 59, 70, 86, 94, 114, 127, 120, 125, 127, 124, 118, 104, 91, 74, 45]"
In-Distribution,10,exact_guidance_u,256,0,78,77,"[129, 34, 23, 4, 0, 0, 0, 6, 12, 19, 31, 34, 56, 72, 81, 94, 116, 108, 126, 127, 127, 123, 116, 118, 114, 91, 79, 54, 41, 42, 21, 8, 0, 9, 5, 22, 9, 35, 36, 56, 69, 76, 104, 113, 127, 127, 121, 127, 112, 116, 108, 98, 78, 61, 49, 32, 20, 15, 9, 4, 5, 27, 57, 59, 70, 86, 94, 114, 127, 120, 125, 127, 124, 118, 104, 91, 74, 45]","[34, 23, 4, 0, 0, 0, 6, 12, 19, 31, 34, 56, 72, 81, 94, 116, 108, 126, 127, 127, 123, 116, 118, 114, 91, 79, 54, 41, 42, 21, 8, 0, 9, 5, 22, 9, 35, 36, 56, 69, 76, 104, 113, 127, 127, 121, 127, 112, 116, 108, 98, 78, 61, 49, 32, 20, 15, 9, 4, 5, 27, 57, 59, 70, 86, 94, 114, 127, 120, 125, 127, 124, 118, 104, 91, 74, 45]"
In-Distribution,10,exact_guidance_u,257,0,78,77,"[129, 34, 23, 4, 0, 0, 0, 6, 12, 19, 31, 34, 56, 72, 81, 94, 116, 108, 126, 127, 127, 123, 116, 118, 114, 91, 79, 54, 41, 42, 21, 8, 0, 9, 5, 22, 9, 35, 36, 56, 69, 76, 104, 113, 127, 127, 121, 127, 112, 116, 108, 98, 78, 61, 49, 32, 20, 15, 9, 4, 5, 27, 57, 59, 70, 86, 94, 114, 127, 120, 125, 127, 124, 118, 104, 91, 74, 45]","[34, 23, 4, 0, 0, 0, 6, 12, 19, 31, 34, 56, 72, 81, 94, 116, 108, 126, 127, 127, 123, 116, 118, 114, 91, 79, 54, 41, 42, 21, 8, 0, 9, 5, 22, 9, 35, 36, 56, 69, 76, 104, 113, 127, 127, 121, 127, 112, 116, 108, 98, 78, 61, 49, 32, 20, 15, 9, 4, 5, 27, 57, 59, 70, 86, 94, 114, 127, 120, 125, 127, 124, 118, 104, 91, 74, 45]"
In-Distribution,10,exact_guidance_u,258,0,79,78,"[129, 34, 23, 4, 0, 0, 0, 6, 12, 19, 31, 34, 56, 72, 81, 94, 116, 108, 126, 127, 127, 123, 116, 118, 114, 91, 79, 54, 41, 42, 21, 8, 0, 9, 5, 22, 9, 35, 36, 56, 69, 76, 104, 113, 127, 127, 121, 127, 112, 116, 108, 98, 78, 61, 49, 32, 20, 15, 9, 4, 5, 18, 27, 57, 59, 70, 86, 94, 114, 127, 120, 125, 127, 124, 118, 104, 91, 74, 45]","[34, 23, 4, 0, 0, 0, 6, 12, 19, 31, 34, 56, 72, 81, 94, 116, 108, 126, 127, 127, 123, 116, 118, 114, 91, 79, 54, 41, 42, 21, 8, 0, 9, 5, 22, 9, 35, 36, 56, 69, 76, 104, 113, 127, 127, 121, 127, 112, 116, 108, 98, 78, 61, 49, 32, 20, 15, 9, 4, 5, 18, 27, 57, 59, 70, 86, 94, 114, 127, 120, 125, 127, 124, 118, 104, 91, 74, 45]"
In-Distribution,10,exact_guidance_u,259,0,81,80,"[129, 34, 23, 4, 0, 0, 0, 6, 12, 19, 31, 34, 56, 72, 81, 94, 116, 108, 126, 127, 127, 123, 116, 118, 114, 91, 79, 54, 41, 42, 21, 8, 0, 9, 5, 10, 22, 9, 35, 36, 56, 69, 76, 104, 113, 127, 127, 121, 127, 112, 116, 108, 98, 78, 61, 49, 32, 20, 15, 9, 4, 0, 5, 18, 27, 57, 59, 70, 86, 94, 114, 127, 120, 125, 127, 124, 118, 104, 91, 74, 45]","[34, 23, 4, 0, 0, 0, 6, 12, 19, 31, 34, 56, 72, 81, 94, 116, 108, 126, 127, 127, 123, 116, 118, 114, 91, 79, 54, 41, 42, 21, 8, 0, 9, 5, 10, 22, 9, 35, 36, 56, 69, 76, 104, 113, 127, 127, 121, 127, 112, 116, 108, 98, 78, 61, 49, 32, 20, 15, 9, 4, 0, 5, 18, 27, 57, 59, 70, 86, 94, 114, 127, 120, 125, 127, 124, 118, 104, 91, 74, 45]"
In-Distribution,10,exact_guidance_u,260,0,81,80,"[129, 34, 23, 4, 0, 0, 0, 6, 12, 19, 31, 34, 56, 72, 81, 94, 116, 108, 126, 127, 127, 123, 116, 118, 114, 91, 79, 54, 41, 42, 21, 8, 0, 9, 5, 10, 22, 9, 35, 36, 56, 69, 76, 104, 113, 127, 127, 121, 127, 112, 116, 108, 98, 78, 61, 49, 32, 20, 15, 9, 4, 0, 5, 18, 27, 57, 59, 70, 86, 94, 114, 127, 120, 125, 127, 124, 118, 104, 91, 74, 45]","[34, 23, 4, 0, 0, 0, 6, 12, 19, 31, 34, 56, 72, 81, 94, 116, 108, 126, 127, 127, 123, 116, 118, 114, 91, 79, 54, 41, 42, 21, 8, 0, 9, 5, 10, 22, 9, 35, 36, 56, 69, 76, 104, 113, 127, 127, 121, 127, 112, 116, 108, 98, 78, 61, 49, 32, 20, 15, 9, 4, 0, 5, 18, 27, 57, 59, 70, 86, 94, 114, 127, 120, 125, 127, 124, 118, 104, 91, 74, 45]"
In-Distribution,10,exact_guidance_u,261,0,81,80,"[129, 34, 23, 4, 0, 0, 0, 6, 12, 19, 31, 34, 56, 72, 81, 94, 116, 108, 126, 127, 127, 123, 116, 118, 114, 91, 79, 54, 41, 42, 21, 8, 0, 9, 5, 10, 22, 9, 35, 36, 56, 69, 76, 104, 113, 127, 127, 121, 127, 112, 116, 108, 98, 78, 61, 49, 32, 20, 15, 9, 4, 0, 5, 18, 27, 57, 59, 70, 86, 94, 114, 127, 120, 125, 127, 124, 118, 104, 91, 74, 45]","[34, 23, 4, 0, 0, 0, 6, 12, 19, 31, 34, 56, 72, 81, 94, 116, 108, 126, 127, 127, 123, 116, 118, 114, 91, 79, 54, 41, 42, 21, 8, 0, 9, 5, 10, 22, 9, 35, 36, 56, 69, 76, 104, 113, 127, 127, 121, 127, 112, 116, 108, 98, 78, 61, 49, 32, 20, 15, 9, 4, 0, 5, 18, 27, 57, 59, 70, 86, 94, 114, 127, 120, 125, 127, 124, 118, 104, 91, 74, 45]"
In-Distribution,10,exact_guidance_u,262,0,81,80,"[129, 34, 23, 4, 0, 0, 0, 6, 12, 19, 31, 34, 56, 72, 81, 94, 116, 108, 126, 127, 127, 123, 116, 118, 114, 91, 79, 54, 41, 42, 21, 8, 0, 9, 5, 10, 22, 9, 35, 36, 56, 69, 76, 104, 113, 127, 127, 121, 127, 112, 116, 108, 98, 78, 61, 49, 32, 20, 15, 9, 4, 0, 5, 18, 27, 57, 59, 70, 86, 94, 114, 127, 120, 125, 127, 124, 118, 104, 91, 74, 45]","[34, 23, 4, 0, 0, 0, 6, 12, 19, 31, 34, 56, 72, 81, 94, 116, 108, 126, 127, 127, 123, 116, 118, 114, 91, 79, 54, 41, 42, 21, 8, 0, 9, 5, 10, 22, 9, 35, 36, 56, 69, 76, 104, 113, 127, 127, 121, 127, 112, 116, 108, 98, 78, 61, 49, 32, 20, 15, 9, 4, 0, 5, 18, 27, 57, 59, 70, 86, 94, 114, 127, 120, 125, 127, 124, 118, 104, 91, 74, 45]"
In-Distribution,10,exact_guidance_u,263,0,81,80,"[129, 34, 23, 4, 0, 0, 0, 6, 12, 19, 31, 34, 56, 72, 81, 94, 116, 108, 126, 127, 127, 123, 116, 118, 114, 91, 79, 54, 41, 42, 21, 8, 0, 9, 5, 10, 22, 9, 35, 36, 56, 69, 76, 104, 113, 127, 127, 121, 127, 112, 116, 108, 98, 78, 61, 49, 32, 20, 15, 9, 4, 0, 5, 18, 27, 57, 59, 70, 86, 94, 114, 127, 120, 125, 127, 124, 118, 104, 91, 74, 45]","[34, 23, 4, 0, 0, 0, 6, 12, 19, 31, 34, 56, 72, 81, 94, 116, 108, 126, 127, 127, 123, 116, 118, 114, 91, 79, 54, 41, 42, 21, 8, 0, 9, 5, 10, 22, 9, 35, 36, 56, 69, 76, 104, 113, 127, 127, 121, 127, 112, 116, 108, 98, 78, 61, 49, 32, 20, 15, 9, 4, 0, 5, 18, 27, 57, 59, 70, 86, 94, 114, 127, 120, 125, 127, 124, 118, 104, 91, 74, 45]"
In-Distribution,10,exact_guidance_u,264,0,81,80,"[129, 34, 23, 4, 0, 0, 0, 6, 12, 19, 31, 34, 56, 72, 81, 94, 116, 108, 126, 127, 127, 123, 116, 118, 114, 91, 79, 54, 41, 42, 21, 8, 0, 9, 5, 10, 22, 9, 35, 36, 56, 69, 76, 104, 113, 127, 127, 121, 127, 112, 116, 108, 98, 78, 61, 49, 32, 20, 15, 9, 4, 0, 5, 18, 27, 57, 59, 70, 86, 94, 114, 127, 120, 125, 127, 124, 118, 104, 91, 74, 45]","[34, 23, 4, 0, 0, 0, 6, 12, 19, 31, 34, 56, 72, 81, 94, 116, 108, 126, 127, 127, 123, 116, 118, 114, 91, 79, 54, 41, 42, 21, 8, 0, 9, 5, 10, 22, 9, 35, 36, 56, 69, 76, 104, 113, 127, 127, 121, 127, 112, 116, 108, 98, 78, 61, 49, 32, 20, 15, 9, 4, 0, 5, 18, 27, 57, 59, 70, 86, 94, 114, 127, 120, 125, 127, 124, 118, 104, 91, 74, 45]"
In-Distribution,10,exact_guidance_u,265,0,81,80,"[129, 34, 23, 4, 0, 0, 0, 6, 12, 19, 31, 34, 56, 72, 81, 94, 116, 108, 126, 127, 127, 123, 116, 118, 114, 91, 79, 54, 41, 42, 21, 8, 0, 9, 5, 10, 22, 9, 35, 36, 56, 69, 76, 104, 113, 127, 127, 121, 127, 112, 116, 108, 98, 78, 61, 49, 32, 20, 15, 9, 4, 0, 5, 18, 27, 57, 59, 70, 86, 94, 114, 127, 120, 125, 127, 124, 118, 104, 91, 74, 45]","[34, 23, 4, 0, 0, 0, 6, 12, 19, 31, 34, 56, 72, 81, 94, 116, 108, 126, 127, 127, 123, 116, 118, 114, 91, 79, 54, 41, 42, 21, 8, 0, 9, 5, 10, 22, 9, 35, 36, 56, 69, 76, 104, 113, 127, 127, 121, 127, 112, 116, 108, 98, 78, 61, 49, 32, 20, 15, 9, 4, 0, 5, 18, 27, 57, 59, 70, 86, 94, 114, 127, 120, 125, 127, 124, 118, 104, 91, 74, 45]"
In-Distribution,10,exact_guidance_u,266,0,81,80,"[129, 34, 23, 4, 0, 0, 0, 6, 12, 19, 31, 34, 56, 72, 81, 94, 116, 108, 126, 127, 127, 123, 116, 118, 114, 91, 79, 54, 41, 42, 21, 8, 0, 9, 5, 10, 22, 9, 35, 36, 56, 69, 76, 104, 113, 127, 127, 121, 127, 112, 116, 108, 98, 78, 61, 49, 32, 20, 15, 9, 4, 0, 5, 18, 27, 57, 59, 70, 86, 94, 114, 127, 120, 125, 127, 124, 118, 104, 91, 74, 45]","[34, 23, 4, 0, 0, 0, 6, 12, 19, 31, 34, 56, 72, 81, 94, 116, 108, 126, 127, 127, 123, 116, 118, 114, 91, 79, 54, 41, 42, 21, 8, 0, 9, 5, 10, 22, 9, 35, 36, 56, 69, 76, 104, 113, 127, 127, 121, 127, 112, 116, 108, 98, 78, 61, 49, 32, 20, 15, 9, 4, 0, 5, 18, 27, 57, 59, 70, 86, 94, 114, 127, 120, 125, 127, 124, 118, 104, 91, 74, 45]"
In-Distribution,10,exact_guidance_u,267,0,81,80,"[129, 34, 23, 4, 0, 0, 0, 6, 12, 19, 31, 34, 56, 72, 81, 94, 116, 108, 126, 127, 127, 123, 116, 118, 114, 91, 79, 54, 41, 42, 21, 8, 0, 9, 5, 10, 22, 9, 35, 36, 56, 69, 76, 104, 113, 127, 127, 121, 127, 112, 116, 108, 98, 78, 61, 49, 32, 20, 15, 9, 4, 0, 5, 18, 27, 57, 59, 70, 86, 94, 114, 127, 120, 125, 127, 124, 118, 104, 91, 74, 45]","[34, 23, 4, 0, 0, 0, 6, 12, 19, 31, 34, 56, 72, 81, 94, 116, 108, 126, 127, 127, 123, 116, 118, 114, 91, 79, 54, 41, 42, 21, 8, 0, 9, 5, 10, 22, 9, 35, 36, 56, 69, 76, 104, 113, 127, 127, 121, 127, 112, 116, 108, 98, 78, 61, 49, 32, 20, 15, 9, 4, 0, 5, 18, 27, 57, 59, 70, 86, 94, 114, 127, 120, 125, 127, 124, 118, 104, 91, 74, 45]"
In-Distribution,10,exact_guidance_u,268,0,81,80,"[129, 34, 23, 4, 0, 0, 0, 6, 12, 19, 31, 34, 56, 72, 81, 94, 116, 108, 126, 127, 127, 123, 116, 118, 114, 91, 79, 54, 41, 42, 21, 8, 0, 9, 5, 10, 22, 9, 35, 36, 56, 69, 76, 104, 113, 127, 127, 121, 127, 112, 116, 108, 98, 78, 61, 49, 32, 20, 15, 9, 4, 0, 5, 18, 27, 57, 59, 70, 86, 94, 114, 127, 120, 125, 127, 124, 118, 104, 91, 74, 45]","[34, 23, 4, 0, 0, 0, 6, 12, 19, 31, 34, 56, 72, 81, 94, 116, 108, 126, 127, 127, 123, 116, 118, 114, 91, 79, 54, 41, 42, 21, 8, 0, 9, 5, 10, 22, 9, 35, 36, 56, 69, 76, 104, 113, 127, 127, 121, 127, 112, 116, 108, 98, 78, 61, 49, 32, 20, 15, 9, 4, 0, 5, 18, 27, 57, 59, 70, 86, 94, 114, 127, 120, 125, 127, 124, 118, 104, 91, 74, 45]"
In-Distribution,10,exact_guidance_u,269,0,81,80,"[129, 34, 23, 4, 0, 0, 0, 6, 12, 19, 31, 34, 56, 72, 81, 94, 116, 108, 126, 127, 127, 123, 116, 118, 114, 91, 79, 54, 41, 42, 21, 8, 0, 9, 5, 10, 22, 9, 35, 36, 56, 69, 76, 104, 113, 127, 127, 121, 127, 112, 116, 108, 98, 78, 61, 49, 32, 20, 15, 9, 4, 0, 5, 18, 27, 57, 59, 70, 86, 94, 114, 127, 120, 125, 127, 124, 118, 104, 91, 74, 45]","[34, 23, 4, 0, 0, 0, 6, 12, 19, 31, 34, 56, 72, 81, 94, 116, 108, 126, 127, 127, 123, 116, 118, 114, 91, 79, 54, 41, 42, 21, 8, 0, 9, 5, 10, 22, 9, 35, 36, 56, 69, 76, 104, 113, 127, 127, 121, 127, 112, 116, 108, 98, 78, 61, 49, 32, 20, 15, 9, 4, 0, 5, 18, 27, 57, 59, 70, 86, 94, 114, 127, 120, 125, 127, 124, 118, 104, 91, 74, 45]"
In-Distribution,10,exact_guidance_u,270,0,81,80,"[129, 34, 23, 4, 0, 0, 0, 6, 12, 19, 31, 34, 56, 72, 81, 94, 116, 108, 126, 127, 127, 123, 116, 118, 114, 91, 79, 54, 41, 42, 21, 8, 0, 9, 5, 10, 22, 9, 35, 36, 56, 69, 76, 104, 113, 127, 127, 121, 127, 112, 116, 108, 98, 78, 61, 49, 32, 20, 15, 9, 4, 0, 5, 18, 27, 57, 59, 70, 86, 94, 114, 127, 120, 125, 127, 124, 118, 104, 91, 74, 45]","[34, 23, 4, 0, 0, 0, 6, 12, 19, 31, 34, 56, 72, 81, 94, 116, 108, 126, 127, 127, 123, 116, 118, 114, 91, 79, 54, 41, 42, 21, 8, 0, 9, 5, 10, 22, 9, 35, 36, 56, 69, 76, 104, 113, 127, 127, 121, 127, 112, 116, 108, 98, 78, 61, 49, 32, 20, 15, 9, 4, 0, 5, 18, 27, 57, 59, 70, 86, 94, 114, 127, 120, 125, 127, 124, 118, 104, 91, 74, 45]"
In-Distribution,10,exact_guidance_u,271,0,81,80,"[129, 34, 23, 4, 0, 0, 0, 6, 12, 19, 31, 34, 56, 72, 81, 94, 116, 108, 126, 127, 127, 123, 116, 118, 114, 91, 79, 54, 41, 42, 21, 8, 0, 9, 5, 10, 22, 9, 35, 36, 56, 69, 76, 104, 113, 127, 127, 121, 127, 112, 116, 108, 98, 78, 61, 49, 32, 20, 15, 9, 4, 0, 5, 18, 27, 57, 59, 70, 86, 94, 114, 127, 120, 125, 127, 124, 118, 104, 91, 74, 45]","[34, 23, 4, 0, 0, 0, 6, 12, 19, 31, 34, 56, 72, 81, 94, 116, 108, 126, 127, 127, 123, 116, 118, 114, 91, 79, 54, 41, 42, 21, 8, 0, 9, 5, 10, 22, 9, 35, 36, 56, 69, 76, 104, 113, 127, 127, 121, 127, 112, 116, 108, 98, 78, 61, 49, 32, 20, 15, 9, 4, 0, 5, 18, 27, 57, 59, 70, 86, 94, 114, 127, 120, 125, 127, 124, 118, 104, 91, 74, 45]"
In-Distribution,10,exact_guidance_u,272,0,81,80,"[129, 34, 23, 4, 0, 0, 0, 6, 12, 19, 31, 34, 56, 72, 81, 94, 116, 108, 126, 127, 127, 123, 116, 118, 114, 91, 79, 54, 41, 42, 21, 8, 0, 9, 5, 10, 22, 9, 35, 36, 56, 69, 76, 104, 113, 127, 127, 121, 127, 112, 116, 108, 98, 78, 61, 49, 32, 20, 15, 9, 4, 0, 5, 18, 27, 57, 59, 70, 86, 94, 114, 127, 120, 125, 127, 124, 118, 104, 91, 74, 45]","[34, 23, 4, 0, 0, 0, 6, 12, 19, 31, 34, 56, 72, 81, 94, 116, 108, 126, 127, 127, 123, 116, 118, 114, 91, 79, 54, 41, 42, 21, 8, 0, 9, 5, 10, 22, 9, 35, 36, 56, 69, 76, 104, 113, 127, 127, 121, 127, 112, 116, 108, 98, 78, 61, 49, 32, 20, 15, 9, 4, 0, 5, 18, 27, 57, 59, 70, 86, 94, 114, 127, 120, 125, 127, 124, 118, 104, 91, 74, 45]"
In-Distribution,10,exact_guidance_u,273,0,81,80,"[129, 34, 23, 4, 0, 0, 0, 6, 12, 19, 31, 34, 56, 72, 81, 94, 116, 108, 126, 127, 127, 123, 116, 118, 114, 91, 79, 54, 41, 42, 21, 8, 0, 9, 5, 10, 22, 9, 35, 36, 56, 69, 76, 104, 113, 127, 127, 121, 127, 112, 116, 108, 98, 78, 61, 49, 32, 20, 15, 9, 4, 0, 5, 18, 27, 57, 59, 70, 86, 94, 114, 127, 120, 125, 127, 124, 118, 104, 91, 74, 45]","[34, 23, 4, 0, 0, 0, 6, 12, 19, 31, 34, 56, 72, 81, 94, 116, 108, 126, 127, 127, 123, 116, 118, 114, 91, 79, 54, 41, 42, 21, 8, 0, 9, 5, 10, 22, 9, 35, 36, 56, 69, 76, 104, 113, 127, 127, 121, 127, 112, 116, 108, 98, 78, 61, 49, 32, 20, 15, 9, 4, 0, 5, 18, 27, 57, 59, 70, 86, 94, 114, 127, 120, 125, 127, 124, 118, 104, 91, 74, 45]"
In-Distribution,10,exact_guidance_u,274,0,81,80,"[129, 34, 23, 4, 0, 0, 0, 6, 12, 19, 31, 34, 56, 72, 81, 94, 116, 108, 126, 127, 127, 123, 116, 118, 114, 91, 79, 54, 41, 42, 21, 8, 0, 9, 5, 10, 22, 9, 35, 36, 56, 69, 76, 104, 113, 127, 127, 121, 127, 112, 116, 108, 98, 78, 61, 49, 32, 20, 15, 9, 4, 0, 5, 18, 27, 57, 59, 70, 86, 94, 114, 127, 120, 125, 127, 124, 118, 104, 91, 74, 45]","[34, 23, 4, 0, 0, 0, 6, 12, 19, 31, 34, 56, 72, 81, 94, 116, 108, 126, 127, 127, 123, 116, 118, 114, 91, 79, 54, 41, 42, 21, 8, 0, 9, 5, 10, 22, 9, 35, 36, 56, 69, 76, 104, 113, 127, 127, 121, 127, 112, 116, 108, 98, 78, 61, 49, 32, 20, 15, 9, 4, 0, 5, 18, 27, 57, 59, 70, 86, 94, 114, 127, 120, 125, 127, 124, 118, 104, 91, 74, 45]"
In-Distribution,10,exact_guidance_u,275,0,81,80,"[129, 34, 23, 4, 0, 0, 0, 6, 12, 19, 31, 34, 56, 72, 81, 94, 116, 108, 126, 127, 127, 123, 116, 118, 114, 91, 79, 54, 41, 42, 21, 8, 0, 9, 5, 10, 22, 9, 35, 36, 56, 69, 76, 104, 113, 127, 127, 121, 127, 112, 116, 108, 98, 78, 61, 49, 32, 20, 15, 9, 4, 0, 5, 18, 27, 57, 59, 70, 86, 94, 114, 127, 120, 125, 127, 124, 118, 104, 91, 74, 45]","[34, 23, 4, 0, 0, 0, 6, 12, 19, 31, 34, 56, 72, 81, 94, 116, 108, 126, 127, 127, 123, 116, 118, 114, 91, 79, 54, 41, 42, 21, 8, 0, 9, 5, 10, 22, 9, 35, 36, 56, 69, 76, 104, 113, 127, 127, 121, 127, 112, 116, 108, 98, 78, 61, 49, 32, 20, 15, 9, 4, 0, 5, 18, 27, 57, 59, 70, 86, 94, 114, 127, 120, 125, 127, 124, 118, 104, 91, 74, 45]"
In-Distribution,10,exact_guidance_u,276,0,81,80,"[129, 34, 23, 4, 0, 0, 0, 6, 12, 19, 31, 34, 56, 72, 81, 94, 116, 108, 126, 127, 127, 123, 116, 118, 114, 91, 79, 54, 41, 42, 21, 8, 0, 9, 5, 10, 22, 9, 35, 36, 56, 69, 76, 104, 113, 127, 127, 121, 127, 112, 116, 108, 98, 78, 61, 49, 32, 20, 15, 9, 4, 0, 5, 18, 27, 57, 59, 70, 86, 94, 114, 127, 120, 125, 127, 124, 118, 104, 91, 74, 45]","[34, 23, 4, 0, 0, 0, 6, 12, 19, 31, 34, 56, 72, 81, 94, 116, 108, 126, 127, 127, 123, 116, 118, 114, 91, 79, 54, 41, 42, 21, 8, 0, 9, 5, 10, 22, 9, 35, 36, 56, 69, 76, 104, 113, 127, 127, 121, 127, 112, 116, 108, 98, 78, 61, 49, 32, 20, 15, 9, 4, 0, 5, 18, 27, 57, 59, 70, 86, 94, 114, 127, 120, 125, 127, 124, 118, 104, 91, 74, 45]"
In-Distribution,10,exact_guidance_u,277,0,81,80,"[129, 34, 23, 4, 0, 0, 0, 6, 12, 19, 31, 34, 56, 72, 81, 94, 116, 108, 126, 127, 127, 123, 116, 118, 114, 91, 79, 54, 41, 42, 21, 8, 0, 9, 5, 10, 22, 9, 35, 36, 56, 69, 76, 104, 113, 127, 127, 121, 127, 112, 116, 108, 98, 78, 61, 49, 32, 20, 15, 9, 4, 0, 5, 18, 27, 57, 59, 70, 86, 94, 114, 127, 120, 125, 127, 124, 118, 104, 91, 74, 45]","[34, 23, 4, 0, 0, 0, 6, 12, 19, 31, 34, 56, 72, 81, 94, 116, 108, 126, 127, 127, 123, 116, 118, 114, 91, 79, 54, 41, 42, 21, 8, 0, 9, 5, 10, 22, 9, 35, 36, 56, 69, 76, 104, 113, 127, 127, 121, 127, 112, 116, 108, 98, 78, 61, 49, 32, 20, 15, 9, 4, 0, 5, 18, 27, 57, 59, 70, 86, 94, 114, 127, 120, 125, 127, 124, 118, 104, 91, 74, 45]"
In-Distribution,10,exact_guidance_u,278,0,81,80,"[129, 34, 23, 4, 0, 0, 0, 6, 12, 19, 31, 34, 56, 72, 81, 94, 116, 108, 126, 127, 127, 123, 116, 118, 114, 91, 79, 54, 41, 42, 21, 8, 0, 9, 5, 10, 22, 9, 35, 36, 56, 69, 76, 104, 113, 127, 127, 121, 127, 112, 116, 108, 98, 78, 61, 49, 32, 20, 15, 9, 4, 0, 5, 18, 27, 57, 59, 70, 86, 94, 114, 127, 120, 125, 127, 124, 118, 104, 91, 74, 45]","[34, 23, 4, 0, 0, 0, 6, 12, 19, 31, 34, 56, 72, 81, 94, 116, 108, 126, 127, 127, 123, 116, 118, 114, 91, 79, 54, 41, 42, 21, 8, 0, 9, 5, 10, 22, 9, 35, 36, 56, 69, 76, 104, 113, 127, 127, 121, 127, 112, 116, 108, 98, 78, 61, 49, 32, 20, 15, 9, 4, 0, 5, 18, 27, 57, 59, 70, 86, 94, 114, 127, 120, 125, 127, 124, 118, 104, 91, 74, 45]"
In-Distribution,10,exact_guidance_u,279,0,81,80,"[129, 34, 23, 4, 0, 0, 0, 6, 12, 19, 31, 34, 56, 72, 81, 94, 116, 108, 126, 127, 127, 123, 116, 118, 114, 91, 79, 54, 41, 42, 21, 8, 0, 9, 5, 10, 22, 9, 35, 36, 56, 69, 76, 104, 113, 127, 127, 121, 127, 112, 116, 108, 98, 78, 61, 49, 32, 20, 15, 9, 4, 0, 5, 18, 27, 57, 59, 70, 86, 94, 114, 127, 120, 125, 127, 124, 118, 104, 91, 74, 45]","[34, 23, 4, 0, 0, 0, 6, 12, 19, 31, 34, 56, 72, 81, 94, 116, 108, 126, 127, 127, 123, 116, 118, 114, 91, 79, 54, 41, 42, 21, 8, 0, 9, 5, 10, 22, 9, 35, 36, 56, 69, 76, 104, 113, 127, 127, 121, 127, 112, 116, 108, 98, 78, 61, 49, 32, 20, 15, 9, 4, 0, 5, 18, 27, 57, 59, 70, 86, 94, 114, 127, 120, 125, 127, 124, 118, 104, 91, 74, 45]"
