target,beta,method_key,step,sample_idx,seq_len_full,seq_len_semantic,tokens_full_json,tokens_semantic_json
Linear,10,exact_guidance_u,0,0,1,0,[129],[]
Linear,10,exact_guidance_u,1,0,2,1,"[129, 100]",[100]
Linear,10,exact_guidance_u,2,0,2,1,"[129, 100]",[100]
Linear,10,exact_guidance_u,3,0,2,1,"[129, 100]",[100]
Linear,10,exact_guidance_u,4,0,3,2,"[129, 100, 7]","[100, 7]"
Linear,10,exact_guidance_u,5,0,3,2,"[129, 100, 7]","[100, 7]"
Linear,10,exact_guidance_u,6,0,4,3,"[129, 118, 100, 7]","[118, 100, 7]"
Linear,10,exact_guidance_u,7,0,5,4,"[129, 118, 100, 12, 7]","[118, 100, 12, 7]"
Linear,10,exact_guidance_u,8,0,7,6,"[129, 118, 33, 100, 12, 7, 14]","[118, 33, 100, 12, 7, 14]"
Linear,10,exact_guidance_u,9,0,7,6,"[129, 118, 33, 100, 12, 7, 14]","[118, 33, 100, 12, 7, 14]"
Linear,10,exact_guidance_u,10,0,7,6,"[129, 118, 33, 100, 12, 7, 14]","[118, 33, 100, 12, 7, 14]"
Linear,10,exact_guidance_u,11,0,7,6,"[129, 118, 33, 100, 12, 7, 14]","[118, 33, 100, 12, 7, 14]"
Linear,10,exact_guidance_u,12,0,8,7,"[129, 118, 16, 33, 100, 12, 7, 14]","[118, 16, 33, 100, 12, 7, 14]"
Linear,10,exact_guidance_u,13,0,10,9,"[129, 59, 118, 16, 33, 70, 100, 12, 7, 14]","[59, 118, 16, 33, 70, 100, 12, 7, 14]"
Linear,10,exact_guidance_u,14,0,10,9,"[129, 59, 118, 16, 33, 70, 100, 12, 7, 14]","[59, 118, 16, 33, 70, 100, 12, 7, 14]"
Linear,10,exact_guidance_u,15,0,10,9,"[129, 59, 118, 16, 33, 70, 100, 12, 7, 14]","[59, 118, 16, 33, 70, 100, 12, 7, 14]"
Linear,10,exact_guidance_u,16,0,11,10,"[129, 59, 120, 118, 16, 33, 70, 100, 12, 7, 14]","[59, 120, 118, 16, 33, 70, 100, 12, 7, 14]"
Linear,10,exact_guidance_u,17,0,11,10,"[129, 59, 120, 118, 16, 33, 70, 100, 12, 7, 14]","[59, 120, 118, 16, 33, 70, 100, 12, 7, 14]"
Linear,10,exact_guidance_u,18,0,11,10,"[129, 59, 120, 118, 16, 33, 70, 100, 12, 7, 14]","[59, 120, 118, 16, 33, 70, 100, 12, 7, 14]"
Linear,10,exact_guidance_u,19,0,11,10,"[129, 59, 120, 118, 16, 33, 70, 100, 12, 7, 14]","[59, 120, 118, 16, 33, 70, 100, 12, 7, 14]"
Linear,10,exact_guidance_u,20,0,12,11,"[129, 59, 120, 118, 127, 16, 33, 70, 100, 12, 7, 14]","[59, 120, 118, 127, 16, 33, 70, 100, 12, 7, 14]"
Linear,10,exact_guidance_u,21,0,13,12,"[129, 59, 120, 118, 127, 16, 33, 70, 100, 126, 12, 7, 14]","[59, 120, 118, 127, 16, 33, 70, 100, 126, 12, 7, 14]"
Linear,10,exact_guidance_u,22,0,13,12,"[129, 59, 120, 118, 127, 16, 33, 70, 100, 126, 12, 7, 14]","[59, 120, 118, 127, 16, 33, 70, 100, 126, 12, 7, 14]"
Linear,10,exact_guidance_u,23,0,15,14,"[129, 59, 120, 118, 127, 102, 16, 21, 33, 70, 100, 126, 12, 7, 14]","[59, 120, 118, 127, 102, 16, 21, 33, 70, 100, 126, 12, 7, 14]"
Linear,10,exact_guidance_u,24,0,16,15,"[129, 59, 120, 118, 127, 102, 61, 16, 21, 33, 70, 100, 126, 12, 7, 14]","[59, 120, 118, 127, 102, 61, 16, 21, 33, 70, 100, 126, 12, 7, 14]"
Linear,10,exact_guidance_u,25,0,17,16,"[129, 59, 120, 118, 127, 102, 61, 16, 21, 15, 33, 70, 100, 126, 12, 7, 14]","[59, 120, 118, 127, 102, 61, 16, 21, 15, 33, 70, 100, 126, 12, 7, 14]"
Linear,10,exact_guidance_u,26,0,18,17,"[129, 59, 104, 120, 118, 127, 102, 61, 16, 21, 15, 33, 70, 100, 126, 12, 7, 14]","[59, 104, 120, 118, 127, 102, 61, 16, 21, 15, 33, 70, 100, 126, 12, 7, 14]"
Linear,10,exact_guidance_u,27,0,19,18,"[129, 59, 95, 104, 120, 118, 127, 102, 61, 16, 21, 15, 33, 70, 100, 126, 12, 7, 14]","[59, 95, 104, 120, 118, 127, 102, 61, 16, 21, 15, 33, 70, 100, 126, 12, 7, 14]"
Linear,10,exact_guidance_u,28,0,19,18,"[129, 59, 95, 104, 120, 118, 127, 102, 61, 16, 21, 15, 33, 70, 100, 126, 12, 7, 14]","[59, 95, 104, 120, 118, 127, 102, 61, 16, 21, 15, 33, 70, 100, 126, 12, 7, 14]"
Linear,10,exact_guidance_u,29,0,19,18,"[129, 59, 95, 104, 120, 118, 127, 102, 61, 16, 21, 15, 33, 70, 100, 126, 12, 7, 14]","[59, 95, 104, 120, 118, 127, 102, 61, 16, 21, 15, 33, 70, 100, 126, 12, 7, 14]"
Linear,10,exact_guidance_u,30,0,19,18,"[129, 59, 95, 104, 120, 118, 127, 102, 61, 16, 21, 15, 33, 70, 100, 126, 12, 7, 14]","[59, 95, 104, 120, 118, 127, 102, 61, 16, 21, 15, 33, 70, 100, 126, 12, 7, 14]"
Linear,10,exact_guidance_u,31,0,20,19,"[129, 59, 95, 104, 120, 118, 127, 102, 61, 16, 21, 15, 33, 70, 100, 126, 12, 7, 14, 120]","[59, 95, 104, 120, 118, 127, 102, 61, 16, 21, 15, 33, 70, 100, 126, 12, 7, 14, 120]"
Linear,10,exact_guidance_u,32,0,20,19,"[129, 59, 95, 104, 120, 118, 127, 102, 61, 16, 21, 15, 33, 70, 100, 126, 12, 7, 14, 120]","[59, 95, 104, 120, 118, 127, 102, 61, 16, 21, 15, 33, 70, 100, 126, 12, 7, 14, 120]"
Linear,10,exact_guidance_u,33,0,20,19,"[129, 59, 95, 104, 120, 118, 127, 102, 61, 16, 21, 15, 33, 70, 100, 126, 12, 7, 14, 120]","[59, 95, 104, 120, 118, 127, 102, 61, 16, 21, 15, 33, 70, 100, 126, 12, 7, 14, 120]"
Linear,10,exact_guidance_u,34,0,21,20,"[129, 59, 95, 104, 120, 118, 127, 120, 102, 61, 16, 21, 15, 33, 70, 100, 126, 12, 7, 14, 120]","[59, 95, 104, 120, 118, 127, 120, 102, 61, 16, 21, 15, 33, 70, 100, 126, 12, 7, 14, 120]"
Linear,10,exact_guidance_u,35,0,22,21,"[129, 59, 95, 104, 120, 118, 127, 120, 102, 61, 16, 21, 1, 15, 33, 70, 100, 126, 12, 7, 14, 120]","[59, 95, 104, 120, 118, 127, 120, 102, 61, 16, 21, 1, 15, 33, 70, 100, 126, 12, 7, 14, 120]"
Linear,10,exact_guidance_u,36,0,23,22,"[129, 59, 95, 104, 120, 118, 127, 120, 102, 61, 16, 21, 1, 11, 15, 33, 70, 100, 126, 12, 7, 14, 120]","[59, 95, 104, 120, 118, 127, 120, 102, 61, 16, 21, 1, 11, 15, 33, 70, 100, 126, 12, 7, 14, 120]"
Linear,10,exact_guidance_u,37,0,24,23,"[129, 59, 95, 104, 120, 118, 127, 120, 102, 61, 16, 21, 1, 11, 15, 33, 70, 100, 126, 59, 12, 7, 14, 120]","[59, 95, 104, 120, 118, 127, 120, 102, 61, 16, 21, 1, 11, 15, 33, 70, 100, 126, 59, 12, 7, 14, 120]"
Linear,10,exact_guidance_u,38,0,24,23,"[129, 59, 95, 104, 120, 118, 127, 120, 102, 61, 16, 21, 1, 11, 15, 33, 70, 100, 126, 59, 12, 7, 14, 120]","[59, 95, 104, 120, 118, 127, 120, 102, 61, 16, 21, 1, 11, 15, 33, 70, 100, 126, 59, 12, 7, 14, 120]"
Linear,10,exact_guidance_u,39,0,24,23,"[129, 59, 95, 104, 120, 118, 127, 120, 102, 61, 16, 21, 1, 11, 15, 33, 70, 100, 126, 59, 12, 7, 14, 120]","[59, 95, 104, 120, 118, 127, 120, 102, 61, 16, 21, 1, 11, 15, 33, 70, 100, 126, 59, 12, 7, 14, 120]"
Linear,10,exact_guidance_u,40,0,24,23,"[129, 59, 95, 104, 120, 118, 127, 120, 102, 61, 16, 21, 1, 11, 15, 33, 70, 100, 126, 59, 12, 7, 14, 120]","[59, 95, 104, 120, 118, 127, 120, 102, 61, 16, 21, 1, 11, 15, 33, 70, 100, 126, 59, 12, 7, 14, 120]"
Linear,10,exact_guidance_u,41,0,25,24,"[129, 59, 95, 104, 120, 118, 127, 120, 102, 61, 16, 21, 1, 11, 15, 33, 70, 100, 126, 59, 12, 7, 14, 61, 120]","[59, 95, 104, 120, 118, 127, 120, 102, 61, 16, 21, 1, 11, 15, 33, 70, 100, 126, 59, 12, 7, 14, 61, 120]"
Linear,10,exact_guidance_u,42,0,25,24,"[129, 59, 95, 104, 120, 118, 127, 120, 102, 61, 16, 21, 1, 11, 15, 33, 70, 100, 126, 59, 12, 7, 14, 61, 120]","[59, 95, 104, 120, 118, 127, 120, 102, 61, 16, 21, 1, 11, 15, 33, 70, 100, 126, 59, 12, 7, 14, 61, 120]"
Linear,10,exact_guidance_u,43,0,25,24,"[129, 59, 95, 104, 120, 118, 127, 120, 102, 61, 16, 21, 1, 11, 15, 33, 70, 100, 126, 59, 12, 7, 14, 61, 120]","[59, 95, 104, 120, 118, 127, 120, 102, 61, 16, 21, 1, 11, 15, 33, 70, 100, 126, 59, 12, 7, 14, 61, 120]"
Linear,10,exact_guidance_u,44,0,26,25,"[129, 59, 95, 104, 120, 118, 127, 120, 102, 61, 16, 21, 1, 11, 15, 33, 70, 100, 126, 59, 12, 7, 14, 61, 119, 120]","[59, 95, 104, 120, 118, 127, 120, 102, 61, 16, 21, 1, 11, 15, 33, 70, 100, 126, 59, 12, 7, 14, 61, 119, 120]"
Linear,10,exact_guidance_u,45,0,26,25,"[129, 59, 95, 104, 120, 118, 127, 120, 102, 61, 16, 21, 1, 11, 15, 33, 70, 100, 126, 59, 12, 7, 14, 61, 119, 120]","[59, 95, 104, 120, 118, 127, 120, 102, 61, 16, 21, 1, 11, 15, 33, 70, 100, 126, 59, 12, 7, 14, 61, 119, 120]"
Linear,10,exact_guidance_u,46,0,26,25,"[129, 59, 95, 104, 120, 118, 127, 120, 102, 61, 16, 21, 1, 11, 15, 33, 70, 100, 126, 59, 12, 7, 14, 61, 119, 120]","[59, 95, 104, 120, 118, 127, 120, 102, 61, 16, 21, 1, 11, 15, 33, 70, 100, 126, 59, 12, 7, 14, 61, 119, 120]"
Linear,10,exact_guidance_u,47,0,28,27,"[129, 59, 95, 104, 120, 118, 127, 120, 102, 61, 44, 16, 21, 1, 11, 15, 33, 70, 100, 126, 59, 12, 7, 14, 61, 119, 123, 120]","[59, 95, 104, 120, 118, 127, 120, 102, 61, 44, 16, 21, 1, 11, 15, 33, 70, 100, 126, 59, 12, 7, 14, 61, 119, 123, 120]"
Linear,10,exact_guidance_u,48,0,28,27,"[129, 59, 95, 104, 120, 118, 127, 120, 102, 61, 44, 16, 21, 1, 11, 15, 33, 70, 100, 126, 59, 12, 7, 14, 61, 119, 123, 120]","[59, 95, 104, 120, 118, 127, 120, 102, 61, 44, 16, 21, 1, 11, 15, 33, 70, 100, 126, 59, 12, 7, 14, 61, 119, 123, 120]"
Linear,10,exact_guidance_u,49,0,28,27,"[129, 59, 95, 104, 120, 118, 127, 120, 102, 61, 44, 16, 21, 1, 11, 15, 33, 70, 100, 126, 59, 12, 7, 14, 61, 119, 123, 120]","[59, 95, 104, 120, 118, 127, 120, 102, 61, 44, 16, 21, 1, 11, 15, 33, 70, 100, 126, 59, 12, 7, 14, 61, 119, 123, 120]"
Linear,10,exact_guidance_u,50,0,28,27,"[129, 59, 95, 104, 120, 118, 127, 120, 102, 61, 44, 16, 21, 1, 11, 15, 33, 70, 100, 126, 59, 12, 7, 14, 61, 119, 123, 120]","[59, 95, 104, 120, 118, 127, 120, 102, 61, 44, 16, 21, 1, 11, 15, 33, 70, 100, 126, 59, 12, 7, 14, 61, 119, 123, 120]"
Linear,10,exact_guidance_u,51,0,28,27,"[129, 59, 95, 104, 120, 118, 127, 120, 102, 61, 44, 16, 21, 1, 11, 15, 33, 70, 100, 126, 59, 12, 7, 14, 61, 119, 123, 120]","[59, 95, 104, 120, 118, 127, 120, 102, 61, 44, 16, 21, 1, 11, 15, 33, 70, 100, 126, 59, 12, 7, 14, 61, 119, 123, 120]"
Linear,10,exact_guidance_u,52,0,30,29,"[129, 59, 95, 104, 120, 118, 127, 120, 102, 61, 44, 16, 21, 12, 1, 11, 15, 33, 70, 100, 126, 59, 12, 7, 14, 61, 119, 123, 120, 95]","[59, 95, 104, 120, 118, 127, 120, 102, 61, 44, 16, 21, 12, 1, 11, 15, 33, 70, 100, 126, 59, 12, 7, 14, 61, 119, 123, 120, 95]"
Linear,10,exact_guidance_u,53,0,31,30,"[129, 59, 95, 104, 120, 118, 127, 120, 102, 61, 44, 16, 21, 12, 1, 2, 11, 15, 33, 70, 100, 126, 59, 12, 7, 14, 61, 119, 123, 120, 95]","[59, 95, 104, 120, 118, 127, 120, 102, 61, 44, 16, 21, 12, 1, 2, 11, 15, 33, 70, 100, 126, 59, 12, 7, 14, 61, 119, 123, 120, 95]"
Linear,10,exact_guidance_u,54,0,31,30,"[129, 59, 95, 104, 120, 118, 127, 120, 102, 61, 44, 16, 21, 12, 1, 2, 11, 15, 33, 70, 100, 126, 59, 12, 7, 14, 61, 119, 123, 120, 95]","[59, 95, 104, 120, 118, 127, 120, 102, 61, 44, 16, 21, 12, 1, 2, 11, 15, 33, 70, 100, 126, 59, 12, 7, 14, 61, 119, 123, 120, 95]"
Linear,10,exact_guidance_u,55,0,31,30,"[129, 59, 95, 104, 120, 118, 127, 120, 102, 61, 44, 16, 21, 12, 1, 2, 11, 15, 33, 70, 100, 126, 59, 12, 7, 14, 61, 119, 123, 120, 95]","[59, 95, 104, 120, 118, 127, 120, 102, 61, 44, 16, 21, 12, 1, 2, 11, 15, 33, 70, 100, 126, 59, 12, 7, 14, 61, 119, 123, 120, 95]"
Linear,10,exact_guidance_u,56,0,31,30,"[129, 59, 95, 104, 120, 118, 127, 120, 102, 61, 44, 16, 21, 12, 1, 2, 11, 15, 33, 70, 100, 126, 59, 12, 7, 14, 61, 119, 123, 120, 95]","[59, 95, 104, 120, 118, 127, 120, 102, 61, 44, 16, 21, 12, 1, 2, 11, 15, 33, 70, 100, 126, 59, 12, 7, 14, 61, 119, 123, 120, 95]"
Linear,10,exact_guidance_u,57,0,31,30,"[129, 59, 95, 104, 120, 118, 127, 120, 102, 61, 44, 16, 21, 12, 1, 2, 11, 15, 33, 70, 100, 126, 59, 12, 7, 14, 61, 119, 123, 120, 95]","[59, 95, 104, 120, 118, 127, 120, 102, 61, 44, 16, 21, 12, 1, 2, 11, 15, 33, 70, 100, 126, 59, 12, 7, 14, 61, 119, 123, 120, 95]"
Linear,10,exact_guidance_u,58,0,31,30,"[129, 59, 95, 104, 120, 118, 127, 120, 102, 61, 44, 16, 21, 12, 1, 2, 11, 15, 33, 70, 100, 126, 59, 12, 7, 14, 61, 119, 123, 120, 95]","[59, 95, 104, 120, 118, 127, 120, 102, 61, 44, 16, 21, 12, 1, 2, 11, 15, 33, 70, 100, 126, 59, 12, 7, 14, 61, 119, 123, 120, 95]"
Linear,10,exact_guidance_u,59,0,34,33,"[129, 59, 95, 104, 120, 118, 127, 120, 107, 102, 61, 44, 16, 21, 12, 1, 2, 11, 15, 33, 70, 100, 126, 59, 53, 12, 7, 14, 61, 119, 123, 120, 120, 95]","[59, 95, 104, 120, 118, 127, 120, 107, 102, 61, 44, 16, 21, 12, 1, 2, 11, 15, 33, 70, 100, 126, 59, 53, 12, 7, 14, 61, 119, 123, 120, 120, 95]"
Linear,10,exact_guidance_u,60,0,34,33,"[129, 59, 95, 104, 120, 118, 127, 120, 107, 102, 61, 44, 16, 21, 12, 1, 2, 11, 15, 33, 70, 100, 126, 59, 53, 12, 7, 14, 61, 119, 123, 120, 120, 95]","[59, 95, 104, 120, 118, 127, 120, 107, 102, 61, 44, 16, 21, 12, 1, 2, 11, 15, 33, 70, 100, 126, 59, 53, 12, 7, 14, 61, 119, 123, 120, 120, 95]"
Linear,10,exact_guidance_u,61,0,34,33,"[129, 59, 95, 104, 120, 118, 127, 120, 107, 102, 61, 44, 16, 21, 12, 1, 2, 11, 15, 33, 70, 100, 126, 59, 53, 12, 7, 14, 61, 119, 123, 120, 120, 95]","[59, 95, 104, 120, 118, 127, 120, 107, 102, 61, 44, 16, 21, 12, 1, 2, 11, 15, 33, 70, 100, 126, 59, 53, 12, 7, 14, 61, 119, 123, 120, 120, 95]"
Linear,10,exact_guidance_u,62,0,34,33,"[129, 59, 95, 104, 120, 118, 127, 120, 107, 102, 61, 44, 16, 21, 12, 1, 2, 11, 15, 33, 70, 100, 126, 59, 53, 12, 7, 14, 61, 119, 123, 120, 120, 95]","[59, 95, 104, 120, 118, 127, 120, 107, 102, 61, 44, 16, 21, 12, 1, 2, 11, 15, 33, 70, 100, 126, 59, 53, 12, 7, 14, 61, 119, 123, 120, 120, 95]"
Linear,10,exact_guidance_u,63,0,34,33,"[129, 59, 95, 104, 120, 118, 127, 120, 107, 102, 61, 44, 16, 21, 12, 1, 2, 11, 15, 33, 70, 100, 126, 59, 53, 12, 7, 14, 61, 119, 123, 120, 120, 95]","[59, 95, 104, 120, 118, 127, 120, 107, 102, 61, 44, 16, 21, 12, 1, 2, 11, 15, 33, 70, 100, 126, 59, 53, 12, 7, 14, 61, 119, 123, 120, 120, 95]"
Linear,10,exact_guidance_u,64,0,34,33,"[129, 59, 95, 104, 120, 118, 127, 120, 107, 102, 61, 44, 16, 21, 12, 1, 2, 11, 15, 33, 70, 100, 126, 59, 53, 12, 7, 14, 61, 119, 123, 120, 120, 95]","[59, 95, 104, 120, 118, 127, 120, 107, 102, 61, 44, 16, 21, 12, 1, 2, 11, 15, 33, 70, 100, 126, 59, 53, 12, 7, 14, 61, 119, 123, 120, 120, 95]"
Linear,10,exact_guidance_u,65,0,34,33,"[129, 59, 95, 104, 120, 118, 127, 120, 107, 102, 61, 44, 16, 21, 12, 1, 2, 11, 15, 33, 70, 100, 126, 59, 53, 12, 7, 14, 61, 119, 123, 120, 120, 95]","[59, 95, 104, 120, 118, 127, 120, 107, 102, 61, 44, 16, 21, 12, 1, 2, 11, 15, 33, 70, 100, 126, 59, 53, 12, 7, 14, 61, 119, 123, 120, 120, 95]"
Linear,10,exact_guidance_u,66,0,34,33,"[129, 59, 95, 104, 120, 118, 127, 120, 107, 102, 61, 44, 16, 21, 12, 1, 2, 11, 15, 33, 70, 100, 126, 59, 53, 12, 7, 14, 61, 119, 123, 120, 120, 95]","[59, 95, 104, 120, 118, 127, 120, 107, 102, 61, 44, 16, 21, 12, 1, 2, 11, 15, 33, 70, 100, 126, 59, 53, 12, 7, 14, 61, 119, 123, 120, 120, 95]"
Linear,10,exact_guidance_u,67,0,34,33,"[129, 59, 95, 104, 120, 118, 127, 120, 107, 102, 61, 44, 16, 21, 12, 1, 2, 11, 15, 33, 70, 100, 126, 59, 53, 12, 7, 14, 61, 119, 123, 120, 120, 95]","[59, 95, 104, 120, 118, 127, 120, 107, 102, 61, 44, 16, 21, 12, 1, 2, 11, 15, 33, 70, 100, 126, 59, 53, 12, 7, 14, 61, 119, 123, 120, 120, 95]"
Linear,10,exact_guidance_u,68,0,34,33,"[129, 59, 95, 104, 120, 118, 127, 120, 107, 102, 61, 44, 16, 21, 12, 1, 2, 11, 15, 33, 70, 100, 126, 59, 53, 12, 7, 14, 61, 119, 123, 120, 120, 95]","[59, 95, 104, 120, 118, 127, 120, 107, 102, 61, 44, 16, 21, 12, 1, 2, 11, 15, 33, 70, 100, 126, 59, 53, 12, 7, 14, 61, 119, 123, 120, 120, 95]"
Linear,10,exact_guidance_u,69,0,34,33,"[129, 59, 95, 104, 120, 118, 127, 120, 107, 102, 61, 44, 16, 21, 12, 1, 2, 11, 15, 33, 70, 100, 126, 59, 53, 12, 7, 14, 61, 119, 123, 120, 120, 95]","[59, 95, 104, 120, 118, 127, 120, 107, 102, 61, 44, 16, 21, 12, 1, 2, 11, 15, 33, 70, 100, 126, 59, 53, 12, 7, 14, 61, 119, 123, 120, 120, 95]"
Linear,10,exact_guidance_u,70,0,35,34,"[129, 59, 95, 104, 120, 118, 127, 120, 107, 102, 61, 44, 16, 21, 12, 1, 2, 11, 15, 33, 70, 100, 126, 59, 53, 12, 7, 14, 61, 119, 123, 124, 120, 120, 95]","[59, 95, 104, 120, 118, 127, 120, 107, 102, 61, 44, 16, 21, 12, 1, 2, 11, 15, 33, 70, 100, 126, 59, 53, 12, 7, 14, 61, 119, 123, 124, 120, 120, 95]"
Linear,10,exact_guidance_u,71,0,38,37,"[129, 59, 89, 95, 104, 120, 118, 127, 120, 107, 102, 61, 61, 44, 16, 21, 12, 1, 2, 11, 15, 33, 70, 100, 126, 59, 53, 12, 7, 14, 61, 119, 123, 124, 120, 122, 120, 95]","[59, 89, 95, 104, 120, 118, 127, 120, 107, 102, 61, 61, 44, 16, 21, 12, 1, 2, 11, 15, 33, 70, 100, 126, 59, 53, 12, 7, 14, 61, 119, 123, 124, 120, 122, 120, 95]"
Linear,10,exact_guidance_u,72,0,39,38,"[129, 59, 89, 95, 104, 120, 118, 127, 120, 107, 102, 61, 61, 44, 16, 21, 12, 1, 2, 11, 15, 33, 70, 100, 126, 96, 59, 53, 12, 7, 14, 61, 119, 123, 124, 120, 122, 120, 95]","[59, 89, 95, 104, 120, 118, 127, 120, 107, 102, 61, 61, 44, 16, 21, 12, 1, 2, 11, 15, 33, 70, 100, 126, 96, 59, 53, 12, 7, 14, 61, 119, 123, 124, 120, 122, 120, 95]"
Linear,10,exact_guidance_u,73,0,40,39,"[129, 59, 89, 95, 104, 120, 118, 127, 120, 118, 107, 102, 61, 61, 44, 16, 21, 12, 1, 2, 11, 15, 33, 70, 100, 126, 96, 59, 53, 12, 7, 14, 61, 119, 123, 124, 120, 122, 120, 95]","[59, 89, 95, 104, 120, 118, 127, 120, 118, 107, 102, 61, 61, 44, 16, 21, 12, 1, 2, 11, 15, 33, 70, 100, 126, 96, 59, 53, 12, 7, 14, 61, 119, 123, 124, 120, 122, 120, 95]"
Linear,10,exact_guidance_u,74,0,40,39,"[129, 59, 89, 95, 104, 120, 118, 127, 120, 118, 107, 102, 61, 61, 44, 16, 21, 12, 1, 2, 11, 15, 33, 70, 100, 126, 96, 59, 53, 12, 7, 14, 61, 119, 123, 124, 120, 122, 120, 95]","[59, 89, 95, 104, 120, 118, 127, 120, 118, 107, 102, 61, 61, 44, 16, 21, 12, 1, 2, 11, 15, 33, 70, 100, 126, 96, 59, 53, 12, 7, 14, 61, 119, 123, 124, 120, 122, 120, 95]"
Linear,10,exact_guidance_u,75,0,40,39,"[129, 59, 89, 95, 104, 120, 118, 127, 120, 118, 107, 102, 61, 61, 44, 16, 21, 12, 1, 2, 11, 15, 33, 70, 100, 126, 96, 59, 53, 12, 7, 14, 61, 119, 123, 124, 120, 122, 120, 95]","[59, 89, 95, 104, 120, 118, 127, 120, 118, 107, 102, 61, 61, 44, 16, 21, 12, 1, 2, 11, 15, 33, 70, 100, 126, 96, 59, 53, 12, 7, 14, 61, 119, 123, 124, 120, 122, 120, 95]"
Linear,10,exact_guidance_u,76,0,40,39,"[129, 59, 89, 95, 104, 120, 118, 127, 120, 118, 107, 102, 61, 61, 44, 16, 21, 12, 1, 2, 11, 15, 33, 70, 100, 126, 96, 59, 53, 12, 7, 14, 61, 119, 123, 124, 120, 122, 120, 95]","[59, 89, 95, 104, 120, 118, 127, 120, 118, 107, 102, 61, 61, 44, 16, 21, 12, 1, 2, 11, 15, 33, 70, 100, 126, 96, 59, 53, 12, 7, 14, 61, 119, 123, 124, 120, 122, 120, 95]"
Linear,10,exact_guidance_u,77,0,40,39,"[129, 59, 89, 95, 104, 120, 118, 127, 120, 118, 107, 102, 61, 61, 44, 16, 21, 12, 1, 2, 11, 15, 33, 70, 100, 126, 96, 59, 53, 12, 7, 14, 61, 119, 123, 124, 120, 122, 120, 95]","[59, 89, 95, 104, 120, 118, 127, 120, 118, 107, 102, 61, 61, 44, 16, 21, 12, 1, 2, 11, 15, 33, 70, 100, 126, 96, 59, 53, 12, 7, 14, 61, 119, 123, 124, 120, 122, 120, 95]"
Linear,10,exact_guidance_u,78,0,40,39,"[129, 59, 89, 95, 104, 120, 118, 127, 120, 118, 107, 102, 61, 61, 44, 16, 21, 12, 1, 2, 11, 15, 33, 70, 100, 126, 96, 59, 53, 12, 7, 14, 61, 119, 123, 124, 120, 122, 120, 95]","[59, 89, 95, 104, 120, 118, 127, 120, 118, 107, 102, 61, 61, 44, 16, 21, 12, 1, 2, 11, 15, 33, 70, 100, 126, 96, 59, 53, 12, 7, 14, 61, 119, 123, 124, 120, 122, 120, 95]"
Linear,10,exact_guidance_u,79,0,41,40,"[129, 59, 89, 95, 104, 120, 118, 127, 120, 118, 107, 102, 61, 61, 44, 32, 16, 21, 12, 1, 2, 11, 15, 33, 70, 100, 126, 96, 59, 53, 12, 7, 14, 61, 119, 123, 124, 120, 122, 120, 95]","[59, 89, 95, 104, 120, 118, 127, 120, 118, 107, 102, 61, 61, 44, 32, 16, 21, 12, 1, 2, 11, 15, 33, 70, 100, 126, 96, 59, 53, 12, 7, 14, 61, 119, 123, 124, 120, 122, 120, 95]"
Linear,10,exact_guidance_u,80,0,42,41,"[129, 59, 89, 95, 104, 120, 118, 127, 120, 118, 107, 102, 61, 61, 44, 32, 16, 21, 12, 1, 2, 11, 15, 33, 70, 100, 112, 126, 96, 59, 53, 12, 7, 14, 61, 119, 123, 124, 120, 122, 120, 95]","[59, 89, 95, 104, 120, 118, 127, 120, 118, 107, 102, 61, 61, 44, 32, 16, 21, 12, 1, 2, 11, 15, 33, 70, 100, 112, 126, 96, 59, 53, 12, 7, 14, 61, 119, 123, 124, 120, 122, 120, 95]"
Linear,10,exact_guidance_u,81,0,42,41,"[129, 59, 89, 95, 104, 120, 118, 127, 120, 118, 107, 102, 61, 61, 44, 32, 16, 21, 12, 1, 2, 11, 15, 33, 70, 100, 112, 126, 96, 59, 53, 12, 7, 14, 61, 119, 123, 124, 120, 122, 120, 95]","[59, 89, 95, 104, 120, 118, 127, 120, 118, 107, 102, 61, 61, 44, 32, 16, 21, 12, 1, 2, 11, 15, 33, 70, 100, 112, 126, 96, 59, 53, 12, 7, 14, 61, 119, 123, 124, 120, 122, 120, 95]"
Linear,10,exact_guidance_u,82,0,43,42,"[129, 59, 89, 95, 104, 120, 118, 127, 120, 118, 107, 102, 61, 61, 44, 32, 16, 21, 12, 1, 2, 11, 15, 33, 70, 100, 112, 126, 96, 59, 53, 20, 12, 7, 14, 61, 119, 123, 124, 120, 122, 120, 95]","[59, 89, 95, 104, 120, 118, 127, 120, 118, 107, 102, 61, 61, 44, 32, 16, 21, 12, 1, 2, 11, 15, 33, 70, 100, 112, 126, 96, 59, 53, 20, 12, 7, 14, 61, 119, 123, 124, 120, 122, 120, 95]"
Linear,10,exact_guidance_u,83,0,44,43,"[129, 59, 89, 95, 104, 120, 118, 127, 120, 118, 107, 102, 61, 61, 44, 32, 16, 21, 12, 1, 2, 11, 15, 33, 70, 100, 112, 126, 96, 59, 53, 20, 12, 7, 14, 61, 119, 123, 124, 120, 122, 120, 95, 90]","[59, 89, 95, 104, 120, 118, 127, 120, 118, 107, 102, 61, 61, 44, 32, 16, 21, 12, 1, 2, 11, 15, 33, 70, 100, 112, 126, 96, 59, 53, 20, 12, 7, 14, 61, 119, 123, 124, 120, 122, 120, 95, 90]"
Linear,10,exact_guidance_u,84,0,44,43,"[129, 59, 89, 95, 104, 120, 118, 127, 120, 118, 107, 102, 61, 61, 44, 32, 16, 21, 12, 1, 2, 11, 15, 33, 70, 100, 112, 126, 96, 59, 53, 20, 12, 7, 14, 61, 119, 123, 124, 120, 122, 120, 95, 90]","[59, 89, 95, 104, 120, 118, 127, 120, 118, 107, 102, 61, 61, 44, 32, 16, 21, 12, 1, 2, 11, 15, 33, 70, 100, 112, 126, 96, 59, 53, 20, 12, 7, 14, 61, 119, 123, 124, 120, 122, 120, 95, 90]"
Linear,10,exact_guidance_u,85,0,45,44,"[129, 59, 89, 95, 104, 120, 118, 127, 120, 118, 107, 102, 61, 61, 44, 32, 16, 21, 12, 1, 2, 11, 15, 33, 70, 100, 112, 126, 122, 96, 59, 53, 20, 12, 7, 14, 61, 119, 123, 124, 120, 122, 120, 95, 90]","[59, 89, 95, 104, 120, 118, 127, 120, 118, 107, 102, 61, 61, 44, 32, 16, 21, 12, 1, 2, 11, 15, 33, 70, 100, 112, 126, 122, 96, 59, 53, 20, 12, 7, 14, 61, 119, 123, 124, 120, 122, 120, 95, 90]"
Linear,10,exact_guidance_u,86,0,45,44,"[129, 59, 89, 95, 104, 120, 118, 127, 120, 118, 107, 102, 61, 61, 44, 32, 16, 21, 12, 1, 2, 11, 15, 33, 70, 100, 112, 126, 122, 96, 59, 53, 20, 12, 7, 14, 61, 119, 123, 124, 120, 122, 120, 95, 90]","[59, 89, 95, 104, 120, 118, 127, 120, 118, 107, 102, 61, 61, 44, 32, 16, 21, 12, 1, 2, 11, 15, 33, 70, 100, 112, 126, 122, 96, 59, 53, 20, 12, 7, 14, 61, 119, 123, 124, 120, 122, 120, 95, 90]"
Linear,10,exact_guidance_u,87,0,45,44,"[129, 59, 89, 95, 104, 120, 118, 127, 120, 118, 107, 102, 61, 61, 44, 32, 16, 21, 12, 1, 2, 11, 15, 33, 70, 100, 112, 126, 122, 96, 59, 53, 20, 12, 7, 14, 61, 119, 123, 124, 120, 122, 120, 95, 90]","[59, 89, 95, 104, 120, 118, 127, 120, 118, 107, 102, 61, 61, 44, 32, 16, 21, 12, 1, 2, 11, 15, 33, 70, 100, 112, 126, 122, 96, 59, 53, 20, 12, 7, 14, 61, 119, 123, 124, 120, 122, 120, 95, 90]"
Linear,10,exact_guidance_u,88,0,45,44,"[129, 59, 89, 95, 104, 120, 118, 127, 120, 118, 107, 102, 61, 61, 44, 32, 16, 21, 12, 1, 2, 11, 15, 33, 70, 100, 112, 126, 122, 96, 59, 53, 20, 12, 7, 14, 61, 119, 123, 124, 120, 122, 120, 95, 90]","[59, 89, 95, 104, 120, 118, 127, 120, 118, 107, 102, 61, 61, 44, 32, 16, 21, 12, 1, 2, 11, 15, 33, 70, 100, 112, 126, 122, 96, 59, 53, 20, 12, 7, 14, 61, 119, 123, 124, 120, 122, 120, 95, 90]"
Linear,10,exact_guidance_u,89,0,46,45,"[129, 59, 89, 95, 104, 120, 118, 127, 120, 118, 107, 102, 61, 61, 44, 32, 16, 21, 12, 1, 2, 11, 15, 33, 70, 100, 112, 126, 122, 108, 96, 59, 53, 20, 12, 7, 14, 61, 119, 123, 124, 120, 122, 120, 95, 90]","[59, 89, 95, 104, 120, 118, 127, 120, 118, 107, 102, 61, 61, 44, 32, 16, 21, 12, 1, 2, 11, 15, 33, 70, 100, 112, 126, 122, 108, 96, 59, 53, 20, 12, 7, 14, 61, 119, 123, 124, 120, 122, 120, 95, 90]"
Linear,10,exact_guidance_u,90,0,47,46,"[129, 59, 89, 95, 104, 120, 118, 127, 120, 118, 107, 102, 61, 61, 44, 32, 16, 21, 12, 1, 2, 11, 15, 33, 70, 100, 112, 126, 122, 108, 96, 59, 53, 20, 12, 7, 6, 14, 61, 119, 123, 124, 120, 122, 120, 95, 90]","[59, 89, 95, 104, 120, 118, 127, 120, 118, 107, 102, 61, 61, 44, 32, 16, 21, 12, 1, 2, 11, 15, 33, 70, 100, 112, 126, 122, 108, 96, 59, 53, 20, 12, 7, 6, 14, 61, 119, 123, 124, 120, 122, 120, 95, 90]"
Linear,10,exact_guidance_u,91,0,48,47,"[129, 59, 89, 95, 104, 120, 118, 127, 120, 118, 107, 102, 61, 61, 44, 32, 16, 21, 12, 1, 2, 11, 15, 33, 70, 100, 112, 126, 122, 108, 96, 59, 53, 20, 12, 0, 7, 6, 14, 61, 119, 123, 124, 120, 122, 120, 95, 90]","[59, 89, 95, 104, 120, 118, 127, 120, 118, 107, 102, 61, 61, 44, 32, 16, 21, 12, 1, 2, 11, 15, 33, 70, 100, 112, 126, 122, 108, 96, 59, 53, 20, 12, 0, 7, 6, 14, 61, 119, 123, 124, 120, 122, 120, 95, 90]"
Linear,10,exact_guidance_u,92,0,48,47,"[129, 59, 89, 95, 104, 120, 118, 127, 120, 118, 107, 102, 61, 61, 44, 32, 16, 21, 12, 1, 2, 11, 15, 33, 70, 100, 112, 126, 122, 108, 96, 59, 53, 20, 12, 0, 7, 6, 14, 61, 119, 123, 124, 120, 122, 120, 95, 90]","[59, 89, 95, 104, 120, 118, 127, 120, 118, 107, 102, 61, 61, 44, 32, 16, 21, 12, 1, 2, 11, 15, 33, 70, 100, 112, 126, 122, 108, 96, 59, 53, 20, 12, 0, 7, 6, 14, 61, 119, 123, 124, 120, 122, 120, 95, 90]"
Linear,10,exact_guidance_u,93,0,48,47,"[129, 59, 89, 95, 104, 120, 118, 127, 120, 118, 107, 102, 61, 61, 44, 32, 16, 21, 12, 1, 2, 11, 15, 33, 70, 100, 112, 126, 122, 108, 96, 59, 53, 20, 12, 0, 7, 6, 14, 61, 119, 123, 124, 120, 122, 120, 95, 90]","[59, 89, 95, 104, 120, 118, 127, 120, 118, 107, 102, 61, 61, 44, 32, 16, 21, 12, 1, 2, 11, 15, 33, 70, 100, 112, 126, 122, 108, 96, 59, 53, 20, 12, 0, 7, 6, 14, 61, 119, 123, 124, 120, 122, 120, 95, 90]"
Linear,10,exact_guidance_u,94,0,49,48,"[129, 59, 89, 95, 104, 120, 118, 127, 120, 118, 107, 102, 61, 61, 44, 32, 16, 21, 12, 1, 2, 11, 15, 33, 70, 100, 112, 126, 122, 108, 96, 59, 53, 20, 12, 0, 7, 6, 14, 61, 86, 119, 123, 124, 120, 122, 120, 95, 90]","[59, 89, 95, 104, 120, 118, 127, 120, 118, 107, 102, 61, 61, 44, 32, 16, 21, 12, 1, 2, 11, 15, 33, 70, 100, 112, 126, 122, 108, 96, 59, 53, 20, 12, 0, 7, 6, 14, 61, 86, 119, 123, 124, 120, 122, 120, 95, 90]"
Linear,10,exact_guidance_u,95,0,49,48,"[129, 59, 89, 95, 104, 120, 118, 127, 120, 118, 107, 102, 61, 61, 44, 32, 16, 21, 12, 1, 2, 11, 15, 33, 70, 100, 112, 126, 122, 108, 96, 59, 53, 20, 12, 0, 7, 6, 14, 61, 86, 119, 123, 124, 120, 122, 120, 95, 90]","[59, 89, 95, 104, 120, 118, 127, 120, 118, 107, 102, 61, 61, 44, 32, 16, 21, 12, 1, 2, 11, 15, 33, 70, 100, 112, 126, 122, 108, 96, 59, 53, 20, 12, 0, 7, 6, 14, 61, 86, 119, 123, 124, 120, 122, 120, 95, 90]"
Linear,10,exact_guidance_u,96,0,50,49,"[129, 59, 89, 95, 104, 120, 118, 127, 120, 118, 107, 102, 61, 61, 44, 32, 16, 21, 12, 1, 2, 11, 15, 33, 70, 100, 105, 112, 126, 122, 108, 96, 59, 53, 20, 12, 0, 7, 6, 14, 61, 86, 119, 123, 124, 120, 122, 120, 95, 90]","[59, 89, 95, 104, 120, 118, 127, 120, 118, 107, 102, 61, 61, 44, 32, 16, 21, 12, 1, 2, 11, 15, 33, 70, 100, 105, 112, 126, 122, 108, 96, 59, 53, 20, 12, 0, 7, 6, 14, 61, 86, 119, 123, 124, 120, 122, 120, 95, 90]"
Linear,10,exact_guidance_u,97,0,51,50,"[129, 59, 82, 89, 95, 104, 120, 118, 127, 120, 118, 107, 102, 61, 61, 44, 32, 16, 21, 12, 1, 2, 11, 15, 33, 70, 100, 105, 112, 126, 122, 108, 96, 59, 53, 20, 12, 0, 7, 6, 14, 61, 86, 119, 123, 124, 120, 122, 120, 95, 90]","[59, 82, 89, 95, 104, 120, 118, 127, 120, 118, 107, 102, 61, 61, 44, 32, 16, 21, 12, 1, 2, 11, 15, 33, 70, 100, 105, 112, 126, 122, 108, 96, 59, 53, 20, 12, 0, 7, 6, 14, 61, 86, 119, 123, 124, 120, 122, 120, 95, 90]"
Linear,10,exact_guidance_u,98,0,51,50,"[129, 59, 82, 89, 95, 104, 120, 118, 127, 120, 118, 107, 102, 61, 61, 44, 32, 16, 21, 12, 1, 2, 11, 15, 33, 70, 100, 105, 112, 126, 122, 108, 96, 59, 53, 20, 12, 0, 7, 6, 14, 61, 86, 119, 123, 124, 120, 122, 120, 95, 90]","[59, 82, 89, 95, 104, 120, 118, 127, 120, 118, 107, 102, 61, 61, 44, 32, 16, 21, 12, 1, 2, 11, 15, 33, 70, 100, 105, 112, 126, 122, 108, 96, 59, 53, 20, 12, 0, 7, 6, 14, 61, 86, 119, 123, 124, 120, 122, 120, 95, 90]"
Linear,10,exact_guidance_u,99,0,52,51,"[129, 59, 82, 89, 95, 104, 120, 118, 127, 120, 118, 107, 102, 61, 61, 44, 32, 16, 21, 12, 1, 2, 11, 15, 33, 70, 100, 105, 112, 126, 122, 108, 96, 59, 53, 20, 12, 0, 7, 6, 14, 61, 86, 77, 119, 123, 124, 120, 122, 120, 95, 90]","[59, 82, 89, 95, 104, 120, 118, 127, 120, 118, 107, 102, 61, 61, 44, 32, 16, 21, 12, 1, 2, 11, 15, 33, 70, 100, 105, 112, 126, 122, 108, 96, 59, 53, 20, 12, 0, 7, 6, 14, 61, 86, 77, 119, 123, 124, 120, 122, 120, 95, 90]"
Linear,10,exact_guidance_u,100,0,52,51,"[129, 59, 82, 89, 95, 104, 120, 118, 127, 120, 118, 107, 102, 61, 61, 44, 32, 16, 21, 12, 1, 2, 11, 15, 33, 70, 100, 105, 112, 126, 122, 108, 96, 59, 53, 20, 12, 0, 7, 6, 14, 61, 86, 77, 119, 123, 124, 120, 122, 120, 95, 90]","[59, 82, 89, 95, 104, 120, 118, 127, 120, 118, 107, 102, 61, 61, 44, 32, 16, 21, 12, 1, 2, 11, 15, 33, 70, 100, 105, 112, 126, 122, 108, 96, 59, 53, 20, 12, 0, 7, 6, 14, 61, 86, 77, 119, 123, 124, 120, 122, 120, 95, 90]"
Linear,10,exact_guidance_u,101,0,52,51,"[129, 59, 82, 89, 95, 104, 120, 118, 127, 120, 118, 107, 102, 61, 61, 44, 32, 16, 21, 12, 1, 2, 11, 15, 33, 70, 100, 105, 112, 126, 122, 108, 96, 59, 53, 20, 12, 0, 7, 6, 14, 61, 86, 77, 119, 123, 124, 120, 122, 120, 95, 90]","[59, 82, 89, 95, 104, 120, 118, 127, 120, 118, 107, 102, 61, 61, 44, 32, 16, 21, 12, 1, 2, 11, 15, 33, 70, 100, 105, 112, 126, 122, 108, 96, 59, 53, 20, 12, 0, 7, 6, 14, 61, 86, 77, 119, 123, 124, 120, 122, 120, 95, 90]"
Linear,10,exact_guidance_u,102,0,53,52,"[129, 59, 82, 89, 95, 104, 120, 118, 127, 120, 118, 107, 102, 61, 61, 44, 32, 16, 21, 12, 1, 2, 11, 15, 33, 70, 100, 105, 112, 126, 122, 108, 96, 59, 53, 20, 12, 0, 7, 6, 14, 44, 61, 86, 77, 119, 123, 124, 120, 122, 120, 95, 90]","[59, 82, 89, 95, 104, 120, 118, 127, 120, 118, 107, 102, 61, 61, 44, 32, 16, 21, 12, 1, 2, 11, 15, 33, 70, 100, 105, 112, 126, 122, 108, 96, 59, 53, 20, 12, 0, 7, 6, 14, 44, 61, 86, 77, 119, 123, 124, 120, 122, 120, 95, 90]"
Linear,10,exact_guidance_u,103,0,53,52,"[129, 59, 82, 89, 95, 104, 120, 118, 127, 120, 118, 107, 102, 61, 61, 44, 32, 16, 21, 12, 1, 2, 11, 15, 33, 70, 100, 105, 112, 126, 122, 108, 96, 59, 53, 20, 12, 0, 7, 6, 14, 44, 61, 86, 77, 119, 123, 124, 120, 122, 120, 95, 90]","[59, 82, 89, 95, 104, 120, 118, 127, 120, 118, 107, 102, 61, 61, 44, 32, 16, 21, 12, 1, 2, 11, 15, 33, 70, 100, 105, 112, 126, 122, 108, 96, 59, 53, 20, 12, 0, 7, 6, 14, 44, 61, 86, 77, 119, 123, 124, 120, 122, 120, 95, 90]"
Linear,10,exact_guidance_u,104,0,53,52,"[129, 59, 82, 89, 95, 104, 120, 118, 127, 120, 118, 107, 102, 61, 61, 44, 32, 16, 21, 12, 1, 2, 11, 15, 33, 70, 100, 105, 112, 126, 122, 108, 96, 59, 53, 20, 12, 0, 7, 6, 14, 44, 61, 86, 77, 119, 123, 124, 120, 122, 120, 95, 90]","[59, 82, 89, 95, 104, 120, 118, 127, 120, 118, 107, 102, 61, 61, 44, 32, 16, 21, 12, 1, 2, 11, 15, 33, 70, 100, 105, 112, 126, 122, 108, 96, 59, 53, 20, 12, 0, 7, 6, 14, 44, 61, 86, 77, 119, 123, 124, 120, 122, 120, 95, 90]"
Linear,10,exact_guidance_u,105,0,53,52,"[129, 59, 82, 89, 95, 104, 120, 118, 127, 120, 118, 107, 102, 61, 61, 44, 32, 16, 21, 12, 1, 2, 11, 15, 33, 70, 100, 105, 112, 126, 122, 108, 96, 59, 53, 20, 12, 0, 7, 6, 14, 44, 61, 86, 77, 119, 123, 124, 120, 122, 120, 95, 90]","[59, 82, 89, 95, 104, 120, 118, 127, 120, 118, 107, 102, 61, 61, 44, 32, 16, 21, 12, 1, 2, 11, 15, 33, 70, 100, 105, 112, 126, 122, 108, 96, 59, 53, 20, 12, 0, 7, 6, 14, 44, 61, 86, 77, 119, 123, 124, 120, 122, 120, 95, 90]"
Linear,10,exact_guidance_u,106,0,53,52,"[129, 59, 82, 89, 95, 104, 120, 118, 127, 120, 118, 107, 102, 61, 61, 44, 32, 16, 21, 12, 1, 2, 11, 15, 33, 70, 100, 105, 112, 126, 122, 108, 96, 59, 53, 20, 12, 0, 7, 6, 14, 44, 61, 86, 77, 119, 123, 124, 120, 122, 120, 95, 90]","[59, 82, 89, 95, 104, 120, 118, 127, 120, 118, 107, 102, 61, 61, 44, 32, 16, 21, 12, 1, 2, 11, 15, 33, 70, 100, 105, 112, 126, 122, 108, 96, 59, 53, 20, 12, 0, 7, 6, 14, 44, 61, 86, 77, 119, 123, 124, 120, 122, 120, 95, 90]"
Linear,10,exact_guidance_u,107,0,53,52,"[129, 59, 82, 89, 95, 104, 120, 118, 127, 120, 118, 107, 102, 61, 61, 44, 32, 16, 21, 12, 1, 2, 11, 15, 33, 70, 100, 105, 112, 126, 122, 108, 96, 59, 53, 20, 12, 0, 7, 6, 14, 44, 61, 86, 77, 119, 123, 124, 120, 122, 120, 95, 90]","[59, 82, 89, 95, 104, 120, 118, 127, 120, 118, 107, 102, 61, 61, 44, 32, 16, 21, 12, 1, 2, 11, 15, 33, 70, 100, 105, 112, 126, 122, 108, 96, 59, 53, 20, 12, 0, 7, 6, 14, 44, 61, 86, 77, 119, 123, 124, 120, 122, 120, 95, 90]"
Linear,10,exact_guidance_u,108,0,53,52,"[129, 59, 82, 89, 95, 104, 120, 118, 127, 120, 118, 107, 102, 61, 61, 44, 32, 16, 21, 12, 1, 2, 11, 15, 33, 70, 100, 105, 112, 126, 122, 108, 96, 59, 53, 20, 12, 0, 7, 6, 14, 44, 61, 86, 77, 119, 123, 124, 120, 122, 120, 95, 90]","[59, 82, 89, 95, 104, 120, 118, 127, 120, 118, 107, 102, 61, 61, 44, 32, 16, 21, 12, 1, 2, 11, 15, 33, 70, 100, 105, 112, 126, 122, 108, 96, 59, 53, 20, 12, 0, 7, 6, 14, 44, 61, 86, 77, 119, 123, 124, 120, 122, 120, 95, 90]"
Linear,10,exact_guidance_u,109,0,53,52,"[129, 59, 82, 89, 95, 104, 120, 118, 127, 120, 118, 107, 102, 61, 61, 44, 32, 16, 21, 12, 1, 2, 11, 15, 33, 70, 100, 105, 112, 126, 122, 108, 96, 59, 53, 20, 12, 0, 7, 6, 14, 44, 61, 86, 77, 119, 123, 124, 120, 122, 120, 95, 90]","[59, 82, 89, 95, 104, 120, 118, 127, 120, 118, 107, 102, 61, 61, 44, 32, 16, 21, 12, 1, 2, 11, 15, 33, 70, 100, 105, 112, 126, 122, 108, 96, 59, 53, 20, 12, 0, 7, 6, 14, 44, 61, 86, 77, 119, 123, 124, 120, 122, 120, 95, 90]"
Linear,10,exact_guidance_u,110,0,53,52,"[129, 59, 82, 89, 95, 104, 120, 118, 127, 120, 118, 107, 102, 61, 61, 44, 32, 16, 21, 12, 1, 2, 11, 15, 33, 70, 100, 105, 112, 126, 122, 108, 96, 59, 53, 20, 12, 0, 7, 6, 14, 44, 61, 86, 77, 119, 123, 124, 120, 122, 120, 95, 90]","[59, 82, 89, 95, 104, 120, 118, 127, 120, 118, 107, 102, 61, 61, 44, 32, 16, 21, 12, 1, 2, 11, 15, 33, 70, 100, 105, 112, 126, 122, 108, 96, 59, 53, 20, 12, 0, 7, 6, 14, 44, 61, 86, 77, 119, 123, 124, 120, 122, 120, 95, 90]"
Linear,10,exact_guidance_u,111,0,54,53,"[129, 59, 82, 89, 95, 104, 120, 118, 127, 120, 118, 107, 102, 61, 61, 44, 32, 16, 21, 12, 1, 2, 11, 15, 33, 70, 100, 105, 112, 126, 122, 108, 96, 59, 53, 20, 12, 0, 7, 6, 14, 44, 61, 86, 77, 90, 119, 123, 124, 120, 122, 120, 95, 90]","[59, 82, 89, 95, 104, 120, 118, 127, 120, 118, 107, 102, 61, 61, 44, 32, 16, 21, 12, 1, 2, 11, 15, 33, 70, 100, 105, 112, 126, 122, 108, 96, 59, 53, 20, 12, 0, 7, 6, 14, 44, 61, 86, 77, 90, 119, 123, 124, 120, 122, 120, 95, 90]"
Linear,10,exact_guidance_u,112,0,54,53,"[129, 59, 82, 89, 95, 104, 120, 118, 127, 120, 118, 107, 102, 61, 61, 44, 32, 16, 21, 12, 1, 2, 11, 15, 33, 70, 100, 105, 112, 126, 122, 108, 96, 59, 53, 20, 12, 0, 7, 6, 14, 44, 61, 86, 77, 90, 119, 123, 124, 120, 122, 120, 95, 90]","[59, 82, 89, 95, 104, 120, 118, 127, 120, 118, 107, 102, 61, 61, 44, 32, 16, 21, 12, 1, 2, 11, 15, 33, 70, 100, 105, 112, 126, 122, 108, 96, 59, 53, 20, 12, 0, 7, 6, 14, 44, 61, 86, 77, 90, 119, 123, 124, 120, 122, 120, 95, 90]"
Linear,10,exact_guidance_u,113,0,54,53,"[129, 59, 82, 89, 95, 104, 120, 118, 127, 120, 118, 107, 102, 61, 61, 44, 32, 16, 21, 12, 1, 2, 11, 15, 33, 70, 100, 105, 112, 126, 122, 108, 96, 59, 53, 20, 12, 0, 7, 6, 14, 44, 61, 86, 77, 90, 119, 123, 124, 120, 122, 120, 95, 90]","[59, 82, 89, 95, 104, 120, 118, 127, 120, 118, 107, 102, 61, 61, 44, 32, 16, 21, 12, 1, 2, 11, 15, 33, 70, 100, 105, 112, 126, 122, 108, 96, 59, 53, 20, 12, 0, 7, 6, 14, 44, 61, 86, 77, 90, 119, 123, 124, 120, 122, 120, 95, 90]"
Linear,10,exact_guidance_u,114,0,54,53,"[129, 59, 82, 89, 95, 104, 120, 118, 127, 120, 118, 107, 102, 61, 61, 44, 32, 16, 21, 12, 1, 2, 11, 15, 33, 70, 100, 105, 112, 126, 122, 108, 96, 59, 53, 20, 12, 0, 7, 6, 14, 44, 61, 86, 77, 90, 119, 123, 124, 120, 122, 120, 95, 90]","[59, 82, 89, 95, 104, 120, 118, 127, 120, 118, 107, 102, 61, 61, 44, 32, 16, 21, 12, 1, 2, 11, 15, 33, 70, 100, 105, 112, 126, 122, 108, 96, 59, 53, 20, 12, 0, 7, 6, 14, 44, 61, 86, 77, 90, 119, 123, 124, 120, 122, 120, 95, 90]"
Linear,10,exact_guidance_u,115,0,54,53,"[129, 59, 82, 89, 95, 104, 120, 118, 127, 120, 118, 107, 102, 61, 61, 44, 32, 16, 21, 12, 1, 2, 11, 15, 33, 70, 100, 105, 112, 126, 122, 108, 96, 59, 53, 20, 12, 0, 7, 6, 14, 44, 61, 86, 77, 90, 119, 123, 124, 120, 122, 120, 95, 90]","[59, 82, 89, 95, 104, 120, 118, 127, 120, 118, 107, 102, 61, 61, 44, 32, 16, 21, 12, 1, 2, 11, 15, 33, 70, 100, 105, 112, 126, 122, 108, 96, 59, 53, 20, 12, 0, 7, 6, 14, 44, 61, 86, 77, 90, 119, 123, 124, 120, 122, 120, 95, 90]"
Linear,10,exact_guidance_u,116,0,54,53,"[129, 59, 82, 89, 95, 104, 120, 118, 127, 120, 118, 107, 102, 61, 61, 44, 32, 16, 21, 12, 1, 2, 11, 15, 33, 70, 100, 105, 112, 126, 122, 108, 96, 59, 53, 20, 12, 0, 7, 6, 14, 44, 61, 86, 77, 90, 119, 123, 124, 120, 122, 120, 95, 90]","[59, 82, 89, 95, 104, 120, 118, 127, 120, 118, 107, 102, 61, 61, 44, 32, 16, 21, 12, 1, 2, 11, 15, 33, 70, 100, 105, 112, 126, 122, 108, 96, 59, 53, 20, 12, 0, 7, 6, 14, 44, 61, 86, 77, 90, 119, 123, 124, 120, 122, 120, 95, 90]"
Linear,10,exact_guidance_u,117,0,54,53,"[129, 59, 82, 89, 95, 104, 120, 118, 127, 120, 118, 107, 102, 61, 61, 44, 32, 16, 21, 12, 1, 2, 11, 15, 33, 70, 100, 105, 112, 126, 122, 108, 96, 59, 53, 20, 12, 0, 7, 6, 14, 44, 61, 86, 77, 90, 119, 123, 124, 120, 122, 120, 95, 90]","[59, 82, 89, 95, 104, 120, 118, 127, 120, 118, 107, 102, 61, 61, 44, 32, 16, 21, 12, 1, 2, 11, 15, 33, 70, 100, 105, 112, 126, 122, 108, 96, 59, 53, 20, 12, 0, 7, 6, 14, 44, 61, 86, 77, 90, 119, 123, 124, 120, 122, 120, 95, 90]"
Linear,10,exact_guidance_u,118,0,55,54,"[129, 59, 82, 89, 95, 104, 120, 118, 127, 120, 118, 107, 102, 61, 61, 44, 32, 16, 21, 12, 1, 2, 11, 15, 33, 45, 70, 100, 105, 112, 126, 122, 108, 96, 59, 53, 20, 12, 0, 7, 6, 14, 44, 61, 86, 77, 90, 119, 123, 124, 120, 122, 120, 95, 90]","[59, 82, 89, 95, 104, 120, 118, 127, 120, 118, 107, 102, 61, 61, 44, 32, 16, 21, 12, 1, 2, 11, 15, 33, 45, 70, 100, 105, 112, 126, 122, 108, 96, 59, 53, 20, 12, 0, 7, 6, 14, 44, 61, 86, 77, 90, 119, 123, 124, 120, 122, 120, 95, 90]"
Linear,10,exact_guidance_u,119,0,55,54,"[129, 59, 82, 89, 95, 104, 120, 118, 127, 120, 118, 107, 102, 61, 61, 44, 32, 16, 21, 12, 1, 2, 11, 15, 33, 45, 70, 100, 105, 112, 126, 122, 108, 96, 59, 53, 20, 12, 0, 7, 6, 14, 44, 61, 86, 77, 90, 119, 123, 124, 120, 122, 120, 95, 90]","[59, 82, 89, 95, 104, 120, 118, 127, 120, 118, 107, 102, 61, 61, 44, 32, 16, 21, 12, 1, 2, 11, 15, 33, 45, 70, 100, 105, 112, 126, 122, 108, 96, 59, 53, 20, 12, 0, 7, 6, 14, 44, 61, 86, 77, 90, 119, 123, 124, 120, 122, 120, 95, 90]"
Linear,10,exact_guidance_u,120,0,55,54,"[129, 59, 82, 89, 95, 104, 120, 118, 127, 120, 118, 107, 102, 61, 61, 44, 32, 16, 21, 12, 1, 2, 11, 15, 33, 45, 70, 100, 105, 112, 126, 122, 108, 96, 59, 53, 20, 12, 0, 7, 6, 14, 44, 61, 86, 77, 90, 119, 123, 124, 120, 122, 120, 95, 90]","[59, 82, 89, 95, 104, 120, 118, 127, 120, 118, 107, 102, 61, 61, 44, 32, 16, 21, 12, 1, 2, 11, 15, 33, 45, 70, 100, 105, 112, 126, 122, 108, 96, 59, 53, 20, 12, 0, 7, 6, 14, 44, 61, 86, 77, 90, 119, 123, 124, 120, 122, 120, 95, 90]"
Linear,10,exact_guidance_u,121,0,58,57,"[129, 59, 82, 89, 95, 104, 120, 118, 127, 120, 118, 107, 102, 61, 61, 44, 32, 16, 21, 12, 1, 2, 11, 15, 33, 45, 70, 100, 105, 112, 111, 126, 127, 122, 108, 96, 59, 53, 20, 12, 0, 3, 7, 6, 14, 44, 61, 86, 77, 90, 119, 123, 124, 120, 122, 120, 95, 90]","[59, 82, 89, 95, 104, 120, 118, 127, 120, 118, 107, 102, 61, 61, 44, 32, 16, 21, 12, 1, 2, 11, 15, 33, 45, 70, 100, 105, 112, 111, 126, 127, 122, 108, 96, 59, 53, 20, 12, 0, 3, 7, 6, 14, 44, 61, 86, 77, 90, 119, 123, 124, 120, 122, 120, 95, 90]"
Linear,10,exact_guidance_u,122,0,58,57,"[129, 59, 82, 89, 95, 104, 120, 118, 127, 120, 118, 107, 102, 61, 61, 44, 32, 16, 21, 12, 1, 2, 11, 15, 33, 45, 70, 100, 105, 112, 111, 126, 127, 122, 108, 96, 59, 53, 20, 12, 0, 3, 7, 6, 14, 44, 61, 86, 77, 90, 119, 123, 124, 120, 122, 120, 95, 90]","[59, 82, 89, 95, 104, 120, 118, 127, 120, 118, 107, 102, 61, 61, 44, 32, 16, 21, 12, 1, 2, 11, 15, 33, 45, 70, 100, 105, 112, 111, 126, 127, 122, 108, 96, 59, 53, 20, 12, 0, 3, 7, 6, 14, 44, 61, 86, 77, 90, 119, 123, 124, 120, 122, 120, 95, 90]"
Linear,10,exact_guidance_u,123,0,58,57,"[129, 59, 82, 89, 95, 104, 120, 118, 127, 120, 118, 107, 102, 61, 61, 44, 32, 16, 21, 12, 1, 2, 11, 15, 33, 45, 70, 100, 105, 112, 111, 126, 127, 122, 108, 96, 59, 53, 20, 12, 0, 3, 7, 6, 14, 44, 61, 86, 77, 90, 119, 123, 124, 120, 122, 120, 95, 90]","[59, 82, 89, 95, 104, 120, 118, 127, 120, 118, 107, 102, 61, 61, 44, 32, 16, 21, 12, 1, 2, 11, 15, 33, 45, 70, 100, 105, 112, 111, 126, 127, 122, 108, 96, 59, 53, 20, 12, 0, 3, 7, 6, 14, 44, 61, 86, 77, 90, 119, 123, 124, 120, 122, 120, 95, 90]"
Linear,10,exact_guidance_u,124,0,58,57,"[129, 59, 82, 89, 95, 104, 120, 118, 127, 120, 118, 107, 102, 61, 61, 44, 32, 16, 21, 12, 1, 2, 11, 15, 33, 45, 70, 100, 105, 112, 111, 126, 127, 122, 108, 96, 59, 53, 20, 12, 0, 3, 7, 6, 14, 44, 61, 86, 77, 90, 119, 123, 124, 120, 122, 120, 95, 90]","[59, 82, 89, 95, 104, 120, 118, 127, 120, 118, 107, 102, 61, 61, 44, 32, 16, 21, 12, 1, 2, 11, 15, 33, 45, 70, 100, 105, 112, 111, 126, 127, 122, 108, 96, 59, 53, 20, 12, 0, 3, 7, 6, 14, 44, 61, 86, 77, 90, 119, 123, 124, 120, 122, 120, 95, 90]"
Linear,10,exact_guidance_u,125,0,58,57,"[129, 59, 82, 89, 95, 104, 120, 118, 127, 120, 118, 107, 102, 61, 61, 44, 32, 16, 21, 12, 1, 2, 11, 15, 33, 45, 70, 100, 105, 112, 111, 126, 127, 122, 108, 96, 59, 53, 20, 12, 0, 3, 7, 6, 14, 44, 61, 86, 77, 90, 119, 123, 124, 120, 122, 120, 95, 90]","[59, 82, 89, 95, 104, 120, 118, 127, 120, 118, 107, 102, 61, 61, 44, 32, 16, 21, 12, 1, 2, 11, 15, 33, 45, 70, 100, 105, 112, 111, 126, 127, 122, 108, 96, 59, 53, 20, 12, 0, 3, 7, 6, 14, 44, 61, 86, 77, 90, 119, 123, 124, 120, 122, 120, 95, 90]"
Linear,10,exact_guidance_u,126,0,59,58,"[129, 59, 82, 89, 95, 104, 120, 118, 127, 120, 118, 107, 109, 102, 61, 61, 44, 32, 16, 21, 12, 1, 2, 11, 15, 33, 45, 70, 100, 105, 112, 111, 126, 127, 122, 108, 96, 59, 53, 20, 12, 0, 3, 7, 6, 14, 44, 61, 86, 77, 90, 119, 123, 124, 120, 122, 120, 95, 90]","[59, 82, 89, 95, 104, 120, 118, 127, 120, 118, 107, 109, 102, 61, 61, 44, 32, 16, 21, 12, 1, 2, 11, 15, 33, 45, 70, 100, 105, 112, 111, 126, 127, 122, 108, 96, 59, 53, 20, 12, 0, 3, 7, 6, 14, 44, 61, 86, 77, 90, 119, 123, 124, 120, 122, 120, 95, 90]"
Linear,10,exact_guidance_u,127,0,60,59,"[129, 59, 82, 89, 95, 104, 120, 118, 127, 120, 118, 107, 109, 102, 61, 61, 44, 32, 16, 21, 12, 1, 2, 11, 15, 33, 45, 70, 100, 105, 112, 111, 126, 127, 127, 122, 108, 96, 59, 53, 20, 12, 0, 3, 7, 6, 14, 44, 61, 86, 77, 90, 119, 123, 124, 120, 122, 120, 95, 90]","[59, 82, 89, 95, 104, 120, 118, 127, 120, 118, 107, 109, 102, 61, 61, 44, 32, 16, 21, 12, 1, 2, 11, 15, 33, 45, 70, 100, 105, 112, 111, 126, 127, 127, 122, 108, 96, 59, 53, 20, 12, 0, 3, 7, 6, 14, 44, 61, 86, 77, 90, 119, 123, 124, 120, 122, 120, 95, 90]"
Linear,10,exact_guidance_u,128,0,60,59,"[129, 59, 82, 89, 95, 104, 120, 118, 127, 120, 118, 107, 109, 102, 61, 61, 44, 32, 16, 21, 12, 1, 2, 11, 15, 33, 45, 70, 100, 105, 112, 111, 126, 127, 127, 122, 108, 96, 59, 53, 20, 12, 0, 3, 7, 6, 14, 44, 61, 86, 77, 90, 119, 123, 124, 120, 122, 120, 95, 90]","[59, 82, 89, 95, 104, 120, 118, 127, 120, 118, 107, 109, 102, 61, 61, 44, 32, 16, 21, 12, 1, 2, 11, 15, 33, 45, 70, 100, 105, 112, 111, 126, 127, 127, 122, 108, 96, 59, 53, 20, 12, 0, 3, 7, 6, 14, 44, 61, 86, 77, 90, 119, 123, 124, 120, 122, 120, 95, 90]"
Linear,10,exact_guidance_u,129,0,60,59,"[129, 59, 82, 89, 95, 104, 120, 118, 127, 120, 118, 107, 109, 102, 61, 61, 44, 32, 16, 21, 12, 1, 2, 11, 15, 33, 45, 70, 100, 105, 112, 111, 126, 127, 127, 122, 108, 96, 59, 53, 20, 12, 0, 3, 7, 6, 14, 44, 61, 86, 77, 90, 119, 123, 124, 120, 122, 120, 95, 90]","[59, 82, 89, 95, 104, 120, 118, 127, 120, 118, 107, 109, 102, 61, 61, 44, 32, 16, 21, 12, 1, 2, 11, 15, 33, 45, 70, 100, 105, 112, 111, 126, 127, 127, 122, 108, 96, 59, 53, 20, 12, 0, 3, 7, 6, 14, 44, 61, 86, 77, 90, 119, 123, 124, 120, 122, 120, 95, 90]"
Linear,10,exact_guidance_u,130,0,60,59,"[129, 59, 82, 89, 95, 104, 120, 118, 127, 120, 118, 107, 109, 102, 61, 61, 44, 32, 16, 21, 12, 1, 2, 11, 15, 33, 45, 70, 100, 105, 112, 111, 126, 127, 127, 122, 108, 96, 59, 53, 20, 12, 0, 3, 7, 6, 14, 44, 61, 86, 77, 90, 119, 123, 124, 120, 122, 120, 95, 90]","[59, 82, 89, 95, 104, 120, 118, 127, 120, 118, 107, 109, 102, 61, 61, 44, 32, 16, 21, 12, 1, 2, 11, 15, 33, 45, 70, 100, 105, 112, 111, 126, 127, 127, 122, 108, 96, 59, 53, 20, 12, 0, 3, 7, 6, 14, 44, 61, 86, 77, 90, 119, 123, 124, 120, 122, 120, 95, 90]"
Linear,10,exact_guidance_u,131,0,60,59,"[129, 59, 82, 89, 95, 104, 120, 118, 127, 120, 118, 107, 109, 102, 61, 61, 44, 32, 16, 21, 12, 1, 2, 11, 15, 33, 45, 70, 100, 105, 112, 111, 126, 127, 127, 122, 108, 96, 59, 53, 20, 12, 0, 3, 7, 6, 14, 44, 61, 86, 77, 90, 119, 123, 124, 120, 122, 120, 95, 90]","[59, 82, 89, 95, 104, 120, 118, 127, 120, 118, 107, 109, 102, 61, 61, 44, 32, 16, 21, 12, 1, 2, 11, 15, 33, 45, 70, 100, 105, 112, 111, 126, 127, 127, 122, 108, 96, 59, 53, 20, 12, 0, 3, 7, 6, 14, 44, 61, 86, 77, 90, 119, 123, 124, 120, 122, 120, 95, 90]"
Linear,10,exact_guidance_u,132,0,60,59,"[129, 59, 82, 89, 95, 104, 120, 118, 127, 120, 118, 107, 109, 102, 61, 61, 44, 32, 16, 21, 12, 1, 2, 11, 15, 33, 45, 70, 100, 105, 112, 111, 126, 127, 127, 122, 108, 96, 59, 53, 20, 12, 0, 3, 7, 6, 14, 44, 61, 86, 77, 90, 119, 123, 124, 120, 122, 120, 95, 90]","[59, 82, 89, 95, 104, 120, 118, 127, 120, 118, 107, 109, 102, 61, 61, 44, 32, 16, 21, 12, 1, 2, 11, 15, 33, 45, 70, 100, 105, 112, 111, 126, 127, 127, 122, 108, 96, 59, 53, 20, 12, 0, 3, 7, 6, 14, 44, 61, 86, 77, 90, 119, 123, 124, 120, 122, 120, 95, 90]"
Linear,10,exact_guidance_u,133,0,60,59,"[129, 59, 82, 89, 95, 104, 120, 118, 127, 120, 118, 107, 109, 102, 61, 61, 44, 32, 16, 21, 12, 1, 2, 11, 15, 33, 45, 70, 100, 105, 112, 111, 126, 127, 127, 122, 108, 96, 59, 53, 20, 12, 0, 3, 7, 6, 14, 44, 61, 86, 77, 90, 119, 123, 124, 120, 122, 120, 95, 90]","[59, 82, 89, 95, 104, 120, 118, 127, 120, 118, 107, 109, 102, 61, 61, 44, 32, 16, 21, 12, 1, 2, 11, 15, 33, 45, 70, 100, 105, 112, 111, 126, 127, 127, 122, 108, 96, 59, 53, 20, 12, 0, 3, 7, 6, 14, 44, 61, 86, 77, 90, 119, 123, 124, 120, 122, 120, 95, 90]"
Linear,10,exact_guidance_u,134,0,60,59,"[129, 59, 82, 89, 95, 104, 120, 118, 127, 120, 118, 107, 109, 102, 61, 61, 44, 32, 16, 21, 12, 1, 2, 11, 15, 33, 45, 70, 100, 105, 112, 111, 126, 127, 127, 122, 108, 96, 59, 53, 20, 12, 0, 3, 7, 6, 14, 44, 61, 86, 77, 90, 119, 123, 124, 120, 122, 120, 95, 90]","[59, 82, 89, 95, 104, 120, 118, 127, 120, 118, 107, 109, 102, 61, 61, 44, 32, 16, 21, 12, 1, 2, 11, 15, 33, 45, 70, 100, 105, 112, 111, 126, 127, 127, 122, 108, 96, 59, 53, 20, 12, 0, 3, 7, 6, 14, 44, 61, 86, 77, 90, 119, 123, 124, 120, 122, 120, 95, 90]"
Linear,10,exact_guidance_u,135,0,61,60,"[129, 59, 82, 89, 95, 104, 120, 118, 127, 120, 118, 107, 109, 102, 61, 61, 44, 32, 16, 21, 12, 1, 2, 11, 15, 33, 45, 70, 100, 105, 112, 111, 126, 127, 127, 122, 108, 96, 59, 53, 41, 20, 12, 0, 3, 7, 6, 14, 44, 61, 86, 77, 90, 119, 123, 124, 120, 122, 120, 95, 90]","[59, 82, 89, 95, 104, 120, 118, 127, 120, 118, 107, 109, 102, 61, 61, 44, 32, 16, 21, 12, 1, 2, 11, 15, 33, 45, 70, 100, 105, 112, 111, 126, 127, 127, 122, 108, 96, 59, 53, 41, 20, 12, 0, 3, 7, 6, 14, 44, 61, 86, 77, 90, 119, 123, 124, 120, 122, 120, 95, 90]"
Linear,10,exact_guidance_u,136,0,61,60,"[129, 59, 82, 89, 95, 104, 120, 118, 127, 120, 118, 107, 109, 102, 61, 61, 44, 32, 16, 21, 12, 1, 2, 11, 15, 33, 45, 70, 100, 105, 112, 111, 126, 127, 127, 122, 108, 96, 59, 53, 41, 20, 12, 0, 3, 7, 6, 14, 44, 61, 86, 77, 90, 119, 123, 124, 120, 122, 120, 95, 90]","[59, 82, 89, 95, 104, 120, 118, 127, 120, 118, 107, 109, 102, 61, 61, 44, 32, 16, 21, 12, 1, 2, 11, 15, 33, 45, 70, 100, 105, 112, 111, 126, 127, 127, 122, 108, 96, 59, 53, 41, 20, 12, 0, 3, 7, 6, 14, 44, 61, 86, 77, 90, 119, 123, 124, 120, 122, 120, 95, 90]"
Linear,10,exact_guidance_u,137,0,64,63,"[129, 59, 82, 89, 95, 104, 120, 118, 127, 120, 118, 107, 109, 102, 61, 61, 44, 32, 16, 21, 12, 0, 1, 2, 11, 15, 33, 45, 70, 100, 105, 112, 111, 126, 127, 127, 122, 108, 96, 79, 59, 76, 53, 41, 20, 12, 0, 3, 7, 6, 14, 44, 61, 86, 77, 90, 119, 123, 124, 120, 122, 120, 95, 90]","[59, 82, 89, 95, 104, 120, 118, 127, 120, 118, 107, 109, 102, 61, 61, 44, 32, 16, 21, 12, 0, 1, 2, 11, 15, 33, 45, 70, 100, 105, 112, 111, 126, 127, 127, 122, 108, 96, 79, 59, 76, 53, 41, 20, 12, 0, 3, 7, 6, 14, 44, 61, 86, 77, 90, 119, 123, 124, 120, 122, 120, 95, 90]"
Linear,10,exact_guidance_u,138,0,64,63,"[129, 59, 82, 89, 95, 104, 120, 118, 127, 120, 118, 107, 109, 102, 61, 61, 44, 32, 16, 21, 12, 0, 1, 2, 11, 15, 33, 45, 70, 100, 105, 112, 111, 126, 127, 127, 122, 108, 96, 79, 59, 76, 53, 41, 20, 12, 0, 3, 7, 6, 14, 44, 61, 86, 77, 90, 119, 123, 124, 120, 122, 120, 95, 90]","[59, 82, 89, 95, 104, 120, 118, 127, 120, 118, 107, 109, 102, 61, 61, 44, 32, 16, 21, 12, 0, 1, 2, 11, 15, 33, 45, 70, 100, 105, 112, 111, 126, 127, 127, 122, 108, 96, 79, 59, 76, 53, 41, 20, 12, 0, 3, 7, 6, 14, 44, 61, 86, 77, 90, 119, 123, 124, 120, 122, 120, 95, 90]"
Linear,10,exact_guidance_u,139,0,65,64,"[129, 59, 82, 89, 95, 104, 120, 118, 127, 120, 118, 107, 109, 102, 70, 61, 61, 44, 32, 16, 21, 12, 0, 1, 2, 11, 15, 33, 45, 70, 100, 105, 112, 111, 126, 127, 127, 122, 108, 96, 79, 59, 76, 53, 41, 20, 12, 0, 3, 7, 6, 14, 44, 61, 86, 77, 90, 119, 123, 124, 120, 122, 120, 95, 90]","[59, 82, 89, 95, 104, 120, 118, 127, 120, 118, 107, 109, 102, 70, 61, 61, 44, 32, 16, 21, 12, 0, 1, 2, 11, 15, 33, 45, 70, 100, 105, 112, 111, 126, 127, 127, 122, 108, 96, 79, 59, 76, 53, 41, 20, 12, 0, 3, 7, 6, 14, 44, 61, 86, 77, 90, 119, 123, 124, 120, 122, 120, 95, 90]"
Linear,10,exact_guidance_u,140,0,65,64,"[129, 59, 82, 89, 95, 104, 120, 118, 127, 120, 118, 107, 109, 102, 70, 61, 61, 44, 32, 16, 21, 12, 0, 1, 2, 11, 15, 33, 45, 70, 100, 105, 112, 111, 126, 127, 127, 122, 108, 96, 79, 59, 76, 53, 41, 20, 12, 0, 3, 7, 6, 14, 44, 61, 86, 77, 90, 119, 123, 124, 120, 122, 120, 95, 90]","[59, 82, 89, 95, 104, 120, 118, 127, 120, 118, 107, 109, 102, 70, 61, 61, 44, 32, 16, 21, 12, 0, 1, 2, 11, 15, 33, 45, 70, 100, 105, 112, 111, 126, 127, 127, 122, 108, 96, 79, 59, 76, 53, 41, 20, 12, 0, 3, 7, 6, 14, 44, 61, 86, 77, 90, 119, 123, 124, 120, 122, 120, 95, 90]"
Linear,10,exact_guidance_u,141,0,66,65,"[129, 59, 82, 89, 95, 104, 120, 118, 127, 120, 118, 107, 109, 102, 82, 70, 61, 61, 44, 32, 16, 21, 12, 0, 1, 2, 11, 15, 33, 45, 70, 100, 105, 112, 111, 126, 127, 127, 122, 108, 96, 79, 59, 76, 53, 41, 20, 12, 0, 3, 7, 6, 14, 44, 61, 86, 77, 90, 119, 123, 124, 120, 122, 120, 95, 90]","[59, 82, 89, 95, 104, 120, 118, 127, 120, 118, 107, 109, 102, 82, 70, 61, 61, 44, 32, 16, 21, 12, 0, 1, 2, 11, 15, 33, 45, 70, 100, 105, 112, 111, 126, 127, 127, 122, 108, 96, 79, 59, 76, 53, 41, 20, 12, 0, 3, 7, 6, 14, 44, 61, 86, 77, 90, 119, 123, 124, 120, 122, 120, 95, 90]"
Linear,10,exact_guidance_u,142,0,66,65,"[129, 59, 82, 89, 95, 104, 120, 118, 127, 120, 118, 107, 109, 102, 82, 70, 61, 61, 44, 32, 16, 21, 12, 0, 1, 2, 11, 15, 33, 45, 70, 100, 105, 112, 111, 126, 127, 127, 122, 108, 96, 79, 59, 76, 53, 41, 20, 12, 0, 3, 7, 6, 14, 44, 61, 86, 77, 90, 119, 123, 124, 120, 122, 120, 95, 90]","[59, 82, 89, 95, 104, 120, 118, 127, 120, 118, 107, 109, 102, 82, 70, 61, 61, 44, 32, 16, 21, 12, 0, 1, 2, 11, 15, 33, 45, 70, 100, 105, 112, 111, 126, 127, 127, 122, 108, 96, 79, 59, 76, 53, 41, 20, 12, 0, 3, 7, 6, 14, 44, 61, 86, 77, 90, 119, 123, 124, 120, 122, 120, 95, 90]"
Linear,10,exact_guidance_u,143,0,66,65,"[129, 59, 82, 89, 95, 104, 120, 118, 127, 120, 118, 107, 109, 102, 82, 70, 61, 61, 44, 32, 16, 21, 12, 0, 1, 2, 11, 15, 33, 45, 70, 100, 105, 112, 111, 126, 127, 127, 122, 108, 96, 79, 59, 76, 53, 41, 20, 12, 0, 3, 7, 6, 14, 44, 61, 86, 77, 90, 119, 123, 124, 120, 122, 120, 95, 90]","[59, 82, 89, 95, 104, 120, 118, 127, 120, 118, 107, 109, 102, 82, 70, 61, 61, 44, 32, 16, 21, 12, 0, 1, 2, 11, 15, 33, 45, 70, 100, 105, 112, 111, 126, 127, 127, 122, 108, 96, 79, 59, 76, 53, 41, 20, 12, 0, 3, 7, 6, 14, 44, 61, 86, 77, 90, 119, 123, 124, 120, 122, 120, 95, 90]"
Linear,10,exact_guidance_u,144,0,66,65,"[129, 59, 82, 89, 95, 104, 120, 118, 127, 120, 118, 107, 109, 102, 82, 70, 61, 61, 44, 32, 16, 21, 12, 0, 1, 2, 11, 15, 33, 45, 70, 100, 105, 112, 111, 126, 127, 127, 122, 108, 96, 79, 59, 76, 53, 41, 20, 12, 0, 3, 7, 6, 14, 44, 61, 86, 77, 90, 119, 123, 124, 120, 122, 120, 95, 90]","[59, 82, 89, 95, 104, 120, 118, 127, 120, 118, 107, 109, 102, 82, 70, 61, 61, 44, 32, 16, 21, 12, 0, 1, 2, 11, 15, 33, 45, 70, 100, 105, 112, 111, 126, 127, 127, 122, 108, 96, 79, 59, 76, 53, 41, 20, 12, 0, 3, 7, 6, 14, 44, 61, 86, 77, 90, 119, 123, 124, 120, 122, 120, 95, 90]"
Linear,10,exact_guidance_u,145,0,66,65,"[129, 59, 82, 89, 95, 104, 120, 118, 127, 120, 118, 107, 109, 102, 82, 70, 61, 61, 44, 32, 16, 21, 12, 0, 1, 2, 11, 15, 33, 45, 70, 100, 105, 112, 111, 126, 127, 127, 122, 108, 96, 79, 59, 76, 53, 41, 20, 12, 0, 3, 7, 6, 14, 44, 61, 86, 77, 90, 119, 123, 124, 120, 122, 120, 95, 90]","[59, 82, 89, 95, 104, 120, 118, 127, 120, 118, 107, 109, 102, 82, 70, 61, 61, 44, 32, 16, 21, 12, 0, 1, 2, 11, 15, 33, 45, 70, 100, 105, 112, 111, 126, 127, 127, 122, 108, 96, 79, 59, 76, 53, 41, 20, 12, 0, 3, 7, 6, 14, 44, 61, 86, 77, 90, 119, 123, 124, 120, 122, 120, 95, 90]"
Linear,10,exact_guidance_u,146,0,66,65,"[129, 59, 82, 89, 95, 104, 120, 118, 127, 120, 118, 107, 109, 102, 82, 70, 61, 61, 44, 32, 16, 21, 12, 0, 1, 2, 11, 15, 33, 45, 70, 100, 105, 112, 111, 126, 127, 127, 122, 108, 96, 79, 59, 76, 53, 41, 20, 12, 0, 3, 7, 6, 14, 44, 61, 86, 77, 90, 119, 123, 124, 120, 122, 120, 95, 90]","[59, 82, 89, 95, 104, 120, 118, 127, 120, 118, 107, 109, 102, 82, 70, 61, 61, 44, 32, 16, 21, 12, 0, 1, 2, 11, 15, 33, 45, 70, 100, 105, 112, 111, 126, 127, 127, 122, 108, 96, 79, 59, 76, 53, 41, 20, 12, 0, 3, 7, 6, 14, 44, 61, 86, 77, 90, 119, 123, 124, 120, 122, 120, 95, 90]"
Linear,10,exact_guidance_u,147,0,66,65,"[129, 59, 82, 89, 95, 104, 120, 118, 127, 120, 118, 107, 109, 102, 82, 70, 61, 61, 44, 32, 16, 21, 12, 0, 1, 2, 11, 15, 33, 45, 70, 100, 105, 112, 111, 126, 127, 127, 122, 108, 96, 79, 59, 76, 53, 41, 20, 12, 0, 3, 7, 6, 14, 44, 61, 86, 77, 90, 119, 123, 124, 120, 122, 120, 95, 90]","[59, 82, 89, 95, 104, 120, 118, 127, 120, 118, 107, 109, 102, 82, 70, 61, 61, 44, 32, 16, 21, 12, 0, 1, 2, 11, 15, 33, 45, 70, 100, 105, 112, 111, 126, 127, 127, 122, 108, 96, 79, 59, 76, 53, 41, 20, 12, 0, 3, 7, 6, 14, 44, 61, 86, 77, 90, 119, 123, 124, 120, 122, 120, 95, 90]"
Linear,10,exact_guidance_u,148,0,66,65,"[129, 59, 82, 89, 95, 104, 120, 118, 127, 120, 118, 107, 109, 102, 82, 70, 61, 61, 44, 32, 16, 21, 12, 0, 1, 2, 11, 15, 33, 45, 70, 100, 105, 112, 111, 126, 127, 127, 122, 108, 96, 79, 59, 76, 53, 41, 20, 12, 0, 3, 7, 6, 14, 44, 61, 86, 77, 90, 119, 123, 124, 120, 122, 120, 95, 90]","[59, 82, 89, 95, 104, 120, 118, 127, 120, 118, 107, 109, 102, 82, 70, 61, 61, 44, 32, 16, 21, 12, 0, 1, 2, 11, 15, 33, 45, 70, 100, 105, 112, 111, 126, 127, 127, 122, 108, 96, 79, 59, 76, 53, 41, 20, 12, 0, 3, 7, 6, 14, 44, 61, 86, 77, 90, 119, 123, 124, 120, 122, 120, 95, 90]"
Linear,10,exact_guidance_u,149,0,66,65,"[129, 59, 82, 89, 95, 104, 120, 118, 127, 120, 118, 107, 109, 102, 82, 70, 61, 61, 44, 32, 16, 21, 12, 0, 1, 2, 11, 15, 33, 45, 70, 100, 105, 112, 111, 126, 127, 127, 122, 108, 96, 79, 59, 76, 53, 41, 20, 12, 0, 3, 7, 6, 14, 44, 61, 86, 77, 90, 119, 123, 124, 120, 122, 120, 95, 90]","[59, 82, 89, 95, 104, 120, 118, 127, 120, 118, 107, 109, 102, 82, 70, 61, 61, 44, 32, 16, 21, 12, 0, 1, 2, 11, 15, 33, 45, 70, 100, 105, 112, 111, 126, 127, 127, 122, 108, 96, 79, 59, 76, 53, 41, 20, 12, 0, 3, 7, 6, 14, 44, 61, 86, 77, 90, 119, 123, 124, 120, 122, 120, 95, 90]"
Linear,10,exact_guidance_u,150,0,66,65,"[129, 59, 82, 89, 95, 104, 120, 118, 127, 120, 118, 107, 109, 102, 82, 70, 61, 61, 44, 32, 16, 21, 12, 0, 1, 2, 11, 15, 33, 45, 70, 100, 105, 112, 111, 126, 127, 127, 122, 108, 96, 79, 59, 76, 53, 41, 20, 12, 0, 3, 7, 6, 14, 44, 61, 86, 77, 90, 119, 123, 124, 120, 122, 120, 95, 90]","[59, 82, 89, 95, 104, 120, 118, 127, 120, 118, 107, 109, 102, 82, 70, 61, 61, 44, 32, 16, 21, 12, 0, 1, 2, 11, 15, 33, 45, 70, 100, 105, 112, 111, 126, 127, 127, 122, 108, 96, 79, 59, 76, 53, 41, 20, 12, 0, 3, 7, 6, 14, 44, 61, 86, 77, 90, 119, 123, 124, 120, 122, 120, 95, 90]"
Linear,10,exact_guidance_u,151,0,66,65,"[129, 59, 82, 89, 95, 104, 120, 118, 127, 120, 118, 107, 109, 102, 82, 70, 61, 61, 44, 32, 16, 21, 12, 0, 1, 2, 11, 15, 33, 45, 70, 100, 105, 112, 111, 126, 127, 127, 122, 108, 96, 79, 59, 76, 53, 41, 20, 12, 0, 3, 7, 6, 14, 44, 61, 86, 77, 90, 119, 123, 124, 120, 122, 120, 95, 90]","[59, 82, 89, 95, 104, 120, 118, 127, 120, 118, 107, 109, 102, 82, 70, 61, 61, 44, 32, 16, 21, 12, 0, 1, 2, 11, 15, 33, 45, 70, 100, 105, 112, 111, 126, 127, 127, 122, 108, 96, 79, 59, 76, 53, 41, 20, 12, 0, 3, 7, 6, 14, 44, 61, 86, 77, 90, 119, 123, 124, 120, 122, 120, 95, 90]"
Linear,10,exact_guidance_u,152,0,66,65,"[129, 59, 82, 89, 95, 104, 120, 118, 127, 120, 118, 107, 109, 102, 82, 70, 61, 61, 44, 32, 16, 21, 12, 0, 1, 2, 11, 15, 33, 45, 70, 100, 105, 112, 111, 126, 127, 127, 122, 108, 96, 79, 59, 76, 53, 41, 20, 12, 0, 3, 7, 6, 14, 44, 61, 86, 77, 90, 119, 123, 124, 120, 122, 120, 95, 90]","[59, 82, 89, 95, 104, 120, 118, 127, 120, 118, 107, 109, 102, 82, 70, 61, 61, 44, 32, 16, 21, 12, 0, 1, 2, 11, 15, 33, 45, 70, 100, 105, 112, 111, 126, 127, 127, 122, 108, 96, 79, 59, 76, 53, 41, 20, 12, 0, 3, 7, 6, 14, 44, 61, 86, 77, 90, 119, 123, 124, 120, 122, 120, 95, 90]"
Linear,10,exact_guidance_u,153,0,67,66,"[129, 59, 82, 89, 95, 104, 120, 118, 127, 127, 120, 118, 107, 109, 102, 82, 70, 61, 61, 44, 32, 16, 21, 12, 0, 1, 2, 11, 15, 33, 45, 70, 100, 105, 112, 111, 126, 127, 127, 122, 108, 96, 79, 59, 76, 53, 41, 20, 12, 0, 3, 7, 6, 14, 44, 61, 86, 77, 90, 119, 123, 124, 120, 122, 120, 95, 90]","[59, 82, 89, 95, 104, 120, 118, 127, 127, 120, 118, 107, 109, 102, 82, 70, 61, 61, 44, 32, 16, 21, 12, 0, 1, 2, 11, 15, 33, 45, 70, 100, 105, 112, 111, 126, 127, 127, 122, 108, 96, 79, 59, 76, 53, 41, 20, 12, 0, 3, 7, 6, 14, 44, 61, 86, 77, 90, 119, 123, 124, 120, 122, 120, 95, 90]"
Linear,10,exact_guidance_u,154,0,68,67,"[129, 59, 82, 89, 95, 104, 120, 118, 127, 127, 120, 118, 107, 109, 102, 82, 70, 61, 61, 44, 32, 16, 21, 12, 0, 1, 2, 11, 15, 33, 45, 70, 100, 105, 112, 111, 126, 127, 127, 122, 108, 96, 79, 59, 76, 53, 41, 20, 12, 0, 3, 7, 0, 6, 14, 44, 61, 86, 77, 90, 119, 123, 124, 120, 122, 120, 95, 90]","[59, 82, 89, 95, 104, 120, 118, 127, 127, 120, 118, 107, 109, 102, 82, 70, 61, 61, 44, 32, 16, 21, 12, 0, 1, 2, 11, 15, 33, 45, 70, 100, 105, 112, 111, 126, 127, 127, 122, 108, 96, 79, 59, 76, 53, 41, 20, 12, 0, 3, 7, 0, 6, 14, 44, 61, 86, 77, 90, 119, 123, 124, 120, 122, 120, 95, 90]"
Linear,10,exact_guidance_u,155,0,69,68,"[129, 59, 82, 89, 95, 104, 120, 118, 127, 127, 120, 118, 107, 109, 102, 82, 70, 61, 61, 44, 32, 16, 21, 12, 0, 1, 2, 11, 15, 33, 45, 70, 100, 105, 112, 111, 126, 126, 127, 127, 122, 108, 96, 79, 59, 76, 53, 41, 20, 12, 0, 3, 7, 0, 6, 14, 44, 61, 86, 77, 90, 119, 123, 124, 120, 122, 120, 95, 90]","[59, 82, 89, 95, 104, 120, 118, 127, 127, 120, 118, 107, 109, 102, 82, 70, 61, 61, 44, 32, 16, 21, 12, 0, 1, 2, 11, 15, 33, 45, 70, 100, 105, 112, 111, 126, 126, 127, 127, 122, 108, 96, 79, 59, 76, 53, 41, 20, 12, 0, 3, 7, 0, 6, 14, 44, 61, 86, 77, 90, 119, 123, 124, 120, 122, 120, 95, 90]"
Linear,10,exact_guidance_u,156,0,69,68,"[129, 59, 82, 89, 95, 104, 120, 118, 127, 127, 120, 118, 107, 109, 102, 82, 70, 61, 61, 44, 32, 16, 21, 12, 0, 1, 2, 11, 15, 33, 45, 70, 100, 105, 112, 111, 126, 126, 127, 127, 122, 108, 96, 79, 59, 76, 53, 41, 20, 12, 0, 3, 7, 0, 6, 14, 44, 61, 86, 77, 90, 119, 123, 124, 120, 122, 120, 95, 90]","[59, 82, 89, 95, 104, 120, 118, 127, 127, 120, 118, 107, 109, 102, 82, 70, 61, 61, 44, 32, 16, 21, 12, 0, 1, 2, 11, 15, 33, 45, 70, 100, 105, 112, 111, 126, 126, 127, 127, 122, 108, 96, 79, 59, 76, 53, 41, 20, 12, 0, 3, 7, 0, 6, 14, 44, 61, 86, 77, 90, 119, 123, 124, 120, 122, 120, 95, 90]"
Linear,10,exact_guidance_u,157,0,70,69,"[129, 59, 82, 89, 95, 104, 120, 118, 127, 127, 120, 118, 107, 109, 102, 82, 70, 61, 61, 44, 32, 16, 21, 12, 0, 1, 2, 7, 11, 15, 33, 45, 70, 100, 105, 112, 111, 126, 126, 127, 127, 122, 108, 96, 79, 59, 76, 53, 41, 20, 12, 0, 3, 7, 0, 6, 14, 44, 61, 86, 77, 90, 119, 123, 124, 120, 122, 120, 95, 90]","[59, 82, 89, 95, 104, 120, 118, 127, 127, 120, 118, 107, 109, 102, 82, 70, 61, 61, 44, 32, 16, 21, 12, 0, 1, 2, 7, 11, 15, 33, 45, 70, 100, 105, 112, 111, 126, 126, 127, 127, 122, 108, 96, 79, 59, 76, 53, 41, 20, 12, 0, 3, 7, 0, 6, 14, 44, 61, 86, 77, 90, 119, 123, 124, 120, 122, 120, 95, 90]"
Linear,10,exact_guidance_u,158,0,70,69,"[129, 59, 82, 89, 95, 104, 120, 118, 127, 127, 120, 118, 107, 109, 102, 82, 70, 61, 61, 44, 32, 16, 21, 12, 0, 1, 2, 7, 11, 15, 33, 45, 70, 100, 105, 112, 111, 126, 126, 127, 127, 122, 108, 96, 79, 59, 76, 53, 41, 20, 12, 0, 3, 7, 0, 6, 14, 44, 61, 86, 77, 90, 119, 123, 124, 120, 122, 120, 95, 90]","[59, 82, 89, 95, 104, 120, 118, 127, 127, 120, 118, 107, 109, 102, 82, 70, 61, 61, 44, 32, 16, 21, 12, 0, 1, 2, 7, 11, 15, 33, 45, 70, 100, 105, 112, 111, 126, 126, 127, 127, 122, 108, 96, 79, 59, 76, 53, 41, 20, 12, 0, 3, 7, 0, 6, 14, 44, 61, 86, 77, 90, 119, 123, 124, 120, 122, 120, 95, 90]"
Linear,10,exact_guidance_u,159,0,71,70,"[129, 59, 82, 89, 95, 104, 120, 118, 127, 127, 120, 118, 107, 109, 102, 82, 70, 61, 61, 44, 32, 16, 21, 12, 0, 1, 2, 7, 11, 15, 33, 45, 70, 89, 100, 105, 112, 111, 126, 126, 127, 127, 122, 108, 96, 79, 59, 76, 53, 41, 20, 12, 0, 3, 7, 0, 6, 14, 44, 61, 86, 77, 90, 119, 123, 124, 120, 122, 120, 95, 90]","[59, 82, 89, 95, 104, 120, 118, 127, 127, 120, 118, 107, 109, 102, 82, 70, 61, 61, 44, 32, 16, 21, 12, 0, 1, 2, 7, 11, 15, 33, 45, 70, 89, 100, 105, 112, 111, 126, 126, 127, 127, 122, 108, 96, 79, 59, 76, 53, 41, 20, 12, 0, 3, 7, 0, 6, 14, 44, 61, 86, 77, 90, 119, 123, 124, 120, 122, 120, 95, 90]"
Linear,10,exact_guidance_u,160,0,71,70,"[129, 59, 82, 89, 95, 104, 120, 118, 127, 127, 120, 118, 107, 109, 102, 82, 70, 61, 61, 44, 32, 16, 21, 12, 0, 1, 2, 7, 11, 15, 33, 45, 70, 89, 100, 105, 112, 111, 126, 126, 127, 127, 122, 108, 96, 79, 59, 76, 53, 41, 20, 12, 0, 3, 7, 0, 6, 14, 44, 61, 86, 77, 90, 119, 123, 124, 120, 122, 120, 95, 90]","[59, 82, 89, 95, 104, 120, 118, 127, 127, 120, 118, 107, 109, 102, 82, 70, 61, 61, 44, 32, 16, 21, 12, 0, 1, 2, 7, 11, 15, 33, 45, 70, 89, 100, 105, 112, 111, 126, 126, 127, 127, 122, 108, 96, 79, 59, 76, 53, 41, 20, 12, 0, 3, 7, 0, 6, 14, 44, 61, 86, 77, 90, 119, 123, 124, 120, 122, 120, 95, 90]"
Linear,10,exact_guidance_u,161,0,71,70,"[129, 59, 82, 89, 95, 104, 120, 118, 127, 127, 120, 118, 107, 109, 102, 82, 70, 61, 61, 44, 32, 16, 21, 12, 0, 1, 2, 7, 11, 15, 33, 45, 70, 89, 100, 105, 112, 111, 126, 126, 127, 127, 122, 108, 96, 79, 59, 76, 53, 41, 20, 12, 0, 3, 7, 0, 6, 14, 44, 61, 86, 77, 90, 119, 123, 124, 120, 122, 120, 95, 90]","[59, 82, 89, 95, 104, 120, 118, 127, 127, 120, 118, 107, 109, 102, 82, 70, 61, 61, 44, 32, 16, 21, 12, 0, 1, 2, 7, 11, 15, 33, 45, 70, 89, 100, 105, 112, 111, 126, 126, 127, 127, 122, 108, 96, 79, 59, 76, 53, 41, 20, 12, 0, 3, 7, 0, 6, 14, 44, 61, 86, 77, 90, 119, 123, 124, 120, 122, 120, 95, 90]"
Linear,10,exact_guidance_u,162,0,71,70,"[129, 59, 82, 89, 95, 104, 120, 118, 127, 127, 120, 118, 107, 109, 102, 82, 70, 61, 61, 44, 32, 16, 21, 12, 0, 1, 2, 7, 11, 15, 33, 45, 70, 89, 100, 105, 112, 111, 126, 126, 127, 127, 122, 108, 96, 79, 59, 76, 53, 41, 20, 12, 0, 3, 7, 0, 6, 14, 44, 61, 86, 77, 90, 119, 123, 124, 120, 122, 120, 95, 90]","[59, 82, 89, 95, 104, 120, 118, 127, 127, 120, 118, 107, 109, 102, 82, 70, 61, 61, 44, 32, 16, 21, 12, 0, 1, 2, 7, 11, 15, 33, 45, 70, 89, 100, 105, 112, 111, 126, 126, 127, 127, 122, 108, 96, 79, 59, 76, 53, 41, 20, 12, 0, 3, 7, 0, 6, 14, 44, 61, 86, 77, 90, 119, 123, 124, 120, 122, 120, 95, 90]"
Linear,10,exact_guidance_u,163,0,73,72,"[129, 59, 82, 89, 95, 104, 120, 118, 127, 127, 120, 118, 107, 109, 102, 82, 70, 61, 61, 44, 32, 16, 21, 12, 0, 1, 2, 7, 11, 15, 33, 45, 70, 89, 100, 105, 112, 111, 126, 126, 127, 127, 122, 108, 96, 91, 79, 59, 76, 53, 46, 41, 20, 12, 0, 3, 7, 0, 6, 14, 44, 61, 86, 77, 90, 119, 123, 124, 120, 122, 120, 95, 90]","[59, 82, 89, 95, 104, 120, 118, 127, 127, 120, 118, 107, 109, 102, 82, 70, 61, 61, 44, 32, 16, 21, 12, 0, 1, 2, 7, 11, 15, 33, 45, 70, 89, 100, 105, 112, 111, 126, 126, 127, 127, 122, 108, 96, 91, 79, 59, 76, 53, 46, 41, 20, 12, 0, 3, 7, 0, 6, 14, 44, 61, 86, 77, 90, 119, 123, 124, 120, 122, 120, 95, 90]"
Linear,10,exact_guidance_u,164,0,73,72,"[129, 59, 82, 89, 95, 104, 120, 118, 127, 127, 120, 118, 107, 109, 102, 82, 70, 61, 61, 44, 32, 16, 21, 12, 0, 1, 2, 7, 11, 15, 33, 45, 70, 89, 100, 105, 112, 111, 126, 126, 127, 127, 122, 108, 96, 91, 79, 59, 76, 53, 46, 41, 20, 12, 0, 3, 7, 0, 6, 14, 44, 61, 86, 77, 90, 119, 123, 124, 120, 122, 120, 95, 90]","[59, 82, 89, 95, 104, 120, 118, 127, 127, 120, 118, 107, 109, 102, 82, 70, 61, 61, 44, 32, 16, 21, 12, 0, 1, 2, 7, 11, 15, 33, 45, 70, 89, 100, 105, 112, 111, 126, 126, 127, 127, 122, 108, 96, 91, 79, 59, 76, 53, 46, 41, 20, 12, 0, 3, 7, 0, 6, 14, 44, 61, 86, 77, 90, 119, 123, 124, 120, 122, 120, 95, 90]"
Linear,10,exact_guidance_u,165,0,74,73,"[129, 59, 82, 89, 95, 104, 120, 118, 127, 127, 120, 118, 107, 109, 102, 82, 70, 61, 61, 44, 32, 16, 21, 12, 0, 1, 2, 7, 11, 15, 33, 45, 70, 89, 100, 105, 112, 111, 126, 126, 127, 127, 122, 108, 96, 91, 79, 59, 76, 53, 46, 41, 20, 12, 0, 3, 7, 0, 6, 14, 40, 44, 61, 86, 77, 90, 119, 123, 124, 120, 122, 120, 95, 90]","[59, 82, 89, 95, 104, 120, 118, 127, 127, 120, 118, 107, 109, 102, 82, 70, 61, 61, 44, 32, 16, 21, 12, 0, 1, 2, 7, 11, 15, 33, 45, 70, 89, 100, 105, 112, 111, 126, 126, 127, 127, 122, 108, 96, 91, 79, 59, 76, 53, 46, 41, 20, 12, 0, 3, 7, 0, 6, 14, 40, 44, 61, 86, 77, 90, 119, 123, 124, 120, 122, 120, 95, 90]"
Linear,10,exact_guidance_u,166,0,74,73,"[129, 59, 82, 89, 95, 104, 120, 118, 127, 127, 120, 118, 107, 109, 102, 82, 70, 61, 61, 44, 32, 16, 21, 12, 0, 1, 2, 7, 11, 15, 33, 45, 70, 89, 100, 105, 112, 111, 126, 126, 127, 127, 122, 108, 96, 91, 79, 59, 76, 53, 46, 41, 20, 12, 0, 3, 7, 0, 6, 14, 40, 44, 61, 86, 77, 90, 119, 123, 124, 120, 122, 120, 95, 90]","[59, 82, 89, 95, 104, 120, 118, 127, 127, 120, 118, 107, 109, 102, 82, 70, 61, 61, 44, 32, 16, 21, 12, 0, 1, 2, 7, 11, 15, 33, 45, 70, 89, 100, 105, 112, 111, 126, 126, 127, 127, 122, 108, 96, 91, 79, 59, 76, 53, 46, 41, 20, 12, 0, 3, 7, 0, 6, 14, 40, 44, 61, 86, 77, 90, 119, 123, 124, 120, 122, 120, 95, 90]"
Linear,10,exact_guidance_u,167,0,75,74,"[129, 59, 82, 89, 95, 104, 120, 118, 127, 127, 127, 120, 118, 107, 109, 102, 82, 70, 61, 61, 44, 32, 16, 21, 12, 0, 1, 2, 7, 11, 15, 33, 45, 70, 89, 100, 105, 112, 111, 126, 126, 127, 127, 122, 108, 96, 91, 79, 59, 76, 53, 46, 41, 20, 12, 0, 3, 7, 0, 6, 14, 40, 44, 61, 86, 77, 90, 119, 123, 124, 120, 122, 120, 95, 90]","[59, 82, 89, 95, 104, 120, 118, 127, 127, 127, 120, 118, 107, 109, 102, 82, 70, 61, 61, 44, 32, 16, 21, 12, 0, 1, 2, 7, 11, 15, 33, 45, 70, 89, 100, 105, 112, 111, 126, 126, 127, 127, 122, 108, 96, 91, 79, 59, 76, 53, 46, 41, 20, 12, 0, 3, 7, 0, 6, 14, 40, 44, 61, 86, 77, 90, 119, 123, 124, 120, 122, 120, 95, 90]"
Linear,10,exact_guidance_u,168,0,75,74,"[129, 59, 82, 89, 95, 104, 120, 118, 127, 127, 127, 120, 118, 107, 109, 102, 82, 70, 61, 61, 44, 32, 16, 21, 12, 0, 1, 2, 7, 11, 15, 33, 45, 70, 89, 100, 105, 112, 111, 126, 126, 127, 127, 122, 108, 96, 91, 79, 59, 76, 53, 46, 41, 20, 12, 0, 3, 7, 0, 6, 14, 40, 44, 61, 86, 77, 90, 119, 123, 124, 120, 122, 120, 95, 90]","[59, 82, 89, 95, 104, 120, 118, 127, 127, 127, 120, 118, 107, 109, 102, 82, 70, 61, 61, 44, 32, 16, 21, 12, 0, 1, 2, 7, 11, 15, 33, 45, 70, 89, 100, 105, 112, 111, 126, 126, 127, 127, 122, 108, 96, 91, 79, 59, 76, 53, 46, 41, 20, 12, 0, 3, 7, 0, 6, 14, 40, 44, 61, 86, 77, 90, 119, 123, 124, 120, 122, 120, 95, 90]"
Linear,10,exact_guidance_u,169,0,75,74,"[129, 59, 82, 89, 95, 104, 120, 118, 127, 127, 127, 120, 118, 107, 109, 102, 82, 70, 61, 61, 44, 32, 16, 21, 12, 0, 1, 2, 7, 11, 15, 33, 45, 70, 89, 100, 105, 112, 111, 126, 126, 127, 127, 122, 108, 96, 91, 79, 59, 76, 53, 46, 41, 20, 12, 0, 3, 7, 0, 6, 14, 40, 44, 61, 86, 77, 90, 119, 123, 124, 120, 122, 120, 95, 90]","[59, 82, 89, 95, 104, 120, 118, 127, 127, 127, 120, 118, 107, 109, 102, 82, 70, 61, 61, 44, 32, 16, 21, 12, 0, 1, 2, 7, 11, 15, 33, 45, 70, 89, 100, 105, 112, 111, 126, 126, 127, 127, 122, 108, 96, 91, 79, 59, 76, 53, 46, 41, 20, 12, 0, 3, 7, 0, 6, 14, 40, 44, 61, 86, 77, 90, 119, 123, 124, 120, 122, 120, 95, 90]"
Linear,10,exact_guidance_u,170,0,75,74,"[129, 59, 82, 89, 95, 104, 120, 118, 127, 127, 127, 120, 118, 107, 109, 102, 82, 70, 61, 61, 44, 32, 16, 21, 12, 0, 1, 2, 7, 11, 15, 33, 45, 70, 89, 100, 105, 112, 111, 126, 126, 127, 127, 122, 108, 96, 91, 79, 59, 76, 53, 46, 41, 20, 12, 0, 3, 7, 0, 6, 14, 40, 44, 61, 86, 77, 90, 119, 123, 124, 120, 122, 120, 95, 90]","[59, 82, 89, 95, 104, 120, 118, 127, 127, 127, 120, 118, 107, 109, 102, 82, 70, 61, 61, 44, 32, 16, 21, 12, 0, 1, 2, 7, 11, 15, 33, 45, 70, 89, 100, 105, 112, 111, 126, 126, 127, 127, 122, 108, 96, 91, 79, 59, 76, 53, 46, 41, 20, 12, 0, 3, 7, 0, 6, 14, 40, 44, 61, 86, 77, 90, 119, 123, 124, 120, 122, 120, 95, 90]"
Linear,10,exact_guidance_u,171,0,75,74,"[129, 59, 82, 89, 95, 104, 120, 118, 127, 127, 127, 120, 118, 107, 109, 102, 82, 70, 61, 61, 44, 32, 16, 21, 12, 0, 1, 2, 7, 11, 15, 33, 45, 70, 89, 100, 105, 112, 111, 126, 126, 127, 127, 122, 108, 96, 91, 79, 59, 76, 53, 46, 41, 20, 12, 0, 3, 7, 0, 6, 14, 40, 44, 61, 86, 77, 90, 119, 123, 124, 120, 122, 120, 95, 90]","[59, 82, 89, 95, 104, 120, 118, 127, 127, 127, 120, 118, 107, 109, 102, 82, 70, 61, 61, 44, 32, 16, 21, 12, 0, 1, 2, 7, 11, 15, 33, 45, 70, 89, 100, 105, 112, 111, 126, 126, 127, 127, 122, 108, 96, 91, 79, 59, 76, 53, 46, 41, 20, 12, 0, 3, 7, 0, 6, 14, 40, 44, 61, 86, 77, 90, 119, 123, 124, 120, 122, 120, 95, 90]"
Linear,10,exact_guidance_u,172,0,75,74,"[129, 59, 82, 89, 95, 104, 120, 118, 127, 127, 127, 120, 118, 107, 109, 102, 82, 70, 61, 61, 44, 32, 16, 21, 12, 0, 1, 2, 7, 11, 15, 33, 45, 70, 89, 100, 105, 112, 111, 126, 126, 127, 127, 122, 108, 96, 91, 79, 59, 76, 53, 46, 41, 20, 12, 0, 3, 7, 0, 6, 14, 40, 44, 61, 86, 77, 90, 119, 123, 124, 120, 122, 120, 95, 90]","[59, 82, 89, 95, 104, 120, 118, 127, 127, 127, 120, 118, 107, 109, 102, 82, 70, 61, 61, 44, 32, 16, 21, 12, 0, 1, 2, 7, 11, 15, 33, 45, 70, 89, 100, 105, 112, 111, 126, 126, 127, 127, 122, 108, 96, 91, 79, 59, 76, 53, 46, 41, 20, 12, 0, 3, 7, 0, 6, 14, 40, 44, 61, 86, 77, 90, 119, 123, 124, 120, 122, 120, 95, 90]"
Linear,10,exact_guidance_u,173,0,75,74,"[129, 59, 82, 89, 95, 104, 120, 118, 127, 127, 127, 120, 118, 107, 109, 102, 82, 70, 61, 61, 44, 32, 16, 21, 12, 0, 1, 2, 7, 11, 15, 33, 45, 70, 89, 100, 105, 112, 111, 126, 126, 127, 127, 122, 108, 96, 91, 79, 59, 76, 53, 46, 41, 20, 12, 0, 3, 7, 0, 6, 14, 40, 44, 61, 86, 77, 90, 119, 123, 124, 120, 122, 120, 95, 90]","[59, 82, 89, 95, 104, 120, 118, 127, 127, 127, 120, 118, 107, 109, 102, 82, 70, 61, 61, 44, 32, 16, 21, 12, 0, 1, 2, 7, 11, 15, 33, 45, 70, 89, 100, 105, 112, 111, 126, 126, 127, 127, 122, 108, 96, 91, 79, 59, 76, 53, 46, 41, 20, 12, 0, 3, 7, 0, 6, 14, 40, 44, 61, 86, 77, 90, 119, 123, 124, 120, 122, 120, 95, 90]"
Linear,10,exact_guidance_u,174,0,75,74,"[129, 59, 82, 89, 95, 104, 120, 118, 127, 127, 127, 120, 118, 107, 109, 102, 82, 70, 61, 61, 44, 32, 16, 21, 12, 0, 1, 2, 7, 11, 15, 33, 45, 70, 89, 100, 105, 112, 111, 126, 126, 127, 127, 122, 108, 96, 91, 79, 59, 76, 53, 46, 41, 20, 12, 0, 3, 7, 0, 6, 14, 40, 44, 61, 86, 77, 90, 119, 123, 124, 120, 122, 120, 95, 90]","[59, 82, 89, 95, 104, 120, 118, 127, 127, 127, 120, 118, 107, 109, 102, 82, 70, 61, 61, 44, 32, 16, 21, 12, 0, 1, 2, 7, 11, 15, 33, 45, 70, 89, 100, 105, 112, 111, 126, 126, 127, 127, 122, 108, 96, 91, 79, 59, 76, 53, 46, 41, 20, 12, 0, 3, 7, 0, 6, 14, 40, 44, 61, 86, 77, 90, 119, 123, 124, 120, 122, 120, 95, 90]"
Linear,10,exact_guidance_u,175,0,76,75,"[129, 59, 82, 89, 95, 104, 120, 118, 127, 127, 127, 120, 118, 107, 109, 102, 82, 70, 61, 61, 44, 32, 16, 21, 12, 0, 1, 2, 7, 11, 15, 33, 45, 70, 89, 100, 105, 112, 111, 126, 126, 127, 127, 122, 108, 96, 91, 79, 59, 76, 53, 46, 41, 24, 20, 12, 0, 3, 7, 0, 6, 14, 40, 44, 61, 86, 77, 90, 119, 123, 124, 120, 122, 120, 95, 90]","[59, 82, 89, 95, 104, 120, 118, 127, 127, 127, 120, 118, 107, 109, 102, 82, 70, 61, 61, 44, 32, 16, 21, 12, 0, 1, 2, 7, 11, 15, 33, 45, 70, 89, 100, 105, 112, 111, 126, 126, 127, 127, 122, 108, 96, 91, 79, 59, 76, 53, 46, 41, 24, 20, 12, 0, 3, 7, 0, 6, 14, 40, 44, 61, 86, 77, 90, 119, 123, 124, 120, 122, 120, 95, 90]"
Linear,10,exact_guidance_u,176,0,77,76,"[129, 59, 82, 89, 95, 104, 120, 118, 127, 127, 127, 120, 118, 107, 109, 102, 82, 70, 61, 61, 44, 32, 16, 21, 12, 0, 1, 2, 7, 11, 15, 33, 45, 70, 89, 100, 105, 112, 111, 126, 126, 127, 127, 122, 108, 96, 91, 79, 59, 76, 53, 46, 41, 24, 20, 12, 0, 3, 7, 0, 6, 14, 40, 44, 66, 61, 86, 77, 90, 119, 123, 124, 120, 122, 120, 95, 90]","[59, 82, 89, 95, 104, 120, 118, 127, 127, 127, 120, 118, 107, 109, 102, 82, 70, 61, 61, 44, 32, 16, 21, 12, 0, 1, 2, 7, 11, 15, 33, 45, 70, 89, 100, 105, 112, 111, 126, 126, 127, 127, 122, 108, 96, 91, 79, 59, 76, 53, 46, 41, 24, 20, 12, 0, 3, 7, 0, 6, 14, 40, 44, 66, 61, 86, 77, 90, 119, 123, 124, 120, 122, 120, 95, 90]"
Linear,10,exact_guidance_u,177,0,77,76,"[129, 59, 82, 89, 95, 104, 120, 118, 127, 127, 127, 120, 118, 107, 109, 102, 82, 70, 61, 61, 44, 32, 16, 21, 12, 0, 1, 2, 7, 11, 15, 33, 45, 70, 89, 100, 105, 112, 111, 126, 126, 127, 127, 122, 108, 96, 91, 79, 59, 76, 53, 46, 41, 24, 20, 12, 0, 3, 7, 0, 6, 14, 40, 44, 66, 61, 86, 77, 90, 119, 123, 124, 120, 122, 120, 95, 90]","[59, 82, 89, 95, 104, 120, 118, 127, 127, 127, 120, 118, 107, 109, 102, 82, 70, 61, 61, 44, 32, 16, 21, 12, 0, 1, 2, 7, 11, 15, 33, 45, 70, 89, 100, 105, 112, 111, 126, 126, 127, 127, 122, 108, 96, 91, 79, 59, 76, 53, 46, 41, 24, 20, 12, 0, 3, 7, 0, 6, 14, 40, 44, 66, 61, 86, 77, 90, 119, 123, 124, 120, 122, 120, 95, 90]"
Linear,10,exact_guidance_u,178,0,77,76,"[129, 59, 82, 89, 95, 104, 120, 118, 127, 127, 127, 120, 118, 107, 109, 102, 82, 70, 61, 61, 44, 32, 16, 21, 12, 0, 1, 2, 7, 11, 15, 33, 45, 70, 89, 100, 105, 112, 111, 126, 126, 127, 127, 122, 108, 96, 91, 79, 59, 76, 53, 46, 41, 24, 20, 12, 0, 3, 7, 0, 6, 14, 40, 44, 66, 61, 86, 77, 90, 119, 123, 124, 120, 122, 120, 95, 90]","[59, 82, 89, 95, 104, 120, 118, 127, 127, 127, 120, 118, 107, 109, 102, 82, 70, 61, 61, 44, 32, 16, 21, 12, 0, 1, 2, 7, 11, 15, 33, 45, 70, 89, 100, 105, 112, 111, 126, 126, 127, 127, 122, 108, 96, 91, 79, 59, 76, 53, 46, 41, 24, 20, 12, 0, 3, 7, 0, 6, 14, 40, 44, 66, 61, 86, 77, 90, 119, 123, 124, 120, 122, 120, 95, 90]"
Linear,10,exact_guidance_u,179,0,77,76,"[129, 59, 82, 89, 95, 104, 120, 118, 127, 127, 127, 120, 118, 107, 109, 102, 82, 70, 61, 61, 44, 32, 16, 21, 12, 0, 1, 2, 7, 11, 15, 33, 45, 70, 89, 100, 105, 112, 111, 126, 126, 127, 127, 122, 108, 96, 91, 79, 59, 76, 53, 46, 41, 24, 20, 12, 0, 3, 7, 0, 6, 14, 40, 44, 66, 61, 86, 77, 90, 119, 123, 124, 120, 122, 120, 95, 90]","[59, 82, 89, 95, 104, 120, 118, 127, 127, 127, 120, 118, 107, 109, 102, 82, 70, 61, 61, 44, 32, 16, 21, 12, 0, 1, 2, 7, 11, 15, 33, 45, 70, 89, 100, 105, 112, 111, 126, 126, 127, 127, 122, 108, 96, 91, 79, 59, 76, 53, 46, 41, 24, 20, 12, 0, 3, 7, 0, 6, 14, 40, 44, 66, 61, 86, 77, 90, 119, 123, 124, 120, 122, 120, 95, 90]"
Linear,10,exact_guidance_u,180,0,77,76,"[129, 59, 82, 89, 95, 104, 120, 118, 127, 127, 127, 120, 118, 107, 109, 102, 82, 70, 61, 61, 44, 32, 16, 21, 12, 0, 1, 2, 7, 11, 15, 33, 45, 70, 89, 100, 105, 112, 111, 126, 126, 127, 127, 122, 108, 96, 91, 79, 59, 76, 53, 46, 41, 24, 20, 12, 0, 3, 7, 0, 6, 14, 40, 44, 66, 61, 86, 77, 90, 119, 123, 124, 120, 122, 120, 95, 90]","[59, 82, 89, 95, 104, 120, 118, 127, 127, 127, 120, 118, 107, 109, 102, 82, 70, 61, 61, 44, 32, 16, 21, 12, 0, 1, 2, 7, 11, 15, 33, 45, 70, 89, 100, 105, 112, 111, 126, 126, 127, 127, 122, 108, 96, 91, 79, 59, 76, 53, 46, 41, 24, 20, 12, 0, 3, 7, 0, 6, 14, 40, 44, 66, 61, 86, 77, 90, 119, 123, 124, 120, 122, 120, 95, 90]"
Linear,10,exact_guidance_u,181,0,79,78,"[129, 59, 82, 89, 95, 104, 120, 118, 127, 127, 127, 120, 118, 107, 109, 102, 82, 70, 61, 61, 44, 32, 16, 21, 12, 0, 1, 2, 7, 11, 15, 33, 45, 70, 89, 100, 105, 112, 111, 126, 126, 127, 127, 122, 108, 96, 91, 79, 59, 76, 53, 46, 41, 24, 20, 12, 0, 3, 7, 0, 6, 14, 31, 40, 44, 66, 61, 86, 77, 90, 111, 119, 123, 124, 120, 122, 120, 95, 90]","[59, 82, 89, 95, 104, 120, 118, 127, 127, 127, 120, 118, 107, 109, 102, 82, 70, 61, 61, 44, 32, 16, 21, 12, 0, 1, 2, 7, 11, 15, 33, 45, 70, 89, 100, 105, 112, 111, 126, 126, 127, 127, 122, 108, 96, 91, 79, 59, 76, 53, 46, 41, 24, 20, 12, 0, 3, 7, 0, 6, 14, 31, 40, 44, 66, 61, 86, 77, 90, 111, 119, 123, 124, 120, 122, 120, 95, 90]"
Linear,10,exact_guidance_u,182,0,79,78,"[129, 59, 82, 89, 95, 104, 120, 118, 127, 127, 127, 120, 118, 107, 109, 102, 82, 70, 61, 61, 44, 32, 16, 21, 12, 0, 1, 2, 7, 11, 15, 33, 45, 70, 89, 100, 105, 112, 111, 126, 126, 127, 127, 122, 108, 96, 91, 79, 59, 76, 53, 46, 41, 24, 20, 12, 0, 3, 7, 0, 6, 14, 31, 40, 44, 66, 61, 86, 77, 90, 111, 119, 123, 124, 120, 122, 120, 95, 90]","[59, 82, 89, 95, 104, 120, 118, 127, 127, 127, 120, 118, 107, 109, 102, 82, 70, 61, 61, 44, 32, 16, 21, 12, 0, 1, 2, 7, 11, 15, 33, 45, 70, 89, 100, 105, 112, 111, 126, 126, 127, 127, 122, 108, 96, 91, 79, 59, 76, 53, 46, 41, 24, 20, 12, 0, 3, 7, 0, 6, 14, 31, 40, 44, 66, 61, 86, 77, 90, 111, 119, 123, 124, 120, 122, 120, 95, 90]"
Linear,10,exact_guidance_u,183,0,79,78,"[129, 59, 82, 89, 95, 104, 120, 118, 127, 127, 127, 120, 118, 107, 109, 102, 82, 70, 61, 61, 44, 32, 16, 21, 12, 0, 1, 2, 7, 11, 15, 33, 45, 70, 89, 100, 105, 112, 111, 126, 126, 127, 127, 122, 108, 96, 91, 79, 59, 76, 53, 46, 41, 24, 20, 12, 0, 3, 7, 0, 6, 14, 31, 40, 44, 66, 61, 86, 77, 90, 111, 119, 123, 124, 120, 122, 120, 95, 90]","[59, 82, 89, 95, 104, 120, 118, 127, 127, 127, 120, 118, 107, 109, 102, 82, 70, 61, 61, 44, 32, 16, 21, 12, 0, 1, 2, 7, 11, 15, 33, 45, 70, 89, 100, 105, 112, 111, 126, 126, 127, 127, 122, 108, 96, 91, 79, 59, 76, 53, 46, 41, 24, 20, 12, 0, 3, 7, 0, 6, 14, 31, 40, 44, 66, 61, 86, 77, 90, 111, 119, 123, 124, 120, 122, 120, 95, 90]"
Linear,10,exact_guidance_u,184,0,79,78,"[129, 59, 82, 89, 95, 104, 120, 118, 127, 127, 127, 120, 118, 107, 109, 102, 82, 70, 61, 61, 44, 32, 16, 21, 12, 0, 1, 2, 7, 11, 15, 33, 45, 70, 89, 100, 105, 112, 111, 126, 126, 127, 127, 122, 108, 96, 91, 79, 59, 76, 53, 46, 41, 24, 20, 12, 0, 3, 7, 0, 6, 14, 31, 40, 44, 66, 61, 86, 77, 90, 111, 119, 123, 124, 120, 122, 120, 95, 90]","[59, 82, 89, 95, 104, 120, 118, 127, 127, 127, 120, 118, 107, 109, 102, 82, 70, 61, 61, 44, 32, 16, 21, 12, 0, 1, 2, 7, 11, 15, 33, 45, 70, 89, 100, 105, 112, 111, 126, 126, 127, 127, 122, 108, 96, 91, 79, 59, 76, 53, 46, 41, 24, 20, 12, 0, 3, 7, 0, 6, 14, 31, 40, 44, 66, 61, 86, 77, 90, 111, 119, 123, 124, 120, 122, 120, 95, 90]"
Linear,10,exact_guidance_u,185,0,79,78,"[129, 59, 82, 89, 95, 104, 120, 118, 127, 127, 127, 120, 118, 107, 109, 102, 82, 70, 61, 61, 44, 32, 16, 21, 12, 0, 1, 2, 7, 11, 15, 33, 45, 70, 89, 100, 105, 112, 111, 126, 126, 127, 127, 122, 108, 96, 91, 79, 59, 76, 53, 46, 41, 24, 20, 12, 0, 3, 7, 0, 6, 14, 31, 40, 44, 66, 61, 86, 77, 90, 111, 119, 123, 124, 120, 122, 120, 95, 90]","[59, 82, 89, 95, 104, 120, 118, 127, 127, 127, 120, 118, 107, 109, 102, 82, 70, 61, 61, 44, 32, 16, 21, 12, 0, 1, 2, 7, 11, 15, 33, 45, 70, 89, 100, 105, 112, 111, 126, 126, 127, 127, 122, 108, 96, 91, 79, 59, 76, 53, 46, 41, 24, 20, 12, 0, 3, 7, 0, 6, 14, 31, 40, 44, 66, 61, 86, 77, 90, 111, 119, 123, 124, 120, 122, 120, 95, 90]"
Linear,10,exact_guidance_u,186,0,79,78,"[129, 59, 82, 89, 95, 104, 120, 118, 127, 127, 127, 120, 118, 107, 109, 102, 82, 70, 61, 61, 44, 32, 16, 21, 12, 0, 1, 2, 7, 11, 15, 33, 45, 70, 89, 100, 105, 112, 111, 126, 126, 127, 127, 122, 108, 96, 91, 79, 59, 76, 53, 46, 41, 24, 20, 12, 0, 3, 7, 0, 6, 14, 31, 40, 44, 66, 61, 86, 77, 90, 111, 119, 123, 124, 120, 122, 120, 95, 90]","[59, 82, 89, 95, 104, 120, 118, 127, 127, 127, 120, 118, 107, 109, 102, 82, 70, 61, 61, 44, 32, 16, 21, 12, 0, 1, 2, 7, 11, 15, 33, 45, 70, 89, 100, 105, 112, 111, 126, 126, 127, 127, 122, 108, 96, 91, 79, 59, 76, 53, 46, 41, 24, 20, 12, 0, 3, 7, 0, 6, 14, 31, 40, 44, 66, 61, 86, 77, 90, 111, 119, 123, 124, 120, 122, 120, 95, 90]"
Linear,10,exact_guidance_u,187,0,79,78,"[129, 59, 82, 89, 95, 104, 120, 118, 127, 127, 127, 120, 118, 107, 109, 102, 82, 70, 61, 61, 44, 32, 16, 21, 12, 0, 1, 2, 7, 11, 15, 33, 45, 70, 89, 100, 105, 112, 111, 126, 126, 127, 127, 122, 108, 96, 91, 79, 59, 76, 53, 46, 41, 24, 20, 12, 0, 3, 7, 0, 6, 14, 31, 40, 44, 66, 61, 86, 77, 90, 111, 119, 123, 124, 120, 122, 120, 95, 90]","[59, 82, 89, 95, 104, 120, 118, 127, 127, 127, 120, 118, 107, 109, 102, 82, 70, 61, 61, 44, 32, 16, 21, 12, 0, 1, 2, 7, 11, 15, 33, 45, 70, 89, 100, 105, 112, 111, 126, 126, 127, 127, 122, 108, 96, 91, 79, 59, 76, 53, 46, 41, 24, 20, 12, 0, 3, 7, 0, 6, 14, 31, 40, 44, 66, 61, 86, 77, 90, 111, 119, 123, 124, 120, 122, 120, 95, 90]"
Linear,10,exact_guidance_u,188,0,80,79,"[129, 59, 82, 89, 95, 104, 120, 118, 127, 127, 127, 120, 118, 107, 109, 102, 82, 70, 61, 61, 44, 32, 16, 21, 12, 0, 1, 2, 7, 11, 15, 24, 33, 45, 70, 89, 100, 105, 112, 111, 126, 126, 127, 127, 122, 108, 96, 91, 79, 59, 76, 53, 46, 41, 24, 20, 12, 0, 3, 7, 0, 6, 14, 31, 40, 44, 66, 61, 86, 77, 90, 111, 119, 123, 124, 120, 122, 120, 95, 90]","[59, 82, 89, 95, 104, 120, 118, 127, 127, 127, 120, 118, 107, 109, 102, 82, 70, 61, 61, 44, 32, 16, 21, 12, 0, 1, 2, 7, 11, 15, 24, 33, 45, 70, 89, 100, 105, 112, 111, 126, 126, 127, 127, 122, 108, 96, 91, 79, 59, 76, 53, 46, 41, 24, 20, 12, 0, 3, 7, 0, 6, 14, 31, 40, 44, 66, 61, 86, 77, 90, 111, 119, 123, 124, 120, 122, 120, 95, 90]"
Linear,10,exact_guidance_u,189,0,80,79,"[129, 59, 82, 89, 95, 104, 120, 118, 127, 127, 127, 120, 118, 107, 109, 102, 82, 70, 61, 61, 44, 32, 16, 21, 12, 0, 1, 2, 7, 11, 15, 24, 33, 45, 70, 89, 100, 105, 112, 111, 126, 126, 127, 127, 122, 108, 96, 91, 79, 59, 76, 53, 46, 41, 24, 20, 12, 0, 3, 7, 0, 6, 14, 31, 40, 44, 66, 61, 86, 77, 90, 111, 119, 123, 124, 120, 122, 120, 95, 90]","[59, 82, 89, 95, 104, 120, 118, 127, 127, 127, 120, 118, 107, 109, 102, 82, 70, 61, 61, 44, 32, 16, 21, 12, 0, 1, 2, 7, 11, 15, 24, 33, 45, 70, 89, 100, 105, 112, 111, 126, 126, 127, 127, 122, 108, 96, 91, 79, 59, 76, 53, 46, 41, 24, 20, 12, 0, 3, 7, 0, 6, 14, 31, 40, 44, 66, 61, 86, 77, 90, 111, 119, 123, 124, 120, 122, 120, 95, 90]"
Linear,10,exact_guidance_u,190,0,80,79,"[129, 59, 82, 89, 95, 104, 120, 118, 127, 127, 127, 120, 118, 107, 109, 102, 82, 70, 61, 61, 44, 32, 16, 21, 12, 0, 1, 2, 7, 11, 15, 24, 33, 45, 70, 89, 100, 105, 112, 111, 126, 126, 127, 127, 122, 108, 96, 91, 79, 59, 76, 53, 46, 41, 24, 20, 12, 0, 3, 7, 0, 6, 14, 31, 40, 44, 66, 61, 86, 77, 90, 111, 119, 123, 124, 120, 122, 120, 95, 90]","[59, 82, 89, 95, 104, 120, 118, 127, 127, 127, 120, 118, 107, 109, 102, 82, 70, 61, 61, 44, 32, 16, 21, 12, 0, 1, 2, 7, 11, 15, 24, 33, 45, 70, 89, 100, 105, 112, 111, 126, 126, 127, 127, 122, 108, 96, 91, 79, 59, 76, 53, 46, 41, 24, 20, 12, 0, 3, 7, 0, 6, 14, 31, 40, 44, 66, 61, 86, 77, 90, 111, 119, 123, 124, 120, 122, 120, 95, 90]"
Linear,10,exact_guidance_u,191,0,80,79,"[129, 59, 82, 89, 95, 104, 120, 118, 127, 127, 127, 120, 118, 107, 109, 102, 82, 70, 61, 61, 44, 32, 16, 21, 12, 0, 1, 2, 7, 11, 15, 24, 33, 45, 70, 89, 100, 105, 112, 111, 126, 126, 127, 127, 122, 108, 96, 91, 79, 59, 76, 53, 46, 41, 24, 20, 12, 0, 3, 7, 0, 6, 14, 31, 40, 44, 66, 61, 86, 77, 90, 111, 119, 123, 124, 120, 122, 120, 95, 90]","[59, 82, 89, 95, 104, 120, 118, 127, 127, 127, 120, 118, 107, 109, 102, 82, 70, 61, 61, 44, 32, 16, 21, 12, 0, 1, 2, 7, 11, 15, 24, 33, 45, 70, 89, 100, 105, 112, 111, 126, 126, 127, 127, 122, 108, 96, 91, 79, 59, 76, 53, 46, 41, 24, 20, 12, 0, 3, 7, 0, 6, 14, 31, 40, 44, 66, 61, 86, 77, 90, 111, 119, 123, 124, 120, 122, 120, 95, 90]"
Linear,10,exact_guidance_u,192,0,80,79,"[129, 59, 82, 89, 95, 104, 120, 118, 127, 127, 127, 120, 118, 107, 109, 102, 82, 70, 61, 61, 44, 32, 16, 21, 12, 0, 1, 2, 7, 11, 15, 24, 33, 45, 70, 89, 100, 105, 112, 111, 126, 126, 127, 127, 122, 108, 96, 91, 79, 59, 76, 53, 46, 41, 24, 20, 12, 0, 3, 7, 0, 6, 14, 31, 40, 44, 66, 61, 86, 77, 90, 111, 119, 123, 124, 120, 122, 120, 95, 90]","[59, 82, 89, 95, 104, 120, 118, 127, 127, 127, 120, 118, 107, 109, 102, 82, 70, 61, 61, 44, 32, 16, 21, 12, 0, 1, 2, 7, 11, 15, 24, 33, 45, 70, 89, 100, 105, 112, 111, 126, 126, 127, 127, 122, 108, 96, 91, 79, 59, 76, 53, 46, 41, 24, 20, 12, 0, 3, 7, 0, 6, 14, 31, 40, 44, 66, 61, 86, 77, 90, 111, 119, 123, 124, 120, 122, 120, 95, 90]"
Linear,10,exact_guidance_u,193,0,80,79,"[129, 59, 82, 89, 95, 104, 120, 118, 127, 127, 127, 120, 118, 107, 109, 102, 82, 70, 61, 61, 44, 32, 16, 21, 12, 0, 1, 2, 7, 11, 15, 24, 33, 45, 70, 89, 100, 105, 112, 111, 126, 126, 127, 127, 122, 108, 96, 91, 79, 59, 76, 53, 46, 41, 24, 20, 12, 0, 3, 7, 0, 6, 14, 31, 40, 44, 66, 61, 86, 77, 90, 111, 119, 123, 124, 120, 122, 120, 95, 90]","[59, 82, 89, 95, 104, 120, 118, 127, 127, 127, 120, 118, 107, 109, 102, 82, 70, 61, 61, 44, 32, 16, 21, 12, 0, 1, 2, 7, 11, 15, 24, 33, 45, 70, 89, 100, 105, 112, 111, 126, 126, 127, 127, 122, 108, 96, 91, 79, 59, 76, 53, 46, 41, 24, 20, 12, 0, 3, 7, 0, 6, 14, 31, 40, 44, 66, 61, 86, 77, 90, 111, 119, 123, 124, 120, 122, 120, 95, 90]"
Linear,10,exact_guidance_u,194,0,80,79,"[129, 59, 82, 89, 95, 104, 120, 118, 127, 127, 127, 120, 118, 107, 109, 102, 82, 70, 61, 61, 44, 32, 16, 21, 12, 0, 1, 2, 7, 11, 15, 24, 33, 45, 70, 89, 100, 105, 112, 111, 126, 126, 127, 127, 122, 108, 96, 91, 79, 59, 76, 53, 46, 41, 24, 20, 12, 0, 3, 7, 0, 6, 14, 31, 40, 44, 66, 61, 86, 77, 90, 111, 119, 123, 124, 120, 122, 120, 95, 90]","[59, 82, 89, 95, 104, 120, 118, 127, 127, 127, 120, 118, 107, 109, 102, 82, 70, 61, 61, 44, 32, 16, 21, 12, 0, 1, 2, 7, 11, 15, 24, 33, 45, 70, 89, 100, 105, 112, 111, 126, 126, 127, 127, 122, 108, 96, 91, 79, 59, 76, 53, 46, 41, 24, 20, 12, 0, 3, 7, 0, 6, 14, 31, 40, 44, 66, 61, 86, 77, 90, 111, 119, 123, 124, 120, 122, 120, 95, 90]"
Linear,10,exact_guidance_u,195,0,80,79,"[129, 59, 82, 89, 95, 104, 120, 118, 127, 127, 127, 120, 118, 107, 109, 102, 82, 70, 61, 61, 44, 32, 16, 21, 12, 0, 1, 2, 7, 11, 15, 24, 33, 45, 70, 89, 100, 105, 112, 111, 126, 126, 127, 127, 122, 108, 96, 91, 79, 59, 76, 53, 46, 41, 24, 20, 12, 0, 3, 7, 0, 6, 14, 31, 40, 44, 66, 61, 86, 77, 90, 111, 119, 123, 124, 120, 122, 120, 95, 90]","[59, 82, 89, 95, 104, 120, 118, 127, 127, 127, 120, 118, 107, 109, 102, 82, 70, 61, 61, 44, 32, 16, 21, 12, 0, 1, 2, 7, 11, 15, 24, 33, 45, 70, 89, 100, 105, 112, 111, 126, 126, 127, 127, 122, 108, 96, 91, 79, 59, 76, 53, 46, 41, 24, 20, 12, 0, 3, 7, 0, 6, 14, 31, 40, 44, 66, 61, 86, 77, 90, 111, 119, 123, 124, 120, 122, 120, 95, 90]"
Linear,10,exact_guidance_u,196,0,80,79,"[129, 59, 82, 89, 95, 104, 120, 118, 127, 127, 127, 120, 118, 107, 109, 102, 82, 70, 61, 61, 44, 32, 16, 21, 12, 0, 1, 2, 7, 11, 15, 24, 33, 45, 70, 89, 100, 105, 112, 111, 126, 126, 127, 127, 122, 108, 96, 91, 79, 59, 76, 53, 46, 41, 24, 20, 12, 0, 3, 7, 0, 6, 14, 31, 40, 44, 66, 61, 86, 77, 90, 111, 119, 123, 124, 120, 122, 120, 95, 90]","[59, 82, 89, 95, 104, 120, 118, 127, 127, 127, 120, 118, 107, 109, 102, 82, 70, 61, 61, 44, 32, 16, 21, 12, 0, 1, 2, 7, 11, 15, 24, 33, 45, 70, 89, 100, 105, 112, 111, 126, 126, 127, 127, 122, 108, 96, 91, 79, 59, 76, 53, 46, 41, 24, 20, 12, 0, 3, 7, 0, 6, 14, 31, 40, 44, 66, 61, 86, 77, 90, 111, 119, 123, 124, 120, 122, 120, 95, 90]"
Linear,10,exact_guidance_u,197,0,80,79,"[129, 59, 82, 89, 95, 104, 120, 118, 127, 127, 127, 120, 118, 107, 109, 102, 82, 70, 61, 61, 44, 32, 16, 21, 12, 0, 1, 2, 7, 11, 15, 24, 33, 45, 70, 89, 100, 105, 112, 111, 126, 126, 127, 127, 122, 108, 96, 91, 79, 59, 76, 53, 46, 41, 24, 20, 12, 0, 3, 7, 0, 6, 14, 31, 40, 44, 66, 61, 86, 77, 90, 111, 119, 123, 124, 120, 122, 120, 95, 90]","[59, 82, 89, 95, 104, 120, 118, 127, 127, 127, 120, 118, 107, 109, 102, 82, 70, 61, 61, 44, 32, 16, 21, 12, 0, 1, 2, 7, 11, 15, 24, 33, 45, 70, 89, 100, 105, 112, 111, 126, 126, 127, 127, 122, 108, 96, 91, 79, 59, 76, 53, 46, 41, 24, 20, 12, 0, 3, 7, 0, 6, 14, 31, 40, 44, 66, 61, 86, 77, 90, 111, 119, 123, 124, 120, 122, 120, 95, 90]"
Linear,10,exact_guidance_u,198,0,80,79,"[129, 59, 82, 89, 95, 104, 120, 118, 127, 127, 127, 120, 118, 107, 109, 102, 82, 70, 61, 61, 44, 32, 16, 21, 12, 0, 1, 2, 7, 11, 15, 24, 33, 45, 70, 89, 100, 105, 112, 111, 126, 126, 127, 127, 122, 108, 96, 91, 79, 59, 76, 53, 46, 41, 24, 20, 12, 0, 3, 7, 0, 6, 14, 31, 40, 44, 66, 61, 86, 77, 90, 111, 119, 123, 124, 120, 122, 120, 95, 90]","[59, 82, 89, 95, 104, 120, 118, 127, 127, 127, 120, 118, 107, 109, 102, 82, 70, 61, 61, 44, 32, 16, 21, 12, 0, 1, 2, 7, 11, 15, 24, 33, 45, 70, 89, 100, 105, 112, 111, 126, 126, 127, 127, 122, 108, 96, 91, 79, 59, 76, 53, 46, 41, 24, 20, 12, 0, 3, 7, 0, 6, 14, 31, 40, 44, 66, 61, 86, 77, 90, 111, 119, 123, 124, 120, 122, 120, 95, 90]"
Linear,10,exact_guidance_u,199,0,80,79,"[129, 59, 82, 89, 95, 104, 120, 118, 127, 127, 127, 120, 118, 107, 109, 102, 82, 70, 61, 61, 44, 32, 16, 21, 12, 0, 1, 2, 7, 11, 15, 24, 33, 45, 70, 89, 100, 105, 112, 111, 126, 126, 127, 127, 122, 108, 96, 91, 79, 59, 76, 53, 46, 41, 24, 20, 12, 0, 3, 7, 0, 6, 14, 31, 40, 44, 66, 61, 86, 77, 90, 111, 119, 123, 124, 120, 122, 120, 95, 90]","[59, 82, 89, 95, 104, 120, 118, 127, 127, 127, 120, 118, 107, 109, 102, 82, 70, 61, 61, 44, 32, 16, 21, 12, 0, 1, 2, 7, 11, 15, 24, 33, 45, 70, 89, 100, 105, 112, 111, 126, 126, 127, 127, 122, 108, 96, 91, 79, 59, 76, 53, 46, 41, 24, 20, 12, 0, 3, 7, 0, 6, 14, 31, 40, 44, 66, 61, 86, 77, 90, 111, 119, 123, 124, 120, 122, 120, 95, 90]"
Linear,10,exact_guidance_u,200,0,80,79,"[129, 59, 82, 89, 95, 104, 120, 118, 127, 127, 127, 120, 118, 107, 109, 102, 82, 70, 61, 61, 44, 32, 16, 21, 12, 0, 1, 2, 7, 11, 15, 24, 33, 45, 70, 89, 100, 105, 112, 111, 126, 126, 127, 127, 122, 108, 96, 91, 79, 59, 76, 53, 46, 41, 24, 20, 12, 0, 3, 7, 0, 6, 14, 31, 40, 44, 66, 61, 86, 77, 90, 111, 119, 123, 124, 120, 122, 120, 95, 90]","[59, 82, 89, 95, 104, 120, 118, 127, 127, 127, 120, 118, 107, 109, 102, 82, 70, 61, 61, 44, 32, 16, 21, 12, 0, 1, 2, 7, 11, 15, 24, 33, 45, 70, 89, 100, 105, 112, 111, 126, 126, 127, 127, 122, 108, 96, 91, 79, 59, 76, 53, 46, 41, 24, 20, 12, 0, 3, 7, 0, 6, 14, 31, 40, 44, 66, 61, 86, 77, 90, 111, 119, 123, 124, 120, 122, 120, 95, 90]"
Linear,10,exact_guidance_u,201,0,80,79,"[129, 59, 82, 89, 95, 104, 120, 118, 127, 127, 127, 120, 118, 107, 109, 102, 82, 70, 61, 61, 44, 32, 16, 21, 12, 0, 1, 2, 7, 11, 15, 24, 33, 45, 70, 89, 100, 105, 112, 111, 126, 126, 127, 127, 122, 108, 96, 91, 79, 59, 76, 53, 46, 41, 24, 20, 12, 0, 3, 7, 0, 6, 14, 31, 40, 44, 66, 61, 86, 77, 90, 111, 119, 123, 124, 120, 122, 120, 95, 90]","[59, 82, 89, 95, 104, 120, 118, 127, 127, 127, 120, 118, 107, 109, 102, 82, 70, 61, 61, 44, 32, 16, 21, 12, 0, 1, 2, 7, 11, 15, 24, 33, 45, 70, 89, 100, 105, 112, 111, 126, 126, 127, 127, 122, 108, 96, 91, 79, 59, 76, 53, 46, 41, 24, 20, 12, 0, 3, 7, 0, 6, 14, 31, 40, 44, 66, 61, 86, 77, 90, 111, 119, 123, 124, 120, 122, 120, 95, 90]"
Linear,10,exact_guidance_u,202,0,80,79,"[129, 59, 82, 89, 95, 104, 120, 118, 127, 127, 127, 120, 118, 107, 109, 102, 82, 70, 61, 61, 44, 32, 16, 21, 12, 0, 1, 2, 7, 11, 15, 24, 33, 45, 70, 89, 100, 105, 112, 111, 126, 126, 127, 127, 122, 108, 96, 91, 79, 59, 76, 53, 46, 41, 24, 20, 12, 0, 3, 7, 0, 6, 14, 31, 40, 44, 66, 61, 86, 77, 90, 111, 119, 123, 124, 120, 122, 120, 95, 90]","[59, 82, 89, 95, 104, 120, 118, 127, 127, 127, 120, 118, 107, 109, 102, 82, 70, 61, 61, 44, 32, 16, 21, 12, 0, 1, 2, 7, 11, 15, 24, 33, 45, 70, 89, 100, 105, 112, 111, 126, 126, 127, 127, 122, 108, 96, 91, 79, 59, 76, 53, 46, 41, 24, 20, 12, 0, 3, 7, 0, 6, 14, 31, 40, 44, 66, 61, 86, 77, 90, 111, 119, 123, 124, 120, 122, 120, 95, 90]"
Linear,10,exact_guidance_u,203,0,80,79,"[129, 59, 82, 89, 95, 104, 120, 118, 127, 127, 127, 120, 118, 107, 109, 102, 82, 70, 61, 61, 44, 32, 16, 21, 12, 0, 1, 2, 7, 11, 15, 24, 33, 45, 70, 89, 100, 105, 112, 111, 126, 126, 127, 127, 122, 108, 96, 91, 79, 59, 76, 53, 46, 41, 24, 20, 12, 0, 3, 7, 0, 6, 14, 31, 40, 44, 66, 61, 86, 77, 90, 111, 119, 123, 124, 120, 122, 120, 95, 90]","[59, 82, 89, 95, 104, 120, 118, 127, 127, 127, 120, 118, 107, 109, 102, 82, 70, 61, 61, 44, 32, 16, 21, 12, 0, 1, 2, 7, 11, 15, 24, 33, 45, 70, 89, 100, 105, 112, 111, 126, 126, 127, 127, 122, 108, 96, 91, 79, 59, 76, 53, 46, 41, 24, 20, 12, 0, 3, 7, 0, 6, 14, 31, 40, 44, 66, 61, 86, 77, 90, 111, 119, 123, 124, 120, 122, 120, 95, 90]"
Linear,10,exact_guidance_u,204,0,82,81,"[129, 59, 82, 89, 95, 104, 120, 118, 127, 127, 127, 120, 118, 107, 109, 101, 102, 82, 70, 61, 61, 44, 32, 16, 21, 12, 0, 1, 2, 7, 11, 15, 24, 33, 45, 70, 89, 100, 105, 112, 111, 126, 126, 127, 127, 122, 108, 96, 91, 79, 59, 76, 53, 46, 41, 24, 20, 12, 0, 3, 7, 0, 6, 14, 31, 40, 44, 66, 61, 86, 77, 90, 111, 107, 119, 123, 124, 120, 122, 120, 95, 90]","[59, 82, 89, 95, 104, 120, 118, 127, 127, 127, 120, 118, 107, 109, 101, 102, 82, 70, 61, 61, 44, 32, 16, 21, 12, 0, 1, 2, 7, 11, 15, 24, 33, 45, 70, 89, 100, 105, 112, 111, 126, 126, 127, 127, 122, 108, 96, 91, 79, 59, 76, 53, 46, 41, 24, 20, 12, 0, 3, 7, 0, 6, 14, 31, 40, 44, 66, 61, 86, 77, 90, 111, 107, 119, 123, 124, 120, 122, 120, 95, 90]"
Linear,10,exact_guidance_u,205,0,82,81,"[129, 59, 82, 89, 95, 104, 120, 118, 127, 127, 127, 120, 118, 107, 109, 101, 102, 82, 70, 61, 61, 44, 32, 16, 21, 12, 0, 1, 2, 7, 11, 15, 24, 33, 45, 70, 89, 100, 105, 112, 111, 126, 126, 127, 127, 122, 108, 96, 91, 79, 59, 76, 53, 46, 41, 24, 20, 12, 0, 3, 7, 0, 6, 14, 31, 40, 44, 66, 61, 86, 77, 90, 111, 107, 119, 123, 124, 120, 122, 120, 95, 90]","[59, 82, 89, 95, 104, 120, 118, 127, 127, 127, 120, 118, 107, 109, 101, 102, 82, 70, 61, 61, 44, 32, 16, 21, 12, 0, 1, 2, 7, 11, 15, 24, 33, 45, 70, 89, 100, 105, 112, 111, 126, 126, 127, 127, 122, 108, 96, 91, 79, 59, 76, 53, 46, 41, 24, 20, 12, 0, 3, 7, 0, 6, 14, 31, 40, 44, 66, 61, 86, 77, 90, 111, 107, 119, 123, 124, 120, 122, 120, 95, 90]"
Linear,10,exact_guidance_u,206,0,82,81,"[129, 59, 82, 89, 95, 104, 120, 118, 127, 127, 127, 120, 118, 107, 109, 101, 102, 82, 70, 61, 61, 44, 32, 16, 21, 12, 0, 1, 2, 7, 11, 15, 24, 33, 45, 70, 89, 100, 105, 112, 111, 126, 126, 127, 127, 122, 108, 96, 91, 79, 59, 76, 53, 46, 41, 24, 20, 12, 0, 3, 7, 0, 6, 14, 31, 40, 44, 66, 61, 86, 77, 90, 111, 107, 119, 123, 124, 120, 122, 120, 95, 90]","[59, 82, 89, 95, 104, 120, 118, 127, 127, 127, 120, 118, 107, 109, 101, 102, 82, 70, 61, 61, 44, 32, 16, 21, 12, 0, 1, 2, 7, 11, 15, 24, 33, 45, 70, 89, 100, 105, 112, 111, 126, 126, 127, 127, 122, 108, 96, 91, 79, 59, 76, 53, 46, 41, 24, 20, 12, 0, 3, 7, 0, 6, 14, 31, 40, 44, 66, 61, 86, 77, 90, 111, 107, 119, 123, 124, 120, 122, 120, 95, 90]"
Linear,10,exact_guidance_u,207,0,82,81,"[129, 59, 82, 89, 95, 104, 120, 118, 127, 127, 127, 120, 118, 107, 109, 101, 102, 82, 70, 61, 61, 44, 32, 16, 21, 12, 0, 1, 2, 7, 11, 15, 24, 33, 45, 70, 89, 100, 105, 112, 111, 126, 126, 127, 127, 122, 108, 96, 91, 79, 59, 76, 53, 46, 41, 24, 20, 12, 0, 3, 7, 0, 6, 14, 31, 40, 44, 66, 61, 86, 77, 90, 111, 107, 119, 123, 124, 120, 122, 120, 95, 90]","[59, 82, 89, 95, 104, 120, 118, 127, 127, 127, 120, 118, 107, 109, 101, 102, 82, 70, 61, 61, 44, 32, 16, 21, 12, 0, 1, 2, 7, 11, 15, 24, 33, 45, 70, 89, 100, 105, 112, 111, 126, 126, 127, 127, 122, 108, 96, 91, 79, 59, 76, 53, 46, 41, 24, 20, 12, 0, 3, 7, 0, 6, 14, 31, 40, 44, 66, 61, 86, 77, 90, 111, 107, 119, 123, 124, 120, 122, 120, 95, 90]"
Linear,10,exact_guidance_u,208,0,83,82,"[129, 59, 82, 89, 95, 104, 120, 118, 127, 127, 127, 120, 118, 107, 109, 101, 102, 82, 70, 61, 61, 44, 32, 16, 21, 12, 0, 1, 2, 7, 11, 15, 24, 33, 45, 70, 82, 89, 100, 105, 112, 111, 126, 126, 127, 127, 122, 108, 96, 91, 79, 59, 76, 53, 46, 41, 24, 20, 12, 0, 3, 7, 0, 6, 14, 31, 40, 44, 66, 61, 86, 77, 90, 111, 107, 119, 123, 124, 120, 122, 120, 95, 90]","[59, 82, 89, 95, 104, 120, 118, 127, 127, 127, 120, 118, 107, 109, 101, 102, 82, 70, 61, 61, 44, 32, 16, 21, 12, 0, 1, 2, 7, 11, 15, 24, 33, 45, 70, 82, 89, 100, 105, 112, 111, 126, 126, 127, 127, 122, 108, 96, 91, 79, 59, 76, 53, 46, 41, 24, 20, 12, 0, 3, 7, 0, 6, 14, 31, 40, 44, 66, 61, 86, 77, 90, 111, 107, 119, 123, 124, 120, 122, 120, 95, 90]"
Linear,10,exact_guidance_u,209,0,83,82,"[129, 59, 82, 89, 95, 104, 120, 118, 127, 127, 127, 120, 118, 107, 109, 101, 102, 82, 70, 61, 61, 44, 32, 16, 21, 12, 0, 1, 2, 7, 11, 15, 24, 33, 45, 70, 82, 89, 100, 105, 112, 111, 126, 126, 127, 127, 122, 108, 96, 91, 79, 59, 76, 53, 46, 41, 24, 20, 12, 0, 3, 7, 0, 6, 14, 31, 40, 44, 66, 61, 86, 77, 90, 111, 107, 119, 123, 124, 120, 122, 120, 95, 90]","[59, 82, 89, 95, 104, 120, 118, 127, 127, 127, 120, 118, 107, 109, 101, 102, 82, 70, 61, 61, 44, 32, 16, 21, 12, 0, 1, 2, 7, 11, 15, 24, 33, 45, 70, 82, 89, 100, 105, 112, 111, 126, 126, 127, 127, 122, 108, 96, 91, 79, 59, 76, 53, 46, 41, 24, 20, 12, 0, 3, 7, 0, 6, 14, 31, 40, 44, 66, 61, 86, 77, 90, 111, 107, 119, 123, 124, 120, 122, 120, 95, 90]"
Linear,10,exact_guidance_u,210,0,83,82,"[129, 59, 82, 89, 95, 104, 120, 118, 127, 127, 127, 120, 118, 107, 109, 101, 102, 82, 70, 61, 61, 44, 32, 16, 21, 12, 0, 1, 2, 7, 11, 15, 24, 33, 45, 70, 82, 89, 100, 105, 112, 111, 126, 126, 127, 127, 122, 108, 96, 91, 79, 59, 76, 53, 46, 41, 24, 20, 12, 0, 3, 7, 0, 6, 14, 31, 40, 44, 66, 61, 86, 77, 90, 111, 107, 119, 123, 124, 120, 122, 120, 95, 90]","[59, 82, 89, 95, 104, 120, 118, 127, 127, 127, 120, 118, 107, 109, 101, 102, 82, 70, 61, 61, 44, 32, 16, 21, 12, 0, 1, 2, 7, 11, 15, 24, 33, 45, 70, 82, 89, 100, 105, 112, 111, 126, 126, 127, 127, 122, 108, 96, 91, 79, 59, 76, 53, 46, 41, 24, 20, 12, 0, 3, 7, 0, 6, 14, 31, 40, 44, 66, 61, 86, 77, 90, 111, 107, 119, 123, 124, 120, 122, 120, 95, 90]"
Linear,10,exact_guidance_u,211,0,83,82,"[129, 59, 82, 89, 95, 104, 120, 118, 127, 127, 127, 120, 118, 107, 109, 101, 102, 82, 70, 61, 61, 44, 32, 16, 21, 12, 0, 1, 2, 7, 11, 15, 24, 33, 45, 70, 82, 89, 100, 105, 112, 111, 126, 126, 127, 127, 122, 108, 96, 91, 79, 59, 76, 53, 46, 41, 24, 20, 12, 0, 3, 7, 0, 6, 14, 31, 40, 44, 66, 61, 86, 77, 90, 111, 107, 119, 123, 124, 120, 122, 120, 95, 90]","[59, 82, 89, 95, 104, 120, 118, 127, 127, 127, 120, 118, 107, 109, 101, 102, 82, 70, 61, 61, 44, 32, 16, 21, 12, 0, 1, 2, 7, 11, 15, 24, 33, 45, 70, 82, 89, 100, 105, 112, 111, 126, 126, 127, 127, 122, 108, 96, 91, 79, 59, 76, 53, 46, 41, 24, 20, 12, 0, 3, 7, 0, 6, 14, 31, 40, 44, 66, 61, 86, 77, 90, 111, 107, 119, 123, 124, 120, 122, 120, 95, 90]"
Linear,10,exact_guidance_u,212,0,83,82,"[129, 59, 82, 89, 95, 104, 120, 118, 127, 127, 127, 120, 118, 107, 109, 101, 102, 82, 70, 61, 61, 44, 32, 16, 21, 12, 0, 1, 2, 7, 11, 15, 24, 33, 45, 70, 82, 89, 100, 105, 112, 111, 126, 126, 127, 127, 122, 108, 96, 91, 79, 59, 76, 53, 46, 41, 24, 20, 12, 0, 3, 7, 0, 6, 14, 31, 40, 44, 66, 61, 86, 77, 90, 111, 107, 119, 123, 124, 120, 122, 120, 95, 90]","[59, 82, 89, 95, 104, 120, 118, 127, 127, 127, 120, 118, 107, 109, 101, 102, 82, 70, 61, 61, 44, 32, 16, 21, 12, 0, 1, 2, 7, 11, 15, 24, 33, 45, 70, 82, 89, 100, 105, 112, 111, 126, 126, 127, 127, 122, 108, 96, 91, 79, 59, 76, 53, 46, 41, 24, 20, 12, 0, 3, 7, 0, 6, 14, 31, 40, 44, 66, 61, 86, 77, 90, 111, 107, 119, 123, 124, 120, 122, 120, 95, 90]"
Linear,10,exact_guidance_u,213,0,83,82,"[129, 59, 82, 89, 95, 104, 120, 118, 127, 127, 127, 120, 118, 107, 109, 101, 102, 82, 70, 61, 61, 44, 32, 16, 21, 12, 0, 1, 2, 7, 11, 15, 24, 33, 45, 70, 82, 89, 100, 105, 112, 111, 126, 126, 127, 127, 122, 108, 96, 91, 79, 59, 76, 53, 46, 41, 24, 20, 12, 0, 3, 7, 0, 6, 14, 31, 40, 44, 66, 61, 86, 77, 90, 111, 107, 119, 123, 124, 120, 122, 120, 95, 90]","[59, 82, 89, 95, 104, 120, 118, 127, 127, 127, 120, 118, 107, 109, 101, 102, 82, 70, 61, 61, 44, 32, 16, 21, 12, 0, 1, 2, 7, 11, 15, 24, 33, 45, 70, 82, 89, 100, 105, 112, 111, 126, 126, 127, 127, 122, 108, 96, 91, 79, 59, 76, 53, 46, 41, 24, 20, 12, 0, 3, 7, 0, 6, 14, 31, 40, 44, 66, 61, 86, 77, 90, 111, 107, 119, 123, 124, 120, 122, 120, 95, 90]"
Linear,10,exact_guidance_u,214,0,83,82,"[129, 59, 82, 89, 95, 104, 120, 118, 127, 127, 127, 120, 118, 107, 109, 101, 102, 82, 70, 61, 61, 44, 32, 16, 21, 12, 0, 1, 2, 7, 11, 15, 24, 33, 45, 70, 82, 89, 100, 105, 112, 111, 126, 126, 127, 127, 122, 108, 96, 91, 79, 59, 76, 53, 46, 41, 24, 20, 12, 0, 3, 7, 0, 6, 14, 31, 40, 44, 66, 61, 86, 77, 90, 111, 107, 119, 123, 124, 120, 122, 120, 95, 90]","[59, 82, 89, 95, 104, 120, 118, 127, 127, 127, 120, 118, 107, 109, 101, 102, 82, 70, 61, 61, 44, 32, 16, 21, 12, 0, 1, 2, 7, 11, 15, 24, 33, 45, 70, 82, 89, 100, 105, 112, 111, 126, 126, 127, 127, 122, 108, 96, 91, 79, 59, 76, 53, 46, 41, 24, 20, 12, 0, 3, 7, 0, 6, 14, 31, 40, 44, 66, 61, 86, 77, 90, 111, 107, 119, 123, 124, 120, 122, 120, 95, 90]"
Linear,10,exact_guidance_u,215,0,83,82,"[129, 59, 82, 89, 95, 104, 120, 118, 127, 127, 127, 120, 118, 107, 109, 101, 102, 82, 70, 61, 61, 44, 32, 16, 21, 12, 0, 1, 2, 7, 11, 15, 24, 33, 45, 70, 82, 89, 100, 105, 112, 111, 126, 126, 127, 127, 122, 108, 96, 91, 79, 59, 76, 53, 46, 41, 24, 20, 12, 0, 3, 7, 0, 6, 14, 31, 40, 44, 66, 61, 86, 77, 90, 111, 107, 119, 123, 124, 120, 122, 120, 95, 90]","[59, 82, 89, 95, 104, 120, 118, 127, 127, 127, 120, 118, 107, 109, 101, 102, 82, 70, 61, 61, 44, 32, 16, 21, 12, 0, 1, 2, 7, 11, 15, 24, 33, 45, 70, 82, 89, 100, 105, 112, 111, 126, 126, 127, 127, 122, 108, 96, 91, 79, 59, 76, 53, 46, 41, 24, 20, 12, 0, 3, 7, 0, 6, 14, 31, 40, 44, 66, 61, 86, 77, 90, 111, 107, 119, 123, 124, 120, 122, 120, 95, 90]"
Linear,10,exact_guidance_u,216,0,84,83,"[129, 59, 82, 89, 95, 104, 120, 118, 127, 127, 127, 120, 118, 107, 109, 101, 102, 82, 70, 61, 61, 44, 32, 16, 21, 12, 0, 1, 2, 7, 11, 15, 24, 33, 45, 70, 82, 89, 100, 105, 112, 111, 126, 126, 127, 127, 122, 108, 96, 91, 79, 59, 76, 53, 46, 41, 24, 20, 12, 0, 3, 7, 0, 6, 14, 31, 40, 44, 66, 61, 86, 77, 90, 111, 107, 119, 123, 124, 120, 122, 120, 95, 90, 92]","[59, 82, 89, 95, 104, 120, 118, 127, 127, 127, 120, 118, 107, 109, 101, 102, 82, 70, 61, 61, 44, 32, 16, 21, 12, 0, 1, 2, 7, 11, 15, 24, 33, 45, 70, 82, 89, 100, 105, 112, 111, 126, 126, 127, 127, 122, 108, 96, 91, 79, 59, 76, 53, 46, 41, 24, 20, 12, 0, 3, 7, 0, 6, 14, 31, 40, 44, 66, 61, 86, 77, 90, 111, 107, 119, 123, 124, 120, 122, 120, 95, 90, 92]"
Linear,10,exact_guidance_u,217,0,84,83,"[129, 59, 82, 89, 95, 104, 120, 118, 127, 127, 127, 120, 118, 107, 109, 101, 102, 82, 70, 61, 61, 44, 32, 16, 21, 12, 0, 1, 2, 7, 11, 15, 24, 33, 45, 70, 82, 89, 100, 105, 112, 111, 126, 126, 127, 127, 122, 108, 96, 91, 79, 59, 76, 53, 46, 41, 24, 20, 12, 0, 3, 7, 0, 6, 14, 31, 40, 44, 66, 61, 86, 77, 90, 111, 107, 119, 123, 124, 120, 122, 120, 95, 90, 92]","[59, 82, 89, 95, 104, 120, 118, 127, 127, 127, 120, 118, 107, 109, 101, 102, 82, 70, 61, 61, 44, 32, 16, 21, 12, 0, 1, 2, 7, 11, 15, 24, 33, 45, 70, 82, 89, 100, 105, 112, 111, 126, 126, 127, 127, 122, 108, 96, 91, 79, 59, 76, 53, 46, 41, 24, 20, 12, 0, 3, 7, 0, 6, 14, 31, 40, 44, 66, 61, 86, 77, 90, 111, 107, 119, 123, 124, 120, 122, 120, 95, 90, 92]"
Linear,10,exact_guidance_u,218,0,84,83,"[129, 59, 82, 89, 95, 104, 120, 118, 127, 127, 127, 120, 118, 107, 109, 101, 102, 82, 70, 61, 61, 44, 32, 16, 21, 12, 0, 1, 2, 7, 11, 15, 24, 33, 45, 70, 82, 89, 100, 105, 112, 111, 126, 126, 127, 127, 122, 108, 96, 91, 79, 59, 76, 53, 46, 41, 24, 20, 12, 0, 3, 7, 0, 6, 14, 31, 40, 44, 66, 61, 86, 77, 90, 111, 107, 119, 123, 124, 120, 122, 120, 95, 90, 92]","[59, 82, 89, 95, 104, 120, 118, 127, 127, 127, 120, 118, 107, 109, 101, 102, 82, 70, 61, 61, 44, 32, 16, 21, 12, 0, 1, 2, 7, 11, 15, 24, 33, 45, 70, 82, 89, 100, 105, 112, 111, 126, 126, 127, 127, 122, 108, 96, 91, 79, 59, 76, 53, 46, 41, 24, 20, 12, 0, 3, 7, 0, 6, 14, 31, 40, 44, 66, 61, 86, 77, 90, 111, 107, 119, 123, 124, 120, 122, 120, 95, 90, 92]"
Linear,10,exact_guidance_u,219,0,84,83,"[129, 59, 82, 89, 95, 104, 120, 118, 127, 127, 127, 120, 118, 107, 109, 101, 102, 82, 70, 61, 61, 44, 32, 16, 21, 12, 0, 1, 2, 7, 11, 15, 24, 33, 45, 70, 82, 89, 100, 105, 112, 111, 126, 126, 127, 127, 122, 108, 96, 91, 79, 59, 76, 53, 46, 41, 24, 20, 12, 0, 3, 7, 0, 6, 14, 31, 40, 44, 66, 61, 86, 77, 90, 111, 107, 119, 123, 124, 120, 122, 120, 95, 90, 92]","[59, 82, 89, 95, 104, 120, 118, 127, 127, 127, 120, 118, 107, 109, 101, 102, 82, 70, 61, 61, 44, 32, 16, 21, 12, 0, 1, 2, 7, 11, 15, 24, 33, 45, 70, 82, 89, 100, 105, 112, 111, 126, 126, 127, 127, 122, 108, 96, 91, 79, 59, 76, 53, 46, 41, 24, 20, 12, 0, 3, 7, 0, 6, 14, 31, 40, 44, 66, 61, 86, 77, 90, 111, 107, 119, 123, 124, 120, 122, 120, 95, 90, 92]"
Linear,10,exact_guidance_u,220,0,84,83,"[129, 59, 82, 89, 95, 104, 120, 118, 127, 127, 127, 120, 118, 107, 109, 101, 102, 82, 70, 61, 61, 44, 32, 16, 21, 12, 0, 1, 2, 7, 11, 15, 24, 33, 45, 70, 82, 89, 100, 105, 112, 111, 126, 126, 127, 127, 122, 108, 96, 91, 79, 59, 76, 53, 46, 41, 24, 20, 12, 0, 3, 7, 0, 6, 14, 31, 40, 44, 66, 61, 86, 77, 90, 111, 107, 119, 123, 124, 120, 122, 120, 95, 90, 92]","[59, 82, 89, 95, 104, 120, 118, 127, 127, 127, 120, 118, 107, 109, 101, 102, 82, 70, 61, 61, 44, 32, 16, 21, 12, 0, 1, 2, 7, 11, 15, 24, 33, 45, 70, 82, 89, 100, 105, 112, 111, 126, 126, 127, 127, 122, 108, 96, 91, 79, 59, 76, 53, 46, 41, 24, 20, 12, 0, 3, 7, 0, 6, 14, 31, 40, 44, 66, 61, 86, 77, 90, 111, 107, 119, 123, 124, 120, 122, 120, 95, 90, 92]"
Linear,10,exact_guidance_u,221,0,84,83,"[129, 59, 82, 89, 95, 104, 120, 118, 127, 127, 127, 120, 118, 107, 109, 101, 102, 82, 70, 61, 61, 44, 32, 16, 21, 12, 0, 1, 2, 7, 11, 15, 24, 33, 45, 70, 82, 89, 100, 105, 112, 111, 126, 126, 127, 127, 122, 108, 96, 91, 79, 59, 76, 53, 46, 41, 24, 20, 12, 0, 3, 7, 0, 6, 14, 31, 40, 44, 66, 61, 86, 77, 90, 111, 107, 119, 123, 124, 120, 122, 120, 95, 90, 92]","[59, 82, 89, 95, 104, 120, 118, 127, 127, 127, 120, 118, 107, 109, 101, 102, 82, 70, 61, 61, 44, 32, 16, 21, 12, 0, 1, 2, 7, 11, 15, 24, 33, 45, 70, 82, 89, 100, 105, 112, 111, 126, 126, 127, 127, 122, 108, 96, 91, 79, 59, 76, 53, 46, 41, 24, 20, 12, 0, 3, 7, 0, 6, 14, 31, 40, 44, 66, 61, 86, 77, 90, 111, 107, 119, 123, 124, 120, 122, 120, 95, 90, 92]"
Linear,10,exact_guidance_u,222,0,84,83,"[129, 59, 82, 89, 95, 104, 120, 118, 127, 127, 127, 120, 118, 107, 109, 101, 102, 82, 70, 61, 61, 44, 32, 16, 21, 12, 0, 1, 2, 7, 11, 15, 24, 33, 45, 70, 82, 89, 100, 105, 112, 111, 126, 126, 127, 127, 122, 108, 96, 91, 79, 59, 76, 53, 46, 41, 24, 20, 12, 0, 3, 7, 0, 6, 14, 31, 40, 44, 66, 61, 86, 77, 90, 111, 107, 119, 123, 124, 120, 122, 120, 95, 90, 92]","[59, 82, 89, 95, 104, 120, 118, 127, 127, 127, 120, 118, 107, 109, 101, 102, 82, 70, 61, 61, 44, 32, 16, 21, 12, 0, 1, 2, 7, 11, 15, 24, 33, 45, 70, 82, 89, 100, 105, 112, 111, 126, 126, 127, 127, 122, 108, 96, 91, 79, 59, 76, 53, 46, 41, 24, 20, 12, 0, 3, 7, 0, 6, 14, 31, 40, 44, 66, 61, 86, 77, 90, 111, 107, 119, 123, 124, 120, 122, 120, 95, 90, 92]"
Linear,10,exact_guidance_u,223,0,84,83,"[129, 59, 82, 89, 95, 104, 120, 118, 127, 127, 127, 120, 118, 107, 109, 101, 102, 82, 70, 61, 61, 44, 32, 16, 21, 12, 0, 1, 2, 7, 11, 15, 24, 33, 45, 70, 82, 89, 100, 105, 112, 111, 126, 126, 127, 127, 122, 108, 96, 91, 79, 59, 76, 53, 46, 41, 24, 20, 12, 0, 3, 7, 0, 6, 14, 31, 40, 44, 66, 61, 86, 77, 90, 111, 107, 119, 123, 124, 120, 122, 120, 95, 90, 92]","[59, 82, 89, 95, 104, 120, 118, 127, 127, 127, 120, 118, 107, 109, 101, 102, 82, 70, 61, 61, 44, 32, 16, 21, 12, 0, 1, 2, 7, 11, 15, 24, 33, 45, 70, 82, 89, 100, 105, 112, 111, 126, 126, 127, 127, 122, 108, 96, 91, 79, 59, 76, 53, 46, 41, 24, 20, 12, 0, 3, 7, 0, 6, 14, 31, 40, 44, 66, 61, 86, 77, 90, 111, 107, 119, 123, 124, 120, 122, 120, 95, 90, 92]"
Linear,10,exact_guidance_u,224,0,84,83,"[129, 59, 82, 89, 95, 104, 120, 118, 127, 127, 127, 120, 118, 107, 109, 101, 102, 82, 70, 61, 61, 44, 32, 16, 21, 12, 0, 1, 2, 7, 11, 15, 24, 33, 45, 70, 82, 89, 100, 105, 112, 111, 126, 126, 127, 127, 122, 108, 96, 91, 79, 59, 76, 53, 46, 41, 24, 20, 12, 0, 3, 7, 0, 6, 14, 31, 40, 44, 66, 61, 86, 77, 90, 111, 107, 119, 123, 124, 120, 122, 120, 95, 90, 92]","[59, 82, 89, 95, 104, 120, 118, 127, 127, 127, 120, 118, 107, 109, 101, 102, 82, 70, 61, 61, 44, 32, 16, 21, 12, 0, 1, 2, 7, 11, 15, 24, 33, 45, 70, 82, 89, 100, 105, 112, 111, 126, 126, 127, 127, 122, 108, 96, 91, 79, 59, 76, 53, 46, 41, 24, 20, 12, 0, 3, 7, 0, 6, 14, 31, 40, 44, 66, 61, 86, 77, 90, 111, 107, 119, 123, 124, 120, 122, 120, 95, 90, 92]"
Linear,10,exact_guidance_u,225,0,84,83,"[129, 59, 82, 89, 95, 104, 120, 118, 127, 127, 127, 120, 118, 107, 109, 101, 102, 82, 70, 61, 61, 44, 32, 16, 21, 12, 0, 1, 2, 7, 11, 15, 24, 33, 45, 70, 82, 89, 100, 105, 112, 111, 126, 126, 127, 127, 122, 108, 96, 91, 79, 59, 76, 53, 46, 41, 24, 20, 12, 0, 3, 7, 0, 6, 14, 31, 40, 44, 66, 61, 86, 77, 90, 111, 107, 119, 123, 124, 120, 122, 120, 95, 90, 92]","[59, 82, 89, 95, 104, 120, 118, 127, 127, 127, 120, 118, 107, 109, 101, 102, 82, 70, 61, 61, 44, 32, 16, 21, 12, 0, 1, 2, 7, 11, 15, 24, 33, 45, 70, 82, 89, 100, 105, 112, 111, 126, 126, 127, 127, 122, 108, 96, 91, 79, 59, 76, 53, 46, 41, 24, 20, 12, 0, 3, 7, 0, 6, 14, 31, 40, 44, 66, 61, 86, 77, 90, 111, 107, 119, 123, 124, 120, 122, 120, 95, 90, 92]"
Linear,10,exact_guidance_u,226,0,84,83,"[129, 59, 82, 89, 95, 104, 120, 118, 127, 127, 127, 120, 118, 107, 109, 101, 102, 82, 70, 61, 61, 44, 32, 16, 21, 12, 0, 1, 2, 7, 11, 15, 24, 33, 45, 70, 82, 89, 100, 105, 112, 111, 126, 126, 127, 127, 122, 108, 96, 91, 79, 59, 76, 53, 46, 41, 24, 20, 12, 0, 3, 7, 0, 6, 14, 31, 40, 44, 66, 61, 86, 77, 90, 111, 107, 119, 123, 124, 120, 122, 120, 95, 90, 92]","[59, 82, 89, 95, 104, 120, 118, 127, 127, 127, 120, 118, 107, 109, 101, 102, 82, 70, 61, 61, 44, 32, 16, 21, 12, 0, 1, 2, 7, 11, 15, 24, 33, 45, 70, 82, 89, 100, 105, 112, 111, 126, 126, 127, 127, 122, 108, 96, 91, 79, 59, 76, 53, 46, 41, 24, 20, 12, 0, 3, 7, 0, 6, 14, 31, 40, 44, 66, 61, 86, 77, 90, 111, 107, 119, 123, 124, 120, 122, 120, 95, 90, 92]"
Linear,10,exact_guidance_u,227,0,85,84,"[129, 59, 82, 89, 95, 104, 120, 118, 127, 127, 127, 120, 118, 107, 109, 101, 102, 82, 70, 61, 61, 44, 32, 16, 21, 12, 0, 1, 2, 7, 11, 15, 24, 33, 45, 70, 82, 89, 100, 105, 112, 111, 126, 126, 127, 127, 122, 114, 108, 96, 91, 79, 59, 76, 53, 46, 41, 24, 20, 12, 0, 3, 7, 0, 6, 14, 31, 40, 44, 66, 61, 86, 77, 90, 111, 107, 119, 123, 124, 120, 122, 120, 95, 90, 92]","[59, 82, 89, 95, 104, 120, 118, 127, 127, 127, 120, 118, 107, 109, 101, 102, 82, 70, 61, 61, 44, 32, 16, 21, 12, 0, 1, 2, 7, 11, 15, 24, 33, 45, 70, 82, 89, 100, 105, 112, 111, 126, 126, 127, 127, 122, 114, 108, 96, 91, 79, 59, 76, 53, 46, 41, 24, 20, 12, 0, 3, 7, 0, 6, 14, 31, 40, 44, 66, 61, 86, 77, 90, 111, 107, 119, 123, 124, 120, 122, 120, 95, 90, 92]"
Linear,10,exact_guidance_u,228,0,85,84,"[129, 59, 82, 89, 95, 104, 120, 118, 127, 127, 127, 120, 118, 107, 109, 101, 102, 82, 70, 61, 61, 44, 32, 16, 21, 12, 0, 1, 2, 7, 11, 15, 24, 33, 45, 70, 82, 89, 100, 105, 112, 111, 126, 126, 127, 127, 122, 114, 108, 96, 91, 79, 59, 76, 53, 46, 41, 24, 20, 12, 0, 3, 7, 0, 6, 14, 31, 40, 44, 66, 61, 86, 77, 90, 111, 107, 119, 123, 124, 120, 122, 120, 95, 90, 92]","[59, 82, 89, 95, 104, 120, 118, 127, 127, 127, 120, 118, 107, 109, 101, 102, 82, 70, 61, 61, 44, 32, 16, 21, 12, 0, 1, 2, 7, 11, 15, 24, 33, 45, 70, 82, 89, 100, 105, 112, 111, 126, 126, 127, 127, 122, 114, 108, 96, 91, 79, 59, 76, 53, 46, 41, 24, 20, 12, 0, 3, 7, 0, 6, 14, 31, 40, 44, 66, 61, 86, 77, 90, 111, 107, 119, 123, 124, 120, 122, 120, 95, 90, 92]"
Linear,10,exact_guidance_u,229,0,85,84,"[129, 59, 82, 89, 95, 104, 120, 118, 127, 127, 127, 120, 118, 107, 109, 101, 102, 82, 70, 61, 61, 44, 32, 16, 21, 12, 0, 1, 2, 7, 11, 15, 24, 33, 45, 70, 82, 89, 100, 105, 112, 111, 126, 126, 127, 127, 122, 114, 108, 96, 91, 79, 59, 76, 53, 46, 41, 24, 20, 12, 0, 3, 7, 0, 6, 14, 31, 40, 44, 66, 61, 86, 77, 90, 111, 107, 119, 123, 124, 120, 122, 120, 95, 90, 92]","[59, 82, 89, 95, 104, 120, 118, 127, 127, 127, 120, 118, 107, 109, 101, 102, 82, 70, 61, 61, 44, 32, 16, 21, 12, 0, 1, 2, 7, 11, 15, 24, 33, 45, 70, 82, 89, 100, 105, 112, 111, 126, 126, 127, 127, 122, 114, 108, 96, 91, 79, 59, 76, 53, 46, 41, 24, 20, 12, 0, 3, 7, 0, 6, 14, 31, 40, 44, 66, 61, 86, 77, 90, 111, 107, 119, 123, 124, 120, 122, 120, 95, 90, 92]"
Linear,10,exact_guidance_u,230,0,85,84,"[129, 59, 82, 89, 95, 104, 120, 118, 127, 127, 127, 120, 118, 107, 109, 101, 102, 82, 70, 61, 61, 44, 32, 16, 21, 12, 0, 1, 2, 7, 11, 15, 24, 33, 45, 70, 82, 89, 100, 105, 112, 111, 126, 126, 127, 127, 122, 114, 108, 96, 91, 79, 59, 76, 53, 46, 41, 24, 20, 12, 0, 3, 7, 0, 6, 14, 31, 40, 44, 66, 61, 86, 77, 90, 111, 107, 119, 123, 124, 120, 122, 120, 95, 90, 92]","[59, 82, 89, 95, 104, 120, 118, 127, 127, 127, 120, 118, 107, 109, 101, 102, 82, 70, 61, 61, 44, 32, 16, 21, 12, 0, 1, 2, 7, 11, 15, 24, 33, 45, 70, 82, 89, 100, 105, 112, 111, 126, 126, 127, 127, 122, 114, 108, 96, 91, 79, 59, 76, 53, 46, 41, 24, 20, 12, 0, 3, 7, 0, 6, 14, 31, 40, 44, 66, 61, 86, 77, 90, 111, 107, 119, 123, 124, 120, 122, 120, 95, 90, 92]"
Linear,10,exact_guidance_u,231,0,85,84,"[129, 59, 82, 89, 95, 104, 120, 118, 127, 127, 127, 120, 118, 107, 109, 101, 102, 82, 70, 61, 61, 44, 32, 16, 21, 12, 0, 1, 2, 7, 11, 15, 24, 33, 45, 70, 82, 89, 100, 105, 112, 111, 126, 126, 127, 127, 122, 114, 108, 96, 91, 79, 59, 76, 53, 46, 41, 24, 20, 12, 0, 3, 7, 0, 6, 14, 31, 40, 44, 66, 61, 86, 77, 90, 111, 107, 119, 123, 124, 120, 122, 120, 95, 90, 92]","[59, 82, 89, 95, 104, 120, 118, 127, 127, 127, 120, 118, 107, 109, 101, 102, 82, 70, 61, 61, 44, 32, 16, 21, 12, 0, 1, 2, 7, 11, 15, 24, 33, 45, 70, 82, 89, 100, 105, 112, 111, 126, 126, 127, 127, 122, 114, 108, 96, 91, 79, 59, 76, 53, 46, 41, 24, 20, 12, 0, 3, 7, 0, 6, 14, 31, 40, 44, 66, 61, 86, 77, 90, 111, 107, 119, 123, 124, 120, 122, 120, 95, 90, 92]"
Linear,10,exact_guidance_u,232,0,85,84,"[129, 59, 82, 89, 95, 104, 120, 118, 127, 127, 127, 120, 118, 107, 109, 101, 102, 82, 70, 61, 61, 44, 32, 16, 21, 12, 0, 1, 2, 7, 11, 15, 24, 33, 45, 70, 82, 89, 100, 105, 112, 111, 126, 126, 127, 127, 122, 114, 108, 96, 91, 79, 59, 76, 53, 46, 41, 24, 20, 12, 0, 3, 7, 0, 6, 14, 31, 40, 44, 66, 61, 86, 77, 90, 111, 107, 119, 123, 124, 120, 122, 120, 95, 90, 92]","[59, 82, 89, 95, 104, 120, 118, 127, 127, 127, 120, 118, 107, 109, 101, 102, 82, 70, 61, 61, 44, 32, 16, 21, 12, 0, 1, 2, 7, 11, 15, 24, 33, 45, 70, 82, 89, 100, 105, 112, 111, 126, 126, 127, 127, 122, 114, 108, 96, 91, 79, 59, 76, 53, 46, 41, 24, 20, 12, 0, 3, 7, 0, 6, 14, 31, 40, 44, 66, 61, 86, 77, 90, 111, 107, 119, 123, 124, 120, 122, 120, 95, 90, 92]"
Linear,10,exact_guidance_u,233,0,85,84,"[129, 59, 82, 89, 95, 104, 120, 118, 127, 127, 127, 120, 118, 107, 109, 101, 102, 82, 70, 61, 61, 44, 32, 16, 21, 12, 0, 1, 2, 7, 11, 15, 24, 33, 45, 70, 82, 89, 100, 105, 112, 111, 126, 126, 127, 127, 122, 114, 108, 96, 91, 79, 59, 76, 53, 46, 41, 24, 20, 12, 0, 3, 7, 0, 6, 14, 31, 40, 44, 66, 61, 86, 77, 90, 111, 107, 119, 123, 124, 120, 122, 120, 95, 90, 92]","[59, 82, 89, 95, 104, 120, 118, 127, 127, 127, 120, 118, 107, 109, 101, 102, 82, 70, 61, 61, 44, 32, 16, 21, 12, 0, 1, 2, 7, 11, 15, 24, 33, 45, 70, 82, 89, 100, 105, 112, 111, 126, 126, 127, 127, 122, 114, 108, 96, 91, 79, 59, 76, 53, 46, 41, 24, 20, 12, 0, 3, 7, 0, 6, 14, 31, 40, 44, 66, 61, 86, 77, 90, 111, 107, 119, 123, 124, 120, 122, 120, 95, 90, 92]"
Linear,10,exact_guidance_u,234,0,85,84,"[129, 59, 82, 89, 95, 104, 120, 118, 127, 127, 127, 120, 118, 107, 109, 101, 102, 82, 70, 61, 61, 44, 32, 16, 21, 12, 0, 1, 2, 7, 11, 15, 24, 33, 45, 70, 82, 89, 100, 105, 112, 111, 126, 126, 127, 127, 122, 114, 108, 96, 91, 79, 59, 76, 53, 46, 41, 24, 20, 12, 0, 3, 7, 0, 6, 14, 31, 40, 44, 66, 61, 86, 77, 90, 111, 107, 119, 123, 124, 120, 122, 120, 95, 90, 92]","[59, 82, 89, 95, 104, 120, 118, 127, 127, 127, 120, 118, 107, 109, 101, 102, 82, 70, 61, 61, 44, 32, 16, 21, 12, 0, 1, 2, 7, 11, 15, 24, 33, 45, 70, 82, 89, 100, 105, 112, 111, 126, 126, 127, 127, 122, 114, 108, 96, 91, 79, 59, 76, 53, 46, 41, 24, 20, 12, 0, 3, 7, 0, 6, 14, 31, 40, 44, 66, 61, 86, 77, 90, 111, 107, 119, 123, 124, 120, 122, 120, 95, 90, 92]"
Linear,10,exact_guidance_u,235,0,85,84,"[129, 59, 82, 89, 95, 104, 120, 118, 127, 127, 127, 120, 118, 107, 109, 101, 102, 82, 70, 61, 61, 44, 32, 16, 21, 12, 0, 1, 2, 7, 11, 15, 24, 33, 45, 70, 82, 89, 100, 105, 112, 111, 126, 126, 127, 127, 122, 114, 108, 96, 91, 79, 59, 76, 53, 46, 41, 24, 20, 12, 0, 3, 7, 0, 6, 14, 31, 40, 44, 66, 61, 86, 77, 90, 111, 107, 119, 123, 124, 120, 122, 120, 95, 90, 92]","[59, 82, 89, 95, 104, 120, 118, 127, 127, 127, 120, 118, 107, 109, 101, 102, 82, 70, 61, 61, 44, 32, 16, 21, 12, 0, 1, 2, 7, 11, 15, 24, 33, 45, 70, 82, 89, 100, 105, 112, 111, 126, 126, 127, 127, 122, 114, 108, 96, 91, 79, 59, 76, 53, 46, 41, 24, 20, 12, 0, 3, 7, 0, 6, 14, 31, 40, 44, 66, 61, 86, 77, 90, 111, 107, 119, 123, 124, 120, 122, 120, 95, 90, 92]"
Linear,10,exact_guidance_u,236,0,85,84,"[129, 59, 82, 89, 95, 104, 120, 118, 127, 127, 127, 120, 118, 107, 109, 101, 102, 82, 70, 61, 61, 44, 32, 16, 21, 12, 0, 1, 2, 7, 11, 15, 24, 33, 45, 70, 82, 89, 100, 105, 112, 111, 126, 126, 127, 127, 122, 114, 108, 96, 91, 79, 59, 76, 53, 46, 41, 24, 20, 12, 0, 3, 7, 0, 6, 14, 31, 40, 44, 66, 61, 86, 77, 90, 111, 107, 119, 123, 124, 120, 122, 120, 95, 90, 92]","[59, 82, 89, 95, 104, 120, 118, 127, 127, 127, 120, 118, 107, 109, 101, 102, 82, 70, 61, 61, 44, 32, 16, 21, 12, 0, 1, 2, 7, 11, 15, 24, 33, 45, 70, 82, 89, 100, 105, 112, 111, 126, 126, 127, 127, 122, 114, 108, 96, 91, 79, 59, 76, 53, 46, 41, 24, 20, 12, 0, 3, 7, 0, 6, 14, 31, 40, 44, 66, 61, 86, 77, 90, 111, 107, 119, 123, 124, 120, 122, 120, 95, 90, 92]"
Linear,10,exact_guidance_u,237,0,85,84,"[129, 59, 82, 89, 95, 104, 120, 118, 127, 127, 127, 120, 118, 107, 109, 101, 102, 82, 70, 61, 61, 44, 32, 16, 21, 12, 0, 1, 2, 7, 11, 15, 24, 33, 45, 70, 82, 89, 100, 105, 112, 111, 126, 126, 127, 127, 122, 114, 108, 96, 91, 79, 59, 76, 53, 46, 41, 24, 20, 12, 0, 3, 7, 0, 6, 14, 31, 40, 44, 66, 61, 86, 77, 90, 111, 107, 119, 123, 124, 120, 122, 120, 95, 90, 92]","[59, 82, 89, 95, 104, 120, 118, 127, 127, 127, 120, 118, 107, 109, 101, 102, 82, 70, 61, 61, 44, 32, 16, 21, 12, 0, 1, 2, 7, 11, 15, 24, 33, 45, 70, 82, 89, 100, 105, 112, 111, 126, 126, 127, 127, 122, 114, 108, 96, 91, 79, 59, 76, 53, 46, 41, 24, 20, 12, 0, 3, 7, 0, 6, 14, 31, 40, 44, 66, 61, 86, 77, 90, 111, 107, 119, 123, 124, 120, 122, 120, 95, 90, 92]"
Linear,10,exact_guidance_u,238,0,85,84,"[129, 59, 82, 89, 95, 104, 120, 118, 127, 127, 127, 120, 118, 107, 109, 101, 102, 82, 70, 61, 61, 44, 32, 16, 21, 12, 0, 1, 2, 7, 11, 15, 24, 33, 45, 70, 82, 89, 100, 105, 112, 111, 126, 126, 127, 127, 122, 114, 108, 96, 91, 79, 59, 76, 53, 46, 41, 24, 20, 12, 0, 3, 7, 0, 6, 14, 31, 40, 44, 66, 61, 86, 77, 90, 111, 107, 119, 123, 124, 120, 122, 120, 95, 90, 92]","[59, 82, 89, 95, 104, 120, 118, 127, 127, 127, 120, 118, 107, 109, 101, 102, 82, 70, 61, 61, 44, 32, 16, 21, 12, 0, 1, 2, 7, 11, 15, 24, 33, 45, 70, 82, 89, 100, 105, 112, 111, 126, 126, 127, 127, 122, 114, 108, 96, 91, 79, 59, 76, 53, 46, 41, 24, 20, 12, 0, 3, 7, 0, 6, 14, 31, 40, 44, 66, 61, 86, 77, 90, 111, 107, 119, 123, 124, 120, 122, 120, 95, 90, 92]"
Linear,10,exact_guidance_u,239,0,85,84,"[129, 59, 82, 89, 95, 104, 120, 118, 127, 127, 127, 120, 118, 107, 109, 101, 102, 82, 70, 61, 61, 44, 32, 16, 21, 12, 0, 1, 2, 7, 11, 15, 24, 33, 45, 70, 82, 89, 100, 105, 112, 111, 126, 126, 127, 127, 122, 114, 108, 96, 91, 79, 59, 76, 53, 46, 41, 24, 20, 12, 0, 3, 7, 0, 6, 14, 31, 40, 44, 66, 61, 86, 77, 90, 111, 107, 119, 123, 124, 120, 122, 120, 95, 90, 92]","[59, 82, 89, 95, 104, 120, 118, 127, 127, 127, 120, 118, 107, 109, 101, 102, 82, 70, 61, 61, 44, 32, 16, 21, 12, 0, 1, 2, 7, 11, 15, 24, 33, 45, 70, 82, 89, 100, 105, 112, 111, 126, 126, 127, 127, 122, 114, 108, 96, 91, 79, 59, 76, 53, 46, 41, 24, 20, 12, 0, 3, 7, 0, 6, 14, 31, 40, 44, 66, 61, 86, 77, 90, 111, 107, 119, 123, 124, 120, 122, 120, 95, 90, 92]"
Linear,10,exact_guidance_u,240,0,85,84,"[129, 59, 82, 89, 95, 104, 120, 118, 127, 127, 127, 120, 118, 107, 109, 101, 102, 82, 70, 61, 61, 44, 32, 16, 21, 12, 0, 1, 2, 7, 11, 15, 24, 33, 45, 70, 82, 89, 100, 105, 112, 111, 126, 126, 127, 127, 122, 114, 108, 96, 91, 79, 59, 76, 53, 46, 41, 24, 20, 12, 0, 3, 7, 0, 6, 14, 31, 40, 44, 66, 61, 86, 77, 90, 111, 107, 119, 123, 124, 120, 122, 120, 95, 90, 92]","[59, 82, 89, 95, 104, 120, 118, 127, 127, 127, 120, 118, 107, 109, 101, 102, 82, 70, 61, 61, 44, 32, 16, 21, 12, 0, 1, 2, 7, 11, 15, 24, 33, 45, 70, 82, 89, 100, 105, 112, 111, 126, 126, 127, 127, 122, 114, 108, 96, 91, 79, 59, 76, 53, 46, 41, 24, 20, 12, 0, 3, 7, 0, 6, 14, 31, 40, 44, 66, 61, 86, 77, 90, 111, 107, 119, 123, 124, 120, 122, 120, 95, 90, 92]"
Linear,10,exact_guidance_u,241,0,86,85,"[129, 59, 82, 89, 95, 104, 120, 118, 127, 127, 127, 120, 118, 107, 109, 101, 102, 82, 70, 61, 61, 44, 32, 16, 21, 12, 0, 1, 2, 7, 11, 15, 24, 33, 45, 70, 82, 89, 100, 105, 112, 111, 126, 126, 127, 127, 122, 114, 108, 96, 91, 79, 59, 76, 53, 46, 41, 24, 20, 12, 0, 3, 7, 0, 6, 19, 14, 31, 40, 44, 66, 61, 86, 77, 90, 111, 107, 119, 123, 124, 120, 122, 120, 95, 90, 92]","[59, 82, 89, 95, 104, 120, 118, 127, 127, 127, 120, 118, 107, 109, 101, 102, 82, 70, 61, 61, 44, 32, 16, 21, 12, 0, 1, 2, 7, 11, 15, 24, 33, 45, 70, 82, 89, 100, 105, 112, 111, 126, 126, 127, 127, 122, 114, 108, 96, 91, 79, 59, 76, 53, 46, 41, 24, 20, 12, 0, 3, 7, 0, 6, 19, 14, 31, 40, 44, 66, 61, 86, 77, 90, 111, 107, 119, 123, 124, 120, 122, 120, 95, 90, 92]"
Linear,10,exact_guidance_u,242,0,86,85,"[129, 59, 82, 89, 95, 104, 120, 118, 127, 127, 127, 120, 118, 107, 109, 101, 102, 82, 70, 61, 61, 44, 32, 16, 21, 12, 0, 1, 2, 7, 11, 15, 24, 33, 45, 70, 82, 89, 100, 105, 112, 111, 126, 126, 127, 127, 122, 114, 108, 96, 91, 79, 59, 76, 53, 46, 41, 24, 20, 12, 0, 3, 7, 0, 6, 19, 14, 31, 40, 44, 66, 61, 86, 77, 90, 111, 107, 119, 123, 124, 120, 122, 120, 95, 90, 92]","[59, 82, 89, 95, 104, 120, 118, 127, 127, 127, 120, 118, 107, 109, 101, 102, 82, 70, 61, 61, 44, 32, 16, 21, 12, 0, 1, 2, 7, 11, 15, 24, 33, 45, 70, 82, 89, 100, 105, 112, 111, 126, 126, 127, 127, 122, 114, 108, 96, 91, 79, 59, 76, 53, 46, 41, 24, 20, 12, 0, 3, 7, 0, 6, 19, 14, 31, 40, 44, 66, 61, 86, 77, 90, 111, 107, 119, 123, 124, 120, 122, 120, 95, 90, 92]"
Linear,10,exact_guidance_u,243,0,86,85,"[129, 59, 82, 89, 95, 104, 120, 118, 127, 127, 127, 120, 118, 107, 109, 101, 102, 82, 70, 61, 61, 44, 32, 16, 21, 12, 0, 1, 2, 7, 11, 15, 24, 33, 45, 70, 82, 89, 100, 105, 112, 111, 126, 126, 127, 127, 122, 114, 108, 96, 91, 79, 59, 76, 53, 46, 41, 24, 20, 12, 0, 3, 7, 0, 6, 19, 14, 31, 40, 44, 66, 61, 86, 77, 90, 111, 107, 119, 123, 124, 120, 122, 120, 95, 90, 92]","[59, 82, 89, 95, 104, 120, 118, 127, 127, 127, 120, 118, 107, 109, 101, 102, 82, 70, 61, 61, 44, 32, 16, 21, 12, 0, 1, 2, 7, 11, 15, 24, 33, 45, 70, 82, 89, 100, 105, 112, 111, 126, 126, 127, 127, 122, 114, 108, 96, 91, 79, 59, 76, 53, 46, 41, 24, 20, 12, 0, 3, 7, 0, 6, 19, 14, 31, 40, 44, 66, 61, 86, 77, 90, 111, 107, 119, 123, 124, 120, 122, 120, 95, 90, 92]"
Linear,10,exact_guidance_u,244,0,86,85,"[129, 59, 82, 89, 95, 104, 120, 118, 127, 127, 127, 120, 118, 107, 109, 101, 102, 82, 70, 61, 61, 44, 32, 16, 21, 12, 0, 1, 2, 7, 11, 15, 24, 33, 45, 70, 82, 89, 100, 105, 112, 111, 126, 126, 127, 127, 122, 114, 108, 96, 91, 79, 59, 76, 53, 46, 41, 24, 20, 12, 0, 3, 7, 0, 6, 19, 14, 31, 40, 44, 66, 61, 86, 77, 90, 111, 107, 119, 123, 124, 120, 122, 120, 95, 90, 92]","[59, 82, 89, 95, 104, 120, 118, 127, 127, 127, 120, 118, 107, 109, 101, 102, 82, 70, 61, 61, 44, 32, 16, 21, 12, 0, 1, 2, 7, 11, 15, 24, 33, 45, 70, 82, 89, 100, 105, 112, 111, 126, 126, 127, 127, 122, 114, 108, 96, 91, 79, 59, 76, 53, 46, 41, 24, 20, 12, 0, 3, 7, 0, 6, 19, 14, 31, 40, 44, 66, 61, 86, 77, 90, 111, 107, 119, 123, 124, 120, 122, 120, 95, 90, 92]"
Linear,10,exact_guidance_u,245,0,86,85,"[129, 59, 82, 89, 95, 104, 120, 118, 127, 127, 127, 120, 118, 107, 109, 101, 102, 82, 70, 61, 61, 44, 32, 16, 21, 12, 0, 1, 2, 7, 11, 15, 24, 33, 45, 70, 82, 89, 100, 105, 112, 111, 126, 126, 127, 127, 122, 114, 108, 96, 91, 79, 59, 76, 53, 46, 41, 24, 20, 12, 0, 3, 7, 0, 6, 19, 14, 31, 40, 44, 66, 61, 86, 77, 90, 111, 107, 119, 123, 124, 120, 122, 120, 95, 90, 92]","[59, 82, 89, 95, 104, 120, 118, 127, 127, 127, 120, 118, 107, 109, 101, 102, 82, 70, 61, 61, 44, 32, 16, 21, 12, 0, 1, 2, 7, 11, 15, 24, 33, 45, 70, 82, 89, 100, 105, 112, 111, 126, 126, 127, 127, 122, 114, 108, 96, 91, 79, 59, 76, 53, 46, 41, 24, 20, 12, 0, 3, 7, 0, 6, 19, 14, 31, 40, 44, 66, 61, 86, 77, 90, 111, 107, 119, 123, 124, 120, 122, 120, 95, 90, 92]"
Linear,10,exact_guidance_u,246,0,86,85,"[129, 59, 82, 89, 95, 104, 120, 118, 127, 127, 127, 120, 118, 107, 109, 101, 102, 82, 70, 61, 61, 44, 32, 16, 21, 12, 0, 1, 2, 7, 11, 15, 24, 33, 45, 70, 82, 89, 100, 105, 112, 111, 126, 126, 127, 127, 122, 114, 108, 96, 91, 79, 59, 76, 53, 46, 41, 24, 20, 12, 0, 3, 7, 0, 6, 19, 14, 31, 40, 44, 66, 61, 86, 77, 90, 111, 107, 119, 123, 124, 120, 122, 120, 95, 90, 92]","[59, 82, 89, 95, 104, 120, 118, 127, 127, 127, 120, 118, 107, 109, 101, 102, 82, 70, 61, 61, 44, 32, 16, 21, 12, 0, 1, 2, 7, 11, 15, 24, 33, 45, 70, 82, 89, 100, 105, 112, 111, 126, 126, 127, 127, 122, 114, 108, 96, 91, 79, 59, 76, 53, 46, 41, 24, 20, 12, 0, 3, 7, 0, 6, 19, 14, 31, 40, 44, 66, 61, 86, 77, 90, 111, 107, 119, 123, 124, 120, 122, 120, 95, 90, 92]"
Linear,10,exact_guidance_u,247,0,86,85,"[129, 59, 82, 89, 95, 104, 120, 118, 127, 127, 127, 120, 118, 107, 109, 101, 102, 82, 70, 61, 61, 44, 32, 16, 21, 12, 0, 1, 2, 7, 11, 15, 24, 33, 45, 70, 82, 89, 100, 105, 112, 111, 126, 126, 127, 127, 122, 114, 108, 96, 91, 79, 59, 76, 53, 46, 41, 24, 20, 12, 0, 3, 7, 0, 6, 19, 14, 31, 40, 44, 66, 61, 86, 77, 90, 111, 107, 119, 123, 124, 120, 122, 120, 95, 90, 92]","[59, 82, 89, 95, 104, 120, 118, 127, 127, 127, 120, 118, 107, 109, 101, 102, 82, 70, 61, 61, 44, 32, 16, 21, 12, 0, 1, 2, 7, 11, 15, 24, 33, 45, 70, 82, 89, 100, 105, 112, 111, 126, 126, 127, 127, 122, 114, 108, 96, 91, 79, 59, 76, 53, 46, 41, 24, 20, 12, 0, 3, 7, 0, 6, 19, 14, 31, 40, 44, 66, 61, 86, 77, 90, 111, 107, 119, 123, 124, 120, 122, 120, 95, 90, 92]"
Linear,10,exact_guidance_u,248,0,86,85,"[129, 59, 82, 89, 95, 104, 120, 118, 127, 127, 127, 120, 118, 107, 109, 101, 102, 82, 70, 61, 61, 44, 32, 16, 21, 12, 0, 1, 2, 7, 11, 15, 24, 33, 45, 70, 82, 89, 100, 105, 112, 111, 126, 126, 127, 127, 122, 114, 108, 96, 91, 79, 59, 76, 53, 46, 41, 24, 20, 12, 0, 3, 7, 0, 6, 19, 14, 31, 40, 44, 66, 61, 86, 77, 90, 111, 107, 119, 123, 124, 120, 122, 120, 95, 90, 92]","[59, 82, 89, 95, 104, 120, 118, 127, 127, 127, 120, 118, 107, 109, 101, 102, 82, 70, 61, 61, 44, 32, 16, 21, 12, 0, 1, 2, 7, 11, 15, 24, 33, 45, 70, 82, 89, 100, 105, 112, 111, 126, 126, 127, 127, 122, 114, 108, 96, 91, 79, 59, 76, 53, 46, 41, 24, 20, 12, 0, 3, 7, 0, 6, 19, 14, 31, 40, 44, 66, 61, 86, 77, 90, 111, 107, 119, 123, 124, 120, 122, 120, 95, 90, 92]"
Linear,10,exact_guidance_u,249,0,86,85,"[129, 59, 82, 89, 95, 104, 120, 118, 127, 127, 127, 120, 118, 107, 109, 101, 102, 82, 70, 61, 61, 44, 32, 16, 21, 12, 0, 1, 2, 7, 11, 15, 24, 33, 45, 70, 82, 89, 100, 105, 112, 111, 126, 126, 127, 127, 122, 114, 108, 96, 91, 79, 59, 76, 53, 46, 41, 24, 20, 12, 0, 3, 7, 0, 6, 19, 14, 31, 40, 44, 66, 61, 86, 77, 90, 111, 107, 119, 123, 124, 120, 122, 120, 95, 90, 92]","[59, 82, 89, 95, 104, 120, 118, 127, 127, 127, 120, 118, 107, 109, 101, 102, 82, 70, 61, 61, 44, 32, 16, 21, 12, 0, 1, 2, 7, 11, 15, 24, 33, 45, 70, 82, 89, 100, 105, 112, 111, 126, 126, 127, 127, 122, 114, 108, 96, 91, 79, 59, 76, 53, 46, 41, 24, 20, 12, 0, 3, 7, 0, 6, 19, 14, 31, 40, 44, 66, 61, 86, 77, 90, 111, 107, 119, 123, 124, 120, 122, 120, 95, 90, 92]"
Linear,10,exact_guidance_u,250,0,86,85,"[129, 59, 82, 89, 95, 104, 120, 118, 127, 127, 127, 120, 118, 107, 109, 101, 102, 82, 70, 61, 61, 44, 32, 16, 21, 12, 0, 1, 2, 7, 11, 15, 24, 33, 45, 70, 82, 89, 100, 105, 112, 111, 126, 126, 127, 127, 122, 114, 108, 96, 91, 79, 59, 76, 53, 46, 41, 24, 20, 12, 0, 3, 7, 0, 6, 19, 14, 31, 40, 44, 66, 61, 86, 77, 90, 111, 107, 119, 123, 124, 120, 122, 120, 95, 90, 92]","[59, 82, 89, 95, 104, 120, 118, 127, 127, 127, 120, 118, 107, 109, 101, 102, 82, 70, 61, 61, 44, 32, 16, 21, 12, 0, 1, 2, 7, 11, 15, 24, 33, 45, 70, 82, 89, 100, 105, 112, 111, 126, 126, 127, 127, 122, 114, 108, 96, 91, 79, 59, 76, 53, 46, 41, 24, 20, 12, 0, 3, 7, 0, 6, 19, 14, 31, 40, 44, 66, 61, 86, 77, 90, 111, 107, 119, 123, 124, 120, 122, 120, 95, 90, 92]"
Linear,10,exact_guidance_u,251,0,86,85,"[129, 59, 82, 89, 95, 104, 120, 118, 127, 127, 127, 120, 118, 107, 109, 101, 102, 82, 70, 61, 61, 44, 32, 16, 21, 12, 0, 1, 2, 7, 11, 15, 24, 33, 45, 70, 82, 89, 100, 105, 112, 111, 126, 126, 127, 127, 122, 114, 108, 96, 91, 79, 59, 76, 53, 46, 41, 24, 20, 12, 0, 3, 7, 0, 6, 19, 14, 31, 40, 44, 66, 61, 86, 77, 90, 111, 107, 119, 123, 124, 120, 122, 120, 95, 90, 92]","[59, 82, 89, 95, 104, 120, 118, 127, 127, 127, 120, 118, 107, 109, 101, 102, 82, 70, 61, 61, 44, 32, 16, 21, 12, 0, 1, 2, 7, 11, 15, 24, 33, 45, 70, 82, 89, 100, 105, 112, 111, 126, 126, 127, 127, 122, 114, 108, 96, 91, 79, 59, 76, 53, 46, 41, 24, 20, 12, 0, 3, 7, 0, 6, 19, 14, 31, 40, 44, 66, 61, 86, 77, 90, 111, 107, 119, 123, 124, 120, 122, 120, 95, 90, 92]"
Linear,10,exact_guidance_u,252,0,86,85,"[129, 59, 82, 89, 95, 104, 120, 118, 127, 127, 127, 120, 118, 107, 109, 101, 102, 82, 70, 61, 61, 44, 32, 16, 21, 12, 0, 1, 2, 7, 11, 15, 24, 33, 45, 70, 82, 89, 100, 105, 112, 111, 126, 126, 127, 127, 122, 114, 108, 96, 91, 79, 59, 76, 53, 46, 41, 24, 20, 12, 0, 3, 7, 0, 6, 19, 14, 31, 40, 44, 66, 61, 86, 77, 90, 111, 107, 119, 123, 124, 120, 122, 120, 95, 90, 92]","[59, 82, 89, 95, 104, 120, 118, 127, 127, 127, 120, 118, 107, 109, 101, 102, 82, 70, 61, 61, 44, 32, 16, 21, 12, 0, 1, 2, 7, 11, 15, 24, 33, 45, 70, 82, 89, 100, 105, 112, 111, 126, 126, 127, 127, 122, 114, 108, 96, 91, 79, 59, 76, 53, 46, 41, 24, 20, 12, 0, 3, 7, 0, 6, 19, 14, 31, 40, 44, 66, 61, 86, 77, 90, 111, 107, 119, 123, 124, 120, 122, 120, 95, 90, 92]"
Linear,10,exact_guidance_u,253,0,86,85,"[129, 59, 82, 89, 95, 104, 120, 118, 127, 127, 127, 120, 118, 107, 109, 101, 102, 82, 70, 61, 61, 44, 32, 16, 21, 12, 0, 1, 2, 7, 11, 15, 24, 33, 45, 70, 82, 89, 100, 105, 112, 111, 126, 126, 127, 127, 122, 114, 108, 96, 91, 79, 59, 76, 53, 46, 41, 24, 20, 12, 0, 3, 7, 0, 6, 19, 14, 31, 40, 44, 66, 61, 86, 77, 90, 111, 107, 119, 123, 124, 120, 122, 120, 95, 90, 92]","[59, 82, 89, 95, 104, 120, 118, 127, 127, 127, 120, 118, 107, 109, 101, 102, 82, 70, 61, 61, 44, 32, 16, 21, 12, 0, 1, 2, 7, 11, 15, 24, 33, 45, 70, 82, 89, 100, 105, 112, 111, 126, 126, 127, 127, 122, 114, 108, 96, 91, 79, 59, 76, 53, 46, 41, 24, 20, 12, 0, 3, 7, 0, 6, 19, 14, 31, 40, 44, 66, 61, 86, 77, 90, 111, 107, 119, 123, 124, 120, 122, 120, 95, 90, 92]"
Linear,10,exact_guidance_u,254,0,86,85,"[129, 59, 82, 89, 95, 104, 120, 118, 127, 127, 127, 120, 118, 107, 109, 101, 102, 82, 70, 61, 61, 44, 32, 16, 21, 12, 0, 1, 2, 7, 11, 15, 24, 33, 45, 70, 82, 89, 100, 105, 112, 111, 126, 126, 127, 127, 122, 114, 108, 96, 91, 79, 59, 76, 53, 46, 41, 24, 20, 12, 0, 3, 7, 0, 6, 19, 14, 31, 40, 44, 66, 61, 86, 77, 90, 111, 107, 119, 123, 124, 120, 122, 120, 95, 90, 92]","[59, 82, 89, 95, 104, 120, 118, 127, 127, 127, 120, 118, 107, 109, 101, 102, 82, 70, 61, 61, 44, 32, 16, 21, 12, 0, 1, 2, 7, 11, 15, 24, 33, 45, 70, 82, 89, 100, 105, 112, 111, 126, 126, 127, 127, 122, 114, 108, 96, 91, 79, 59, 76, 53, 46, 41, 24, 20, 12, 0, 3, 7, 0, 6, 19, 14, 31, 40, 44, 66, 61, 86, 77, 90, 111, 107, 119, 123, 124, 120, 122, 120, 95, 90, 92]"
Linear,10,exact_guidance_u,255,0,86,85,"[129, 59, 82, 89, 95, 104, 120, 118, 127, 127, 127, 120, 118, 107, 109, 101, 102, 82, 70, 61, 61, 44, 32, 16, 21, 12, 0, 1, 2, 7, 11, 15, 24, 33, 45, 70, 82, 89, 100, 105, 112, 111, 126, 126, 127, 127, 122, 114, 108, 96, 91, 79, 59, 76, 53, 46, 41, 24, 20, 12, 0, 3, 7, 0, 6, 19, 14, 31, 40, 44, 66, 61, 86, 77, 90, 111, 107, 119, 123, 124, 120, 122, 120, 95, 90, 92]","[59, 82, 89, 95, 104, 120, 118, 127, 127, 127, 120, 118, 107, 109, 101, 102, 82, 70, 61, 61, 44, 32, 16, 21, 12, 0, 1, 2, 7, 11, 15, 24, 33, 45, 70, 82, 89, 100, 105, 112, 111, 126, 126, 127, 127, 122, 114, 108, 96, 91, 79, 59, 76, 53, 46, 41, 24, 20, 12, 0, 3, 7, 0, 6, 19, 14, 31, 40, 44, 66, 61, 86, 77, 90, 111, 107, 119, 123, 124, 120, 122, 120, 95, 90, 92]"
Linear,10,exact_guidance_u,256,0,87,86,"[129, 59, 82, 89, 95, 104, 120, 118, 127, 127, 127, 120, 118, 107, 109, 101, 102, 82, 70, 61, 61, 44, 32, 16, 21, 12, 0, 1, 2, 7, 11, 15, 24, 33, 45, 52, 70, 82, 89, 100, 105, 112, 111, 126, 126, 127, 127, 122, 114, 108, 96, 91, 79, 59, 76, 53, 46, 41, 24, 20, 12, 0, 3, 7, 0, 6, 19, 14, 31, 40, 44, 66, 61, 86, 77, 90, 111, 107, 119, 123, 124, 120, 122, 120, 95, 90, 92]","[59, 82, 89, 95, 104, 120, 118, 127, 127, 127, 120, 118, 107, 109, 101, 102, 82, 70, 61, 61, 44, 32, 16, 21, 12, 0, 1, 2, 7, 11, 15, 24, 33, 45, 52, 70, 82, 89, 100, 105, 112, 111, 126, 126, 127, 127, 122, 114, 108, 96, 91, 79, 59, 76, 53, 46, 41, 24, 20, 12, 0, 3, 7, 0, 6, 19, 14, 31, 40, 44, 66, 61, 86, 77, 90, 111, 107, 119, 123, 124, 120, 122, 120, 95, 90, 92]"
Linear,10,exact_guidance_u,257,0,87,86,"[129, 59, 82, 89, 95, 104, 120, 118, 127, 127, 127, 120, 118, 107, 109, 101, 102, 82, 70, 61, 61, 44, 32, 16, 21, 12, 0, 1, 2, 7, 11, 15, 24, 33, 45, 52, 70, 82, 89, 100, 105, 112, 111, 126, 126, 127, 127, 122, 114, 108, 96, 91, 79, 59, 76, 53, 46, 41, 24, 20, 12, 0, 3, 7, 0, 6, 19, 14, 31, 40, 44, 66, 61, 86, 77, 90, 111, 107, 119, 123, 124, 120, 122, 120, 95, 90, 92]","[59, 82, 89, 95, 104, 120, 118, 127, 127, 127, 120, 118, 107, 109, 101, 102, 82, 70, 61, 61, 44, 32, 16, 21, 12, 0, 1, 2, 7, 11, 15, 24, 33, 45, 52, 70, 82, 89, 100, 105, 112, 111, 126, 126, 127, 127, 122, 114, 108, 96, 91, 79, 59, 76, 53, 46, 41, 24, 20, 12, 0, 3, 7, 0, 6, 19, 14, 31, 40, 44, 66, 61, 86, 77, 90, 111, 107, 119, 123, 124, 120, 122, 120, 95, 90, 92]"
Linear,10,exact_guidance_u,258,0,87,86,"[129, 59, 82, 89, 95, 104, 120, 118, 127, 127, 127, 120, 118, 107, 109, 101, 102, 82, 70, 61, 61, 44, 32, 16, 21, 12, 0, 1, 2, 7, 11, 15, 24, 33, 45, 52, 70, 82, 89, 100, 105, 112, 111, 126, 126, 127, 127, 122, 114, 108, 96, 91, 79, 59, 76, 53, 46, 41, 24, 20, 12, 0, 3, 7, 0, 6, 19, 14, 31, 40, 44, 66, 61, 86, 77, 90, 111, 107, 119, 123, 124, 120, 122, 120, 95, 90, 92]","[59, 82, 89, 95, 104, 120, 118, 127, 127, 127, 120, 118, 107, 109, 101, 102, 82, 70, 61, 61, 44, 32, 16, 21, 12, 0, 1, 2, 7, 11, 15, 24, 33, 45, 52, 70, 82, 89, 100, 105, 112, 111, 126, 126, 127, 127, 122, 114, 108, 96, 91, 79, 59, 76, 53, 46, 41, 24, 20, 12, 0, 3, 7, 0, 6, 19, 14, 31, 40, 44, 66, 61, 86, 77, 90, 111, 107, 119, 123, 124, 120, 122, 120, 95, 90, 92]"
Linear,10,exact_guidance_u,259,0,87,86,"[129, 59, 82, 89, 95, 104, 120, 118, 127, 127, 127, 120, 118, 107, 109, 101, 102, 82, 70, 61, 61, 44, 32, 16, 21, 12, 0, 1, 2, 7, 11, 15, 24, 33, 45, 52, 70, 82, 89, 100, 105, 112, 111, 126, 126, 127, 127, 122, 114, 108, 96, 91, 79, 59, 76, 53, 46, 41, 24, 20, 12, 0, 3, 7, 0, 6, 19, 14, 31, 40, 44, 66, 61, 86, 77, 90, 111, 107, 119, 123, 124, 120, 122, 120, 95, 90, 92]","[59, 82, 89, 95, 104, 120, 118, 127, 127, 127, 120, 118, 107, 109, 101, 102, 82, 70, 61, 61, 44, 32, 16, 21, 12, 0, 1, 2, 7, 11, 15, 24, 33, 45, 52, 70, 82, 89, 100, 105, 112, 111, 126, 126, 127, 127, 122, 114, 108, 96, 91, 79, 59, 76, 53, 46, 41, 24, 20, 12, 0, 3, 7, 0, 6, 19, 14, 31, 40, 44, 66, 61, 86, 77, 90, 111, 107, 119, 123, 124, 120, 122, 120, 95, 90, 92]"
Linear,10,exact_guidance_u,260,0,87,86,"[129, 59, 82, 89, 95, 104, 120, 118, 127, 127, 127, 120, 118, 107, 109, 101, 102, 82, 70, 61, 61, 44, 32, 16, 21, 12, 0, 1, 2, 7, 11, 15, 24, 33, 45, 52, 70, 82, 89, 100, 105, 112, 111, 126, 126, 127, 127, 122, 114, 108, 96, 91, 79, 59, 76, 53, 46, 41, 24, 20, 12, 0, 3, 7, 0, 6, 19, 14, 31, 40, 44, 66, 61, 86, 77, 90, 111, 107, 119, 123, 124, 120, 122, 120, 95, 90, 92]","[59, 82, 89, 95, 104, 120, 118, 127, 127, 127, 120, 118, 107, 109, 101, 102, 82, 70, 61, 61, 44, 32, 16, 21, 12, 0, 1, 2, 7, 11, 15, 24, 33, 45, 52, 70, 82, 89, 100, 105, 112, 111, 126, 126, 127, 127, 122, 114, 108, 96, 91, 79, 59, 76, 53, 46, 41, 24, 20, 12, 0, 3, 7, 0, 6, 19, 14, 31, 40, 44, 66, 61, 86, 77, 90, 111, 107, 119, 123, 124, 120, 122, 120, 95, 90, 92]"
Linear,10,exact_guidance_u,261,0,87,86,"[129, 59, 82, 89, 95, 104, 120, 118, 127, 127, 127, 120, 118, 107, 109, 101, 102, 82, 70, 61, 61, 44, 32, 16, 21, 12, 0, 1, 2, 7, 11, 15, 24, 33, 45, 52, 70, 82, 89, 100, 105, 112, 111, 126, 126, 127, 127, 122, 114, 108, 96, 91, 79, 59, 76, 53, 46, 41, 24, 20, 12, 0, 3, 7, 0, 6, 19, 14, 31, 40, 44, 66, 61, 86, 77, 90, 111, 107, 119, 123, 124, 120, 122, 120, 95, 90, 92]","[59, 82, 89, 95, 104, 120, 118, 127, 127, 127, 120, 118, 107, 109, 101, 102, 82, 70, 61, 61, 44, 32, 16, 21, 12, 0, 1, 2, 7, 11, 15, 24, 33, 45, 52, 70, 82, 89, 100, 105, 112, 111, 126, 126, 127, 127, 122, 114, 108, 96, 91, 79, 59, 76, 53, 46, 41, 24, 20, 12, 0, 3, 7, 0, 6, 19, 14, 31, 40, 44, 66, 61, 86, 77, 90, 111, 107, 119, 123, 124, 120, 122, 120, 95, 90, 92]"
Linear,10,exact_guidance_u,262,0,88,87,"[129, 59, 82, 89, 95, 104, 120, 118, 127, 127, 127, 120, 118, 107, 109, 101, 102, 82, 70, 61, 61, 44, 32, 16, 21, 12, 0, 1, 2, 7, 11, 15, 24, 33, 45, 52, 70, 82, 89, 100, 105, 112, 111, 126, 126, 127, 127, 122, 114, 108, 96, 91, 79, 59, 76, 53, 46, 41, 24, 20, 12, 13, 0, 3, 7, 0, 6, 19, 14, 31, 40, 44, 66, 61, 86, 77, 90, 111, 107, 119, 123, 124, 120, 122, 120, 95, 90, 92]","[59, 82, 89, 95, 104, 120, 118, 127, 127, 127, 120, 118, 107, 109, 101, 102, 82, 70, 61, 61, 44, 32, 16, 21, 12, 0, 1, 2, 7, 11, 15, 24, 33, 45, 52, 70, 82, 89, 100, 105, 112, 111, 126, 126, 127, 127, 122, 114, 108, 96, 91, 79, 59, 76, 53, 46, 41, 24, 20, 12, 13, 0, 3, 7, 0, 6, 19, 14, 31, 40, 44, 66, 61, 86, 77, 90, 111, 107, 119, 123, 124, 120, 122, 120, 95, 90, 92]"
Linear,10,exact_guidance_u,263,0,88,87,"[129, 59, 82, 89, 95, 104, 120, 118, 127, 127, 127, 120, 118, 107, 109, 101, 102, 82, 70, 61, 61, 44, 32, 16, 21, 12, 0, 1, 2, 7, 11, 15, 24, 33, 45, 52, 70, 82, 89, 100, 105, 112, 111, 126, 126, 127, 127, 122, 114, 108, 96, 91, 79, 59, 76, 53, 46, 41, 24, 20, 12, 13, 0, 3, 7, 0, 6, 19, 14, 31, 40, 44, 66, 61, 86, 77, 90, 111, 107, 119, 123, 124, 120, 122, 120, 95, 90, 92]","[59, 82, 89, 95, 104, 120, 118, 127, 127, 127, 120, 118, 107, 109, 101, 102, 82, 70, 61, 61, 44, 32, 16, 21, 12, 0, 1, 2, 7, 11, 15, 24, 33, 45, 52, 70, 82, 89, 100, 105, 112, 111, 126, 126, 127, 127, 122, 114, 108, 96, 91, 79, 59, 76, 53, 46, 41, 24, 20, 12, 13, 0, 3, 7, 0, 6, 19, 14, 31, 40, 44, 66, 61, 86, 77, 90, 111, 107, 119, 123, 124, 120, 122, 120, 95, 90, 92]"
Linear,10,exact_guidance_u,264,0,88,87,"[129, 59, 82, 89, 95, 104, 120, 118, 127, 127, 127, 120, 118, 107, 109, 101, 102, 82, 70, 61, 61, 44, 32, 16, 21, 12, 0, 1, 2, 7, 11, 15, 24, 33, 45, 52, 70, 82, 89, 100, 105, 112, 111, 126, 126, 127, 127, 122, 114, 108, 96, 91, 79, 59, 76, 53, 46, 41, 24, 20, 12, 13, 0, 3, 7, 0, 6, 19, 14, 31, 40, 44, 66, 61, 86, 77, 90, 111, 107, 119, 123, 124, 120, 122, 120, 95, 90, 92]","[59, 82, 89, 95, 104, 120, 118, 127, 127, 127, 120, 118, 107, 109, 101, 102, 82, 70, 61, 61, 44, 32, 16, 21, 12, 0, 1, 2, 7, 11, 15, 24, 33, 45, 52, 70, 82, 89, 100, 105, 112, 111, 126, 126, 127, 127, 122, 114, 108, 96, 91, 79, 59, 76, 53, 46, 41, 24, 20, 12, 13, 0, 3, 7, 0, 6, 19, 14, 31, 40, 44, 66, 61, 86, 77, 90, 111, 107, 119, 123, 124, 120, 122, 120, 95, 90, 92]"
Linear,10,exact_guidance_u,265,0,88,87,"[129, 59, 82, 89, 95, 104, 120, 118, 127, 127, 127, 120, 118, 107, 109, 101, 102, 82, 70, 61, 61, 44, 32, 16, 21, 12, 0, 1, 2, 7, 11, 15, 24, 33, 45, 52, 70, 82, 89, 100, 105, 112, 111, 126, 126, 127, 127, 122, 114, 108, 96, 91, 79, 59, 76, 53, 46, 41, 24, 20, 12, 13, 0, 3, 7, 0, 6, 19, 14, 31, 40, 44, 66, 61, 86, 77, 90, 111, 107, 119, 123, 124, 120, 122, 120, 95, 90, 92]","[59, 82, 89, 95, 104, 120, 118, 127, 127, 127, 120, 118, 107, 109, 101, 102, 82, 70, 61, 61, 44, 32, 16, 21, 12, 0, 1, 2, 7, 11, 15, 24, 33, 45, 52, 70, 82, 89, 100, 105, 112, 111, 126, 126, 127, 127, 122, 114, 108, 96, 91, 79, 59, 76, 53, 46, 41, 24, 20, 12, 13, 0, 3, 7, 0, 6, 19, 14, 31, 40, 44, 66, 61, 86, 77, 90, 111, 107, 119, 123, 124, 120, 122, 120, 95, 90, 92]"
Linear,10,exact_guidance_u,266,0,88,87,"[129, 59, 82, 89, 95, 104, 120, 118, 127, 127, 127, 120, 118, 107, 109, 101, 102, 82, 70, 61, 61, 44, 32, 16, 21, 12, 0, 1, 2, 7, 11, 15, 24, 33, 45, 52, 70, 82, 89, 100, 105, 112, 111, 126, 126, 127, 127, 122, 114, 108, 96, 91, 79, 59, 76, 53, 46, 41, 24, 20, 12, 13, 0, 3, 7, 0, 6, 19, 14, 31, 40, 44, 66, 61, 86, 77, 90, 111, 107, 119, 123, 124, 120, 122, 120, 95, 90, 92]","[59, 82, 89, 95, 104, 120, 118, 127, 127, 127, 120, 118, 107, 109, 101, 102, 82, 70, 61, 61, 44, 32, 16, 21, 12, 0, 1, 2, 7, 11, 15, 24, 33, 45, 52, 70, 82, 89, 100, 105, 112, 111, 126, 126, 127, 127, 122, 114, 108, 96, 91, 79, 59, 76, 53, 46, 41, 24, 20, 12, 13, 0, 3, 7, 0, 6, 19, 14, 31, 40, 44, 66, 61, 86, 77, 90, 111, 107, 119, 123, 124, 120, 122, 120, 95, 90, 92]"
Linear,10,exact_guidance_u,267,0,88,87,"[129, 59, 82, 89, 95, 104, 120, 118, 127, 127, 127, 120, 118, 107, 109, 101, 102, 82, 70, 61, 61, 44, 32, 16, 21, 12, 0, 1, 2, 7, 11, 15, 24, 33, 45, 52, 70, 82, 89, 100, 105, 112, 111, 126, 126, 127, 127, 122, 114, 108, 96, 91, 79, 59, 76, 53, 46, 41, 24, 20, 12, 13, 0, 3, 7, 0, 6, 19, 14, 31, 40, 44, 66, 61, 86, 77, 90, 111, 107, 119, 123, 124, 120, 122, 120, 95, 90, 92]","[59, 82, 89, 95, 104, 120, 118, 127, 127, 127, 120, 118, 107, 109, 101, 102, 82, 70, 61, 61, 44, 32, 16, 21, 12, 0, 1, 2, 7, 11, 15, 24, 33, 45, 52, 70, 82, 89, 100, 105, 112, 111, 126, 126, 127, 127, 122, 114, 108, 96, 91, 79, 59, 76, 53, 46, 41, 24, 20, 12, 13, 0, 3, 7, 0, 6, 19, 14, 31, 40, 44, 66, 61, 86, 77, 90, 111, 107, 119, 123, 124, 120, 122, 120, 95, 90, 92]"
Linear,10,exact_guidance_u,268,0,88,87,"[129, 59, 82, 89, 95, 104, 120, 118, 127, 127, 127, 120, 118, 107, 109, 101, 102, 82, 70, 61, 61, 44, 32, 16, 21, 12, 0, 1, 2, 7, 11, 15, 24, 33, 45, 52, 70, 82, 89, 100, 105, 112, 111, 126, 126, 127, 127, 122, 114, 108, 96, 91, 79, 59, 76, 53, 46, 41, 24, 20, 12, 13, 0, 3, 7, 0, 6, 19, 14, 31, 40, 44, 66, 61, 86, 77, 90, 111, 107, 119, 123, 124, 120, 122, 120, 95, 90, 92]","[59, 82, 89, 95, 104, 120, 118, 127, 127, 127, 120, 118, 107, 109, 101, 102, 82, 70, 61, 61, 44, 32, 16, 21, 12, 0, 1, 2, 7, 11, 15, 24, 33, 45, 52, 70, 82, 89, 100, 105, 112, 111, 126, 126, 127, 127, 122, 114, 108, 96, 91, 79, 59, 76, 53, 46, 41, 24, 20, 12, 13, 0, 3, 7, 0, 6, 19, 14, 31, 40, 44, 66, 61, 86, 77, 90, 111, 107, 119, 123, 124, 120, 122, 120, 95, 90, 92]"
Linear,10,exact_guidance_u,269,0,88,87,"[129, 59, 82, 89, 95, 104, 120, 118, 127, 127, 127, 120, 118, 107, 109, 101, 102, 82, 70, 61, 61, 44, 32, 16, 21, 12, 0, 1, 2, 7, 11, 15, 24, 33, 45, 52, 70, 82, 89, 100, 105, 112, 111, 126, 126, 127, 127, 122, 114, 108, 96, 91, 79, 59, 76, 53, 46, 41, 24, 20, 12, 13, 0, 3, 7, 0, 6, 19, 14, 31, 40, 44, 66, 61, 86, 77, 90, 111, 107, 119, 123, 124, 120, 122, 120, 95, 90, 92]","[59, 82, 89, 95, 104, 120, 118, 127, 127, 127, 120, 118, 107, 109, 101, 102, 82, 70, 61, 61, 44, 32, 16, 21, 12, 0, 1, 2, 7, 11, 15, 24, 33, 45, 52, 70, 82, 89, 100, 105, 112, 111, 126, 126, 127, 127, 122, 114, 108, 96, 91, 79, 59, 76, 53, 46, 41, 24, 20, 12, 13, 0, 3, 7, 0, 6, 19, 14, 31, 40, 44, 66, 61, 86, 77, 90, 111, 107, 119, 123, 124, 120, 122, 120, 95, 90, 92]"
Linear,10,exact_guidance_u,270,0,89,88,"[129, 59, 82, 89, 95, 104, 120, 118, 127, 127, 127, 120, 118, 107, 109, 101, 102, 82, 70, 61, 61, 44, 32, 16, 21, 12, 0, 4, 1, 2, 7, 11, 15, 24, 33, 45, 52, 70, 82, 89, 100, 105, 112, 111, 126, 126, 127, 127, 122, 114, 108, 96, 91, 79, 59, 76, 53, 46, 41, 24, 20, 12, 13, 0, 3, 7, 0, 6, 19, 14, 31, 40, 44, 66, 61, 86, 77, 90, 111, 107, 119, 123, 124, 120, 122, 120, 95, 90, 92]","[59, 82, 89, 95, 104, 120, 118, 127, 127, 127, 120, 118, 107, 109, 101, 102, 82, 70, 61, 61, 44, 32, 16, 21, 12, 0, 4, 1, 2, 7, 11, 15, 24, 33, 45, 52, 70, 82, 89, 100, 105, 112, 111, 126, 126, 127, 127, 122, 114, 108, 96, 91, 79, 59, 76, 53, 46, 41, 24, 20, 12, 13, 0, 3, 7, 0, 6, 19, 14, 31, 40, 44, 66, 61, 86, 77, 90, 111, 107, 119, 123, 124, 120, 122, 120, 95, 90, 92]"
Linear,10,exact_guidance_u,271,0,89,88,"[129, 59, 82, 89, 95, 104, 120, 118, 127, 127, 127, 120, 118, 107, 109, 101, 102, 82, 70, 61, 61, 44, 32, 16, 21, 12, 0, 4, 1, 2, 7, 11, 15, 24, 33, 45, 52, 70, 82, 89, 100, 105, 112, 111, 126, 126, 127, 127, 122, 114, 108, 96, 91, 79, 59, 76, 53, 46, 41, 24, 20, 12, 13, 0, 3, 7, 0, 6, 19, 14, 31, 40, 44, 66, 61, 86, 77, 90, 111, 107, 119, 123, 124, 120, 122, 120, 95, 90, 92]","[59, 82, 89, 95, 104, 120, 118, 127, 127, 127, 120, 118, 107, 109, 101, 102, 82, 70, 61, 61, 44, 32, 16, 21, 12, 0, 4, 1, 2, 7, 11, 15, 24, 33, 45, 52, 70, 82, 89, 100, 105, 112, 111, 126, 126, 127, 127, 122, 114, 108, 96, 91, 79, 59, 76, 53, 46, 41, 24, 20, 12, 13, 0, 3, 7, 0, 6, 19, 14, 31, 40, 44, 66, 61, 86, 77, 90, 111, 107, 119, 123, 124, 120, 122, 120, 95, 90, 92]"
Linear,10,exact_guidance_u,272,0,89,88,"[129, 59, 82, 89, 95, 104, 120, 118, 127, 127, 127, 120, 118, 107, 109, 101, 102, 82, 70, 61, 61, 44, 32, 16, 21, 12, 0, 4, 1, 2, 7, 11, 15, 24, 33, 45, 52, 70, 82, 89, 100, 105, 112, 111, 126, 126, 127, 127, 122, 114, 108, 96, 91, 79, 59, 76, 53, 46, 41, 24, 20, 12, 13, 0, 3, 7, 0, 6, 19, 14, 31, 40, 44, 66, 61, 86, 77, 90, 111, 107, 119, 123, 124, 120, 122, 120, 95, 90, 92]","[59, 82, 89, 95, 104, 120, 118, 127, 127, 127, 120, 118, 107, 109, 101, 102, 82, 70, 61, 61, 44, 32, 16, 21, 12, 0, 4, 1, 2, 7, 11, 15, 24, 33, 45, 52, 70, 82, 89, 100, 105, 112, 111, 126, 126, 127, 127, 122, 114, 108, 96, 91, 79, 59, 76, 53, 46, 41, 24, 20, 12, 13, 0, 3, 7, 0, 6, 19, 14, 31, 40, 44, 66, 61, 86, 77, 90, 111, 107, 119, 123, 124, 120, 122, 120, 95, 90, 92]"
Linear,10,exact_guidance_u,273,0,89,88,"[129, 59, 82, 89, 95, 104, 120, 118, 127, 127, 127, 120, 118, 107, 109, 101, 102, 82, 70, 61, 61, 44, 32, 16, 21, 12, 0, 4, 1, 2, 7, 11, 15, 24, 33, 45, 52, 70, 82, 89, 100, 105, 112, 111, 126, 126, 127, 127, 122, 114, 108, 96, 91, 79, 59, 76, 53, 46, 41, 24, 20, 12, 13, 0, 3, 7, 0, 6, 19, 14, 31, 40, 44, 66, 61, 86, 77, 90, 111, 107, 119, 123, 124, 120, 122, 120, 95, 90, 92]","[59, 82, 89, 95, 104, 120, 118, 127, 127, 127, 120, 118, 107, 109, 101, 102, 82, 70, 61, 61, 44, 32, 16, 21, 12, 0, 4, 1, 2, 7, 11, 15, 24, 33, 45, 52, 70, 82, 89, 100, 105, 112, 111, 126, 126, 127, 127, 122, 114, 108, 96, 91, 79, 59, 76, 53, 46, 41, 24, 20, 12, 13, 0, 3, 7, 0, 6, 19, 14, 31, 40, 44, 66, 61, 86, 77, 90, 111, 107, 119, 123, 124, 120, 122, 120, 95, 90, 92]"
Linear,10,exact_guidance_u,274,0,89,88,"[129, 59, 82, 89, 95, 104, 120, 118, 127, 127, 127, 120, 118, 107, 109, 101, 102, 82, 70, 61, 61, 44, 32, 16, 21, 12, 0, 4, 1, 2, 7, 11, 15, 24, 33, 45, 52, 70, 82, 89, 100, 105, 112, 111, 126, 126, 127, 127, 122, 114, 108, 96, 91, 79, 59, 76, 53, 46, 41, 24, 20, 12, 13, 0, 3, 7, 0, 6, 19, 14, 31, 40, 44, 66, 61, 86, 77, 90, 111, 107, 119, 123, 124, 120, 122, 120, 95, 90, 92]","[59, 82, 89, 95, 104, 120, 118, 127, 127, 127, 120, 118, 107, 109, 101, 102, 82, 70, 61, 61, 44, 32, 16, 21, 12, 0, 4, 1, 2, 7, 11, 15, 24, 33, 45, 52, 70, 82, 89, 100, 105, 112, 111, 126, 126, 127, 127, 122, 114, 108, 96, 91, 79, 59, 76, 53, 46, 41, 24, 20, 12, 13, 0, 3, 7, 0, 6, 19, 14, 31, 40, 44, 66, 61, 86, 77, 90, 111, 107, 119, 123, 124, 120, 122, 120, 95, 90, 92]"
Linear,10,exact_guidance_u,275,0,89,88,"[129, 59, 82, 89, 95, 104, 120, 118, 127, 127, 127, 120, 118, 107, 109, 101, 102, 82, 70, 61, 61, 44, 32, 16, 21, 12, 0, 4, 1, 2, 7, 11, 15, 24, 33, 45, 52, 70, 82, 89, 100, 105, 112, 111, 126, 126, 127, 127, 122, 114, 108, 96, 91, 79, 59, 76, 53, 46, 41, 24, 20, 12, 13, 0, 3, 7, 0, 6, 19, 14, 31, 40, 44, 66, 61, 86, 77, 90, 111, 107, 119, 123, 124, 120, 122, 120, 95, 90, 92]","[59, 82, 89, 95, 104, 120, 118, 127, 127, 127, 120, 118, 107, 109, 101, 102, 82, 70, 61, 61, 44, 32, 16, 21, 12, 0, 4, 1, 2, 7, 11, 15, 24, 33, 45, 52, 70, 82, 89, 100, 105, 112, 111, 126, 126, 127, 127, 122, 114, 108, 96, 91, 79, 59, 76, 53, 46, 41, 24, 20, 12, 13, 0, 3, 7, 0, 6, 19, 14, 31, 40, 44, 66, 61, 86, 77, 90, 111, 107, 119, 123, 124, 120, 122, 120, 95, 90, 92]"
Linear,10,exact_guidance_u,276,0,90,89,"[129, 59, 82, 89, 95, 104, 120, 118, 127, 127, 127, 120, 118, 107, 109, 101, 102, 82, 70, 61, 61, 44, 32, 16, 21, 12, 0, 4, 1, 2, 7, 11, 15, 24, 33, 45, 52, 70, 82, 89, 100, 105, 112, 111, 126, 126, 127, 127, 122, 114, 108, 96, 91, 79, 59, 76, 53, 46, 41, 24, 20, 12, 13, 0, 3, 7, 0, 6, 19, 14, 31, 40, 44, 66, 61, 86, 77, 90, 111, 107, 119, 123, 124, 120, 122, 115, 120, 95, 90, 92]","[59, 82, 89, 95, 104, 120, 118, 127, 127, 127, 120, 118, 107, 109, 101, 102, 82, 70, 61, 61, 44, 32, 16, 21, 12, 0, 4, 1, 2, 7, 11, 15, 24, 33, 45, 52, 70, 82, 89, 100, 105, 112, 111, 126, 126, 127, 127, 122, 114, 108, 96, 91, 79, 59, 76, 53, 46, 41, 24, 20, 12, 13, 0, 3, 7, 0, 6, 19, 14, 31, 40, 44, 66, 61, 86, 77, 90, 111, 107, 119, 123, 124, 120, 122, 115, 120, 95, 90, 92]"
Linear,10,exact_guidance_u,277,0,90,89,"[129, 59, 82, 89, 95, 104, 120, 118, 127, 127, 127, 120, 118, 107, 109, 101, 102, 82, 70, 61, 61, 44, 32, 16, 21, 12, 0, 4, 1, 2, 7, 11, 15, 24, 33, 45, 52, 70, 82, 89, 100, 105, 112, 111, 126, 126, 127, 127, 122, 114, 108, 96, 91, 79, 59, 76, 53, 46, 41, 24, 20, 12, 13, 0, 3, 7, 0, 6, 19, 14, 31, 40, 44, 66, 61, 86, 77, 90, 111, 107, 119, 123, 124, 120, 122, 115, 120, 95, 90, 92]","[59, 82, 89, 95, 104, 120, 118, 127, 127, 127, 120, 118, 107, 109, 101, 102, 82, 70, 61, 61, 44, 32, 16, 21, 12, 0, 4, 1, 2, 7, 11, 15, 24, 33, 45, 52, 70, 82, 89, 100, 105, 112, 111, 126, 126, 127, 127, 122, 114, 108, 96, 91, 79, 59, 76, 53, 46, 41, 24, 20, 12, 13, 0, 3, 7, 0, 6, 19, 14, 31, 40, 44, 66, 61, 86, 77, 90, 111, 107, 119, 123, 124, 120, 122, 115, 120, 95, 90, 92]"
Linear,10,exact_guidance_u,278,0,90,89,"[129, 59, 82, 89, 95, 104, 120, 118, 127, 127, 127, 120, 118, 107, 109, 101, 102, 82, 70, 61, 61, 44, 32, 16, 21, 12, 0, 4, 1, 2, 7, 11, 15, 24, 33, 45, 52, 70, 82, 89, 100, 105, 112, 111, 126, 126, 127, 127, 122, 114, 108, 96, 91, 79, 59, 76, 53, 46, 41, 24, 20, 12, 13, 0, 3, 7, 0, 6, 19, 14, 31, 40, 44, 66, 61, 86, 77, 90, 111, 107, 119, 123, 124, 120, 122, 115, 120, 95, 90, 92]","[59, 82, 89, 95, 104, 120, 118, 127, 127, 127, 120, 118, 107, 109, 101, 102, 82, 70, 61, 61, 44, 32, 16, 21, 12, 0, 4, 1, 2, 7, 11, 15, 24, 33, 45, 52, 70, 82, 89, 100, 105, 112, 111, 126, 126, 127, 127, 122, 114, 108, 96, 91, 79, 59, 76, 53, 46, 41, 24, 20, 12, 13, 0, 3, 7, 0, 6, 19, 14, 31, 40, 44, 66, 61, 86, 77, 90, 111, 107, 119, 123, 124, 120, 122, 115, 120, 95, 90, 92]"
Linear,10,exact_guidance_u,279,0,90,89,"[129, 59, 82, 89, 95, 104, 120, 118, 127, 127, 127, 120, 118, 107, 109, 101, 102, 82, 70, 61, 61, 44, 32, 16, 21, 12, 0, 4, 1, 2, 7, 11, 15, 24, 33, 45, 52, 70, 82, 89, 100, 105, 112, 111, 126, 126, 127, 127, 122, 114, 108, 96, 91, 79, 59, 76, 53, 46, 41, 24, 20, 12, 13, 0, 3, 7, 0, 6, 19, 14, 31, 40, 44, 66, 61, 86, 77, 90, 111, 107, 119, 123, 124, 120, 122, 115, 120, 95, 90, 92]","[59, 82, 89, 95, 104, 120, 118, 127, 127, 127, 120, 118, 107, 109, 101, 102, 82, 70, 61, 61, 44, 32, 16, 21, 12, 0, 4, 1, 2, 7, 11, 15, 24, 33, 45, 52, 70, 82, 89, 100, 105, 112, 111, 126, 126, 127, 127, 122, 114, 108, 96, 91, 79, 59, 76, 53, 46, 41, 24, 20, 12, 13, 0, 3, 7, 0, 6, 19, 14, 31, 40, 44, 66, 61, 86, 77, 90, 111, 107, 119, 123, 124, 120, 122, 115, 120, 95, 90, 92]"
