target,beta,method_key,step,sample_idx,seq_len_full,seq_len_semantic,tokens_full_json,tokens_semantic_json
Linear,5,exact_guidance_u,0,0,1,0,[129],[]
Linear,5,exact_guidance_u,1,0,1,0,[129],[]
Linear,5,exact_guidance_u,2,0,2,1,"[129, 103]",[103]
Linear,5,exact_guidance_u,3,0,3,2,"[129, 0, 103]","[0, 103]"
Linear,5,exact_guidance_u,4,0,3,2,"[129, 0, 103]","[0, 103]"
Linear,5,exact_guidance_u,5,0,3,2,"[129, 0, 103]","[0, 103]"
Linear,5,exact_guidance_u,6,0,3,2,"[129, 0, 103]","[0, 103]"
Linear,5,exact_guidance_u,7,0,4,3,"[129, 0, 45, 103]","[0, 45, 103]"
Linear,5,exact_guidance_u,8,0,4,3,"[129, 0, 45, 103]","[0, 45, 103]"
Linear,5,exact_guidance_u,9,0,4,3,"[129, 0, 45, 103]","[0, 45, 103]"
Linear,5,exact_guidance_u,10,0,4,3,"[129, 0, 45, 103]","[0, 45, 103]"
Linear,5,exact_guidance_u,11,0,4,3,"[129, 0, 45, 103]","[0, 45, 103]"
Linear,5,exact_guidance_u,12,0,5,4,"[129, 0, 45, 78, 103]","[0, 45, 78, 103]"
Linear,5,exact_guidance_u,13,0,6,5,"[129, 26, 0, 45, 78, 103]","[26, 0, 45, 78, 103]"
Linear,5,exact_guidance_u,14,0,7,6,"[129, 26, 0, 26, 45, 78, 103]","[26, 0, 26, 45, 78, 103]"
Linear,5,exact_guidance_u,15,0,8,7,"[129, 26, 0, 2, 26, 45, 78, 103]","[26, 0, 2, 26, 45, 78, 103]"
Linear,5,exact_guidance_u,16,0,8,7,"[129, 26, 0, 2, 26, 45, 78, 103]","[26, 0, 2, 26, 45, 78, 103]"
Linear,5,exact_guidance_u,17,0,8,7,"[129, 26, 0, 2, 26, 45, 78, 103]","[26, 0, 2, 26, 45, 78, 103]"
Linear,5,exact_guidance_u,18,0,9,8,"[129, 26, 0, 2, 26, 45, 53, 78, 103]","[26, 0, 2, 26, 45, 53, 78, 103]"
Linear,5,exact_guidance_u,19,0,9,8,"[129, 26, 0, 2, 26, 45, 53, 78, 103]","[26, 0, 2, 26, 45, 53, 78, 103]"
Linear,5,exact_guidance_u,20,0,9,8,"[129, 26, 0, 2, 26, 45, 53, 78, 103]","[26, 0, 2, 26, 45, 53, 78, 103]"
Linear,5,exact_guidance_u,21,0,10,9,"[129, 26, 0, 2, 26, 45, 11, 53, 78, 103]","[26, 0, 2, 26, 45, 11, 53, 78, 103]"
Linear,5,exact_guidance_u,22,0,10,9,"[129, 26, 0, 2, 26, 45, 11, 53, 78, 103]","[26, 0, 2, 26, 45, 11, 53, 78, 103]"
Linear,5,exact_guidance_u,23,0,10,9,"[129, 26, 0, 2, 26, 45, 11, 53, 78, 103]","[26, 0, 2, 26, 45, 11, 53, 78, 103]"
Linear,5,exact_guidance_u,24,0,12,11,"[129, 26, 0, 2, 26, 17, 45, 127, 11, 53, 78, 103]","[26, 0, 2, 26, 17, 45, 127, 11, 53, 78, 103]"
Linear,5,exact_guidance_u,25,0,12,11,"[129, 26, 0, 2, 26, 17, 45, 127, 11, 53, 78, 103]","[26, 0, 2, 26, 17, 45, 127, 11, 53, 78, 103]"
Linear,5,exact_guidance_u,26,0,13,12,"[129, 26, 0, 2, 26, 17, 45, 127, 11, 53, 78, 124, 103]","[26, 0, 2, 26, 17, 45, 127, 11, 53, 78, 124, 103]"
Linear,5,exact_guidance_u,27,0,14,13,"[129, 26, 0, 2, 26, 17, 45, 127, 20, 11, 53, 78, 124, 103]","[26, 0, 2, 26, 17, 45, 127, 20, 11, 53, 78, 124, 103]"
Linear,5,exact_guidance_u,28,0,14,13,"[129, 26, 0, 2, 26, 17, 45, 127, 20, 11, 53, 78, 124, 103]","[26, 0, 2, 26, 17, 45, 127, 20, 11, 53, 78, 124, 103]"
Linear,5,exact_guidance_u,29,0,15,14,"[129, 26, 0, 2, 26, 17, 45, 127, 46, 20, 11, 53, 78, 124, 103]","[26, 0, 2, 26, 17, 45, 127, 46, 20, 11, 53, 78, 124, 103]"
Linear,5,exact_guidance_u,30,0,16,15,"[129, 26, 0, 2, 26, 11, 17, 45, 127, 46, 20, 11, 53, 78, 124, 103]","[26, 0, 2, 26, 11, 17, 45, 127, 46, 20, 11, 53, 78, 124, 103]"
Linear,5,exact_guidance_u,31,0,17,16,"[129, 26, 0, 2, 26, 11, 17, 45, 127, 91, 46, 20, 11, 53, 78, 124, 103]","[26, 0, 2, 26, 11, 17, 45, 127, 91, 46, 20, 11, 53, 78, 124, 103]"
Linear,5,exact_guidance_u,32,0,17,16,"[129, 26, 0, 2, 26, 11, 17, 45, 127, 91, 46, 20, 11, 53, 78, 124, 103]","[26, 0, 2, 26, 11, 17, 45, 127, 91, 46, 20, 11, 53, 78, 124, 103]"
Linear,5,exact_guidance_u,33,0,17,16,"[129, 26, 0, 2, 26, 11, 17, 45, 127, 91, 46, 20, 11, 53, 78, 124, 103]","[26, 0, 2, 26, 11, 17, 45, 127, 91, 46, 20, 11, 53, 78, 124, 103]"
Linear,5,exact_guidance_u,34,0,18,17,"[129, 26, 0, 2, 26, 11, 17, 45, 127, 118, 91, 46, 20, 11, 53, 78, 124, 103]","[26, 0, 2, 26, 11, 17, 45, 127, 118, 91, 46, 20, 11, 53, 78, 124, 103]"
Linear,5,exact_guidance_u,35,0,19,18,"[129, 26, 0, 2, 12, 26, 11, 17, 45, 127, 118, 91, 46, 20, 11, 53, 78, 124, 103]","[26, 0, 2, 12, 26, 11, 17, 45, 127, 118, 91, 46, 20, 11, 53, 78, 124, 103]"
Linear,5,exact_guidance_u,36,0,19,18,"[129, 26, 0, 2, 12, 26, 11, 17, 45, 127, 118, 91, 46, 20, 11, 53, 78, 124, 103]","[26, 0, 2, 12, 26, 11, 17, 45, 127, 118, 91, 46, 20, 11, 53, 78, 124, 103]"
Linear,5,exact_guidance_u,37,0,19,18,"[129, 26, 0, 2, 12, 26, 11, 17, 45, 127, 118, 91, 46, 20, 11, 53, 78, 124, 103]","[26, 0, 2, 12, 26, 11, 17, 45, 127, 118, 91, 46, 20, 11, 53, 78, 124, 103]"
Linear,5,exact_guidance_u,38,0,19,18,"[129, 26, 0, 2, 12, 26, 11, 17, 45, 127, 118, 91, 46, 20, 11, 53, 78, 124, 103]","[26, 0, 2, 12, 26, 11, 17, 45, 127, 118, 91, 46, 20, 11, 53, 78, 124, 103]"
Linear,5,exact_guidance_u,39,0,20,19,"[129, 26, 0, 2, 12, 72, 26, 11, 17, 45, 127, 118, 91, 46, 20, 11, 53, 78, 124, 103]","[26, 0, 2, 12, 72, 26, 11, 17, 45, 127, 118, 91, 46, 20, 11, 53, 78, 124, 103]"
Linear,5,exact_guidance_u,40,0,20,19,"[129, 26, 0, 2, 12, 72, 26, 11, 17, 45, 127, 118, 91, 46, 20, 11, 53, 78, 124, 103]","[26, 0, 2, 12, 72, 26, 11, 17, 45, 127, 118, 91, 46, 20, 11, 53, 78, 124, 103]"
Linear,5,exact_guidance_u,41,0,21,20,"[129, 26, 0, 2, 12, 72, 26, 11, 17, 45, 98, 127, 118, 91, 46, 20, 11, 53, 78, 124, 103]","[26, 0, 2, 12, 72, 26, 11, 17, 45, 98, 127, 118, 91, 46, 20, 11, 53, 78, 124, 103]"
Linear,5,exact_guidance_u,42,0,21,20,"[129, 26, 0, 2, 12, 72, 26, 11, 17, 45, 98, 127, 118, 91, 46, 20, 11, 53, 78, 124, 103]","[26, 0, 2, 12, 72, 26, 11, 17, 45, 98, 127, 118, 91, 46, 20, 11, 53, 78, 124, 103]"
Linear,5,exact_guidance_u,43,0,22,21,"[129, 26, 0, 2, 12, 72, 122, 26, 11, 17, 45, 98, 127, 118, 91, 46, 20, 11, 53, 78, 124, 103]","[26, 0, 2, 12, 72, 122, 26, 11, 17, 45, 98, 127, 118, 91, 46, 20, 11, 53, 78, 124, 103]"
Linear,5,exact_guidance_u,44,0,22,21,"[129, 26, 0, 2, 12, 72, 122, 26, 11, 17, 45, 98, 127, 118, 91, 46, 20, 11, 53, 78, 124, 103]","[26, 0, 2, 12, 72, 122, 26, 11, 17, 45, 98, 127, 118, 91, 46, 20, 11, 53, 78, 124, 103]"
Linear,5,exact_guidance_u,45,0,23,22,"[129, 26, 0, 2, 12, 72, 122, 26, 11, 17, 45, 98, 127, 118, 91, 46, 20, 0, 11, 53, 78, 124, 103]","[26, 0, 2, 12, 72, 122, 26, 11, 17, 45, 98, 127, 118, 91, 46, 20, 0, 11, 53, 78, 124, 103]"
Linear,5,exact_guidance_u,46,0,24,23,"[129, 26, 0, 2, 12, 72, 124, 122, 26, 11, 17, 45, 98, 127, 118, 91, 46, 20, 0, 11, 53, 78, 124, 103]","[26, 0, 2, 12, 72, 124, 122, 26, 11, 17, 45, 98, 127, 118, 91, 46, 20, 0, 11, 53, 78, 124, 103]"
Linear,5,exact_guidance_u,47,0,24,23,"[129, 26, 0, 2, 12, 72, 124, 122, 26, 11, 17, 45, 98, 127, 118, 91, 46, 20, 0, 11, 53, 78, 124, 103]","[26, 0, 2, 12, 72, 124, 122, 26, 11, 17, 45, 98, 127, 118, 91, 46, 20, 0, 11, 53, 78, 124, 103]"
Linear,5,exact_guidance_u,48,0,25,24,"[129, 26, 0, 2, 12, 72, 127, 124, 122, 26, 11, 17, 45, 98, 127, 118, 91, 46, 20, 0, 11, 53, 78, 124, 103]","[26, 0, 2, 12, 72, 127, 124, 122, 26, 11, 17, 45, 98, 127, 118, 91, 46, 20, 0, 11, 53, 78, 124, 103]"
Linear,5,exact_guidance_u,49,0,27,26,"[129, 26, 0, 2, 12, 72, 127, 124, 122, 26, 11, 17, 45, 98, 110, 127, 118, 91, 46, 20, 0, 11, 53, 78, 113, 124, 103]","[26, 0, 2, 12, 72, 127, 124, 122, 26, 11, 17, 45, 98, 110, 127, 118, 91, 46, 20, 0, 11, 53, 78, 113, 124, 103]"
Linear,5,exact_guidance_u,50,0,27,26,"[129, 26, 0, 2, 12, 72, 127, 124, 122, 26, 11, 17, 45, 98, 110, 127, 118, 91, 46, 20, 0, 11, 53, 78, 113, 124, 103]","[26, 0, 2, 12, 72, 127, 124, 122, 26, 11, 17, 45, 98, 110, 127, 118, 91, 46, 20, 0, 11, 53, 78, 113, 124, 103]"
Linear,5,exact_guidance_u,51,0,28,27,"[129, 26, 0, 2, 12, 72, 83, 127, 124, 122, 26, 11, 17, 45, 98, 110, 127, 118, 91, 46, 20, 0, 11, 53, 78, 113, 124, 103]","[26, 0, 2, 12, 72, 83, 127, 124, 122, 26, 11, 17, 45, 98, 110, 127, 118, 91, 46, 20, 0, 11, 53, 78, 113, 124, 103]"
Linear,5,exact_guidance_u,52,0,28,27,"[129, 26, 0, 2, 12, 72, 83, 127, 124, 122, 26, 11, 17, 45, 98, 110, 127, 118, 91, 46, 20, 0, 11, 53, 78, 113, 124, 103]","[26, 0, 2, 12, 72, 83, 127, 124, 122, 26, 11, 17, 45, 98, 110, 127, 118, 91, 46, 20, 0, 11, 53, 78, 113, 124, 103]"
Linear,5,exact_guidance_u,53,0,28,27,"[129, 26, 0, 2, 12, 72, 83, 127, 124, 122, 26, 11, 17, 45, 98, 110, 127, 118, 91, 46, 20, 0, 11, 53, 78, 113, 124, 103]","[26, 0, 2, 12, 72, 83, 127, 124, 122, 26, 11, 17, 45, 98, 110, 127, 118, 91, 46, 20, 0, 11, 53, 78, 113, 124, 103]"
Linear,5,exact_guidance_u,54,0,28,27,"[129, 26, 0, 2, 12, 72, 83, 127, 124, 122, 26, 11, 17, 45, 98, 110, 127, 118, 91, 46, 20, 0, 11, 53, 78, 113, 124, 103]","[26, 0, 2, 12, 72, 83, 127, 124, 122, 26, 11, 17, 45, 98, 110, 127, 118, 91, 46, 20, 0, 11, 53, 78, 113, 124, 103]"
Linear,5,exact_guidance_u,55,0,29,28,"[129, 26, 0, 2, 12, 72, 83, 113, 127, 124, 122, 26, 11, 17, 45, 98, 110, 127, 118, 91, 46, 20, 0, 11, 53, 78, 113, 124, 103]","[26, 0, 2, 12, 72, 83, 113, 127, 124, 122, 26, 11, 17, 45, 98, 110, 127, 118, 91, 46, 20, 0, 11, 53, 78, 113, 124, 103]"
Linear,5,exact_guidance_u,56,0,30,29,"[129, 26, 0, 2, 12, 72, 83, 108, 113, 127, 124, 122, 26, 11, 17, 45, 98, 110, 127, 118, 91, 46, 20, 0, 11, 53, 78, 113, 124, 103]","[26, 0, 2, 12, 72, 83, 108, 113, 127, 124, 122, 26, 11, 17, 45, 98, 110, 127, 118, 91, 46, 20, 0, 11, 53, 78, 113, 124, 103]"
Linear,5,exact_guidance_u,57,0,30,29,"[129, 26, 0, 2, 12, 72, 83, 108, 113, 127, 124, 122, 26, 11, 17, 45, 98, 110, 127, 118, 91, 46, 20, 0, 11, 53, 78, 113, 124, 103]","[26, 0, 2, 12, 72, 83, 108, 113, 127, 124, 122, 26, 11, 17, 45, 98, 110, 127, 118, 91, 46, 20, 0, 11, 53, 78, 113, 124, 103]"
Linear,5,exact_guidance_u,58,0,30,29,"[129, 26, 0, 2, 12, 72, 83, 108, 113, 127, 124, 122, 26, 11, 17, 45, 98, 110, 127, 118, 91, 46, 20, 0, 11, 53, 78, 113, 124, 103]","[26, 0, 2, 12, 72, 83, 108, 113, 127, 124, 122, 26, 11, 17, 45, 98, 110, 127, 118, 91, 46, 20, 0, 11, 53, 78, 113, 124, 103]"
Linear,5,exact_guidance_u,59,0,30,29,"[129, 26, 0, 2, 12, 72, 83, 108, 113, 127, 124, 122, 26, 11, 17, 45, 98, 110, 127, 118, 91, 46, 20, 0, 11, 53, 78, 113, 124, 103]","[26, 0, 2, 12, 72, 83, 108, 113, 127, 124, 122, 26, 11, 17, 45, 98, 110, 127, 118, 91, 46, 20, 0, 11, 53, 78, 113, 124, 103]"
Linear,5,exact_guidance_u,60,0,30,29,"[129, 26, 0, 2, 12, 72, 83, 108, 113, 127, 124, 122, 26, 11, 17, 45, 98, 110, 127, 118, 91, 46, 20, 0, 11, 53, 78, 113, 124, 103]","[26, 0, 2, 12, 72, 83, 108, 113, 127, 124, 122, 26, 11, 17, 45, 98, 110, 127, 118, 91, 46, 20, 0, 11, 53, 78, 113, 124, 103]"
Linear,5,exact_guidance_u,61,0,30,29,"[129, 26, 0, 2, 12, 72, 83, 108, 113, 127, 124, 122, 26, 11, 17, 45, 98, 110, 127, 118, 91, 46, 20, 0, 11, 53, 78, 113, 124, 103]","[26, 0, 2, 12, 72, 83, 108, 113, 127, 124, 122, 26, 11, 17, 45, 98, 110, 127, 118, 91, 46, 20, 0, 11, 53, 78, 113, 124, 103]"
Linear,5,exact_guidance_u,62,0,30,29,"[129, 26, 0, 2, 12, 72, 83, 108, 113, 127, 124, 122, 26, 11, 17, 45, 98, 110, 127, 118, 91, 46, 20, 0, 11, 53, 78, 113, 124, 103]","[26, 0, 2, 12, 72, 83, 108, 113, 127, 124, 122, 26, 11, 17, 45, 98, 110, 127, 118, 91, 46, 20, 0, 11, 53, 78, 113, 124, 103]"
Linear,5,exact_guidance_u,63,0,30,29,"[129, 26, 0, 2, 12, 72, 83, 108, 113, 127, 124, 122, 26, 11, 17, 45, 98, 110, 127, 118, 91, 46, 20, 0, 11, 53, 78, 113, 124, 103]","[26, 0, 2, 12, 72, 83, 108, 113, 127, 124, 122, 26, 11, 17, 45, 98, 110, 127, 118, 91, 46, 20, 0, 11, 53, 78, 113, 124, 103]"
Linear,5,exact_guidance_u,64,0,33,32,"[129, 26, 0, 2, 12, 72, 83, 108, 113, 127, 124, 122, 26, 11, 17, 45, 98, 110, 127, 118, 91, 60, 46, 20, 0, 11, 53, 66, 78, 113, 124, 123, 103]","[26, 0, 2, 12, 72, 83, 108, 113, 127, 124, 122, 26, 11, 17, 45, 98, 110, 127, 118, 91, 60, 46, 20, 0, 11, 53, 66, 78, 113, 124, 123, 103]"
Linear,5,exact_guidance_u,65,0,33,32,"[129, 26, 0, 2, 12, 72, 83, 108, 113, 127, 124, 122, 26, 11, 17, 45, 98, 110, 127, 118, 91, 60, 46, 20, 0, 11, 53, 66, 78, 113, 124, 123, 103]","[26, 0, 2, 12, 72, 83, 108, 113, 127, 124, 122, 26, 11, 17, 45, 98, 110, 127, 118, 91, 60, 46, 20, 0, 11, 53, 66, 78, 113, 124, 123, 103]"
Linear,5,exact_guidance_u,66,0,33,32,"[129, 26, 0, 2, 12, 72, 83, 108, 113, 127, 124, 122, 26, 11, 17, 45, 98, 110, 127, 118, 91, 60, 46, 20, 0, 11, 53, 66, 78, 113, 124, 123, 103]","[26, 0, 2, 12, 72, 83, 108, 113, 127, 124, 122, 26, 11, 17, 45, 98, 110, 127, 118, 91, 60, 46, 20, 0, 11, 53, 66, 78, 113, 124, 123, 103]"
Linear,5,exact_guidance_u,67,0,33,32,"[129, 26, 0, 2, 12, 72, 83, 108, 113, 127, 124, 122, 26, 11, 17, 45, 98, 110, 127, 118, 91, 60, 46, 20, 0, 11, 53, 66, 78, 113, 124, 123, 103]","[26, 0, 2, 12, 72, 83, 108, 113, 127, 124, 122, 26, 11, 17, 45, 98, 110, 127, 118, 91, 60, 46, 20, 0, 11, 53, 66, 78, 113, 124, 123, 103]"
Linear,5,exact_guidance_u,68,0,33,32,"[129, 26, 0, 2, 12, 72, 83, 108, 113, 127, 124, 122, 26, 11, 17, 45, 98, 110, 127, 118, 91, 60, 46, 20, 0, 11, 53, 66, 78, 113, 124, 123, 103]","[26, 0, 2, 12, 72, 83, 108, 113, 127, 124, 122, 26, 11, 17, 45, 98, 110, 127, 118, 91, 60, 46, 20, 0, 11, 53, 66, 78, 113, 124, 123, 103]"
Linear,5,exact_guidance_u,69,0,33,32,"[129, 26, 0, 2, 12, 72, 83, 108, 113, 127, 124, 122, 26, 11, 17, 45, 98, 110, 127, 118, 91, 60, 46, 20, 0, 11, 53, 66, 78, 113, 124, 123, 103]","[26, 0, 2, 12, 72, 83, 108, 113, 127, 124, 122, 26, 11, 17, 45, 98, 110, 127, 118, 91, 60, 46, 20, 0, 11, 53, 66, 78, 113, 124, 123, 103]"
Linear,5,exact_guidance_u,70,0,33,32,"[129, 26, 0, 2, 12, 72, 83, 108, 113, 127, 124, 122, 26, 11, 17, 45, 98, 110, 127, 118, 91, 60, 46, 20, 0, 11, 53, 66, 78, 113, 124, 123, 103]","[26, 0, 2, 12, 72, 83, 108, 113, 127, 124, 122, 26, 11, 17, 45, 98, 110, 127, 118, 91, 60, 46, 20, 0, 11, 53, 66, 78, 113, 124, 123, 103]"
Linear,5,exact_guidance_u,71,0,35,34,"[129, 26, 0, 2, 12, 72, 83, 108, 113, 127, 127, 124, 122, 26, 11, 17, 45, 98, 110, 127, 118, 91, 60, 46, 20, 0, 11, 18, 53, 66, 78, 113, 124, 123, 103]","[26, 0, 2, 12, 72, 83, 108, 113, 127, 127, 124, 122, 26, 11, 17, 45, 98, 110, 127, 118, 91, 60, 46, 20, 0, 11, 18, 53, 66, 78, 113, 124, 123, 103]"
Linear,5,exact_guidance_u,72,0,35,34,"[129, 26, 0, 2, 12, 72, 83, 108, 113, 127, 127, 124, 122, 26, 11, 17, 45, 98, 110, 127, 118, 91, 60, 46, 20, 0, 11, 18, 53, 66, 78, 113, 124, 123, 103]","[26, 0, 2, 12, 72, 83, 108, 113, 127, 127, 124, 122, 26, 11, 17, 45, 98, 110, 127, 118, 91, 60, 46, 20, 0, 11, 18, 53, 66, 78, 113, 124, 123, 103]"
Linear,5,exact_guidance_u,73,0,35,34,"[129, 26, 0, 2, 12, 72, 83, 108, 113, 127, 127, 124, 122, 26, 11, 17, 45, 98, 110, 127, 118, 91, 60, 46, 20, 0, 11, 18, 53, 66, 78, 113, 124, 123, 103]","[26, 0, 2, 12, 72, 83, 108, 113, 127, 127, 124, 122, 26, 11, 17, 45, 98, 110, 127, 118, 91, 60, 46, 20, 0, 11, 18, 53, 66, 78, 113, 124, 123, 103]"
Linear,5,exact_guidance_u,74,0,35,34,"[129, 26, 0, 2, 12, 72, 83, 108, 113, 127, 127, 124, 122, 26, 11, 17, 45, 98, 110, 127, 118, 91, 60, 46, 20, 0, 11, 18, 53, 66, 78, 113, 124, 123, 103]","[26, 0, 2, 12, 72, 83, 108, 113, 127, 127, 124, 122, 26, 11, 17, 45, 98, 110, 127, 118, 91, 60, 46, 20, 0, 11, 18, 53, 66, 78, 113, 124, 123, 103]"
Linear,5,exact_guidance_u,75,0,36,35,"[129, 26, 0, 2, 12, 82, 72, 83, 108, 113, 127, 127, 124, 122, 26, 11, 17, 45, 98, 110, 127, 118, 91, 60, 46, 20, 0, 11, 18, 53, 66, 78, 113, 124, 123, 103]","[26, 0, 2, 12, 82, 72, 83, 108, 113, 127, 127, 124, 122, 26, 11, 17, 45, 98, 110, 127, 118, 91, 60, 46, 20, 0, 11, 18, 53, 66, 78, 113, 124, 123, 103]"
Linear,5,exact_guidance_u,76,0,36,35,"[129, 26, 0, 2, 12, 82, 72, 83, 108, 113, 127, 127, 124, 122, 26, 11, 17, 45, 98, 110, 127, 118, 91, 60, 46, 20, 0, 11, 18, 53, 66, 78, 113, 124, 123, 103]","[26, 0, 2, 12, 82, 72, 83, 108, 113, 127, 127, 124, 122, 26, 11, 17, 45, 98, 110, 127, 118, 91, 60, 46, 20, 0, 11, 18, 53, 66, 78, 113, 124, 123, 103]"
Linear,5,exact_guidance_u,77,0,38,37,"[129, 26, 0, 2, 12, 82, 72, 83, 108, 113, 127, 127, 124, 122, 26, 11, 17, 45, 98, 110, 127, 118, 118, 91, 60, 46, 35, 20, 0, 11, 18, 53, 66, 78, 113, 124, 123, 103]","[26, 0, 2, 12, 82, 72, 83, 108, 113, 127, 127, 124, 122, 26, 11, 17, 45, 98, 110, 127, 118, 118, 91, 60, 46, 35, 20, 0, 11, 18, 53, 66, 78, 113, 124, 123, 103]"
Linear,5,exact_guidance_u,78,0,38,37,"[129, 26, 0, 2, 12, 82, 72, 83, 108, 113, 127, 127, 124, 122, 26, 11, 17, 45, 98, 110, 127, 118, 118, 91, 60, 46, 35, 20, 0, 11, 18, 53, 66, 78, 113, 124, 123, 103]","[26, 0, 2, 12, 82, 72, 83, 108, 113, 127, 127, 124, 122, 26, 11, 17, 45, 98, 110, 127, 118, 118, 91, 60, 46, 35, 20, 0, 11, 18, 53, 66, 78, 113, 124, 123, 103]"
Linear,5,exact_guidance_u,79,0,38,37,"[129, 26, 0, 2, 12, 82, 72, 83, 108, 113, 127, 127, 124, 122, 26, 11, 17, 45, 98, 110, 127, 118, 118, 91, 60, 46, 35, 20, 0, 11, 18, 53, 66, 78, 113, 124, 123, 103]","[26, 0, 2, 12, 82, 72, 83, 108, 113, 127, 127, 124, 122, 26, 11, 17, 45, 98, 110, 127, 118, 118, 91, 60, 46, 35, 20, 0, 11, 18, 53, 66, 78, 113, 124, 123, 103]"
Linear,5,exact_guidance_u,80,0,38,37,"[129, 26, 0, 2, 12, 82, 72, 83, 108, 113, 127, 127, 124, 122, 26, 11, 17, 45, 98, 110, 127, 118, 118, 91, 60, 46, 35, 20, 0, 11, 18, 53, 66, 78, 113, 124, 123, 103]","[26, 0, 2, 12, 82, 72, 83, 108, 113, 127, 127, 124, 122, 26, 11, 17, 45, 98, 110, 127, 118, 118, 91, 60, 46, 35, 20, 0, 11, 18, 53, 66, 78, 113, 124, 123, 103]"
Linear,5,exact_guidance_u,81,0,38,37,"[129, 26, 0, 2, 12, 82, 72, 83, 108, 113, 127, 127, 124, 122, 26, 11, 17, 45, 98, 110, 127, 118, 118, 91, 60, 46, 35, 20, 0, 11, 18, 53, 66, 78, 113, 124, 123, 103]","[26, 0, 2, 12, 82, 72, 83, 108, 113, 127, 127, 124, 122, 26, 11, 17, 45, 98, 110, 127, 118, 118, 91, 60, 46, 35, 20, 0, 11, 18, 53, 66, 78, 113, 124, 123, 103]"
Linear,5,exact_guidance_u,82,0,38,37,"[129, 26, 0, 2, 12, 82, 72, 83, 108, 113, 127, 127, 124, 122, 26, 11, 17, 45, 98, 110, 127, 118, 118, 91, 60, 46, 35, 20, 0, 11, 18, 53, 66, 78, 113, 124, 123, 103]","[26, 0, 2, 12, 82, 72, 83, 108, 113, 127, 127, 124, 122, 26, 11, 17, 45, 98, 110, 127, 118, 118, 91, 60, 46, 35, 20, 0, 11, 18, 53, 66, 78, 113, 124, 123, 103]"
Linear,5,exact_guidance_u,83,0,38,37,"[129, 26, 0, 2, 12, 82, 72, 83, 108, 113, 127, 127, 124, 122, 26, 11, 17, 45, 98, 110, 127, 118, 118, 91, 60, 46, 35, 20, 0, 11, 18, 53, 66, 78, 113, 124, 123, 103]","[26, 0, 2, 12, 82, 72, 83, 108, 113, 127, 127, 124, 122, 26, 11, 17, 45, 98, 110, 127, 118, 118, 91, 60, 46, 35, 20, 0, 11, 18, 53, 66, 78, 113, 124, 123, 103]"
Linear,5,exact_guidance_u,84,0,39,38,"[129, 26, 0, 2, 12, 40, 82, 72, 83, 108, 113, 127, 127, 124, 122, 26, 11, 17, 45, 98, 110, 127, 118, 118, 91, 60, 46, 35, 20, 0, 11, 18, 53, 66, 78, 113, 124, 123, 103]","[26, 0, 2, 12, 40, 82, 72, 83, 108, 113, 127, 127, 124, 122, 26, 11, 17, 45, 98, 110, 127, 118, 118, 91, 60, 46, 35, 20, 0, 11, 18, 53, 66, 78, 113, 124, 123, 103]"
Linear,5,exact_guidance_u,85,0,41,40,"[129, 26, 0, 2, 0, 12, 40, 82, 72, 83, 108, 113, 127, 127, 124, 122, 26, 11, 17, 45, 98, 110, 127, 118, 118, 91, 60, 46, 35, 20, 0, 11, 18, 53, 66, 78, 113, 124, 125, 123, 103]","[26, 0, 2, 0, 12, 40, 82, 72, 83, 108, 113, 127, 127, 124, 122, 26, 11, 17, 45, 98, 110, 127, 118, 118, 91, 60, 46, 35, 20, 0, 11, 18, 53, 66, 78, 113, 124, 125, 123, 103]"
Linear,5,exact_guidance_u,86,0,42,41,"[129, 26, 0, 2, 0, 12, 40, 82, 72, 83, 108, 113, 127, 127, 124, 122, 26, 11, 17, 45, 98, 110, 127, 118, 118, 91, 60, 46, 35, 20, 0, 11, 18, 53, 66, 78, 113, 124, 125, 119, 123, 103]","[26, 0, 2, 0, 12, 40, 82, 72, 83, 108, 113, 127, 127, 124, 122, 26, 11, 17, 45, 98, 110, 127, 118, 118, 91, 60, 46, 35, 20, 0, 11, 18, 53, 66, 78, 113, 124, 125, 119, 123, 103]"
Linear,5,exact_guidance_u,87,0,42,41,"[129, 26, 0, 2, 0, 12, 40, 82, 72, 83, 108, 113, 127, 127, 124, 122, 26, 11, 17, 45, 98, 110, 127, 118, 118, 91, 60, 46, 35, 20, 0, 11, 18, 53, 66, 78, 113, 124, 125, 119, 123, 103]","[26, 0, 2, 0, 12, 40, 82, 72, 83, 108, 113, 127, 127, 124, 122, 26, 11, 17, 45, 98, 110, 127, 118, 118, 91, 60, 46, 35, 20, 0, 11, 18, 53, 66, 78, 113, 124, 125, 119, 123, 103]"
Linear,5,exact_guidance_u,88,0,43,42,"[129, 26, 0, 2, 0, 7, 12, 40, 82, 72, 83, 108, 113, 127, 127, 124, 122, 26, 11, 17, 45, 98, 110, 127, 118, 118, 91, 60, 46, 35, 20, 0, 11, 18, 53, 66, 78, 113, 124, 125, 119, 123, 103]","[26, 0, 2, 0, 7, 12, 40, 82, 72, 83, 108, 113, 127, 127, 124, 122, 26, 11, 17, 45, 98, 110, 127, 118, 118, 91, 60, 46, 35, 20, 0, 11, 18, 53, 66, 78, 113, 124, 125, 119, 123, 103]"
Linear,5,exact_guidance_u,89,0,45,44,"[129, 26, 0, 2, 0, 7, 12, 40, 82, 72, 83, 104, 108, 113, 127, 127, 124, 122, 26, 11, 17, 45, 98, 110, 127, 118, 125, 118, 91, 60, 46, 35, 20, 0, 11, 18, 53, 66, 78, 113, 124, 125, 119, 123, 103]","[26, 0, 2, 0, 7, 12, 40, 82, 72, 83, 104, 108, 113, 127, 127, 124, 122, 26, 11, 17, 45, 98, 110, 127, 118, 125, 118, 91, 60, 46, 35, 20, 0, 11, 18, 53, 66, 78, 113, 124, 125, 119, 123, 103]"
Linear,5,exact_guidance_u,90,0,45,44,"[129, 26, 0, 2, 0, 7, 12, 40, 82, 72, 83, 104, 108, 113, 127, 127, 124, 122, 26, 11, 17, 45, 98, 110, 127, 118, 125, 118, 91, 60, 46, 35, 20, 0, 11, 18, 53, 66, 78, 113, 124, 125, 119, 123, 103]","[26, 0, 2, 0, 7, 12, 40, 82, 72, 83, 104, 108, 113, 127, 127, 124, 122, 26, 11, 17, 45, 98, 110, 127, 118, 125, 118, 91, 60, 46, 35, 20, 0, 11, 18, 53, 66, 78, 113, 124, 125, 119, 123, 103]"
Linear,5,exact_guidance_u,91,0,45,44,"[129, 26, 0, 2, 0, 7, 12, 40, 82, 72, 83, 104, 108, 113, 127, 127, 124, 122, 26, 11, 17, 45, 98, 110, 127, 118, 125, 118, 91, 60, 46, 35, 20, 0, 11, 18, 53, 66, 78, 113, 124, 125, 119, 123, 103]","[26, 0, 2, 0, 7, 12, 40, 82, 72, 83, 104, 108, 113, 127, 127, 124, 122, 26, 11, 17, 45, 98, 110, 127, 118, 125, 118, 91, 60, 46, 35, 20, 0, 11, 18, 53, 66, 78, 113, 124, 125, 119, 123, 103]"
Linear,5,exact_guidance_u,92,0,45,44,"[129, 26, 0, 2, 0, 7, 12, 40, 82, 72, 83, 104, 108, 113, 127, 127, 124, 122, 26, 11, 17, 45, 98, 110, 127, 118, 125, 118, 91, 60, 46, 35, 20, 0, 11, 18, 53, 66, 78, 113, 124, 125, 119, 123, 103]","[26, 0, 2, 0, 7, 12, 40, 82, 72, 83, 104, 108, 113, 127, 127, 124, 122, 26, 11, 17, 45, 98, 110, 127, 118, 125, 118, 91, 60, 46, 35, 20, 0, 11, 18, 53, 66, 78, 113, 124, 125, 119, 123, 103]"
Linear,5,exact_guidance_u,93,0,45,44,"[129, 26, 0, 2, 0, 7, 12, 40, 82, 72, 83, 104, 108, 113, 127, 127, 124, 122, 26, 11, 17, 45, 98, 110, 127, 118, 125, 118, 91, 60, 46, 35, 20, 0, 11, 18, 53, 66, 78, 113, 124, 125, 119, 123, 103]","[26, 0, 2, 0, 7, 12, 40, 82, 72, 83, 104, 108, 113, 127, 127, 124, 122, 26, 11, 17, 45, 98, 110, 127, 118, 125, 118, 91, 60, 46, 35, 20, 0, 11, 18, 53, 66, 78, 113, 124, 125, 119, 123, 103]"
Linear,5,exact_guidance_u,94,0,45,44,"[129, 26, 0, 2, 0, 7, 12, 40, 82, 72, 83, 104, 108, 113, 127, 127, 124, 122, 26, 11, 17, 45, 98, 110, 127, 118, 125, 118, 91, 60, 46, 35, 20, 0, 11, 18, 53, 66, 78, 113, 124, 125, 119, 123, 103]","[26, 0, 2, 0, 7, 12, 40, 82, 72, 83, 104, 108, 113, 127, 127, 124, 122, 26, 11, 17, 45, 98, 110, 127, 118, 125, 118, 91, 60, 46, 35, 20, 0, 11, 18, 53, 66, 78, 113, 124, 125, 119, 123, 103]"
Linear,5,exact_guidance_u,95,0,46,45,"[129, 26, 0, 2, 0, 7, 12, 40, 82, 72, 83, 104, 108, 113, 127, 127, 124, 122, 26, 11, 17, 45, 76, 98, 110, 127, 118, 125, 118, 91, 60, 46, 35, 20, 0, 11, 18, 53, 66, 78, 113, 124, 125, 119, 123, 103]","[26, 0, 2, 0, 7, 12, 40, 82, 72, 83, 104, 108, 113, 127, 127, 124, 122, 26, 11, 17, 45, 76, 98, 110, 127, 118, 125, 118, 91, 60, 46, 35, 20, 0, 11, 18, 53, 66, 78, 113, 124, 125, 119, 123, 103]"
Linear,5,exact_guidance_u,96,0,48,47,"[129, 26, 0, 2, 0, 7, 12, 40, 82, 72, 83, 104, 108, 123, 113, 127, 127, 124, 122, 26, 11, 17, 45, 76, 98, 110, 127, 118, 125, 118, 91, 60, 46, 35, 20, 4, 0, 11, 18, 53, 66, 78, 113, 124, 125, 119, 123, 103]","[26, 0, 2, 0, 7, 12, 40, 82, 72, 83, 104, 108, 123, 113, 127, 127, 124, 122, 26, 11, 17, 45, 76, 98, 110, 127, 118, 125, 118, 91, 60, 46, 35, 20, 4, 0, 11, 18, 53, 66, 78, 113, 124, 125, 119, 123, 103]"
Linear,5,exact_guidance_u,97,0,48,47,"[129, 26, 0, 2, 0, 7, 12, 40, 82, 72, 83, 104, 108, 123, 113, 127, 127, 124, 122, 26, 11, 17, 45, 76, 98, 110, 127, 118, 125, 118, 91, 60, 46, 35, 20, 4, 0, 11, 18, 53, 66, 78, 113, 124, 125, 119, 123, 103]","[26, 0, 2, 0, 7, 12, 40, 82, 72, 83, 104, 108, 123, 113, 127, 127, 124, 122, 26, 11, 17, 45, 76, 98, 110, 127, 118, 125, 118, 91, 60, 46, 35, 20, 4, 0, 11, 18, 53, 66, 78, 113, 124, 125, 119, 123, 103]"
Linear,5,exact_guidance_u,98,0,48,47,"[129, 26, 0, 2, 0, 7, 12, 40, 82, 72, 83, 104, 108, 123, 113, 127, 127, 124, 122, 26, 11, 17, 45, 76, 98, 110, 127, 118, 125, 118, 91, 60, 46, 35, 20, 4, 0, 11, 18, 53, 66, 78, 113, 124, 125, 119, 123, 103]","[26, 0, 2, 0, 7, 12, 40, 82, 72, 83, 104, 108, 123, 113, 127, 127, 124, 122, 26, 11, 17, 45, 76, 98, 110, 127, 118, 125, 118, 91, 60, 46, 35, 20, 4, 0, 11, 18, 53, 66, 78, 113, 124, 125, 119, 123, 103]"
Linear,5,exact_guidance_u,99,0,49,48,"[129, 26, 0, 2, 0, 7, 12, 40, 82, 72, 83, 104, 108, 123, 113, 127, 127, 124, 122, 26, 11, 17, 45, 76, 98, 110, 127, 118, 125, 118, 91, 60, 46, 35, 34, 20, 4, 0, 11, 18, 53, 66, 78, 113, 124, 125, 119, 123, 103]","[26, 0, 2, 0, 7, 12, 40, 82, 72, 83, 104, 108, 123, 113, 127, 127, 124, 122, 26, 11, 17, 45, 76, 98, 110, 127, 118, 125, 118, 91, 60, 46, 35, 34, 20, 4, 0, 11, 18, 53, 66, 78, 113, 124, 125, 119, 123, 103]"
Linear,5,exact_guidance_u,100,0,50,49,"[129, 26, 0, 2, 0, 7, 12, 40, 82, 72, 83, 104, 108, 123, 113, 127, 127, 124, 122, 92, 26, 11, 17, 45, 76, 98, 110, 127, 118, 125, 118, 91, 60, 46, 35, 34, 20, 4, 0, 11, 18, 53, 66, 78, 113, 124, 125, 119, 123, 103]","[26, 0, 2, 0, 7, 12, 40, 82, 72, 83, 104, 108, 123, 113, 127, 127, 124, 122, 92, 26, 11, 17, 45, 76, 98, 110, 127, 118, 125, 118, 91, 60, 46, 35, 34, 20, 4, 0, 11, 18, 53, 66, 78, 113, 124, 125, 119, 123, 103]"
Linear,5,exact_guidance_u,101,0,50,49,"[129, 26, 0, 2, 0, 7, 12, 40, 82, 72, 83, 104, 108, 123, 113, 127, 127, 124, 122, 92, 26, 11, 17, 45, 76, 98, 110, 127, 118, 125, 118, 91, 60, 46, 35, 34, 20, 4, 0, 11, 18, 53, 66, 78, 113, 124, 125, 119, 123, 103]","[26, 0, 2, 0, 7, 12, 40, 82, 72, 83, 104, 108, 123, 113, 127, 127, 124, 122, 92, 26, 11, 17, 45, 76, 98, 110, 127, 118, 125, 118, 91, 60, 46, 35, 34, 20, 4, 0, 11, 18, 53, 66, 78, 113, 124, 125, 119, 123, 103]"
Linear,5,exact_guidance_u,102,0,50,49,"[129, 26, 0, 2, 0, 7, 12, 40, 82, 72, 83, 104, 108, 123, 113, 127, 127, 124, 122, 92, 26, 11, 17, 45, 76, 98, 110, 127, 118, 125, 118, 91, 60, 46, 35, 34, 20, 4, 0, 11, 18, 53, 66, 78, 113, 124, 125, 119, 123, 103]","[26, 0, 2, 0, 7, 12, 40, 82, 72, 83, 104, 108, 123, 113, 127, 127, 124, 122, 92, 26, 11, 17, 45, 76, 98, 110, 127, 118, 125, 118, 91, 60, 46, 35, 34, 20, 4, 0, 11, 18, 53, 66, 78, 113, 124, 125, 119, 123, 103]"
Linear,5,exact_guidance_u,103,0,50,49,"[129, 26, 0, 2, 0, 7, 12, 40, 82, 72, 83, 104, 108, 123, 113, 127, 127, 124, 122, 92, 26, 11, 17, 45, 76, 98, 110, 127, 118, 125, 118, 91, 60, 46, 35, 34, 20, 4, 0, 11, 18, 53, 66, 78, 113, 124, 125, 119, 123, 103]","[26, 0, 2, 0, 7, 12, 40, 82, 72, 83, 104, 108, 123, 113, 127, 127, 124, 122, 92, 26, 11, 17, 45, 76, 98, 110, 127, 118, 125, 118, 91, 60, 46, 35, 34, 20, 4, 0, 11, 18, 53, 66, 78, 113, 124, 125, 119, 123, 103]"
Linear,5,exact_guidance_u,104,0,50,49,"[129, 26, 0, 2, 0, 7, 12, 40, 82, 72, 83, 104, 108, 123, 113, 127, 127, 124, 122, 92, 26, 11, 17, 45, 76, 98, 110, 127, 118, 125, 118, 91, 60, 46, 35, 34, 20, 4, 0, 11, 18, 53, 66, 78, 113, 124, 125, 119, 123, 103]","[26, 0, 2, 0, 7, 12, 40, 82, 72, 83, 104, 108, 123, 113, 127, 127, 124, 122, 92, 26, 11, 17, 45, 76, 98, 110, 127, 118, 125, 118, 91, 60, 46, 35, 34, 20, 4, 0, 11, 18, 53, 66, 78, 113, 124, 125, 119, 123, 103]"
Linear,5,exact_guidance_u,105,0,50,49,"[129, 26, 0, 2, 0, 7, 12, 40, 82, 72, 83, 104, 108, 123, 113, 127, 127, 124, 122, 92, 26, 11, 17, 45, 76, 98, 110, 127, 118, 125, 118, 91, 60, 46, 35, 34, 20, 4, 0, 11, 18, 53, 66, 78, 113, 124, 125, 119, 123, 103]","[26, 0, 2, 0, 7, 12, 40, 82, 72, 83, 104, 108, 123, 113, 127, 127, 124, 122, 92, 26, 11, 17, 45, 76, 98, 110, 127, 118, 125, 118, 91, 60, 46, 35, 34, 20, 4, 0, 11, 18, 53, 66, 78, 113, 124, 125, 119, 123, 103]"
Linear,5,exact_guidance_u,106,0,50,49,"[129, 26, 0, 2, 0, 7, 12, 40, 82, 72, 83, 104, 108, 123, 113, 127, 127, 124, 122, 92, 26, 11, 17, 45, 76, 98, 110, 127, 118, 125, 118, 91, 60, 46, 35, 34, 20, 4, 0, 11, 18, 53, 66, 78, 113, 124, 125, 119, 123, 103]","[26, 0, 2, 0, 7, 12, 40, 82, 72, 83, 104, 108, 123, 113, 127, 127, 124, 122, 92, 26, 11, 17, 45, 76, 98, 110, 127, 118, 125, 118, 91, 60, 46, 35, 34, 20, 4, 0, 11, 18, 53, 66, 78, 113, 124, 125, 119, 123, 103]"
Linear,5,exact_guidance_u,107,0,50,49,"[129, 26, 0, 2, 0, 7, 12, 40, 82, 72, 83, 104, 108, 123, 113, 127, 127, 124, 122, 92, 26, 11, 17, 45, 76, 98, 110, 127, 118, 125, 118, 91, 60, 46, 35, 34, 20, 4, 0, 11, 18, 53, 66, 78, 113, 124, 125, 119, 123, 103]","[26, 0, 2, 0, 7, 12, 40, 82, 72, 83, 104, 108, 123, 113, 127, 127, 124, 122, 92, 26, 11, 17, 45, 76, 98, 110, 127, 118, 125, 118, 91, 60, 46, 35, 34, 20, 4, 0, 11, 18, 53, 66, 78, 113, 124, 125, 119, 123, 103]"
Linear,5,exact_guidance_u,108,0,50,49,"[129, 26, 0, 2, 0, 7, 12, 40, 82, 72, 83, 104, 108, 123, 113, 127, 127, 124, 122, 92, 26, 11, 17, 45, 76, 98, 110, 127, 118, 125, 118, 91, 60, 46, 35, 34, 20, 4, 0, 11, 18, 53, 66, 78, 113, 124, 125, 119, 123, 103]","[26, 0, 2, 0, 7, 12, 40, 82, 72, 83, 104, 108, 123, 113, 127, 127, 124, 122, 92, 26, 11, 17, 45, 76, 98, 110, 127, 118, 125, 118, 91, 60, 46, 35, 34, 20, 4, 0, 11, 18, 53, 66, 78, 113, 124, 125, 119, 123, 103]"
Linear,5,exact_guidance_u,109,0,50,49,"[129, 26, 0, 2, 0, 7, 12, 40, 82, 72, 83, 104, 108, 123, 113, 127, 127, 124, 122, 92, 26, 11, 17, 45, 76, 98, 110, 127, 118, 125, 118, 91, 60, 46, 35, 34, 20, 4, 0, 11, 18, 53, 66, 78, 113, 124, 125, 119, 123, 103]","[26, 0, 2, 0, 7, 12, 40, 82, 72, 83, 104, 108, 123, 113, 127, 127, 124, 122, 92, 26, 11, 17, 45, 76, 98, 110, 127, 118, 125, 118, 91, 60, 46, 35, 34, 20, 4, 0, 11, 18, 53, 66, 78, 113, 124, 125, 119, 123, 103]"
Linear,5,exact_guidance_u,110,0,50,49,"[129, 26, 0, 2, 0, 7, 12, 40, 82, 72, 83, 104, 108, 123, 113, 127, 127, 124, 122, 92, 26, 11, 17, 45, 76, 98, 110, 127, 118, 125, 118, 91, 60, 46, 35, 34, 20, 4, 0, 11, 18, 53, 66, 78, 113, 124, 125, 119, 123, 103]","[26, 0, 2, 0, 7, 12, 40, 82, 72, 83, 104, 108, 123, 113, 127, 127, 124, 122, 92, 26, 11, 17, 45, 76, 98, 110, 127, 118, 125, 118, 91, 60, 46, 35, 34, 20, 4, 0, 11, 18, 53, 66, 78, 113, 124, 125, 119, 123, 103]"
Linear,5,exact_guidance_u,111,0,50,49,"[129, 26, 0, 2, 0, 7, 12, 40, 82, 72, 83, 104, 108, 123, 113, 127, 127, 124, 122, 92, 26, 11, 17, 45, 76, 98, 110, 127, 118, 125, 118, 91, 60, 46, 35, 34, 20, 4, 0, 11, 18, 53, 66, 78, 113, 124, 125, 119, 123, 103]","[26, 0, 2, 0, 7, 12, 40, 82, 72, 83, 104, 108, 123, 113, 127, 127, 124, 122, 92, 26, 11, 17, 45, 76, 98, 110, 127, 118, 125, 118, 91, 60, 46, 35, 34, 20, 4, 0, 11, 18, 53, 66, 78, 113, 124, 125, 119, 123, 103]"
Linear,5,exact_guidance_u,112,0,50,49,"[129, 26, 0, 2, 0, 7, 12, 40, 82, 72, 83, 104, 108, 123, 113, 127, 127, 124, 122, 92, 26, 11, 17, 45, 76, 98, 110, 127, 118, 125, 118, 91, 60, 46, 35, 34, 20, 4, 0, 11, 18, 53, 66, 78, 113, 124, 125, 119, 123, 103]","[26, 0, 2, 0, 7, 12, 40, 82, 72, 83, 104, 108, 123, 113, 127, 127, 124, 122, 92, 26, 11, 17, 45, 76, 98, 110, 127, 118, 125, 118, 91, 60, 46, 35, 34, 20, 4, 0, 11, 18, 53, 66, 78, 113, 124, 125, 119, 123, 103]"
Linear,5,exact_guidance_u,113,0,50,49,"[129, 26, 0, 2, 0, 7, 12, 40, 82, 72, 83, 104, 108, 123, 113, 127, 127, 124, 122, 92, 26, 11, 17, 45, 76, 98, 110, 127, 118, 125, 118, 91, 60, 46, 35, 34, 20, 4, 0, 11, 18, 53, 66, 78, 113, 124, 125, 119, 123, 103]","[26, 0, 2, 0, 7, 12, 40, 82, 72, 83, 104, 108, 123, 113, 127, 127, 124, 122, 92, 26, 11, 17, 45, 76, 98, 110, 127, 118, 125, 118, 91, 60, 46, 35, 34, 20, 4, 0, 11, 18, 53, 66, 78, 113, 124, 125, 119, 123, 103]"
Linear,5,exact_guidance_u,114,0,50,49,"[129, 26, 0, 2, 0, 7, 12, 40, 82, 72, 83, 104, 108, 123, 113, 127, 127, 124, 122, 92, 26, 11, 17, 45, 76, 98, 110, 127, 118, 125, 118, 91, 60, 46, 35, 34, 20, 4, 0, 11, 18, 53, 66, 78, 113, 124, 125, 119, 123, 103]","[26, 0, 2, 0, 7, 12, 40, 82, 72, 83, 104, 108, 123, 113, 127, 127, 124, 122, 92, 26, 11, 17, 45, 76, 98, 110, 127, 118, 125, 118, 91, 60, 46, 35, 34, 20, 4, 0, 11, 18, 53, 66, 78, 113, 124, 125, 119, 123, 103]"
Linear,5,exact_guidance_u,115,0,50,49,"[129, 26, 0, 2, 0, 7, 12, 40, 82, 72, 83, 104, 108, 123, 113, 127, 127, 124, 122, 92, 26, 11, 17, 45, 76, 98, 110, 127, 118, 125, 118, 91, 60, 46, 35, 34, 20, 4, 0, 11, 18, 53, 66, 78, 113, 124, 125, 119, 123, 103]","[26, 0, 2, 0, 7, 12, 40, 82, 72, 83, 104, 108, 123, 113, 127, 127, 124, 122, 92, 26, 11, 17, 45, 76, 98, 110, 127, 118, 125, 118, 91, 60, 46, 35, 34, 20, 4, 0, 11, 18, 53, 66, 78, 113, 124, 125, 119, 123, 103]"
Linear,5,exact_guidance_u,116,0,50,49,"[129, 26, 0, 2, 0, 7, 12, 40, 82, 72, 83, 104, 108, 123, 113, 127, 127, 124, 122, 92, 26, 11, 17, 45, 76, 98, 110, 127, 118, 125, 118, 91, 60, 46, 35, 34, 20, 4, 0, 11, 18, 53, 66, 78, 113, 124, 125, 119, 123, 103]","[26, 0, 2, 0, 7, 12, 40, 82, 72, 83, 104, 108, 123, 113, 127, 127, 124, 122, 92, 26, 11, 17, 45, 76, 98, 110, 127, 118, 125, 118, 91, 60, 46, 35, 34, 20, 4, 0, 11, 18, 53, 66, 78, 113, 124, 125, 119, 123, 103]"
Linear,5,exact_guidance_u,117,0,51,50,"[129, 26, 0, 2, 0, 7, 12, 40, 82, 72, 83, 104, 108, 123, 113, 127, 127, 124, 122, 92, 26, 11, 17, 37, 45, 76, 98, 110, 127, 118, 125, 118, 91, 60, 46, 35, 34, 20, 4, 0, 11, 18, 53, 66, 78, 113, 124, 125, 119, 123, 103]","[26, 0, 2, 0, 7, 12, 40, 82, 72, 83, 104, 108, 123, 113, 127, 127, 124, 122, 92, 26, 11, 17, 37, 45, 76, 98, 110, 127, 118, 125, 118, 91, 60, 46, 35, 34, 20, 4, 0, 11, 18, 53, 66, 78, 113, 124, 125, 119, 123, 103]"
Linear,5,exact_guidance_u,118,0,51,50,"[129, 26, 0, 2, 0, 7, 12, 40, 82, 72, 83, 104, 108, 123, 113, 127, 127, 124, 122, 92, 26, 11, 17, 37, 45, 76, 98, 110, 127, 118, 125, 118, 91, 60, 46, 35, 34, 20, 4, 0, 11, 18, 53, 66, 78, 113, 124, 125, 119, 123, 103]","[26, 0, 2, 0, 7, 12, 40, 82, 72, 83, 104, 108, 123, 113, 127, 127, 124, 122, 92, 26, 11, 17, 37, 45, 76, 98, 110, 127, 118, 125, 118, 91, 60, 46, 35, 34, 20, 4, 0, 11, 18, 53, 66, 78, 113, 124, 125, 119, 123, 103]"
Linear,5,exact_guidance_u,119,0,51,50,"[129, 26, 0, 2, 0, 7, 12, 40, 82, 72, 83, 104, 108, 123, 113, 127, 127, 124, 122, 92, 26, 11, 17, 37, 45, 76, 98, 110, 127, 118, 125, 118, 91, 60, 46, 35, 34, 20, 4, 0, 11, 18, 53, 66, 78, 113, 124, 125, 119, 123, 103]","[26, 0, 2, 0, 7, 12, 40, 82, 72, 83, 104, 108, 123, 113, 127, 127, 124, 122, 92, 26, 11, 17, 37, 45, 76, 98, 110, 127, 118, 125, 118, 91, 60, 46, 35, 34, 20, 4, 0, 11, 18, 53, 66, 78, 113, 124, 125, 119, 123, 103]"
Linear,5,exact_guidance_u,120,0,51,50,"[129, 26, 0, 2, 0, 7, 12, 40, 82, 72, 83, 104, 108, 123, 113, 127, 127, 124, 122, 92, 26, 11, 17, 37, 45, 76, 98, 110, 127, 118, 125, 118, 91, 60, 46, 35, 34, 20, 4, 0, 11, 18, 53, 66, 78, 113, 124, 125, 119, 123, 103]","[26, 0, 2, 0, 7, 12, 40, 82, 72, 83, 104, 108, 123, 113, 127, 127, 124, 122, 92, 26, 11, 17, 37, 45, 76, 98, 110, 127, 118, 125, 118, 91, 60, 46, 35, 34, 20, 4, 0, 11, 18, 53, 66, 78, 113, 124, 125, 119, 123, 103]"
Linear,5,exact_guidance_u,121,0,52,51,"[129, 26, 0, 2, 0, 7, 12, 40, 82, 72, 83, 104, 108, 123, 113, 127, 127, 124, 122, 92, 26, 11, 17, 37, 45, 81, 76, 98, 110, 127, 118, 125, 118, 91, 60, 46, 35, 34, 20, 4, 0, 11, 18, 53, 66, 78, 113, 124, 125, 119, 123, 103]","[26, 0, 2, 0, 7, 12, 40, 82, 72, 83, 104, 108, 123, 113, 127, 127, 124, 122, 92, 26, 11, 17, 37, 45, 81, 76, 98, 110, 127, 118, 125, 118, 91, 60, 46, 35, 34, 20, 4, 0, 11, 18, 53, 66, 78, 113, 124, 125, 119, 123, 103]"
Linear,5,exact_guidance_u,122,0,52,51,"[129, 26, 0, 2, 0, 7, 12, 40, 82, 72, 83, 104, 108, 123, 113, 127, 127, 124, 122, 92, 26, 11, 17, 37, 45, 81, 76, 98, 110, 127, 118, 125, 118, 91, 60, 46, 35, 34, 20, 4, 0, 11, 18, 53, 66, 78, 113, 124, 125, 119, 123, 103]","[26, 0, 2, 0, 7, 12, 40, 82, 72, 83, 104, 108, 123, 113, 127, 127, 124, 122, 92, 26, 11, 17, 37, 45, 81, 76, 98, 110, 127, 118, 125, 118, 91, 60, 46, 35, 34, 20, 4, 0, 11, 18, 53, 66, 78, 113, 124, 125, 119, 123, 103]"
Linear,5,exact_guidance_u,123,0,53,52,"[129, 26, 0, 2, 0, 7, 12, 40, 82, 72, 83, 104, 108, 123, 113, 127, 127, 124, 122, 92, 26, 11, 17, 37, 45, 81, 76, 98, 110, 127, 118, 125, 118, 91, 60, 46, 35, 34, 20, 4, 0, 11, 18, 53, 66, 78, 113, 124, 125, 124, 119, 123, 103]","[26, 0, 2, 0, 7, 12, 40, 82, 72, 83, 104, 108, 123, 113, 127, 127, 124, 122, 92, 26, 11, 17, 37, 45, 81, 76, 98, 110, 127, 118, 125, 118, 91, 60, 46, 35, 34, 20, 4, 0, 11, 18, 53, 66, 78, 113, 124, 125, 124, 119, 123, 103]"
Linear,5,exact_guidance_u,124,0,54,53,"[129, 26, 0, 2, 0, 7, 12, 40, 82, 72, 83, 104, 108, 123, 113, 127, 127, 124, 122, 92, 26, 11, 17, 37, 45, 81, 76, 98, 110, 127, 118, 125, 118, 91, 60, 46, 35, 34, 20, 4, 0, 11, 18, 53, 66, 78, 97, 113, 124, 125, 124, 119, 123, 103]","[26, 0, 2, 0, 7, 12, 40, 82, 72, 83, 104, 108, 123, 113, 127, 127, 124, 122, 92, 26, 11, 17, 37, 45, 81, 76, 98, 110, 127, 118, 125, 118, 91, 60, 46, 35, 34, 20, 4, 0, 11, 18, 53, 66, 78, 97, 113, 124, 125, 124, 119, 123, 103]"
Linear,5,exact_guidance_u,125,0,54,53,"[129, 26, 0, 2, 0, 7, 12, 40, 82, 72, 83, 104, 108, 123, 113, 127, 127, 124, 122, 92, 26, 11, 17, 37, 45, 81, 76, 98, 110, 127, 118, 125, 118, 91, 60, 46, 35, 34, 20, 4, 0, 11, 18, 53, 66, 78, 97, 113, 124, 125, 124, 119, 123, 103]","[26, 0, 2, 0, 7, 12, 40, 82, 72, 83, 104, 108, 123, 113, 127, 127, 124, 122, 92, 26, 11, 17, 37, 45, 81, 76, 98, 110, 127, 118, 125, 118, 91, 60, 46, 35, 34, 20, 4, 0, 11, 18, 53, 66, 78, 97, 113, 124, 125, 124, 119, 123, 103]"
Linear,5,exact_guidance_u,126,0,55,54,"[129, 26, 0, 2, 0, 7, 12, 40, 82, 72, 83, 104, 108, 123, 113, 127, 127, 124, 122, 92, 26, 11, 17, 37, 45, 81, 76, 98, 110, 127, 118, 125, 118, 91, 60, 46, 35, 34, 20, 4, 0, 11, 18, 28, 53, 66, 78, 97, 113, 124, 125, 124, 119, 123, 103]","[26, 0, 2, 0, 7, 12, 40, 82, 72, 83, 104, 108, 123, 113, 127, 127, 124, 122, 92, 26, 11, 17, 37, 45, 81, 76, 98, 110, 127, 118, 125, 118, 91, 60, 46, 35, 34, 20, 4, 0, 11, 18, 28, 53, 66, 78, 97, 113, 124, 125, 124, 119, 123, 103]"
Linear,5,exact_guidance_u,127,0,55,54,"[129, 26, 0, 2, 0, 7, 12, 40, 82, 72, 83, 104, 108, 123, 113, 127, 127, 124, 122, 92, 26, 11, 17, 37, 45, 81, 76, 98, 110, 127, 118, 125, 118, 91, 60, 46, 35, 34, 20, 4, 0, 11, 18, 28, 53, 66, 78, 97, 113, 124, 125, 124, 119, 123, 103]","[26, 0, 2, 0, 7, 12, 40, 82, 72, 83, 104, 108, 123, 113, 127, 127, 124, 122, 92, 26, 11, 17, 37, 45, 81, 76, 98, 110, 127, 118, 125, 118, 91, 60, 46, 35, 34, 20, 4, 0, 11, 18, 28, 53, 66, 78, 97, 113, 124, 125, 124, 119, 123, 103]"
Linear,5,exact_guidance_u,128,0,57,56,"[129, 26, 0, 2, 0, 7, 12, 40, 82, 72, 83, 104, 108, 123, 113, 127, 127, 124, 122, 92, 26, 11, 0, 17, 37, 45, 81, 76, 98, 110, 127, 118, 125, 118, 91, 60, 46, 35, 34, 20, 4, 0, 0, 11, 18, 28, 53, 66, 78, 97, 113, 124, 125, 124, 119, 123, 103]","[26, 0, 2, 0, 7, 12, 40, 82, 72, 83, 104, 108, 123, 113, 127, 127, 124, 122, 92, 26, 11, 0, 17, 37, 45, 81, 76, 98, 110, 127, 118, 125, 118, 91, 60, 46, 35, 34, 20, 4, 0, 0, 11, 18, 28, 53, 66, 78, 97, 113, 124, 125, 124, 119, 123, 103]"
Linear,5,exact_guidance_u,129,0,57,56,"[129, 26, 0, 2, 0, 7, 12, 40, 82, 72, 83, 104, 108, 123, 113, 127, 127, 124, 122, 92, 26, 11, 0, 17, 37, 45, 81, 76, 98, 110, 127, 118, 125, 118, 91, 60, 46, 35, 34, 20, 4, 0, 0, 11, 18, 28, 53, 66, 78, 97, 113, 124, 125, 124, 119, 123, 103]","[26, 0, 2, 0, 7, 12, 40, 82, 72, 83, 104, 108, 123, 113, 127, 127, 124, 122, 92, 26, 11, 0, 17, 37, 45, 81, 76, 98, 110, 127, 118, 125, 118, 91, 60, 46, 35, 34, 20, 4, 0, 0, 11, 18, 28, 53, 66, 78, 97, 113, 124, 125, 124, 119, 123, 103]"
Linear,5,exact_guidance_u,130,0,57,56,"[129, 26, 0, 2, 0, 7, 12, 40, 82, 72, 83, 104, 108, 123, 113, 127, 127, 124, 122, 92, 26, 11, 0, 17, 37, 45, 81, 76, 98, 110, 127, 118, 125, 118, 91, 60, 46, 35, 34, 20, 4, 0, 0, 11, 18, 28, 53, 66, 78, 97, 113, 124, 125, 124, 119, 123, 103]","[26, 0, 2, 0, 7, 12, 40, 82, 72, 83, 104, 108, 123, 113, 127, 127, 124, 122, 92, 26, 11, 0, 17, 37, 45, 81, 76, 98, 110, 127, 118, 125, 118, 91, 60, 46, 35, 34, 20, 4, 0, 0, 11, 18, 28, 53, 66, 78, 97, 113, 124, 125, 124, 119, 123, 103]"
Linear,5,exact_guidance_u,131,0,57,56,"[129, 26, 0, 2, 0, 7, 12, 40, 82, 72, 83, 104, 108, 123, 113, 127, 127, 124, 122, 92, 26, 11, 0, 17, 37, 45, 81, 76, 98, 110, 127, 118, 125, 118, 91, 60, 46, 35, 34, 20, 4, 0, 0, 11, 18, 28, 53, 66, 78, 97, 113, 124, 125, 124, 119, 123, 103]","[26, 0, 2, 0, 7, 12, 40, 82, 72, 83, 104, 108, 123, 113, 127, 127, 124, 122, 92, 26, 11, 0, 17, 37, 45, 81, 76, 98, 110, 127, 118, 125, 118, 91, 60, 46, 35, 34, 20, 4, 0, 0, 11, 18, 28, 53, 66, 78, 97, 113, 124, 125, 124, 119, 123, 103]"
Linear,5,exact_guidance_u,132,0,57,56,"[129, 26, 0, 2, 0, 7, 12, 40, 82, 72, 83, 104, 108, 123, 113, 127, 127, 124, 122, 92, 26, 11, 0, 17, 37, 45, 81, 76, 98, 110, 127, 118, 125, 118, 91, 60, 46, 35, 34, 20, 4, 0, 0, 11, 18, 28, 53, 66, 78, 97, 113, 124, 125, 124, 119, 123, 103]","[26, 0, 2, 0, 7, 12, 40, 82, 72, 83, 104, 108, 123, 113, 127, 127, 124, 122, 92, 26, 11, 0, 17, 37, 45, 81, 76, 98, 110, 127, 118, 125, 118, 91, 60, 46, 35, 34, 20, 4, 0, 0, 11, 18, 28, 53, 66, 78, 97, 113, 124, 125, 124, 119, 123, 103]"
Linear,5,exact_guidance_u,133,0,57,56,"[129, 26, 0, 2, 0, 7, 12, 40, 82, 72, 83, 104, 108, 123, 113, 127, 127, 124, 122, 92, 26, 11, 0, 17, 37, 45, 81, 76, 98, 110, 127, 118, 125, 118, 91, 60, 46, 35, 34, 20, 4, 0, 0, 11, 18, 28, 53, 66, 78, 97, 113, 124, 125, 124, 119, 123, 103]","[26, 0, 2, 0, 7, 12, 40, 82, 72, 83, 104, 108, 123, 113, 127, 127, 124, 122, 92, 26, 11, 0, 17, 37, 45, 81, 76, 98, 110, 127, 118, 125, 118, 91, 60, 46, 35, 34, 20, 4, 0, 0, 11, 18, 28, 53, 66, 78, 97, 113, 124, 125, 124, 119, 123, 103]"
Linear,5,exact_guidance_u,134,0,57,56,"[129, 26, 0, 2, 0, 7, 12, 40, 82, 72, 83, 104, 108, 123, 113, 127, 127, 124, 122, 92, 26, 11, 0, 17, 37, 45, 81, 76, 98, 110, 127, 118, 125, 118, 91, 60, 46, 35, 34, 20, 4, 0, 0, 11, 18, 28, 53, 66, 78, 97, 113, 124, 125, 124, 119, 123, 103]","[26, 0, 2, 0, 7, 12, 40, 82, 72, 83, 104, 108, 123, 113, 127, 127, 124, 122, 92, 26, 11, 0, 17, 37, 45, 81, 76, 98, 110, 127, 118, 125, 118, 91, 60, 46, 35, 34, 20, 4, 0, 0, 11, 18, 28, 53, 66, 78, 97, 113, 124, 125, 124, 119, 123, 103]"
Linear,5,exact_guidance_u,135,0,57,56,"[129, 26, 0, 2, 0, 7, 12, 40, 82, 72, 83, 104, 108, 123, 113, 127, 127, 124, 122, 92, 26, 11, 0, 17, 37, 45, 81, 76, 98, 110, 127, 118, 125, 118, 91, 60, 46, 35, 34, 20, 4, 0, 0, 11, 18, 28, 53, 66, 78, 97, 113, 124, 125, 124, 119, 123, 103]","[26, 0, 2, 0, 7, 12, 40, 82, 72, 83, 104, 108, 123, 113, 127, 127, 124, 122, 92, 26, 11, 0, 17, 37, 45, 81, 76, 98, 110, 127, 118, 125, 118, 91, 60, 46, 35, 34, 20, 4, 0, 0, 11, 18, 28, 53, 66, 78, 97, 113, 124, 125, 124, 119, 123, 103]"
Linear,5,exact_guidance_u,136,0,57,56,"[129, 26, 0, 2, 0, 7, 12, 40, 82, 72, 83, 104, 108, 123, 113, 127, 127, 124, 122, 92, 26, 11, 0, 17, 37, 45, 81, 76, 98, 110, 127, 118, 125, 118, 91, 60, 46, 35, 34, 20, 4, 0, 0, 11, 18, 28, 53, 66, 78, 97, 113, 124, 125, 124, 119, 123, 103]","[26, 0, 2, 0, 7, 12, 40, 82, 72, 83, 104, 108, 123, 113, 127, 127, 124, 122, 92, 26, 11, 0, 17, 37, 45, 81, 76, 98, 110, 127, 118, 125, 118, 91, 60, 46, 35, 34, 20, 4, 0, 0, 11, 18, 28, 53, 66, 78, 97, 113, 124, 125, 124, 119, 123, 103]"
Linear,5,exact_guidance_u,137,0,57,56,"[129, 26, 0, 2, 0, 7, 12, 40, 82, 72, 83, 104, 108, 123, 113, 127, 127, 124, 122, 92, 26, 11, 0, 17, 37, 45, 81, 76, 98, 110, 127, 118, 125, 118, 91, 60, 46, 35, 34, 20, 4, 0, 0, 11, 18, 28, 53, 66, 78, 97, 113, 124, 125, 124, 119, 123, 103]","[26, 0, 2, 0, 7, 12, 40, 82, 72, 83, 104, 108, 123, 113, 127, 127, 124, 122, 92, 26, 11, 0, 17, 37, 45, 81, 76, 98, 110, 127, 118, 125, 118, 91, 60, 46, 35, 34, 20, 4, 0, 0, 11, 18, 28, 53, 66, 78, 97, 113, 124, 125, 124, 119, 123, 103]"
Linear,5,exact_guidance_u,138,0,57,56,"[129, 26, 0, 2, 0, 7, 12, 40, 82, 72, 83, 104, 108, 123, 113, 127, 127, 124, 122, 92, 26, 11, 0, 17, 37, 45, 81, 76, 98, 110, 127, 118, 125, 118, 91, 60, 46, 35, 34, 20, 4, 0, 0, 11, 18, 28, 53, 66, 78, 97, 113, 124, 125, 124, 119, 123, 103]","[26, 0, 2, 0, 7, 12, 40, 82, 72, 83, 104, 108, 123, 113, 127, 127, 124, 122, 92, 26, 11, 0, 17, 37, 45, 81, 76, 98, 110, 127, 118, 125, 118, 91, 60, 46, 35, 34, 20, 4, 0, 0, 11, 18, 28, 53, 66, 78, 97, 113, 124, 125, 124, 119, 123, 103]"
Linear,5,exact_guidance_u,139,0,57,56,"[129, 26, 0, 2, 0, 7, 12, 40, 82, 72, 83, 104, 108, 123, 113, 127, 127, 124, 122, 92, 26, 11, 0, 17, 37, 45, 81, 76, 98, 110, 127, 118, 125, 118, 91, 60, 46, 35, 34, 20, 4, 0, 0, 11, 18, 28, 53, 66, 78, 97, 113, 124, 125, 124, 119, 123, 103]","[26, 0, 2, 0, 7, 12, 40, 82, 72, 83, 104, 108, 123, 113, 127, 127, 124, 122, 92, 26, 11, 0, 17, 37, 45, 81, 76, 98, 110, 127, 118, 125, 118, 91, 60, 46, 35, 34, 20, 4, 0, 0, 11, 18, 28, 53, 66, 78, 97, 113, 124, 125, 124, 119, 123, 103]"
Linear,5,exact_guidance_u,140,0,57,56,"[129, 26, 0, 2, 0, 7, 12, 40, 82, 72, 83, 104, 108, 123, 113, 127, 127, 124, 122, 92, 26, 11, 0, 17, 37, 45, 81, 76, 98, 110, 127, 118, 125, 118, 91, 60, 46, 35, 34, 20, 4, 0, 0, 11, 18, 28, 53, 66, 78, 97, 113, 124, 125, 124, 119, 123, 103]","[26, 0, 2, 0, 7, 12, 40, 82, 72, 83, 104, 108, 123, 113, 127, 127, 124, 122, 92, 26, 11, 0, 17, 37, 45, 81, 76, 98, 110, 127, 118, 125, 118, 91, 60, 46, 35, 34, 20, 4, 0, 0, 11, 18, 28, 53, 66, 78, 97, 113, 124, 125, 124, 119, 123, 103]"
Linear,5,exact_guidance_u,141,0,57,56,"[129, 26, 0, 2, 0, 7, 12, 40, 82, 72, 83, 104, 108, 123, 113, 127, 127, 124, 122, 92, 26, 11, 0, 17, 37, 45, 81, 76, 98, 110, 127, 118, 125, 118, 91, 60, 46, 35, 34, 20, 4, 0, 0, 11, 18, 28, 53, 66, 78, 97, 113, 124, 125, 124, 119, 123, 103]","[26, 0, 2, 0, 7, 12, 40, 82, 72, 83, 104, 108, 123, 113, 127, 127, 124, 122, 92, 26, 11, 0, 17, 37, 45, 81, 76, 98, 110, 127, 118, 125, 118, 91, 60, 46, 35, 34, 20, 4, 0, 0, 11, 18, 28, 53, 66, 78, 97, 113, 124, 125, 124, 119, 123, 103]"
Linear,5,exact_guidance_u,142,0,57,56,"[129, 26, 0, 2, 0, 7, 12, 40, 82, 72, 83, 104, 108, 123, 113, 127, 127, 124, 122, 92, 26, 11, 0, 17, 37, 45, 81, 76, 98, 110, 127, 118, 125, 118, 91, 60, 46, 35, 34, 20, 4, 0, 0, 11, 18, 28, 53, 66, 78, 97, 113, 124, 125, 124, 119, 123, 103]","[26, 0, 2, 0, 7, 12, 40, 82, 72, 83, 104, 108, 123, 113, 127, 127, 124, 122, 92, 26, 11, 0, 17, 37, 45, 81, 76, 98, 110, 127, 118, 125, 118, 91, 60, 46, 35, 34, 20, 4, 0, 0, 11, 18, 28, 53, 66, 78, 97, 113, 124, 125, 124, 119, 123, 103]"
Linear,5,exact_guidance_u,143,0,57,56,"[129, 26, 0, 2, 0, 7, 12, 40, 82, 72, 83, 104, 108, 123, 113, 127, 127, 124, 122, 92, 26, 11, 0, 17, 37, 45, 81, 76, 98, 110, 127, 118, 125, 118, 91, 60, 46, 35, 34, 20, 4, 0, 0, 11, 18, 28, 53, 66, 78, 97, 113, 124, 125, 124, 119, 123, 103]","[26, 0, 2, 0, 7, 12, 40, 82, 72, 83, 104, 108, 123, 113, 127, 127, 124, 122, 92, 26, 11, 0, 17, 37, 45, 81, 76, 98, 110, 127, 118, 125, 118, 91, 60, 46, 35, 34, 20, 4, 0, 0, 11, 18, 28, 53, 66, 78, 97, 113, 124, 125, 124, 119, 123, 103]"
Linear,5,exact_guidance_u,144,0,57,56,"[129, 26, 0, 2, 0, 7, 12, 40, 82, 72, 83, 104, 108, 123, 113, 127, 127, 124, 122, 92, 26, 11, 0, 17, 37, 45, 81, 76, 98, 110, 127, 118, 125, 118, 91, 60, 46, 35, 34, 20, 4, 0, 0, 11, 18, 28, 53, 66, 78, 97, 113, 124, 125, 124, 119, 123, 103]","[26, 0, 2, 0, 7, 12, 40, 82, 72, 83, 104, 108, 123, 113, 127, 127, 124, 122, 92, 26, 11, 0, 17, 37, 45, 81, 76, 98, 110, 127, 118, 125, 118, 91, 60, 46, 35, 34, 20, 4, 0, 0, 11, 18, 28, 53, 66, 78, 97, 113, 124, 125, 124, 119, 123, 103]"
Linear,5,exact_guidance_u,145,0,57,56,"[129, 26, 0, 2, 0, 7, 12, 40, 82, 72, 83, 104, 108, 123, 113, 127, 127, 124, 122, 92, 26, 11, 0, 17, 37, 45, 81, 76, 98, 110, 127, 118, 125, 118, 91, 60, 46, 35, 34, 20, 4, 0, 0, 11, 18, 28, 53, 66, 78, 97, 113, 124, 125, 124, 119, 123, 103]","[26, 0, 2, 0, 7, 12, 40, 82, 72, 83, 104, 108, 123, 113, 127, 127, 124, 122, 92, 26, 11, 0, 17, 37, 45, 81, 76, 98, 110, 127, 118, 125, 118, 91, 60, 46, 35, 34, 20, 4, 0, 0, 11, 18, 28, 53, 66, 78, 97, 113, 124, 125, 124, 119, 123, 103]"
Linear,5,exact_guidance_u,146,0,57,56,"[129, 26, 0, 2, 0, 7, 12, 40, 82, 72, 83, 104, 108, 123, 113, 127, 127, 124, 122, 92, 26, 11, 0, 17, 37, 45, 81, 76, 98, 110, 127, 118, 125, 118, 91, 60, 46, 35, 34, 20, 4, 0, 0, 11, 18, 28, 53, 66, 78, 97, 113, 124, 125, 124, 119, 123, 103]","[26, 0, 2, 0, 7, 12, 40, 82, 72, 83, 104, 108, 123, 113, 127, 127, 124, 122, 92, 26, 11, 0, 17, 37, 45, 81, 76, 98, 110, 127, 118, 125, 118, 91, 60, 46, 35, 34, 20, 4, 0, 0, 11, 18, 28, 53, 66, 78, 97, 113, 124, 125, 124, 119, 123, 103]"
Linear,5,exact_guidance_u,147,0,57,56,"[129, 26, 0, 2, 0, 7, 12, 40, 82, 72, 83, 104, 108, 123, 113, 127, 127, 124, 122, 92, 26, 11, 0, 17, 37, 45, 81, 76, 98, 110, 127, 118, 125, 118, 91, 60, 46, 35, 34, 20, 4, 0, 0, 11, 18, 28, 53, 66, 78, 97, 113, 124, 125, 124, 119, 123, 103]","[26, 0, 2, 0, 7, 12, 40, 82, 72, 83, 104, 108, 123, 113, 127, 127, 124, 122, 92, 26, 11, 0, 17, 37, 45, 81, 76, 98, 110, 127, 118, 125, 118, 91, 60, 46, 35, 34, 20, 4, 0, 0, 11, 18, 28, 53, 66, 78, 97, 113, 124, 125, 124, 119, 123, 103]"
Linear,5,exact_guidance_u,148,0,58,57,"[129, 26, 0, 2, 0, 7, 12, 40, 82, 72, 83, 104, 108, 123, 113, 127, 127, 124, 122, 92, 26, 11, 0, 17, 19, 37, 45, 81, 76, 98, 110, 127, 118, 125, 118, 91, 60, 46, 35, 34, 20, 4, 0, 0, 11, 18, 28, 53, 66, 78, 97, 113, 124, 125, 124, 119, 123, 103]","[26, 0, 2, 0, 7, 12, 40, 82, 72, 83, 104, 108, 123, 113, 127, 127, 124, 122, 92, 26, 11, 0, 17, 19, 37, 45, 81, 76, 98, 110, 127, 118, 125, 118, 91, 60, 46, 35, 34, 20, 4, 0, 0, 11, 18, 28, 53, 66, 78, 97, 113, 124, 125, 124, 119, 123, 103]"
Linear,5,exact_guidance_u,149,0,58,57,"[129, 26, 0, 2, 0, 7, 12, 40, 82, 72, 83, 104, 108, 123, 113, 127, 127, 124, 122, 92, 26, 11, 0, 17, 19, 37, 45, 81, 76, 98, 110, 127, 118, 125, 118, 91, 60, 46, 35, 34, 20, 4, 0, 0, 11, 18, 28, 53, 66, 78, 97, 113, 124, 125, 124, 119, 123, 103]","[26, 0, 2, 0, 7, 12, 40, 82, 72, 83, 104, 108, 123, 113, 127, 127, 124, 122, 92, 26, 11, 0, 17, 19, 37, 45, 81, 76, 98, 110, 127, 118, 125, 118, 91, 60, 46, 35, 34, 20, 4, 0, 0, 11, 18, 28, 53, 66, 78, 97, 113, 124, 125, 124, 119, 123, 103]"
Linear,5,exact_guidance_u,150,0,58,57,"[129, 26, 0, 2, 0, 7, 12, 40, 82, 72, 83, 104, 108, 123, 113, 127, 127, 124, 122, 92, 26, 11, 0, 17, 19, 37, 45, 81, 76, 98, 110, 127, 118, 125, 118, 91, 60, 46, 35, 34, 20, 4, 0, 0, 11, 18, 28, 53, 66, 78, 97, 113, 124, 125, 124, 119, 123, 103]","[26, 0, 2, 0, 7, 12, 40, 82, 72, 83, 104, 108, 123, 113, 127, 127, 124, 122, 92, 26, 11, 0, 17, 19, 37, 45, 81, 76, 98, 110, 127, 118, 125, 118, 91, 60, 46, 35, 34, 20, 4, 0, 0, 11, 18, 28, 53, 66, 78, 97, 113, 124, 125, 124, 119, 123, 103]"
Linear,5,exact_guidance_u,151,0,58,57,"[129, 26, 0, 2, 0, 7, 12, 40, 82, 72, 83, 104, 108, 123, 113, 127, 127, 124, 122, 92, 26, 11, 0, 17, 19, 37, 45, 81, 76, 98, 110, 127, 118, 125, 118, 91, 60, 46, 35, 34, 20, 4, 0, 0, 11, 18, 28, 53, 66, 78, 97, 113, 124, 125, 124, 119, 123, 103]","[26, 0, 2, 0, 7, 12, 40, 82, 72, 83, 104, 108, 123, 113, 127, 127, 124, 122, 92, 26, 11, 0, 17, 19, 37, 45, 81, 76, 98, 110, 127, 118, 125, 118, 91, 60, 46, 35, 34, 20, 4, 0, 0, 11, 18, 28, 53, 66, 78, 97, 113, 124, 125, 124, 119, 123, 103]"
Linear,5,exact_guidance_u,152,0,58,57,"[129, 26, 0, 2, 0, 7, 12, 40, 82, 72, 83, 104, 108, 123, 113, 127, 127, 124, 122, 92, 26, 11, 0, 17, 19, 37, 45, 81, 76, 98, 110, 127, 118, 125, 118, 91, 60, 46, 35, 34, 20, 4, 0, 0, 11, 18, 28, 53, 66, 78, 97, 113, 124, 125, 124, 119, 123, 103]","[26, 0, 2, 0, 7, 12, 40, 82, 72, 83, 104, 108, 123, 113, 127, 127, 124, 122, 92, 26, 11, 0, 17, 19, 37, 45, 81, 76, 98, 110, 127, 118, 125, 118, 91, 60, 46, 35, 34, 20, 4, 0, 0, 11, 18, 28, 53, 66, 78, 97, 113, 124, 125, 124, 119, 123, 103]"
Linear,5,exact_guidance_u,153,0,58,57,"[129, 26, 0, 2, 0, 7, 12, 40, 82, 72, 83, 104, 108, 123, 113, 127, 127, 124, 122, 92, 26, 11, 0, 17, 19, 37, 45, 81, 76, 98, 110, 127, 118, 125, 118, 91, 60, 46, 35, 34, 20, 4, 0, 0, 11, 18, 28, 53, 66, 78, 97, 113, 124, 125, 124, 119, 123, 103]","[26, 0, 2, 0, 7, 12, 40, 82, 72, 83, 104, 108, 123, 113, 127, 127, 124, 122, 92, 26, 11, 0, 17, 19, 37, 45, 81, 76, 98, 110, 127, 118, 125, 118, 91, 60, 46, 35, 34, 20, 4, 0, 0, 11, 18, 28, 53, 66, 78, 97, 113, 124, 125, 124, 119, 123, 103]"
Linear,5,exact_guidance_u,154,0,58,57,"[129, 26, 0, 2, 0, 7, 12, 40, 82, 72, 83, 104, 108, 123, 113, 127, 127, 124, 122, 92, 26, 11, 0, 17, 19, 37, 45, 81, 76, 98, 110, 127, 118, 125, 118, 91, 60, 46, 35, 34, 20, 4, 0, 0, 11, 18, 28, 53, 66, 78, 97, 113, 124, 125, 124, 119, 123, 103]","[26, 0, 2, 0, 7, 12, 40, 82, 72, 83, 104, 108, 123, 113, 127, 127, 124, 122, 92, 26, 11, 0, 17, 19, 37, 45, 81, 76, 98, 110, 127, 118, 125, 118, 91, 60, 46, 35, 34, 20, 4, 0, 0, 11, 18, 28, 53, 66, 78, 97, 113, 124, 125, 124, 119, 123, 103]"
Linear,5,exact_guidance_u,155,0,58,57,"[129, 26, 0, 2, 0, 7, 12, 40, 82, 72, 83, 104, 108, 123, 113, 127, 127, 124, 122, 92, 26, 11, 0, 17, 19, 37, 45, 81, 76, 98, 110, 127, 118, 125, 118, 91, 60, 46, 35, 34, 20, 4, 0, 0, 11, 18, 28, 53, 66, 78, 97, 113, 124, 125, 124, 119, 123, 103]","[26, 0, 2, 0, 7, 12, 40, 82, 72, 83, 104, 108, 123, 113, 127, 127, 124, 122, 92, 26, 11, 0, 17, 19, 37, 45, 81, 76, 98, 110, 127, 118, 125, 118, 91, 60, 46, 35, 34, 20, 4, 0, 0, 11, 18, 28, 53, 66, 78, 97, 113, 124, 125, 124, 119, 123, 103]"
Linear,5,exact_guidance_u,156,0,58,57,"[129, 26, 0, 2, 0, 7, 12, 40, 82, 72, 83, 104, 108, 123, 113, 127, 127, 124, 122, 92, 26, 11, 0, 17, 19, 37, 45, 81, 76, 98, 110, 127, 118, 125, 118, 91, 60, 46, 35, 34, 20, 4, 0, 0, 11, 18, 28, 53, 66, 78, 97, 113, 124, 125, 124, 119, 123, 103]","[26, 0, 2, 0, 7, 12, 40, 82, 72, 83, 104, 108, 123, 113, 127, 127, 124, 122, 92, 26, 11, 0, 17, 19, 37, 45, 81, 76, 98, 110, 127, 118, 125, 118, 91, 60, 46, 35, 34, 20, 4, 0, 0, 11, 18, 28, 53, 66, 78, 97, 113, 124, 125, 124, 119, 123, 103]"
Linear,5,exact_guidance_u,157,0,58,57,"[129, 26, 0, 2, 0, 7, 12, 40, 82, 72, 83, 104, 108, 123, 113, 127, 127, 124, 122, 92, 26, 11, 0, 17, 19, 37, 45, 81, 76, 98, 110, 127, 118, 125, 118, 91, 60, 46, 35, 34, 20, 4, 0, 0, 11, 18, 28, 53, 66, 78, 97, 113, 124, 125, 124, 119, 123, 103]","[26, 0, 2, 0, 7, 12, 40, 82, 72, 83, 104, 108, 123, 113, 127, 127, 124, 122, 92, 26, 11, 0, 17, 19, 37, 45, 81, 76, 98, 110, 127, 118, 125, 118, 91, 60, 46, 35, 34, 20, 4, 0, 0, 11, 18, 28, 53, 66, 78, 97, 113, 124, 125, 124, 119, 123, 103]"
Linear,5,exact_guidance_u,158,0,58,57,"[129, 26, 0, 2, 0, 7, 12, 40, 82, 72, 83, 104, 108, 123, 113, 127, 127, 124, 122, 92, 26, 11, 0, 17, 19, 37, 45, 81, 76, 98, 110, 127, 118, 125, 118, 91, 60, 46, 35, 34, 20, 4, 0, 0, 11, 18, 28, 53, 66, 78, 97, 113, 124, 125, 124, 119, 123, 103]","[26, 0, 2, 0, 7, 12, 40, 82, 72, 83, 104, 108, 123, 113, 127, 127, 124, 122, 92, 26, 11, 0, 17, 19, 37, 45, 81, 76, 98, 110, 127, 118, 125, 118, 91, 60, 46, 35, 34, 20, 4, 0, 0, 11, 18, 28, 53, 66, 78, 97, 113, 124, 125, 124, 119, 123, 103]"
Linear,5,exact_guidance_u,159,0,58,57,"[129, 26, 0, 2, 0, 7, 12, 40, 82, 72, 83, 104, 108, 123, 113, 127, 127, 124, 122, 92, 26, 11, 0, 17, 19, 37, 45, 81, 76, 98, 110, 127, 118, 125, 118, 91, 60, 46, 35, 34, 20, 4, 0, 0, 11, 18, 28, 53, 66, 78, 97, 113, 124, 125, 124, 119, 123, 103]","[26, 0, 2, 0, 7, 12, 40, 82, 72, 83, 104, 108, 123, 113, 127, 127, 124, 122, 92, 26, 11, 0, 17, 19, 37, 45, 81, 76, 98, 110, 127, 118, 125, 118, 91, 60, 46, 35, 34, 20, 4, 0, 0, 11, 18, 28, 53, 66, 78, 97, 113, 124, 125, 124, 119, 123, 103]"
Linear,5,exact_guidance_u,160,0,59,58,"[129, 26, 0, 2, 0, 7, 12, 40, 82, 72, 83, 104, 108, 123, 113, 127, 127, 124, 122, 92, 26, 11, 0, 17, 19, 37, 45, 81, 76, 98, 110, 127, 118, 125, 118, 92, 91, 60, 46, 35, 34, 20, 4, 0, 0, 11, 18, 28, 53, 66, 78, 97, 113, 124, 125, 124, 119, 123, 103]","[26, 0, 2, 0, 7, 12, 40, 82, 72, 83, 104, 108, 123, 113, 127, 127, 124, 122, 92, 26, 11, 0, 17, 19, 37, 45, 81, 76, 98, 110, 127, 118, 125, 118, 92, 91, 60, 46, 35, 34, 20, 4, 0, 0, 11, 18, 28, 53, 66, 78, 97, 113, 124, 125, 124, 119, 123, 103]"
Linear,5,exact_guidance_u,161,0,60,59,"[129, 26, 0, 2, 0, 7, 12, 40, 82, 72, 83, 104, 108, 123, 113, 127, 127, 124, 122, 92, 26, 3, 11, 0, 17, 19, 37, 45, 81, 76, 98, 110, 127, 118, 125, 118, 92, 91, 60, 46, 35, 34, 20, 4, 0, 0, 11, 18, 28, 53, 66, 78, 97, 113, 124, 125, 124, 119, 123, 103]","[26, 0, 2, 0, 7, 12, 40, 82, 72, 83, 104, 108, 123, 113, 127, 127, 124, 122, 92, 26, 3, 11, 0, 17, 19, 37, 45, 81, 76, 98, 110, 127, 118, 125, 118, 92, 91, 60, 46, 35, 34, 20, 4, 0, 0, 11, 18, 28, 53, 66, 78, 97, 113, 124, 125, 124, 119, 123, 103]"
Linear,5,exact_guidance_u,162,0,60,59,"[129, 26, 0, 2, 0, 7, 12, 40, 82, 72, 83, 104, 108, 123, 113, 127, 127, 124, 122, 92, 26, 3, 11, 0, 17, 19, 37, 45, 81, 76, 98, 110, 127, 118, 125, 118, 92, 91, 60, 46, 35, 34, 20, 4, 0, 0, 11, 18, 28, 53, 66, 78, 97, 113, 124, 125, 124, 119, 123, 103]","[26, 0, 2, 0, 7, 12, 40, 82, 72, 83, 104, 108, 123, 113, 127, 127, 124, 122, 92, 26, 3, 11, 0, 17, 19, 37, 45, 81, 76, 98, 110, 127, 118, 125, 118, 92, 91, 60, 46, 35, 34, 20, 4, 0, 0, 11, 18, 28, 53, 66, 78, 97, 113, 124, 125, 124, 119, 123, 103]"
Linear,5,exact_guidance_u,163,0,60,59,"[129, 26, 0, 2, 0, 7, 12, 40, 82, 72, 83, 104, 108, 123, 113, 127, 127, 124, 122, 92, 26, 3, 11, 0, 17, 19, 37, 45, 81, 76, 98, 110, 127, 118, 125, 118, 92, 91, 60, 46, 35, 34, 20, 4, 0, 0, 11, 18, 28, 53, 66, 78, 97, 113, 124, 125, 124, 119, 123, 103]","[26, 0, 2, 0, 7, 12, 40, 82, 72, 83, 104, 108, 123, 113, 127, 127, 124, 122, 92, 26, 3, 11, 0, 17, 19, 37, 45, 81, 76, 98, 110, 127, 118, 125, 118, 92, 91, 60, 46, 35, 34, 20, 4, 0, 0, 11, 18, 28, 53, 66, 78, 97, 113, 124, 125, 124, 119, 123, 103]"
Linear,5,exact_guidance_u,164,0,60,59,"[129, 26, 0, 2, 0, 7, 12, 40, 82, 72, 83, 104, 108, 123, 113, 127, 127, 124, 122, 92, 26, 3, 11, 0, 17, 19, 37, 45, 81, 76, 98, 110, 127, 118, 125, 118, 92, 91, 60, 46, 35, 34, 20, 4, 0, 0, 11, 18, 28, 53, 66, 78, 97, 113, 124, 125, 124, 119, 123, 103]","[26, 0, 2, 0, 7, 12, 40, 82, 72, 83, 104, 108, 123, 113, 127, 127, 124, 122, 92, 26, 3, 11, 0, 17, 19, 37, 45, 81, 76, 98, 110, 127, 118, 125, 118, 92, 91, 60, 46, 35, 34, 20, 4, 0, 0, 11, 18, 28, 53, 66, 78, 97, 113, 124, 125, 124, 119, 123, 103]"
Linear,5,exact_guidance_u,165,0,60,59,"[129, 26, 0, 2, 0, 7, 12, 40, 82, 72, 83, 104, 108, 123, 113, 127, 127, 124, 122, 92, 26, 3, 11, 0, 17, 19, 37, 45, 81, 76, 98, 110, 127, 118, 125, 118, 92, 91, 60, 46, 35, 34, 20, 4, 0, 0, 11, 18, 28, 53, 66, 78, 97, 113, 124, 125, 124, 119, 123, 103]","[26, 0, 2, 0, 7, 12, 40, 82, 72, 83, 104, 108, 123, 113, 127, 127, 124, 122, 92, 26, 3, 11, 0, 17, 19, 37, 45, 81, 76, 98, 110, 127, 118, 125, 118, 92, 91, 60, 46, 35, 34, 20, 4, 0, 0, 11, 18, 28, 53, 66, 78, 97, 113, 124, 125, 124, 119, 123, 103]"
Linear,5,exact_guidance_u,166,0,60,59,"[129, 26, 0, 2, 0, 7, 12, 40, 82, 72, 83, 104, 108, 123, 113, 127, 127, 124, 122, 92, 26, 3, 11, 0, 17, 19, 37, 45, 81, 76, 98, 110, 127, 118, 125, 118, 92, 91, 60, 46, 35, 34, 20, 4, 0, 0, 11, 18, 28, 53, 66, 78, 97, 113, 124, 125, 124, 119, 123, 103]","[26, 0, 2, 0, 7, 12, 40, 82, 72, 83, 104, 108, 123, 113, 127, 127, 124, 122, 92, 26, 3, 11, 0, 17, 19, 37, 45, 81, 76, 98, 110, 127, 118, 125, 118, 92, 91, 60, 46, 35, 34, 20, 4, 0, 0, 11, 18, 28, 53, 66, 78, 97, 113, 124, 125, 124, 119, 123, 103]"
Linear,5,exact_guidance_u,167,0,60,59,"[129, 26, 0, 2, 0, 7, 12, 40, 82, 72, 83, 104, 108, 123, 113, 127, 127, 124, 122, 92, 26, 3, 11, 0, 17, 19, 37, 45, 81, 76, 98, 110, 127, 118, 125, 118, 92, 91, 60, 46, 35, 34, 20, 4, 0, 0, 11, 18, 28, 53, 66, 78, 97, 113, 124, 125, 124, 119, 123, 103]","[26, 0, 2, 0, 7, 12, 40, 82, 72, 83, 104, 108, 123, 113, 127, 127, 124, 122, 92, 26, 3, 11, 0, 17, 19, 37, 45, 81, 76, 98, 110, 127, 118, 125, 118, 92, 91, 60, 46, 35, 34, 20, 4, 0, 0, 11, 18, 28, 53, 66, 78, 97, 113, 124, 125, 124, 119, 123, 103]"
Linear,5,exact_guidance_u,168,0,60,59,"[129, 26, 0, 2, 0, 7, 12, 40, 82, 72, 83, 104, 108, 123, 113, 127, 127, 124, 122, 92, 26, 3, 11, 0, 17, 19, 37, 45, 81, 76, 98, 110, 127, 118, 125, 118, 92, 91, 60, 46, 35, 34, 20, 4, 0, 0, 11, 18, 28, 53, 66, 78, 97, 113, 124, 125, 124, 119, 123, 103]","[26, 0, 2, 0, 7, 12, 40, 82, 72, 83, 104, 108, 123, 113, 127, 127, 124, 122, 92, 26, 3, 11, 0, 17, 19, 37, 45, 81, 76, 98, 110, 127, 118, 125, 118, 92, 91, 60, 46, 35, 34, 20, 4, 0, 0, 11, 18, 28, 53, 66, 78, 97, 113, 124, 125, 124, 119, 123, 103]"
Linear,5,exact_guidance_u,169,0,60,59,"[129, 26, 0, 2, 0, 7, 12, 40, 82, 72, 83, 104, 108, 123, 113, 127, 127, 124, 122, 92, 26, 3, 11, 0, 17, 19, 37, 45, 81, 76, 98, 110, 127, 118, 125, 118, 92, 91, 60, 46, 35, 34, 20, 4, 0, 0, 11, 18, 28, 53, 66, 78, 97, 113, 124, 125, 124, 119, 123, 103]","[26, 0, 2, 0, 7, 12, 40, 82, 72, 83, 104, 108, 123, 113, 127, 127, 124, 122, 92, 26, 3, 11, 0, 17, 19, 37, 45, 81, 76, 98, 110, 127, 118, 125, 118, 92, 91, 60, 46, 35, 34, 20, 4, 0, 0, 11, 18, 28, 53, 66, 78, 97, 113, 124, 125, 124, 119, 123, 103]"
Linear,5,exact_guidance_u,170,0,60,59,"[129, 26, 0, 2, 0, 7, 12, 40, 82, 72, 83, 104, 108, 123, 113, 127, 127, 124, 122, 92, 26, 3, 11, 0, 17, 19, 37, 45, 81, 76, 98, 110, 127, 118, 125, 118, 92, 91, 60, 46, 35, 34, 20, 4, 0, 0, 11, 18, 28, 53, 66, 78, 97, 113, 124, 125, 124, 119, 123, 103]","[26, 0, 2, 0, 7, 12, 40, 82, 72, 83, 104, 108, 123, 113, 127, 127, 124, 122, 92, 26, 3, 11, 0, 17, 19, 37, 45, 81, 76, 98, 110, 127, 118, 125, 118, 92, 91, 60, 46, 35, 34, 20, 4, 0, 0, 11, 18, 28, 53, 66, 78, 97, 113, 124, 125, 124, 119, 123, 103]"
Linear,5,exact_guidance_u,171,0,60,59,"[129, 26, 0, 2, 0, 7, 12, 40, 82, 72, 83, 104, 108, 123, 113, 127, 127, 124, 122, 92, 26, 3, 11, 0, 17, 19, 37, 45, 81, 76, 98, 110, 127, 118, 125, 118, 92, 91, 60, 46, 35, 34, 20, 4, 0, 0, 11, 18, 28, 53, 66, 78, 97, 113, 124, 125, 124, 119, 123, 103]","[26, 0, 2, 0, 7, 12, 40, 82, 72, 83, 104, 108, 123, 113, 127, 127, 124, 122, 92, 26, 3, 11, 0, 17, 19, 37, 45, 81, 76, 98, 110, 127, 118, 125, 118, 92, 91, 60, 46, 35, 34, 20, 4, 0, 0, 11, 18, 28, 53, 66, 78, 97, 113, 124, 125, 124, 119, 123, 103]"
Linear,5,exact_guidance_u,172,0,60,59,"[129, 26, 0, 2, 0, 7, 12, 40, 82, 72, 83, 104, 108, 123, 113, 127, 127, 124, 122, 92, 26, 3, 11, 0, 17, 19, 37, 45, 81, 76, 98, 110, 127, 118, 125, 118, 92, 91, 60, 46, 35, 34, 20, 4, 0, 0, 11, 18, 28, 53, 66, 78, 97, 113, 124, 125, 124, 119, 123, 103]","[26, 0, 2, 0, 7, 12, 40, 82, 72, 83, 104, 108, 123, 113, 127, 127, 124, 122, 92, 26, 3, 11, 0, 17, 19, 37, 45, 81, 76, 98, 110, 127, 118, 125, 118, 92, 91, 60, 46, 35, 34, 20, 4, 0, 0, 11, 18, 28, 53, 66, 78, 97, 113, 124, 125, 124, 119, 123, 103]"
Linear,5,exact_guidance_u,173,0,61,60,"[129, 26, 0, 2, 0, 7, 12, 40, 82, 72, 83, 104, 108, 123, 113, 127, 127, 124, 122, 92, 26, 3, 11, 0, 17, 19, 37, 45, 43, 81, 76, 98, 110, 127, 118, 125, 118, 92, 91, 60, 46, 35, 34, 20, 4, 0, 0, 11, 18, 28, 53, 66, 78, 97, 113, 124, 125, 124, 119, 123, 103]","[26, 0, 2, 0, 7, 12, 40, 82, 72, 83, 104, 108, 123, 113, 127, 127, 124, 122, 92, 26, 3, 11, 0, 17, 19, 37, 45, 43, 81, 76, 98, 110, 127, 118, 125, 118, 92, 91, 60, 46, 35, 34, 20, 4, 0, 0, 11, 18, 28, 53, 66, 78, 97, 113, 124, 125, 124, 119, 123, 103]"
Linear,5,exact_guidance_u,174,0,61,60,"[129, 26, 0, 2, 0, 7, 12, 40, 82, 72, 83, 104, 108, 123, 113, 127, 127, 124, 122, 92, 26, 3, 11, 0, 17, 19, 37, 45, 43, 81, 76, 98, 110, 127, 118, 125, 118, 92, 91, 60, 46, 35, 34, 20, 4, 0, 0, 11, 18, 28, 53, 66, 78, 97, 113, 124, 125, 124, 119, 123, 103]","[26, 0, 2, 0, 7, 12, 40, 82, 72, 83, 104, 108, 123, 113, 127, 127, 124, 122, 92, 26, 3, 11, 0, 17, 19, 37, 45, 43, 81, 76, 98, 110, 127, 118, 125, 118, 92, 91, 60, 46, 35, 34, 20, 4, 0, 0, 11, 18, 28, 53, 66, 78, 97, 113, 124, 125, 124, 119, 123, 103]"
Linear,5,exact_guidance_u,175,0,61,60,"[129, 26, 0, 2, 0, 7, 12, 40, 82, 72, 83, 104, 108, 123, 113, 127, 127, 124, 122, 92, 26, 3, 11, 0, 17, 19, 37, 45, 43, 81, 76, 98, 110, 127, 118, 125, 118, 92, 91, 60, 46, 35, 34, 20, 4, 0, 0, 11, 18, 28, 53, 66, 78, 97, 113, 124, 125, 124, 119, 123, 103]","[26, 0, 2, 0, 7, 12, 40, 82, 72, 83, 104, 108, 123, 113, 127, 127, 124, 122, 92, 26, 3, 11, 0, 17, 19, 37, 45, 43, 81, 76, 98, 110, 127, 118, 125, 118, 92, 91, 60, 46, 35, 34, 20, 4, 0, 0, 11, 18, 28, 53, 66, 78, 97, 113, 124, 125, 124, 119, 123, 103]"
Linear,5,exact_guidance_u,176,0,61,60,"[129, 26, 0, 2, 0, 7, 12, 40, 82, 72, 83, 104, 108, 123, 113, 127, 127, 124, 122, 92, 26, 3, 11, 0, 17, 19, 37, 45, 43, 81, 76, 98, 110, 127, 118, 125, 118, 92, 91, 60, 46, 35, 34, 20, 4, 0, 0, 11, 18, 28, 53, 66, 78, 97, 113, 124, 125, 124, 119, 123, 103]","[26, 0, 2, 0, 7, 12, 40, 82, 72, 83, 104, 108, 123, 113, 127, 127, 124, 122, 92, 26, 3, 11, 0, 17, 19, 37, 45, 43, 81, 76, 98, 110, 127, 118, 125, 118, 92, 91, 60, 46, 35, 34, 20, 4, 0, 0, 11, 18, 28, 53, 66, 78, 97, 113, 124, 125, 124, 119, 123, 103]"
Linear,5,exact_guidance_u,177,0,61,60,"[129, 26, 0, 2, 0, 7, 12, 40, 82, 72, 83, 104, 108, 123, 113, 127, 127, 124, 122, 92, 26, 3, 11, 0, 17, 19, 37, 45, 43, 81, 76, 98, 110, 127, 118, 125, 118, 92, 91, 60, 46, 35, 34, 20, 4, 0, 0, 11, 18, 28, 53, 66, 78, 97, 113, 124, 125, 124, 119, 123, 103]","[26, 0, 2, 0, 7, 12, 40, 82, 72, 83, 104, 108, 123, 113, 127, 127, 124, 122, 92, 26, 3, 11, 0, 17, 19, 37, 45, 43, 81, 76, 98, 110, 127, 118, 125, 118, 92, 91, 60, 46, 35, 34, 20, 4, 0, 0, 11, 18, 28, 53, 66, 78, 97, 113, 124, 125, 124, 119, 123, 103]"
Linear,5,exact_guidance_u,178,0,61,60,"[129, 26, 0, 2, 0, 7, 12, 40, 82, 72, 83, 104, 108, 123, 113, 127, 127, 124, 122, 92, 26, 3, 11, 0, 17, 19, 37, 45, 43, 81, 76, 98, 110, 127, 118, 125, 118, 92, 91, 60, 46, 35, 34, 20, 4, 0, 0, 11, 18, 28, 53, 66, 78, 97, 113, 124, 125, 124, 119, 123, 103]","[26, 0, 2, 0, 7, 12, 40, 82, 72, 83, 104, 108, 123, 113, 127, 127, 124, 122, 92, 26, 3, 11, 0, 17, 19, 37, 45, 43, 81, 76, 98, 110, 127, 118, 125, 118, 92, 91, 60, 46, 35, 34, 20, 4, 0, 0, 11, 18, 28, 53, 66, 78, 97, 113, 124, 125, 124, 119, 123, 103]"
Linear,5,exact_guidance_u,179,0,62,61,"[129, 26, 0, 2, 0, 7, 12, 40, 82, 72, 83, 104, 108, 123, 113, 127, 127, 124, 122, 92, 26, 3, 11, 0, 17, 19, 37, 45, 43, 81, 76, 98, 114, 110, 127, 118, 125, 118, 92, 91, 60, 46, 35, 34, 20, 4, 0, 0, 11, 18, 28, 53, 66, 78, 97, 113, 124, 125, 124, 119, 123, 103]","[26, 0, 2, 0, 7, 12, 40, 82, 72, 83, 104, 108, 123, 113, 127, 127, 124, 122, 92, 26, 3, 11, 0, 17, 19, 37, 45, 43, 81, 76, 98, 114, 110, 127, 118, 125, 118, 92, 91, 60, 46, 35, 34, 20, 4, 0, 0, 11, 18, 28, 53, 66, 78, 97, 113, 124, 125, 124, 119, 123, 103]"
Linear,5,exact_guidance_u,180,0,62,61,"[129, 26, 0, 2, 0, 7, 12, 40, 82, 72, 83, 104, 108, 123, 113, 127, 127, 124, 122, 92, 26, 3, 11, 0, 17, 19, 37, 45, 43, 81, 76, 98, 114, 110, 127, 118, 125, 118, 92, 91, 60, 46, 35, 34, 20, 4, 0, 0, 11, 18, 28, 53, 66, 78, 97, 113, 124, 125, 124, 119, 123, 103]","[26, 0, 2, 0, 7, 12, 40, 82, 72, 83, 104, 108, 123, 113, 127, 127, 124, 122, 92, 26, 3, 11, 0, 17, 19, 37, 45, 43, 81, 76, 98, 114, 110, 127, 118, 125, 118, 92, 91, 60, 46, 35, 34, 20, 4, 0, 0, 11, 18, 28, 53, 66, 78, 97, 113, 124, 125, 124, 119, 123, 103]"
Linear,5,exact_guidance_u,181,0,62,61,"[129, 26, 0, 2, 0, 7, 12, 40, 82, 72, 83, 104, 108, 123, 113, 127, 127, 124, 122, 92, 26, 3, 11, 0, 17, 19, 37, 45, 43, 81, 76, 98, 114, 110, 127, 118, 125, 118, 92, 91, 60, 46, 35, 34, 20, 4, 0, 0, 11, 18, 28, 53, 66, 78, 97, 113, 124, 125, 124, 119, 123, 103]","[26, 0, 2, 0, 7, 12, 40, 82, 72, 83, 104, 108, 123, 113, 127, 127, 124, 122, 92, 26, 3, 11, 0, 17, 19, 37, 45, 43, 81, 76, 98, 114, 110, 127, 118, 125, 118, 92, 91, 60, 46, 35, 34, 20, 4, 0, 0, 11, 18, 28, 53, 66, 78, 97, 113, 124, 125, 124, 119, 123, 103]"
Linear,5,exact_guidance_u,182,0,62,61,"[129, 26, 0, 2, 0, 7, 12, 40, 82, 72, 83, 104, 108, 123, 113, 127, 127, 124, 122, 92, 26, 3, 11, 0, 17, 19, 37, 45, 43, 81, 76, 98, 114, 110, 127, 118, 125, 118, 92, 91, 60, 46, 35, 34, 20, 4, 0, 0, 11, 18, 28, 53, 66, 78, 97, 113, 124, 125, 124, 119, 123, 103]","[26, 0, 2, 0, 7, 12, 40, 82, 72, 83, 104, 108, 123, 113, 127, 127, 124, 122, 92, 26, 3, 11, 0, 17, 19, 37, 45, 43, 81, 76, 98, 114, 110, 127, 118, 125, 118, 92, 91, 60, 46, 35, 34, 20, 4, 0, 0, 11, 18, 28, 53, 66, 78, 97, 113, 124, 125, 124, 119, 123, 103]"
Linear,5,exact_guidance_u,183,0,62,61,"[129, 26, 0, 2, 0, 7, 12, 40, 82, 72, 83, 104, 108, 123, 113, 127, 127, 124, 122, 92, 26, 3, 11, 0, 17, 19, 37, 45, 43, 81, 76, 98, 114, 110, 127, 118, 125, 118, 92, 91, 60, 46, 35, 34, 20, 4, 0, 0, 11, 18, 28, 53, 66, 78, 97, 113, 124, 125, 124, 119, 123, 103]","[26, 0, 2, 0, 7, 12, 40, 82, 72, 83, 104, 108, 123, 113, 127, 127, 124, 122, 92, 26, 3, 11, 0, 17, 19, 37, 45, 43, 81, 76, 98, 114, 110, 127, 118, 125, 118, 92, 91, 60, 46, 35, 34, 20, 4, 0, 0, 11, 18, 28, 53, 66, 78, 97, 113, 124, 125, 124, 119, 123, 103]"
Linear,5,exact_guidance_u,184,0,62,61,"[129, 26, 0, 2, 0, 7, 12, 40, 82, 72, 83, 104, 108, 123, 113, 127, 127, 124, 122, 92, 26, 3, 11, 0, 17, 19, 37, 45, 43, 81, 76, 98, 114, 110, 127, 118, 125, 118, 92, 91, 60, 46, 35, 34, 20, 4, 0, 0, 11, 18, 28, 53, 66, 78, 97, 113, 124, 125, 124, 119, 123, 103]","[26, 0, 2, 0, 7, 12, 40, 82, 72, 83, 104, 108, 123, 113, 127, 127, 124, 122, 92, 26, 3, 11, 0, 17, 19, 37, 45, 43, 81, 76, 98, 114, 110, 127, 118, 125, 118, 92, 91, 60, 46, 35, 34, 20, 4, 0, 0, 11, 18, 28, 53, 66, 78, 97, 113, 124, 125, 124, 119, 123, 103]"
Linear,5,exact_guidance_u,185,0,62,61,"[129, 26, 0, 2, 0, 7, 12, 40, 82, 72, 83, 104, 108, 123, 113, 127, 127, 124, 122, 92, 26, 3, 11, 0, 17, 19, 37, 45, 43, 81, 76, 98, 114, 110, 127, 118, 125, 118, 92, 91, 60, 46, 35, 34, 20, 4, 0, 0, 11, 18, 28, 53, 66, 78, 97, 113, 124, 125, 124, 119, 123, 103]","[26, 0, 2, 0, 7, 12, 40, 82, 72, 83, 104, 108, 123, 113, 127, 127, 124, 122, 92, 26, 3, 11, 0, 17, 19, 37, 45, 43, 81, 76, 98, 114, 110, 127, 118, 125, 118, 92, 91, 60, 46, 35, 34, 20, 4, 0, 0, 11, 18, 28, 53, 66, 78, 97, 113, 124, 125, 124, 119, 123, 103]"
Linear,5,exact_guidance_u,186,0,62,61,"[129, 26, 0, 2, 0, 7, 12, 40, 82, 72, 83, 104, 108, 123, 113, 127, 127, 124, 122, 92, 26, 3, 11, 0, 17, 19, 37, 45, 43, 81, 76, 98, 114, 110, 127, 118, 125, 118, 92, 91, 60, 46, 35, 34, 20, 4, 0, 0, 11, 18, 28, 53, 66, 78, 97, 113, 124, 125, 124, 119, 123, 103]","[26, 0, 2, 0, 7, 12, 40, 82, 72, 83, 104, 108, 123, 113, 127, 127, 124, 122, 92, 26, 3, 11, 0, 17, 19, 37, 45, 43, 81, 76, 98, 114, 110, 127, 118, 125, 118, 92, 91, 60, 46, 35, 34, 20, 4, 0, 0, 11, 18, 28, 53, 66, 78, 97, 113, 124, 125, 124, 119, 123, 103]"
Linear,5,exact_guidance_u,187,0,63,62,"[129, 26, 0, 2, 0, 7, 12, 40, 82, 72, 83, 104, 108, 123, 113, 127, 127, 124, 122, 92, 26, 3, 11, 0, 17, 19, 37, 45, 43, 81, 76, 98, 114, 110, 127, 118, 125, 118, 92, 91, 60, 46, 35, 34, 20, 4, 0, 0, 11, 18, 28, 29, 53, 66, 78, 97, 113, 124, 125, 124, 119, 123, 103]","[26, 0, 2, 0, 7, 12, 40, 82, 72, 83, 104, 108, 123, 113, 127, 127, 124, 122, 92, 26, 3, 11, 0, 17, 19, 37, 45, 43, 81, 76, 98, 114, 110, 127, 118, 125, 118, 92, 91, 60, 46, 35, 34, 20, 4, 0, 0, 11, 18, 28, 29, 53, 66, 78, 97, 113, 124, 125, 124, 119, 123, 103]"
Linear,5,exact_guidance_u,188,0,63,62,"[129, 26, 0, 2, 0, 7, 12, 40, 82, 72, 83, 104, 108, 123, 113, 127, 127, 124, 122, 92, 26, 3, 11, 0, 17, 19, 37, 45, 43, 81, 76, 98, 114, 110, 127, 118, 125, 118, 92, 91, 60, 46, 35, 34, 20, 4, 0, 0, 11, 18, 28, 29, 53, 66, 78, 97, 113, 124, 125, 124, 119, 123, 103]","[26, 0, 2, 0, 7, 12, 40, 82, 72, 83, 104, 108, 123, 113, 127, 127, 124, 122, 92, 26, 3, 11, 0, 17, 19, 37, 45, 43, 81, 76, 98, 114, 110, 127, 118, 125, 118, 92, 91, 60, 46, 35, 34, 20, 4, 0, 0, 11, 18, 28, 29, 53, 66, 78, 97, 113, 124, 125, 124, 119, 123, 103]"
Linear,5,exact_guidance_u,189,0,64,63,"[129, 26, 0, 2, 0, 3, 7, 12, 40, 82, 72, 83, 104, 108, 123, 113, 127, 127, 124, 122, 92, 26, 3, 11, 0, 17, 19, 37, 45, 43, 81, 76, 98, 114, 110, 127, 118, 125, 118, 92, 91, 60, 46, 35, 34, 20, 4, 0, 0, 11, 18, 28, 29, 53, 66, 78, 97, 113, 124, 125, 124, 119, 123, 103]","[26, 0, 2, 0, 3, 7, 12, 40, 82, 72, 83, 104, 108, 123, 113, 127, 127, 124, 122, 92, 26, 3, 11, 0, 17, 19, 37, 45, 43, 81, 76, 98, 114, 110, 127, 118, 125, 118, 92, 91, 60, 46, 35, 34, 20, 4, 0, 0, 11, 18, 28, 29, 53, 66, 78, 97, 113, 124, 125, 124, 119, 123, 103]"
Linear,5,exact_guidance_u,190,0,64,63,"[129, 26, 0, 2, 0, 3, 7, 12, 40, 82, 72, 83, 104, 108, 123, 113, 127, 127, 124, 122, 92, 26, 3, 11, 0, 17, 19, 37, 45, 43, 81, 76, 98, 114, 110, 127, 118, 125, 118, 92, 91, 60, 46, 35, 34, 20, 4, 0, 0, 11, 18, 28, 29, 53, 66, 78, 97, 113, 124, 125, 124, 119, 123, 103]","[26, 0, 2, 0, 3, 7, 12, 40, 82, 72, 83, 104, 108, 123, 113, 127, 127, 124, 122, 92, 26, 3, 11, 0, 17, 19, 37, 45, 43, 81, 76, 98, 114, 110, 127, 118, 125, 118, 92, 91, 60, 46, 35, 34, 20, 4, 0, 0, 11, 18, 28, 29, 53, 66, 78, 97, 113, 124, 125, 124, 119, 123, 103]"
Linear,5,exact_guidance_u,191,0,64,63,"[129, 26, 0, 2, 0, 3, 7, 12, 40, 82, 72, 83, 104, 108, 123, 113, 127, 127, 124, 122, 92, 26, 3, 11, 0, 17, 19, 37, 45, 43, 81, 76, 98, 114, 110, 127, 118, 125, 118, 92, 91, 60, 46, 35, 34, 20, 4, 0, 0, 11, 18, 28, 29, 53, 66, 78, 97, 113, 124, 125, 124, 119, 123, 103]","[26, 0, 2, 0, 3, 7, 12, 40, 82, 72, 83, 104, 108, 123, 113, 127, 127, 124, 122, 92, 26, 3, 11, 0, 17, 19, 37, 45, 43, 81, 76, 98, 114, 110, 127, 118, 125, 118, 92, 91, 60, 46, 35, 34, 20, 4, 0, 0, 11, 18, 28, 29, 53, 66, 78, 97, 113, 124, 125, 124, 119, 123, 103]"
Linear,5,exact_guidance_u,192,0,64,63,"[129, 26, 0, 2, 0, 3, 7, 12, 40, 82, 72, 83, 104, 108, 123, 113, 127, 127, 124, 122, 92, 26, 3, 11, 0, 17, 19, 37, 45, 43, 81, 76, 98, 114, 110, 127, 118, 125, 118, 92, 91, 60, 46, 35, 34, 20, 4, 0, 0, 11, 18, 28, 29, 53, 66, 78, 97, 113, 124, 125, 124, 119, 123, 103]","[26, 0, 2, 0, 3, 7, 12, 40, 82, 72, 83, 104, 108, 123, 113, 127, 127, 124, 122, 92, 26, 3, 11, 0, 17, 19, 37, 45, 43, 81, 76, 98, 114, 110, 127, 118, 125, 118, 92, 91, 60, 46, 35, 34, 20, 4, 0, 0, 11, 18, 28, 29, 53, 66, 78, 97, 113, 124, 125, 124, 119, 123, 103]"
Linear,5,exact_guidance_u,193,0,64,63,"[129, 26, 0, 2, 0, 3, 7, 12, 40, 82, 72, 83, 104, 108, 123, 113, 127, 127, 124, 122, 92, 26, 3, 11, 0, 17, 19, 37, 45, 43, 81, 76, 98, 114, 110, 127, 118, 125, 118, 92, 91, 60, 46, 35, 34, 20, 4, 0, 0, 11, 18, 28, 29, 53, 66, 78, 97, 113, 124, 125, 124, 119, 123, 103]","[26, 0, 2, 0, 3, 7, 12, 40, 82, 72, 83, 104, 108, 123, 113, 127, 127, 124, 122, 92, 26, 3, 11, 0, 17, 19, 37, 45, 43, 81, 76, 98, 114, 110, 127, 118, 125, 118, 92, 91, 60, 46, 35, 34, 20, 4, 0, 0, 11, 18, 28, 29, 53, 66, 78, 97, 113, 124, 125, 124, 119, 123, 103]"
Linear,5,exact_guidance_u,194,0,64,63,"[129, 26, 0, 2, 0, 3, 7, 12, 40, 82, 72, 83, 104, 108, 123, 113, 127, 127, 124, 122, 92, 26, 3, 11, 0, 17, 19, 37, 45, 43, 81, 76, 98, 114, 110, 127, 118, 125, 118, 92, 91, 60, 46, 35, 34, 20, 4, 0, 0, 11, 18, 28, 29, 53, 66, 78, 97, 113, 124, 125, 124, 119, 123, 103]","[26, 0, 2, 0, 3, 7, 12, 40, 82, 72, 83, 104, 108, 123, 113, 127, 127, 124, 122, 92, 26, 3, 11, 0, 17, 19, 37, 45, 43, 81, 76, 98, 114, 110, 127, 118, 125, 118, 92, 91, 60, 46, 35, 34, 20, 4, 0, 0, 11, 18, 28, 29, 53, 66, 78, 97, 113, 124, 125, 124, 119, 123, 103]"
Linear,5,exact_guidance_u,195,0,64,63,"[129, 26, 0, 2, 0, 3, 7, 12, 40, 82, 72, 83, 104, 108, 123, 113, 127, 127, 124, 122, 92, 26, 3, 11, 0, 17, 19, 37, 45, 43, 81, 76, 98, 114, 110, 127, 118, 125, 118, 92, 91, 60, 46, 35, 34, 20, 4, 0, 0, 11, 18, 28, 29, 53, 66, 78, 97, 113, 124, 125, 124, 119, 123, 103]","[26, 0, 2, 0, 3, 7, 12, 40, 82, 72, 83, 104, 108, 123, 113, 127, 127, 124, 122, 92, 26, 3, 11, 0, 17, 19, 37, 45, 43, 81, 76, 98, 114, 110, 127, 118, 125, 118, 92, 91, 60, 46, 35, 34, 20, 4, 0, 0, 11, 18, 28, 29, 53, 66, 78, 97, 113, 124, 125, 124, 119, 123, 103]"
Linear,5,exact_guidance_u,196,0,64,63,"[129, 26, 0, 2, 0, 3, 7, 12, 40, 82, 72, 83, 104, 108, 123, 113, 127, 127, 124, 122, 92, 26, 3, 11, 0, 17, 19, 37, 45, 43, 81, 76, 98, 114, 110, 127, 118, 125, 118, 92, 91, 60, 46, 35, 34, 20, 4, 0, 0, 11, 18, 28, 29, 53, 66, 78, 97, 113, 124, 125, 124, 119, 123, 103]","[26, 0, 2, 0, 3, 7, 12, 40, 82, 72, 83, 104, 108, 123, 113, 127, 127, 124, 122, 92, 26, 3, 11, 0, 17, 19, 37, 45, 43, 81, 76, 98, 114, 110, 127, 118, 125, 118, 92, 91, 60, 46, 35, 34, 20, 4, 0, 0, 11, 18, 28, 29, 53, 66, 78, 97, 113, 124, 125, 124, 119, 123, 103]"
Linear,5,exact_guidance_u,197,0,64,63,"[129, 26, 0, 2, 0, 3, 7, 12, 40, 82, 72, 83, 104, 108, 123, 113, 127, 127, 124, 122, 92, 26, 3, 11, 0, 17, 19, 37, 45, 43, 81, 76, 98, 114, 110, 127, 118, 125, 118, 92, 91, 60, 46, 35, 34, 20, 4, 0, 0, 11, 18, 28, 29, 53, 66, 78, 97, 113, 124, 125, 124, 119, 123, 103]","[26, 0, 2, 0, 3, 7, 12, 40, 82, 72, 83, 104, 108, 123, 113, 127, 127, 124, 122, 92, 26, 3, 11, 0, 17, 19, 37, 45, 43, 81, 76, 98, 114, 110, 127, 118, 125, 118, 92, 91, 60, 46, 35, 34, 20, 4, 0, 0, 11, 18, 28, 29, 53, 66, 78, 97, 113, 124, 125, 124, 119, 123, 103]"
Linear,5,exact_guidance_u,198,0,64,63,"[129, 26, 0, 2, 0, 3, 7, 12, 40, 82, 72, 83, 104, 108, 123, 113, 127, 127, 124, 122, 92, 26, 3, 11, 0, 17, 19, 37, 45, 43, 81, 76, 98, 114, 110, 127, 118, 125, 118, 92, 91, 60, 46, 35, 34, 20, 4, 0, 0, 11, 18, 28, 29, 53, 66, 78, 97, 113, 124, 125, 124, 119, 123, 103]","[26, 0, 2, 0, 3, 7, 12, 40, 82, 72, 83, 104, 108, 123, 113, 127, 127, 124, 122, 92, 26, 3, 11, 0, 17, 19, 37, 45, 43, 81, 76, 98, 114, 110, 127, 118, 125, 118, 92, 91, 60, 46, 35, 34, 20, 4, 0, 0, 11, 18, 28, 29, 53, 66, 78, 97, 113, 124, 125, 124, 119, 123, 103]"
Linear,5,exact_guidance_u,199,0,64,63,"[129, 26, 0, 2, 0, 3, 7, 12, 40, 82, 72, 83, 104, 108, 123, 113, 127, 127, 124, 122, 92, 26, 3, 11, 0, 17, 19, 37, 45, 43, 81, 76, 98, 114, 110, 127, 118, 125, 118, 92, 91, 60, 46, 35, 34, 20, 4, 0, 0, 11, 18, 28, 29, 53, 66, 78, 97, 113, 124, 125, 124, 119, 123, 103]","[26, 0, 2, 0, 3, 7, 12, 40, 82, 72, 83, 104, 108, 123, 113, 127, 127, 124, 122, 92, 26, 3, 11, 0, 17, 19, 37, 45, 43, 81, 76, 98, 114, 110, 127, 118, 125, 118, 92, 91, 60, 46, 35, 34, 20, 4, 0, 0, 11, 18, 28, 29, 53, 66, 78, 97, 113, 124, 125, 124, 119, 123, 103]"
Linear,5,exact_guidance_u,200,0,64,63,"[129, 26, 0, 2, 0, 3, 7, 12, 40, 82, 72, 83, 104, 108, 123, 113, 127, 127, 124, 122, 92, 26, 3, 11, 0, 17, 19, 37, 45, 43, 81, 76, 98, 114, 110, 127, 118, 125, 118, 92, 91, 60, 46, 35, 34, 20, 4, 0, 0, 11, 18, 28, 29, 53, 66, 78, 97, 113, 124, 125, 124, 119, 123, 103]","[26, 0, 2, 0, 3, 7, 12, 40, 82, 72, 83, 104, 108, 123, 113, 127, 127, 124, 122, 92, 26, 3, 11, 0, 17, 19, 37, 45, 43, 81, 76, 98, 114, 110, 127, 118, 125, 118, 92, 91, 60, 46, 35, 34, 20, 4, 0, 0, 11, 18, 28, 29, 53, 66, 78, 97, 113, 124, 125, 124, 119, 123, 103]"
Linear,5,exact_guidance_u,201,0,65,64,"[129, 26, 0, 2, 0, 3, 7, 12, 40, 82, 72, 83, 104, 108, 123, 113, 127, 127, 124, 122, 92, 26, 3, 11, 0, 17, 17, 19, 37, 45, 43, 81, 76, 98, 114, 110, 127, 118, 125, 118, 92, 91, 60, 46, 35, 34, 20, 4, 0, 0, 11, 18, 28, 29, 53, 66, 78, 97, 113, 124, 125, 124, 119, 123, 103]","[26, 0, 2, 0, 3, 7, 12, 40, 82, 72, 83, 104, 108, 123, 113, 127, 127, 124, 122, 92, 26, 3, 11, 0, 17, 17, 19, 37, 45, 43, 81, 76, 98, 114, 110, 127, 118, 125, 118, 92, 91, 60, 46, 35, 34, 20, 4, 0, 0, 11, 18, 28, 29, 53, 66, 78, 97, 113, 124, 125, 124, 119, 123, 103]"
Linear,5,exact_guidance_u,202,0,65,64,"[129, 26, 0, 2, 0, 3, 7, 12, 40, 82, 72, 83, 104, 108, 123, 113, 127, 127, 124, 122, 92, 26, 3, 11, 0, 17, 17, 19, 37, 45, 43, 81, 76, 98, 114, 110, 127, 118, 125, 118, 92, 91, 60, 46, 35, 34, 20, 4, 0, 0, 11, 18, 28, 29, 53, 66, 78, 97, 113, 124, 125, 124, 119, 123, 103]","[26, 0, 2, 0, 3, 7, 12, 40, 82, 72, 83, 104, 108, 123, 113, 127, 127, 124, 122, 92, 26, 3, 11, 0, 17, 17, 19, 37, 45, 43, 81, 76, 98, 114, 110, 127, 118, 125, 118, 92, 91, 60, 46, 35, 34, 20, 4, 0, 0, 11, 18, 28, 29, 53, 66, 78, 97, 113, 124, 125, 124, 119, 123, 103]"
Linear,5,exact_guidance_u,203,0,65,64,"[129, 26, 0, 2, 0, 3, 7, 12, 40, 82, 72, 83, 104, 108, 123, 113, 127, 127, 124, 122, 92, 26, 3, 11, 0, 17, 17, 19, 37, 45, 43, 81, 76, 98, 114, 110, 127, 118, 125, 118, 92, 91, 60, 46, 35, 34, 20, 4, 0, 0, 11, 18, 28, 29, 53, 66, 78, 97, 113, 124, 125, 124, 119, 123, 103]","[26, 0, 2, 0, 3, 7, 12, 40, 82, 72, 83, 104, 108, 123, 113, 127, 127, 124, 122, 92, 26, 3, 11, 0, 17, 17, 19, 37, 45, 43, 81, 76, 98, 114, 110, 127, 118, 125, 118, 92, 91, 60, 46, 35, 34, 20, 4, 0, 0, 11, 18, 28, 29, 53, 66, 78, 97, 113, 124, 125, 124, 119, 123, 103]"
Linear,5,exact_guidance_u,204,0,65,64,"[129, 26, 0, 2, 0, 3, 7, 12, 40, 82, 72, 83, 104, 108, 123, 113, 127, 127, 124, 122, 92, 26, 3, 11, 0, 17, 17, 19, 37, 45, 43, 81, 76, 98, 114, 110, 127, 118, 125, 118, 92, 91, 60, 46, 35, 34, 20, 4, 0, 0, 11, 18, 28, 29, 53, 66, 78, 97, 113, 124, 125, 124, 119, 123, 103]","[26, 0, 2, 0, 3, 7, 12, 40, 82, 72, 83, 104, 108, 123, 113, 127, 127, 124, 122, 92, 26, 3, 11, 0, 17, 17, 19, 37, 45, 43, 81, 76, 98, 114, 110, 127, 118, 125, 118, 92, 91, 60, 46, 35, 34, 20, 4, 0, 0, 11, 18, 28, 29, 53, 66, 78, 97, 113, 124, 125, 124, 119, 123, 103]"
Linear,5,exact_guidance_u,205,0,65,64,"[129, 26, 0, 2, 0, 3, 7, 12, 40, 82, 72, 83, 104, 108, 123, 113, 127, 127, 124, 122, 92, 26, 3, 11, 0, 17, 17, 19, 37, 45, 43, 81, 76, 98, 114, 110, 127, 118, 125, 118, 92, 91, 60, 46, 35, 34, 20, 4, 0, 0, 11, 18, 28, 29, 53, 66, 78, 97, 113, 124, 125, 124, 119, 123, 103]","[26, 0, 2, 0, 3, 7, 12, 40, 82, 72, 83, 104, 108, 123, 113, 127, 127, 124, 122, 92, 26, 3, 11, 0, 17, 17, 19, 37, 45, 43, 81, 76, 98, 114, 110, 127, 118, 125, 118, 92, 91, 60, 46, 35, 34, 20, 4, 0, 0, 11, 18, 28, 29, 53, 66, 78, 97, 113, 124, 125, 124, 119, 123, 103]"
Linear,5,exact_guidance_u,206,0,65,64,"[129, 26, 0, 2, 0, 3, 7, 12, 40, 82, 72, 83, 104, 108, 123, 113, 127, 127, 124, 122, 92, 26, 3, 11, 0, 17, 17, 19, 37, 45, 43, 81, 76, 98, 114, 110, 127, 118, 125, 118, 92, 91, 60, 46, 35, 34, 20, 4, 0, 0, 11, 18, 28, 29, 53, 66, 78, 97, 113, 124, 125, 124, 119, 123, 103]","[26, 0, 2, 0, 3, 7, 12, 40, 82, 72, 83, 104, 108, 123, 113, 127, 127, 124, 122, 92, 26, 3, 11, 0, 17, 17, 19, 37, 45, 43, 81, 76, 98, 114, 110, 127, 118, 125, 118, 92, 91, 60, 46, 35, 34, 20, 4, 0, 0, 11, 18, 28, 29, 53, 66, 78, 97, 113, 124, 125, 124, 119, 123, 103]"
Linear,5,exact_guidance_u,207,0,65,64,"[129, 26, 0, 2, 0, 3, 7, 12, 40, 82, 72, 83, 104, 108, 123, 113, 127, 127, 124, 122, 92, 26, 3, 11, 0, 17, 17, 19, 37, 45, 43, 81, 76, 98, 114, 110, 127, 118, 125, 118, 92, 91, 60, 46, 35, 34, 20, 4, 0, 0, 11, 18, 28, 29, 53, 66, 78, 97, 113, 124, 125, 124, 119, 123, 103]","[26, 0, 2, 0, 3, 7, 12, 40, 82, 72, 83, 104, 108, 123, 113, 127, 127, 124, 122, 92, 26, 3, 11, 0, 17, 17, 19, 37, 45, 43, 81, 76, 98, 114, 110, 127, 118, 125, 118, 92, 91, 60, 46, 35, 34, 20, 4, 0, 0, 11, 18, 28, 29, 53, 66, 78, 97, 113, 124, 125, 124, 119, 123, 103]"
Linear,5,exact_guidance_u,208,0,66,65,"[129, 26, 0, 2, 0, 3, 7, 12, 40, 82, 72, 83, 104, 108, 123, 113, 127, 127, 124, 122, 92, 26, 3, 11, 0, 17, 17, 19, 37, 45, 43, 81, 76, 98, 114, 110, 124, 127, 118, 125, 118, 92, 91, 60, 46, 35, 34, 20, 4, 0, 0, 11, 18, 28, 29, 53, 66, 78, 97, 113, 124, 125, 124, 119, 123, 103]","[26, 0, 2, 0, 3, 7, 12, 40, 82, 72, 83, 104, 108, 123, 113, 127, 127, 124, 122, 92, 26, 3, 11, 0, 17, 17, 19, 37, 45, 43, 81, 76, 98, 114, 110, 124, 127, 118, 125, 118, 92, 91, 60, 46, 35, 34, 20, 4, 0, 0, 11, 18, 28, 29, 53, 66, 78, 97, 113, 124, 125, 124, 119, 123, 103]"
Linear,5,exact_guidance_u,209,0,66,65,"[129, 26, 0, 2, 0, 3, 7, 12, 40, 82, 72, 83, 104, 108, 123, 113, 127, 127, 124, 122, 92, 26, 3, 11, 0, 17, 17, 19, 37, 45, 43, 81, 76, 98, 114, 110, 124, 127, 118, 125, 118, 92, 91, 60, 46, 35, 34, 20, 4, 0, 0, 11, 18, 28, 29, 53, 66, 78, 97, 113, 124, 125, 124, 119, 123, 103]","[26, 0, 2, 0, 3, 7, 12, 40, 82, 72, 83, 104, 108, 123, 113, 127, 127, 124, 122, 92, 26, 3, 11, 0, 17, 17, 19, 37, 45, 43, 81, 76, 98, 114, 110, 124, 127, 118, 125, 118, 92, 91, 60, 46, 35, 34, 20, 4, 0, 0, 11, 18, 28, 29, 53, 66, 78, 97, 113, 124, 125, 124, 119, 123, 103]"
Linear,5,exact_guidance_u,210,0,66,65,"[129, 26, 0, 2, 0, 3, 7, 12, 40, 82, 72, 83, 104, 108, 123, 113, 127, 127, 124, 122, 92, 26, 3, 11, 0, 17, 17, 19, 37, 45, 43, 81, 76, 98, 114, 110, 124, 127, 118, 125, 118, 92, 91, 60, 46, 35, 34, 20, 4, 0, 0, 11, 18, 28, 29, 53, 66, 78, 97, 113, 124, 125, 124, 119, 123, 103]","[26, 0, 2, 0, 3, 7, 12, 40, 82, 72, 83, 104, 108, 123, 113, 127, 127, 124, 122, 92, 26, 3, 11, 0, 17, 17, 19, 37, 45, 43, 81, 76, 98, 114, 110, 124, 127, 118, 125, 118, 92, 91, 60, 46, 35, 34, 20, 4, 0, 0, 11, 18, 28, 29, 53, 66, 78, 97, 113, 124, 125, 124, 119, 123, 103]"
Linear,5,exact_guidance_u,211,0,66,65,"[129, 26, 0, 2, 0, 3, 7, 12, 40, 82, 72, 83, 104, 108, 123, 113, 127, 127, 124, 122, 92, 26, 3, 11, 0, 17, 17, 19, 37, 45, 43, 81, 76, 98, 114, 110, 124, 127, 118, 125, 118, 92, 91, 60, 46, 35, 34, 20, 4, 0, 0, 11, 18, 28, 29, 53, 66, 78, 97, 113, 124, 125, 124, 119, 123, 103]","[26, 0, 2, 0, 3, 7, 12, 40, 82, 72, 83, 104, 108, 123, 113, 127, 127, 124, 122, 92, 26, 3, 11, 0, 17, 17, 19, 37, 45, 43, 81, 76, 98, 114, 110, 124, 127, 118, 125, 118, 92, 91, 60, 46, 35, 34, 20, 4, 0, 0, 11, 18, 28, 29, 53, 66, 78, 97, 113, 124, 125, 124, 119, 123, 103]"
Linear,5,exact_guidance_u,212,0,68,67,"[129, 26, 0, 2, 9, 0, 3, 7, 12, 28, 40, 82, 72, 83, 104, 108, 123, 113, 127, 127, 124, 122, 92, 26, 3, 11, 0, 17, 17, 19, 37, 45, 43, 81, 76, 98, 114, 110, 124, 127, 118, 125, 118, 92, 91, 60, 46, 35, 34, 20, 4, 0, 0, 11, 18, 28, 29, 53, 66, 78, 97, 113, 124, 125, 124, 119, 123, 103]","[26, 0, 2, 9, 0, 3, 7, 12, 28, 40, 82, 72, 83, 104, 108, 123, 113, 127, 127, 124, 122, 92, 26, 3, 11, 0, 17, 17, 19, 37, 45, 43, 81, 76, 98, 114, 110, 124, 127, 118, 125, 118, 92, 91, 60, 46, 35, 34, 20, 4, 0, 0, 11, 18, 28, 29, 53, 66, 78, 97, 113, 124, 125, 124, 119, 123, 103]"
Linear,5,exact_guidance_u,213,0,68,67,"[129, 26, 0, 2, 9, 0, 3, 7, 12, 28, 40, 82, 72, 83, 104, 108, 123, 113, 127, 127, 124, 122, 92, 26, 3, 11, 0, 17, 17, 19, 37, 45, 43, 81, 76, 98, 114, 110, 124, 127, 118, 125, 118, 92, 91, 60, 46, 35, 34, 20, 4, 0, 0, 11, 18, 28, 29, 53, 66, 78, 97, 113, 124, 125, 124, 119, 123, 103]","[26, 0, 2, 9, 0, 3, 7, 12, 28, 40, 82, 72, 83, 104, 108, 123, 113, 127, 127, 124, 122, 92, 26, 3, 11, 0, 17, 17, 19, 37, 45, 43, 81, 76, 98, 114, 110, 124, 127, 118, 125, 118, 92, 91, 60, 46, 35, 34, 20, 4, 0, 0, 11, 18, 28, 29, 53, 66, 78, 97, 113, 124, 125, 124, 119, 123, 103]"
Linear,5,exact_guidance_u,214,0,68,67,"[129, 26, 0, 2, 9, 0, 3, 7, 12, 28, 40, 82, 72, 83, 104, 108, 123, 113, 127, 127, 124, 122, 92, 26, 3, 11, 0, 17, 17, 19, 37, 45, 43, 81, 76, 98, 114, 110, 124, 127, 118, 125, 118, 92, 91, 60, 46, 35, 34, 20, 4, 0, 0, 11, 18, 28, 29, 53, 66, 78, 97, 113, 124, 125, 124, 119, 123, 103]","[26, 0, 2, 9, 0, 3, 7, 12, 28, 40, 82, 72, 83, 104, 108, 123, 113, 127, 127, 124, 122, 92, 26, 3, 11, 0, 17, 17, 19, 37, 45, 43, 81, 76, 98, 114, 110, 124, 127, 118, 125, 118, 92, 91, 60, 46, 35, 34, 20, 4, 0, 0, 11, 18, 28, 29, 53, 66, 78, 97, 113, 124, 125, 124, 119, 123, 103]"
Linear,5,exact_guidance_u,215,0,68,67,"[129, 26, 0, 2, 9, 0, 3, 7, 12, 28, 40, 82, 72, 83, 104, 108, 123, 113, 127, 127, 124, 122, 92, 26, 3, 11, 0, 17, 17, 19, 37, 45, 43, 81, 76, 98, 114, 110, 124, 127, 118, 125, 118, 92, 91, 60, 46, 35, 34, 20, 4, 0, 0, 11, 18, 28, 29, 53, 66, 78, 97, 113, 124, 125, 124, 119, 123, 103]","[26, 0, 2, 9, 0, 3, 7, 12, 28, 40, 82, 72, 83, 104, 108, 123, 113, 127, 127, 124, 122, 92, 26, 3, 11, 0, 17, 17, 19, 37, 45, 43, 81, 76, 98, 114, 110, 124, 127, 118, 125, 118, 92, 91, 60, 46, 35, 34, 20, 4, 0, 0, 11, 18, 28, 29, 53, 66, 78, 97, 113, 124, 125, 124, 119, 123, 103]"
Linear,5,exact_guidance_u,216,0,68,67,"[129, 26, 0, 2, 9, 0, 3, 7, 12, 28, 40, 82, 72, 83, 104, 108, 123, 113, 127, 127, 124, 122, 92, 26, 3, 11, 0, 17, 17, 19, 37, 45, 43, 81, 76, 98, 114, 110, 124, 127, 118, 125, 118, 92, 91, 60, 46, 35, 34, 20, 4, 0, 0, 11, 18, 28, 29, 53, 66, 78, 97, 113, 124, 125, 124, 119, 123, 103]","[26, 0, 2, 9, 0, 3, 7, 12, 28, 40, 82, 72, 83, 104, 108, 123, 113, 127, 127, 124, 122, 92, 26, 3, 11, 0, 17, 17, 19, 37, 45, 43, 81, 76, 98, 114, 110, 124, 127, 118, 125, 118, 92, 91, 60, 46, 35, 34, 20, 4, 0, 0, 11, 18, 28, 29, 53, 66, 78, 97, 113, 124, 125, 124, 119, 123, 103]"
Linear,5,exact_guidance_u,217,0,68,67,"[129, 26, 0, 2, 9, 0, 3, 7, 12, 28, 40, 82, 72, 83, 104, 108, 123, 113, 127, 127, 124, 122, 92, 26, 3, 11, 0, 17, 17, 19, 37, 45, 43, 81, 76, 98, 114, 110, 124, 127, 118, 125, 118, 92, 91, 60, 46, 35, 34, 20, 4, 0, 0, 11, 18, 28, 29, 53, 66, 78, 97, 113, 124, 125, 124, 119, 123, 103]","[26, 0, 2, 9, 0, 3, 7, 12, 28, 40, 82, 72, 83, 104, 108, 123, 113, 127, 127, 124, 122, 92, 26, 3, 11, 0, 17, 17, 19, 37, 45, 43, 81, 76, 98, 114, 110, 124, 127, 118, 125, 118, 92, 91, 60, 46, 35, 34, 20, 4, 0, 0, 11, 18, 28, 29, 53, 66, 78, 97, 113, 124, 125, 124, 119, 123, 103]"
Linear,5,exact_guidance_u,218,0,68,67,"[129, 26, 0, 2, 9, 0, 3, 7, 12, 28, 40, 82, 72, 83, 104, 108, 123, 113, 127, 127, 124, 122, 92, 26, 3, 11, 0, 17, 17, 19, 37, 45, 43, 81, 76, 98, 114, 110, 124, 127, 118, 125, 118, 92, 91, 60, 46, 35, 34, 20, 4, 0, 0, 11, 18, 28, 29, 53, 66, 78, 97, 113, 124, 125, 124, 119, 123, 103]","[26, 0, 2, 9, 0, 3, 7, 12, 28, 40, 82, 72, 83, 104, 108, 123, 113, 127, 127, 124, 122, 92, 26, 3, 11, 0, 17, 17, 19, 37, 45, 43, 81, 76, 98, 114, 110, 124, 127, 118, 125, 118, 92, 91, 60, 46, 35, 34, 20, 4, 0, 0, 11, 18, 28, 29, 53, 66, 78, 97, 113, 124, 125, 124, 119, 123, 103]"
Linear,5,exact_guidance_u,219,0,68,67,"[129, 26, 0, 2, 9, 0, 3, 7, 12, 28, 40, 82, 72, 83, 104, 108, 123, 113, 127, 127, 124, 122, 92, 26, 3, 11, 0, 17, 17, 19, 37, 45, 43, 81, 76, 98, 114, 110, 124, 127, 118, 125, 118, 92, 91, 60, 46, 35, 34, 20, 4, 0, 0, 11, 18, 28, 29, 53, 66, 78, 97, 113, 124, 125, 124, 119, 123, 103]","[26, 0, 2, 9, 0, 3, 7, 12, 28, 40, 82, 72, 83, 104, 108, 123, 113, 127, 127, 124, 122, 92, 26, 3, 11, 0, 17, 17, 19, 37, 45, 43, 81, 76, 98, 114, 110, 124, 127, 118, 125, 118, 92, 91, 60, 46, 35, 34, 20, 4, 0, 0, 11, 18, 28, 29, 53, 66, 78, 97, 113, 124, 125, 124, 119, 123, 103]"
Linear,5,exact_guidance_u,220,0,69,68,"[129, 26, 0, 2, 9, 0, 3, 7, 12, 28, 40, 82, 72, 83, 104, 108, 123, 113, 127, 127, 124, 122, 92, 31, 26, 3, 11, 0, 17, 17, 19, 37, 45, 43, 81, 76, 98, 114, 110, 124, 127, 118, 125, 118, 92, 91, 60, 46, 35, 34, 20, 4, 0, 0, 11, 18, 28, 29, 53, 66, 78, 97, 113, 124, 125, 124, 119, 123, 103]","[26, 0, 2, 9, 0, 3, 7, 12, 28, 40, 82, 72, 83, 104, 108, 123, 113, 127, 127, 124, 122, 92, 31, 26, 3, 11, 0, 17, 17, 19, 37, 45, 43, 81, 76, 98, 114, 110, 124, 127, 118, 125, 118, 92, 91, 60, 46, 35, 34, 20, 4, 0, 0, 11, 18, 28, 29, 53, 66, 78, 97, 113, 124, 125, 124, 119, 123, 103]"
Linear,5,exact_guidance_u,221,0,69,68,"[129, 26, 0, 2, 9, 0, 3, 7, 12, 28, 40, 82, 72, 83, 104, 108, 123, 113, 127, 127, 124, 122, 92, 31, 26, 3, 11, 0, 17, 17, 19, 37, 45, 43, 81, 76, 98, 114, 110, 124, 127, 118, 125, 118, 92, 91, 60, 46, 35, 34, 20, 4, 0, 0, 11, 18, 28, 29, 53, 66, 78, 97, 113, 124, 125, 124, 119, 123, 103]","[26, 0, 2, 9, 0, 3, 7, 12, 28, 40, 82, 72, 83, 104, 108, 123, 113, 127, 127, 124, 122, 92, 31, 26, 3, 11, 0, 17, 17, 19, 37, 45, 43, 81, 76, 98, 114, 110, 124, 127, 118, 125, 118, 92, 91, 60, 46, 35, 34, 20, 4, 0, 0, 11, 18, 28, 29, 53, 66, 78, 97, 113, 124, 125, 124, 119, 123, 103]"
Linear,5,exact_guidance_u,222,0,69,68,"[129, 26, 0, 2, 9, 0, 3, 7, 12, 28, 40, 82, 72, 83, 104, 108, 123, 113, 127, 127, 124, 122, 92, 31, 26, 3, 11, 0, 17, 17, 19, 37, 45, 43, 81, 76, 98, 114, 110, 124, 127, 118, 125, 118, 92, 91, 60, 46, 35, 34, 20, 4, 0, 0, 11, 18, 28, 29, 53, 66, 78, 97, 113, 124, 125, 124, 119, 123, 103]","[26, 0, 2, 9, 0, 3, 7, 12, 28, 40, 82, 72, 83, 104, 108, 123, 113, 127, 127, 124, 122, 92, 31, 26, 3, 11, 0, 17, 17, 19, 37, 45, 43, 81, 76, 98, 114, 110, 124, 127, 118, 125, 118, 92, 91, 60, 46, 35, 34, 20, 4, 0, 0, 11, 18, 28, 29, 53, 66, 78, 97, 113, 124, 125, 124, 119, 123, 103]"
Linear,5,exact_guidance_u,223,0,69,68,"[129, 26, 0, 2, 9, 0, 3, 7, 12, 28, 40, 82, 72, 83, 104, 108, 123, 113, 127, 127, 124, 122, 92, 31, 26, 3, 11, 0, 17, 17, 19, 37, 45, 43, 81, 76, 98, 114, 110, 124, 127, 118, 125, 118, 92, 91, 60, 46, 35, 34, 20, 4, 0, 0, 11, 18, 28, 29, 53, 66, 78, 97, 113, 124, 125, 124, 119, 123, 103]","[26, 0, 2, 9, 0, 3, 7, 12, 28, 40, 82, 72, 83, 104, 108, 123, 113, 127, 127, 124, 122, 92, 31, 26, 3, 11, 0, 17, 17, 19, 37, 45, 43, 81, 76, 98, 114, 110, 124, 127, 118, 125, 118, 92, 91, 60, 46, 35, 34, 20, 4, 0, 0, 11, 18, 28, 29, 53, 66, 78, 97, 113, 124, 125, 124, 119, 123, 103]"
Linear,5,exact_guidance_u,224,0,69,68,"[129, 26, 0, 2, 9, 0, 3, 7, 12, 28, 40, 82, 72, 83, 104, 108, 123, 113, 127, 127, 124, 122, 92, 31, 26, 3, 11, 0, 17, 17, 19, 37, 45, 43, 81, 76, 98, 114, 110, 124, 127, 118, 125, 118, 92, 91, 60, 46, 35, 34, 20, 4, 0, 0, 11, 18, 28, 29, 53, 66, 78, 97, 113, 124, 125, 124, 119, 123, 103]","[26, 0, 2, 9, 0, 3, 7, 12, 28, 40, 82, 72, 83, 104, 108, 123, 113, 127, 127, 124, 122, 92, 31, 26, 3, 11, 0, 17, 17, 19, 37, 45, 43, 81, 76, 98, 114, 110, 124, 127, 118, 125, 118, 92, 91, 60, 46, 35, 34, 20, 4, 0, 0, 11, 18, 28, 29, 53, 66, 78, 97, 113, 124, 125, 124, 119, 123, 103]"
Linear,5,exact_guidance_u,225,0,69,68,"[129, 26, 0, 2, 9, 0, 3, 7, 12, 28, 40, 82, 72, 83, 104, 108, 123, 113, 127, 127, 124, 122, 92, 31, 26, 3, 11, 0, 17, 17, 19, 37, 45, 43, 81, 76, 98, 114, 110, 124, 127, 118, 125, 118, 92, 91, 60, 46, 35, 34, 20, 4, 0, 0, 11, 18, 28, 29, 53, 66, 78, 97, 113, 124, 125, 124, 119, 123, 103]","[26, 0, 2, 9, 0, 3, 7, 12, 28, 40, 82, 72, 83, 104, 108, 123, 113, 127, 127, 124, 122, 92, 31, 26, 3, 11, 0, 17, 17, 19, 37, 45, 43, 81, 76, 98, 114, 110, 124, 127, 118, 125, 118, 92, 91, 60, 46, 35, 34, 20, 4, 0, 0, 11, 18, 28, 29, 53, 66, 78, 97, 113, 124, 125, 124, 119, 123, 103]"
Linear,5,exact_guidance_u,226,0,69,68,"[129, 26, 0, 2, 9, 0, 3, 7, 12, 28, 40, 82, 72, 83, 104, 108, 123, 113, 127, 127, 124, 122, 92, 31, 26, 3, 11, 0, 17, 17, 19, 37, 45, 43, 81, 76, 98, 114, 110, 124, 127, 118, 125, 118, 92, 91, 60, 46, 35, 34, 20, 4, 0, 0, 11, 18, 28, 29, 53, 66, 78, 97, 113, 124, 125, 124, 119, 123, 103]","[26, 0, 2, 9, 0, 3, 7, 12, 28, 40, 82, 72, 83, 104, 108, 123, 113, 127, 127, 124, 122, 92, 31, 26, 3, 11, 0, 17, 17, 19, 37, 45, 43, 81, 76, 98, 114, 110, 124, 127, 118, 125, 118, 92, 91, 60, 46, 35, 34, 20, 4, 0, 0, 11, 18, 28, 29, 53, 66, 78, 97, 113, 124, 125, 124, 119, 123, 103]"
Linear,5,exact_guidance_u,227,0,69,68,"[129, 26, 0, 2, 9, 0, 3, 7, 12, 28, 40, 82, 72, 83, 104, 108, 123, 113, 127, 127, 124, 122, 92, 31, 26, 3, 11, 0, 17, 17, 19, 37, 45, 43, 81, 76, 98, 114, 110, 124, 127, 118, 125, 118, 92, 91, 60, 46, 35, 34, 20, 4, 0, 0, 11, 18, 28, 29, 53, 66, 78, 97, 113, 124, 125, 124, 119, 123, 103]","[26, 0, 2, 9, 0, 3, 7, 12, 28, 40, 82, 72, 83, 104, 108, 123, 113, 127, 127, 124, 122, 92, 31, 26, 3, 11, 0, 17, 17, 19, 37, 45, 43, 81, 76, 98, 114, 110, 124, 127, 118, 125, 118, 92, 91, 60, 46, 35, 34, 20, 4, 0, 0, 11, 18, 28, 29, 53, 66, 78, 97, 113, 124, 125, 124, 119, 123, 103]"
Linear,5,exact_guidance_u,228,0,69,68,"[129, 26, 0, 2, 9, 0, 3, 7, 12, 28, 40, 82, 72, 83, 104, 108, 123, 113, 127, 127, 124, 122, 92, 31, 26, 3, 11, 0, 17, 17, 19, 37, 45, 43, 81, 76, 98, 114, 110, 124, 127, 118, 125, 118, 92, 91, 60, 46, 35, 34, 20, 4, 0, 0, 11, 18, 28, 29, 53, 66, 78, 97, 113, 124, 125, 124, 119, 123, 103]","[26, 0, 2, 9, 0, 3, 7, 12, 28, 40, 82, 72, 83, 104, 108, 123, 113, 127, 127, 124, 122, 92, 31, 26, 3, 11, 0, 17, 17, 19, 37, 45, 43, 81, 76, 98, 114, 110, 124, 127, 118, 125, 118, 92, 91, 60, 46, 35, 34, 20, 4, 0, 0, 11, 18, 28, 29, 53, 66, 78, 97, 113, 124, 125, 124, 119, 123, 103]"
Linear,5,exact_guidance_u,229,0,69,68,"[129, 26, 0, 2, 9, 0, 3, 7, 12, 28, 40, 82, 72, 83, 104, 108, 123, 113, 127, 127, 124, 122, 92, 31, 26, 3, 11, 0, 17, 17, 19, 37, 45, 43, 81, 76, 98, 114, 110, 124, 127, 118, 125, 118, 92, 91, 60, 46, 35, 34, 20, 4, 0, 0, 11, 18, 28, 29, 53, 66, 78, 97, 113, 124, 125, 124, 119, 123, 103]","[26, 0, 2, 9, 0, 3, 7, 12, 28, 40, 82, 72, 83, 104, 108, 123, 113, 127, 127, 124, 122, 92, 31, 26, 3, 11, 0, 17, 17, 19, 37, 45, 43, 81, 76, 98, 114, 110, 124, 127, 118, 125, 118, 92, 91, 60, 46, 35, 34, 20, 4, 0, 0, 11, 18, 28, 29, 53, 66, 78, 97, 113, 124, 125, 124, 119, 123, 103]"
Linear,5,exact_guidance_u,230,0,71,70,"[129, 26, 0, 2, 9, 0, 3, 7, 12, 28, 40, 82, 72, 83, 104, 108, 123, 113, 127, 127, 124, 122, 92, 80, 31, 26, 3, 11, 0, 17, 17, 19, 37, 45, 43, 81, 76, 98, 114, 110, 124, 127, 118, 125, 118, 92, 91, 60, 46, 35, 34, 20, 4, 0, 0, 11, 18, 28, 29, 53, 66, 78, 97, 113, 124, 125, 124, 119, 123, 117, 103]","[26, 0, 2, 9, 0, 3, 7, 12, 28, 40, 82, 72, 83, 104, 108, 123, 113, 127, 127, 124, 122, 92, 80, 31, 26, 3, 11, 0, 17, 17, 19, 37, 45, 43, 81, 76, 98, 114, 110, 124, 127, 118, 125, 118, 92, 91, 60, 46, 35, 34, 20, 4, 0, 0, 11, 18, 28, 29, 53, 66, 78, 97, 113, 124, 125, 124, 119, 123, 117, 103]"
Linear,5,exact_guidance_u,231,0,71,70,"[129, 26, 0, 2, 9, 0, 3, 7, 12, 28, 40, 82, 72, 83, 104, 108, 123, 113, 127, 127, 124, 122, 92, 80, 31, 26, 3, 11, 0, 17, 17, 19, 37, 45, 43, 81, 76, 98, 114, 110, 124, 127, 118, 125, 118, 92, 91, 60, 46, 35, 34, 20, 4, 0, 0, 11, 18, 28, 29, 53, 66, 78, 97, 113, 124, 125, 124, 119, 123, 117, 103]","[26, 0, 2, 9, 0, 3, 7, 12, 28, 40, 82, 72, 83, 104, 108, 123, 113, 127, 127, 124, 122, 92, 80, 31, 26, 3, 11, 0, 17, 17, 19, 37, 45, 43, 81, 76, 98, 114, 110, 124, 127, 118, 125, 118, 92, 91, 60, 46, 35, 34, 20, 4, 0, 0, 11, 18, 28, 29, 53, 66, 78, 97, 113, 124, 125, 124, 119, 123, 117, 103]"
Linear,5,exact_guidance_u,232,0,71,70,"[129, 26, 0, 2, 9, 0, 3, 7, 12, 28, 40, 82, 72, 83, 104, 108, 123, 113, 127, 127, 124, 122, 92, 80, 31, 26, 3, 11, 0, 17, 17, 19, 37, 45, 43, 81, 76, 98, 114, 110, 124, 127, 118, 125, 118, 92, 91, 60, 46, 35, 34, 20, 4, 0, 0, 11, 18, 28, 29, 53, 66, 78, 97, 113, 124, 125, 124, 119, 123, 117, 103]","[26, 0, 2, 9, 0, 3, 7, 12, 28, 40, 82, 72, 83, 104, 108, 123, 113, 127, 127, 124, 122, 92, 80, 31, 26, 3, 11, 0, 17, 17, 19, 37, 45, 43, 81, 76, 98, 114, 110, 124, 127, 118, 125, 118, 92, 91, 60, 46, 35, 34, 20, 4, 0, 0, 11, 18, 28, 29, 53, 66, 78, 97, 113, 124, 125, 124, 119, 123, 117, 103]"
Linear,5,exact_guidance_u,233,0,71,70,"[129, 26, 0, 2, 9, 0, 3, 7, 12, 28, 40, 82, 72, 83, 104, 108, 123, 113, 127, 127, 124, 122, 92, 80, 31, 26, 3, 11, 0, 17, 17, 19, 37, 45, 43, 81, 76, 98, 114, 110, 124, 127, 118, 125, 118, 92, 91, 60, 46, 35, 34, 20, 4, 0, 0, 11, 18, 28, 29, 53, 66, 78, 97, 113, 124, 125, 124, 119, 123, 117, 103]","[26, 0, 2, 9, 0, 3, 7, 12, 28, 40, 82, 72, 83, 104, 108, 123, 113, 127, 127, 124, 122, 92, 80, 31, 26, 3, 11, 0, 17, 17, 19, 37, 45, 43, 81, 76, 98, 114, 110, 124, 127, 118, 125, 118, 92, 91, 60, 46, 35, 34, 20, 4, 0, 0, 11, 18, 28, 29, 53, 66, 78, 97, 113, 124, 125, 124, 119, 123, 117, 103]"
Linear,5,exact_guidance_u,234,0,71,70,"[129, 26, 0, 2, 9, 0, 3, 7, 12, 28, 40, 82, 72, 83, 104, 108, 123, 113, 127, 127, 124, 122, 92, 80, 31, 26, 3, 11, 0, 17, 17, 19, 37, 45, 43, 81, 76, 98, 114, 110, 124, 127, 118, 125, 118, 92, 91, 60, 46, 35, 34, 20, 4, 0, 0, 11, 18, 28, 29, 53, 66, 78, 97, 113, 124, 125, 124, 119, 123, 117, 103]","[26, 0, 2, 9, 0, 3, 7, 12, 28, 40, 82, 72, 83, 104, 108, 123, 113, 127, 127, 124, 122, 92, 80, 31, 26, 3, 11, 0, 17, 17, 19, 37, 45, 43, 81, 76, 98, 114, 110, 124, 127, 118, 125, 118, 92, 91, 60, 46, 35, 34, 20, 4, 0, 0, 11, 18, 28, 29, 53, 66, 78, 97, 113, 124, 125, 124, 119, 123, 117, 103]"
Linear,5,exact_guidance_u,235,0,73,72,"[129, 26, 0, 2, 9, 0, 3, 7, 12, 28, 40, 82, 72, 83, 104, 108, 123, 113, 127, 127, 124, 122, 103, 92, 80, 83, 31, 26, 3, 11, 0, 17, 17, 19, 37, 45, 43, 81, 76, 98, 114, 110, 124, 127, 118, 125, 118, 92, 91, 60, 46, 35, 34, 20, 4, 0, 0, 11, 18, 28, 29, 53, 66, 78, 97, 113, 124, 125, 124, 119, 123, 117, 103]","[26, 0, 2, 9, 0, 3, 7, 12, 28, 40, 82, 72, 83, 104, 108, 123, 113, 127, 127, 124, 122, 103, 92, 80, 83, 31, 26, 3, 11, 0, 17, 17, 19, 37, 45, 43, 81, 76, 98, 114, 110, 124, 127, 118, 125, 118, 92, 91, 60, 46, 35, 34, 20, 4, 0, 0, 11, 18, 28, 29, 53, 66, 78, 97, 113, 124, 125, 124, 119, 123, 117, 103]"
Linear,5,exact_guidance_u,236,0,73,72,"[129, 26, 0, 2, 9, 0, 3, 7, 12, 28, 40, 82, 72, 83, 104, 108, 123, 113, 127, 127, 124, 122, 103, 92, 80, 83, 31, 26, 3, 11, 0, 17, 17, 19, 37, 45, 43, 81, 76, 98, 114, 110, 124, 127, 118, 125, 118, 92, 91, 60, 46, 35, 34, 20, 4, 0, 0, 11, 18, 28, 29, 53, 66, 78, 97, 113, 124, 125, 124, 119, 123, 117, 103]","[26, 0, 2, 9, 0, 3, 7, 12, 28, 40, 82, 72, 83, 104, 108, 123, 113, 127, 127, 124, 122, 103, 92, 80, 83, 31, 26, 3, 11, 0, 17, 17, 19, 37, 45, 43, 81, 76, 98, 114, 110, 124, 127, 118, 125, 118, 92, 91, 60, 46, 35, 34, 20, 4, 0, 0, 11, 18, 28, 29, 53, 66, 78, 97, 113, 124, 125, 124, 119, 123, 117, 103]"
Linear,5,exact_guidance_u,237,0,73,72,"[129, 26, 0, 2, 9, 0, 3, 7, 12, 28, 40, 82, 72, 83, 104, 108, 123, 113, 127, 127, 124, 122, 103, 92, 80, 83, 31, 26, 3, 11, 0, 17, 17, 19, 37, 45, 43, 81, 76, 98, 114, 110, 124, 127, 118, 125, 118, 92, 91, 60, 46, 35, 34, 20, 4, 0, 0, 11, 18, 28, 29, 53, 66, 78, 97, 113, 124, 125, 124, 119, 123, 117, 103]","[26, 0, 2, 9, 0, 3, 7, 12, 28, 40, 82, 72, 83, 104, 108, 123, 113, 127, 127, 124, 122, 103, 92, 80, 83, 31, 26, 3, 11, 0, 17, 17, 19, 37, 45, 43, 81, 76, 98, 114, 110, 124, 127, 118, 125, 118, 92, 91, 60, 46, 35, 34, 20, 4, 0, 0, 11, 18, 28, 29, 53, 66, 78, 97, 113, 124, 125, 124, 119, 123, 117, 103]"
Linear,5,exact_guidance_u,238,0,73,72,"[129, 26, 0, 2, 9, 0, 3, 7, 12, 28, 40, 82, 72, 83, 104, 108, 123, 113, 127, 127, 124, 122, 103, 92, 80, 83, 31, 26, 3, 11, 0, 17, 17, 19, 37, 45, 43, 81, 76, 98, 114, 110, 124, 127, 118, 125, 118, 92, 91, 60, 46, 35, 34, 20, 4, 0, 0, 11, 18, 28, 29, 53, 66, 78, 97, 113, 124, 125, 124, 119, 123, 117, 103]","[26, 0, 2, 9, 0, 3, 7, 12, 28, 40, 82, 72, 83, 104, 108, 123, 113, 127, 127, 124, 122, 103, 92, 80, 83, 31, 26, 3, 11, 0, 17, 17, 19, 37, 45, 43, 81, 76, 98, 114, 110, 124, 127, 118, 125, 118, 92, 91, 60, 46, 35, 34, 20, 4, 0, 0, 11, 18, 28, 29, 53, 66, 78, 97, 113, 124, 125, 124, 119, 123, 117, 103]"
Linear,5,exact_guidance_u,239,0,74,73,"[129, 26, 0, 2, 9, 0, 3, 7, 12, 28, 40, 82, 72, 83, 104, 108, 123, 113, 127, 127, 124, 122, 103, 92, 80, 83, 31, 26, 18, 3, 11, 0, 17, 17, 19, 37, 45, 43, 81, 76, 98, 114, 110, 124, 127, 118, 125, 118, 92, 91, 60, 46, 35, 34, 20, 4, 0, 0, 11, 18, 28, 29, 53, 66, 78, 97, 113, 124, 125, 124, 119, 123, 117, 103]","[26, 0, 2, 9, 0, 3, 7, 12, 28, 40, 82, 72, 83, 104, 108, 123, 113, 127, 127, 124, 122, 103, 92, 80, 83, 31, 26, 18, 3, 11, 0, 17, 17, 19, 37, 45, 43, 81, 76, 98, 114, 110, 124, 127, 118, 125, 118, 92, 91, 60, 46, 35, 34, 20, 4, 0, 0, 11, 18, 28, 29, 53, 66, 78, 97, 113, 124, 125, 124, 119, 123, 117, 103]"
Linear,5,exact_guidance_u,240,0,74,73,"[129, 26, 0, 2, 9, 0, 3, 7, 12, 28, 40, 82, 72, 83, 104, 108, 123, 113, 127, 127, 124, 122, 103, 92, 80, 83, 31, 26, 18, 3, 11, 0, 17, 17, 19, 37, 45, 43, 81, 76, 98, 114, 110, 124, 127, 118, 125, 118, 92, 91, 60, 46, 35, 34, 20, 4, 0, 0, 11, 18, 28, 29, 53, 66, 78, 97, 113, 124, 125, 124, 119, 123, 117, 103]","[26, 0, 2, 9, 0, 3, 7, 12, 28, 40, 82, 72, 83, 104, 108, 123, 113, 127, 127, 124, 122, 103, 92, 80, 83, 31, 26, 18, 3, 11, 0, 17, 17, 19, 37, 45, 43, 81, 76, 98, 114, 110, 124, 127, 118, 125, 118, 92, 91, 60, 46, 35, 34, 20, 4, 0, 0, 11, 18, 28, 29, 53, 66, 78, 97, 113, 124, 125, 124, 119, 123, 117, 103]"
Linear,5,exact_guidance_u,241,0,74,73,"[129, 26, 0, 2, 9, 0, 3, 7, 12, 28, 40, 82, 72, 83, 104, 108, 123, 113, 127, 127, 124, 122, 103, 92, 80, 83, 31, 26, 18, 3, 11, 0, 17, 17, 19, 37, 45, 43, 81, 76, 98, 114, 110, 124, 127, 118, 125, 118, 92, 91, 60, 46, 35, 34, 20, 4, 0, 0, 11, 18, 28, 29, 53, 66, 78, 97, 113, 124, 125, 124, 119, 123, 117, 103]","[26, 0, 2, 9, 0, 3, 7, 12, 28, 40, 82, 72, 83, 104, 108, 123, 113, 127, 127, 124, 122, 103, 92, 80, 83, 31, 26, 18, 3, 11, 0, 17, 17, 19, 37, 45, 43, 81, 76, 98, 114, 110, 124, 127, 118, 125, 118, 92, 91, 60, 46, 35, 34, 20, 4, 0, 0, 11, 18, 28, 29, 53, 66, 78, 97, 113, 124, 125, 124, 119, 123, 117, 103]"
Linear,5,exact_guidance_u,242,0,74,73,"[129, 26, 0, 2, 9, 0, 3, 7, 12, 28, 40, 82, 72, 83, 104, 108, 123, 113, 127, 127, 124, 122, 103, 92, 80, 83, 31, 26, 18, 3, 11, 0, 17, 17, 19, 37, 45, 43, 81, 76, 98, 114, 110, 124, 127, 118, 125, 118, 92, 91, 60, 46, 35, 34, 20, 4, 0, 0, 11, 18, 28, 29, 53, 66, 78, 97, 113, 124, 125, 124, 119, 123, 117, 103]","[26, 0, 2, 9, 0, 3, 7, 12, 28, 40, 82, 72, 83, 104, 108, 123, 113, 127, 127, 124, 122, 103, 92, 80, 83, 31, 26, 18, 3, 11, 0, 17, 17, 19, 37, 45, 43, 81, 76, 98, 114, 110, 124, 127, 118, 125, 118, 92, 91, 60, 46, 35, 34, 20, 4, 0, 0, 11, 18, 28, 29, 53, 66, 78, 97, 113, 124, 125, 124, 119, 123, 117, 103]"
Linear,5,exact_guidance_u,243,0,74,73,"[129, 26, 0, 2, 9, 0, 3, 7, 12, 28, 40, 82, 72, 83, 104, 108, 123, 113, 127, 127, 124, 122, 103, 92, 80, 83, 31, 26, 18, 3, 11, 0, 17, 17, 19, 37, 45, 43, 81, 76, 98, 114, 110, 124, 127, 118, 125, 118, 92, 91, 60, 46, 35, 34, 20, 4, 0, 0, 11, 18, 28, 29, 53, 66, 78, 97, 113, 124, 125, 124, 119, 123, 117, 103]","[26, 0, 2, 9, 0, 3, 7, 12, 28, 40, 82, 72, 83, 104, 108, 123, 113, 127, 127, 124, 122, 103, 92, 80, 83, 31, 26, 18, 3, 11, 0, 17, 17, 19, 37, 45, 43, 81, 76, 98, 114, 110, 124, 127, 118, 125, 118, 92, 91, 60, 46, 35, 34, 20, 4, 0, 0, 11, 18, 28, 29, 53, 66, 78, 97, 113, 124, 125, 124, 119, 123, 117, 103]"
Linear,5,exact_guidance_u,244,0,75,74,"[129, 26, 0, 2, 9, 0, 3, 7, 12, 28, 40, 82, 72, 83, 104, 108, 123, 113, 127, 127, 124, 122, 103, 92, 80, 83, 47, 31, 26, 18, 3, 11, 0, 17, 17, 19, 37, 45, 43, 81, 76, 98, 114, 110, 124, 127, 118, 125, 118, 92, 91, 60, 46, 35, 34, 20, 4, 0, 0, 11, 18, 28, 29, 53, 66, 78, 97, 113, 124, 125, 124, 119, 123, 117, 103]","[26, 0, 2, 9, 0, 3, 7, 12, 28, 40, 82, 72, 83, 104, 108, 123, 113, 127, 127, 124, 122, 103, 92, 80, 83, 47, 31, 26, 18, 3, 11, 0, 17, 17, 19, 37, 45, 43, 81, 76, 98, 114, 110, 124, 127, 118, 125, 118, 92, 91, 60, 46, 35, 34, 20, 4, 0, 0, 11, 18, 28, 29, 53, 66, 78, 97, 113, 124, 125, 124, 119, 123, 117, 103]"
Linear,5,exact_guidance_u,245,0,75,74,"[129, 26, 0, 2, 9, 0, 3, 7, 12, 28, 40, 82, 72, 83, 104, 108, 123, 113, 127, 127, 124, 122, 103, 92, 80, 83, 47, 31, 26, 18, 3, 11, 0, 17, 17, 19, 37, 45, 43, 81, 76, 98, 114, 110, 124, 127, 118, 125, 118, 92, 91, 60, 46, 35, 34, 20, 4, 0, 0, 11, 18, 28, 29, 53, 66, 78, 97, 113, 124, 125, 124, 119, 123, 117, 103]","[26, 0, 2, 9, 0, 3, 7, 12, 28, 40, 82, 72, 83, 104, 108, 123, 113, 127, 127, 124, 122, 103, 92, 80, 83, 47, 31, 26, 18, 3, 11, 0, 17, 17, 19, 37, 45, 43, 81, 76, 98, 114, 110, 124, 127, 118, 125, 118, 92, 91, 60, 46, 35, 34, 20, 4, 0, 0, 11, 18, 28, 29, 53, 66, 78, 97, 113, 124, 125, 124, 119, 123, 117, 103]"
Linear,5,exact_guidance_u,246,0,75,74,"[129, 26, 0, 2, 9, 0, 3, 7, 12, 28, 40, 82, 72, 83, 104, 108, 123, 113, 127, 127, 124, 122, 103, 92, 80, 83, 47, 31, 26, 18, 3, 11, 0, 17, 17, 19, 37, 45, 43, 81, 76, 98, 114, 110, 124, 127, 118, 125, 118, 92, 91, 60, 46, 35, 34, 20, 4, 0, 0, 11, 18, 28, 29, 53, 66, 78, 97, 113, 124, 125, 124, 119, 123, 117, 103]","[26, 0, 2, 9, 0, 3, 7, 12, 28, 40, 82, 72, 83, 104, 108, 123, 113, 127, 127, 124, 122, 103, 92, 80, 83, 47, 31, 26, 18, 3, 11, 0, 17, 17, 19, 37, 45, 43, 81, 76, 98, 114, 110, 124, 127, 118, 125, 118, 92, 91, 60, 46, 35, 34, 20, 4, 0, 0, 11, 18, 28, 29, 53, 66, 78, 97, 113, 124, 125, 124, 119, 123, 117, 103]"
Linear,5,exact_guidance_u,247,0,75,74,"[129, 26, 0, 2, 9, 0, 3, 7, 12, 28, 40, 82, 72, 83, 104, 108, 123, 113, 127, 127, 124, 122, 103, 92, 80, 83, 47, 31, 26, 18, 3, 11, 0, 17, 17, 19, 37, 45, 43, 81, 76, 98, 114, 110, 124, 127, 118, 125, 118, 92, 91, 60, 46, 35, 34, 20, 4, 0, 0, 11, 18, 28, 29, 53, 66, 78, 97, 113, 124, 125, 124, 119, 123, 117, 103]","[26, 0, 2, 9, 0, 3, 7, 12, 28, 40, 82, 72, 83, 104, 108, 123, 113, 127, 127, 124, 122, 103, 92, 80, 83, 47, 31, 26, 18, 3, 11, 0, 17, 17, 19, 37, 45, 43, 81, 76, 98, 114, 110, 124, 127, 118, 125, 118, 92, 91, 60, 46, 35, 34, 20, 4, 0, 0, 11, 18, 28, 29, 53, 66, 78, 97, 113, 124, 125, 124, 119, 123, 117, 103]"
Linear,5,exact_guidance_u,248,0,75,74,"[129, 26, 0, 2, 9, 0, 3, 7, 12, 28, 40, 82, 72, 83, 104, 108, 123, 113, 127, 127, 124, 122, 103, 92, 80, 83, 47, 31, 26, 18, 3, 11, 0, 17, 17, 19, 37, 45, 43, 81, 76, 98, 114, 110, 124, 127, 118, 125, 118, 92, 91, 60, 46, 35, 34, 20, 4, 0, 0, 11, 18, 28, 29, 53, 66, 78, 97, 113, 124, 125, 124, 119, 123, 117, 103]","[26, 0, 2, 9, 0, 3, 7, 12, 28, 40, 82, 72, 83, 104, 108, 123, 113, 127, 127, 124, 122, 103, 92, 80, 83, 47, 31, 26, 18, 3, 11, 0, 17, 17, 19, 37, 45, 43, 81, 76, 98, 114, 110, 124, 127, 118, 125, 118, 92, 91, 60, 46, 35, 34, 20, 4, 0, 0, 11, 18, 28, 29, 53, 66, 78, 97, 113, 124, 125, 124, 119, 123, 117, 103]"
Linear,5,exact_guidance_u,249,0,75,74,"[129, 26, 0, 2, 9, 0, 3, 7, 12, 28, 40, 82, 72, 83, 104, 108, 123, 113, 127, 127, 124, 122, 103, 92, 80, 83, 47, 31, 26, 18, 3, 11, 0, 17, 17, 19, 37, 45, 43, 81, 76, 98, 114, 110, 124, 127, 118, 125, 118, 92, 91, 60, 46, 35, 34, 20, 4, 0, 0, 11, 18, 28, 29, 53, 66, 78, 97, 113, 124, 125, 124, 119, 123, 117, 103]","[26, 0, 2, 9, 0, 3, 7, 12, 28, 40, 82, 72, 83, 104, 108, 123, 113, 127, 127, 124, 122, 103, 92, 80, 83, 47, 31, 26, 18, 3, 11, 0, 17, 17, 19, 37, 45, 43, 81, 76, 98, 114, 110, 124, 127, 118, 125, 118, 92, 91, 60, 46, 35, 34, 20, 4, 0, 0, 11, 18, 28, 29, 53, 66, 78, 97, 113, 124, 125, 124, 119, 123, 117, 103]"
Linear,5,exact_guidance_u,250,0,75,74,"[129, 26, 0, 2, 9, 0, 3, 7, 12, 28, 40, 82, 72, 83, 104, 108, 123, 113, 127, 127, 124, 122, 103, 92, 80, 83, 47, 31, 26, 18, 3, 11, 0, 17, 17, 19, 37, 45, 43, 81, 76, 98, 114, 110, 124, 127, 118, 125, 118, 92, 91, 60, 46, 35, 34, 20, 4, 0, 0, 11, 18, 28, 29, 53, 66, 78, 97, 113, 124, 125, 124, 119, 123, 117, 103]","[26, 0, 2, 9, 0, 3, 7, 12, 28, 40, 82, 72, 83, 104, 108, 123, 113, 127, 127, 124, 122, 103, 92, 80, 83, 47, 31, 26, 18, 3, 11, 0, 17, 17, 19, 37, 45, 43, 81, 76, 98, 114, 110, 124, 127, 118, 125, 118, 92, 91, 60, 46, 35, 34, 20, 4, 0, 0, 11, 18, 28, 29, 53, 66, 78, 97, 113, 124, 125, 124, 119, 123, 117, 103]"
Linear,5,exact_guidance_u,251,0,75,74,"[129, 26, 0, 2, 9, 0, 3, 7, 12, 28, 40, 82, 72, 83, 104, 108, 123, 113, 127, 127, 124, 122, 103, 92, 80, 83, 47, 31, 26, 18, 3, 11, 0, 17, 17, 19, 37, 45, 43, 81, 76, 98, 114, 110, 124, 127, 118, 125, 118, 92, 91, 60, 46, 35, 34, 20, 4, 0, 0, 11, 18, 28, 29, 53, 66, 78, 97, 113, 124, 125, 124, 119, 123, 117, 103]","[26, 0, 2, 9, 0, 3, 7, 12, 28, 40, 82, 72, 83, 104, 108, 123, 113, 127, 127, 124, 122, 103, 92, 80, 83, 47, 31, 26, 18, 3, 11, 0, 17, 17, 19, 37, 45, 43, 81, 76, 98, 114, 110, 124, 127, 118, 125, 118, 92, 91, 60, 46, 35, 34, 20, 4, 0, 0, 11, 18, 28, 29, 53, 66, 78, 97, 113, 124, 125, 124, 119, 123, 117, 103]"
Linear,5,exact_guidance_u,252,0,76,75,"[129, 26, 0, 2, 9, 0, 3, 7, 12, 28, 40, 82, 72, 83, 104, 108, 123, 113, 127, 127, 124, 122, 103, 92, 80, 83, 47, 31, 26, 18, 3, 11, 0, 17, 17, 19, 37, 45, 43, 81, 76, 98, 114, 110, 124, 127, 118, 125, 118, 92, 91, 60, 46, 35, 34, 20, 4, 0, 0, 11, 18, 28, 29, 53, 66, 78, 97, 113, 124, 125, 124, 119, 123, 117, 103, 98]","[26, 0, 2, 9, 0, 3, 7, 12, 28, 40, 82, 72, 83, 104, 108, 123, 113, 127, 127, 124, 122, 103, 92, 80, 83, 47, 31, 26, 18, 3, 11, 0, 17, 17, 19, 37, 45, 43, 81, 76, 98, 114, 110, 124, 127, 118, 125, 118, 92, 91, 60, 46, 35, 34, 20, 4, 0, 0, 11, 18, 28, 29, 53, 66, 78, 97, 113, 124, 125, 124, 119, 123, 117, 103, 98]"
Linear,5,exact_guidance_u,253,0,76,75,"[129, 26, 0, 2, 9, 0, 3, 7, 12, 28, 40, 82, 72, 83, 104, 108, 123, 113, 127, 127, 124, 122, 103, 92, 80, 83, 47, 31, 26, 18, 3, 11, 0, 17, 17, 19, 37, 45, 43, 81, 76, 98, 114, 110, 124, 127, 118, 125, 118, 92, 91, 60, 46, 35, 34, 20, 4, 0, 0, 11, 18, 28, 29, 53, 66, 78, 97, 113, 124, 125, 124, 119, 123, 117, 103, 98]","[26, 0, 2, 9, 0, 3, 7, 12, 28, 40, 82, 72, 83, 104, 108, 123, 113, 127, 127, 124, 122, 103, 92, 80, 83, 47, 31, 26, 18, 3, 11, 0, 17, 17, 19, 37, 45, 43, 81, 76, 98, 114, 110, 124, 127, 118, 125, 118, 92, 91, 60, 46, 35, 34, 20, 4, 0, 0, 11, 18, 28, 29, 53, 66, 78, 97, 113, 124, 125, 124, 119, 123, 117, 103, 98]"
Linear,5,exact_guidance_u,254,0,76,75,"[129, 26, 0, 2, 9, 0, 3, 7, 12, 28, 40, 82, 72, 83, 104, 108, 123, 113, 127, 127, 124, 122, 103, 92, 80, 83, 47, 31, 26, 18, 3, 11, 0, 17, 17, 19, 37, 45, 43, 81, 76, 98, 114, 110, 124, 127, 118, 125, 118, 92, 91, 60, 46, 35, 34, 20, 4, 0, 0, 11, 18, 28, 29, 53, 66, 78, 97, 113, 124, 125, 124, 119, 123, 117, 103, 98]","[26, 0, 2, 9, 0, 3, 7, 12, 28, 40, 82, 72, 83, 104, 108, 123, 113, 127, 127, 124, 122, 103, 92, 80, 83, 47, 31, 26, 18, 3, 11, 0, 17, 17, 19, 37, 45, 43, 81, 76, 98, 114, 110, 124, 127, 118, 125, 118, 92, 91, 60, 46, 35, 34, 20, 4, 0, 0, 11, 18, 28, 29, 53, 66, 78, 97, 113, 124, 125, 124, 119, 123, 117, 103, 98]"
Linear,5,exact_guidance_u,255,0,76,75,"[129, 26, 0, 2, 9, 0, 3, 7, 12, 28, 40, 82, 72, 83, 104, 108, 123, 113, 127, 127, 124, 122, 103, 92, 80, 83, 47, 31, 26, 18, 3, 11, 0, 17, 17, 19, 37, 45, 43, 81, 76, 98, 114, 110, 124, 127, 118, 125, 118, 92, 91, 60, 46, 35, 34, 20, 4, 0, 0, 11, 18, 28, 29, 53, 66, 78, 97, 113, 124, 125, 124, 119, 123, 117, 103, 98]","[26, 0, 2, 9, 0, 3, 7, 12, 28, 40, 82, 72, 83, 104, 108, 123, 113, 127, 127, 124, 122, 103, 92, 80, 83, 47, 31, 26, 18, 3, 11, 0, 17, 17, 19, 37, 45, 43, 81, 76, 98, 114, 110, 124, 127, 118, 125, 118, 92, 91, 60, 46, 35, 34, 20, 4, 0, 0, 11, 18, 28, 29, 53, 66, 78, 97, 113, 124, 125, 124, 119, 123, 117, 103, 98]"
Linear,5,exact_guidance_u,256,0,77,76,"[129, 26, 0, 2, 9, 0, 3, 7, 12, 28, 40, 82, 72, 83, 104, 108, 123, 113, 127, 127, 124, 122, 103, 92, 80, 83, 47, 31, 26, 18, 3, 11, 0, 17, 17, 19, 37, 45, 43, 81, 76, 98, 114, 110, 124, 127, 127, 118, 125, 118, 92, 91, 60, 46, 35, 34, 20, 4, 0, 0, 11, 18, 28, 29, 53, 66, 78, 97, 113, 124, 125, 124, 119, 123, 117, 103, 98]","[26, 0, 2, 9, 0, 3, 7, 12, 28, 40, 82, 72, 83, 104, 108, 123, 113, 127, 127, 124, 122, 103, 92, 80, 83, 47, 31, 26, 18, 3, 11, 0, 17, 17, 19, 37, 45, 43, 81, 76, 98, 114, 110, 124, 127, 127, 118, 125, 118, 92, 91, 60, 46, 35, 34, 20, 4, 0, 0, 11, 18, 28, 29, 53, 66, 78, 97, 113, 124, 125, 124, 119, 123, 117, 103, 98]"
Linear,5,exact_guidance_u,257,0,77,76,"[129, 26, 0, 2, 9, 0, 3, 7, 12, 28, 40, 82, 72, 83, 104, 108, 123, 113, 127, 127, 124, 122, 103, 92, 80, 83, 47, 31, 26, 18, 3, 11, 0, 17, 17, 19, 37, 45, 43, 81, 76, 98, 114, 110, 124, 127, 127, 118, 125, 118, 92, 91, 60, 46, 35, 34, 20, 4, 0, 0, 11, 18, 28, 29, 53, 66, 78, 97, 113, 124, 125, 124, 119, 123, 117, 103, 98]","[26, 0, 2, 9, 0, 3, 7, 12, 28, 40, 82, 72, 83, 104, 108, 123, 113, 127, 127, 124, 122, 103, 92, 80, 83, 47, 31, 26, 18, 3, 11, 0, 17, 17, 19, 37, 45, 43, 81, 76, 98, 114, 110, 124, 127, 127, 118, 125, 118, 92, 91, 60, 46, 35, 34, 20, 4, 0, 0, 11, 18, 28, 29, 53, 66, 78, 97, 113, 124, 125, 124, 119, 123, 117, 103, 98]"
Linear,5,exact_guidance_u,258,0,78,77,"[129, 26, 0, 2, 9, 0, 3, 7, 12, 28, 40, 82, 72, 83, 104, 108, 123, 113, 127, 127, 124, 122, 103, 92, 80, 83, 47, 31, 26, 18, 3, 11, 0, 17, 17, 19, 37, 45, 43, 81, 76, 98, 114, 110, 124, 127, 127, 118, 125, 118, 92, 91, 60, 46, 35, 34, 20, 0, 4, 0, 0, 11, 18, 28, 29, 53, 66, 78, 97, 113, 124, 125, 124, 119, 123, 117, 103, 98]","[26, 0, 2, 9, 0, 3, 7, 12, 28, 40, 82, 72, 83, 104, 108, 123, 113, 127, 127, 124, 122, 103, 92, 80, 83, 47, 31, 26, 18, 3, 11, 0, 17, 17, 19, 37, 45, 43, 81, 76, 98, 114, 110, 124, 127, 127, 118, 125, 118, 92, 91, 60, 46, 35, 34, 20, 0, 4, 0, 0, 11, 18, 28, 29, 53, 66, 78, 97, 113, 124, 125, 124, 119, 123, 117, 103, 98]"
Linear,5,exact_guidance_u,259,0,78,77,"[129, 26, 0, 2, 9, 0, 3, 7, 12, 28, 40, 82, 72, 83, 104, 108, 123, 113, 127, 127, 124, 122, 103, 92, 80, 83, 47, 31, 26, 18, 3, 11, 0, 17, 17, 19, 37, 45, 43, 81, 76, 98, 114, 110, 124, 127, 127, 118, 125, 118, 92, 91, 60, 46, 35, 34, 20, 0, 4, 0, 0, 11, 18, 28, 29, 53, 66, 78, 97, 113, 124, 125, 124, 119, 123, 117, 103, 98]","[26, 0, 2, 9, 0, 3, 7, 12, 28, 40, 82, 72, 83, 104, 108, 123, 113, 127, 127, 124, 122, 103, 92, 80, 83, 47, 31, 26, 18, 3, 11, 0, 17, 17, 19, 37, 45, 43, 81, 76, 98, 114, 110, 124, 127, 127, 118, 125, 118, 92, 91, 60, 46, 35, 34, 20, 0, 4, 0, 0, 11, 18, 28, 29, 53, 66, 78, 97, 113, 124, 125, 124, 119, 123, 117, 103, 98]"
Linear,5,exact_guidance_u,260,0,78,77,"[129, 26, 0, 2, 9, 0, 3, 7, 12, 28, 40, 82, 72, 83, 104, 108, 123, 113, 127, 127, 124, 122, 103, 92, 80, 83, 47, 31, 26, 18, 3, 11, 0, 17, 17, 19, 37, 45, 43, 81, 76, 98, 114, 110, 124, 127, 127, 118, 125, 118, 92, 91, 60, 46, 35, 34, 20, 0, 4, 0, 0, 11, 18, 28, 29, 53, 66, 78, 97, 113, 124, 125, 124, 119, 123, 117, 103, 98]","[26, 0, 2, 9, 0, 3, 7, 12, 28, 40, 82, 72, 83, 104, 108, 123, 113, 127, 127, 124, 122, 103, 92, 80, 83, 47, 31, 26, 18, 3, 11, 0, 17, 17, 19, 37, 45, 43, 81, 76, 98, 114, 110, 124, 127, 127, 118, 125, 118, 92, 91, 60, 46, 35, 34, 20, 0, 4, 0, 0, 11, 18, 28, 29, 53, 66, 78, 97, 113, 124, 125, 124, 119, 123, 117, 103, 98]"
Linear,5,exact_guidance_u,261,0,78,77,"[129, 26, 0, 2, 9, 0, 3, 7, 12, 28, 40, 82, 72, 83, 104, 108, 123, 113, 127, 127, 124, 122, 103, 92, 80, 83, 47, 31, 26, 18, 3, 11, 0, 17, 17, 19, 37, 45, 43, 81, 76, 98, 114, 110, 124, 127, 127, 118, 125, 118, 92, 91, 60, 46, 35, 34, 20, 0, 4, 0, 0, 11, 18, 28, 29, 53, 66, 78, 97, 113, 124, 125, 124, 119, 123, 117, 103, 98]","[26, 0, 2, 9, 0, 3, 7, 12, 28, 40, 82, 72, 83, 104, 108, 123, 113, 127, 127, 124, 122, 103, 92, 80, 83, 47, 31, 26, 18, 3, 11, 0, 17, 17, 19, 37, 45, 43, 81, 76, 98, 114, 110, 124, 127, 127, 118, 125, 118, 92, 91, 60, 46, 35, 34, 20, 0, 4, 0, 0, 11, 18, 28, 29, 53, 66, 78, 97, 113, 124, 125, 124, 119, 123, 117, 103, 98]"
Linear,5,exact_guidance_u,262,0,78,77,"[129, 26, 0, 2, 9, 0, 3, 7, 12, 28, 40, 82, 72, 83, 104, 108, 123, 113, 127, 127, 124, 122, 103, 92, 80, 83, 47, 31, 26, 18, 3, 11, 0, 17, 17, 19, 37, 45, 43, 81, 76, 98, 114, 110, 124, 127, 127, 118, 125, 118, 92, 91, 60, 46, 35, 34, 20, 0, 4, 0, 0, 11, 18, 28, 29, 53, 66, 78, 97, 113, 124, 125, 124, 119, 123, 117, 103, 98]","[26, 0, 2, 9, 0, 3, 7, 12, 28, 40, 82, 72, 83, 104, 108, 123, 113, 127, 127, 124, 122, 103, 92, 80, 83, 47, 31, 26, 18, 3, 11, 0, 17, 17, 19, 37, 45, 43, 81, 76, 98, 114, 110, 124, 127, 127, 118, 125, 118, 92, 91, 60, 46, 35, 34, 20, 0, 4, 0, 0, 11, 18, 28, 29, 53, 66, 78, 97, 113, 124, 125, 124, 119, 123, 117, 103, 98]"
Linear,5,exact_guidance_u,263,0,78,77,"[129, 26, 0, 2, 9, 0, 3, 7, 12, 28, 40, 82, 72, 83, 104, 108, 123, 113, 127, 127, 124, 122, 103, 92, 80, 83, 47, 31, 26, 18, 3, 11, 0, 17, 17, 19, 37, 45, 43, 81, 76, 98, 114, 110, 124, 127, 127, 118, 125, 118, 92, 91, 60, 46, 35, 34, 20, 0, 4, 0, 0, 11, 18, 28, 29, 53, 66, 78, 97, 113, 124, 125, 124, 119, 123, 117, 103, 98]","[26, 0, 2, 9, 0, 3, 7, 12, 28, 40, 82, 72, 83, 104, 108, 123, 113, 127, 127, 124, 122, 103, 92, 80, 83, 47, 31, 26, 18, 3, 11, 0, 17, 17, 19, 37, 45, 43, 81, 76, 98, 114, 110, 124, 127, 127, 118, 125, 118, 92, 91, 60, 46, 35, 34, 20, 0, 4, 0, 0, 11, 18, 28, 29, 53, 66, 78, 97, 113, 124, 125, 124, 119, 123, 117, 103, 98]"
Linear,5,exact_guidance_u,264,0,78,77,"[129, 26, 0, 2, 9, 0, 3, 7, 12, 28, 40, 82, 72, 83, 104, 108, 123, 113, 127, 127, 124, 122, 103, 92, 80, 83, 47, 31, 26, 18, 3, 11, 0, 17, 17, 19, 37, 45, 43, 81, 76, 98, 114, 110, 124, 127, 127, 118, 125, 118, 92, 91, 60, 46, 35, 34, 20, 0, 4, 0, 0, 11, 18, 28, 29, 53, 66, 78, 97, 113, 124, 125, 124, 119, 123, 117, 103, 98]","[26, 0, 2, 9, 0, 3, 7, 12, 28, 40, 82, 72, 83, 104, 108, 123, 113, 127, 127, 124, 122, 103, 92, 80, 83, 47, 31, 26, 18, 3, 11, 0, 17, 17, 19, 37, 45, 43, 81, 76, 98, 114, 110, 124, 127, 127, 118, 125, 118, 92, 91, 60, 46, 35, 34, 20, 0, 4, 0, 0, 11, 18, 28, 29, 53, 66, 78, 97, 113, 124, 125, 124, 119, 123, 117, 103, 98]"
Linear,5,exact_guidance_u,265,0,78,77,"[129, 26, 0, 2, 9, 0, 3, 7, 12, 28, 40, 82, 72, 83, 104, 108, 123, 113, 127, 127, 124, 122, 103, 92, 80, 83, 47, 31, 26, 18, 3, 11, 0, 17, 17, 19, 37, 45, 43, 81, 76, 98, 114, 110, 124, 127, 127, 118, 125, 118, 92, 91, 60, 46, 35, 34, 20, 0, 4, 0, 0, 11, 18, 28, 29, 53, 66, 78, 97, 113, 124, 125, 124, 119, 123, 117, 103, 98]","[26, 0, 2, 9, 0, 3, 7, 12, 28, 40, 82, 72, 83, 104, 108, 123, 113, 127, 127, 124, 122, 103, 92, 80, 83, 47, 31, 26, 18, 3, 11, 0, 17, 17, 19, 37, 45, 43, 81, 76, 98, 114, 110, 124, 127, 127, 118, 125, 118, 92, 91, 60, 46, 35, 34, 20, 0, 4, 0, 0, 11, 18, 28, 29, 53, 66, 78, 97, 113, 124, 125, 124, 119, 123, 117, 103, 98]"
Linear,5,exact_guidance_u,266,0,78,77,"[129, 26, 0, 2, 9, 0, 3, 7, 12, 28, 40, 82, 72, 83, 104, 108, 123, 113, 127, 127, 124, 122, 103, 92, 80, 83, 47, 31, 26, 18, 3, 11, 0, 17, 17, 19, 37, 45, 43, 81, 76, 98, 114, 110, 124, 127, 127, 118, 125, 118, 92, 91, 60, 46, 35, 34, 20, 0, 4, 0, 0, 11, 18, 28, 29, 53, 66, 78, 97, 113, 124, 125, 124, 119, 123, 117, 103, 98]","[26, 0, 2, 9, 0, 3, 7, 12, 28, 40, 82, 72, 83, 104, 108, 123, 113, 127, 127, 124, 122, 103, 92, 80, 83, 47, 31, 26, 18, 3, 11, 0, 17, 17, 19, 37, 45, 43, 81, 76, 98, 114, 110, 124, 127, 127, 118, 125, 118, 92, 91, 60, 46, 35, 34, 20, 0, 4, 0, 0, 11, 18, 28, 29, 53, 66, 78, 97, 113, 124, 125, 124, 119, 123, 117, 103, 98]"
Linear,5,exact_guidance_u,267,0,78,77,"[129, 26, 0, 2, 9, 0, 3, 7, 12, 28, 40, 82, 72, 83, 104, 108, 123, 113, 127, 127, 124, 122, 103, 92, 80, 83, 47, 31, 26, 18, 3, 11, 0, 17, 17, 19, 37, 45, 43, 81, 76, 98, 114, 110, 124, 127, 127, 118, 125, 118, 92, 91, 60, 46, 35, 34, 20, 0, 4, 0, 0, 11, 18, 28, 29, 53, 66, 78, 97, 113, 124, 125, 124, 119, 123, 117, 103, 98]","[26, 0, 2, 9, 0, 3, 7, 12, 28, 40, 82, 72, 83, 104, 108, 123, 113, 127, 127, 124, 122, 103, 92, 80, 83, 47, 31, 26, 18, 3, 11, 0, 17, 17, 19, 37, 45, 43, 81, 76, 98, 114, 110, 124, 127, 127, 118, 125, 118, 92, 91, 60, 46, 35, 34, 20, 0, 4, 0, 0, 11, 18, 28, 29, 53, 66, 78, 97, 113, 124, 125, 124, 119, 123, 117, 103, 98]"
Linear,5,exact_guidance_u,268,0,78,77,"[129, 26, 0, 2, 9, 0, 3, 7, 12, 28, 40, 82, 72, 83, 104, 108, 123, 113, 127, 127, 124, 122, 103, 92, 80, 83, 47, 31, 26, 18, 3, 11, 0, 17, 17, 19, 37, 45, 43, 81, 76, 98, 114, 110, 124, 127, 127, 118, 125, 118, 92, 91, 60, 46, 35, 34, 20, 0, 4, 0, 0, 11, 18, 28, 29, 53, 66, 78, 97, 113, 124, 125, 124, 119, 123, 117, 103, 98]","[26, 0, 2, 9, 0, 3, 7, 12, 28, 40, 82, 72, 83, 104, 108, 123, 113, 127, 127, 124, 122, 103, 92, 80, 83, 47, 31, 26, 18, 3, 11, 0, 17, 17, 19, 37, 45, 43, 81, 76, 98, 114, 110, 124, 127, 127, 118, 125, 118, 92, 91, 60, 46, 35, 34, 20, 0, 4, 0, 0, 11, 18, 28, 29, 53, 66, 78, 97, 113, 124, 125, 124, 119, 123, 117, 103, 98]"
Linear,5,exact_guidance_u,269,0,78,77,"[129, 26, 0, 2, 9, 0, 3, 7, 12, 28, 40, 82, 72, 83, 104, 108, 123, 113, 127, 127, 124, 122, 103, 92, 80, 83, 47, 31, 26, 18, 3, 11, 0, 17, 17, 19, 37, 45, 43, 81, 76, 98, 114, 110, 124, 127, 127, 118, 125, 118, 92, 91, 60, 46, 35, 34, 20, 0, 4, 0, 0, 11, 18, 28, 29, 53, 66, 78, 97, 113, 124, 125, 124, 119, 123, 117, 103, 98]","[26, 0, 2, 9, 0, 3, 7, 12, 28, 40, 82, 72, 83, 104, 108, 123, 113, 127, 127, 124, 122, 103, 92, 80, 83, 47, 31, 26, 18, 3, 11, 0, 17, 17, 19, 37, 45, 43, 81, 76, 98, 114, 110, 124, 127, 127, 118, 125, 118, 92, 91, 60, 46, 35, 34, 20, 0, 4, 0, 0, 11, 18, 28, 29, 53, 66, 78, 97, 113, 124, 125, 124, 119, 123, 117, 103, 98]"
Linear,5,exact_guidance_u,270,0,78,77,"[129, 26, 0, 2, 9, 0, 3, 7, 12, 28, 40, 82, 72, 83, 104, 108, 123, 113, 127, 127, 124, 122, 103, 92, 80, 83, 47, 31, 26, 18, 3, 11, 0, 17, 17, 19, 37, 45, 43, 81, 76, 98, 114, 110, 124, 127, 127, 118, 125, 118, 92, 91, 60, 46, 35, 34, 20, 0, 4, 0, 0, 11, 18, 28, 29, 53, 66, 78, 97, 113, 124, 125, 124, 119, 123, 117, 103, 98]","[26, 0, 2, 9, 0, 3, 7, 12, 28, 40, 82, 72, 83, 104, 108, 123, 113, 127, 127, 124, 122, 103, 92, 80, 83, 47, 31, 26, 18, 3, 11, 0, 17, 17, 19, 37, 45, 43, 81, 76, 98, 114, 110, 124, 127, 127, 118, 125, 118, 92, 91, 60, 46, 35, 34, 20, 0, 4, 0, 0, 11, 18, 28, 29, 53, 66, 78, 97, 113, 124, 125, 124, 119, 123, 117, 103, 98]"
Linear,5,exact_guidance_u,271,0,78,77,"[129, 26, 0, 2, 9, 0, 3, 7, 12, 28, 40, 82, 72, 83, 104, 108, 123, 113, 127, 127, 124, 122, 103, 92, 80, 83, 47, 31, 26, 18, 3, 11, 0, 17, 17, 19, 37, 45, 43, 81, 76, 98, 114, 110, 124, 127, 127, 118, 125, 118, 92, 91, 60, 46, 35, 34, 20, 0, 4, 0, 0, 11, 18, 28, 29, 53, 66, 78, 97, 113, 124, 125, 124, 119, 123, 117, 103, 98]","[26, 0, 2, 9, 0, 3, 7, 12, 28, 40, 82, 72, 83, 104, 108, 123, 113, 127, 127, 124, 122, 103, 92, 80, 83, 47, 31, 26, 18, 3, 11, 0, 17, 17, 19, 37, 45, 43, 81, 76, 98, 114, 110, 124, 127, 127, 118, 125, 118, 92, 91, 60, 46, 35, 34, 20, 0, 4, 0, 0, 11, 18, 28, 29, 53, 66, 78, 97, 113, 124, 125, 124, 119, 123, 117, 103, 98]"
Linear,5,exact_guidance_u,272,0,78,77,"[129, 26, 0, 2, 9, 0, 3, 7, 12, 28, 40, 82, 72, 83, 104, 108, 123, 113, 127, 127, 124, 122, 103, 92, 80, 83, 47, 31, 26, 18, 3, 11, 0, 17, 17, 19, 37, 45, 43, 81, 76, 98, 114, 110, 124, 127, 127, 118, 125, 118, 92, 91, 60, 46, 35, 34, 20, 0, 4, 0, 0, 11, 18, 28, 29, 53, 66, 78, 97, 113, 124, 125, 124, 119, 123, 117, 103, 98]","[26, 0, 2, 9, 0, 3, 7, 12, 28, 40, 82, 72, 83, 104, 108, 123, 113, 127, 127, 124, 122, 103, 92, 80, 83, 47, 31, 26, 18, 3, 11, 0, 17, 17, 19, 37, 45, 43, 81, 76, 98, 114, 110, 124, 127, 127, 118, 125, 118, 92, 91, 60, 46, 35, 34, 20, 0, 4, 0, 0, 11, 18, 28, 29, 53, 66, 78, 97, 113, 124, 125, 124, 119, 123, 117, 103, 98]"
Linear,5,exact_guidance_u,273,0,78,77,"[129, 26, 0, 2, 9, 0, 3, 7, 12, 28, 40, 82, 72, 83, 104, 108, 123, 113, 127, 127, 124, 122, 103, 92, 80, 83, 47, 31, 26, 18, 3, 11, 0, 17, 17, 19, 37, 45, 43, 81, 76, 98, 114, 110, 124, 127, 127, 118, 125, 118, 92, 91, 60, 46, 35, 34, 20, 0, 4, 0, 0, 11, 18, 28, 29, 53, 66, 78, 97, 113, 124, 125, 124, 119, 123, 117, 103, 98]","[26, 0, 2, 9, 0, 3, 7, 12, 28, 40, 82, 72, 83, 104, 108, 123, 113, 127, 127, 124, 122, 103, 92, 80, 83, 47, 31, 26, 18, 3, 11, 0, 17, 17, 19, 37, 45, 43, 81, 76, 98, 114, 110, 124, 127, 127, 118, 125, 118, 92, 91, 60, 46, 35, 34, 20, 0, 4, 0, 0, 11, 18, 28, 29, 53, 66, 78, 97, 113, 124, 125, 124, 119, 123, 117, 103, 98]"
Linear,5,exact_guidance_u,274,0,78,77,"[129, 26, 0, 2, 9, 0, 3, 7, 12, 28, 40, 82, 72, 83, 104, 108, 123, 113, 127, 127, 124, 122, 103, 92, 80, 83, 47, 31, 26, 18, 3, 11, 0, 17, 17, 19, 37, 45, 43, 81, 76, 98, 114, 110, 124, 127, 127, 118, 125, 118, 92, 91, 60, 46, 35, 34, 20, 0, 4, 0, 0, 11, 18, 28, 29, 53, 66, 78, 97, 113, 124, 125, 124, 119, 123, 117, 103, 98]","[26, 0, 2, 9, 0, 3, 7, 12, 28, 40, 82, 72, 83, 104, 108, 123, 113, 127, 127, 124, 122, 103, 92, 80, 83, 47, 31, 26, 18, 3, 11, 0, 17, 17, 19, 37, 45, 43, 81, 76, 98, 114, 110, 124, 127, 127, 118, 125, 118, 92, 91, 60, 46, 35, 34, 20, 0, 4, 0, 0, 11, 18, 28, 29, 53, 66, 78, 97, 113, 124, 125, 124, 119, 123, 117, 103, 98]"
Linear,5,exact_guidance_u,275,0,78,77,"[129, 26, 0, 2, 9, 0, 3, 7, 12, 28, 40, 82, 72, 83, 104, 108, 123, 113, 127, 127, 124, 122, 103, 92, 80, 83, 47, 31, 26, 18, 3, 11, 0, 17, 17, 19, 37, 45, 43, 81, 76, 98, 114, 110, 124, 127, 127, 118, 125, 118, 92, 91, 60, 46, 35, 34, 20, 0, 4, 0, 0, 11, 18, 28, 29, 53, 66, 78, 97, 113, 124, 125, 124, 119, 123, 117, 103, 98]","[26, 0, 2, 9, 0, 3, 7, 12, 28, 40, 82, 72, 83, 104, 108, 123, 113, 127, 127, 124, 122, 103, 92, 80, 83, 47, 31, 26, 18, 3, 11, 0, 17, 17, 19, 37, 45, 43, 81, 76, 98, 114, 110, 124, 127, 127, 118, 125, 118, 92, 91, 60, 46, 35, 34, 20, 0, 4, 0, 0, 11, 18, 28, 29, 53, 66, 78, 97, 113, 124, 125, 124, 119, 123, 117, 103, 98]"
Linear,5,exact_guidance_u,276,0,78,77,"[129, 26, 0, 2, 9, 0, 3, 7, 12, 28, 40, 82, 72, 83, 104, 108, 123, 113, 127, 127, 124, 122, 103, 92, 80, 83, 47, 31, 26, 18, 3, 11, 0, 17, 17, 19, 37, 45, 43, 81, 76, 98, 114, 110, 124, 127, 127, 118, 125, 118, 92, 91, 60, 46, 35, 34, 20, 0, 4, 0, 0, 11, 18, 28, 29, 53, 66, 78, 97, 113, 124, 125, 124, 119, 123, 117, 103, 98]","[26, 0, 2, 9, 0, 3, 7, 12, 28, 40, 82, 72, 83, 104, 108, 123, 113, 127, 127, 124, 122, 103, 92, 80, 83, 47, 31, 26, 18, 3, 11, 0, 17, 17, 19, 37, 45, 43, 81, 76, 98, 114, 110, 124, 127, 127, 118, 125, 118, 92, 91, 60, 46, 35, 34, 20, 0, 4, 0, 0, 11, 18, 28, 29, 53, 66, 78, 97, 113, 124, 125, 124, 119, 123, 117, 103, 98]"
Linear,5,exact_guidance_u,277,0,78,77,"[129, 26, 0, 2, 9, 0, 3, 7, 12, 28, 40, 82, 72, 83, 104, 108, 123, 113, 127, 127, 124, 122, 103, 92, 80, 83, 47, 31, 26, 18, 3, 11, 0, 17, 17, 19, 37, 45, 43, 81, 76, 98, 114, 110, 124, 127, 127, 118, 125, 118, 92, 91, 60, 46, 35, 34, 20, 0, 4, 0, 0, 11, 18, 28, 29, 53, 66, 78, 97, 113, 124, 125, 124, 119, 123, 117, 103, 98]","[26, 0, 2, 9, 0, 3, 7, 12, 28, 40, 82, 72, 83, 104, 108, 123, 113, 127, 127, 124, 122, 103, 92, 80, 83, 47, 31, 26, 18, 3, 11, 0, 17, 17, 19, 37, 45, 43, 81, 76, 98, 114, 110, 124, 127, 127, 118, 125, 118, 92, 91, 60, 46, 35, 34, 20, 0, 4, 0, 0, 11, 18, 28, 29, 53, 66, 78, 97, 113, 124, 125, 124, 119, 123, 117, 103, 98]"
Linear,5,exact_guidance_u,278,0,78,77,"[129, 26, 0, 2, 9, 0, 3, 7, 12, 28, 40, 82, 72, 83, 104, 108, 123, 113, 127, 127, 124, 122, 103, 92, 80, 83, 47, 31, 26, 18, 3, 11, 0, 17, 17, 19, 37, 45, 43, 81, 76, 98, 114, 110, 124, 127, 127, 118, 125, 118, 92, 91, 60, 46, 35, 34, 20, 0, 4, 0, 0, 11, 18, 28, 29, 53, 66, 78, 97, 113, 124, 125, 124, 119, 123, 117, 103, 98]","[26, 0, 2, 9, 0, 3, 7, 12, 28, 40, 82, 72, 83, 104, 108, 123, 113, 127, 127, 124, 122, 103, 92, 80, 83, 47, 31, 26, 18, 3, 11, 0, 17, 17, 19, 37, 45, 43, 81, 76, 98, 114, 110, 124, 127, 127, 118, 125, 118, 92, 91, 60, 46, 35, 34, 20, 0, 4, 0, 0, 11, 18, 28, 29, 53, 66, 78, 97, 113, 124, 125, 124, 119, 123, 117, 103, 98]"
Linear,5,exact_guidance_u,279,0,78,77,"[129, 26, 0, 2, 9, 0, 3, 7, 12, 28, 40, 82, 72, 83, 104, 108, 123, 113, 127, 127, 124, 122, 103, 92, 80, 83, 47, 31, 26, 18, 3, 11, 0, 17, 17, 19, 37, 45, 43, 81, 76, 98, 114, 110, 124, 127, 127, 118, 125, 118, 92, 91, 60, 46, 35, 34, 20, 0, 4, 0, 0, 11, 18, 28, 29, 53, 66, 78, 97, 113, 124, 125, 124, 119, 123, 117, 103, 98]","[26, 0, 2, 9, 0, 3, 7, 12, 28, 40, 82, 72, 83, 104, 108, 123, 113, 127, 127, 124, 122, 103, 92, 80, 83, 47, 31, 26, 18, 3, 11, 0, 17, 17, 19, 37, 45, 43, 81, 76, 98, 114, 110, 124, 127, 127, 118, 125, 118, 92, 91, 60, 46, 35, 34, 20, 0, 4, 0, 0, 11, 18, 28, 29, 53, 66, 78, 97, 113, 124, 125, 124, 119, 123, 117, 103, 98]"
