target,beta,method_key,step,sample_idx,seq_len_full,seq_len_semantic,tokens_full_json,tokens_semantic_json
In-Distribution,20,exact_guidance_u,0,0,1,0,[129],[]
In-Distribution,20,exact_guidance_u,1,0,2,1,"[129, 69]",[69]
In-Distribution,20,exact_guidance_u,2,0,3,2,"[129, 69, 127]","[69, 127]"
In-Distribution,20,exact_guidance_u,3,0,5,4,"[129, 69, 98, 127, 117]","[69, 98, 127, 117]"
In-Distribution,20,exact_guidance_u,4,0,7,6,"[129, 69, 99, 98, 117, 127, 117]","[69, 99, 98, 117, 127, 117]"
In-Distribution,20,exact_guidance_u,5,0,8,7,"[129, 69, 127, 99, 98, 117, 127, 117]","[69, 127, 99, 98, 117, 127, 117]"
In-Distribution,20,exact_guidance_u,6,0,9,8,"[129, 69, 127, 127, 99, 98, 117, 127, 117]","[69, 127, 127, 99, 98, 117, 127, 117]"
In-Distribution,20,exact_guidance_u,7,0,10,9,"[129, 69, 127, 127, 57, 99, 98, 117, 127, 117]","[69, 127, 127, 57, 99, 98, 117, 127, 117]"
In-Distribution,20,exact_guidance_u,8,0,13,12,"[129, 69, 127, 127, 127, 57, 36, 99, 98, 117, 127, 3, 117]","[69, 127, 127, 127, 57, 36, 99, 98, 117, 127, 3, 117]"
In-Distribution,20,exact_guidance_u,9,0,14,13,"[129, 69, 127, 127, 127, 57, 36, 99, 98, 117, 127, 3, 107, 117]","[69, 127, 127, 127, 57, 36, 99, 98, 117, 127, 3, 107, 117]"
In-Distribution,20,exact_guidance_u,10,0,14,13,"[129, 69, 127, 127, 127, 57, 36, 99, 98, 117, 127, 3, 107, 117]","[69, 127, 127, 127, 57, 36, 99, 98, 117, 127, 3, 107, 117]"
In-Distribution,20,exact_guidance_u,11,0,15,14,"[129, 69, 127, 127, 127, 113, 57, 36, 99, 98, 117, 127, 3, 107, 117]","[69, 127, 127, 127, 113, 57, 36, 99, 98, 117, 127, 3, 107, 117]"
In-Distribution,20,exact_guidance_u,12,0,15,14,"[129, 69, 127, 127, 127, 113, 57, 36, 99, 98, 117, 127, 3, 107, 117]","[69, 127, 127, 127, 113, 57, 36, 99, 98, 117, 127, 3, 107, 117]"
In-Distribution,20,exact_guidance_u,13,0,16,15,"[129, 69, 127, 127, 127, 113, 57, 36, 99, 98, 117, 127, 127, 3, 107, 117]","[69, 127, 127, 127, 113, 57, 36, 99, 98, 117, 127, 127, 3, 107, 117]"
In-Distribution,20,exact_guidance_u,14,0,18,17,"[129, 69, 127, 127, 127, 113, 57, 36, 99, 98, 117, 127, 127, 127, 3, 107, 127, 117]","[69, 127, 127, 127, 113, 57, 36, 99, 98, 117, 127, 127, 127, 3, 107, 127, 117]"
In-Distribution,20,exact_guidance_u,15,0,19,18,"[129, 69, 127, 127, 127, 113, 57, 44, 36, 99, 98, 117, 127, 127, 127, 3, 107, 127, 117]","[69, 127, 127, 127, 113, 57, 44, 36, 99, 98, 117, 127, 127, 127, 3, 107, 127, 117]"
In-Distribution,20,exact_guidance_u,16,0,19,18,"[129, 69, 127, 127, 127, 113, 57, 44, 36, 99, 98, 117, 127, 127, 127, 3, 107, 127, 117]","[69, 127, 127, 127, 113, 57, 44, 36, 99, 98, 117, 127, 127, 127, 3, 107, 127, 117]"
In-Distribution,20,exact_guidance_u,17,0,21,20,"[129, 69, 127, 127, 127, 113, 57, 44, 36, 99, 98, 117, 127, 127, 127, 96, 3, 6, 107, 127, 117]","[69, 127, 127, 127, 113, 57, 44, 36, 99, 98, 117, 127, 127, 127, 96, 3, 6, 107, 127, 117]"
In-Distribution,20,exact_guidance_u,18,0,21,20,"[129, 69, 127, 127, 127, 113, 57, 44, 36, 99, 98, 117, 127, 127, 127, 96, 3, 6, 107, 127, 117]","[69, 127, 127, 127, 113, 57, 44, 36, 99, 98, 117, 127, 127, 127, 96, 3, 6, 107, 127, 117]"
In-Distribution,20,exact_guidance_u,19,0,22,21,"[129, 69, 66, 127, 127, 127, 113, 57, 44, 36, 99, 98, 117, 127, 127, 127, 96, 3, 6, 107, 127, 117]","[69, 66, 127, 127, 127, 113, 57, 44, 36, 99, 98, 117, 127, 127, 127, 96, 3, 6, 107, 127, 117]"
In-Distribution,20,exact_guidance_u,20,0,22,21,"[129, 69, 66, 127, 127, 127, 113, 57, 44, 36, 99, 98, 117, 127, 127, 127, 96, 3, 6, 107, 127, 117]","[69, 66, 127, 127, 127, 113, 57, 44, 36, 99, 98, 117, 127, 127, 127, 96, 3, 6, 107, 127, 117]"
In-Distribution,20,exact_guidance_u,21,0,22,21,"[129, 69, 66, 127, 127, 127, 113, 57, 44, 36, 99, 98, 117, 127, 127, 127, 96, 3, 6, 107, 127, 117]","[69, 66, 127, 127, 127, 113, 57, 44, 36, 99, 98, 117, 127, 127, 127, 96, 3, 6, 107, 127, 117]"
In-Distribution,20,exact_guidance_u,22,0,23,22,"[129, 57, 69, 66, 127, 127, 127, 113, 57, 44, 36, 99, 98, 117, 127, 127, 127, 96, 3, 6, 107, 127, 117]","[57, 69, 66, 127, 127, 127, 113, 57, 44, 36, 99, 98, 117, 127, 127, 127, 96, 3, 6, 107, 127, 117]"
In-Distribution,20,exact_guidance_u,23,0,23,22,"[129, 57, 69, 66, 127, 127, 127, 113, 57, 44, 36, 99, 98, 117, 127, 127, 127, 96, 3, 6, 107, 127, 117]","[57, 69, 66, 127, 127, 127, 113, 57, 44, 36, 99, 98, 117, 127, 127, 127, 96, 3, 6, 107, 127, 117]"
In-Distribution,20,exact_guidance_u,24,0,23,22,"[129, 57, 69, 66, 127, 127, 127, 113, 57, 44, 36, 99, 98, 117, 127, 127, 127, 96, 3, 6, 107, 127, 117]","[57, 69, 66, 127, 127, 127, 113, 57, 44, 36, 99, 98, 117, 127, 127, 127, 96, 3, 6, 107, 127, 117]"
In-Distribution,20,exact_guidance_u,25,0,25,24,"[129, 57, 69, 66, 108, 127, 127, 127, 113, 57, 44, 36, 3, 99, 98, 117, 127, 127, 127, 96, 3, 6, 107, 127, 117]","[57, 69, 66, 108, 127, 127, 127, 113, 57, 44, 36, 3, 99, 98, 117, 127, 127, 127, 96, 3, 6, 107, 127, 117]"
In-Distribution,20,exact_guidance_u,26,0,27,26,"[129, 57, 69, 66, 108, 127, 127, 127, 113, 57, 44, 36, 3, 99, 98, 117, 127, 127, 127, 96, 28, 3, 6, 29, 107, 127, 117]","[57, 69, 66, 108, 127, 127, 127, 113, 57, 44, 36, 3, 99, 98, 117, 127, 127, 127, 96, 28, 3, 6, 29, 107, 127, 117]"
In-Distribution,20,exact_guidance_u,27,0,27,26,"[129, 57, 69, 66, 108, 127, 127, 127, 113, 57, 44, 36, 3, 99, 98, 117, 127, 127, 127, 96, 28, 3, 6, 29, 107, 127, 117]","[57, 69, 66, 108, 127, 127, 127, 113, 57, 44, 36, 3, 99, 98, 117, 127, 127, 127, 96, 28, 3, 6, 29, 107, 127, 117]"
In-Distribution,20,exact_guidance_u,28,0,27,26,"[129, 57, 69, 66, 108, 127, 127, 127, 113, 57, 44, 36, 3, 99, 98, 117, 127, 127, 127, 96, 28, 3, 6, 29, 107, 127, 117]","[57, 69, 66, 108, 127, 127, 127, 113, 57, 44, 36, 3, 99, 98, 117, 127, 127, 127, 96, 28, 3, 6, 29, 107, 127, 117]"
In-Distribution,20,exact_guidance_u,29,0,30,29,"[129, 7, 57, 69, 66, 108, 123, 127, 127, 127, 113, 57, 44, 36, 6, 3, 99, 98, 117, 127, 127, 127, 96, 28, 3, 6, 29, 107, 127, 117]","[7, 57, 69, 66, 108, 123, 127, 127, 127, 113, 57, 44, 36, 6, 3, 99, 98, 117, 127, 127, 127, 96, 28, 3, 6, 29, 107, 127, 117]"
In-Distribution,20,exact_guidance_u,30,0,32,31,"[129, 7, 10, 57, 69, 66, 110, 108, 123, 127, 127, 127, 113, 57, 44, 36, 6, 3, 99, 98, 117, 127, 127, 127, 96, 28, 3, 6, 29, 107, 127, 117]","[7, 10, 57, 69, 66, 110, 108, 123, 127, 127, 127, 113, 57, 44, 36, 6, 3, 99, 98, 117, 127, 127, 127, 96, 28, 3, 6, 29, 107, 127, 117]"
In-Distribution,20,exact_guidance_u,31,0,32,31,"[129, 7, 10, 57, 69, 66, 110, 108, 123, 127, 127, 127, 113, 57, 44, 36, 6, 3, 99, 98, 117, 127, 127, 127, 96, 28, 3, 6, 29, 107, 127, 117]","[7, 10, 57, 69, 66, 110, 108, 123, 127, 127, 127, 113, 57, 44, 36, 6, 3, 99, 98, 117, 127, 127, 127, 96, 28, 3, 6, 29, 107, 127, 117]"
In-Distribution,20,exact_guidance_u,32,0,32,31,"[129, 7, 10, 57, 69, 66, 110, 108, 123, 127, 127, 127, 113, 57, 44, 36, 6, 3, 99, 98, 117, 127, 127, 127, 96, 28, 3, 6, 29, 107, 127, 117]","[7, 10, 57, 69, 66, 110, 108, 123, 127, 127, 127, 113, 57, 44, 36, 6, 3, 99, 98, 117, 127, 127, 127, 96, 28, 3, 6, 29, 107, 127, 117]"
In-Distribution,20,exact_guidance_u,33,0,33,32,"[129, 6, 7, 10, 57, 69, 66, 110, 108, 123, 127, 127, 127, 113, 57, 44, 36, 6, 3, 99, 98, 117, 127, 127, 127, 96, 28, 3, 6, 29, 107, 127, 117]","[6, 7, 10, 57, 69, 66, 110, 108, 123, 127, 127, 127, 113, 57, 44, 36, 6, 3, 99, 98, 117, 127, 127, 127, 96, 28, 3, 6, 29, 107, 127, 117]"
In-Distribution,20,exact_guidance_u,34,0,33,32,"[129, 6, 7, 10, 57, 69, 66, 110, 108, 123, 127, 127, 127, 113, 57, 44, 36, 6, 3, 99, 98, 117, 127, 127, 127, 96, 28, 3, 6, 29, 107, 127, 117]","[6, 7, 10, 57, 69, 66, 110, 108, 123, 127, 127, 127, 113, 57, 44, 36, 6, 3, 99, 98, 117, 127, 127, 127, 96, 28, 3, 6, 29, 107, 127, 117]"
In-Distribution,20,exact_guidance_u,35,0,34,33,"[129, 6, 7, 10, 57, 69, 66, 110, 108, 123, 127, 127, 127, 113, 73, 57, 44, 36, 6, 3, 99, 98, 117, 127, 127, 127, 96, 28, 3, 6, 29, 107, 127, 117]","[6, 7, 10, 57, 69, 66, 110, 108, 123, 127, 127, 127, 113, 73, 57, 44, 36, 6, 3, 99, 98, 117, 127, 127, 127, 96, 28, 3, 6, 29, 107, 127, 117]"
In-Distribution,20,exact_guidance_u,36,0,35,34,"[129, 6, 7, 10, 57, 69, 66, 110, 108, 123, 127, 127, 127, 113, 73, 57, 44, 36, 6, 3, 99, 98, 117, 127, 127, 127, 96, 108, 28, 3, 6, 29, 107, 127, 117]","[6, 7, 10, 57, 69, 66, 110, 108, 123, 127, 127, 127, 113, 73, 57, 44, 36, 6, 3, 99, 98, 117, 127, 127, 127, 96, 108, 28, 3, 6, 29, 107, 127, 117]"
In-Distribution,20,exact_guidance_u,37,0,36,35,"[129, 6, 7, 10, 57, 69, 66, 110, 108, 123, 127, 127, 127, 113, 73, 57, 44, 36, 6, 3, 43, 99, 98, 117, 127, 127, 127, 96, 108, 28, 3, 6, 29, 107, 127, 117]","[6, 7, 10, 57, 69, 66, 110, 108, 123, 127, 127, 127, 113, 73, 57, 44, 36, 6, 3, 43, 99, 98, 117, 127, 127, 127, 96, 108, 28, 3, 6, 29, 107, 127, 117]"
In-Distribution,20,exact_guidance_u,38,0,36,35,"[129, 6, 7, 10, 57, 69, 66, 110, 108, 123, 127, 127, 127, 113, 73, 57, 44, 36, 6, 3, 43, 99, 98, 117, 127, 127, 127, 96, 108, 28, 3, 6, 29, 107, 127, 117]","[6, 7, 10, 57, 69, 66, 110, 108, 123, 127, 127, 127, 113, 73, 57, 44, 36, 6, 3, 43, 99, 98, 117, 127, 127, 127, 96, 108, 28, 3, 6, 29, 107, 127, 117]"
In-Distribution,20,exact_guidance_u,39,0,36,35,"[129, 6, 7, 10, 57, 69, 66, 110, 108, 123, 127, 127, 127, 113, 73, 57, 44, 36, 6, 3, 43, 99, 98, 117, 127, 127, 127, 96, 108, 28, 3, 6, 29, 107, 127, 117]","[6, 7, 10, 57, 69, 66, 110, 108, 123, 127, 127, 127, 113, 73, 57, 44, 36, 6, 3, 43, 99, 98, 117, 127, 127, 127, 96, 108, 28, 3, 6, 29, 107, 127, 117]"
In-Distribution,20,exact_guidance_u,40,0,36,35,"[129, 6, 7, 10, 57, 69, 66, 110, 108, 123, 127, 127, 127, 113, 73, 57, 44, 36, 6, 3, 43, 99, 98, 117, 127, 127, 127, 96, 108, 28, 3, 6, 29, 107, 127, 117]","[6, 7, 10, 57, 69, 66, 110, 108, 123, 127, 127, 127, 113, 73, 57, 44, 36, 6, 3, 43, 99, 98, 117, 127, 127, 127, 96, 108, 28, 3, 6, 29, 107, 127, 117]"
In-Distribution,20,exact_guidance_u,41,0,36,35,"[129, 6, 7, 10, 57, 69, 66, 110, 108, 123, 127, 127, 127, 113, 73, 57, 44, 36, 6, 3, 43, 99, 98, 117, 127, 127, 127, 96, 108, 28, 3, 6, 29, 107, 127, 117]","[6, 7, 10, 57, 69, 66, 110, 108, 123, 127, 127, 127, 113, 73, 57, 44, 36, 6, 3, 43, 99, 98, 117, 127, 127, 127, 96, 108, 28, 3, 6, 29, 107, 127, 117]"
In-Distribution,20,exact_guidance_u,42,0,37,36,"[129, 6, 7, 10, 52, 57, 69, 66, 110, 108, 123, 127, 127, 127, 113, 73, 57, 44, 36, 6, 3, 43, 99, 98, 117, 127, 127, 127, 96, 108, 28, 3, 6, 29, 107, 127, 117]","[6, 7, 10, 52, 57, 69, 66, 110, 108, 123, 127, 127, 127, 113, 73, 57, 44, 36, 6, 3, 43, 99, 98, 117, 127, 127, 127, 96, 108, 28, 3, 6, 29, 107, 127, 117]"
In-Distribution,20,exact_guidance_u,43,0,38,37,"[129, 6, 7, 10, 52, 57, 69, 66, 110, 108, 123, 127, 127, 127, 113, 73, 57, 44, 36, 6, 3, 43, 99, 98, 117, 127, 127, 127, 96, 108, 28, 3, 6, 29, 76, 107, 127, 117]","[6, 7, 10, 52, 57, 69, 66, 110, 108, 123, 127, 127, 127, 113, 73, 57, 44, 36, 6, 3, 43, 99, 98, 117, 127, 127, 127, 96, 108, 28, 3, 6, 29, 76, 107, 127, 117]"
In-Distribution,20,exact_guidance_u,44,0,41,40,"[129, 6, 7, 10, 52, 57, 69, 66, 110, 108, 123, 127, 127, 127, 113, 73, 57, 44, 36, 6, 0, 3, 43, 99, 98, 117, 127, 127, 127, 96, 108, 28, 13, 3, 6, 29, 33, 76, 107, 127, 117]","[6, 7, 10, 52, 57, 69, 66, 110, 108, 123, 127, 127, 127, 113, 73, 57, 44, 36, 6, 0, 3, 43, 99, 98, 117, 127, 127, 127, 96, 108, 28, 13, 3, 6, 29, 33, 76, 107, 127, 117]"
In-Distribution,20,exact_guidance_u,45,0,44,43,"[129, 6, 7, 10, 52, 57, 69, 66, 110, 108, 123, 127, 127, 127, 113, 73, 57, 44, 36, 6, 0, 3, 43, 99, 98, 117, 127, 127, 127, 96, 108, 71, 28, 13, 13, 3, 6, 29, 33, 61, 76, 107, 127, 117]","[6, 7, 10, 52, 57, 69, 66, 110, 108, 123, 127, 127, 127, 113, 73, 57, 44, 36, 6, 0, 3, 43, 99, 98, 117, 127, 127, 127, 96, 108, 71, 28, 13, 13, 3, 6, 29, 33, 61, 76, 107, 127, 117]"
In-Distribution,20,exact_guidance_u,46,0,45,44,"[129, 6, 7, 10, 52, 57, 69, 66, 110, 108, 123, 127, 127, 127, 113, 73, 57, 44, 36, 6, 0, 3, 43, 99, 98, 117, 127, 127, 127, 96, 108, 71, 28, 13, 13, 0, 3, 6, 29, 33, 61, 76, 107, 127, 117]","[6, 7, 10, 52, 57, 69, 66, 110, 108, 123, 127, 127, 127, 113, 73, 57, 44, 36, 6, 0, 3, 43, 99, 98, 117, 127, 127, 127, 96, 108, 71, 28, 13, 13, 0, 3, 6, 29, 33, 61, 76, 107, 127, 117]"
In-Distribution,20,exact_guidance_u,47,0,46,45,"[129, 6, 7, 10, 52, 57, 69, 66, 110, 108, 123, 127, 127, 127, 113, 73, 57, 44, 36, 6, 0, 3, 43, 99, 98, 117, 127, 127, 127, 96, 108, 71, 28, 13, 13, 0, 3, 6, 29, 33, 61, 76, 107, 105, 127, 117]","[6, 7, 10, 52, 57, 69, 66, 110, 108, 123, 127, 127, 127, 113, 73, 57, 44, 36, 6, 0, 3, 43, 99, 98, 117, 127, 127, 127, 96, 108, 71, 28, 13, 13, 0, 3, 6, 29, 33, 61, 76, 107, 105, 127, 117]"
In-Distribution,20,exact_guidance_u,48,0,47,46,"[129, 6, 7, 10, 52, 57, 69, 66, 110, 108, 123, 127, 127, 127, 113, 73, 57, 44, 36, 6, 0, 3, 43, 99, 98, 117, 127, 127, 127, 96, 108, 71, 28, 13, 13, 0, 3, 6, 29, 33, 61, 76, 73, 107, 105, 127, 117]","[6, 7, 10, 52, 57, 69, 66, 110, 108, 123, 127, 127, 127, 113, 73, 57, 44, 36, 6, 0, 3, 43, 99, 98, 117, 127, 127, 127, 96, 108, 71, 28, 13, 13, 0, 3, 6, 29, 33, 61, 76, 73, 107, 105, 127, 117]"
In-Distribution,20,exact_guidance_u,49,0,47,46,"[129, 6, 7, 10, 52, 57, 69, 66, 110, 108, 123, 127, 127, 127, 113, 73, 57, 44, 36, 6, 0, 3, 43, 99, 98, 117, 127, 127, 127, 96, 108, 71, 28, 13, 13, 0, 3, 6, 29, 33, 61, 76, 73, 107, 105, 127, 117]","[6, 7, 10, 52, 57, 69, 66, 110, 108, 123, 127, 127, 127, 113, 73, 57, 44, 36, 6, 0, 3, 43, 99, 98, 117, 127, 127, 127, 96, 108, 71, 28, 13, 13, 0, 3, 6, 29, 33, 61, 76, 73, 107, 105, 127, 117]"
In-Distribution,20,exact_guidance_u,50,0,47,46,"[129, 6, 7, 10, 52, 57, 69, 66, 110, 108, 123, 127, 127, 127, 113, 73, 57, 44, 36, 6, 0, 3, 43, 99, 98, 117, 127, 127, 127, 96, 108, 71, 28, 13, 13, 0, 3, 6, 29, 33, 61, 76, 73, 107, 105, 127, 117]","[6, 7, 10, 52, 57, 69, 66, 110, 108, 123, 127, 127, 127, 113, 73, 57, 44, 36, 6, 0, 3, 43, 99, 98, 117, 127, 127, 127, 96, 108, 71, 28, 13, 13, 0, 3, 6, 29, 33, 61, 76, 73, 107, 105, 127, 117]"
In-Distribution,20,exact_guidance_u,51,0,47,46,"[129, 6, 7, 10, 52, 57, 69, 66, 110, 108, 123, 127, 127, 127, 113, 73, 57, 44, 36, 6, 0, 3, 43, 99, 98, 117, 127, 127, 127, 96, 108, 71, 28, 13, 13, 0, 3, 6, 29, 33, 61, 76, 73, 107, 105, 127, 117]","[6, 7, 10, 52, 57, 69, 66, 110, 108, 123, 127, 127, 127, 113, 73, 57, 44, 36, 6, 0, 3, 43, 99, 98, 117, 127, 127, 127, 96, 108, 71, 28, 13, 13, 0, 3, 6, 29, 33, 61, 76, 73, 107, 105, 127, 117]"
In-Distribution,20,exact_guidance_u,52,0,48,47,"[129, 6, 7, 10, 52, 57, 69, 66, 110, 108, 123, 127, 127, 127, 113, 73, 57, 44, 36, 11, 6, 0, 3, 43, 99, 98, 117, 127, 127, 127, 96, 108, 71, 28, 13, 13, 0, 3, 6, 29, 33, 61, 76, 73, 107, 105, 127, 117]","[6, 7, 10, 52, 57, 69, 66, 110, 108, 123, 127, 127, 127, 113, 73, 57, 44, 36, 11, 6, 0, 3, 43, 99, 98, 117, 127, 127, 127, 96, 108, 71, 28, 13, 13, 0, 3, 6, 29, 33, 61, 76, 73, 107, 105, 127, 117]"
In-Distribution,20,exact_guidance_u,53,0,48,47,"[129, 6, 7, 10, 52, 57, 69, 66, 110, 108, 123, 127, 127, 127, 113, 73, 57, 44, 36, 11, 6, 0, 3, 43, 99, 98, 117, 127, 127, 127, 96, 108, 71, 28, 13, 13, 0, 3, 6, 29, 33, 61, 76, 73, 107, 105, 127, 117]","[6, 7, 10, 52, 57, 69, 66, 110, 108, 123, 127, 127, 127, 113, 73, 57, 44, 36, 11, 6, 0, 3, 43, 99, 98, 117, 127, 127, 127, 96, 108, 71, 28, 13, 13, 0, 3, 6, 29, 33, 61, 76, 73, 107, 105, 127, 117]"
In-Distribution,20,exact_guidance_u,54,0,48,47,"[129, 6, 7, 10, 52, 57, 69, 66, 110, 108, 123, 127, 127, 127, 113, 73, 57, 44, 36, 11, 6, 0, 3, 43, 99, 98, 117, 127, 127, 127, 96, 108, 71, 28, 13, 13, 0, 3, 6, 29, 33, 61, 76, 73, 107, 105, 127, 117]","[6, 7, 10, 52, 57, 69, 66, 110, 108, 123, 127, 127, 127, 113, 73, 57, 44, 36, 11, 6, 0, 3, 43, 99, 98, 117, 127, 127, 127, 96, 108, 71, 28, 13, 13, 0, 3, 6, 29, 33, 61, 76, 73, 107, 105, 127, 117]"
In-Distribution,20,exact_guidance_u,55,0,49,48,"[129, 6, 7, 10, 52, 57, 69, 66, 110, 108, 123, 127, 127, 127, 113, 73, 57, 44, 36, 11, 6, 0, 3, 43, 99, 98, 117, 127, 127, 127, 96, 108, 71, 63, 28, 13, 13, 0, 3, 6, 29, 33, 61, 76, 73, 107, 105, 127, 117]","[6, 7, 10, 52, 57, 69, 66, 110, 108, 123, 127, 127, 127, 113, 73, 57, 44, 36, 11, 6, 0, 3, 43, 99, 98, 117, 127, 127, 127, 96, 108, 71, 63, 28, 13, 13, 0, 3, 6, 29, 33, 61, 76, 73, 107, 105, 127, 117]"
In-Distribution,20,exact_guidance_u,56,0,49,48,"[129, 6, 7, 10, 52, 57, 69, 66, 110, 108, 123, 127, 127, 127, 113, 73, 57, 44, 36, 11, 6, 0, 3, 43, 99, 98, 117, 127, 127, 127, 96, 108, 71, 63, 28, 13, 13, 0, 3, 6, 29, 33, 61, 76, 73, 107, 105, 127, 117]","[6, 7, 10, 52, 57, 69, 66, 110, 108, 123, 127, 127, 127, 113, 73, 57, 44, 36, 11, 6, 0, 3, 43, 99, 98, 117, 127, 127, 127, 96, 108, 71, 63, 28, 13, 13, 0, 3, 6, 29, 33, 61, 76, 73, 107, 105, 127, 117]"
In-Distribution,20,exact_guidance_u,57,0,50,49,"[129, 6, 7, 10, 52, 57, 69, 66, 110, 108, 123, 127, 127, 127, 113, 73, 57, 44, 36, 11, 6, 0, 3, 43, 99, 98, 108, 117, 127, 127, 127, 96, 108, 71, 63, 28, 13, 13, 0, 3, 6, 29, 33, 61, 76, 73, 107, 105, 127, 117]","[6, 7, 10, 52, 57, 69, 66, 110, 108, 123, 127, 127, 127, 113, 73, 57, 44, 36, 11, 6, 0, 3, 43, 99, 98, 108, 117, 127, 127, 127, 96, 108, 71, 63, 28, 13, 13, 0, 3, 6, 29, 33, 61, 76, 73, 107, 105, 127, 117]"
In-Distribution,20,exact_guidance_u,58,0,51,50,"[129, 6, 7, 10, 52, 57, 69, 66, 110, 108, 123, 127, 127, 127, 113, 73, 57, 44, 36, 11, 6, 0, 3, 43, 99, 98, 108, 117, 127, 127, 127, 96, 108, 71, 63, 33, 28, 13, 13, 0, 3, 6, 29, 33, 61, 76, 73, 107, 105, 127, 117]","[6, 7, 10, 52, 57, 69, 66, 110, 108, 123, 127, 127, 127, 113, 73, 57, 44, 36, 11, 6, 0, 3, 43, 99, 98, 108, 117, 127, 127, 127, 96, 108, 71, 63, 33, 28, 13, 13, 0, 3, 6, 29, 33, 61, 76, 73, 107, 105, 127, 117]"
In-Distribution,20,exact_guidance_u,59,0,51,50,"[129, 6, 7, 10, 52, 57, 69, 66, 110, 108, 123, 127, 127, 127, 113, 73, 57, 44, 36, 11, 6, 0, 3, 43, 99, 98, 108, 117, 127, 127, 127, 96, 108, 71, 63, 33, 28, 13, 13, 0, 3, 6, 29, 33, 61, 76, 73, 107, 105, 127, 117]","[6, 7, 10, 52, 57, 69, 66, 110, 108, 123, 127, 127, 127, 113, 73, 57, 44, 36, 11, 6, 0, 3, 43, 99, 98, 108, 117, 127, 127, 127, 96, 108, 71, 63, 33, 28, 13, 13, 0, 3, 6, 29, 33, 61, 76, 73, 107, 105, 127, 117]"
In-Distribution,20,exact_guidance_u,60,0,51,50,"[129, 6, 7, 10, 52, 57, 69, 66, 110, 108, 123, 127, 127, 127, 113, 73, 57, 44, 36, 11, 6, 0, 3, 43, 99, 98, 108, 117, 127, 127, 127, 96, 108, 71, 63, 33, 28, 13, 13, 0, 3, 6, 29, 33, 61, 76, 73, 107, 105, 127, 117]","[6, 7, 10, 52, 57, 69, 66, 110, 108, 123, 127, 127, 127, 113, 73, 57, 44, 36, 11, 6, 0, 3, 43, 99, 98, 108, 117, 127, 127, 127, 96, 108, 71, 63, 33, 28, 13, 13, 0, 3, 6, 29, 33, 61, 76, 73, 107, 105, 127, 117]"
In-Distribution,20,exact_guidance_u,61,0,51,50,"[129, 6, 7, 10, 52, 57, 69, 66, 110, 108, 123, 127, 127, 127, 113, 73, 57, 44, 36, 11, 6, 0, 3, 43, 99, 98, 108, 117, 127, 127, 127, 96, 108, 71, 63, 33, 28, 13, 13, 0, 3, 6, 29, 33, 61, 76, 73, 107, 105, 127, 117]","[6, 7, 10, 52, 57, 69, 66, 110, 108, 123, 127, 127, 127, 113, 73, 57, 44, 36, 11, 6, 0, 3, 43, 99, 98, 108, 117, 127, 127, 127, 96, 108, 71, 63, 33, 28, 13, 13, 0, 3, 6, 29, 33, 61, 76, 73, 107, 105, 127, 117]"
In-Distribution,20,exact_guidance_u,62,0,52,51,"[129, 6, 7, 10, 52, 57, 69, 66, 110, 108, 123, 127, 127, 127, 113, 114, 73, 57, 44, 36, 11, 6, 0, 3, 43, 99, 98, 108, 117, 127, 127, 127, 96, 108, 71, 63, 33, 28, 13, 13, 0, 3, 6, 29, 33, 61, 76, 73, 107, 105, 127, 117]","[6, 7, 10, 52, 57, 69, 66, 110, 108, 123, 127, 127, 127, 113, 114, 73, 57, 44, 36, 11, 6, 0, 3, 43, 99, 98, 108, 117, 127, 127, 127, 96, 108, 71, 63, 33, 28, 13, 13, 0, 3, 6, 29, 33, 61, 76, 73, 107, 105, 127, 117]"
In-Distribution,20,exact_guidance_u,63,0,52,51,"[129, 6, 7, 10, 52, 57, 69, 66, 110, 108, 123, 127, 127, 127, 113, 114, 73, 57, 44, 36, 11, 6, 0, 3, 43, 99, 98, 108, 117, 127, 127, 127, 96, 108, 71, 63, 33, 28, 13, 13, 0, 3, 6, 29, 33, 61, 76, 73, 107, 105, 127, 117]","[6, 7, 10, 52, 57, 69, 66, 110, 108, 123, 127, 127, 127, 113, 114, 73, 57, 44, 36, 11, 6, 0, 3, 43, 99, 98, 108, 117, 127, 127, 127, 96, 108, 71, 63, 33, 28, 13, 13, 0, 3, 6, 29, 33, 61, 76, 73, 107, 105, 127, 117]"
In-Distribution,20,exact_guidance_u,64,0,52,51,"[129, 6, 7, 10, 52, 57, 69, 66, 110, 108, 123, 127, 127, 127, 113, 114, 73, 57, 44, 36, 11, 6, 0, 3, 43, 99, 98, 108, 117, 127, 127, 127, 96, 108, 71, 63, 33, 28, 13, 13, 0, 3, 6, 29, 33, 61, 76, 73, 107, 105, 127, 117]","[6, 7, 10, 52, 57, 69, 66, 110, 108, 123, 127, 127, 127, 113, 114, 73, 57, 44, 36, 11, 6, 0, 3, 43, 99, 98, 108, 117, 127, 127, 127, 96, 108, 71, 63, 33, 28, 13, 13, 0, 3, 6, 29, 33, 61, 76, 73, 107, 105, 127, 117]"
In-Distribution,20,exact_guidance_u,65,0,52,51,"[129, 6, 7, 10, 52, 57, 69, 66, 110, 108, 123, 127, 127, 127, 113, 114, 73, 57, 44, 36, 11, 6, 0, 3, 43, 99, 98, 108, 117, 127, 127, 127, 96, 108, 71, 63, 33, 28, 13, 13, 0, 3, 6, 29, 33, 61, 76, 73, 107, 105, 127, 117]","[6, 7, 10, 52, 57, 69, 66, 110, 108, 123, 127, 127, 127, 113, 114, 73, 57, 44, 36, 11, 6, 0, 3, 43, 99, 98, 108, 117, 127, 127, 127, 96, 108, 71, 63, 33, 28, 13, 13, 0, 3, 6, 29, 33, 61, 76, 73, 107, 105, 127, 117]"
In-Distribution,20,exact_guidance_u,66,0,55,54,"[129, 6, 7, 10, 52, 57, 69, 66, 110, 108, 123, 127, 127, 127, 113, 114, 73, 57, 44, 36, 11, 6, 0, 3, 43, 99, 98, 108, 117, 127, 127, 127, 96, 108, 71, 63, 33, 28, 13, 13, 0, 3, 5, 6, 29, 33, 61, 76, 73, 107, 96, 105, 117, 127, 117]","[6, 7, 10, 52, 57, 69, 66, 110, 108, 123, 127, 127, 127, 113, 114, 73, 57, 44, 36, 11, 6, 0, 3, 43, 99, 98, 108, 117, 127, 127, 127, 96, 108, 71, 63, 33, 28, 13, 13, 0, 3, 5, 6, 29, 33, 61, 76, 73, 107, 96, 105, 117, 127, 117]"
In-Distribution,20,exact_guidance_u,67,0,55,54,"[129, 6, 7, 10, 52, 57, 69, 66, 110, 108, 123, 127, 127, 127, 113, 114, 73, 57, 44, 36, 11, 6, 0, 3, 43, 99, 98, 108, 117, 127, 127, 127, 96, 108, 71, 63, 33, 28, 13, 13, 0, 3, 5, 6, 29, 33, 61, 76, 73, 107, 96, 105, 117, 127, 117]","[6, 7, 10, 52, 57, 69, 66, 110, 108, 123, 127, 127, 127, 113, 114, 73, 57, 44, 36, 11, 6, 0, 3, 43, 99, 98, 108, 117, 127, 127, 127, 96, 108, 71, 63, 33, 28, 13, 13, 0, 3, 5, 6, 29, 33, 61, 76, 73, 107, 96, 105, 117, 127, 117]"
In-Distribution,20,exact_guidance_u,68,0,55,54,"[129, 6, 7, 10, 52, 57, 69, 66, 110, 108, 123, 127, 127, 127, 113, 114, 73, 57, 44, 36, 11, 6, 0, 3, 43, 99, 98, 108, 117, 127, 127, 127, 96, 108, 71, 63, 33, 28, 13, 13, 0, 3, 5, 6, 29, 33, 61, 76, 73, 107, 96, 105, 117, 127, 117]","[6, 7, 10, 52, 57, 69, 66, 110, 108, 123, 127, 127, 127, 113, 114, 73, 57, 44, 36, 11, 6, 0, 3, 43, 99, 98, 108, 117, 127, 127, 127, 96, 108, 71, 63, 33, 28, 13, 13, 0, 3, 5, 6, 29, 33, 61, 76, 73, 107, 96, 105, 117, 127, 117]"
In-Distribution,20,exact_guidance_u,69,0,55,54,"[129, 6, 7, 10, 52, 57, 69, 66, 110, 108, 123, 127, 127, 127, 113, 114, 73, 57, 44, 36, 11, 6, 0, 3, 43, 99, 98, 108, 117, 127, 127, 127, 96, 108, 71, 63, 33, 28, 13, 13, 0, 3, 5, 6, 29, 33, 61, 76, 73, 107, 96, 105, 117, 127, 117]","[6, 7, 10, 52, 57, 69, 66, 110, 108, 123, 127, 127, 127, 113, 114, 73, 57, 44, 36, 11, 6, 0, 3, 43, 99, 98, 108, 117, 127, 127, 127, 96, 108, 71, 63, 33, 28, 13, 13, 0, 3, 5, 6, 29, 33, 61, 76, 73, 107, 96, 105, 117, 127, 117]"
In-Distribution,20,exact_guidance_u,70,0,56,55,"[129, 6, 7, 10, 52, 57, 69, 66, 110, 108, 123, 127, 127, 127, 113, 114, 73, 57, 44, 36, 11, 6, 0, 3, 43, 99, 98, 108, 117, 127, 127, 127, 127, 96, 108, 71, 63, 33, 28, 13, 13, 0, 3, 5, 6, 29, 33, 61, 76, 73, 107, 96, 105, 117, 127, 117]","[6, 7, 10, 52, 57, 69, 66, 110, 108, 123, 127, 127, 127, 113, 114, 73, 57, 44, 36, 11, 6, 0, 3, 43, 99, 98, 108, 117, 127, 127, 127, 127, 96, 108, 71, 63, 33, 28, 13, 13, 0, 3, 5, 6, 29, 33, 61, 76, 73, 107, 96, 105, 117, 127, 117]"
In-Distribution,20,exact_guidance_u,71,0,56,55,"[129, 6, 7, 10, 52, 57, 69, 66, 110, 108, 123, 127, 127, 127, 113, 114, 73, 57, 44, 36, 11, 6, 0, 3, 43, 99, 98, 108, 117, 127, 127, 127, 127, 96, 108, 71, 63, 33, 28, 13, 13, 0, 3, 5, 6, 29, 33, 61, 76, 73, 107, 96, 105, 117, 127, 117]","[6, 7, 10, 52, 57, 69, 66, 110, 108, 123, 127, 127, 127, 113, 114, 73, 57, 44, 36, 11, 6, 0, 3, 43, 99, 98, 108, 117, 127, 127, 127, 127, 96, 108, 71, 63, 33, 28, 13, 13, 0, 3, 5, 6, 29, 33, 61, 76, 73, 107, 96, 105, 117, 127, 117]"
In-Distribution,20,exact_guidance_u,72,0,56,55,"[129, 6, 7, 10, 52, 57, 69, 66, 110, 108, 123, 127, 127, 127, 113, 114, 73, 57, 44, 36, 11, 6, 0, 3, 43, 99, 98, 108, 117, 127, 127, 127, 127, 96, 108, 71, 63, 33, 28, 13, 13, 0, 3, 5, 6, 29, 33, 61, 76, 73, 107, 96, 105, 117, 127, 117]","[6, 7, 10, 52, 57, 69, 66, 110, 108, 123, 127, 127, 127, 113, 114, 73, 57, 44, 36, 11, 6, 0, 3, 43, 99, 98, 108, 117, 127, 127, 127, 127, 96, 108, 71, 63, 33, 28, 13, 13, 0, 3, 5, 6, 29, 33, 61, 76, 73, 107, 96, 105, 117, 127, 117]"
In-Distribution,20,exact_guidance_u,73,0,56,55,"[129, 6, 7, 10, 52, 57, 69, 66, 110, 108, 123, 127, 127, 127, 113, 114, 73, 57, 44, 36, 11, 6, 0, 3, 43, 99, 98, 108, 117, 127, 127, 127, 127, 96, 108, 71, 63, 33, 28, 13, 13, 0, 3, 5, 6, 29, 33, 61, 76, 73, 107, 96, 105, 117, 127, 117]","[6, 7, 10, 52, 57, 69, 66, 110, 108, 123, 127, 127, 127, 113, 114, 73, 57, 44, 36, 11, 6, 0, 3, 43, 99, 98, 108, 117, 127, 127, 127, 127, 96, 108, 71, 63, 33, 28, 13, 13, 0, 3, 5, 6, 29, 33, 61, 76, 73, 107, 96, 105, 117, 127, 117]"
In-Distribution,20,exact_guidance_u,74,0,56,55,"[129, 6, 7, 10, 52, 57, 69, 66, 110, 108, 123, 127, 127, 127, 113, 114, 73, 57, 44, 36, 11, 6, 0, 3, 43, 99, 98, 108, 117, 127, 127, 127, 127, 96, 108, 71, 63, 33, 28, 13, 13, 0, 3, 5, 6, 29, 33, 61, 76, 73, 107, 96, 105, 117, 127, 117]","[6, 7, 10, 52, 57, 69, 66, 110, 108, 123, 127, 127, 127, 113, 114, 73, 57, 44, 36, 11, 6, 0, 3, 43, 99, 98, 108, 117, 127, 127, 127, 127, 96, 108, 71, 63, 33, 28, 13, 13, 0, 3, 5, 6, 29, 33, 61, 76, 73, 107, 96, 105, 117, 127, 117]"
In-Distribution,20,exact_guidance_u,75,0,56,55,"[129, 6, 7, 10, 52, 57, 69, 66, 110, 108, 123, 127, 127, 127, 113, 114, 73, 57, 44, 36, 11, 6, 0, 3, 43, 99, 98, 108, 117, 127, 127, 127, 127, 96, 108, 71, 63, 33, 28, 13, 13, 0, 3, 5, 6, 29, 33, 61, 76, 73, 107, 96, 105, 117, 127, 117]","[6, 7, 10, 52, 57, 69, 66, 110, 108, 123, 127, 127, 127, 113, 114, 73, 57, 44, 36, 11, 6, 0, 3, 43, 99, 98, 108, 117, 127, 127, 127, 127, 96, 108, 71, 63, 33, 28, 13, 13, 0, 3, 5, 6, 29, 33, 61, 76, 73, 107, 96, 105, 117, 127, 117]"
In-Distribution,20,exact_guidance_u,76,0,57,56,"[129, 6, 7, 10, 52, 57, 69, 66, 110, 108, 123, 127, 127, 127, 113, 114, 73, 57, 44, 36, 11, 6, 0, 3, 23, 43, 99, 98, 108, 117, 127, 127, 127, 127, 96, 108, 71, 63, 33, 28, 13, 13, 0, 3, 5, 6, 29, 33, 61, 76, 73, 107, 96, 105, 117, 127, 117]","[6, 7, 10, 52, 57, 69, 66, 110, 108, 123, 127, 127, 127, 113, 114, 73, 57, 44, 36, 11, 6, 0, 3, 23, 43, 99, 98, 108, 117, 127, 127, 127, 127, 96, 108, 71, 63, 33, 28, 13, 13, 0, 3, 5, 6, 29, 33, 61, 76, 73, 107, 96, 105, 117, 127, 117]"
In-Distribution,20,exact_guidance_u,77,0,57,56,"[129, 6, 7, 10, 52, 57, 69, 66, 110, 108, 123, 127, 127, 127, 113, 114, 73, 57, 44, 36, 11, 6, 0, 3, 23, 43, 99, 98, 108, 117, 127, 127, 127, 127, 96, 108, 71, 63, 33, 28, 13, 13, 0, 3, 5, 6, 29, 33, 61, 76, 73, 107, 96, 105, 117, 127, 117]","[6, 7, 10, 52, 57, 69, 66, 110, 108, 123, 127, 127, 127, 113, 114, 73, 57, 44, 36, 11, 6, 0, 3, 23, 43, 99, 98, 108, 117, 127, 127, 127, 127, 96, 108, 71, 63, 33, 28, 13, 13, 0, 3, 5, 6, 29, 33, 61, 76, 73, 107, 96, 105, 117, 127, 117]"
In-Distribution,20,exact_guidance_u,78,0,58,57,"[129, 6, 7, 10, 52, 57, 69, 66, 110, 108, 123, 127, 127, 127, 113, 114, 73, 57, 44, 36, 11, 6, 0, 3, 23, 43, 60, 99, 98, 108, 117, 127, 127, 127, 127, 96, 108, 71, 63, 33, 28, 13, 13, 0, 3, 5, 6, 29, 33, 61, 76, 73, 107, 96, 105, 117, 127, 117]","[6, 7, 10, 52, 57, 69, 66, 110, 108, 123, 127, 127, 127, 113, 114, 73, 57, 44, 36, 11, 6, 0, 3, 23, 43, 60, 99, 98, 108, 117, 127, 127, 127, 127, 96, 108, 71, 63, 33, 28, 13, 13, 0, 3, 5, 6, 29, 33, 61, 76, 73, 107, 96, 105, 117, 127, 117]"
In-Distribution,20,exact_guidance_u,79,0,58,57,"[129, 6, 7, 10, 52, 57, 69, 66, 110, 108, 123, 127, 127, 127, 113, 114, 73, 57, 44, 36, 11, 6, 0, 3, 23, 43, 60, 99, 98, 108, 117, 127, 127, 127, 127, 96, 108, 71, 63, 33, 28, 13, 13, 0, 3, 5, 6, 29, 33, 61, 76, 73, 107, 96, 105, 117, 127, 117]","[6, 7, 10, 52, 57, 69, 66, 110, 108, 123, 127, 127, 127, 113, 114, 73, 57, 44, 36, 11, 6, 0, 3, 23, 43, 60, 99, 98, 108, 117, 127, 127, 127, 127, 96, 108, 71, 63, 33, 28, 13, 13, 0, 3, 5, 6, 29, 33, 61, 76, 73, 107, 96, 105, 117, 127, 117]"
In-Distribution,20,exact_guidance_u,80,0,59,58,"[129, 6, 7, 10, 52, 57, 69, 66, 110, 108, 123, 127, 127, 127, 113, 114, 73, 57, 44, 36, 11, 6, 0, 3, 23, 43, 60, 99, 98, 108, 117, 127, 127, 127, 127, 96, 108, 71, 63, 33, 28, 13, 13, 0, 3, 5, 6, 29, 33, 61, 62, 76, 73, 107, 96, 105, 117, 127, 117]","[6, 7, 10, 52, 57, 69, 66, 110, 108, 123, 127, 127, 127, 113, 114, 73, 57, 44, 36, 11, 6, 0, 3, 23, 43, 60, 99, 98, 108, 117, 127, 127, 127, 127, 96, 108, 71, 63, 33, 28, 13, 13, 0, 3, 5, 6, 29, 33, 61, 62, 76, 73, 107, 96, 105, 117, 127, 117]"
In-Distribution,20,exact_guidance_u,81,0,60,59,"[129, 6, 7, 10, 52, 57, 69, 66, 110, 108, 123, 127, 127, 127, 113, 114, 73, 57, 44, 36, 11, 6, 0, 3, 23, 43, 60, 99, 98, 108, 117, 127, 127, 127, 127, 96, 108, 71, 63, 61, 33, 28, 13, 13, 0, 3, 5, 6, 29, 33, 61, 62, 76, 73, 107, 96, 105, 117, 127, 117]","[6, 7, 10, 52, 57, 69, 66, 110, 108, 123, 127, 127, 127, 113, 114, 73, 57, 44, 36, 11, 6, 0, 3, 23, 43, 60, 99, 98, 108, 117, 127, 127, 127, 127, 96, 108, 71, 63, 61, 33, 28, 13, 13, 0, 3, 5, 6, 29, 33, 61, 62, 76, 73, 107, 96, 105, 117, 127, 117]"
In-Distribution,20,exact_guidance_u,82,0,60,59,"[129, 6, 7, 10, 52, 57, 69, 66, 110, 108, 123, 127, 127, 127, 113, 114, 73, 57, 44, 36, 11, 6, 0, 3, 23, 43, 60, 99, 98, 108, 117, 127, 127, 127, 127, 96, 108, 71, 63, 61, 33, 28, 13, 13, 0, 3, 5, 6, 29, 33, 61, 62, 76, 73, 107, 96, 105, 117, 127, 117]","[6, 7, 10, 52, 57, 69, 66, 110, 108, 123, 127, 127, 127, 113, 114, 73, 57, 44, 36, 11, 6, 0, 3, 23, 43, 60, 99, 98, 108, 117, 127, 127, 127, 127, 96, 108, 71, 63, 61, 33, 28, 13, 13, 0, 3, 5, 6, 29, 33, 61, 62, 76, 73, 107, 96, 105, 117, 127, 117]"
In-Distribution,20,exact_guidance_u,83,0,61,60,"[129, 6, 7, 10, 52, 57, 69, 66, 110, 108, 123, 127, 127, 127, 113, 114, 73, 57, 44, 36, 13, 11, 6, 0, 3, 23, 43, 60, 99, 98, 108, 117, 127, 127, 127, 127, 96, 108, 71, 63, 61, 33, 28, 13, 13, 0, 3, 5, 6, 29, 33, 61, 62, 76, 73, 107, 96, 105, 117, 127, 117]","[6, 7, 10, 52, 57, 69, 66, 110, 108, 123, 127, 127, 127, 113, 114, 73, 57, 44, 36, 13, 11, 6, 0, 3, 23, 43, 60, 99, 98, 108, 117, 127, 127, 127, 127, 96, 108, 71, 63, 61, 33, 28, 13, 13, 0, 3, 5, 6, 29, 33, 61, 62, 76, 73, 107, 96, 105, 117, 127, 117]"
In-Distribution,20,exact_guidance_u,84,0,61,60,"[129, 6, 7, 10, 52, 57, 69, 66, 110, 108, 123, 127, 127, 127, 113, 114, 73, 57, 44, 36, 13, 11, 6, 0, 3, 23, 43, 60, 99, 98, 108, 117, 127, 127, 127, 127, 96, 108, 71, 63, 61, 33, 28, 13, 13, 0, 3, 5, 6, 29, 33, 61, 62, 76, 73, 107, 96, 105, 117, 127, 117]","[6, 7, 10, 52, 57, 69, 66, 110, 108, 123, 127, 127, 127, 113, 114, 73, 57, 44, 36, 13, 11, 6, 0, 3, 23, 43, 60, 99, 98, 108, 117, 127, 127, 127, 127, 96, 108, 71, 63, 61, 33, 28, 13, 13, 0, 3, 5, 6, 29, 33, 61, 62, 76, 73, 107, 96, 105, 117, 127, 117]"
In-Distribution,20,exact_guidance_u,85,0,61,60,"[129, 6, 7, 10, 52, 57, 69, 66, 110, 108, 123, 127, 127, 127, 113, 114, 73, 57, 44, 36, 13, 11, 6, 0, 3, 23, 43, 60, 99, 98, 108, 117, 127, 127, 127, 127, 96, 108, 71, 63, 61, 33, 28, 13, 13, 0, 3, 5, 6, 29, 33, 61, 62, 76, 73, 107, 96, 105, 117, 127, 117]","[6, 7, 10, 52, 57, 69, 66, 110, 108, 123, 127, 127, 127, 113, 114, 73, 57, 44, 36, 13, 11, 6, 0, 3, 23, 43, 60, 99, 98, 108, 117, 127, 127, 127, 127, 96, 108, 71, 63, 61, 33, 28, 13, 13, 0, 3, 5, 6, 29, 33, 61, 62, 76, 73, 107, 96, 105, 117, 127, 117]"
In-Distribution,20,exact_guidance_u,86,0,62,61,"[129, 6, 7, 10, 52, 57, 69, 66, 110, 108, 123, 127, 127, 127, 113, 114, 73, 57, 44, 36, 13, 11, 6, 0, 3, 23, 43, 60, 99, 98, 108, 117, 127, 127, 127, 127, 123, 96, 108, 71, 63, 61, 33, 28, 13, 13, 0, 3, 5, 6, 29, 33, 61, 62, 76, 73, 107, 96, 105, 117, 127, 117]","[6, 7, 10, 52, 57, 69, 66, 110, 108, 123, 127, 127, 127, 113, 114, 73, 57, 44, 36, 13, 11, 6, 0, 3, 23, 43, 60, 99, 98, 108, 117, 127, 127, 127, 127, 123, 96, 108, 71, 63, 61, 33, 28, 13, 13, 0, 3, 5, 6, 29, 33, 61, 62, 76, 73, 107, 96, 105, 117, 127, 117]"
In-Distribution,20,exact_guidance_u,87,0,62,61,"[129, 6, 7, 10, 52, 57, 69, 66, 110, 108, 123, 127, 127, 127, 113, 114, 73, 57, 44, 36, 13, 11, 6, 0, 3, 23, 43, 60, 99, 98, 108, 117, 127, 127, 127, 127, 123, 96, 108, 71, 63, 61, 33, 28, 13, 13, 0, 3, 5, 6, 29, 33, 61, 62, 76, 73, 107, 96, 105, 117, 127, 117]","[6, 7, 10, 52, 57, 69, 66, 110, 108, 123, 127, 127, 127, 113, 114, 73, 57, 44, 36, 13, 11, 6, 0, 3, 23, 43, 60, 99, 98, 108, 117, 127, 127, 127, 127, 123, 96, 108, 71, 63, 61, 33, 28, 13, 13, 0, 3, 5, 6, 29, 33, 61, 62, 76, 73, 107, 96, 105, 117, 127, 117]"
In-Distribution,20,exact_guidance_u,88,0,62,61,"[129, 6, 7, 10, 52, 57, 69, 66, 110, 108, 123, 127, 127, 127, 113, 114, 73, 57, 44, 36, 13, 11, 6, 0, 3, 23, 43, 60, 99, 98, 108, 117, 127, 127, 127, 127, 123, 96, 108, 71, 63, 61, 33, 28, 13, 13, 0, 3, 5, 6, 29, 33, 61, 62, 76, 73, 107, 96, 105, 117, 127, 117]","[6, 7, 10, 52, 57, 69, 66, 110, 108, 123, 127, 127, 127, 113, 114, 73, 57, 44, 36, 13, 11, 6, 0, 3, 23, 43, 60, 99, 98, 108, 117, 127, 127, 127, 127, 123, 96, 108, 71, 63, 61, 33, 28, 13, 13, 0, 3, 5, 6, 29, 33, 61, 62, 76, 73, 107, 96, 105, 117, 127, 117]"
In-Distribution,20,exact_guidance_u,89,0,62,61,"[129, 6, 7, 10, 52, 57, 69, 66, 110, 108, 123, 127, 127, 127, 113, 114, 73, 57, 44, 36, 13, 11, 6, 0, 3, 23, 43, 60, 99, 98, 108, 117, 127, 127, 127, 127, 123, 96, 108, 71, 63, 61, 33, 28, 13, 13, 0, 3, 5, 6, 29, 33, 61, 62, 76, 73, 107, 96, 105, 117, 127, 117]","[6, 7, 10, 52, 57, 69, 66, 110, 108, 123, 127, 127, 127, 113, 114, 73, 57, 44, 36, 13, 11, 6, 0, 3, 23, 43, 60, 99, 98, 108, 117, 127, 127, 127, 127, 123, 96, 108, 71, 63, 61, 33, 28, 13, 13, 0, 3, 5, 6, 29, 33, 61, 62, 76, 73, 107, 96, 105, 117, 127, 117]"
In-Distribution,20,exact_guidance_u,90,0,63,62,"[129, 6, 7, 10, 52, 57, 69, 66, 110, 108, 123, 127, 127, 127, 113, 114, 73, 57, 44, 36, 13, 11, 6, 0, 3, 23, 43, 63, 60, 99, 98, 108, 117, 127, 127, 127, 127, 123, 96, 108, 71, 63, 61, 33, 28, 13, 13, 0, 3, 5, 6, 29, 33, 61, 62, 76, 73, 107, 96, 105, 117, 127, 117]","[6, 7, 10, 52, 57, 69, 66, 110, 108, 123, 127, 127, 127, 113, 114, 73, 57, 44, 36, 13, 11, 6, 0, 3, 23, 43, 63, 60, 99, 98, 108, 117, 127, 127, 127, 127, 123, 96, 108, 71, 63, 61, 33, 28, 13, 13, 0, 3, 5, 6, 29, 33, 61, 62, 76, 73, 107, 96, 105, 117, 127, 117]"
In-Distribution,20,exact_guidance_u,91,0,63,62,"[129, 6, 7, 10, 52, 57, 69, 66, 110, 108, 123, 127, 127, 127, 113, 114, 73, 57, 44, 36, 13, 11, 6, 0, 3, 23, 43, 63, 60, 99, 98, 108, 117, 127, 127, 127, 127, 123, 96, 108, 71, 63, 61, 33, 28, 13, 13, 0, 3, 5, 6, 29, 33, 61, 62, 76, 73, 107, 96, 105, 117, 127, 117]","[6, 7, 10, 52, 57, 69, 66, 110, 108, 123, 127, 127, 127, 113, 114, 73, 57, 44, 36, 13, 11, 6, 0, 3, 23, 43, 63, 60, 99, 98, 108, 117, 127, 127, 127, 127, 123, 96, 108, 71, 63, 61, 33, 28, 13, 13, 0, 3, 5, 6, 29, 33, 61, 62, 76, 73, 107, 96, 105, 117, 127, 117]"
In-Distribution,20,exact_guidance_u,92,0,63,62,"[129, 6, 7, 10, 52, 57, 69, 66, 110, 108, 123, 127, 127, 127, 113, 114, 73, 57, 44, 36, 13, 11, 6, 0, 3, 23, 43, 63, 60, 99, 98, 108, 117, 127, 127, 127, 127, 123, 96, 108, 71, 63, 61, 33, 28, 13, 13, 0, 3, 5, 6, 29, 33, 61, 62, 76, 73, 107, 96, 105, 117, 127, 117]","[6, 7, 10, 52, 57, 69, 66, 110, 108, 123, 127, 127, 127, 113, 114, 73, 57, 44, 36, 13, 11, 6, 0, 3, 23, 43, 63, 60, 99, 98, 108, 117, 127, 127, 127, 127, 123, 96, 108, 71, 63, 61, 33, 28, 13, 13, 0, 3, 5, 6, 29, 33, 61, 62, 76, 73, 107, 96, 105, 117, 127, 117]"
In-Distribution,20,exact_guidance_u,93,0,63,62,"[129, 6, 7, 10, 52, 57, 69, 66, 110, 108, 123, 127, 127, 127, 113, 114, 73, 57, 44, 36, 13, 11, 6, 0, 3, 23, 43, 63, 60, 99, 98, 108, 117, 127, 127, 127, 127, 123, 96, 108, 71, 63, 61, 33, 28, 13, 13, 0, 3, 5, 6, 29, 33, 61, 62, 76, 73, 107, 96, 105, 117, 127, 117]","[6, 7, 10, 52, 57, 69, 66, 110, 108, 123, 127, 127, 127, 113, 114, 73, 57, 44, 36, 13, 11, 6, 0, 3, 23, 43, 63, 60, 99, 98, 108, 117, 127, 127, 127, 127, 123, 96, 108, 71, 63, 61, 33, 28, 13, 13, 0, 3, 5, 6, 29, 33, 61, 62, 76, 73, 107, 96, 105, 117, 127, 117]"
In-Distribution,20,exact_guidance_u,94,0,63,62,"[129, 6, 7, 10, 52, 57, 69, 66, 110, 108, 123, 127, 127, 127, 113, 114, 73, 57, 44, 36, 13, 11, 6, 0, 3, 23, 43, 63, 60, 99, 98, 108, 117, 127, 127, 127, 127, 123, 96, 108, 71, 63, 61, 33, 28, 13, 13, 0, 3, 5, 6, 29, 33, 61, 62, 76, 73, 107, 96, 105, 117, 127, 117]","[6, 7, 10, 52, 57, 69, 66, 110, 108, 123, 127, 127, 127, 113, 114, 73, 57, 44, 36, 13, 11, 6, 0, 3, 23, 43, 63, 60, 99, 98, 108, 117, 127, 127, 127, 127, 123, 96, 108, 71, 63, 61, 33, 28, 13, 13, 0, 3, 5, 6, 29, 33, 61, 62, 76, 73, 107, 96, 105, 117, 127, 117]"
In-Distribution,20,exact_guidance_u,95,0,64,63,"[129, 6, 7, 10, 52, 57, 69, 66, 110, 108, 123, 127, 127, 127, 113, 114, 102, 73, 57, 44, 36, 13, 11, 6, 0, 3, 23, 43, 63, 60, 99, 98, 108, 117, 127, 127, 127, 127, 123, 96, 108, 71, 63, 61, 33, 28, 13, 13, 0, 3, 5, 6, 29, 33, 61, 62, 76, 73, 107, 96, 105, 117, 127, 117]","[6, 7, 10, 52, 57, 69, 66, 110, 108, 123, 127, 127, 127, 113, 114, 102, 73, 57, 44, 36, 13, 11, 6, 0, 3, 23, 43, 63, 60, 99, 98, 108, 117, 127, 127, 127, 127, 123, 96, 108, 71, 63, 61, 33, 28, 13, 13, 0, 3, 5, 6, 29, 33, 61, 62, 76, 73, 107, 96, 105, 117, 127, 117]"
In-Distribution,20,exact_guidance_u,96,0,64,63,"[129, 6, 7, 10, 52, 57, 69, 66, 110, 108, 123, 127, 127, 127, 113, 114, 102, 73, 57, 44, 36, 13, 11, 6, 0, 3, 23, 43, 63, 60, 99, 98, 108, 117, 127, 127, 127, 127, 123, 96, 108, 71, 63, 61, 33, 28, 13, 13, 0, 3, 5, 6, 29, 33, 61, 62, 76, 73, 107, 96, 105, 117, 127, 117]","[6, 7, 10, 52, 57, 69, 66, 110, 108, 123, 127, 127, 127, 113, 114, 102, 73, 57, 44, 36, 13, 11, 6, 0, 3, 23, 43, 63, 60, 99, 98, 108, 117, 127, 127, 127, 127, 123, 96, 108, 71, 63, 61, 33, 28, 13, 13, 0, 3, 5, 6, 29, 33, 61, 62, 76, 73, 107, 96, 105, 117, 127, 117]"
In-Distribution,20,exact_guidance_u,97,0,64,63,"[129, 6, 7, 10, 52, 57, 69, 66, 110, 108, 123, 127, 127, 127, 113, 114, 102, 73, 57, 44, 36, 13, 11, 6, 0, 3, 23, 43, 63, 60, 99, 98, 108, 117, 127, 127, 127, 127, 123, 96, 108, 71, 63, 61, 33, 28, 13, 13, 0, 3, 5, 6, 29, 33, 61, 62, 76, 73, 107, 96, 105, 117, 127, 117]","[6, 7, 10, 52, 57, 69, 66, 110, 108, 123, 127, 127, 127, 113, 114, 102, 73, 57, 44, 36, 13, 11, 6, 0, 3, 23, 43, 63, 60, 99, 98, 108, 117, 127, 127, 127, 127, 123, 96, 108, 71, 63, 61, 33, 28, 13, 13, 0, 3, 5, 6, 29, 33, 61, 62, 76, 73, 107, 96, 105, 117, 127, 117]"
In-Distribution,20,exact_guidance_u,98,0,64,63,"[129, 6, 7, 10, 52, 57, 69, 66, 110, 108, 123, 127, 127, 127, 113, 114, 102, 73, 57, 44, 36, 13, 11, 6, 0, 3, 23, 43, 63, 60, 99, 98, 108, 117, 127, 127, 127, 127, 123, 96, 108, 71, 63, 61, 33, 28, 13, 13, 0, 3, 5, 6, 29, 33, 61, 62, 76, 73, 107, 96, 105, 117, 127, 117]","[6, 7, 10, 52, 57, 69, 66, 110, 108, 123, 127, 127, 127, 113, 114, 102, 73, 57, 44, 36, 13, 11, 6, 0, 3, 23, 43, 63, 60, 99, 98, 108, 117, 127, 127, 127, 127, 123, 96, 108, 71, 63, 61, 33, 28, 13, 13, 0, 3, 5, 6, 29, 33, 61, 62, 76, 73, 107, 96, 105, 117, 127, 117]"
In-Distribution,20,exact_guidance_u,99,0,64,63,"[129, 6, 7, 10, 52, 57, 69, 66, 110, 108, 123, 127, 127, 127, 113, 114, 102, 73, 57, 44, 36, 13, 11, 6, 0, 3, 23, 43, 63, 60, 99, 98, 108, 117, 127, 127, 127, 127, 123, 96, 108, 71, 63, 61, 33, 28, 13, 13, 0, 3, 5, 6, 29, 33, 61, 62, 76, 73, 107, 96, 105, 117, 127, 117]","[6, 7, 10, 52, 57, 69, 66, 110, 108, 123, 127, 127, 127, 113, 114, 102, 73, 57, 44, 36, 13, 11, 6, 0, 3, 23, 43, 63, 60, 99, 98, 108, 117, 127, 127, 127, 127, 123, 96, 108, 71, 63, 61, 33, 28, 13, 13, 0, 3, 5, 6, 29, 33, 61, 62, 76, 73, 107, 96, 105, 117, 127, 117]"
In-Distribution,20,exact_guidance_u,100,0,64,63,"[129, 6, 7, 10, 52, 57, 69, 66, 110, 108, 123, 127, 127, 127, 113, 114, 102, 73, 57, 44, 36, 13, 11, 6, 0, 3, 23, 43, 63, 60, 99, 98, 108, 117, 127, 127, 127, 127, 123, 96, 108, 71, 63, 61, 33, 28, 13, 13, 0, 3, 5, 6, 29, 33, 61, 62, 76, 73, 107, 96, 105, 117, 127, 117]","[6, 7, 10, 52, 57, 69, 66, 110, 108, 123, 127, 127, 127, 113, 114, 102, 73, 57, 44, 36, 13, 11, 6, 0, 3, 23, 43, 63, 60, 99, 98, 108, 117, 127, 127, 127, 127, 123, 96, 108, 71, 63, 61, 33, 28, 13, 13, 0, 3, 5, 6, 29, 33, 61, 62, 76, 73, 107, 96, 105, 117, 127, 117]"
In-Distribution,20,exact_guidance_u,101,0,64,63,"[129, 6, 7, 10, 52, 57, 69, 66, 110, 108, 123, 127, 127, 127, 113, 114, 102, 73, 57, 44, 36, 13, 11, 6, 0, 3, 23, 43, 63, 60, 99, 98, 108, 117, 127, 127, 127, 127, 123, 96, 108, 71, 63, 61, 33, 28, 13, 13, 0, 3, 5, 6, 29, 33, 61, 62, 76, 73, 107, 96, 105, 117, 127, 117]","[6, 7, 10, 52, 57, 69, 66, 110, 108, 123, 127, 127, 127, 113, 114, 102, 73, 57, 44, 36, 13, 11, 6, 0, 3, 23, 43, 63, 60, 99, 98, 108, 117, 127, 127, 127, 127, 123, 96, 108, 71, 63, 61, 33, 28, 13, 13, 0, 3, 5, 6, 29, 33, 61, 62, 76, 73, 107, 96, 105, 117, 127, 117]"
In-Distribution,20,exact_guidance_u,102,0,64,63,"[129, 6, 7, 10, 52, 57, 69, 66, 110, 108, 123, 127, 127, 127, 113, 114, 102, 73, 57, 44, 36, 13, 11, 6, 0, 3, 23, 43, 63, 60, 99, 98, 108, 117, 127, 127, 127, 127, 123, 96, 108, 71, 63, 61, 33, 28, 13, 13, 0, 3, 5, 6, 29, 33, 61, 62, 76, 73, 107, 96, 105, 117, 127, 117]","[6, 7, 10, 52, 57, 69, 66, 110, 108, 123, 127, 127, 127, 113, 114, 102, 73, 57, 44, 36, 13, 11, 6, 0, 3, 23, 43, 63, 60, 99, 98, 108, 117, 127, 127, 127, 127, 123, 96, 108, 71, 63, 61, 33, 28, 13, 13, 0, 3, 5, 6, 29, 33, 61, 62, 76, 73, 107, 96, 105, 117, 127, 117]"
In-Distribution,20,exact_guidance_u,103,0,64,63,"[129, 6, 7, 10, 52, 57, 69, 66, 110, 108, 123, 127, 127, 127, 113, 114, 102, 73, 57, 44, 36, 13, 11, 6, 0, 3, 23, 43, 63, 60, 99, 98, 108, 117, 127, 127, 127, 127, 123, 96, 108, 71, 63, 61, 33, 28, 13, 13, 0, 3, 5, 6, 29, 33, 61, 62, 76, 73, 107, 96, 105, 117, 127, 117]","[6, 7, 10, 52, 57, 69, 66, 110, 108, 123, 127, 127, 127, 113, 114, 102, 73, 57, 44, 36, 13, 11, 6, 0, 3, 23, 43, 63, 60, 99, 98, 108, 117, 127, 127, 127, 127, 123, 96, 108, 71, 63, 61, 33, 28, 13, 13, 0, 3, 5, 6, 29, 33, 61, 62, 76, 73, 107, 96, 105, 117, 127, 117]"
In-Distribution,20,exact_guidance_u,104,0,64,63,"[129, 6, 7, 10, 52, 57, 69, 66, 110, 108, 123, 127, 127, 127, 113, 114, 102, 73, 57, 44, 36, 13, 11, 6, 0, 3, 23, 43, 63, 60, 99, 98, 108, 117, 127, 127, 127, 127, 123, 96, 108, 71, 63, 61, 33, 28, 13, 13, 0, 3, 5, 6, 29, 33, 61, 62, 76, 73, 107, 96, 105, 117, 127, 117]","[6, 7, 10, 52, 57, 69, 66, 110, 108, 123, 127, 127, 127, 113, 114, 102, 73, 57, 44, 36, 13, 11, 6, 0, 3, 23, 43, 63, 60, 99, 98, 108, 117, 127, 127, 127, 127, 123, 96, 108, 71, 63, 61, 33, 28, 13, 13, 0, 3, 5, 6, 29, 33, 61, 62, 76, 73, 107, 96, 105, 117, 127, 117]"
In-Distribution,20,exact_guidance_u,105,0,64,63,"[129, 6, 7, 10, 52, 57, 69, 66, 110, 108, 123, 127, 127, 127, 113, 114, 102, 73, 57, 44, 36, 13, 11, 6, 0, 3, 23, 43, 63, 60, 99, 98, 108, 117, 127, 127, 127, 127, 123, 96, 108, 71, 63, 61, 33, 28, 13, 13, 0, 3, 5, 6, 29, 33, 61, 62, 76, 73, 107, 96, 105, 117, 127, 117]","[6, 7, 10, 52, 57, 69, 66, 110, 108, 123, 127, 127, 127, 113, 114, 102, 73, 57, 44, 36, 13, 11, 6, 0, 3, 23, 43, 63, 60, 99, 98, 108, 117, 127, 127, 127, 127, 123, 96, 108, 71, 63, 61, 33, 28, 13, 13, 0, 3, 5, 6, 29, 33, 61, 62, 76, 73, 107, 96, 105, 117, 127, 117]"
In-Distribution,20,exact_guidance_u,106,0,65,64,"[129, 6, 7, 10, 52, 57, 69, 66, 110, 108, 123, 127, 127, 127, 113, 114, 105, 102, 73, 57, 44, 36, 13, 11, 6, 0, 3, 23, 43, 63, 60, 99, 98, 108, 117, 127, 127, 127, 127, 123, 96, 108, 71, 63, 61, 33, 28, 13, 13, 0, 3, 5, 6, 29, 33, 61, 62, 76, 73, 107, 96, 105, 117, 127, 117]","[6, 7, 10, 52, 57, 69, 66, 110, 108, 123, 127, 127, 127, 113, 114, 105, 102, 73, 57, 44, 36, 13, 11, 6, 0, 3, 23, 43, 63, 60, 99, 98, 108, 117, 127, 127, 127, 127, 123, 96, 108, 71, 63, 61, 33, 28, 13, 13, 0, 3, 5, 6, 29, 33, 61, 62, 76, 73, 107, 96, 105, 117, 127, 117]"
In-Distribution,20,exact_guidance_u,107,0,65,64,"[129, 6, 7, 10, 52, 57, 69, 66, 110, 108, 123, 127, 127, 127, 113, 114, 105, 102, 73, 57, 44, 36, 13, 11, 6, 0, 3, 23, 43, 63, 60, 99, 98, 108, 117, 127, 127, 127, 127, 123, 96, 108, 71, 63, 61, 33, 28, 13, 13, 0, 3, 5, 6, 29, 33, 61, 62, 76, 73, 107, 96, 105, 117, 127, 117]","[6, 7, 10, 52, 57, 69, 66, 110, 108, 123, 127, 127, 127, 113, 114, 105, 102, 73, 57, 44, 36, 13, 11, 6, 0, 3, 23, 43, 63, 60, 99, 98, 108, 117, 127, 127, 127, 127, 123, 96, 108, 71, 63, 61, 33, 28, 13, 13, 0, 3, 5, 6, 29, 33, 61, 62, 76, 73, 107, 96, 105, 117, 127, 117]"
In-Distribution,20,exact_guidance_u,108,0,65,64,"[129, 6, 7, 10, 52, 57, 69, 66, 110, 108, 123, 127, 127, 127, 113, 114, 105, 102, 73, 57, 44, 36, 13, 11, 6, 0, 3, 23, 43, 63, 60, 99, 98, 108, 117, 127, 127, 127, 127, 123, 96, 108, 71, 63, 61, 33, 28, 13, 13, 0, 3, 5, 6, 29, 33, 61, 62, 76, 73, 107, 96, 105, 117, 127, 117]","[6, 7, 10, 52, 57, 69, 66, 110, 108, 123, 127, 127, 127, 113, 114, 105, 102, 73, 57, 44, 36, 13, 11, 6, 0, 3, 23, 43, 63, 60, 99, 98, 108, 117, 127, 127, 127, 127, 123, 96, 108, 71, 63, 61, 33, 28, 13, 13, 0, 3, 5, 6, 29, 33, 61, 62, 76, 73, 107, 96, 105, 117, 127, 117]"
In-Distribution,20,exact_guidance_u,109,0,65,64,"[129, 6, 7, 10, 52, 57, 69, 66, 110, 108, 123, 127, 127, 127, 113, 114, 105, 102, 73, 57, 44, 36, 13, 11, 6, 0, 3, 23, 43, 63, 60, 99, 98, 108, 117, 127, 127, 127, 127, 123, 96, 108, 71, 63, 61, 33, 28, 13, 13, 0, 3, 5, 6, 29, 33, 61, 62, 76, 73, 107, 96, 105, 117, 127, 117]","[6, 7, 10, 52, 57, 69, 66, 110, 108, 123, 127, 127, 127, 113, 114, 105, 102, 73, 57, 44, 36, 13, 11, 6, 0, 3, 23, 43, 63, 60, 99, 98, 108, 117, 127, 127, 127, 127, 123, 96, 108, 71, 63, 61, 33, 28, 13, 13, 0, 3, 5, 6, 29, 33, 61, 62, 76, 73, 107, 96, 105, 117, 127, 117]"
In-Distribution,20,exact_guidance_u,110,0,65,64,"[129, 6, 7, 10, 52, 57, 69, 66, 110, 108, 123, 127, 127, 127, 113, 114, 105, 102, 73, 57, 44, 36, 13, 11, 6, 0, 3, 23, 43, 63, 60, 99, 98, 108, 117, 127, 127, 127, 127, 123, 96, 108, 71, 63, 61, 33, 28, 13, 13, 0, 3, 5, 6, 29, 33, 61, 62, 76, 73, 107, 96, 105, 117, 127, 117]","[6, 7, 10, 52, 57, 69, 66, 110, 108, 123, 127, 127, 127, 113, 114, 105, 102, 73, 57, 44, 36, 13, 11, 6, 0, 3, 23, 43, 63, 60, 99, 98, 108, 117, 127, 127, 127, 127, 123, 96, 108, 71, 63, 61, 33, 28, 13, 13, 0, 3, 5, 6, 29, 33, 61, 62, 76, 73, 107, 96, 105, 117, 127, 117]"
In-Distribution,20,exact_guidance_u,111,0,66,65,"[129, 6, 7, 10, 52, 57, 69, 66, 110, 108, 123, 127, 127, 127, 113, 114, 105, 102, 73, 57, 44, 36, 13, 11, 6, 0, 3, 23, 43, 63, 60, 99, 98, 108, 101, 117, 127, 127, 127, 127, 123, 96, 108, 71, 63, 61, 33, 28, 13, 13, 0, 3, 5, 6, 29, 33, 61, 62, 76, 73, 107, 96, 105, 117, 127, 117]","[6, 7, 10, 52, 57, 69, 66, 110, 108, 123, 127, 127, 127, 113, 114, 105, 102, 73, 57, 44, 36, 13, 11, 6, 0, 3, 23, 43, 63, 60, 99, 98, 108, 101, 117, 127, 127, 127, 127, 123, 96, 108, 71, 63, 61, 33, 28, 13, 13, 0, 3, 5, 6, 29, 33, 61, 62, 76, 73, 107, 96, 105, 117, 127, 117]"
In-Distribution,20,exact_guidance_u,112,0,66,65,"[129, 6, 7, 10, 52, 57, 69, 66, 110, 108, 123, 127, 127, 127, 113, 114, 105, 102, 73, 57, 44, 36, 13, 11, 6, 0, 3, 23, 43, 63, 60, 99, 98, 108, 101, 117, 127, 127, 127, 127, 123, 96, 108, 71, 63, 61, 33, 28, 13, 13, 0, 3, 5, 6, 29, 33, 61, 62, 76, 73, 107, 96, 105, 117, 127, 117]","[6, 7, 10, 52, 57, 69, 66, 110, 108, 123, 127, 127, 127, 113, 114, 105, 102, 73, 57, 44, 36, 13, 11, 6, 0, 3, 23, 43, 63, 60, 99, 98, 108, 101, 117, 127, 127, 127, 127, 123, 96, 108, 71, 63, 61, 33, 28, 13, 13, 0, 3, 5, 6, 29, 33, 61, 62, 76, 73, 107, 96, 105, 117, 127, 117]"
In-Distribution,20,exact_guidance_u,113,0,66,65,"[129, 6, 7, 10, 52, 57, 69, 66, 110, 108, 123, 127, 127, 127, 113, 114, 105, 102, 73, 57, 44, 36, 13, 11, 6, 0, 3, 23, 43, 63, 60, 99, 98, 108, 101, 117, 127, 127, 127, 127, 123, 96, 108, 71, 63, 61, 33, 28, 13, 13, 0, 3, 5, 6, 29, 33, 61, 62, 76, 73, 107, 96, 105, 117, 127, 117]","[6, 7, 10, 52, 57, 69, 66, 110, 108, 123, 127, 127, 127, 113, 114, 105, 102, 73, 57, 44, 36, 13, 11, 6, 0, 3, 23, 43, 63, 60, 99, 98, 108, 101, 117, 127, 127, 127, 127, 123, 96, 108, 71, 63, 61, 33, 28, 13, 13, 0, 3, 5, 6, 29, 33, 61, 62, 76, 73, 107, 96, 105, 117, 127, 117]"
In-Distribution,20,exact_guidance_u,114,0,66,65,"[129, 6, 7, 10, 52, 57, 69, 66, 110, 108, 123, 127, 127, 127, 113, 114, 105, 102, 73, 57, 44, 36, 13, 11, 6, 0, 3, 23, 43, 63, 60, 99, 98, 108, 101, 117, 127, 127, 127, 127, 123, 96, 108, 71, 63, 61, 33, 28, 13, 13, 0, 3, 5, 6, 29, 33, 61, 62, 76, 73, 107, 96, 105, 117, 127, 117]","[6, 7, 10, 52, 57, 69, 66, 110, 108, 123, 127, 127, 127, 113, 114, 105, 102, 73, 57, 44, 36, 13, 11, 6, 0, 3, 23, 43, 63, 60, 99, 98, 108, 101, 117, 127, 127, 127, 127, 123, 96, 108, 71, 63, 61, 33, 28, 13, 13, 0, 3, 5, 6, 29, 33, 61, 62, 76, 73, 107, 96, 105, 117, 127, 117]"
In-Distribution,20,exact_guidance_u,115,0,66,65,"[129, 6, 7, 10, 52, 57, 69, 66, 110, 108, 123, 127, 127, 127, 113, 114, 105, 102, 73, 57, 44, 36, 13, 11, 6, 0, 3, 23, 43, 63, 60, 99, 98, 108, 101, 117, 127, 127, 127, 127, 123, 96, 108, 71, 63, 61, 33, 28, 13, 13, 0, 3, 5, 6, 29, 33, 61, 62, 76, 73, 107, 96, 105, 117, 127, 117]","[6, 7, 10, 52, 57, 69, 66, 110, 108, 123, 127, 127, 127, 113, 114, 105, 102, 73, 57, 44, 36, 13, 11, 6, 0, 3, 23, 43, 63, 60, 99, 98, 108, 101, 117, 127, 127, 127, 127, 123, 96, 108, 71, 63, 61, 33, 28, 13, 13, 0, 3, 5, 6, 29, 33, 61, 62, 76, 73, 107, 96, 105, 117, 127, 117]"
In-Distribution,20,exact_guidance_u,116,0,66,65,"[129, 6, 7, 10, 52, 57, 69, 66, 110, 108, 123, 127, 127, 127, 113, 114, 105, 102, 73, 57, 44, 36, 13, 11, 6, 0, 3, 23, 43, 63, 60, 99, 98, 108, 101, 117, 127, 127, 127, 127, 123, 96, 108, 71, 63, 61, 33, 28, 13, 13, 0, 3, 5, 6, 29, 33, 61, 62, 76, 73, 107, 96, 105, 117, 127, 117]","[6, 7, 10, 52, 57, 69, 66, 110, 108, 123, 127, 127, 127, 113, 114, 105, 102, 73, 57, 44, 36, 13, 11, 6, 0, 3, 23, 43, 63, 60, 99, 98, 108, 101, 117, 127, 127, 127, 127, 123, 96, 108, 71, 63, 61, 33, 28, 13, 13, 0, 3, 5, 6, 29, 33, 61, 62, 76, 73, 107, 96, 105, 117, 127, 117]"
In-Distribution,20,exact_guidance_u,117,0,66,65,"[129, 6, 7, 10, 52, 57, 69, 66, 110, 108, 123, 127, 127, 127, 113, 114, 105, 102, 73, 57, 44, 36, 13, 11, 6, 0, 3, 23, 43, 63, 60, 99, 98, 108, 101, 117, 127, 127, 127, 127, 123, 96, 108, 71, 63, 61, 33, 28, 13, 13, 0, 3, 5, 6, 29, 33, 61, 62, 76, 73, 107, 96, 105, 117, 127, 117]","[6, 7, 10, 52, 57, 69, 66, 110, 108, 123, 127, 127, 127, 113, 114, 105, 102, 73, 57, 44, 36, 13, 11, 6, 0, 3, 23, 43, 63, 60, 99, 98, 108, 101, 117, 127, 127, 127, 127, 123, 96, 108, 71, 63, 61, 33, 28, 13, 13, 0, 3, 5, 6, 29, 33, 61, 62, 76, 73, 107, 96, 105, 117, 127, 117]"
In-Distribution,20,exact_guidance_u,118,0,67,66,"[129, 6, 7, 10, 52, 57, 69, 66, 110, 108, 123, 127, 127, 127, 113, 114, 105, 102, 73, 57, 44, 36, 13, 11, 6, 0, 3, 23, 43, 44, 63, 60, 99, 98, 108, 101, 117, 127, 127, 127, 127, 123, 96, 108, 71, 63, 61, 33, 28, 13, 13, 0, 3, 5, 6, 29, 33, 61, 62, 76, 73, 107, 96, 105, 117, 127, 117]","[6, 7, 10, 52, 57, 69, 66, 110, 108, 123, 127, 127, 127, 113, 114, 105, 102, 73, 57, 44, 36, 13, 11, 6, 0, 3, 23, 43, 44, 63, 60, 99, 98, 108, 101, 117, 127, 127, 127, 127, 123, 96, 108, 71, 63, 61, 33, 28, 13, 13, 0, 3, 5, 6, 29, 33, 61, 62, 76, 73, 107, 96, 105, 117, 127, 117]"
In-Distribution,20,exact_guidance_u,119,0,67,66,"[129, 6, 7, 10, 52, 57, 69, 66, 110, 108, 123, 127, 127, 127, 113, 114, 105, 102, 73, 57, 44, 36, 13, 11, 6, 0, 3, 23, 43, 44, 63, 60, 99, 98, 108, 101, 117, 127, 127, 127, 127, 123, 96, 108, 71, 63, 61, 33, 28, 13, 13, 0, 3, 5, 6, 29, 33, 61, 62, 76, 73, 107, 96, 105, 117, 127, 117]","[6, 7, 10, 52, 57, 69, 66, 110, 108, 123, 127, 127, 127, 113, 114, 105, 102, 73, 57, 44, 36, 13, 11, 6, 0, 3, 23, 43, 44, 63, 60, 99, 98, 108, 101, 117, 127, 127, 127, 127, 123, 96, 108, 71, 63, 61, 33, 28, 13, 13, 0, 3, 5, 6, 29, 33, 61, 62, 76, 73, 107, 96, 105, 117, 127, 117]"
In-Distribution,20,exact_guidance_u,120,0,67,66,"[129, 6, 7, 10, 52, 57, 69, 66, 110, 108, 123, 127, 127, 127, 113, 114, 105, 102, 73, 57, 44, 36, 13, 11, 6, 0, 3, 23, 43, 44, 63, 60, 99, 98, 108, 101, 117, 127, 127, 127, 127, 123, 96, 108, 71, 63, 61, 33, 28, 13, 13, 0, 3, 5, 6, 29, 33, 61, 62, 76, 73, 107, 96, 105, 117, 127, 117]","[6, 7, 10, 52, 57, 69, 66, 110, 108, 123, 127, 127, 127, 113, 114, 105, 102, 73, 57, 44, 36, 13, 11, 6, 0, 3, 23, 43, 44, 63, 60, 99, 98, 108, 101, 117, 127, 127, 127, 127, 123, 96, 108, 71, 63, 61, 33, 28, 13, 13, 0, 3, 5, 6, 29, 33, 61, 62, 76, 73, 107, 96, 105, 117, 127, 117]"
In-Distribution,20,exact_guidance_u,121,0,67,66,"[129, 6, 7, 10, 52, 57, 69, 66, 110, 108, 123, 127, 127, 127, 113, 114, 105, 102, 73, 57, 44, 36, 13, 11, 6, 0, 3, 23, 43, 44, 63, 60, 99, 98, 108, 101, 117, 127, 127, 127, 127, 123, 96, 108, 71, 63, 61, 33, 28, 13, 13, 0, 3, 5, 6, 29, 33, 61, 62, 76, 73, 107, 96, 105, 117, 127, 117]","[6, 7, 10, 52, 57, 69, 66, 110, 108, 123, 127, 127, 127, 113, 114, 105, 102, 73, 57, 44, 36, 13, 11, 6, 0, 3, 23, 43, 44, 63, 60, 99, 98, 108, 101, 117, 127, 127, 127, 127, 123, 96, 108, 71, 63, 61, 33, 28, 13, 13, 0, 3, 5, 6, 29, 33, 61, 62, 76, 73, 107, 96, 105, 117, 127, 117]"
In-Distribution,20,exact_guidance_u,122,0,67,66,"[129, 6, 7, 10, 52, 57, 69, 66, 110, 108, 123, 127, 127, 127, 113, 114, 105, 102, 73, 57, 44, 36, 13, 11, 6, 0, 3, 23, 43, 44, 63, 60, 99, 98, 108, 101, 117, 127, 127, 127, 127, 123, 96, 108, 71, 63, 61, 33, 28, 13, 13, 0, 3, 5, 6, 29, 33, 61, 62, 76, 73, 107, 96, 105, 117, 127, 117]","[6, 7, 10, 52, 57, 69, 66, 110, 108, 123, 127, 127, 127, 113, 114, 105, 102, 73, 57, 44, 36, 13, 11, 6, 0, 3, 23, 43, 44, 63, 60, 99, 98, 108, 101, 117, 127, 127, 127, 127, 123, 96, 108, 71, 63, 61, 33, 28, 13, 13, 0, 3, 5, 6, 29, 33, 61, 62, 76, 73, 107, 96, 105, 117, 127, 117]"
In-Distribution,20,exact_guidance_u,123,0,67,66,"[129, 6, 7, 10, 52, 57, 69, 66, 110, 108, 123, 127, 127, 127, 113, 114, 105, 102, 73, 57, 44, 36, 13, 11, 6, 0, 3, 23, 43, 44, 63, 60, 99, 98, 108, 101, 117, 127, 127, 127, 127, 123, 96, 108, 71, 63, 61, 33, 28, 13, 13, 0, 3, 5, 6, 29, 33, 61, 62, 76, 73, 107, 96, 105, 117, 127, 117]","[6, 7, 10, 52, 57, 69, 66, 110, 108, 123, 127, 127, 127, 113, 114, 105, 102, 73, 57, 44, 36, 13, 11, 6, 0, 3, 23, 43, 44, 63, 60, 99, 98, 108, 101, 117, 127, 127, 127, 127, 123, 96, 108, 71, 63, 61, 33, 28, 13, 13, 0, 3, 5, 6, 29, 33, 61, 62, 76, 73, 107, 96, 105, 117, 127, 117]"
In-Distribution,20,exact_guidance_u,124,0,67,66,"[129, 6, 7, 10, 52, 57, 69, 66, 110, 108, 123, 127, 127, 127, 113, 114, 105, 102, 73, 57, 44, 36, 13, 11, 6, 0, 3, 23, 43, 44, 63, 60, 99, 98, 108, 101, 117, 127, 127, 127, 127, 123, 96, 108, 71, 63, 61, 33, 28, 13, 13, 0, 3, 5, 6, 29, 33, 61, 62, 76, 73, 107, 96, 105, 117, 127, 117]","[6, 7, 10, 52, 57, 69, 66, 110, 108, 123, 127, 127, 127, 113, 114, 105, 102, 73, 57, 44, 36, 13, 11, 6, 0, 3, 23, 43, 44, 63, 60, 99, 98, 108, 101, 117, 127, 127, 127, 127, 123, 96, 108, 71, 63, 61, 33, 28, 13, 13, 0, 3, 5, 6, 29, 33, 61, 62, 76, 73, 107, 96, 105, 117, 127, 117]"
In-Distribution,20,exact_guidance_u,125,0,67,66,"[129, 6, 7, 10, 52, 57, 69, 66, 110, 108, 123, 127, 127, 127, 113, 114, 105, 102, 73, 57, 44, 36, 13, 11, 6, 0, 3, 23, 43, 44, 63, 60, 99, 98, 108, 101, 117, 127, 127, 127, 127, 123, 96, 108, 71, 63, 61, 33, 28, 13, 13, 0, 3, 5, 6, 29, 33, 61, 62, 76, 73, 107, 96, 105, 117, 127, 117]","[6, 7, 10, 52, 57, 69, 66, 110, 108, 123, 127, 127, 127, 113, 114, 105, 102, 73, 57, 44, 36, 13, 11, 6, 0, 3, 23, 43, 44, 63, 60, 99, 98, 108, 101, 117, 127, 127, 127, 127, 123, 96, 108, 71, 63, 61, 33, 28, 13, 13, 0, 3, 5, 6, 29, 33, 61, 62, 76, 73, 107, 96, 105, 117, 127, 117]"
In-Distribution,20,exact_guidance_u,126,0,67,66,"[129, 6, 7, 10, 52, 57, 69, 66, 110, 108, 123, 127, 127, 127, 113, 114, 105, 102, 73, 57, 44, 36, 13, 11, 6, 0, 3, 23, 43, 44, 63, 60, 99, 98, 108, 101, 117, 127, 127, 127, 127, 123, 96, 108, 71, 63, 61, 33, 28, 13, 13, 0, 3, 5, 6, 29, 33, 61, 62, 76, 73, 107, 96, 105, 117, 127, 117]","[6, 7, 10, 52, 57, 69, 66, 110, 108, 123, 127, 127, 127, 113, 114, 105, 102, 73, 57, 44, 36, 13, 11, 6, 0, 3, 23, 43, 44, 63, 60, 99, 98, 108, 101, 117, 127, 127, 127, 127, 123, 96, 108, 71, 63, 61, 33, 28, 13, 13, 0, 3, 5, 6, 29, 33, 61, 62, 76, 73, 107, 96, 105, 117, 127, 117]"
In-Distribution,20,exact_guidance_u,127,0,67,66,"[129, 6, 7, 10, 52, 57, 69, 66, 110, 108, 123, 127, 127, 127, 113, 114, 105, 102, 73, 57, 44, 36, 13, 11, 6, 0, 3, 23, 43, 44, 63, 60, 99, 98, 108, 101, 117, 127, 127, 127, 127, 123, 96, 108, 71, 63, 61, 33, 28, 13, 13, 0, 3, 5, 6, 29, 33, 61, 62, 76, 73, 107, 96, 105, 117, 127, 117]","[6, 7, 10, 52, 57, 69, 66, 110, 108, 123, 127, 127, 127, 113, 114, 105, 102, 73, 57, 44, 36, 13, 11, 6, 0, 3, 23, 43, 44, 63, 60, 99, 98, 108, 101, 117, 127, 127, 127, 127, 123, 96, 108, 71, 63, 61, 33, 28, 13, 13, 0, 3, 5, 6, 29, 33, 61, 62, 76, 73, 107, 96, 105, 117, 127, 117]"
In-Distribution,20,exact_guidance_u,128,0,67,66,"[129, 6, 7, 10, 52, 57, 69, 66, 110, 108, 123, 127, 127, 127, 113, 114, 105, 102, 73, 57, 44, 36, 13, 11, 6, 0, 3, 23, 43, 44, 63, 60, 99, 98, 108, 101, 117, 127, 127, 127, 127, 123, 96, 108, 71, 63, 61, 33, 28, 13, 13, 0, 3, 5, 6, 29, 33, 61, 62, 76, 73, 107, 96, 105, 117, 127, 117]","[6, 7, 10, 52, 57, 69, 66, 110, 108, 123, 127, 127, 127, 113, 114, 105, 102, 73, 57, 44, 36, 13, 11, 6, 0, 3, 23, 43, 44, 63, 60, 99, 98, 108, 101, 117, 127, 127, 127, 127, 123, 96, 108, 71, 63, 61, 33, 28, 13, 13, 0, 3, 5, 6, 29, 33, 61, 62, 76, 73, 107, 96, 105, 117, 127, 117]"
In-Distribution,20,exact_guidance_u,129,0,67,66,"[129, 6, 7, 10, 52, 57, 69, 66, 110, 108, 123, 127, 127, 127, 113, 114, 105, 102, 73, 57, 44, 36, 13, 11, 6, 0, 3, 23, 43, 44, 63, 60, 99, 98, 108, 101, 117, 127, 127, 127, 127, 123, 96, 108, 71, 63, 61, 33, 28, 13, 13, 0, 3, 5, 6, 29, 33, 61, 62, 76, 73, 107, 96, 105, 117, 127, 117]","[6, 7, 10, 52, 57, 69, 66, 110, 108, 123, 127, 127, 127, 113, 114, 105, 102, 73, 57, 44, 36, 13, 11, 6, 0, 3, 23, 43, 44, 63, 60, 99, 98, 108, 101, 117, 127, 127, 127, 127, 123, 96, 108, 71, 63, 61, 33, 28, 13, 13, 0, 3, 5, 6, 29, 33, 61, 62, 76, 73, 107, 96, 105, 117, 127, 117]"
In-Distribution,20,exact_guidance_u,130,0,67,66,"[129, 6, 7, 10, 52, 57, 69, 66, 110, 108, 123, 127, 127, 127, 113, 114, 105, 102, 73, 57, 44, 36, 13, 11, 6, 0, 3, 23, 43, 44, 63, 60, 99, 98, 108, 101, 117, 127, 127, 127, 127, 123, 96, 108, 71, 63, 61, 33, 28, 13, 13, 0, 3, 5, 6, 29, 33, 61, 62, 76, 73, 107, 96, 105, 117, 127, 117]","[6, 7, 10, 52, 57, 69, 66, 110, 108, 123, 127, 127, 127, 113, 114, 105, 102, 73, 57, 44, 36, 13, 11, 6, 0, 3, 23, 43, 44, 63, 60, 99, 98, 108, 101, 117, 127, 127, 127, 127, 123, 96, 108, 71, 63, 61, 33, 28, 13, 13, 0, 3, 5, 6, 29, 33, 61, 62, 76, 73, 107, 96, 105, 117, 127, 117]"
In-Distribution,20,exact_guidance_u,131,0,67,66,"[129, 6, 7, 10, 52, 57, 69, 66, 110, 108, 123, 127, 127, 127, 113, 114, 105, 102, 73, 57, 44, 36, 13, 11, 6, 0, 3, 23, 43, 44, 63, 60, 99, 98, 108, 101, 117, 127, 127, 127, 127, 123, 96, 108, 71, 63, 61, 33, 28, 13, 13, 0, 3, 5, 6, 29, 33, 61, 62, 76, 73, 107, 96, 105, 117, 127, 117]","[6, 7, 10, 52, 57, 69, 66, 110, 108, 123, 127, 127, 127, 113, 114, 105, 102, 73, 57, 44, 36, 13, 11, 6, 0, 3, 23, 43, 44, 63, 60, 99, 98, 108, 101, 117, 127, 127, 127, 127, 123, 96, 108, 71, 63, 61, 33, 28, 13, 13, 0, 3, 5, 6, 29, 33, 61, 62, 76, 73, 107, 96, 105, 117, 127, 117]"
In-Distribution,20,exact_guidance_u,132,0,67,66,"[129, 6, 7, 10, 52, 57, 69, 66, 110, 108, 123, 127, 127, 127, 113, 114, 105, 102, 73, 57, 44, 36, 13, 11, 6, 0, 3, 23, 43, 44, 63, 60, 99, 98, 108, 101, 117, 127, 127, 127, 127, 123, 96, 108, 71, 63, 61, 33, 28, 13, 13, 0, 3, 5, 6, 29, 33, 61, 62, 76, 73, 107, 96, 105, 117, 127, 117]","[6, 7, 10, 52, 57, 69, 66, 110, 108, 123, 127, 127, 127, 113, 114, 105, 102, 73, 57, 44, 36, 13, 11, 6, 0, 3, 23, 43, 44, 63, 60, 99, 98, 108, 101, 117, 127, 127, 127, 127, 123, 96, 108, 71, 63, 61, 33, 28, 13, 13, 0, 3, 5, 6, 29, 33, 61, 62, 76, 73, 107, 96, 105, 117, 127, 117]"
In-Distribution,20,exact_guidance_u,133,0,67,66,"[129, 6, 7, 10, 52, 57, 69, 66, 110, 108, 123, 127, 127, 127, 113, 114, 105, 102, 73, 57, 44, 36, 13, 11, 6, 0, 3, 23, 43, 44, 63, 60, 99, 98, 108, 101, 117, 127, 127, 127, 127, 123, 96, 108, 71, 63, 61, 33, 28, 13, 13, 0, 3, 5, 6, 29, 33, 61, 62, 76, 73, 107, 96, 105, 117, 127, 117]","[6, 7, 10, 52, 57, 69, 66, 110, 108, 123, 127, 127, 127, 113, 114, 105, 102, 73, 57, 44, 36, 13, 11, 6, 0, 3, 23, 43, 44, 63, 60, 99, 98, 108, 101, 117, 127, 127, 127, 127, 123, 96, 108, 71, 63, 61, 33, 28, 13, 13, 0, 3, 5, 6, 29, 33, 61, 62, 76, 73, 107, 96, 105, 117, 127, 117]"
In-Distribution,20,exact_guidance_u,134,0,67,66,"[129, 6, 7, 10, 52, 57, 69, 66, 110, 108, 123, 127, 127, 127, 113, 114, 105, 102, 73, 57, 44, 36, 13, 11, 6, 0, 3, 23, 43, 44, 63, 60, 99, 98, 108, 101, 117, 127, 127, 127, 127, 123, 96, 108, 71, 63, 61, 33, 28, 13, 13, 0, 3, 5, 6, 29, 33, 61, 62, 76, 73, 107, 96, 105, 117, 127, 117]","[6, 7, 10, 52, 57, 69, 66, 110, 108, 123, 127, 127, 127, 113, 114, 105, 102, 73, 57, 44, 36, 13, 11, 6, 0, 3, 23, 43, 44, 63, 60, 99, 98, 108, 101, 117, 127, 127, 127, 127, 123, 96, 108, 71, 63, 61, 33, 28, 13, 13, 0, 3, 5, 6, 29, 33, 61, 62, 76, 73, 107, 96, 105, 117, 127, 117]"
In-Distribution,20,exact_guidance_u,135,0,67,66,"[129, 6, 7, 10, 52, 57, 69, 66, 110, 108, 123, 127, 127, 127, 113, 114, 105, 102, 73, 57, 44, 36, 13, 11, 6, 0, 3, 23, 43, 44, 63, 60, 99, 98, 108, 101, 117, 127, 127, 127, 127, 123, 96, 108, 71, 63, 61, 33, 28, 13, 13, 0, 3, 5, 6, 29, 33, 61, 62, 76, 73, 107, 96, 105, 117, 127, 117]","[6, 7, 10, 52, 57, 69, 66, 110, 108, 123, 127, 127, 127, 113, 114, 105, 102, 73, 57, 44, 36, 13, 11, 6, 0, 3, 23, 43, 44, 63, 60, 99, 98, 108, 101, 117, 127, 127, 127, 127, 123, 96, 108, 71, 63, 61, 33, 28, 13, 13, 0, 3, 5, 6, 29, 33, 61, 62, 76, 73, 107, 96, 105, 117, 127, 117]"
In-Distribution,20,exact_guidance_u,136,0,67,66,"[129, 6, 7, 10, 52, 57, 69, 66, 110, 108, 123, 127, 127, 127, 113, 114, 105, 102, 73, 57, 44, 36, 13, 11, 6, 0, 3, 23, 43, 44, 63, 60, 99, 98, 108, 101, 117, 127, 127, 127, 127, 123, 96, 108, 71, 63, 61, 33, 28, 13, 13, 0, 3, 5, 6, 29, 33, 61, 62, 76, 73, 107, 96, 105, 117, 127, 117]","[6, 7, 10, 52, 57, 69, 66, 110, 108, 123, 127, 127, 127, 113, 114, 105, 102, 73, 57, 44, 36, 13, 11, 6, 0, 3, 23, 43, 44, 63, 60, 99, 98, 108, 101, 117, 127, 127, 127, 127, 123, 96, 108, 71, 63, 61, 33, 28, 13, 13, 0, 3, 5, 6, 29, 33, 61, 62, 76, 73, 107, 96, 105, 117, 127, 117]"
In-Distribution,20,exact_guidance_u,137,0,67,66,"[129, 6, 7, 10, 52, 57, 69, 66, 110, 108, 123, 127, 127, 127, 113, 114, 105, 102, 73, 57, 44, 36, 13, 11, 6, 0, 3, 23, 43, 44, 63, 60, 99, 98, 108, 101, 117, 127, 127, 127, 127, 123, 96, 108, 71, 63, 61, 33, 28, 13, 13, 0, 3, 5, 6, 29, 33, 61, 62, 76, 73, 107, 96, 105, 117, 127, 117]","[6, 7, 10, 52, 57, 69, 66, 110, 108, 123, 127, 127, 127, 113, 114, 105, 102, 73, 57, 44, 36, 13, 11, 6, 0, 3, 23, 43, 44, 63, 60, 99, 98, 108, 101, 117, 127, 127, 127, 127, 123, 96, 108, 71, 63, 61, 33, 28, 13, 13, 0, 3, 5, 6, 29, 33, 61, 62, 76, 73, 107, 96, 105, 117, 127, 117]"
In-Distribution,20,exact_guidance_u,138,0,67,66,"[129, 6, 7, 10, 52, 57, 69, 66, 110, 108, 123, 127, 127, 127, 113, 114, 105, 102, 73, 57, 44, 36, 13, 11, 6, 0, 3, 23, 43, 44, 63, 60, 99, 98, 108, 101, 117, 127, 127, 127, 127, 123, 96, 108, 71, 63, 61, 33, 28, 13, 13, 0, 3, 5, 6, 29, 33, 61, 62, 76, 73, 107, 96, 105, 117, 127, 117]","[6, 7, 10, 52, 57, 69, 66, 110, 108, 123, 127, 127, 127, 113, 114, 105, 102, 73, 57, 44, 36, 13, 11, 6, 0, 3, 23, 43, 44, 63, 60, 99, 98, 108, 101, 117, 127, 127, 127, 127, 123, 96, 108, 71, 63, 61, 33, 28, 13, 13, 0, 3, 5, 6, 29, 33, 61, 62, 76, 73, 107, 96, 105, 117, 127, 117]"
In-Distribution,20,exact_guidance_u,139,0,67,66,"[129, 6, 7, 10, 52, 57, 69, 66, 110, 108, 123, 127, 127, 127, 113, 114, 105, 102, 73, 57, 44, 36, 13, 11, 6, 0, 3, 23, 43, 44, 63, 60, 99, 98, 108, 101, 117, 127, 127, 127, 127, 123, 96, 108, 71, 63, 61, 33, 28, 13, 13, 0, 3, 5, 6, 29, 33, 61, 62, 76, 73, 107, 96, 105, 117, 127, 117]","[6, 7, 10, 52, 57, 69, 66, 110, 108, 123, 127, 127, 127, 113, 114, 105, 102, 73, 57, 44, 36, 13, 11, 6, 0, 3, 23, 43, 44, 63, 60, 99, 98, 108, 101, 117, 127, 127, 127, 127, 123, 96, 108, 71, 63, 61, 33, 28, 13, 13, 0, 3, 5, 6, 29, 33, 61, 62, 76, 73, 107, 96, 105, 117, 127, 117]"
In-Distribution,20,exact_guidance_u,140,0,67,66,"[129, 6, 7, 10, 52, 57, 69, 66, 110, 108, 123, 127, 127, 127, 113, 114, 105, 102, 73, 57, 44, 36, 13, 11, 6, 0, 3, 23, 43, 44, 63, 60, 99, 98, 108, 101, 117, 127, 127, 127, 127, 123, 96, 108, 71, 63, 61, 33, 28, 13, 13, 0, 3, 5, 6, 29, 33, 61, 62, 76, 73, 107, 96, 105, 117, 127, 117]","[6, 7, 10, 52, 57, 69, 66, 110, 108, 123, 127, 127, 127, 113, 114, 105, 102, 73, 57, 44, 36, 13, 11, 6, 0, 3, 23, 43, 44, 63, 60, 99, 98, 108, 101, 117, 127, 127, 127, 127, 123, 96, 108, 71, 63, 61, 33, 28, 13, 13, 0, 3, 5, 6, 29, 33, 61, 62, 76, 73, 107, 96, 105, 117, 127, 117]"
In-Distribution,20,exact_guidance_u,141,0,68,67,"[129, 6, 7, 10, 52, 57, 69, 66, 110, 108, 123, 127, 127, 127, 113, 114, 105, 102, 73, 57, 44, 36, 13, 11, 6, 0, 3, 23, 43, 44, 63, 60, 99, 98, 108, 101, 117, 127, 127, 127, 127, 123, 96, 108, 71, 63, 61, 33, 28, 13, 13, 0, 3, 5, 6, 10, 29, 33, 61, 62, 76, 73, 107, 96, 105, 117, 127, 117]","[6, 7, 10, 52, 57, 69, 66, 110, 108, 123, 127, 127, 127, 113, 114, 105, 102, 73, 57, 44, 36, 13, 11, 6, 0, 3, 23, 43, 44, 63, 60, 99, 98, 108, 101, 117, 127, 127, 127, 127, 123, 96, 108, 71, 63, 61, 33, 28, 13, 13, 0, 3, 5, 6, 10, 29, 33, 61, 62, 76, 73, 107, 96, 105, 117, 127, 117]"
In-Distribution,20,exact_guidance_u,142,0,68,67,"[129, 6, 7, 10, 52, 57, 69, 66, 110, 108, 123, 127, 127, 127, 113, 114, 105, 102, 73, 57, 44, 36, 13, 11, 6, 0, 3, 23, 43, 44, 63, 60, 99, 98, 108, 101, 117, 127, 127, 127, 127, 123, 96, 108, 71, 63, 61, 33, 28, 13, 13, 0, 3, 5, 6, 10, 29, 33, 61, 62, 76, 73, 107, 96, 105, 117, 127, 117]","[6, 7, 10, 52, 57, 69, 66, 110, 108, 123, 127, 127, 127, 113, 114, 105, 102, 73, 57, 44, 36, 13, 11, 6, 0, 3, 23, 43, 44, 63, 60, 99, 98, 108, 101, 117, 127, 127, 127, 127, 123, 96, 108, 71, 63, 61, 33, 28, 13, 13, 0, 3, 5, 6, 10, 29, 33, 61, 62, 76, 73, 107, 96, 105, 117, 127, 117]"
In-Distribution,20,exact_guidance_u,143,0,68,67,"[129, 6, 7, 10, 52, 57, 69, 66, 110, 108, 123, 127, 127, 127, 113, 114, 105, 102, 73, 57, 44, 36, 13, 11, 6, 0, 3, 23, 43, 44, 63, 60, 99, 98, 108, 101, 117, 127, 127, 127, 127, 123, 96, 108, 71, 63, 61, 33, 28, 13, 13, 0, 3, 5, 6, 10, 29, 33, 61, 62, 76, 73, 107, 96, 105, 117, 127, 117]","[6, 7, 10, 52, 57, 69, 66, 110, 108, 123, 127, 127, 127, 113, 114, 105, 102, 73, 57, 44, 36, 13, 11, 6, 0, 3, 23, 43, 44, 63, 60, 99, 98, 108, 101, 117, 127, 127, 127, 127, 123, 96, 108, 71, 63, 61, 33, 28, 13, 13, 0, 3, 5, 6, 10, 29, 33, 61, 62, 76, 73, 107, 96, 105, 117, 127, 117]"
In-Distribution,20,exact_guidance_u,144,0,69,68,"[129, 6, 7, 10, 52, 57, 69, 66, 110, 108, 123, 127, 127, 127, 113, 114, 105, 102, 73, 57, 44, 36, 13, 11, 6, 0, 3, 23, 29, 43, 44, 63, 60, 99, 98, 108, 101, 117, 127, 127, 127, 127, 123, 96, 108, 71, 63, 61, 33, 28, 13, 13, 0, 3, 5, 6, 10, 29, 33, 61, 62, 76, 73, 107, 96, 105, 117, 127, 117]","[6, 7, 10, 52, 57, 69, 66, 110, 108, 123, 127, 127, 127, 113, 114, 105, 102, 73, 57, 44, 36, 13, 11, 6, 0, 3, 23, 29, 43, 44, 63, 60, 99, 98, 108, 101, 117, 127, 127, 127, 127, 123, 96, 108, 71, 63, 61, 33, 28, 13, 13, 0, 3, 5, 6, 10, 29, 33, 61, 62, 76, 73, 107, 96, 105, 117, 127, 117]"
In-Distribution,20,exact_guidance_u,145,0,69,68,"[129, 6, 7, 10, 52, 57, 69, 66, 110, 108, 123, 127, 127, 127, 113, 114, 105, 102, 73, 57, 44, 36, 13, 11, 6, 0, 3, 23, 29, 43, 44, 63, 60, 99, 98, 108, 101, 117, 127, 127, 127, 127, 123, 96, 108, 71, 63, 61, 33, 28, 13, 13, 0, 3, 5, 6, 10, 29, 33, 61, 62, 76, 73, 107, 96, 105, 117, 127, 117]","[6, 7, 10, 52, 57, 69, 66, 110, 108, 123, 127, 127, 127, 113, 114, 105, 102, 73, 57, 44, 36, 13, 11, 6, 0, 3, 23, 29, 43, 44, 63, 60, 99, 98, 108, 101, 117, 127, 127, 127, 127, 123, 96, 108, 71, 63, 61, 33, 28, 13, 13, 0, 3, 5, 6, 10, 29, 33, 61, 62, 76, 73, 107, 96, 105, 117, 127, 117]"
In-Distribution,20,exact_guidance_u,146,0,69,68,"[129, 6, 7, 10, 52, 57, 69, 66, 110, 108, 123, 127, 127, 127, 113, 114, 105, 102, 73, 57, 44, 36, 13, 11, 6, 0, 3, 23, 29, 43, 44, 63, 60, 99, 98, 108, 101, 117, 127, 127, 127, 127, 123, 96, 108, 71, 63, 61, 33, 28, 13, 13, 0, 3, 5, 6, 10, 29, 33, 61, 62, 76, 73, 107, 96, 105, 117, 127, 117]","[6, 7, 10, 52, 57, 69, 66, 110, 108, 123, 127, 127, 127, 113, 114, 105, 102, 73, 57, 44, 36, 13, 11, 6, 0, 3, 23, 29, 43, 44, 63, 60, 99, 98, 108, 101, 117, 127, 127, 127, 127, 123, 96, 108, 71, 63, 61, 33, 28, 13, 13, 0, 3, 5, 6, 10, 29, 33, 61, 62, 76, 73, 107, 96, 105, 117, 127, 117]"
In-Distribution,20,exact_guidance_u,147,0,70,69,"[129, 6, 7, 10, 52, 57, 69, 66, 110, 108, 123, 127, 127, 127, 113, 114, 105, 102, 73, 57, 44, 36, 13, 11, 6, 0, 3, 23, 29, 43, 44, 63, 60, 99, 98, 108, 101, 117, 127, 127, 127, 127, 123, 96, 108, 71, 63, 61, 33, 28, 13, 13, 0, 3, 5, 6, 10, 25, 29, 33, 61, 62, 76, 73, 107, 96, 105, 117, 127, 117]","[6, 7, 10, 52, 57, 69, 66, 110, 108, 123, 127, 127, 127, 113, 114, 105, 102, 73, 57, 44, 36, 13, 11, 6, 0, 3, 23, 29, 43, 44, 63, 60, 99, 98, 108, 101, 117, 127, 127, 127, 127, 123, 96, 108, 71, 63, 61, 33, 28, 13, 13, 0, 3, 5, 6, 10, 25, 29, 33, 61, 62, 76, 73, 107, 96, 105, 117, 127, 117]"
In-Distribution,20,exact_guidance_u,148,0,70,69,"[129, 6, 7, 10, 52, 57, 69, 66, 110, 108, 123, 127, 127, 127, 113, 114, 105, 102, 73, 57, 44, 36, 13, 11, 6, 0, 3, 23, 29, 43, 44, 63, 60, 99, 98, 108, 101, 117, 127, 127, 127, 127, 123, 96, 108, 71, 63, 61, 33, 28, 13, 13, 0, 3, 5, 6, 10, 25, 29, 33, 61, 62, 76, 73, 107, 96, 105, 117, 127, 117]","[6, 7, 10, 52, 57, 69, 66, 110, 108, 123, 127, 127, 127, 113, 114, 105, 102, 73, 57, 44, 36, 13, 11, 6, 0, 3, 23, 29, 43, 44, 63, 60, 99, 98, 108, 101, 117, 127, 127, 127, 127, 123, 96, 108, 71, 63, 61, 33, 28, 13, 13, 0, 3, 5, 6, 10, 25, 29, 33, 61, 62, 76, 73, 107, 96, 105, 117, 127, 117]"
In-Distribution,20,exact_guidance_u,149,0,70,69,"[129, 6, 7, 10, 52, 57, 69, 66, 110, 108, 123, 127, 127, 127, 113, 114, 105, 102, 73, 57, 44, 36, 13, 11, 6, 0, 3, 23, 29, 43, 44, 63, 60, 99, 98, 108, 101, 117, 127, 127, 127, 127, 123, 96, 108, 71, 63, 61, 33, 28, 13, 13, 0, 3, 5, 6, 10, 25, 29, 33, 61, 62, 76, 73, 107, 96, 105, 117, 127, 117]","[6, 7, 10, 52, 57, 69, 66, 110, 108, 123, 127, 127, 127, 113, 114, 105, 102, 73, 57, 44, 36, 13, 11, 6, 0, 3, 23, 29, 43, 44, 63, 60, 99, 98, 108, 101, 117, 127, 127, 127, 127, 123, 96, 108, 71, 63, 61, 33, 28, 13, 13, 0, 3, 5, 6, 10, 25, 29, 33, 61, 62, 76, 73, 107, 96, 105, 117, 127, 117]"
In-Distribution,20,exact_guidance_u,150,0,70,69,"[129, 6, 7, 10, 52, 57, 69, 66, 110, 108, 123, 127, 127, 127, 113, 114, 105, 102, 73, 57, 44, 36, 13, 11, 6, 0, 3, 23, 29, 43, 44, 63, 60, 99, 98, 108, 101, 117, 127, 127, 127, 127, 123, 96, 108, 71, 63, 61, 33, 28, 13, 13, 0, 3, 5, 6, 10, 25, 29, 33, 61, 62, 76, 73, 107, 96, 105, 117, 127, 117]","[6, 7, 10, 52, 57, 69, 66, 110, 108, 123, 127, 127, 127, 113, 114, 105, 102, 73, 57, 44, 36, 13, 11, 6, 0, 3, 23, 29, 43, 44, 63, 60, 99, 98, 108, 101, 117, 127, 127, 127, 127, 123, 96, 108, 71, 63, 61, 33, 28, 13, 13, 0, 3, 5, 6, 10, 25, 29, 33, 61, 62, 76, 73, 107, 96, 105, 117, 127, 117]"
In-Distribution,20,exact_guidance_u,151,0,70,69,"[129, 6, 7, 10, 52, 57, 69, 66, 110, 108, 123, 127, 127, 127, 113, 114, 105, 102, 73, 57, 44, 36, 13, 11, 6, 0, 3, 23, 29, 43, 44, 63, 60, 99, 98, 108, 101, 117, 127, 127, 127, 127, 123, 96, 108, 71, 63, 61, 33, 28, 13, 13, 0, 3, 5, 6, 10, 25, 29, 33, 61, 62, 76, 73, 107, 96, 105, 117, 127, 117]","[6, 7, 10, 52, 57, 69, 66, 110, 108, 123, 127, 127, 127, 113, 114, 105, 102, 73, 57, 44, 36, 13, 11, 6, 0, 3, 23, 29, 43, 44, 63, 60, 99, 98, 108, 101, 117, 127, 127, 127, 127, 123, 96, 108, 71, 63, 61, 33, 28, 13, 13, 0, 3, 5, 6, 10, 25, 29, 33, 61, 62, 76, 73, 107, 96, 105, 117, 127, 117]"
In-Distribution,20,exact_guidance_u,152,0,70,69,"[129, 6, 7, 10, 52, 57, 69, 66, 110, 108, 123, 127, 127, 127, 113, 114, 105, 102, 73, 57, 44, 36, 13, 11, 6, 0, 3, 23, 29, 43, 44, 63, 60, 99, 98, 108, 101, 117, 127, 127, 127, 127, 123, 96, 108, 71, 63, 61, 33, 28, 13, 13, 0, 3, 5, 6, 10, 25, 29, 33, 61, 62, 76, 73, 107, 96, 105, 117, 127, 117]","[6, 7, 10, 52, 57, 69, 66, 110, 108, 123, 127, 127, 127, 113, 114, 105, 102, 73, 57, 44, 36, 13, 11, 6, 0, 3, 23, 29, 43, 44, 63, 60, 99, 98, 108, 101, 117, 127, 127, 127, 127, 123, 96, 108, 71, 63, 61, 33, 28, 13, 13, 0, 3, 5, 6, 10, 25, 29, 33, 61, 62, 76, 73, 107, 96, 105, 117, 127, 117]"
In-Distribution,20,exact_guidance_u,153,0,70,69,"[129, 6, 7, 10, 52, 57, 69, 66, 110, 108, 123, 127, 127, 127, 113, 114, 105, 102, 73, 57, 44, 36, 13, 11, 6, 0, 3, 23, 29, 43, 44, 63, 60, 99, 98, 108, 101, 117, 127, 127, 127, 127, 123, 96, 108, 71, 63, 61, 33, 28, 13, 13, 0, 3, 5, 6, 10, 25, 29, 33, 61, 62, 76, 73, 107, 96, 105, 117, 127, 117]","[6, 7, 10, 52, 57, 69, 66, 110, 108, 123, 127, 127, 127, 113, 114, 105, 102, 73, 57, 44, 36, 13, 11, 6, 0, 3, 23, 29, 43, 44, 63, 60, 99, 98, 108, 101, 117, 127, 127, 127, 127, 123, 96, 108, 71, 63, 61, 33, 28, 13, 13, 0, 3, 5, 6, 10, 25, 29, 33, 61, 62, 76, 73, 107, 96, 105, 117, 127, 117]"
In-Distribution,20,exact_guidance_u,154,0,70,69,"[129, 6, 7, 10, 52, 57, 69, 66, 110, 108, 123, 127, 127, 127, 113, 114, 105, 102, 73, 57, 44, 36, 13, 11, 6, 0, 3, 23, 29, 43, 44, 63, 60, 99, 98, 108, 101, 117, 127, 127, 127, 127, 123, 96, 108, 71, 63, 61, 33, 28, 13, 13, 0, 3, 5, 6, 10, 25, 29, 33, 61, 62, 76, 73, 107, 96, 105, 117, 127, 117]","[6, 7, 10, 52, 57, 69, 66, 110, 108, 123, 127, 127, 127, 113, 114, 105, 102, 73, 57, 44, 36, 13, 11, 6, 0, 3, 23, 29, 43, 44, 63, 60, 99, 98, 108, 101, 117, 127, 127, 127, 127, 123, 96, 108, 71, 63, 61, 33, 28, 13, 13, 0, 3, 5, 6, 10, 25, 29, 33, 61, 62, 76, 73, 107, 96, 105, 117, 127, 117]"
In-Distribution,20,exact_guidance_u,155,0,70,69,"[129, 6, 7, 10, 52, 57, 69, 66, 110, 108, 123, 127, 127, 127, 113, 114, 105, 102, 73, 57, 44, 36, 13, 11, 6, 0, 3, 23, 29, 43, 44, 63, 60, 99, 98, 108, 101, 117, 127, 127, 127, 127, 123, 96, 108, 71, 63, 61, 33, 28, 13, 13, 0, 3, 5, 6, 10, 25, 29, 33, 61, 62, 76, 73, 107, 96, 105, 117, 127, 117]","[6, 7, 10, 52, 57, 69, 66, 110, 108, 123, 127, 127, 127, 113, 114, 105, 102, 73, 57, 44, 36, 13, 11, 6, 0, 3, 23, 29, 43, 44, 63, 60, 99, 98, 108, 101, 117, 127, 127, 127, 127, 123, 96, 108, 71, 63, 61, 33, 28, 13, 13, 0, 3, 5, 6, 10, 25, 29, 33, 61, 62, 76, 73, 107, 96, 105, 117, 127, 117]"
In-Distribution,20,exact_guidance_u,156,0,70,69,"[129, 6, 7, 10, 52, 57, 69, 66, 110, 108, 123, 127, 127, 127, 113, 114, 105, 102, 73, 57, 44, 36, 13, 11, 6, 0, 3, 23, 29, 43, 44, 63, 60, 99, 98, 108, 101, 117, 127, 127, 127, 127, 123, 96, 108, 71, 63, 61, 33, 28, 13, 13, 0, 3, 5, 6, 10, 25, 29, 33, 61, 62, 76, 73, 107, 96, 105, 117, 127, 117]","[6, 7, 10, 52, 57, 69, 66, 110, 108, 123, 127, 127, 127, 113, 114, 105, 102, 73, 57, 44, 36, 13, 11, 6, 0, 3, 23, 29, 43, 44, 63, 60, 99, 98, 108, 101, 117, 127, 127, 127, 127, 123, 96, 108, 71, 63, 61, 33, 28, 13, 13, 0, 3, 5, 6, 10, 25, 29, 33, 61, 62, 76, 73, 107, 96, 105, 117, 127, 117]"
In-Distribution,20,exact_guidance_u,157,0,70,69,"[129, 6, 7, 10, 52, 57, 69, 66, 110, 108, 123, 127, 127, 127, 113, 114, 105, 102, 73, 57, 44, 36, 13, 11, 6, 0, 3, 23, 29, 43, 44, 63, 60, 99, 98, 108, 101, 117, 127, 127, 127, 127, 123, 96, 108, 71, 63, 61, 33, 28, 13, 13, 0, 3, 5, 6, 10, 25, 29, 33, 61, 62, 76, 73, 107, 96, 105, 117, 127, 117]","[6, 7, 10, 52, 57, 69, 66, 110, 108, 123, 127, 127, 127, 113, 114, 105, 102, 73, 57, 44, 36, 13, 11, 6, 0, 3, 23, 29, 43, 44, 63, 60, 99, 98, 108, 101, 117, 127, 127, 127, 127, 123, 96, 108, 71, 63, 61, 33, 28, 13, 13, 0, 3, 5, 6, 10, 25, 29, 33, 61, 62, 76, 73, 107, 96, 105, 117, 127, 117]"
In-Distribution,20,exact_guidance_u,158,0,70,69,"[129, 6, 7, 10, 52, 57, 69, 66, 110, 108, 123, 127, 127, 127, 113, 114, 105, 102, 73, 57, 44, 36, 13, 11, 6, 0, 3, 23, 29, 43, 44, 63, 60, 99, 98, 108, 101, 117, 127, 127, 127, 127, 123, 96, 108, 71, 63, 61, 33, 28, 13, 13, 0, 3, 5, 6, 10, 25, 29, 33, 61, 62, 76, 73, 107, 96, 105, 117, 127, 117]","[6, 7, 10, 52, 57, 69, 66, 110, 108, 123, 127, 127, 127, 113, 114, 105, 102, 73, 57, 44, 36, 13, 11, 6, 0, 3, 23, 29, 43, 44, 63, 60, 99, 98, 108, 101, 117, 127, 127, 127, 127, 123, 96, 108, 71, 63, 61, 33, 28, 13, 13, 0, 3, 5, 6, 10, 25, 29, 33, 61, 62, 76, 73, 107, 96, 105, 117, 127, 117]"
In-Distribution,20,exact_guidance_u,159,0,70,69,"[129, 6, 7, 10, 52, 57, 69, 66, 110, 108, 123, 127, 127, 127, 113, 114, 105, 102, 73, 57, 44, 36, 13, 11, 6, 0, 3, 23, 29, 43, 44, 63, 60, 99, 98, 108, 101, 117, 127, 127, 127, 127, 123, 96, 108, 71, 63, 61, 33, 28, 13, 13, 0, 3, 5, 6, 10, 25, 29, 33, 61, 62, 76, 73, 107, 96, 105, 117, 127, 117]","[6, 7, 10, 52, 57, 69, 66, 110, 108, 123, 127, 127, 127, 113, 114, 105, 102, 73, 57, 44, 36, 13, 11, 6, 0, 3, 23, 29, 43, 44, 63, 60, 99, 98, 108, 101, 117, 127, 127, 127, 127, 123, 96, 108, 71, 63, 61, 33, 28, 13, 13, 0, 3, 5, 6, 10, 25, 29, 33, 61, 62, 76, 73, 107, 96, 105, 117, 127, 117]"
In-Distribution,20,exact_guidance_u,160,0,70,69,"[129, 6, 7, 10, 52, 57, 69, 66, 110, 108, 123, 127, 127, 127, 113, 114, 105, 102, 73, 57, 44, 36, 13, 11, 6, 0, 3, 23, 29, 43, 44, 63, 60, 99, 98, 108, 101, 117, 127, 127, 127, 127, 123, 96, 108, 71, 63, 61, 33, 28, 13, 13, 0, 3, 5, 6, 10, 25, 29, 33, 61, 62, 76, 73, 107, 96, 105, 117, 127, 117]","[6, 7, 10, 52, 57, 69, 66, 110, 108, 123, 127, 127, 127, 113, 114, 105, 102, 73, 57, 44, 36, 13, 11, 6, 0, 3, 23, 29, 43, 44, 63, 60, 99, 98, 108, 101, 117, 127, 127, 127, 127, 123, 96, 108, 71, 63, 61, 33, 28, 13, 13, 0, 3, 5, 6, 10, 25, 29, 33, 61, 62, 76, 73, 107, 96, 105, 117, 127, 117]"
In-Distribution,20,exact_guidance_u,161,0,70,69,"[129, 6, 7, 10, 52, 57, 69, 66, 110, 108, 123, 127, 127, 127, 113, 114, 105, 102, 73, 57, 44, 36, 13, 11, 6, 0, 3, 23, 29, 43, 44, 63, 60, 99, 98, 108, 101, 117, 127, 127, 127, 127, 123, 96, 108, 71, 63, 61, 33, 28, 13, 13, 0, 3, 5, 6, 10, 25, 29, 33, 61, 62, 76, 73, 107, 96, 105, 117, 127, 117]","[6, 7, 10, 52, 57, 69, 66, 110, 108, 123, 127, 127, 127, 113, 114, 105, 102, 73, 57, 44, 36, 13, 11, 6, 0, 3, 23, 29, 43, 44, 63, 60, 99, 98, 108, 101, 117, 127, 127, 127, 127, 123, 96, 108, 71, 63, 61, 33, 28, 13, 13, 0, 3, 5, 6, 10, 25, 29, 33, 61, 62, 76, 73, 107, 96, 105, 117, 127, 117]"
In-Distribution,20,exact_guidance_u,162,0,70,69,"[129, 6, 7, 10, 52, 57, 69, 66, 110, 108, 123, 127, 127, 127, 113, 114, 105, 102, 73, 57, 44, 36, 13, 11, 6, 0, 3, 23, 29, 43, 44, 63, 60, 99, 98, 108, 101, 117, 127, 127, 127, 127, 123, 96, 108, 71, 63, 61, 33, 28, 13, 13, 0, 3, 5, 6, 10, 25, 29, 33, 61, 62, 76, 73, 107, 96, 105, 117, 127, 117]","[6, 7, 10, 52, 57, 69, 66, 110, 108, 123, 127, 127, 127, 113, 114, 105, 102, 73, 57, 44, 36, 13, 11, 6, 0, 3, 23, 29, 43, 44, 63, 60, 99, 98, 108, 101, 117, 127, 127, 127, 127, 123, 96, 108, 71, 63, 61, 33, 28, 13, 13, 0, 3, 5, 6, 10, 25, 29, 33, 61, 62, 76, 73, 107, 96, 105, 117, 127, 117]"
In-Distribution,20,exact_guidance_u,163,0,70,69,"[129, 6, 7, 10, 52, 57, 69, 66, 110, 108, 123, 127, 127, 127, 113, 114, 105, 102, 73, 57, 44, 36, 13, 11, 6, 0, 3, 23, 29, 43, 44, 63, 60, 99, 98, 108, 101, 117, 127, 127, 127, 127, 123, 96, 108, 71, 63, 61, 33, 28, 13, 13, 0, 3, 5, 6, 10, 25, 29, 33, 61, 62, 76, 73, 107, 96, 105, 117, 127, 117]","[6, 7, 10, 52, 57, 69, 66, 110, 108, 123, 127, 127, 127, 113, 114, 105, 102, 73, 57, 44, 36, 13, 11, 6, 0, 3, 23, 29, 43, 44, 63, 60, 99, 98, 108, 101, 117, 127, 127, 127, 127, 123, 96, 108, 71, 63, 61, 33, 28, 13, 13, 0, 3, 5, 6, 10, 25, 29, 33, 61, 62, 76, 73, 107, 96, 105, 117, 127, 117]"
In-Distribution,20,exact_guidance_u,164,0,70,69,"[129, 6, 7, 10, 52, 57, 69, 66, 110, 108, 123, 127, 127, 127, 113, 114, 105, 102, 73, 57, 44, 36, 13, 11, 6, 0, 3, 23, 29, 43, 44, 63, 60, 99, 98, 108, 101, 117, 127, 127, 127, 127, 123, 96, 108, 71, 63, 61, 33, 28, 13, 13, 0, 3, 5, 6, 10, 25, 29, 33, 61, 62, 76, 73, 107, 96, 105, 117, 127, 117]","[6, 7, 10, 52, 57, 69, 66, 110, 108, 123, 127, 127, 127, 113, 114, 105, 102, 73, 57, 44, 36, 13, 11, 6, 0, 3, 23, 29, 43, 44, 63, 60, 99, 98, 108, 101, 117, 127, 127, 127, 127, 123, 96, 108, 71, 63, 61, 33, 28, 13, 13, 0, 3, 5, 6, 10, 25, 29, 33, 61, 62, 76, 73, 107, 96, 105, 117, 127, 117]"
In-Distribution,20,exact_guidance_u,165,0,70,69,"[129, 6, 7, 10, 52, 57, 69, 66, 110, 108, 123, 127, 127, 127, 113, 114, 105, 102, 73, 57, 44, 36, 13, 11, 6, 0, 3, 23, 29, 43, 44, 63, 60, 99, 98, 108, 101, 117, 127, 127, 127, 127, 123, 96, 108, 71, 63, 61, 33, 28, 13, 13, 0, 3, 5, 6, 10, 25, 29, 33, 61, 62, 76, 73, 107, 96, 105, 117, 127, 117]","[6, 7, 10, 52, 57, 69, 66, 110, 108, 123, 127, 127, 127, 113, 114, 105, 102, 73, 57, 44, 36, 13, 11, 6, 0, 3, 23, 29, 43, 44, 63, 60, 99, 98, 108, 101, 117, 127, 127, 127, 127, 123, 96, 108, 71, 63, 61, 33, 28, 13, 13, 0, 3, 5, 6, 10, 25, 29, 33, 61, 62, 76, 73, 107, 96, 105, 117, 127, 117]"
In-Distribution,20,exact_guidance_u,166,0,70,69,"[129, 6, 7, 10, 52, 57, 69, 66, 110, 108, 123, 127, 127, 127, 113, 114, 105, 102, 73, 57, 44, 36, 13, 11, 6, 0, 3, 23, 29, 43, 44, 63, 60, 99, 98, 108, 101, 117, 127, 127, 127, 127, 123, 96, 108, 71, 63, 61, 33, 28, 13, 13, 0, 3, 5, 6, 10, 25, 29, 33, 61, 62, 76, 73, 107, 96, 105, 117, 127, 117]","[6, 7, 10, 52, 57, 69, 66, 110, 108, 123, 127, 127, 127, 113, 114, 105, 102, 73, 57, 44, 36, 13, 11, 6, 0, 3, 23, 29, 43, 44, 63, 60, 99, 98, 108, 101, 117, 127, 127, 127, 127, 123, 96, 108, 71, 63, 61, 33, 28, 13, 13, 0, 3, 5, 6, 10, 25, 29, 33, 61, 62, 76, 73, 107, 96, 105, 117, 127, 117]"
In-Distribution,20,exact_guidance_u,167,0,70,69,"[129, 6, 7, 10, 52, 57, 69, 66, 110, 108, 123, 127, 127, 127, 113, 114, 105, 102, 73, 57, 44, 36, 13, 11, 6, 0, 3, 23, 29, 43, 44, 63, 60, 99, 98, 108, 101, 117, 127, 127, 127, 127, 123, 96, 108, 71, 63, 61, 33, 28, 13, 13, 0, 3, 5, 6, 10, 25, 29, 33, 61, 62, 76, 73, 107, 96, 105, 117, 127, 117]","[6, 7, 10, 52, 57, 69, 66, 110, 108, 123, 127, 127, 127, 113, 114, 105, 102, 73, 57, 44, 36, 13, 11, 6, 0, 3, 23, 29, 43, 44, 63, 60, 99, 98, 108, 101, 117, 127, 127, 127, 127, 123, 96, 108, 71, 63, 61, 33, 28, 13, 13, 0, 3, 5, 6, 10, 25, 29, 33, 61, 62, 76, 73, 107, 96, 105, 117, 127, 117]"
In-Distribution,20,exact_guidance_u,168,0,70,69,"[129, 6, 7, 10, 52, 57, 69, 66, 110, 108, 123, 127, 127, 127, 113, 114, 105, 102, 73, 57, 44, 36, 13, 11, 6, 0, 3, 23, 29, 43, 44, 63, 60, 99, 98, 108, 101, 117, 127, 127, 127, 127, 123, 96, 108, 71, 63, 61, 33, 28, 13, 13, 0, 3, 5, 6, 10, 25, 29, 33, 61, 62, 76, 73, 107, 96, 105, 117, 127, 117]","[6, 7, 10, 52, 57, 69, 66, 110, 108, 123, 127, 127, 127, 113, 114, 105, 102, 73, 57, 44, 36, 13, 11, 6, 0, 3, 23, 29, 43, 44, 63, 60, 99, 98, 108, 101, 117, 127, 127, 127, 127, 123, 96, 108, 71, 63, 61, 33, 28, 13, 13, 0, 3, 5, 6, 10, 25, 29, 33, 61, 62, 76, 73, 107, 96, 105, 117, 127, 117]"
In-Distribution,20,exact_guidance_u,169,0,70,69,"[129, 6, 7, 10, 52, 57, 69, 66, 110, 108, 123, 127, 127, 127, 113, 114, 105, 102, 73, 57, 44, 36, 13, 11, 6, 0, 3, 23, 29, 43, 44, 63, 60, 99, 98, 108, 101, 117, 127, 127, 127, 127, 123, 96, 108, 71, 63, 61, 33, 28, 13, 13, 0, 3, 5, 6, 10, 25, 29, 33, 61, 62, 76, 73, 107, 96, 105, 117, 127, 117]","[6, 7, 10, 52, 57, 69, 66, 110, 108, 123, 127, 127, 127, 113, 114, 105, 102, 73, 57, 44, 36, 13, 11, 6, 0, 3, 23, 29, 43, 44, 63, 60, 99, 98, 108, 101, 117, 127, 127, 127, 127, 123, 96, 108, 71, 63, 61, 33, 28, 13, 13, 0, 3, 5, 6, 10, 25, 29, 33, 61, 62, 76, 73, 107, 96, 105, 117, 127, 117]"
In-Distribution,20,exact_guidance_u,170,0,70,69,"[129, 6, 7, 10, 52, 57, 69, 66, 110, 108, 123, 127, 127, 127, 113, 114, 105, 102, 73, 57, 44, 36, 13, 11, 6, 0, 3, 23, 29, 43, 44, 63, 60, 99, 98, 108, 101, 117, 127, 127, 127, 127, 123, 96, 108, 71, 63, 61, 33, 28, 13, 13, 0, 3, 5, 6, 10, 25, 29, 33, 61, 62, 76, 73, 107, 96, 105, 117, 127, 117]","[6, 7, 10, 52, 57, 69, 66, 110, 108, 123, 127, 127, 127, 113, 114, 105, 102, 73, 57, 44, 36, 13, 11, 6, 0, 3, 23, 29, 43, 44, 63, 60, 99, 98, 108, 101, 117, 127, 127, 127, 127, 123, 96, 108, 71, 63, 61, 33, 28, 13, 13, 0, 3, 5, 6, 10, 25, 29, 33, 61, 62, 76, 73, 107, 96, 105, 117, 127, 117]"
In-Distribution,20,exact_guidance_u,171,0,71,70,"[129, 6, 7, 10, 52, 57, 69, 66, 110, 108, 123, 127, 127, 127, 113, 114, 105, 102, 73, 57, 44, 36, 13, 11, 6, 9, 0, 3, 23, 29, 43, 44, 63, 60, 99, 98, 108, 101, 117, 127, 127, 127, 127, 123, 96, 108, 71, 63, 61, 33, 28, 13, 13, 0, 3, 5, 6, 10, 25, 29, 33, 61, 62, 76, 73, 107, 96, 105, 117, 127, 117]","[6, 7, 10, 52, 57, 69, 66, 110, 108, 123, 127, 127, 127, 113, 114, 105, 102, 73, 57, 44, 36, 13, 11, 6, 9, 0, 3, 23, 29, 43, 44, 63, 60, 99, 98, 108, 101, 117, 127, 127, 127, 127, 123, 96, 108, 71, 63, 61, 33, 28, 13, 13, 0, 3, 5, 6, 10, 25, 29, 33, 61, 62, 76, 73, 107, 96, 105, 117, 127, 117]"
In-Distribution,20,exact_guidance_u,172,0,71,70,"[129, 6, 7, 10, 52, 57, 69, 66, 110, 108, 123, 127, 127, 127, 113, 114, 105, 102, 73, 57, 44, 36, 13, 11, 6, 9, 0, 3, 23, 29, 43, 44, 63, 60, 99, 98, 108, 101, 117, 127, 127, 127, 127, 123, 96, 108, 71, 63, 61, 33, 28, 13, 13, 0, 3, 5, 6, 10, 25, 29, 33, 61, 62, 76, 73, 107, 96, 105, 117, 127, 117]","[6, 7, 10, 52, 57, 69, 66, 110, 108, 123, 127, 127, 127, 113, 114, 105, 102, 73, 57, 44, 36, 13, 11, 6, 9, 0, 3, 23, 29, 43, 44, 63, 60, 99, 98, 108, 101, 117, 127, 127, 127, 127, 123, 96, 108, 71, 63, 61, 33, 28, 13, 13, 0, 3, 5, 6, 10, 25, 29, 33, 61, 62, 76, 73, 107, 96, 105, 117, 127, 117]"
In-Distribution,20,exact_guidance_u,173,0,71,70,"[129, 6, 7, 10, 52, 57, 69, 66, 110, 108, 123, 127, 127, 127, 113, 114, 105, 102, 73, 57, 44, 36, 13, 11, 6, 9, 0, 3, 23, 29, 43, 44, 63, 60, 99, 98, 108, 101, 117, 127, 127, 127, 127, 123, 96, 108, 71, 63, 61, 33, 28, 13, 13, 0, 3, 5, 6, 10, 25, 29, 33, 61, 62, 76, 73, 107, 96, 105, 117, 127, 117]","[6, 7, 10, 52, 57, 69, 66, 110, 108, 123, 127, 127, 127, 113, 114, 105, 102, 73, 57, 44, 36, 13, 11, 6, 9, 0, 3, 23, 29, 43, 44, 63, 60, 99, 98, 108, 101, 117, 127, 127, 127, 127, 123, 96, 108, 71, 63, 61, 33, 28, 13, 13, 0, 3, 5, 6, 10, 25, 29, 33, 61, 62, 76, 73, 107, 96, 105, 117, 127, 117]"
In-Distribution,20,exact_guidance_u,174,0,72,71,"[129, 6, 7, 10, 52, 57, 69, 66, 110, 108, 127, 123, 127, 127, 127, 113, 114, 105, 102, 73, 57, 44, 36, 13, 11, 6, 9, 0, 3, 23, 29, 43, 44, 63, 60, 99, 98, 108, 101, 117, 127, 127, 127, 127, 123, 96, 108, 71, 63, 61, 33, 28, 13, 13, 0, 3, 5, 6, 10, 25, 29, 33, 61, 62, 76, 73, 107, 96, 105, 117, 127, 117]","[6, 7, 10, 52, 57, 69, 66, 110, 108, 127, 123, 127, 127, 127, 113, 114, 105, 102, 73, 57, 44, 36, 13, 11, 6, 9, 0, 3, 23, 29, 43, 44, 63, 60, 99, 98, 108, 101, 117, 127, 127, 127, 127, 123, 96, 108, 71, 63, 61, 33, 28, 13, 13, 0, 3, 5, 6, 10, 25, 29, 33, 61, 62, 76, 73, 107, 96, 105, 117, 127, 117]"
In-Distribution,20,exact_guidance_u,175,0,72,71,"[129, 6, 7, 10, 52, 57, 69, 66, 110, 108, 127, 123, 127, 127, 127, 113, 114, 105, 102, 73, 57, 44, 36, 13, 11, 6, 9, 0, 3, 23, 29, 43, 44, 63, 60, 99, 98, 108, 101, 117, 127, 127, 127, 127, 123, 96, 108, 71, 63, 61, 33, 28, 13, 13, 0, 3, 5, 6, 10, 25, 29, 33, 61, 62, 76, 73, 107, 96, 105, 117, 127, 117]","[6, 7, 10, 52, 57, 69, 66, 110, 108, 127, 123, 127, 127, 127, 113, 114, 105, 102, 73, 57, 44, 36, 13, 11, 6, 9, 0, 3, 23, 29, 43, 44, 63, 60, 99, 98, 108, 101, 117, 127, 127, 127, 127, 123, 96, 108, 71, 63, 61, 33, 28, 13, 13, 0, 3, 5, 6, 10, 25, 29, 33, 61, 62, 76, 73, 107, 96, 105, 117, 127, 117]"
In-Distribution,20,exact_guidance_u,176,0,72,71,"[129, 6, 7, 10, 52, 57, 69, 66, 110, 108, 127, 123, 127, 127, 127, 113, 114, 105, 102, 73, 57, 44, 36, 13, 11, 6, 9, 0, 3, 23, 29, 43, 44, 63, 60, 99, 98, 108, 101, 117, 127, 127, 127, 127, 123, 96, 108, 71, 63, 61, 33, 28, 13, 13, 0, 3, 5, 6, 10, 25, 29, 33, 61, 62, 76, 73, 107, 96, 105, 117, 127, 117]","[6, 7, 10, 52, 57, 69, 66, 110, 108, 127, 123, 127, 127, 127, 113, 114, 105, 102, 73, 57, 44, 36, 13, 11, 6, 9, 0, 3, 23, 29, 43, 44, 63, 60, 99, 98, 108, 101, 117, 127, 127, 127, 127, 123, 96, 108, 71, 63, 61, 33, 28, 13, 13, 0, 3, 5, 6, 10, 25, 29, 33, 61, 62, 76, 73, 107, 96, 105, 117, 127, 117]"
In-Distribution,20,exact_guidance_u,177,0,72,71,"[129, 6, 7, 10, 52, 57, 69, 66, 110, 108, 127, 123, 127, 127, 127, 113, 114, 105, 102, 73, 57, 44, 36, 13, 11, 6, 9, 0, 3, 23, 29, 43, 44, 63, 60, 99, 98, 108, 101, 117, 127, 127, 127, 127, 123, 96, 108, 71, 63, 61, 33, 28, 13, 13, 0, 3, 5, 6, 10, 25, 29, 33, 61, 62, 76, 73, 107, 96, 105, 117, 127, 117]","[6, 7, 10, 52, 57, 69, 66, 110, 108, 127, 123, 127, 127, 127, 113, 114, 105, 102, 73, 57, 44, 36, 13, 11, 6, 9, 0, 3, 23, 29, 43, 44, 63, 60, 99, 98, 108, 101, 117, 127, 127, 127, 127, 123, 96, 108, 71, 63, 61, 33, 28, 13, 13, 0, 3, 5, 6, 10, 25, 29, 33, 61, 62, 76, 73, 107, 96, 105, 117, 127, 117]"
In-Distribution,20,exact_guidance_u,178,0,72,71,"[129, 6, 7, 10, 52, 57, 69, 66, 110, 108, 127, 123, 127, 127, 127, 113, 114, 105, 102, 73, 57, 44, 36, 13, 11, 6, 9, 0, 3, 23, 29, 43, 44, 63, 60, 99, 98, 108, 101, 117, 127, 127, 127, 127, 123, 96, 108, 71, 63, 61, 33, 28, 13, 13, 0, 3, 5, 6, 10, 25, 29, 33, 61, 62, 76, 73, 107, 96, 105, 117, 127, 117]","[6, 7, 10, 52, 57, 69, 66, 110, 108, 127, 123, 127, 127, 127, 113, 114, 105, 102, 73, 57, 44, 36, 13, 11, 6, 9, 0, 3, 23, 29, 43, 44, 63, 60, 99, 98, 108, 101, 117, 127, 127, 127, 127, 123, 96, 108, 71, 63, 61, 33, 28, 13, 13, 0, 3, 5, 6, 10, 25, 29, 33, 61, 62, 76, 73, 107, 96, 105, 117, 127, 117]"
In-Distribution,20,exact_guidance_u,179,0,72,71,"[129, 6, 7, 10, 52, 57, 69, 66, 110, 108, 127, 123, 127, 127, 127, 113, 114, 105, 102, 73, 57, 44, 36, 13, 11, 6, 9, 0, 3, 23, 29, 43, 44, 63, 60, 99, 98, 108, 101, 117, 127, 127, 127, 127, 123, 96, 108, 71, 63, 61, 33, 28, 13, 13, 0, 3, 5, 6, 10, 25, 29, 33, 61, 62, 76, 73, 107, 96, 105, 117, 127, 117]","[6, 7, 10, 52, 57, 69, 66, 110, 108, 127, 123, 127, 127, 127, 113, 114, 105, 102, 73, 57, 44, 36, 13, 11, 6, 9, 0, 3, 23, 29, 43, 44, 63, 60, 99, 98, 108, 101, 117, 127, 127, 127, 127, 123, 96, 108, 71, 63, 61, 33, 28, 13, 13, 0, 3, 5, 6, 10, 25, 29, 33, 61, 62, 76, 73, 107, 96, 105, 117, 127, 117]"
In-Distribution,20,exact_guidance_u,180,0,72,71,"[129, 6, 7, 10, 52, 57, 69, 66, 110, 108, 127, 123, 127, 127, 127, 113, 114, 105, 102, 73, 57, 44, 36, 13, 11, 6, 9, 0, 3, 23, 29, 43, 44, 63, 60, 99, 98, 108, 101, 117, 127, 127, 127, 127, 123, 96, 108, 71, 63, 61, 33, 28, 13, 13, 0, 3, 5, 6, 10, 25, 29, 33, 61, 62, 76, 73, 107, 96, 105, 117, 127, 117]","[6, 7, 10, 52, 57, 69, 66, 110, 108, 127, 123, 127, 127, 127, 113, 114, 105, 102, 73, 57, 44, 36, 13, 11, 6, 9, 0, 3, 23, 29, 43, 44, 63, 60, 99, 98, 108, 101, 117, 127, 127, 127, 127, 123, 96, 108, 71, 63, 61, 33, 28, 13, 13, 0, 3, 5, 6, 10, 25, 29, 33, 61, 62, 76, 73, 107, 96, 105, 117, 127, 117]"
In-Distribution,20,exact_guidance_u,181,0,72,71,"[129, 6, 7, 10, 52, 57, 69, 66, 110, 108, 127, 123, 127, 127, 127, 113, 114, 105, 102, 73, 57, 44, 36, 13, 11, 6, 9, 0, 3, 23, 29, 43, 44, 63, 60, 99, 98, 108, 101, 117, 127, 127, 127, 127, 123, 96, 108, 71, 63, 61, 33, 28, 13, 13, 0, 3, 5, 6, 10, 25, 29, 33, 61, 62, 76, 73, 107, 96, 105, 117, 127, 117]","[6, 7, 10, 52, 57, 69, 66, 110, 108, 127, 123, 127, 127, 127, 113, 114, 105, 102, 73, 57, 44, 36, 13, 11, 6, 9, 0, 3, 23, 29, 43, 44, 63, 60, 99, 98, 108, 101, 117, 127, 127, 127, 127, 123, 96, 108, 71, 63, 61, 33, 28, 13, 13, 0, 3, 5, 6, 10, 25, 29, 33, 61, 62, 76, 73, 107, 96, 105, 117, 127, 117]"
In-Distribution,20,exact_guidance_u,182,0,72,71,"[129, 6, 7, 10, 52, 57, 69, 66, 110, 108, 127, 123, 127, 127, 127, 113, 114, 105, 102, 73, 57, 44, 36, 13, 11, 6, 9, 0, 3, 23, 29, 43, 44, 63, 60, 99, 98, 108, 101, 117, 127, 127, 127, 127, 123, 96, 108, 71, 63, 61, 33, 28, 13, 13, 0, 3, 5, 6, 10, 25, 29, 33, 61, 62, 76, 73, 107, 96, 105, 117, 127, 117]","[6, 7, 10, 52, 57, 69, 66, 110, 108, 127, 123, 127, 127, 127, 113, 114, 105, 102, 73, 57, 44, 36, 13, 11, 6, 9, 0, 3, 23, 29, 43, 44, 63, 60, 99, 98, 108, 101, 117, 127, 127, 127, 127, 123, 96, 108, 71, 63, 61, 33, 28, 13, 13, 0, 3, 5, 6, 10, 25, 29, 33, 61, 62, 76, 73, 107, 96, 105, 117, 127, 117]"
In-Distribution,20,exact_guidance_u,183,0,72,71,"[129, 6, 7, 10, 52, 57, 69, 66, 110, 108, 127, 123, 127, 127, 127, 113, 114, 105, 102, 73, 57, 44, 36, 13, 11, 6, 9, 0, 3, 23, 29, 43, 44, 63, 60, 99, 98, 108, 101, 117, 127, 127, 127, 127, 123, 96, 108, 71, 63, 61, 33, 28, 13, 13, 0, 3, 5, 6, 10, 25, 29, 33, 61, 62, 76, 73, 107, 96, 105, 117, 127, 117]","[6, 7, 10, 52, 57, 69, 66, 110, 108, 127, 123, 127, 127, 127, 113, 114, 105, 102, 73, 57, 44, 36, 13, 11, 6, 9, 0, 3, 23, 29, 43, 44, 63, 60, 99, 98, 108, 101, 117, 127, 127, 127, 127, 123, 96, 108, 71, 63, 61, 33, 28, 13, 13, 0, 3, 5, 6, 10, 25, 29, 33, 61, 62, 76, 73, 107, 96, 105, 117, 127, 117]"
In-Distribution,20,exact_guidance_u,184,0,72,71,"[129, 6, 7, 10, 52, 57, 69, 66, 110, 108, 127, 123, 127, 127, 127, 113, 114, 105, 102, 73, 57, 44, 36, 13, 11, 6, 9, 0, 3, 23, 29, 43, 44, 63, 60, 99, 98, 108, 101, 117, 127, 127, 127, 127, 123, 96, 108, 71, 63, 61, 33, 28, 13, 13, 0, 3, 5, 6, 10, 25, 29, 33, 61, 62, 76, 73, 107, 96, 105, 117, 127, 117]","[6, 7, 10, 52, 57, 69, 66, 110, 108, 127, 123, 127, 127, 127, 113, 114, 105, 102, 73, 57, 44, 36, 13, 11, 6, 9, 0, 3, 23, 29, 43, 44, 63, 60, 99, 98, 108, 101, 117, 127, 127, 127, 127, 123, 96, 108, 71, 63, 61, 33, 28, 13, 13, 0, 3, 5, 6, 10, 25, 29, 33, 61, 62, 76, 73, 107, 96, 105, 117, 127, 117]"
In-Distribution,20,exact_guidance_u,185,0,72,71,"[129, 6, 7, 10, 52, 57, 69, 66, 110, 108, 127, 123, 127, 127, 127, 113, 114, 105, 102, 73, 57, 44, 36, 13, 11, 6, 9, 0, 3, 23, 29, 43, 44, 63, 60, 99, 98, 108, 101, 117, 127, 127, 127, 127, 123, 96, 108, 71, 63, 61, 33, 28, 13, 13, 0, 3, 5, 6, 10, 25, 29, 33, 61, 62, 76, 73, 107, 96, 105, 117, 127, 117]","[6, 7, 10, 52, 57, 69, 66, 110, 108, 127, 123, 127, 127, 127, 113, 114, 105, 102, 73, 57, 44, 36, 13, 11, 6, 9, 0, 3, 23, 29, 43, 44, 63, 60, 99, 98, 108, 101, 117, 127, 127, 127, 127, 123, 96, 108, 71, 63, 61, 33, 28, 13, 13, 0, 3, 5, 6, 10, 25, 29, 33, 61, 62, 76, 73, 107, 96, 105, 117, 127, 117]"
In-Distribution,20,exact_guidance_u,186,0,72,71,"[129, 6, 7, 10, 52, 57, 69, 66, 110, 108, 127, 123, 127, 127, 127, 113, 114, 105, 102, 73, 57, 44, 36, 13, 11, 6, 9, 0, 3, 23, 29, 43, 44, 63, 60, 99, 98, 108, 101, 117, 127, 127, 127, 127, 123, 96, 108, 71, 63, 61, 33, 28, 13, 13, 0, 3, 5, 6, 10, 25, 29, 33, 61, 62, 76, 73, 107, 96, 105, 117, 127, 117]","[6, 7, 10, 52, 57, 69, 66, 110, 108, 127, 123, 127, 127, 127, 113, 114, 105, 102, 73, 57, 44, 36, 13, 11, 6, 9, 0, 3, 23, 29, 43, 44, 63, 60, 99, 98, 108, 101, 117, 127, 127, 127, 127, 123, 96, 108, 71, 63, 61, 33, 28, 13, 13, 0, 3, 5, 6, 10, 25, 29, 33, 61, 62, 76, 73, 107, 96, 105, 117, 127, 117]"
In-Distribution,20,exact_guidance_u,187,0,72,71,"[129, 6, 7, 10, 52, 57, 69, 66, 110, 108, 127, 123, 127, 127, 127, 113, 114, 105, 102, 73, 57, 44, 36, 13, 11, 6, 9, 0, 3, 23, 29, 43, 44, 63, 60, 99, 98, 108, 101, 117, 127, 127, 127, 127, 123, 96, 108, 71, 63, 61, 33, 28, 13, 13, 0, 3, 5, 6, 10, 25, 29, 33, 61, 62, 76, 73, 107, 96, 105, 117, 127, 117]","[6, 7, 10, 52, 57, 69, 66, 110, 108, 127, 123, 127, 127, 127, 113, 114, 105, 102, 73, 57, 44, 36, 13, 11, 6, 9, 0, 3, 23, 29, 43, 44, 63, 60, 99, 98, 108, 101, 117, 127, 127, 127, 127, 123, 96, 108, 71, 63, 61, 33, 28, 13, 13, 0, 3, 5, 6, 10, 25, 29, 33, 61, 62, 76, 73, 107, 96, 105, 117, 127, 117]"
In-Distribution,20,exact_guidance_u,188,0,72,71,"[129, 6, 7, 10, 52, 57, 69, 66, 110, 108, 127, 123, 127, 127, 127, 113, 114, 105, 102, 73, 57, 44, 36, 13, 11, 6, 9, 0, 3, 23, 29, 43, 44, 63, 60, 99, 98, 108, 101, 117, 127, 127, 127, 127, 123, 96, 108, 71, 63, 61, 33, 28, 13, 13, 0, 3, 5, 6, 10, 25, 29, 33, 61, 62, 76, 73, 107, 96, 105, 117, 127, 117]","[6, 7, 10, 52, 57, 69, 66, 110, 108, 127, 123, 127, 127, 127, 113, 114, 105, 102, 73, 57, 44, 36, 13, 11, 6, 9, 0, 3, 23, 29, 43, 44, 63, 60, 99, 98, 108, 101, 117, 127, 127, 127, 127, 123, 96, 108, 71, 63, 61, 33, 28, 13, 13, 0, 3, 5, 6, 10, 25, 29, 33, 61, 62, 76, 73, 107, 96, 105, 117, 127, 117]"
In-Distribution,20,exact_guidance_u,189,0,72,71,"[129, 6, 7, 10, 52, 57, 69, 66, 110, 108, 127, 123, 127, 127, 127, 113, 114, 105, 102, 73, 57, 44, 36, 13, 11, 6, 9, 0, 3, 23, 29, 43, 44, 63, 60, 99, 98, 108, 101, 117, 127, 127, 127, 127, 123, 96, 108, 71, 63, 61, 33, 28, 13, 13, 0, 3, 5, 6, 10, 25, 29, 33, 61, 62, 76, 73, 107, 96, 105, 117, 127, 117]","[6, 7, 10, 52, 57, 69, 66, 110, 108, 127, 123, 127, 127, 127, 113, 114, 105, 102, 73, 57, 44, 36, 13, 11, 6, 9, 0, 3, 23, 29, 43, 44, 63, 60, 99, 98, 108, 101, 117, 127, 127, 127, 127, 123, 96, 108, 71, 63, 61, 33, 28, 13, 13, 0, 3, 5, 6, 10, 25, 29, 33, 61, 62, 76, 73, 107, 96, 105, 117, 127, 117]"
In-Distribution,20,exact_guidance_u,190,0,72,71,"[129, 6, 7, 10, 52, 57, 69, 66, 110, 108, 127, 123, 127, 127, 127, 113, 114, 105, 102, 73, 57, 44, 36, 13, 11, 6, 9, 0, 3, 23, 29, 43, 44, 63, 60, 99, 98, 108, 101, 117, 127, 127, 127, 127, 123, 96, 108, 71, 63, 61, 33, 28, 13, 13, 0, 3, 5, 6, 10, 25, 29, 33, 61, 62, 76, 73, 107, 96, 105, 117, 127, 117]","[6, 7, 10, 52, 57, 69, 66, 110, 108, 127, 123, 127, 127, 127, 113, 114, 105, 102, 73, 57, 44, 36, 13, 11, 6, 9, 0, 3, 23, 29, 43, 44, 63, 60, 99, 98, 108, 101, 117, 127, 127, 127, 127, 123, 96, 108, 71, 63, 61, 33, 28, 13, 13, 0, 3, 5, 6, 10, 25, 29, 33, 61, 62, 76, 73, 107, 96, 105, 117, 127, 117]"
In-Distribution,20,exact_guidance_u,191,0,72,71,"[129, 6, 7, 10, 52, 57, 69, 66, 110, 108, 127, 123, 127, 127, 127, 113, 114, 105, 102, 73, 57, 44, 36, 13, 11, 6, 9, 0, 3, 23, 29, 43, 44, 63, 60, 99, 98, 108, 101, 117, 127, 127, 127, 127, 123, 96, 108, 71, 63, 61, 33, 28, 13, 13, 0, 3, 5, 6, 10, 25, 29, 33, 61, 62, 76, 73, 107, 96, 105, 117, 127, 117]","[6, 7, 10, 52, 57, 69, 66, 110, 108, 127, 123, 127, 127, 127, 113, 114, 105, 102, 73, 57, 44, 36, 13, 11, 6, 9, 0, 3, 23, 29, 43, 44, 63, 60, 99, 98, 108, 101, 117, 127, 127, 127, 127, 123, 96, 108, 71, 63, 61, 33, 28, 13, 13, 0, 3, 5, 6, 10, 25, 29, 33, 61, 62, 76, 73, 107, 96, 105, 117, 127, 117]"
In-Distribution,20,exact_guidance_u,192,0,72,71,"[129, 6, 7, 10, 52, 57, 69, 66, 110, 108, 127, 123, 127, 127, 127, 113, 114, 105, 102, 73, 57, 44, 36, 13, 11, 6, 9, 0, 3, 23, 29, 43, 44, 63, 60, 99, 98, 108, 101, 117, 127, 127, 127, 127, 123, 96, 108, 71, 63, 61, 33, 28, 13, 13, 0, 3, 5, 6, 10, 25, 29, 33, 61, 62, 76, 73, 107, 96, 105, 117, 127, 117]","[6, 7, 10, 52, 57, 69, 66, 110, 108, 127, 123, 127, 127, 127, 113, 114, 105, 102, 73, 57, 44, 36, 13, 11, 6, 9, 0, 3, 23, 29, 43, 44, 63, 60, 99, 98, 108, 101, 117, 127, 127, 127, 127, 123, 96, 108, 71, 63, 61, 33, 28, 13, 13, 0, 3, 5, 6, 10, 25, 29, 33, 61, 62, 76, 73, 107, 96, 105, 117, 127, 117]"
In-Distribution,20,exact_guidance_u,193,0,72,71,"[129, 6, 7, 10, 52, 57, 69, 66, 110, 108, 127, 123, 127, 127, 127, 113, 114, 105, 102, 73, 57, 44, 36, 13, 11, 6, 9, 0, 3, 23, 29, 43, 44, 63, 60, 99, 98, 108, 101, 117, 127, 127, 127, 127, 123, 96, 108, 71, 63, 61, 33, 28, 13, 13, 0, 3, 5, 6, 10, 25, 29, 33, 61, 62, 76, 73, 107, 96, 105, 117, 127, 117]","[6, 7, 10, 52, 57, 69, 66, 110, 108, 127, 123, 127, 127, 127, 113, 114, 105, 102, 73, 57, 44, 36, 13, 11, 6, 9, 0, 3, 23, 29, 43, 44, 63, 60, 99, 98, 108, 101, 117, 127, 127, 127, 127, 123, 96, 108, 71, 63, 61, 33, 28, 13, 13, 0, 3, 5, 6, 10, 25, 29, 33, 61, 62, 76, 73, 107, 96, 105, 117, 127, 117]"
In-Distribution,20,exact_guidance_u,194,0,72,71,"[129, 6, 7, 10, 52, 57, 69, 66, 110, 108, 127, 123, 127, 127, 127, 113, 114, 105, 102, 73, 57, 44, 36, 13, 11, 6, 9, 0, 3, 23, 29, 43, 44, 63, 60, 99, 98, 108, 101, 117, 127, 127, 127, 127, 123, 96, 108, 71, 63, 61, 33, 28, 13, 13, 0, 3, 5, 6, 10, 25, 29, 33, 61, 62, 76, 73, 107, 96, 105, 117, 127, 117]","[6, 7, 10, 52, 57, 69, 66, 110, 108, 127, 123, 127, 127, 127, 113, 114, 105, 102, 73, 57, 44, 36, 13, 11, 6, 9, 0, 3, 23, 29, 43, 44, 63, 60, 99, 98, 108, 101, 117, 127, 127, 127, 127, 123, 96, 108, 71, 63, 61, 33, 28, 13, 13, 0, 3, 5, 6, 10, 25, 29, 33, 61, 62, 76, 73, 107, 96, 105, 117, 127, 117]"
In-Distribution,20,exact_guidance_u,195,0,72,71,"[129, 6, 7, 10, 52, 57, 69, 66, 110, 108, 127, 123, 127, 127, 127, 113, 114, 105, 102, 73, 57, 44, 36, 13, 11, 6, 9, 0, 3, 23, 29, 43, 44, 63, 60, 99, 98, 108, 101, 117, 127, 127, 127, 127, 123, 96, 108, 71, 63, 61, 33, 28, 13, 13, 0, 3, 5, 6, 10, 25, 29, 33, 61, 62, 76, 73, 107, 96, 105, 117, 127, 117]","[6, 7, 10, 52, 57, 69, 66, 110, 108, 127, 123, 127, 127, 127, 113, 114, 105, 102, 73, 57, 44, 36, 13, 11, 6, 9, 0, 3, 23, 29, 43, 44, 63, 60, 99, 98, 108, 101, 117, 127, 127, 127, 127, 123, 96, 108, 71, 63, 61, 33, 28, 13, 13, 0, 3, 5, 6, 10, 25, 29, 33, 61, 62, 76, 73, 107, 96, 105, 117, 127, 117]"
In-Distribution,20,exact_guidance_u,196,0,72,71,"[129, 6, 7, 10, 52, 57, 69, 66, 110, 108, 127, 123, 127, 127, 127, 113, 114, 105, 102, 73, 57, 44, 36, 13, 11, 6, 9, 0, 3, 23, 29, 43, 44, 63, 60, 99, 98, 108, 101, 117, 127, 127, 127, 127, 123, 96, 108, 71, 63, 61, 33, 28, 13, 13, 0, 3, 5, 6, 10, 25, 29, 33, 61, 62, 76, 73, 107, 96, 105, 117, 127, 117]","[6, 7, 10, 52, 57, 69, 66, 110, 108, 127, 123, 127, 127, 127, 113, 114, 105, 102, 73, 57, 44, 36, 13, 11, 6, 9, 0, 3, 23, 29, 43, 44, 63, 60, 99, 98, 108, 101, 117, 127, 127, 127, 127, 123, 96, 108, 71, 63, 61, 33, 28, 13, 13, 0, 3, 5, 6, 10, 25, 29, 33, 61, 62, 76, 73, 107, 96, 105, 117, 127, 117]"
In-Distribution,20,exact_guidance_u,197,0,73,72,"[129, 6, 7, 10, 52, 57, 69, 66, 110, 108, 127, 123, 127, 127, 127, 113, 114, 105, 102, 73, 57, 44, 36, 13, 11, 6, 9, 0, 3, 23, 29, 43, 44, 63, 60, 99, 98, 108, 101, 117, 127, 127, 127, 127, 123, 109, 96, 108, 71, 63, 61, 33, 28, 13, 13, 0, 3, 5, 6, 10, 25, 29, 33, 61, 62, 76, 73, 107, 96, 105, 117, 127, 117]","[6, 7, 10, 52, 57, 69, 66, 110, 108, 127, 123, 127, 127, 127, 113, 114, 105, 102, 73, 57, 44, 36, 13, 11, 6, 9, 0, 3, 23, 29, 43, 44, 63, 60, 99, 98, 108, 101, 117, 127, 127, 127, 127, 123, 109, 96, 108, 71, 63, 61, 33, 28, 13, 13, 0, 3, 5, 6, 10, 25, 29, 33, 61, 62, 76, 73, 107, 96, 105, 117, 127, 117]"
In-Distribution,20,exact_guidance_u,198,0,73,72,"[129, 6, 7, 10, 52, 57, 69, 66, 110, 108, 127, 123, 127, 127, 127, 113, 114, 105, 102, 73, 57, 44, 36, 13, 11, 6, 9, 0, 3, 23, 29, 43, 44, 63, 60, 99, 98, 108, 101, 117, 127, 127, 127, 127, 123, 109, 96, 108, 71, 63, 61, 33, 28, 13, 13, 0, 3, 5, 6, 10, 25, 29, 33, 61, 62, 76, 73, 107, 96, 105, 117, 127, 117]","[6, 7, 10, 52, 57, 69, 66, 110, 108, 127, 123, 127, 127, 127, 113, 114, 105, 102, 73, 57, 44, 36, 13, 11, 6, 9, 0, 3, 23, 29, 43, 44, 63, 60, 99, 98, 108, 101, 117, 127, 127, 127, 127, 123, 109, 96, 108, 71, 63, 61, 33, 28, 13, 13, 0, 3, 5, 6, 10, 25, 29, 33, 61, 62, 76, 73, 107, 96, 105, 117, 127, 117]"
In-Distribution,20,exact_guidance_u,199,0,73,72,"[129, 6, 7, 10, 52, 57, 69, 66, 110, 108, 127, 123, 127, 127, 127, 113, 114, 105, 102, 73, 57, 44, 36, 13, 11, 6, 9, 0, 3, 23, 29, 43, 44, 63, 60, 99, 98, 108, 101, 117, 127, 127, 127, 127, 123, 109, 96, 108, 71, 63, 61, 33, 28, 13, 13, 0, 3, 5, 6, 10, 25, 29, 33, 61, 62, 76, 73, 107, 96, 105, 117, 127, 117]","[6, 7, 10, 52, 57, 69, 66, 110, 108, 127, 123, 127, 127, 127, 113, 114, 105, 102, 73, 57, 44, 36, 13, 11, 6, 9, 0, 3, 23, 29, 43, 44, 63, 60, 99, 98, 108, 101, 117, 127, 127, 127, 127, 123, 109, 96, 108, 71, 63, 61, 33, 28, 13, 13, 0, 3, 5, 6, 10, 25, 29, 33, 61, 62, 76, 73, 107, 96, 105, 117, 127, 117]"
In-Distribution,20,exact_guidance_u,200,0,73,72,"[129, 6, 7, 10, 52, 57, 69, 66, 110, 108, 127, 123, 127, 127, 127, 113, 114, 105, 102, 73, 57, 44, 36, 13, 11, 6, 9, 0, 3, 23, 29, 43, 44, 63, 60, 99, 98, 108, 101, 117, 127, 127, 127, 127, 123, 109, 96, 108, 71, 63, 61, 33, 28, 13, 13, 0, 3, 5, 6, 10, 25, 29, 33, 61, 62, 76, 73, 107, 96, 105, 117, 127, 117]","[6, 7, 10, 52, 57, 69, 66, 110, 108, 127, 123, 127, 127, 127, 113, 114, 105, 102, 73, 57, 44, 36, 13, 11, 6, 9, 0, 3, 23, 29, 43, 44, 63, 60, 99, 98, 108, 101, 117, 127, 127, 127, 127, 123, 109, 96, 108, 71, 63, 61, 33, 28, 13, 13, 0, 3, 5, 6, 10, 25, 29, 33, 61, 62, 76, 73, 107, 96, 105, 117, 127, 117]"
In-Distribution,20,exact_guidance_u,201,0,73,72,"[129, 6, 7, 10, 52, 57, 69, 66, 110, 108, 127, 123, 127, 127, 127, 113, 114, 105, 102, 73, 57, 44, 36, 13, 11, 6, 9, 0, 3, 23, 29, 43, 44, 63, 60, 99, 98, 108, 101, 117, 127, 127, 127, 127, 123, 109, 96, 108, 71, 63, 61, 33, 28, 13, 13, 0, 3, 5, 6, 10, 25, 29, 33, 61, 62, 76, 73, 107, 96, 105, 117, 127, 117]","[6, 7, 10, 52, 57, 69, 66, 110, 108, 127, 123, 127, 127, 127, 113, 114, 105, 102, 73, 57, 44, 36, 13, 11, 6, 9, 0, 3, 23, 29, 43, 44, 63, 60, 99, 98, 108, 101, 117, 127, 127, 127, 127, 123, 109, 96, 108, 71, 63, 61, 33, 28, 13, 13, 0, 3, 5, 6, 10, 25, 29, 33, 61, 62, 76, 73, 107, 96, 105, 117, 127, 117]"
In-Distribution,20,exact_guidance_u,202,0,73,72,"[129, 6, 7, 10, 52, 57, 69, 66, 110, 108, 127, 123, 127, 127, 127, 113, 114, 105, 102, 73, 57, 44, 36, 13, 11, 6, 9, 0, 3, 23, 29, 43, 44, 63, 60, 99, 98, 108, 101, 117, 127, 127, 127, 127, 123, 109, 96, 108, 71, 63, 61, 33, 28, 13, 13, 0, 3, 5, 6, 10, 25, 29, 33, 61, 62, 76, 73, 107, 96, 105, 117, 127, 117]","[6, 7, 10, 52, 57, 69, 66, 110, 108, 127, 123, 127, 127, 127, 113, 114, 105, 102, 73, 57, 44, 36, 13, 11, 6, 9, 0, 3, 23, 29, 43, 44, 63, 60, 99, 98, 108, 101, 117, 127, 127, 127, 127, 123, 109, 96, 108, 71, 63, 61, 33, 28, 13, 13, 0, 3, 5, 6, 10, 25, 29, 33, 61, 62, 76, 73, 107, 96, 105, 117, 127, 117]"
In-Distribution,20,exact_guidance_u,203,0,73,72,"[129, 6, 7, 10, 52, 57, 69, 66, 110, 108, 127, 123, 127, 127, 127, 113, 114, 105, 102, 73, 57, 44, 36, 13, 11, 6, 9, 0, 3, 23, 29, 43, 44, 63, 60, 99, 98, 108, 101, 117, 127, 127, 127, 127, 123, 109, 96, 108, 71, 63, 61, 33, 28, 13, 13, 0, 3, 5, 6, 10, 25, 29, 33, 61, 62, 76, 73, 107, 96, 105, 117, 127, 117]","[6, 7, 10, 52, 57, 69, 66, 110, 108, 127, 123, 127, 127, 127, 113, 114, 105, 102, 73, 57, 44, 36, 13, 11, 6, 9, 0, 3, 23, 29, 43, 44, 63, 60, 99, 98, 108, 101, 117, 127, 127, 127, 127, 123, 109, 96, 108, 71, 63, 61, 33, 28, 13, 13, 0, 3, 5, 6, 10, 25, 29, 33, 61, 62, 76, 73, 107, 96, 105, 117, 127, 117]"
In-Distribution,20,exact_guidance_u,204,0,73,72,"[129, 6, 7, 10, 52, 57, 69, 66, 110, 108, 127, 123, 127, 127, 127, 113, 114, 105, 102, 73, 57, 44, 36, 13, 11, 6, 9, 0, 3, 23, 29, 43, 44, 63, 60, 99, 98, 108, 101, 117, 127, 127, 127, 127, 123, 109, 96, 108, 71, 63, 61, 33, 28, 13, 13, 0, 3, 5, 6, 10, 25, 29, 33, 61, 62, 76, 73, 107, 96, 105, 117, 127, 117]","[6, 7, 10, 52, 57, 69, 66, 110, 108, 127, 123, 127, 127, 127, 113, 114, 105, 102, 73, 57, 44, 36, 13, 11, 6, 9, 0, 3, 23, 29, 43, 44, 63, 60, 99, 98, 108, 101, 117, 127, 127, 127, 127, 123, 109, 96, 108, 71, 63, 61, 33, 28, 13, 13, 0, 3, 5, 6, 10, 25, 29, 33, 61, 62, 76, 73, 107, 96, 105, 117, 127, 117]"
In-Distribution,20,exact_guidance_u,205,0,73,72,"[129, 6, 7, 10, 52, 57, 69, 66, 110, 108, 127, 123, 127, 127, 127, 113, 114, 105, 102, 73, 57, 44, 36, 13, 11, 6, 9, 0, 3, 23, 29, 43, 44, 63, 60, 99, 98, 108, 101, 117, 127, 127, 127, 127, 123, 109, 96, 108, 71, 63, 61, 33, 28, 13, 13, 0, 3, 5, 6, 10, 25, 29, 33, 61, 62, 76, 73, 107, 96, 105, 117, 127, 117]","[6, 7, 10, 52, 57, 69, 66, 110, 108, 127, 123, 127, 127, 127, 113, 114, 105, 102, 73, 57, 44, 36, 13, 11, 6, 9, 0, 3, 23, 29, 43, 44, 63, 60, 99, 98, 108, 101, 117, 127, 127, 127, 127, 123, 109, 96, 108, 71, 63, 61, 33, 28, 13, 13, 0, 3, 5, 6, 10, 25, 29, 33, 61, 62, 76, 73, 107, 96, 105, 117, 127, 117]"
In-Distribution,20,exact_guidance_u,206,0,73,72,"[129, 6, 7, 10, 52, 57, 69, 66, 110, 108, 127, 123, 127, 127, 127, 113, 114, 105, 102, 73, 57, 44, 36, 13, 11, 6, 9, 0, 3, 23, 29, 43, 44, 63, 60, 99, 98, 108, 101, 117, 127, 127, 127, 127, 123, 109, 96, 108, 71, 63, 61, 33, 28, 13, 13, 0, 3, 5, 6, 10, 25, 29, 33, 61, 62, 76, 73, 107, 96, 105, 117, 127, 117]","[6, 7, 10, 52, 57, 69, 66, 110, 108, 127, 123, 127, 127, 127, 113, 114, 105, 102, 73, 57, 44, 36, 13, 11, 6, 9, 0, 3, 23, 29, 43, 44, 63, 60, 99, 98, 108, 101, 117, 127, 127, 127, 127, 123, 109, 96, 108, 71, 63, 61, 33, 28, 13, 13, 0, 3, 5, 6, 10, 25, 29, 33, 61, 62, 76, 73, 107, 96, 105, 117, 127, 117]"
In-Distribution,20,exact_guidance_u,207,0,73,72,"[129, 6, 7, 10, 52, 57, 69, 66, 110, 108, 127, 123, 127, 127, 127, 113, 114, 105, 102, 73, 57, 44, 36, 13, 11, 6, 9, 0, 3, 23, 29, 43, 44, 63, 60, 99, 98, 108, 101, 117, 127, 127, 127, 127, 123, 109, 96, 108, 71, 63, 61, 33, 28, 13, 13, 0, 3, 5, 6, 10, 25, 29, 33, 61, 62, 76, 73, 107, 96, 105, 117, 127, 117]","[6, 7, 10, 52, 57, 69, 66, 110, 108, 127, 123, 127, 127, 127, 113, 114, 105, 102, 73, 57, 44, 36, 13, 11, 6, 9, 0, 3, 23, 29, 43, 44, 63, 60, 99, 98, 108, 101, 117, 127, 127, 127, 127, 123, 109, 96, 108, 71, 63, 61, 33, 28, 13, 13, 0, 3, 5, 6, 10, 25, 29, 33, 61, 62, 76, 73, 107, 96, 105, 117, 127, 117]"
In-Distribution,20,exact_guidance_u,208,0,74,73,"[129, 6, 7, 10, 52, 57, 69, 66, 110, 108, 127, 123, 127, 127, 127, 113, 114, 105, 102, 73, 57, 44, 36, 13, 11, 6, 9, 0, 3, 23, 29, 43, 44, 63, 60, 99, 98, 108, 101, 117, 127, 127, 127, 127, 123, 109, 96, 108, 71, 63, 61, 33, 28, 13, 13, 0, 3, 5, 6, 10, 25, 29, 33, 61, 62, 76, 73, 107, 96, 105, 117, 127, 127, 117]","[6, 7, 10, 52, 57, 69, 66, 110, 108, 127, 123, 127, 127, 127, 113, 114, 105, 102, 73, 57, 44, 36, 13, 11, 6, 9, 0, 3, 23, 29, 43, 44, 63, 60, 99, 98, 108, 101, 117, 127, 127, 127, 127, 123, 109, 96, 108, 71, 63, 61, 33, 28, 13, 13, 0, 3, 5, 6, 10, 25, 29, 33, 61, 62, 76, 73, 107, 96, 105, 117, 127, 127, 117]"
In-Distribution,20,exact_guidance_u,209,0,74,73,"[129, 6, 7, 10, 52, 57, 69, 66, 110, 108, 127, 123, 127, 127, 127, 113, 114, 105, 102, 73, 57, 44, 36, 13, 11, 6, 9, 0, 3, 23, 29, 43, 44, 63, 60, 99, 98, 108, 101, 117, 127, 127, 127, 127, 123, 109, 96, 108, 71, 63, 61, 33, 28, 13, 13, 0, 3, 5, 6, 10, 25, 29, 33, 61, 62, 76, 73, 107, 96, 105, 117, 127, 127, 117]","[6, 7, 10, 52, 57, 69, 66, 110, 108, 127, 123, 127, 127, 127, 113, 114, 105, 102, 73, 57, 44, 36, 13, 11, 6, 9, 0, 3, 23, 29, 43, 44, 63, 60, 99, 98, 108, 101, 117, 127, 127, 127, 127, 123, 109, 96, 108, 71, 63, 61, 33, 28, 13, 13, 0, 3, 5, 6, 10, 25, 29, 33, 61, 62, 76, 73, 107, 96, 105, 117, 127, 127, 117]"
In-Distribution,20,exact_guidance_u,210,0,74,73,"[129, 6, 7, 10, 52, 57, 69, 66, 110, 108, 127, 123, 127, 127, 127, 113, 114, 105, 102, 73, 57, 44, 36, 13, 11, 6, 9, 0, 3, 23, 29, 43, 44, 63, 60, 99, 98, 108, 101, 117, 127, 127, 127, 127, 123, 109, 96, 108, 71, 63, 61, 33, 28, 13, 13, 0, 3, 5, 6, 10, 25, 29, 33, 61, 62, 76, 73, 107, 96, 105, 117, 127, 127, 117]","[6, 7, 10, 52, 57, 69, 66, 110, 108, 127, 123, 127, 127, 127, 113, 114, 105, 102, 73, 57, 44, 36, 13, 11, 6, 9, 0, 3, 23, 29, 43, 44, 63, 60, 99, 98, 108, 101, 117, 127, 127, 127, 127, 123, 109, 96, 108, 71, 63, 61, 33, 28, 13, 13, 0, 3, 5, 6, 10, 25, 29, 33, 61, 62, 76, 73, 107, 96, 105, 117, 127, 127, 117]"
In-Distribution,20,exact_guidance_u,211,0,74,73,"[129, 6, 7, 10, 52, 57, 69, 66, 110, 108, 127, 123, 127, 127, 127, 113, 114, 105, 102, 73, 57, 44, 36, 13, 11, 6, 9, 0, 3, 23, 29, 43, 44, 63, 60, 99, 98, 108, 101, 117, 127, 127, 127, 127, 123, 109, 96, 108, 71, 63, 61, 33, 28, 13, 13, 0, 3, 5, 6, 10, 25, 29, 33, 61, 62, 76, 73, 107, 96, 105, 117, 127, 127, 117]","[6, 7, 10, 52, 57, 69, 66, 110, 108, 127, 123, 127, 127, 127, 113, 114, 105, 102, 73, 57, 44, 36, 13, 11, 6, 9, 0, 3, 23, 29, 43, 44, 63, 60, 99, 98, 108, 101, 117, 127, 127, 127, 127, 123, 109, 96, 108, 71, 63, 61, 33, 28, 13, 13, 0, 3, 5, 6, 10, 25, 29, 33, 61, 62, 76, 73, 107, 96, 105, 117, 127, 127, 117]"
In-Distribution,20,exact_guidance_u,212,0,74,73,"[129, 6, 7, 10, 52, 57, 69, 66, 110, 108, 127, 123, 127, 127, 127, 113, 114, 105, 102, 73, 57, 44, 36, 13, 11, 6, 9, 0, 3, 23, 29, 43, 44, 63, 60, 99, 98, 108, 101, 117, 127, 127, 127, 127, 123, 109, 96, 108, 71, 63, 61, 33, 28, 13, 13, 0, 3, 5, 6, 10, 25, 29, 33, 61, 62, 76, 73, 107, 96, 105, 117, 127, 127, 117]","[6, 7, 10, 52, 57, 69, 66, 110, 108, 127, 123, 127, 127, 127, 113, 114, 105, 102, 73, 57, 44, 36, 13, 11, 6, 9, 0, 3, 23, 29, 43, 44, 63, 60, 99, 98, 108, 101, 117, 127, 127, 127, 127, 123, 109, 96, 108, 71, 63, 61, 33, 28, 13, 13, 0, 3, 5, 6, 10, 25, 29, 33, 61, 62, 76, 73, 107, 96, 105, 117, 127, 127, 117]"
In-Distribution,20,exact_guidance_u,213,0,74,73,"[129, 6, 7, 10, 52, 57, 69, 66, 110, 108, 127, 123, 127, 127, 127, 113, 114, 105, 102, 73, 57, 44, 36, 13, 11, 6, 9, 0, 3, 23, 29, 43, 44, 63, 60, 99, 98, 108, 101, 117, 127, 127, 127, 127, 123, 109, 96, 108, 71, 63, 61, 33, 28, 13, 13, 0, 3, 5, 6, 10, 25, 29, 33, 61, 62, 76, 73, 107, 96, 105, 117, 127, 127, 117]","[6, 7, 10, 52, 57, 69, 66, 110, 108, 127, 123, 127, 127, 127, 113, 114, 105, 102, 73, 57, 44, 36, 13, 11, 6, 9, 0, 3, 23, 29, 43, 44, 63, 60, 99, 98, 108, 101, 117, 127, 127, 127, 127, 123, 109, 96, 108, 71, 63, 61, 33, 28, 13, 13, 0, 3, 5, 6, 10, 25, 29, 33, 61, 62, 76, 73, 107, 96, 105, 117, 127, 127, 117]"
In-Distribution,20,exact_guidance_u,214,0,74,73,"[129, 6, 7, 10, 52, 57, 69, 66, 110, 108, 127, 123, 127, 127, 127, 113, 114, 105, 102, 73, 57, 44, 36, 13, 11, 6, 9, 0, 3, 23, 29, 43, 44, 63, 60, 99, 98, 108, 101, 117, 127, 127, 127, 127, 123, 109, 96, 108, 71, 63, 61, 33, 28, 13, 13, 0, 3, 5, 6, 10, 25, 29, 33, 61, 62, 76, 73, 107, 96, 105, 117, 127, 127, 117]","[6, 7, 10, 52, 57, 69, 66, 110, 108, 127, 123, 127, 127, 127, 113, 114, 105, 102, 73, 57, 44, 36, 13, 11, 6, 9, 0, 3, 23, 29, 43, 44, 63, 60, 99, 98, 108, 101, 117, 127, 127, 127, 127, 123, 109, 96, 108, 71, 63, 61, 33, 28, 13, 13, 0, 3, 5, 6, 10, 25, 29, 33, 61, 62, 76, 73, 107, 96, 105, 117, 127, 127, 117]"
In-Distribution,20,exact_guidance_u,215,0,74,73,"[129, 6, 7, 10, 52, 57, 69, 66, 110, 108, 127, 123, 127, 127, 127, 113, 114, 105, 102, 73, 57, 44, 36, 13, 11, 6, 9, 0, 3, 23, 29, 43, 44, 63, 60, 99, 98, 108, 101, 117, 127, 127, 127, 127, 123, 109, 96, 108, 71, 63, 61, 33, 28, 13, 13, 0, 3, 5, 6, 10, 25, 29, 33, 61, 62, 76, 73, 107, 96, 105, 117, 127, 127, 117]","[6, 7, 10, 52, 57, 69, 66, 110, 108, 127, 123, 127, 127, 127, 113, 114, 105, 102, 73, 57, 44, 36, 13, 11, 6, 9, 0, 3, 23, 29, 43, 44, 63, 60, 99, 98, 108, 101, 117, 127, 127, 127, 127, 123, 109, 96, 108, 71, 63, 61, 33, 28, 13, 13, 0, 3, 5, 6, 10, 25, 29, 33, 61, 62, 76, 73, 107, 96, 105, 117, 127, 127, 117]"
In-Distribution,20,exact_guidance_u,216,0,75,74,"[129, 6, 7, 10, 52, 57, 69, 66, 110, 108, 127, 123, 127, 127, 127, 113, 114, 105, 102, 73, 57, 44, 36, 13, 11, 6, 9, 0, 3, 23, 29, 43, 44, 63, 60, 99, 98, 108, 101, 117, 127, 127, 127, 127, 123, 109, 96, 108, 71, 63, 61, 33, 28, 13, 13, 9, 0, 3, 5, 6, 10, 25, 29, 33, 61, 62, 76, 73, 107, 96, 105, 117, 127, 127, 117]","[6, 7, 10, 52, 57, 69, 66, 110, 108, 127, 123, 127, 127, 127, 113, 114, 105, 102, 73, 57, 44, 36, 13, 11, 6, 9, 0, 3, 23, 29, 43, 44, 63, 60, 99, 98, 108, 101, 117, 127, 127, 127, 127, 123, 109, 96, 108, 71, 63, 61, 33, 28, 13, 13, 9, 0, 3, 5, 6, 10, 25, 29, 33, 61, 62, 76, 73, 107, 96, 105, 117, 127, 127, 117]"
In-Distribution,20,exact_guidance_u,217,0,75,74,"[129, 6, 7, 10, 52, 57, 69, 66, 110, 108, 127, 123, 127, 127, 127, 113, 114, 105, 102, 73, 57, 44, 36, 13, 11, 6, 9, 0, 3, 23, 29, 43, 44, 63, 60, 99, 98, 108, 101, 117, 127, 127, 127, 127, 123, 109, 96, 108, 71, 63, 61, 33, 28, 13, 13, 9, 0, 3, 5, 6, 10, 25, 29, 33, 61, 62, 76, 73, 107, 96, 105, 117, 127, 127, 117]","[6, 7, 10, 52, 57, 69, 66, 110, 108, 127, 123, 127, 127, 127, 113, 114, 105, 102, 73, 57, 44, 36, 13, 11, 6, 9, 0, 3, 23, 29, 43, 44, 63, 60, 99, 98, 108, 101, 117, 127, 127, 127, 127, 123, 109, 96, 108, 71, 63, 61, 33, 28, 13, 13, 9, 0, 3, 5, 6, 10, 25, 29, 33, 61, 62, 76, 73, 107, 96, 105, 117, 127, 127, 117]"
In-Distribution,20,exact_guidance_u,218,0,75,74,"[129, 6, 7, 10, 52, 57, 69, 66, 110, 108, 127, 123, 127, 127, 127, 113, 114, 105, 102, 73, 57, 44, 36, 13, 11, 6, 9, 0, 3, 23, 29, 43, 44, 63, 60, 99, 98, 108, 101, 117, 127, 127, 127, 127, 123, 109, 96, 108, 71, 63, 61, 33, 28, 13, 13, 9, 0, 3, 5, 6, 10, 25, 29, 33, 61, 62, 76, 73, 107, 96, 105, 117, 127, 127, 117]","[6, 7, 10, 52, 57, 69, 66, 110, 108, 127, 123, 127, 127, 127, 113, 114, 105, 102, 73, 57, 44, 36, 13, 11, 6, 9, 0, 3, 23, 29, 43, 44, 63, 60, 99, 98, 108, 101, 117, 127, 127, 127, 127, 123, 109, 96, 108, 71, 63, 61, 33, 28, 13, 13, 9, 0, 3, 5, 6, 10, 25, 29, 33, 61, 62, 76, 73, 107, 96, 105, 117, 127, 127, 117]"
In-Distribution,20,exact_guidance_u,219,0,75,74,"[129, 6, 7, 10, 52, 57, 69, 66, 110, 108, 127, 123, 127, 127, 127, 113, 114, 105, 102, 73, 57, 44, 36, 13, 11, 6, 9, 0, 3, 23, 29, 43, 44, 63, 60, 99, 98, 108, 101, 117, 127, 127, 127, 127, 123, 109, 96, 108, 71, 63, 61, 33, 28, 13, 13, 9, 0, 3, 5, 6, 10, 25, 29, 33, 61, 62, 76, 73, 107, 96, 105, 117, 127, 127, 117]","[6, 7, 10, 52, 57, 69, 66, 110, 108, 127, 123, 127, 127, 127, 113, 114, 105, 102, 73, 57, 44, 36, 13, 11, 6, 9, 0, 3, 23, 29, 43, 44, 63, 60, 99, 98, 108, 101, 117, 127, 127, 127, 127, 123, 109, 96, 108, 71, 63, 61, 33, 28, 13, 13, 9, 0, 3, 5, 6, 10, 25, 29, 33, 61, 62, 76, 73, 107, 96, 105, 117, 127, 127, 117]"
In-Distribution,20,exact_guidance_u,220,0,75,74,"[129, 6, 7, 10, 52, 57, 69, 66, 110, 108, 127, 123, 127, 127, 127, 113, 114, 105, 102, 73, 57, 44, 36, 13, 11, 6, 9, 0, 3, 23, 29, 43, 44, 63, 60, 99, 98, 108, 101, 117, 127, 127, 127, 127, 123, 109, 96, 108, 71, 63, 61, 33, 28, 13, 13, 9, 0, 3, 5, 6, 10, 25, 29, 33, 61, 62, 76, 73, 107, 96, 105, 117, 127, 127, 117]","[6, 7, 10, 52, 57, 69, 66, 110, 108, 127, 123, 127, 127, 127, 113, 114, 105, 102, 73, 57, 44, 36, 13, 11, 6, 9, 0, 3, 23, 29, 43, 44, 63, 60, 99, 98, 108, 101, 117, 127, 127, 127, 127, 123, 109, 96, 108, 71, 63, 61, 33, 28, 13, 13, 9, 0, 3, 5, 6, 10, 25, 29, 33, 61, 62, 76, 73, 107, 96, 105, 117, 127, 127, 117]"
In-Distribution,20,exact_guidance_u,221,0,75,74,"[129, 6, 7, 10, 52, 57, 69, 66, 110, 108, 127, 123, 127, 127, 127, 113, 114, 105, 102, 73, 57, 44, 36, 13, 11, 6, 9, 0, 3, 23, 29, 43, 44, 63, 60, 99, 98, 108, 101, 117, 127, 127, 127, 127, 123, 109, 96, 108, 71, 63, 61, 33, 28, 13, 13, 9, 0, 3, 5, 6, 10, 25, 29, 33, 61, 62, 76, 73, 107, 96, 105, 117, 127, 127, 117]","[6, 7, 10, 52, 57, 69, 66, 110, 108, 127, 123, 127, 127, 127, 113, 114, 105, 102, 73, 57, 44, 36, 13, 11, 6, 9, 0, 3, 23, 29, 43, 44, 63, 60, 99, 98, 108, 101, 117, 127, 127, 127, 127, 123, 109, 96, 108, 71, 63, 61, 33, 28, 13, 13, 9, 0, 3, 5, 6, 10, 25, 29, 33, 61, 62, 76, 73, 107, 96, 105, 117, 127, 127, 117]"
In-Distribution,20,exact_guidance_u,222,0,75,74,"[129, 6, 7, 10, 52, 57, 69, 66, 110, 108, 127, 123, 127, 127, 127, 113, 114, 105, 102, 73, 57, 44, 36, 13, 11, 6, 9, 0, 3, 23, 29, 43, 44, 63, 60, 99, 98, 108, 101, 117, 127, 127, 127, 127, 123, 109, 96, 108, 71, 63, 61, 33, 28, 13, 13, 9, 0, 3, 5, 6, 10, 25, 29, 33, 61, 62, 76, 73, 107, 96, 105, 117, 127, 127, 117]","[6, 7, 10, 52, 57, 69, 66, 110, 108, 127, 123, 127, 127, 127, 113, 114, 105, 102, 73, 57, 44, 36, 13, 11, 6, 9, 0, 3, 23, 29, 43, 44, 63, 60, 99, 98, 108, 101, 117, 127, 127, 127, 127, 123, 109, 96, 108, 71, 63, 61, 33, 28, 13, 13, 9, 0, 3, 5, 6, 10, 25, 29, 33, 61, 62, 76, 73, 107, 96, 105, 117, 127, 127, 117]"
In-Distribution,20,exact_guidance_u,223,0,75,74,"[129, 6, 7, 10, 52, 57, 69, 66, 110, 108, 127, 123, 127, 127, 127, 113, 114, 105, 102, 73, 57, 44, 36, 13, 11, 6, 9, 0, 3, 23, 29, 43, 44, 63, 60, 99, 98, 108, 101, 117, 127, 127, 127, 127, 123, 109, 96, 108, 71, 63, 61, 33, 28, 13, 13, 9, 0, 3, 5, 6, 10, 25, 29, 33, 61, 62, 76, 73, 107, 96, 105, 117, 127, 127, 117]","[6, 7, 10, 52, 57, 69, 66, 110, 108, 127, 123, 127, 127, 127, 113, 114, 105, 102, 73, 57, 44, 36, 13, 11, 6, 9, 0, 3, 23, 29, 43, 44, 63, 60, 99, 98, 108, 101, 117, 127, 127, 127, 127, 123, 109, 96, 108, 71, 63, 61, 33, 28, 13, 13, 9, 0, 3, 5, 6, 10, 25, 29, 33, 61, 62, 76, 73, 107, 96, 105, 117, 127, 127, 117]"
In-Distribution,20,exact_guidance_u,224,0,75,74,"[129, 6, 7, 10, 52, 57, 69, 66, 110, 108, 127, 123, 127, 127, 127, 113, 114, 105, 102, 73, 57, 44, 36, 13, 11, 6, 9, 0, 3, 23, 29, 43, 44, 63, 60, 99, 98, 108, 101, 117, 127, 127, 127, 127, 123, 109, 96, 108, 71, 63, 61, 33, 28, 13, 13, 9, 0, 3, 5, 6, 10, 25, 29, 33, 61, 62, 76, 73, 107, 96, 105, 117, 127, 127, 117]","[6, 7, 10, 52, 57, 69, 66, 110, 108, 127, 123, 127, 127, 127, 113, 114, 105, 102, 73, 57, 44, 36, 13, 11, 6, 9, 0, 3, 23, 29, 43, 44, 63, 60, 99, 98, 108, 101, 117, 127, 127, 127, 127, 123, 109, 96, 108, 71, 63, 61, 33, 28, 13, 13, 9, 0, 3, 5, 6, 10, 25, 29, 33, 61, 62, 76, 73, 107, 96, 105, 117, 127, 127, 117]"
In-Distribution,20,exact_guidance_u,225,0,75,74,"[129, 6, 7, 10, 52, 57, 69, 66, 110, 108, 127, 123, 127, 127, 127, 113, 114, 105, 102, 73, 57, 44, 36, 13, 11, 6, 9, 0, 3, 23, 29, 43, 44, 63, 60, 99, 98, 108, 101, 117, 127, 127, 127, 127, 123, 109, 96, 108, 71, 63, 61, 33, 28, 13, 13, 9, 0, 3, 5, 6, 10, 25, 29, 33, 61, 62, 76, 73, 107, 96, 105, 117, 127, 127, 117]","[6, 7, 10, 52, 57, 69, 66, 110, 108, 127, 123, 127, 127, 127, 113, 114, 105, 102, 73, 57, 44, 36, 13, 11, 6, 9, 0, 3, 23, 29, 43, 44, 63, 60, 99, 98, 108, 101, 117, 127, 127, 127, 127, 123, 109, 96, 108, 71, 63, 61, 33, 28, 13, 13, 9, 0, 3, 5, 6, 10, 25, 29, 33, 61, 62, 76, 73, 107, 96, 105, 117, 127, 127, 117]"
In-Distribution,20,exact_guidance_u,226,0,75,74,"[129, 6, 7, 10, 52, 57, 69, 66, 110, 108, 127, 123, 127, 127, 127, 113, 114, 105, 102, 73, 57, 44, 36, 13, 11, 6, 9, 0, 3, 23, 29, 43, 44, 63, 60, 99, 98, 108, 101, 117, 127, 127, 127, 127, 123, 109, 96, 108, 71, 63, 61, 33, 28, 13, 13, 9, 0, 3, 5, 6, 10, 25, 29, 33, 61, 62, 76, 73, 107, 96, 105, 117, 127, 127, 117]","[6, 7, 10, 52, 57, 69, 66, 110, 108, 127, 123, 127, 127, 127, 113, 114, 105, 102, 73, 57, 44, 36, 13, 11, 6, 9, 0, 3, 23, 29, 43, 44, 63, 60, 99, 98, 108, 101, 117, 127, 127, 127, 127, 123, 109, 96, 108, 71, 63, 61, 33, 28, 13, 13, 9, 0, 3, 5, 6, 10, 25, 29, 33, 61, 62, 76, 73, 107, 96, 105, 117, 127, 127, 117]"
In-Distribution,20,exact_guidance_u,227,0,75,74,"[129, 6, 7, 10, 52, 57, 69, 66, 110, 108, 127, 123, 127, 127, 127, 113, 114, 105, 102, 73, 57, 44, 36, 13, 11, 6, 9, 0, 3, 23, 29, 43, 44, 63, 60, 99, 98, 108, 101, 117, 127, 127, 127, 127, 123, 109, 96, 108, 71, 63, 61, 33, 28, 13, 13, 9, 0, 3, 5, 6, 10, 25, 29, 33, 61, 62, 76, 73, 107, 96, 105, 117, 127, 127, 117]","[6, 7, 10, 52, 57, 69, 66, 110, 108, 127, 123, 127, 127, 127, 113, 114, 105, 102, 73, 57, 44, 36, 13, 11, 6, 9, 0, 3, 23, 29, 43, 44, 63, 60, 99, 98, 108, 101, 117, 127, 127, 127, 127, 123, 109, 96, 108, 71, 63, 61, 33, 28, 13, 13, 9, 0, 3, 5, 6, 10, 25, 29, 33, 61, 62, 76, 73, 107, 96, 105, 117, 127, 127, 117]"
In-Distribution,20,exact_guidance_u,228,0,75,74,"[129, 6, 7, 10, 52, 57, 69, 66, 110, 108, 127, 123, 127, 127, 127, 113, 114, 105, 102, 73, 57, 44, 36, 13, 11, 6, 9, 0, 3, 23, 29, 43, 44, 63, 60, 99, 98, 108, 101, 117, 127, 127, 127, 127, 123, 109, 96, 108, 71, 63, 61, 33, 28, 13, 13, 9, 0, 3, 5, 6, 10, 25, 29, 33, 61, 62, 76, 73, 107, 96, 105, 117, 127, 127, 117]","[6, 7, 10, 52, 57, 69, 66, 110, 108, 127, 123, 127, 127, 127, 113, 114, 105, 102, 73, 57, 44, 36, 13, 11, 6, 9, 0, 3, 23, 29, 43, 44, 63, 60, 99, 98, 108, 101, 117, 127, 127, 127, 127, 123, 109, 96, 108, 71, 63, 61, 33, 28, 13, 13, 9, 0, 3, 5, 6, 10, 25, 29, 33, 61, 62, 76, 73, 107, 96, 105, 117, 127, 127, 117]"
In-Distribution,20,exact_guidance_u,229,0,75,74,"[129, 6, 7, 10, 52, 57, 69, 66, 110, 108, 127, 123, 127, 127, 127, 113, 114, 105, 102, 73, 57, 44, 36, 13, 11, 6, 9, 0, 3, 23, 29, 43, 44, 63, 60, 99, 98, 108, 101, 117, 127, 127, 127, 127, 123, 109, 96, 108, 71, 63, 61, 33, 28, 13, 13, 9, 0, 3, 5, 6, 10, 25, 29, 33, 61, 62, 76, 73, 107, 96, 105, 117, 127, 127, 117]","[6, 7, 10, 52, 57, 69, 66, 110, 108, 127, 123, 127, 127, 127, 113, 114, 105, 102, 73, 57, 44, 36, 13, 11, 6, 9, 0, 3, 23, 29, 43, 44, 63, 60, 99, 98, 108, 101, 117, 127, 127, 127, 127, 123, 109, 96, 108, 71, 63, 61, 33, 28, 13, 13, 9, 0, 3, 5, 6, 10, 25, 29, 33, 61, 62, 76, 73, 107, 96, 105, 117, 127, 127, 117]"
In-Distribution,20,exact_guidance_u,230,0,75,74,"[129, 6, 7, 10, 52, 57, 69, 66, 110, 108, 127, 123, 127, 127, 127, 113, 114, 105, 102, 73, 57, 44, 36, 13, 11, 6, 9, 0, 3, 23, 29, 43, 44, 63, 60, 99, 98, 108, 101, 117, 127, 127, 127, 127, 123, 109, 96, 108, 71, 63, 61, 33, 28, 13, 13, 9, 0, 3, 5, 6, 10, 25, 29, 33, 61, 62, 76, 73, 107, 96, 105, 117, 127, 127, 117]","[6, 7, 10, 52, 57, 69, 66, 110, 108, 127, 123, 127, 127, 127, 113, 114, 105, 102, 73, 57, 44, 36, 13, 11, 6, 9, 0, 3, 23, 29, 43, 44, 63, 60, 99, 98, 108, 101, 117, 127, 127, 127, 127, 123, 109, 96, 108, 71, 63, 61, 33, 28, 13, 13, 9, 0, 3, 5, 6, 10, 25, 29, 33, 61, 62, 76, 73, 107, 96, 105, 117, 127, 127, 117]"
In-Distribution,20,exact_guidance_u,231,0,75,74,"[129, 6, 7, 10, 52, 57, 69, 66, 110, 108, 127, 123, 127, 127, 127, 113, 114, 105, 102, 73, 57, 44, 36, 13, 11, 6, 9, 0, 3, 23, 29, 43, 44, 63, 60, 99, 98, 108, 101, 117, 127, 127, 127, 127, 123, 109, 96, 108, 71, 63, 61, 33, 28, 13, 13, 9, 0, 3, 5, 6, 10, 25, 29, 33, 61, 62, 76, 73, 107, 96, 105, 117, 127, 127, 117]","[6, 7, 10, 52, 57, 69, 66, 110, 108, 127, 123, 127, 127, 127, 113, 114, 105, 102, 73, 57, 44, 36, 13, 11, 6, 9, 0, 3, 23, 29, 43, 44, 63, 60, 99, 98, 108, 101, 117, 127, 127, 127, 127, 123, 109, 96, 108, 71, 63, 61, 33, 28, 13, 13, 9, 0, 3, 5, 6, 10, 25, 29, 33, 61, 62, 76, 73, 107, 96, 105, 117, 127, 127, 117]"
In-Distribution,20,exact_guidance_u,232,0,75,74,"[129, 6, 7, 10, 52, 57, 69, 66, 110, 108, 127, 123, 127, 127, 127, 113, 114, 105, 102, 73, 57, 44, 36, 13, 11, 6, 9, 0, 3, 23, 29, 43, 44, 63, 60, 99, 98, 108, 101, 117, 127, 127, 127, 127, 123, 109, 96, 108, 71, 63, 61, 33, 28, 13, 13, 9, 0, 3, 5, 6, 10, 25, 29, 33, 61, 62, 76, 73, 107, 96, 105, 117, 127, 127, 117]","[6, 7, 10, 52, 57, 69, 66, 110, 108, 127, 123, 127, 127, 127, 113, 114, 105, 102, 73, 57, 44, 36, 13, 11, 6, 9, 0, 3, 23, 29, 43, 44, 63, 60, 99, 98, 108, 101, 117, 127, 127, 127, 127, 123, 109, 96, 108, 71, 63, 61, 33, 28, 13, 13, 9, 0, 3, 5, 6, 10, 25, 29, 33, 61, 62, 76, 73, 107, 96, 105, 117, 127, 127, 117]"
In-Distribution,20,exact_guidance_u,233,0,75,74,"[129, 6, 7, 10, 52, 57, 69, 66, 110, 108, 127, 123, 127, 127, 127, 113, 114, 105, 102, 73, 57, 44, 36, 13, 11, 6, 9, 0, 3, 23, 29, 43, 44, 63, 60, 99, 98, 108, 101, 117, 127, 127, 127, 127, 123, 109, 96, 108, 71, 63, 61, 33, 28, 13, 13, 9, 0, 3, 5, 6, 10, 25, 29, 33, 61, 62, 76, 73, 107, 96, 105, 117, 127, 127, 117]","[6, 7, 10, 52, 57, 69, 66, 110, 108, 127, 123, 127, 127, 127, 113, 114, 105, 102, 73, 57, 44, 36, 13, 11, 6, 9, 0, 3, 23, 29, 43, 44, 63, 60, 99, 98, 108, 101, 117, 127, 127, 127, 127, 123, 109, 96, 108, 71, 63, 61, 33, 28, 13, 13, 9, 0, 3, 5, 6, 10, 25, 29, 33, 61, 62, 76, 73, 107, 96, 105, 117, 127, 127, 117]"
In-Distribution,20,exact_guidance_u,234,0,75,74,"[129, 6, 7, 10, 52, 57, 69, 66, 110, 108, 127, 123, 127, 127, 127, 113, 114, 105, 102, 73, 57, 44, 36, 13, 11, 6, 9, 0, 3, 23, 29, 43, 44, 63, 60, 99, 98, 108, 101, 117, 127, 127, 127, 127, 123, 109, 96, 108, 71, 63, 61, 33, 28, 13, 13, 9, 0, 3, 5, 6, 10, 25, 29, 33, 61, 62, 76, 73, 107, 96, 105, 117, 127, 127, 117]","[6, 7, 10, 52, 57, 69, 66, 110, 108, 127, 123, 127, 127, 127, 113, 114, 105, 102, 73, 57, 44, 36, 13, 11, 6, 9, 0, 3, 23, 29, 43, 44, 63, 60, 99, 98, 108, 101, 117, 127, 127, 127, 127, 123, 109, 96, 108, 71, 63, 61, 33, 28, 13, 13, 9, 0, 3, 5, 6, 10, 25, 29, 33, 61, 62, 76, 73, 107, 96, 105, 117, 127, 127, 117]"
In-Distribution,20,exact_guidance_u,235,0,75,74,"[129, 6, 7, 10, 52, 57, 69, 66, 110, 108, 127, 123, 127, 127, 127, 113, 114, 105, 102, 73, 57, 44, 36, 13, 11, 6, 9, 0, 3, 23, 29, 43, 44, 63, 60, 99, 98, 108, 101, 117, 127, 127, 127, 127, 123, 109, 96, 108, 71, 63, 61, 33, 28, 13, 13, 9, 0, 3, 5, 6, 10, 25, 29, 33, 61, 62, 76, 73, 107, 96, 105, 117, 127, 127, 117]","[6, 7, 10, 52, 57, 69, 66, 110, 108, 127, 123, 127, 127, 127, 113, 114, 105, 102, 73, 57, 44, 36, 13, 11, 6, 9, 0, 3, 23, 29, 43, 44, 63, 60, 99, 98, 108, 101, 117, 127, 127, 127, 127, 123, 109, 96, 108, 71, 63, 61, 33, 28, 13, 13, 9, 0, 3, 5, 6, 10, 25, 29, 33, 61, 62, 76, 73, 107, 96, 105, 117, 127, 127, 117]"
In-Distribution,20,exact_guidance_u,236,0,75,74,"[129, 6, 7, 10, 52, 57, 69, 66, 110, 108, 127, 123, 127, 127, 127, 113, 114, 105, 102, 73, 57, 44, 36, 13, 11, 6, 9, 0, 3, 23, 29, 43, 44, 63, 60, 99, 98, 108, 101, 117, 127, 127, 127, 127, 123, 109, 96, 108, 71, 63, 61, 33, 28, 13, 13, 9, 0, 3, 5, 6, 10, 25, 29, 33, 61, 62, 76, 73, 107, 96, 105, 117, 127, 127, 117]","[6, 7, 10, 52, 57, 69, 66, 110, 108, 127, 123, 127, 127, 127, 113, 114, 105, 102, 73, 57, 44, 36, 13, 11, 6, 9, 0, 3, 23, 29, 43, 44, 63, 60, 99, 98, 108, 101, 117, 127, 127, 127, 127, 123, 109, 96, 108, 71, 63, 61, 33, 28, 13, 13, 9, 0, 3, 5, 6, 10, 25, 29, 33, 61, 62, 76, 73, 107, 96, 105, 117, 127, 127, 117]"
In-Distribution,20,exact_guidance_u,237,0,75,74,"[129, 6, 7, 10, 52, 57, 69, 66, 110, 108, 127, 123, 127, 127, 127, 113, 114, 105, 102, 73, 57, 44, 36, 13, 11, 6, 9, 0, 3, 23, 29, 43, 44, 63, 60, 99, 98, 108, 101, 117, 127, 127, 127, 127, 123, 109, 96, 108, 71, 63, 61, 33, 28, 13, 13, 9, 0, 3, 5, 6, 10, 25, 29, 33, 61, 62, 76, 73, 107, 96, 105, 117, 127, 127, 117]","[6, 7, 10, 52, 57, 69, 66, 110, 108, 127, 123, 127, 127, 127, 113, 114, 105, 102, 73, 57, 44, 36, 13, 11, 6, 9, 0, 3, 23, 29, 43, 44, 63, 60, 99, 98, 108, 101, 117, 127, 127, 127, 127, 123, 109, 96, 108, 71, 63, 61, 33, 28, 13, 13, 9, 0, 3, 5, 6, 10, 25, 29, 33, 61, 62, 76, 73, 107, 96, 105, 117, 127, 127, 117]"
In-Distribution,20,exact_guidance_u,238,0,75,74,"[129, 6, 7, 10, 52, 57, 69, 66, 110, 108, 127, 123, 127, 127, 127, 113, 114, 105, 102, 73, 57, 44, 36, 13, 11, 6, 9, 0, 3, 23, 29, 43, 44, 63, 60, 99, 98, 108, 101, 117, 127, 127, 127, 127, 123, 109, 96, 108, 71, 63, 61, 33, 28, 13, 13, 9, 0, 3, 5, 6, 10, 25, 29, 33, 61, 62, 76, 73, 107, 96, 105, 117, 127, 127, 117]","[6, 7, 10, 52, 57, 69, 66, 110, 108, 127, 123, 127, 127, 127, 113, 114, 105, 102, 73, 57, 44, 36, 13, 11, 6, 9, 0, 3, 23, 29, 43, 44, 63, 60, 99, 98, 108, 101, 117, 127, 127, 127, 127, 123, 109, 96, 108, 71, 63, 61, 33, 28, 13, 13, 9, 0, 3, 5, 6, 10, 25, 29, 33, 61, 62, 76, 73, 107, 96, 105, 117, 127, 127, 117]"
In-Distribution,20,exact_guidance_u,239,0,75,74,"[129, 6, 7, 10, 52, 57, 69, 66, 110, 108, 127, 123, 127, 127, 127, 113, 114, 105, 102, 73, 57, 44, 36, 13, 11, 6, 9, 0, 3, 23, 29, 43, 44, 63, 60, 99, 98, 108, 101, 117, 127, 127, 127, 127, 123, 109, 96, 108, 71, 63, 61, 33, 28, 13, 13, 9, 0, 3, 5, 6, 10, 25, 29, 33, 61, 62, 76, 73, 107, 96, 105, 117, 127, 127, 117]","[6, 7, 10, 52, 57, 69, 66, 110, 108, 127, 123, 127, 127, 127, 113, 114, 105, 102, 73, 57, 44, 36, 13, 11, 6, 9, 0, 3, 23, 29, 43, 44, 63, 60, 99, 98, 108, 101, 117, 127, 127, 127, 127, 123, 109, 96, 108, 71, 63, 61, 33, 28, 13, 13, 9, 0, 3, 5, 6, 10, 25, 29, 33, 61, 62, 76, 73, 107, 96, 105, 117, 127, 127, 117]"
In-Distribution,20,exact_guidance_u,240,0,75,74,"[129, 6, 7, 10, 52, 57, 69, 66, 110, 108, 127, 123, 127, 127, 127, 113, 114, 105, 102, 73, 57, 44, 36, 13, 11, 6, 9, 0, 3, 23, 29, 43, 44, 63, 60, 99, 98, 108, 101, 117, 127, 127, 127, 127, 123, 109, 96, 108, 71, 63, 61, 33, 28, 13, 13, 9, 0, 3, 5, 6, 10, 25, 29, 33, 61, 62, 76, 73, 107, 96, 105, 117, 127, 127, 117]","[6, 7, 10, 52, 57, 69, 66, 110, 108, 127, 123, 127, 127, 127, 113, 114, 105, 102, 73, 57, 44, 36, 13, 11, 6, 9, 0, 3, 23, 29, 43, 44, 63, 60, 99, 98, 108, 101, 117, 127, 127, 127, 127, 123, 109, 96, 108, 71, 63, 61, 33, 28, 13, 13, 9, 0, 3, 5, 6, 10, 25, 29, 33, 61, 62, 76, 73, 107, 96, 105, 117, 127, 127, 117]"
In-Distribution,20,exact_guidance_u,241,0,75,74,"[129, 6, 7, 10, 52, 57, 69, 66, 110, 108, 127, 123, 127, 127, 127, 113, 114, 105, 102, 73, 57, 44, 36, 13, 11, 6, 9, 0, 3, 23, 29, 43, 44, 63, 60, 99, 98, 108, 101, 117, 127, 127, 127, 127, 123, 109, 96, 108, 71, 63, 61, 33, 28, 13, 13, 9, 0, 3, 5, 6, 10, 25, 29, 33, 61, 62, 76, 73, 107, 96, 105, 117, 127, 127, 117]","[6, 7, 10, 52, 57, 69, 66, 110, 108, 127, 123, 127, 127, 127, 113, 114, 105, 102, 73, 57, 44, 36, 13, 11, 6, 9, 0, 3, 23, 29, 43, 44, 63, 60, 99, 98, 108, 101, 117, 127, 127, 127, 127, 123, 109, 96, 108, 71, 63, 61, 33, 28, 13, 13, 9, 0, 3, 5, 6, 10, 25, 29, 33, 61, 62, 76, 73, 107, 96, 105, 117, 127, 127, 117]"
In-Distribution,20,exact_guidance_u,242,0,75,74,"[129, 6, 7, 10, 52, 57, 69, 66, 110, 108, 127, 123, 127, 127, 127, 113, 114, 105, 102, 73, 57, 44, 36, 13, 11, 6, 9, 0, 3, 23, 29, 43, 44, 63, 60, 99, 98, 108, 101, 117, 127, 127, 127, 127, 123, 109, 96, 108, 71, 63, 61, 33, 28, 13, 13, 9, 0, 3, 5, 6, 10, 25, 29, 33, 61, 62, 76, 73, 107, 96, 105, 117, 127, 127, 117]","[6, 7, 10, 52, 57, 69, 66, 110, 108, 127, 123, 127, 127, 127, 113, 114, 105, 102, 73, 57, 44, 36, 13, 11, 6, 9, 0, 3, 23, 29, 43, 44, 63, 60, 99, 98, 108, 101, 117, 127, 127, 127, 127, 123, 109, 96, 108, 71, 63, 61, 33, 28, 13, 13, 9, 0, 3, 5, 6, 10, 25, 29, 33, 61, 62, 76, 73, 107, 96, 105, 117, 127, 127, 117]"
In-Distribution,20,exact_guidance_u,243,0,75,74,"[129, 6, 7, 10, 52, 57, 69, 66, 110, 108, 127, 123, 127, 127, 127, 113, 114, 105, 102, 73, 57, 44, 36, 13, 11, 6, 9, 0, 3, 23, 29, 43, 44, 63, 60, 99, 98, 108, 101, 117, 127, 127, 127, 127, 123, 109, 96, 108, 71, 63, 61, 33, 28, 13, 13, 9, 0, 3, 5, 6, 10, 25, 29, 33, 61, 62, 76, 73, 107, 96, 105, 117, 127, 127, 117]","[6, 7, 10, 52, 57, 69, 66, 110, 108, 127, 123, 127, 127, 127, 113, 114, 105, 102, 73, 57, 44, 36, 13, 11, 6, 9, 0, 3, 23, 29, 43, 44, 63, 60, 99, 98, 108, 101, 117, 127, 127, 127, 127, 123, 109, 96, 108, 71, 63, 61, 33, 28, 13, 13, 9, 0, 3, 5, 6, 10, 25, 29, 33, 61, 62, 76, 73, 107, 96, 105, 117, 127, 127, 117]"
In-Distribution,20,exact_guidance_u,244,0,75,74,"[129, 6, 7, 10, 52, 57, 69, 66, 110, 108, 127, 123, 127, 127, 127, 113, 114, 105, 102, 73, 57, 44, 36, 13, 11, 6, 9, 0, 3, 23, 29, 43, 44, 63, 60, 99, 98, 108, 101, 117, 127, 127, 127, 127, 123, 109, 96, 108, 71, 63, 61, 33, 28, 13, 13, 9, 0, 3, 5, 6, 10, 25, 29, 33, 61, 62, 76, 73, 107, 96, 105, 117, 127, 127, 117]","[6, 7, 10, 52, 57, 69, 66, 110, 108, 127, 123, 127, 127, 127, 113, 114, 105, 102, 73, 57, 44, 36, 13, 11, 6, 9, 0, 3, 23, 29, 43, 44, 63, 60, 99, 98, 108, 101, 117, 127, 127, 127, 127, 123, 109, 96, 108, 71, 63, 61, 33, 28, 13, 13, 9, 0, 3, 5, 6, 10, 25, 29, 33, 61, 62, 76, 73, 107, 96, 105, 117, 127, 127, 117]"
In-Distribution,20,exact_guidance_u,245,0,75,74,"[129, 6, 7, 10, 52, 57, 69, 66, 110, 108, 127, 123, 127, 127, 127, 113, 114, 105, 102, 73, 57, 44, 36, 13, 11, 6, 9, 0, 3, 23, 29, 43, 44, 63, 60, 99, 98, 108, 101, 117, 127, 127, 127, 127, 123, 109, 96, 108, 71, 63, 61, 33, 28, 13, 13, 9, 0, 3, 5, 6, 10, 25, 29, 33, 61, 62, 76, 73, 107, 96, 105, 117, 127, 127, 117]","[6, 7, 10, 52, 57, 69, 66, 110, 108, 127, 123, 127, 127, 127, 113, 114, 105, 102, 73, 57, 44, 36, 13, 11, 6, 9, 0, 3, 23, 29, 43, 44, 63, 60, 99, 98, 108, 101, 117, 127, 127, 127, 127, 123, 109, 96, 108, 71, 63, 61, 33, 28, 13, 13, 9, 0, 3, 5, 6, 10, 25, 29, 33, 61, 62, 76, 73, 107, 96, 105, 117, 127, 127, 117]"
In-Distribution,20,exact_guidance_u,246,0,75,74,"[129, 6, 7, 10, 52, 57, 69, 66, 110, 108, 127, 123, 127, 127, 127, 113, 114, 105, 102, 73, 57, 44, 36, 13, 11, 6, 9, 0, 3, 23, 29, 43, 44, 63, 60, 99, 98, 108, 101, 117, 127, 127, 127, 127, 123, 109, 96, 108, 71, 63, 61, 33, 28, 13, 13, 9, 0, 3, 5, 6, 10, 25, 29, 33, 61, 62, 76, 73, 107, 96, 105, 117, 127, 127, 117]","[6, 7, 10, 52, 57, 69, 66, 110, 108, 127, 123, 127, 127, 127, 113, 114, 105, 102, 73, 57, 44, 36, 13, 11, 6, 9, 0, 3, 23, 29, 43, 44, 63, 60, 99, 98, 108, 101, 117, 127, 127, 127, 127, 123, 109, 96, 108, 71, 63, 61, 33, 28, 13, 13, 9, 0, 3, 5, 6, 10, 25, 29, 33, 61, 62, 76, 73, 107, 96, 105, 117, 127, 127, 117]"
In-Distribution,20,exact_guidance_u,247,0,75,74,"[129, 6, 7, 10, 52, 57, 69, 66, 110, 108, 127, 123, 127, 127, 127, 113, 114, 105, 102, 73, 57, 44, 36, 13, 11, 6, 9, 0, 3, 23, 29, 43, 44, 63, 60, 99, 98, 108, 101, 117, 127, 127, 127, 127, 123, 109, 96, 108, 71, 63, 61, 33, 28, 13, 13, 9, 0, 3, 5, 6, 10, 25, 29, 33, 61, 62, 76, 73, 107, 96, 105, 117, 127, 127, 117]","[6, 7, 10, 52, 57, 69, 66, 110, 108, 127, 123, 127, 127, 127, 113, 114, 105, 102, 73, 57, 44, 36, 13, 11, 6, 9, 0, 3, 23, 29, 43, 44, 63, 60, 99, 98, 108, 101, 117, 127, 127, 127, 127, 123, 109, 96, 108, 71, 63, 61, 33, 28, 13, 13, 9, 0, 3, 5, 6, 10, 25, 29, 33, 61, 62, 76, 73, 107, 96, 105, 117, 127, 127, 117]"
In-Distribution,20,exact_guidance_u,248,0,75,74,"[129, 6, 7, 10, 52, 57, 69, 66, 110, 108, 127, 123, 127, 127, 127, 113, 114, 105, 102, 73, 57, 44, 36, 13, 11, 6, 9, 0, 3, 23, 29, 43, 44, 63, 60, 99, 98, 108, 101, 117, 127, 127, 127, 127, 123, 109, 96, 108, 71, 63, 61, 33, 28, 13, 13, 9, 0, 3, 5, 6, 10, 25, 29, 33, 61, 62, 76, 73, 107, 96, 105, 117, 127, 127, 117]","[6, 7, 10, 52, 57, 69, 66, 110, 108, 127, 123, 127, 127, 127, 113, 114, 105, 102, 73, 57, 44, 36, 13, 11, 6, 9, 0, 3, 23, 29, 43, 44, 63, 60, 99, 98, 108, 101, 117, 127, 127, 127, 127, 123, 109, 96, 108, 71, 63, 61, 33, 28, 13, 13, 9, 0, 3, 5, 6, 10, 25, 29, 33, 61, 62, 76, 73, 107, 96, 105, 117, 127, 127, 117]"
In-Distribution,20,exact_guidance_u,249,0,75,74,"[129, 6, 7, 10, 52, 57, 69, 66, 110, 108, 127, 123, 127, 127, 127, 113, 114, 105, 102, 73, 57, 44, 36, 13, 11, 6, 9, 0, 3, 23, 29, 43, 44, 63, 60, 99, 98, 108, 101, 117, 127, 127, 127, 127, 123, 109, 96, 108, 71, 63, 61, 33, 28, 13, 13, 9, 0, 3, 5, 6, 10, 25, 29, 33, 61, 62, 76, 73, 107, 96, 105, 117, 127, 127, 117]","[6, 7, 10, 52, 57, 69, 66, 110, 108, 127, 123, 127, 127, 127, 113, 114, 105, 102, 73, 57, 44, 36, 13, 11, 6, 9, 0, 3, 23, 29, 43, 44, 63, 60, 99, 98, 108, 101, 117, 127, 127, 127, 127, 123, 109, 96, 108, 71, 63, 61, 33, 28, 13, 13, 9, 0, 3, 5, 6, 10, 25, 29, 33, 61, 62, 76, 73, 107, 96, 105, 117, 127, 127, 117]"
In-Distribution,20,exact_guidance_u,250,0,75,74,"[129, 6, 7, 10, 52, 57, 69, 66, 110, 108, 127, 123, 127, 127, 127, 113, 114, 105, 102, 73, 57, 44, 36, 13, 11, 6, 9, 0, 3, 23, 29, 43, 44, 63, 60, 99, 98, 108, 101, 117, 127, 127, 127, 127, 123, 109, 96, 108, 71, 63, 61, 33, 28, 13, 13, 9, 0, 3, 5, 6, 10, 25, 29, 33, 61, 62, 76, 73, 107, 96, 105, 117, 127, 127, 117]","[6, 7, 10, 52, 57, 69, 66, 110, 108, 127, 123, 127, 127, 127, 113, 114, 105, 102, 73, 57, 44, 36, 13, 11, 6, 9, 0, 3, 23, 29, 43, 44, 63, 60, 99, 98, 108, 101, 117, 127, 127, 127, 127, 123, 109, 96, 108, 71, 63, 61, 33, 28, 13, 13, 9, 0, 3, 5, 6, 10, 25, 29, 33, 61, 62, 76, 73, 107, 96, 105, 117, 127, 127, 117]"
In-Distribution,20,exact_guidance_u,251,0,75,74,"[129, 6, 7, 10, 52, 57, 69, 66, 110, 108, 127, 123, 127, 127, 127, 113, 114, 105, 102, 73, 57, 44, 36, 13, 11, 6, 9, 0, 3, 23, 29, 43, 44, 63, 60, 99, 98, 108, 101, 117, 127, 127, 127, 127, 123, 109, 96, 108, 71, 63, 61, 33, 28, 13, 13, 9, 0, 3, 5, 6, 10, 25, 29, 33, 61, 62, 76, 73, 107, 96, 105, 117, 127, 127, 117]","[6, 7, 10, 52, 57, 69, 66, 110, 108, 127, 123, 127, 127, 127, 113, 114, 105, 102, 73, 57, 44, 36, 13, 11, 6, 9, 0, 3, 23, 29, 43, 44, 63, 60, 99, 98, 108, 101, 117, 127, 127, 127, 127, 123, 109, 96, 108, 71, 63, 61, 33, 28, 13, 13, 9, 0, 3, 5, 6, 10, 25, 29, 33, 61, 62, 76, 73, 107, 96, 105, 117, 127, 127, 117]"
In-Distribution,20,exact_guidance_u,252,0,75,74,"[129, 6, 7, 10, 52, 57, 69, 66, 110, 108, 127, 123, 127, 127, 127, 113, 114, 105, 102, 73, 57, 44, 36, 13, 11, 6, 9, 0, 3, 23, 29, 43, 44, 63, 60, 99, 98, 108, 101, 117, 127, 127, 127, 127, 123, 109, 96, 108, 71, 63, 61, 33, 28, 13, 13, 9, 0, 3, 5, 6, 10, 25, 29, 33, 61, 62, 76, 73, 107, 96, 105, 117, 127, 127, 117]","[6, 7, 10, 52, 57, 69, 66, 110, 108, 127, 123, 127, 127, 127, 113, 114, 105, 102, 73, 57, 44, 36, 13, 11, 6, 9, 0, 3, 23, 29, 43, 44, 63, 60, 99, 98, 108, 101, 117, 127, 127, 127, 127, 123, 109, 96, 108, 71, 63, 61, 33, 28, 13, 13, 9, 0, 3, 5, 6, 10, 25, 29, 33, 61, 62, 76, 73, 107, 96, 105, 117, 127, 127, 117]"
In-Distribution,20,exact_guidance_u,253,0,75,74,"[129, 6, 7, 10, 52, 57, 69, 66, 110, 108, 127, 123, 127, 127, 127, 113, 114, 105, 102, 73, 57, 44, 36, 13, 11, 6, 9, 0, 3, 23, 29, 43, 44, 63, 60, 99, 98, 108, 101, 117, 127, 127, 127, 127, 123, 109, 96, 108, 71, 63, 61, 33, 28, 13, 13, 9, 0, 3, 5, 6, 10, 25, 29, 33, 61, 62, 76, 73, 107, 96, 105, 117, 127, 127, 117]","[6, 7, 10, 52, 57, 69, 66, 110, 108, 127, 123, 127, 127, 127, 113, 114, 105, 102, 73, 57, 44, 36, 13, 11, 6, 9, 0, 3, 23, 29, 43, 44, 63, 60, 99, 98, 108, 101, 117, 127, 127, 127, 127, 123, 109, 96, 108, 71, 63, 61, 33, 28, 13, 13, 9, 0, 3, 5, 6, 10, 25, 29, 33, 61, 62, 76, 73, 107, 96, 105, 117, 127, 127, 117]"
In-Distribution,20,exact_guidance_u,254,0,75,74,"[129, 6, 7, 10, 52, 57, 69, 66, 110, 108, 127, 123, 127, 127, 127, 113, 114, 105, 102, 73, 57, 44, 36, 13, 11, 6, 9, 0, 3, 23, 29, 43, 44, 63, 60, 99, 98, 108, 101, 117, 127, 127, 127, 127, 123, 109, 96, 108, 71, 63, 61, 33, 28, 13, 13, 9, 0, 3, 5, 6, 10, 25, 29, 33, 61, 62, 76, 73, 107, 96, 105, 117, 127, 127, 117]","[6, 7, 10, 52, 57, 69, 66, 110, 108, 127, 123, 127, 127, 127, 113, 114, 105, 102, 73, 57, 44, 36, 13, 11, 6, 9, 0, 3, 23, 29, 43, 44, 63, 60, 99, 98, 108, 101, 117, 127, 127, 127, 127, 123, 109, 96, 108, 71, 63, 61, 33, 28, 13, 13, 9, 0, 3, 5, 6, 10, 25, 29, 33, 61, 62, 76, 73, 107, 96, 105, 117, 127, 127, 117]"
In-Distribution,20,exact_guidance_u,255,0,75,74,"[129, 6, 7, 10, 52, 57, 69, 66, 110, 108, 127, 123, 127, 127, 127, 113, 114, 105, 102, 73, 57, 44, 36, 13, 11, 6, 9, 0, 3, 23, 29, 43, 44, 63, 60, 99, 98, 108, 101, 117, 127, 127, 127, 127, 123, 109, 96, 108, 71, 63, 61, 33, 28, 13, 13, 9, 0, 3, 5, 6, 10, 25, 29, 33, 61, 62, 76, 73, 107, 96, 105, 117, 127, 127, 117]","[6, 7, 10, 52, 57, 69, 66, 110, 108, 127, 123, 127, 127, 127, 113, 114, 105, 102, 73, 57, 44, 36, 13, 11, 6, 9, 0, 3, 23, 29, 43, 44, 63, 60, 99, 98, 108, 101, 117, 127, 127, 127, 127, 123, 109, 96, 108, 71, 63, 61, 33, 28, 13, 13, 9, 0, 3, 5, 6, 10, 25, 29, 33, 61, 62, 76, 73, 107, 96, 105, 117, 127, 127, 117]"
In-Distribution,20,exact_guidance_u,256,0,75,74,"[129, 6, 7, 10, 52, 57, 69, 66, 110, 108, 127, 123, 127, 127, 127, 113, 114, 105, 102, 73, 57, 44, 36, 13, 11, 6, 9, 0, 3, 23, 29, 43, 44, 63, 60, 99, 98, 108, 101, 117, 127, 127, 127, 127, 123, 109, 96, 108, 71, 63, 61, 33, 28, 13, 13, 9, 0, 3, 5, 6, 10, 25, 29, 33, 61, 62, 76, 73, 107, 96, 105, 117, 127, 127, 117]","[6, 7, 10, 52, 57, 69, 66, 110, 108, 127, 123, 127, 127, 127, 113, 114, 105, 102, 73, 57, 44, 36, 13, 11, 6, 9, 0, 3, 23, 29, 43, 44, 63, 60, 99, 98, 108, 101, 117, 127, 127, 127, 127, 123, 109, 96, 108, 71, 63, 61, 33, 28, 13, 13, 9, 0, 3, 5, 6, 10, 25, 29, 33, 61, 62, 76, 73, 107, 96, 105, 117, 127, 127, 117]"
In-Distribution,20,exact_guidance_u,257,0,75,74,"[129, 6, 7, 10, 52, 57, 69, 66, 110, 108, 127, 123, 127, 127, 127, 113, 114, 105, 102, 73, 57, 44, 36, 13, 11, 6, 9, 0, 3, 23, 29, 43, 44, 63, 60, 99, 98, 108, 101, 117, 127, 127, 127, 127, 123, 109, 96, 108, 71, 63, 61, 33, 28, 13, 13, 9, 0, 3, 5, 6, 10, 25, 29, 33, 61, 62, 76, 73, 107, 96, 105, 117, 127, 127, 117]","[6, 7, 10, 52, 57, 69, 66, 110, 108, 127, 123, 127, 127, 127, 113, 114, 105, 102, 73, 57, 44, 36, 13, 11, 6, 9, 0, 3, 23, 29, 43, 44, 63, 60, 99, 98, 108, 101, 117, 127, 127, 127, 127, 123, 109, 96, 108, 71, 63, 61, 33, 28, 13, 13, 9, 0, 3, 5, 6, 10, 25, 29, 33, 61, 62, 76, 73, 107, 96, 105, 117, 127, 127, 117]"
In-Distribution,20,exact_guidance_u,258,0,76,75,"[129, 6, 7, 10, 52, 57, 69, 66, 110, 108, 127, 123, 127, 127, 127, 113, 114, 105, 102, 73, 57, 51, 44, 36, 13, 11, 6, 9, 0, 3, 23, 29, 43, 44, 63, 60, 99, 98, 108, 101, 117, 127, 127, 127, 127, 123, 109, 96, 108, 71, 63, 61, 33, 28, 13, 13, 9, 0, 3, 5, 6, 10, 25, 29, 33, 61, 62, 76, 73, 107, 96, 105, 117, 127, 127, 117]","[6, 7, 10, 52, 57, 69, 66, 110, 108, 127, 123, 127, 127, 127, 113, 114, 105, 102, 73, 57, 51, 44, 36, 13, 11, 6, 9, 0, 3, 23, 29, 43, 44, 63, 60, 99, 98, 108, 101, 117, 127, 127, 127, 127, 123, 109, 96, 108, 71, 63, 61, 33, 28, 13, 13, 9, 0, 3, 5, 6, 10, 25, 29, 33, 61, 62, 76, 73, 107, 96, 105, 117, 127, 127, 117]"
In-Distribution,20,exact_guidance_u,259,0,76,75,"[129, 6, 7, 10, 52, 57, 69, 66, 110, 108, 127, 123, 127, 127, 127, 113, 114, 105, 102, 73, 57, 51, 44, 36, 13, 11, 6, 9, 0, 3, 23, 29, 43, 44, 63, 60, 99, 98, 108, 101, 117, 127, 127, 127, 127, 123, 109, 96, 108, 71, 63, 61, 33, 28, 13, 13, 9, 0, 3, 5, 6, 10, 25, 29, 33, 61, 62, 76, 73, 107, 96, 105, 117, 127, 127, 117]","[6, 7, 10, 52, 57, 69, 66, 110, 108, 127, 123, 127, 127, 127, 113, 114, 105, 102, 73, 57, 51, 44, 36, 13, 11, 6, 9, 0, 3, 23, 29, 43, 44, 63, 60, 99, 98, 108, 101, 117, 127, 127, 127, 127, 123, 109, 96, 108, 71, 63, 61, 33, 28, 13, 13, 9, 0, 3, 5, 6, 10, 25, 29, 33, 61, 62, 76, 73, 107, 96, 105, 117, 127, 127, 117]"
In-Distribution,20,exact_guidance_u,260,0,76,75,"[129, 6, 7, 10, 52, 57, 69, 66, 110, 108, 127, 123, 127, 127, 127, 113, 114, 105, 102, 73, 57, 51, 44, 36, 13, 11, 6, 9, 0, 3, 23, 29, 43, 44, 63, 60, 99, 98, 108, 101, 117, 127, 127, 127, 127, 123, 109, 96, 108, 71, 63, 61, 33, 28, 13, 13, 9, 0, 3, 5, 6, 10, 25, 29, 33, 61, 62, 76, 73, 107, 96, 105, 117, 127, 127, 117]","[6, 7, 10, 52, 57, 69, 66, 110, 108, 127, 123, 127, 127, 127, 113, 114, 105, 102, 73, 57, 51, 44, 36, 13, 11, 6, 9, 0, 3, 23, 29, 43, 44, 63, 60, 99, 98, 108, 101, 117, 127, 127, 127, 127, 123, 109, 96, 108, 71, 63, 61, 33, 28, 13, 13, 9, 0, 3, 5, 6, 10, 25, 29, 33, 61, 62, 76, 73, 107, 96, 105, 117, 127, 127, 117]"
In-Distribution,20,exact_guidance_u,261,0,76,75,"[129, 6, 7, 10, 52, 57, 69, 66, 110, 108, 127, 123, 127, 127, 127, 113, 114, 105, 102, 73, 57, 51, 44, 36, 13, 11, 6, 9, 0, 3, 23, 29, 43, 44, 63, 60, 99, 98, 108, 101, 117, 127, 127, 127, 127, 123, 109, 96, 108, 71, 63, 61, 33, 28, 13, 13, 9, 0, 3, 5, 6, 10, 25, 29, 33, 61, 62, 76, 73, 107, 96, 105, 117, 127, 127, 117]","[6, 7, 10, 52, 57, 69, 66, 110, 108, 127, 123, 127, 127, 127, 113, 114, 105, 102, 73, 57, 51, 44, 36, 13, 11, 6, 9, 0, 3, 23, 29, 43, 44, 63, 60, 99, 98, 108, 101, 117, 127, 127, 127, 127, 123, 109, 96, 108, 71, 63, 61, 33, 28, 13, 13, 9, 0, 3, 5, 6, 10, 25, 29, 33, 61, 62, 76, 73, 107, 96, 105, 117, 127, 127, 117]"
In-Distribution,20,exact_guidance_u,262,0,76,75,"[129, 6, 7, 10, 52, 57, 69, 66, 110, 108, 127, 123, 127, 127, 127, 113, 114, 105, 102, 73, 57, 51, 44, 36, 13, 11, 6, 9, 0, 3, 23, 29, 43, 44, 63, 60, 99, 98, 108, 101, 117, 127, 127, 127, 127, 123, 109, 96, 108, 71, 63, 61, 33, 28, 13, 13, 9, 0, 3, 5, 6, 10, 25, 29, 33, 61, 62, 76, 73, 107, 96, 105, 117, 127, 127, 117]","[6, 7, 10, 52, 57, 69, 66, 110, 108, 127, 123, 127, 127, 127, 113, 114, 105, 102, 73, 57, 51, 44, 36, 13, 11, 6, 9, 0, 3, 23, 29, 43, 44, 63, 60, 99, 98, 108, 101, 117, 127, 127, 127, 127, 123, 109, 96, 108, 71, 63, 61, 33, 28, 13, 13, 9, 0, 3, 5, 6, 10, 25, 29, 33, 61, 62, 76, 73, 107, 96, 105, 117, 127, 127, 117]"
In-Distribution,20,exact_guidance_u,263,0,76,75,"[129, 6, 7, 10, 52, 57, 69, 66, 110, 108, 127, 123, 127, 127, 127, 113, 114, 105, 102, 73, 57, 51, 44, 36, 13, 11, 6, 9, 0, 3, 23, 29, 43, 44, 63, 60, 99, 98, 108, 101, 117, 127, 127, 127, 127, 123, 109, 96, 108, 71, 63, 61, 33, 28, 13, 13, 9, 0, 3, 5, 6, 10, 25, 29, 33, 61, 62, 76, 73, 107, 96, 105, 117, 127, 127, 117]","[6, 7, 10, 52, 57, 69, 66, 110, 108, 127, 123, 127, 127, 127, 113, 114, 105, 102, 73, 57, 51, 44, 36, 13, 11, 6, 9, 0, 3, 23, 29, 43, 44, 63, 60, 99, 98, 108, 101, 117, 127, 127, 127, 127, 123, 109, 96, 108, 71, 63, 61, 33, 28, 13, 13, 9, 0, 3, 5, 6, 10, 25, 29, 33, 61, 62, 76, 73, 107, 96, 105, 117, 127, 127, 117]"
In-Distribution,20,exact_guidance_u,264,0,76,75,"[129, 6, 7, 10, 52, 57, 69, 66, 110, 108, 127, 123, 127, 127, 127, 113, 114, 105, 102, 73, 57, 51, 44, 36, 13, 11, 6, 9, 0, 3, 23, 29, 43, 44, 63, 60, 99, 98, 108, 101, 117, 127, 127, 127, 127, 123, 109, 96, 108, 71, 63, 61, 33, 28, 13, 13, 9, 0, 3, 5, 6, 10, 25, 29, 33, 61, 62, 76, 73, 107, 96, 105, 117, 127, 127, 117]","[6, 7, 10, 52, 57, 69, 66, 110, 108, 127, 123, 127, 127, 127, 113, 114, 105, 102, 73, 57, 51, 44, 36, 13, 11, 6, 9, 0, 3, 23, 29, 43, 44, 63, 60, 99, 98, 108, 101, 117, 127, 127, 127, 127, 123, 109, 96, 108, 71, 63, 61, 33, 28, 13, 13, 9, 0, 3, 5, 6, 10, 25, 29, 33, 61, 62, 76, 73, 107, 96, 105, 117, 127, 127, 117]"
In-Distribution,20,exact_guidance_u,265,0,76,75,"[129, 6, 7, 10, 52, 57, 69, 66, 110, 108, 127, 123, 127, 127, 127, 113, 114, 105, 102, 73, 57, 51, 44, 36, 13, 11, 6, 9, 0, 3, 23, 29, 43, 44, 63, 60, 99, 98, 108, 101, 117, 127, 127, 127, 127, 123, 109, 96, 108, 71, 63, 61, 33, 28, 13, 13, 9, 0, 3, 5, 6, 10, 25, 29, 33, 61, 62, 76, 73, 107, 96, 105, 117, 127, 127, 117]","[6, 7, 10, 52, 57, 69, 66, 110, 108, 127, 123, 127, 127, 127, 113, 114, 105, 102, 73, 57, 51, 44, 36, 13, 11, 6, 9, 0, 3, 23, 29, 43, 44, 63, 60, 99, 98, 108, 101, 117, 127, 127, 127, 127, 123, 109, 96, 108, 71, 63, 61, 33, 28, 13, 13, 9, 0, 3, 5, 6, 10, 25, 29, 33, 61, 62, 76, 73, 107, 96, 105, 117, 127, 127, 117]"
In-Distribution,20,exact_guidance_u,266,0,76,75,"[129, 6, 7, 10, 52, 57, 69, 66, 110, 108, 127, 123, 127, 127, 127, 113, 114, 105, 102, 73, 57, 51, 44, 36, 13, 11, 6, 9, 0, 3, 23, 29, 43, 44, 63, 60, 99, 98, 108, 101, 117, 127, 127, 127, 127, 123, 109, 96, 108, 71, 63, 61, 33, 28, 13, 13, 9, 0, 3, 5, 6, 10, 25, 29, 33, 61, 62, 76, 73, 107, 96, 105, 117, 127, 127, 117]","[6, 7, 10, 52, 57, 69, 66, 110, 108, 127, 123, 127, 127, 127, 113, 114, 105, 102, 73, 57, 51, 44, 36, 13, 11, 6, 9, 0, 3, 23, 29, 43, 44, 63, 60, 99, 98, 108, 101, 117, 127, 127, 127, 127, 123, 109, 96, 108, 71, 63, 61, 33, 28, 13, 13, 9, 0, 3, 5, 6, 10, 25, 29, 33, 61, 62, 76, 73, 107, 96, 105, 117, 127, 127, 117]"
In-Distribution,20,exact_guidance_u,267,0,76,75,"[129, 6, 7, 10, 52, 57, 69, 66, 110, 108, 127, 123, 127, 127, 127, 113, 114, 105, 102, 73, 57, 51, 44, 36, 13, 11, 6, 9, 0, 3, 23, 29, 43, 44, 63, 60, 99, 98, 108, 101, 117, 127, 127, 127, 127, 123, 109, 96, 108, 71, 63, 61, 33, 28, 13, 13, 9, 0, 3, 5, 6, 10, 25, 29, 33, 61, 62, 76, 73, 107, 96, 105, 117, 127, 127, 117]","[6, 7, 10, 52, 57, 69, 66, 110, 108, 127, 123, 127, 127, 127, 113, 114, 105, 102, 73, 57, 51, 44, 36, 13, 11, 6, 9, 0, 3, 23, 29, 43, 44, 63, 60, 99, 98, 108, 101, 117, 127, 127, 127, 127, 123, 109, 96, 108, 71, 63, 61, 33, 28, 13, 13, 9, 0, 3, 5, 6, 10, 25, 29, 33, 61, 62, 76, 73, 107, 96, 105, 117, 127, 127, 117]"
In-Distribution,20,exact_guidance_u,268,0,76,75,"[129, 6, 7, 10, 52, 57, 69, 66, 110, 108, 127, 123, 127, 127, 127, 113, 114, 105, 102, 73, 57, 51, 44, 36, 13, 11, 6, 9, 0, 3, 23, 29, 43, 44, 63, 60, 99, 98, 108, 101, 117, 127, 127, 127, 127, 123, 109, 96, 108, 71, 63, 61, 33, 28, 13, 13, 9, 0, 3, 5, 6, 10, 25, 29, 33, 61, 62, 76, 73, 107, 96, 105, 117, 127, 127, 117]","[6, 7, 10, 52, 57, 69, 66, 110, 108, 127, 123, 127, 127, 127, 113, 114, 105, 102, 73, 57, 51, 44, 36, 13, 11, 6, 9, 0, 3, 23, 29, 43, 44, 63, 60, 99, 98, 108, 101, 117, 127, 127, 127, 127, 123, 109, 96, 108, 71, 63, 61, 33, 28, 13, 13, 9, 0, 3, 5, 6, 10, 25, 29, 33, 61, 62, 76, 73, 107, 96, 105, 117, 127, 127, 117]"
In-Distribution,20,exact_guidance_u,269,0,76,75,"[129, 6, 7, 10, 52, 57, 69, 66, 110, 108, 127, 123, 127, 127, 127, 113, 114, 105, 102, 73, 57, 51, 44, 36, 13, 11, 6, 9, 0, 3, 23, 29, 43, 44, 63, 60, 99, 98, 108, 101, 117, 127, 127, 127, 127, 123, 109, 96, 108, 71, 63, 61, 33, 28, 13, 13, 9, 0, 3, 5, 6, 10, 25, 29, 33, 61, 62, 76, 73, 107, 96, 105, 117, 127, 127, 117]","[6, 7, 10, 52, 57, 69, 66, 110, 108, 127, 123, 127, 127, 127, 113, 114, 105, 102, 73, 57, 51, 44, 36, 13, 11, 6, 9, 0, 3, 23, 29, 43, 44, 63, 60, 99, 98, 108, 101, 117, 127, 127, 127, 127, 123, 109, 96, 108, 71, 63, 61, 33, 28, 13, 13, 9, 0, 3, 5, 6, 10, 25, 29, 33, 61, 62, 76, 73, 107, 96, 105, 117, 127, 127, 117]"
In-Distribution,20,exact_guidance_u,270,0,76,75,"[129, 6, 7, 10, 52, 57, 69, 66, 110, 108, 127, 123, 127, 127, 127, 113, 114, 105, 102, 73, 57, 51, 44, 36, 13, 11, 6, 9, 0, 3, 23, 29, 43, 44, 63, 60, 99, 98, 108, 101, 117, 127, 127, 127, 127, 123, 109, 96, 108, 71, 63, 61, 33, 28, 13, 13, 9, 0, 3, 5, 6, 10, 25, 29, 33, 61, 62, 76, 73, 107, 96, 105, 117, 127, 127, 117]","[6, 7, 10, 52, 57, 69, 66, 110, 108, 127, 123, 127, 127, 127, 113, 114, 105, 102, 73, 57, 51, 44, 36, 13, 11, 6, 9, 0, 3, 23, 29, 43, 44, 63, 60, 99, 98, 108, 101, 117, 127, 127, 127, 127, 123, 109, 96, 108, 71, 63, 61, 33, 28, 13, 13, 9, 0, 3, 5, 6, 10, 25, 29, 33, 61, 62, 76, 73, 107, 96, 105, 117, 127, 127, 117]"
In-Distribution,20,exact_guidance_u,271,0,76,75,"[129, 6, 7, 10, 52, 57, 69, 66, 110, 108, 127, 123, 127, 127, 127, 113, 114, 105, 102, 73, 57, 51, 44, 36, 13, 11, 6, 9, 0, 3, 23, 29, 43, 44, 63, 60, 99, 98, 108, 101, 117, 127, 127, 127, 127, 123, 109, 96, 108, 71, 63, 61, 33, 28, 13, 13, 9, 0, 3, 5, 6, 10, 25, 29, 33, 61, 62, 76, 73, 107, 96, 105, 117, 127, 127, 117]","[6, 7, 10, 52, 57, 69, 66, 110, 108, 127, 123, 127, 127, 127, 113, 114, 105, 102, 73, 57, 51, 44, 36, 13, 11, 6, 9, 0, 3, 23, 29, 43, 44, 63, 60, 99, 98, 108, 101, 117, 127, 127, 127, 127, 123, 109, 96, 108, 71, 63, 61, 33, 28, 13, 13, 9, 0, 3, 5, 6, 10, 25, 29, 33, 61, 62, 76, 73, 107, 96, 105, 117, 127, 127, 117]"
In-Distribution,20,exact_guidance_u,272,0,76,75,"[129, 6, 7, 10, 52, 57, 69, 66, 110, 108, 127, 123, 127, 127, 127, 113, 114, 105, 102, 73, 57, 51, 44, 36, 13, 11, 6, 9, 0, 3, 23, 29, 43, 44, 63, 60, 99, 98, 108, 101, 117, 127, 127, 127, 127, 123, 109, 96, 108, 71, 63, 61, 33, 28, 13, 13, 9, 0, 3, 5, 6, 10, 25, 29, 33, 61, 62, 76, 73, 107, 96, 105, 117, 127, 127, 117]","[6, 7, 10, 52, 57, 69, 66, 110, 108, 127, 123, 127, 127, 127, 113, 114, 105, 102, 73, 57, 51, 44, 36, 13, 11, 6, 9, 0, 3, 23, 29, 43, 44, 63, 60, 99, 98, 108, 101, 117, 127, 127, 127, 127, 123, 109, 96, 108, 71, 63, 61, 33, 28, 13, 13, 9, 0, 3, 5, 6, 10, 25, 29, 33, 61, 62, 76, 73, 107, 96, 105, 117, 127, 127, 117]"
In-Distribution,20,exact_guidance_u,273,0,76,75,"[129, 6, 7, 10, 52, 57, 69, 66, 110, 108, 127, 123, 127, 127, 127, 113, 114, 105, 102, 73, 57, 51, 44, 36, 13, 11, 6, 9, 0, 3, 23, 29, 43, 44, 63, 60, 99, 98, 108, 101, 117, 127, 127, 127, 127, 123, 109, 96, 108, 71, 63, 61, 33, 28, 13, 13, 9, 0, 3, 5, 6, 10, 25, 29, 33, 61, 62, 76, 73, 107, 96, 105, 117, 127, 127, 117]","[6, 7, 10, 52, 57, 69, 66, 110, 108, 127, 123, 127, 127, 127, 113, 114, 105, 102, 73, 57, 51, 44, 36, 13, 11, 6, 9, 0, 3, 23, 29, 43, 44, 63, 60, 99, 98, 108, 101, 117, 127, 127, 127, 127, 123, 109, 96, 108, 71, 63, 61, 33, 28, 13, 13, 9, 0, 3, 5, 6, 10, 25, 29, 33, 61, 62, 76, 73, 107, 96, 105, 117, 127, 127, 117]"
In-Distribution,20,exact_guidance_u,274,0,76,75,"[129, 6, 7, 10, 52, 57, 69, 66, 110, 108, 127, 123, 127, 127, 127, 113, 114, 105, 102, 73, 57, 51, 44, 36, 13, 11, 6, 9, 0, 3, 23, 29, 43, 44, 63, 60, 99, 98, 108, 101, 117, 127, 127, 127, 127, 123, 109, 96, 108, 71, 63, 61, 33, 28, 13, 13, 9, 0, 3, 5, 6, 10, 25, 29, 33, 61, 62, 76, 73, 107, 96, 105, 117, 127, 127, 117]","[6, 7, 10, 52, 57, 69, 66, 110, 108, 127, 123, 127, 127, 127, 113, 114, 105, 102, 73, 57, 51, 44, 36, 13, 11, 6, 9, 0, 3, 23, 29, 43, 44, 63, 60, 99, 98, 108, 101, 117, 127, 127, 127, 127, 123, 109, 96, 108, 71, 63, 61, 33, 28, 13, 13, 9, 0, 3, 5, 6, 10, 25, 29, 33, 61, 62, 76, 73, 107, 96, 105, 117, 127, 127, 117]"
In-Distribution,20,exact_guidance_u,275,0,76,75,"[129, 6, 7, 10, 52, 57, 69, 66, 110, 108, 127, 123, 127, 127, 127, 113, 114, 105, 102, 73, 57, 51, 44, 36, 13, 11, 6, 9, 0, 3, 23, 29, 43, 44, 63, 60, 99, 98, 108, 101, 117, 127, 127, 127, 127, 123, 109, 96, 108, 71, 63, 61, 33, 28, 13, 13, 9, 0, 3, 5, 6, 10, 25, 29, 33, 61, 62, 76, 73, 107, 96, 105, 117, 127, 127, 117]","[6, 7, 10, 52, 57, 69, 66, 110, 108, 127, 123, 127, 127, 127, 113, 114, 105, 102, 73, 57, 51, 44, 36, 13, 11, 6, 9, 0, 3, 23, 29, 43, 44, 63, 60, 99, 98, 108, 101, 117, 127, 127, 127, 127, 123, 109, 96, 108, 71, 63, 61, 33, 28, 13, 13, 9, 0, 3, 5, 6, 10, 25, 29, 33, 61, 62, 76, 73, 107, 96, 105, 117, 127, 127, 117]"
In-Distribution,20,exact_guidance_u,276,0,76,75,"[129, 6, 7, 10, 52, 57, 69, 66, 110, 108, 127, 123, 127, 127, 127, 113, 114, 105, 102, 73, 57, 51, 44, 36, 13, 11, 6, 9, 0, 3, 23, 29, 43, 44, 63, 60, 99, 98, 108, 101, 117, 127, 127, 127, 127, 123, 109, 96, 108, 71, 63, 61, 33, 28, 13, 13, 9, 0, 3, 5, 6, 10, 25, 29, 33, 61, 62, 76, 73, 107, 96, 105, 117, 127, 127, 117]","[6, 7, 10, 52, 57, 69, 66, 110, 108, 127, 123, 127, 127, 127, 113, 114, 105, 102, 73, 57, 51, 44, 36, 13, 11, 6, 9, 0, 3, 23, 29, 43, 44, 63, 60, 99, 98, 108, 101, 117, 127, 127, 127, 127, 123, 109, 96, 108, 71, 63, 61, 33, 28, 13, 13, 9, 0, 3, 5, 6, 10, 25, 29, 33, 61, 62, 76, 73, 107, 96, 105, 117, 127, 127, 117]"
In-Distribution,20,exact_guidance_u,277,0,76,75,"[129, 6, 7, 10, 52, 57, 69, 66, 110, 108, 127, 123, 127, 127, 127, 113, 114, 105, 102, 73, 57, 51, 44, 36, 13, 11, 6, 9, 0, 3, 23, 29, 43, 44, 63, 60, 99, 98, 108, 101, 117, 127, 127, 127, 127, 123, 109, 96, 108, 71, 63, 61, 33, 28, 13, 13, 9, 0, 3, 5, 6, 10, 25, 29, 33, 61, 62, 76, 73, 107, 96, 105, 117, 127, 127, 117]","[6, 7, 10, 52, 57, 69, 66, 110, 108, 127, 123, 127, 127, 127, 113, 114, 105, 102, 73, 57, 51, 44, 36, 13, 11, 6, 9, 0, 3, 23, 29, 43, 44, 63, 60, 99, 98, 108, 101, 117, 127, 127, 127, 127, 123, 109, 96, 108, 71, 63, 61, 33, 28, 13, 13, 9, 0, 3, 5, 6, 10, 25, 29, 33, 61, 62, 76, 73, 107, 96, 105, 117, 127, 127, 117]"
In-Distribution,20,exact_guidance_u,278,0,76,75,"[129, 6, 7, 10, 52, 57, 69, 66, 110, 108, 127, 123, 127, 127, 127, 113, 114, 105, 102, 73, 57, 51, 44, 36, 13, 11, 6, 9, 0, 3, 23, 29, 43, 44, 63, 60, 99, 98, 108, 101, 117, 127, 127, 127, 127, 123, 109, 96, 108, 71, 63, 61, 33, 28, 13, 13, 9, 0, 3, 5, 6, 10, 25, 29, 33, 61, 62, 76, 73, 107, 96, 105, 117, 127, 127, 117]","[6, 7, 10, 52, 57, 69, 66, 110, 108, 127, 123, 127, 127, 127, 113, 114, 105, 102, 73, 57, 51, 44, 36, 13, 11, 6, 9, 0, 3, 23, 29, 43, 44, 63, 60, 99, 98, 108, 101, 117, 127, 127, 127, 127, 123, 109, 96, 108, 71, 63, 61, 33, 28, 13, 13, 9, 0, 3, 5, 6, 10, 25, 29, 33, 61, 62, 76, 73, 107, 96, 105, 117, 127, 127, 117]"
In-Distribution,20,exact_guidance_u,279,0,76,75,"[129, 6, 7, 10, 52, 57, 69, 66, 110, 108, 127, 123, 127, 127, 127, 113, 114, 105, 102, 73, 57, 51, 44, 36, 13, 11, 6, 9, 0, 3, 23, 29, 43, 44, 63, 60, 99, 98, 108, 101, 117, 127, 127, 127, 127, 123, 109, 96, 108, 71, 63, 61, 33, 28, 13, 13, 9, 0, 3, 5, 6, 10, 25, 29, 33, 61, 62, 76, 73, 107, 96, 105, 117, 127, 127, 117]","[6, 7, 10, 52, 57, 69, 66, 110, 108, 127, 123, 127, 127, 127, 113, 114, 105, 102, 73, 57, 51, 44, 36, 13, 11, 6, 9, 0, 3, 23, 29, 43, 44, 63, 60, 99, 98, 108, 101, 117, 127, 127, 127, 127, 123, 109, 96, 108, 71, 63, 61, 33, 28, 13, 13, 9, 0, 3, 5, 6, 10, 25, 29, 33, 61, 62, 76, 73, 107, 96, 105, 117, 127, 127, 117]"
In-Distribution,20,exact_guidance_u,280,0,76,75,"[129, 6, 7, 10, 52, 57, 69, 66, 110, 108, 127, 123, 127, 127, 127, 113, 114, 105, 102, 73, 57, 51, 44, 36, 13, 11, 6, 9, 0, 3, 23, 29, 43, 44, 63, 60, 99, 98, 108, 101, 117, 127, 127, 127, 127, 123, 109, 96, 108, 71, 63, 61, 33, 28, 13, 13, 9, 0, 3, 5, 6, 10, 25, 29, 33, 61, 62, 76, 73, 107, 96, 105, 117, 127, 127, 117]","[6, 7, 10, 52, 57, 69, 66, 110, 108, 127, 123, 127, 127, 127, 113, 114, 105, 102, 73, 57, 51, 44, 36, 13, 11, 6, 9, 0, 3, 23, 29, 43, 44, 63, 60, 99, 98, 108, 101, 117, 127, 127, 127, 127, 123, 109, 96, 108, 71, 63, 61, 33, 28, 13, 13, 9, 0, 3, 5, 6, 10, 25, 29, 33, 61, 62, 76, 73, 107, 96, 105, 117, 127, 127, 117]"
In-Distribution,20,exact_guidance_u,281,0,76,75,"[129, 6, 7, 10, 52, 57, 69, 66, 110, 108, 127, 123, 127, 127, 127, 113, 114, 105, 102, 73, 57, 51, 44, 36, 13, 11, 6, 9, 0, 3, 23, 29, 43, 44, 63, 60, 99, 98, 108, 101, 117, 127, 127, 127, 127, 123, 109, 96, 108, 71, 63, 61, 33, 28, 13, 13, 9, 0, 3, 5, 6, 10, 25, 29, 33, 61, 62, 76, 73, 107, 96, 105, 117, 127, 127, 117]","[6, 7, 10, 52, 57, 69, 66, 110, 108, 127, 123, 127, 127, 127, 113, 114, 105, 102, 73, 57, 51, 44, 36, 13, 11, 6, 9, 0, 3, 23, 29, 43, 44, 63, 60, 99, 98, 108, 101, 117, 127, 127, 127, 127, 123, 109, 96, 108, 71, 63, 61, 33, 28, 13, 13, 9, 0, 3, 5, 6, 10, 25, 29, 33, 61, 62, 76, 73, 107, 96, 105, 117, 127, 127, 117]"
In-Distribution,20,exact_guidance_u,282,0,76,75,"[129, 6, 7, 10, 52, 57, 69, 66, 110, 108, 127, 123, 127, 127, 127, 113, 114, 105, 102, 73, 57, 51, 44, 36, 13, 11, 6, 9, 0, 3, 23, 29, 43, 44, 63, 60, 99, 98, 108, 101, 117, 127, 127, 127, 127, 123, 109, 96, 108, 71, 63, 61, 33, 28, 13, 13, 9, 0, 3, 5, 6, 10, 25, 29, 33, 61, 62, 76, 73, 107, 96, 105, 117, 127, 127, 117]","[6, 7, 10, 52, 57, 69, 66, 110, 108, 127, 123, 127, 127, 127, 113, 114, 105, 102, 73, 57, 51, 44, 36, 13, 11, 6, 9, 0, 3, 23, 29, 43, 44, 63, 60, 99, 98, 108, 101, 117, 127, 127, 127, 127, 123, 109, 96, 108, 71, 63, 61, 33, 28, 13, 13, 9, 0, 3, 5, 6, 10, 25, 29, 33, 61, 62, 76, 73, 107, 96, 105, 117, 127, 127, 117]"
In-Distribution,20,exact_guidance_u,283,0,76,75,"[129, 6, 7, 10, 52, 57, 69, 66, 110, 108, 127, 123, 127, 127, 127, 113, 114, 105, 102, 73, 57, 51, 44, 36, 13, 11, 6, 9, 0, 3, 23, 29, 43, 44, 63, 60, 99, 98, 108, 101, 117, 127, 127, 127, 127, 123, 109, 96, 108, 71, 63, 61, 33, 28, 13, 13, 9, 0, 3, 5, 6, 10, 25, 29, 33, 61, 62, 76, 73, 107, 96, 105, 117, 127, 127, 117]","[6, 7, 10, 52, 57, 69, 66, 110, 108, 127, 123, 127, 127, 127, 113, 114, 105, 102, 73, 57, 51, 44, 36, 13, 11, 6, 9, 0, 3, 23, 29, 43, 44, 63, 60, 99, 98, 108, 101, 117, 127, 127, 127, 127, 123, 109, 96, 108, 71, 63, 61, 33, 28, 13, 13, 9, 0, 3, 5, 6, 10, 25, 29, 33, 61, 62, 76, 73, 107, 96, 105, 117, 127, 127, 117]"
In-Distribution,20,exact_guidance_u,284,0,76,75,"[129, 6, 7, 10, 52, 57, 69, 66, 110, 108, 127, 123, 127, 127, 127, 113, 114, 105, 102, 73, 57, 51, 44, 36, 13, 11, 6, 9, 0, 3, 23, 29, 43, 44, 63, 60, 99, 98, 108, 101, 117, 127, 127, 127, 127, 123, 109, 96, 108, 71, 63, 61, 33, 28, 13, 13, 9, 0, 3, 5, 6, 10, 25, 29, 33, 61, 62, 76, 73, 107, 96, 105, 117, 127, 127, 117]","[6, 7, 10, 52, 57, 69, 66, 110, 108, 127, 123, 127, 127, 127, 113, 114, 105, 102, 73, 57, 51, 44, 36, 13, 11, 6, 9, 0, 3, 23, 29, 43, 44, 63, 60, 99, 98, 108, 101, 117, 127, 127, 127, 127, 123, 109, 96, 108, 71, 63, 61, 33, 28, 13, 13, 9, 0, 3, 5, 6, 10, 25, 29, 33, 61, 62, 76, 73, 107, 96, 105, 117, 127, 127, 117]"
In-Distribution,20,exact_guidance_u,285,0,76,75,"[129, 6, 7, 10, 52, 57, 69, 66, 110, 108, 127, 123, 127, 127, 127, 113, 114, 105, 102, 73, 57, 51, 44, 36, 13, 11, 6, 9, 0, 3, 23, 29, 43, 44, 63, 60, 99, 98, 108, 101, 117, 127, 127, 127, 127, 123, 109, 96, 108, 71, 63, 61, 33, 28, 13, 13, 9, 0, 3, 5, 6, 10, 25, 29, 33, 61, 62, 76, 73, 107, 96, 105, 117, 127, 127, 117]","[6, 7, 10, 52, 57, 69, 66, 110, 108, 127, 123, 127, 127, 127, 113, 114, 105, 102, 73, 57, 51, 44, 36, 13, 11, 6, 9, 0, 3, 23, 29, 43, 44, 63, 60, 99, 98, 108, 101, 117, 127, 127, 127, 127, 123, 109, 96, 108, 71, 63, 61, 33, 28, 13, 13, 9, 0, 3, 5, 6, 10, 25, 29, 33, 61, 62, 76, 73, 107, 96, 105, 117, 127, 127, 117]"
In-Distribution,20,exact_guidance_u,286,0,76,75,"[129, 6, 7, 10, 52, 57, 69, 66, 110, 108, 127, 123, 127, 127, 127, 113, 114, 105, 102, 73, 57, 51, 44, 36, 13, 11, 6, 9, 0, 3, 23, 29, 43, 44, 63, 60, 99, 98, 108, 101, 117, 127, 127, 127, 127, 123, 109, 96, 108, 71, 63, 61, 33, 28, 13, 13, 9, 0, 3, 5, 6, 10, 25, 29, 33, 61, 62, 76, 73, 107, 96, 105, 117, 127, 127, 117]","[6, 7, 10, 52, 57, 69, 66, 110, 108, 127, 123, 127, 127, 127, 113, 114, 105, 102, 73, 57, 51, 44, 36, 13, 11, 6, 9, 0, 3, 23, 29, 43, 44, 63, 60, 99, 98, 108, 101, 117, 127, 127, 127, 127, 123, 109, 96, 108, 71, 63, 61, 33, 28, 13, 13, 9, 0, 3, 5, 6, 10, 25, 29, 33, 61, 62, 76, 73, 107, 96, 105, 117, 127, 127, 117]"
In-Distribution,20,exact_guidance_u,287,0,76,75,"[129, 6, 7, 10, 52, 57, 69, 66, 110, 108, 127, 123, 127, 127, 127, 113, 114, 105, 102, 73, 57, 51, 44, 36, 13, 11, 6, 9, 0, 3, 23, 29, 43, 44, 63, 60, 99, 98, 108, 101, 117, 127, 127, 127, 127, 123, 109, 96, 108, 71, 63, 61, 33, 28, 13, 13, 9, 0, 3, 5, 6, 10, 25, 29, 33, 61, 62, 76, 73, 107, 96, 105, 117, 127, 127, 117]","[6, 7, 10, 52, 57, 69, 66, 110, 108, 127, 123, 127, 127, 127, 113, 114, 105, 102, 73, 57, 51, 44, 36, 13, 11, 6, 9, 0, 3, 23, 29, 43, 44, 63, 60, 99, 98, 108, 101, 117, 127, 127, 127, 127, 123, 109, 96, 108, 71, 63, 61, 33, 28, 13, 13, 9, 0, 3, 5, 6, 10, 25, 29, 33, 61, 62, 76, 73, 107, 96, 105, 117, 127, 127, 117]"
In-Distribution,20,exact_guidance_u,288,0,76,75,"[129, 6, 7, 10, 52, 57, 69, 66, 110, 108, 127, 123, 127, 127, 127, 113, 114, 105, 102, 73, 57, 51, 44, 36, 13, 11, 6, 9, 0, 3, 23, 29, 43, 44, 63, 60, 99, 98, 108, 101, 117, 127, 127, 127, 127, 123, 109, 96, 108, 71, 63, 61, 33, 28, 13, 13, 9, 0, 3, 5, 6, 10, 25, 29, 33, 61, 62, 76, 73, 107, 96, 105, 117, 127, 127, 117]","[6, 7, 10, 52, 57, 69, 66, 110, 108, 127, 123, 127, 127, 127, 113, 114, 105, 102, 73, 57, 51, 44, 36, 13, 11, 6, 9, 0, 3, 23, 29, 43, 44, 63, 60, 99, 98, 108, 101, 117, 127, 127, 127, 127, 123, 109, 96, 108, 71, 63, 61, 33, 28, 13, 13, 9, 0, 3, 5, 6, 10, 25, 29, 33, 61, 62, 76, 73, 107, 96, 105, 117, 127, 127, 117]"
In-Distribution,20,exact_guidance_u,289,0,76,75,"[129, 6, 7, 10, 52, 57, 69, 66, 110, 108, 127, 123, 127, 127, 127, 113, 114, 105, 102, 73, 57, 51, 44, 36, 13, 11, 6, 9, 0, 3, 23, 29, 43, 44, 63, 60, 99, 98, 108, 101, 117, 127, 127, 127, 127, 123, 109, 96, 108, 71, 63, 61, 33, 28, 13, 13, 9, 0, 3, 5, 6, 10, 25, 29, 33, 61, 62, 76, 73, 107, 96, 105, 117, 127, 127, 117]","[6, 7, 10, 52, 57, 69, 66, 110, 108, 127, 123, 127, 127, 127, 113, 114, 105, 102, 73, 57, 51, 44, 36, 13, 11, 6, 9, 0, 3, 23, 29, 43, 44, 63, 60, 99, 98, 108, 101, 117, 127, 127, 127, 127, 123, 109, 96, 108, 71, 63, 61, 33, 28, 13, 13, 9, 0, 3, 5, 6, 10, 25, 29, 33, 61, 62, 76, 73, 107, 96, 105, 117, 127, 127, 117]"
In-Distribution,20,exact_guidance_u,290,0,76,75,"[129, 6, 7, 10, 52, 57, 69, 66, 110, 108, 127, 123, 127, 127, 127, 113, 114, 105, 102, 73, 57, 51, 44, 36, 13, 11, 6, 9, 0, 3, 23, 29, 43, 44, 63, 60, 99, 98, 108, 101, 117, 127, 127, 127, 127, 123, 109, 96, 108, 71, 63, 61, 33, 28, 13, 13, 9, 0, 3, 5, 6, 10, 25, 29, 33, 61, 62, 76, 73, 107, 96, 105, 117, 127, 127, 117]","[6, 7, 10, 52, 57, 69, 66, 110, 108, 127, 123, 127, 127, 127, 113, 114, 105, 102, 73, 57, 51, 44, 36, 13, 11, 6, 9, 0, 3, 23, 29, 43, 44, 63, 60, 99, 98, 108, 101, 117, 127, 127, 127, 127, 123, 109, 96, 108, 71, 63, 61, 33, 28, 13, 13, 9, 0, 3, 5, 6, 10, 25, 29, 33, 61, 62, 76, 73, 107, 96, 105, 117, 127, 127, 117]"
In-Distribution,20,exact_guidance_u,291,0,76,75,"[129, 6, 7, 10, 52, 57, 69, 66, 110, 108, 127, 123, 127, 127, 127, 113, 114, 105, 102, 73, 57, 51, 44, 36, 13, 11, 6, 9, 0, 3, 23, 29, 43, 44, 63, 60, 99, 98, 108, 101, 117, 127, 127, 127, 127, 123, 109, 96, 108, 71, 63, 61, 33, 28, 13, 13, 9, 0, 3, 5, 6, 10, 25, 29, 33, 61, 62, 76, 73, 107, 96, 105, 117, 127, 127, 117]","[6, 7, 10, 52, 57, 69, 66, 110, 108, 127, 123, 127, 127, 127, 113, 114, 105, 102, 73, 57, 51, 44, 36, 13, 11, 6, 9, 0, 3, 23, 29, 43, 44, 63, 60, 99, 98, 108, 101, 117, 127, 127, 127, 127, 123, 109, 96, 108, 71, 63, 61, 33, 28, 13, 13, 9, 0, 3, 5, 6, 10, 25, 29, 33, 61, 62, 76, 73, 107, 96, 105, 117, 127, 127, 117]"
In-Distribution,20,exact_guidance_u,292,0,76,75,"[129, 6, 7, 10, 52, 57, 69, 66, 110, 108, 127, 123, 127, 127, 127, 113, 114, 105, 102, 73, 57, 51, 44, 36, 13, 11, 6, 9, 0, 3, 23, 29, 43, 44, 63, 60, 99, 98, 108, 101, 117, 127, 127, 127, 127, 123, 109, 96, 108, 71, 63, 61, 33, 28, 13, 13, 9, 0, 3, 5, 6, 10, 25, 29, 33, 61, 62, 76, 73, 107, 96, 105, 117, 127, 127, 117]","[6, 7, 10, 52, 57, 69, 66, 110, 108, 127, 123, 127, 127, 127, 113, 114, 105, 102, 73, 57, 51, 44, 36, 13, 11, 6, 9, 0, 3, 23, 29, 43, 44, 63, 60, 99, 98, 108, 101, 117, 127, 127, 127, 127, 123, 109, 96, 108, 71, 63, 61, 33, 28, 13, 13, 9, 0, 3, 5, 6, 10, 25, 29, 33, 61, 62, 76, 73, 107, 96, 105, 117, 127, 127, 117]"
In-Distribution,20,exact_guidance_u,293,0,76,75,"[129, 6, 7, 10, 52, 57, 69, 66, 110, 108, 127, 123, 127, 127, 127, 113, 114, 105, 102, 73, 57, 51, 44, 36, 13, 11, 6, 9, 0, 3, 23, 29, 43, 44, 63, 60, 99, 98, 108, 101, 117, 127, 127, 127, 127, 123, 109, 96, 108, 71, 63, 61, 33, 28, 13, 13, 9, 0, 3, 5, 6, 10, 25, 29, 33, 61, 62, 76, 73, 107, 96, 105, 117, 127, 127, 117]","[6, 7, 10, 52, 57, 69, 66, 110, 108, 127, 123, 127, 127, 127, 113, 114, 105, 102, 73, 57, 51, 44, 36, 13, 11, 6, 9, 0, 3, 23, 29, 43, 44, 63, 60, 99, 98, 108, 101, 117, 127, 127, 127, 127, 123, 109, 96, 108, 71, 63, 61, 33, 28, 13, 13, 9, 0, 3, 5, 6, 10, 25, 29, 33, 61, 62, 76, 73, 107, 96, 105, 117, 127, 127, 117]"
In-Distribution,20,exact_guidance_u,294,0,76,75,"[129, 6, 7, 10, 52, 57, 69, 66, 110, 108, 127, 123, 127, 127, 127, 113, 114, 105, 102, 73, 57, 51, 44, 36, 13, 11, 6, 9, 0, 3, 23, 29, 43, 44, 63, 60, 99, 98, 108, 101, 117, 127, 127, 127, 127, 123, 109, 96, 108, 71, 63, 61, 33, 28, 13, 13, 9, 0, 3, 5, 6, 10, 25, 29, 33, 61, 62, 76, 73, 107, 96, 105, 117, 127, 127, 117]","[6, 7, 10, 52, 57, 69, 66, 110, 108, 127, 123, 127, 127, 127, 113, 114, 105, 102, 73, 57, 51, 44, 36, 13, 11, 6, 9, 0, 3, 23, 29, 43, 44, 63, 60, 99, 98, 108, 101, 117, 127, 127, 127, 127, 123, 109, 96, 108, 71, 63, 61, 33, 28, 13, 13, 9, 0, 3, 5, 6, 10, 25, 29, 33, 61, 62, 76, 73, 107, 96, 105, 117, 127, 127, 117]"
In-Distribution,20,exact_guidance_u,295,0,76,75,"[129, 6, 7, 10, 52, 57, 69, 66, 110, 108, 127, 123, 127, 127, 127, 113, 114, 105, 102, 73, 57, 51, 44, 36, 13, 11, 6, 9, 0, 3, 23, 29, 43, 44, 63, 60, 99, 98, 108, 101, 117, 127, 127, 127, 127, 123, 109, 96, 108, 71, 63, 61, 33, 28, 13, 13, 9, 0, 3, 5, 6, 10, 25, 29, 33, 61, 62, 76, 73, 107, 96, 105, 117, 127, 127, 117]","[6, 7, 10, 52, 57, 69, 66, 110, 108, 127, 123, 127, 127, 127, 113, 114, 105, 102, 73, 57, 51, 44, 36, 13, 11, 6, 9, 0, 3, 23, 29, 43, 44, 63, 60, 99, 98, 108, 101, 117, 127, 127, 127, 127, 123, 109, 96, 108, 71, 63, 61, 33, 28, 13, 13, 9, 0, 3, 5, 6, 10, 25, 29, 33, 61, 62, 76, 73, 107, 96, 105, 117, 127, 127, 117]"
In-Distribution,20,exact_guidance_u,296,0,76,75,"[129, 6, 7, 10, 52, 57, 69, 66, 110, 108, 127, 123, 127, 127, 127, 113, 114, 105, 102, 73, 57, 51, 44, 36, 13, 11, 6, 9, 0, 3, 23, 29, 43, 44, 63, 60, 99, 98, 108, 101, 117, 127, 127, 127, 127, 123, 109, 96, 108, 71, 63, 61, 33, 28, 13, 13, 9, 0, 3, 5, 6, 10, 25, 29, 33, 61, 62, 76, 73, 107, 96, 105, 117, 127, 127, 117]","[6, 7, 10, 52, 57, 69, 66, 110, 108, 127, 123, 127, 127, 127, 113, 114, 105, 102, 73, 57, 51, 44, 36, 13, 11, 6, 9, 0, 3, 23, 29, 43, 44, 63, 60, 99, 98, 108, 101, 117, 127, 127, 127, 127, 123, 109, 96, 108, 71, 63, 61, 33, 28, 13, 13, 9, 0, 3, 5, 6, 10, 25, 29, 33, 61, 62, 76, 73, 107, 96, 105, 117, 127, 127, 117]"
In-Distribution,20,exact_guidance_u,297,0,76,75,"[129, 6, 7, 10, 52, 57, 69, 66, 110, 108, 127, 123, 127, 127, 127, 113, 114, 105, 102, 73, 57, 51, 44, 36, 13, 11, 6, 9, 0, 3, 23, 29, 43, 44, 63, 60, 99, 98, 108, 101, 117, 127, 127, 127, 127, 123, 109, 96, 108, 71, 63, 61, 33, 28, 13, 13, 9, 0, 3, 5, 6, 10, 25, 29, 33, 61, 62, 76, 73, 107, 96, 105, 117, 127, 127, 117]","[6, 7, 10, 52, 57, 69, 66, 110, 108, 127, 123, 127, 127, 127, 113, 114, 105, 102, 73, 57, 51, 44, 36, 13, 11, 6, 9, 0, 3, 23, 29, 43, 44, 63, 60, 99, 98, 108, 101, 117, 127, 127, 127, 127, 123, 109, 96, 108, 71, 63, 61, 33, 28, 13, 13, 9, 0, 3, 5, 6, 10, 25, 29, 33, 61, 62, 76, 73, 107, 96, 105, 117, 127, 127, 117]"
In-Distribution,20,exact_guidance_u,298,0,76,75,"[129, 6, 7, 10, 52, 57, 69, 66, 110, 108, 127, 123, 127, 127, 127, 113, 114, 105, 102, 73, 57, 51, 44, 36, 13, 11, 6, 9, 0, 3, 23, 29, 43, 44, 63, 60, 99, 98, 108, 101, 117, 127, 127, 127, 127, 123, 109, 96, 108, 71, 63, 61, 33, 28, 13, 13, 9, 0, 3, 5, 6, 10, 25, 29, 33, 61, 62, 76, 73, 107, 96, 105, 117, 127, 127, 117]","[6, 7, 10, 52, 57, 69, 66, 110, 108, 127, 123, 127, 127, 127, 113, 114, 105, 102, 73, 57, 51, 44, 36, 13, 11, 6, 9, 0, 3, 23, 29, 43, 44, 63, 60, 99, 98, 108, 101, 117, 127, 127, 127, 127, 123, 109, 96, 108, 71, 63, 61, 33, 28, 13, 13, 9, 0, 3, 5, 6, 10, 25, 29, 33, 61, 62, 76, 73, 107, 96, 105, 117, 127, 127, 117]"
In-Distribution,20,exact_guidance_u,299,0,76,75,"[129, 6, 7, 10, 52, 57, 69, 66, 110, 108, 127, 123, 127, 127, 127, 113, 114, 105, 102, 73, 57, 51, 44, 36, 13, 11, 6, 9, 0, 3, 23, 29, 43, 44, 63, 60, 99, 98, 108, 101, 117, 127, 127, 127, 127, 123, 109, 96, 108, 71, 63, 61, 33, 28, 13, 13, 9, 0, 3, 5, 6, 10, 25, 29, 33, 61, 62, 76, 73, 107, 96, 105, 117, 127, 127, 117]","[6, 7, 10, 52, 57, 69, 66, 110, 108, 127, 123, 127, 127, 127, 113, 114, 105, 102, 73, 57, 51, 44, 36, 13, 11, 6, 9, 0, 3, 23, 29, 43, 44, 63, 60, 99, 98, 108, 101, 117, 127, 127, 127, 127, 123, 109, 96, 108, 71, 63, 61, 33, 28, 13, 13, 9, 0, 3, 5, 6, 10, 25, 29, 33, 61, 62, 76, 73, 107, 96, 105, 117, 127, 127, 117]"
In-Distribution,20,exact_guidance_u,300,0,76,75,"[129, 6, 7, 10, 52, 57, 69, 66, 110, 108, 127, 123, 127, 127, 127, 113, 114, 105, 102, 73, 57, 51, 44, 36, 13, 11, 6, 9, 0, 3, 23, 29, 43, 44, 63, 60, 99, 98, 108, 101, 117, 127, 127, 127, 127, 123, 109, 96, 108, 71, 63, 61, 33, 28, 13, 13, 9, 0, 3, 5, 6, 10, 25, 29, 33, 61, 62, 76, 73, 107, 96, 105, 117, 127, 127, 117]","[6, 7, 10, 52, 57, 69, 66, 110, 108, 127, 123, 127, 127, 127, 113, 114, 105, 102, 73, 57, 51, 44, 36, 13, 11, 6, 9, 0, 3, 23, 29, 43, 44, 63, 60, 99, 98, 108, 101, 117, 127, 127, 127, 127, 123, 109, 96, 108, 71, 63, 61, 33, 28, 13, 13, 9, 0, 3, 5, 6, 10, 25, 29, 33, 61, 62, 76, 73, 107, 96, 105, 117, 127, 127, 117]"
In-Distribution,20,exact_guidance_u,301,0,76,75,"[129, 6, 7, 10, 52, 57, 69, 66, 110, 108, 127, 123, 127, 127, 127, 113, 114, 105, 102, 73, 57, 51, 44, 36, 13, 11, 6, 9, 0, 3, 23, 29, 43, 44, 63, 60, 99, 98, 108, 101, 117, 127, 127, 127, 127, 123, 109, 96, 108, 71, 63, 61, 33, 28, 13, 13, 9, 0, 3, 5, 6, 10, 25, 29, 33, 61, 62, 76, 73, 107, 96, 105, 117, 127, 127, 117]","[6, 7, 10, 52, 57, 69, 66, 110, 108, 127, 123, 127, 127, 127, 113, 114, 105, 102, 73, 57, 51, 44, 36, 13, 11, 6, 9, 0, 3, 23, 29, 43, 44, 63, 60, 99, 98, 108, 101, 117, 127, 127, 127, 127, 123, 109, 96, 108, 71, 63, 61, 33, 28, 13, 13, 9, 0, 3, 5, 6, 10, 25, 29, 33, 61, 62, 76, 73, 107, 96, 105, 117, 127, 127, 117]"
In-Distribution,20,exact_guidance_u,302,0,76,75,"[129, 6, 7, 10, 52, 57, 69, 66, 110, 108, 127, 123, 127, 127, 127, 113, 114, 105, 102, 73, 57, 51, 44, 36, 13, 11, 6, 9, 0, 3, 23, 29, 43, 44, 63, 60, 99, 98, 108, 101, 117, 127, 127, 127, 127, 123, 109, 96, 108, 71, 63, 61, 33, 28, 13, 13, 9, 0, 3, 5, 6, 10, 25, 29, 33, 61, 62, 76, 73, 107, 96, 105, 117, 127, 127, 117]","[6, 7, 10, 52, 57, 69, 66, 110, 108, 127, 123, 127, 127, 127, 113, 114, 105, 102, 73, 57, 51, 44, 36, 13, 11, 6, 9, 0, 3, 23, 29, 43, 44, 63, 60, 99, 98, 108, 101, 117, 127, 127, 127, 127, 123, 109, 96, 108, 71, 63, 61, 33, 28, 13, 13, 9, 0, 3, 5, 6, 10, 25, 29, 33, 61, 62, 76, 73, 107, 96, 105, 117, 127, 127, 117]"
In-Distribution,20,exact_guidance_u,303,0,76,75,"[129, 6, 7, 10, 52, 57, 69, 66, 110, 108, 127, 123, 127, 127, 127, 113, 114, 105, 102, 73, 57, 51, 44, 36, 13, 11, 6, 9, 0, 3, 23, 29, 43, 44, 63, 60, 99, 98, 108, 101, 117, 127, 127, 127, 127, 123, 109, 96, 108, 71, 63, 61, 33, 28, 13, 13, 9, 0, 3, 5, 6, 10, 25, 29, 33, 61, 62, 76, 73, 107, 96, 105, 117, 127, 127, 117]","[6, 7, 10, 52, 57, 69, 66, 110, 108, 127, 123, 127, 127, 127, 113, 114, 105, 102, 73, 57, 51, 44, 36, 13, 11, 6, 9, 0, 3, 23, 29, 43, 44, 63, 60, 99, 98, 108, 101, 117, 127, 127, 127, 127, 123, 109, 96, 108, 71, 63, 61, 33, 28, 13, 13, 9, 0, 3, 5, 6, 10, 25, 29, 33, 61, 62, 76, 73, 107, 96, 105, 117, 127, 127, 117]"
In-Distribution,20,exact_guidance_u,304,0,76,75,"[129, 6, 7, 10, 52, 57, 69, 66, 110, 108, 127, 123, 127, 127, 127, 113, 114, 105, 102, 73, 57, 51, 44, 36, 13, 11, 6, 9, 0, 3, 23, 29, 43, 44, 63, 60, 99, 98, 108, 101, 117, 127, 127, 127, 127, 123, 109, 96, 108, 71, 63, 61, 33, 28, 13, 13, 9, 0, 3, 5, 6, 10, 25, 29, 33, 61, 62, 76, 73, 107, 96, 105, 117, 127, 127, 117]","[6, 7, 10, 52, 57, 69, 66, 110, 108, 127, 123, 127, 127, 127, 113, 114, 105, 102, 73, 57, 51, 44, 36, 13, 11, 6, 9, 0, 3, 23, 29, 43, 44, 63, 60, 99, 98, 108, 101, 117, 127, 127, 127, 127, 123, 109, 96, 108, 71, 63, 61, 33, 28, 13, 13, 9, 0, 3, 5, 6, 10, 25, 29, 33, 61, 62, 76, 73, 107, 96, 105, 117, 127, 127, 117]"
In-Distribution,20,exact_guidance_u,305,0,76,75,"[129, 6, 7, 10, 52, 57, 69, 66, 110, 108, 127, 123, 127, 127, 127, 113, 114, 105, 102, 73, 57, 51, 44, 36, 13, 11, 6, 9, 0, 3, 23, 29, 43, 44, 63, 60, 99, 98, 108, 101, 117, 127, 127, 127, 127, 123, 109, 96, 108, 71, 63, 61, 33, 28, 13, 13, 9, 0, 3, 5, 6, 10, 25, 29, 33, 61, 62, 76, 73, 107, 96, 105, 117, 127, 127, 117]","[6, 7, 10, 52, 57, 69, 66, 110, 108, 127, 123, 127, 127, 127, 113, 114, 105, 102, 73, 57, 51, 44, 36, 13, 11, 6, 9, 0, 3, 23, 29, 43, 44, 63, 60, 99, 98, 108, 101, 117, 127, 127, 127, 127, 123, 109, 96, 108, 71, 63, 61, 33, 28, 13, 13, 9, 0, 3, 5, 6, 10, 25, 29, 33, 61, 62, 76, 73, 107, 96, 105, 117, 127, 127, 117]"
In-Distribution,20,exact_guidance_u,306,0,76,75,"[129, 6, 7, 10, 52, 57, 69, 66, 110, 108, 127, 123, 127, 127, 127, 113, 114, 105, 102, 73, 57, 51, 44, 36, 13, 11, 6, 9, 0, 3, 23, 29, 43, 44, 63, 60, 99, 98, 108, 101, 117, 127, 127, 127, 127, 123, 109, 96, 108, 71, 63, 61, 33, 28, 13, 13, 9, 0, 3, 5, 6, 10, 25, 29, 33, 61, 62, 76, 73, 107, 96, 105, 117, 127, 127, 117]","[6, 7, 10, 52, 57, 69, 66, 110, 108, 127, 123, 127, 127, 127, 113, 114, 105, 102, 73, 57, 51, 44, 36, 13, 11, 6, 9, 0, 3, 23, 29, 43, 44, 63, 60, 99, 98, 108, 101, 117, 127, 127, 127, 127, 123, 109, 96, 108, 71, 63, 61, 33, 28, 13, 13, 9, 0, 3, 5, 6, 10, 25, 29, 33, 61, 62, 76, 73, 107, 96, 105, 117, 127, 127, 117]"
In-Distribution,20,exact_guidance_u,307,0,76,75,"[129, 6, 7, 10, 52, 57, 69, 66, 110, 108, 127, 123, 127, 127, 127, 113, 114, 105, 102, 73, 57, 51, 44, 36, 13, 11, 6, 9, 0, 3, 23, 29, 43, 44, 63, 60, 99, 98, 108, 101, 117, 127, 127, 127, 127, 123, 109, 96, 108, 71, 63, 61, 33, 28, 13, 13, 9, 0, 3, 5, 6, 10, 25, 29, 33, 61, 62, 76, 73, 107, 96, 105, 117, 127, 127, 117]","[6, 7, 10, 52, 57, 69, 66, 110, 108, 127, 123, 127, 127, 127, 113, 114, 105, 102, 73, 57, 51, 44, 36, 13, 11, 6, 9, 0, 3, 23, 29, 43, 44, 63, 60, 99, 98, 108, 101, 117, 127, 127, 127, 127, 123, 109, 96, 108, 71, 63, 61, 33, 28, 13, 13, 9, 0, 3, 5, 6, 10, 25, 29, 33, 61, 62, 76, 73, 107, 96, 105, 117, 127, 127, 117]"
In-Distribution,20,exact_guidance_u,308,0,76,75,"[129, 6, 7, 10, 52, 57, 69, 66, 110, 108, 127, 123, 127, 127, 127, 113, 114, 105, 102, 73, 57, 51, 44, 36, 13, 11, 6, 9, 0, 3, 23, 29, 43, 44, 63, 60, 99, 98, 108, 101, 117, 127, 127, 127, 127, 123, 109, 96, 108, 71, 63, 61, 33, 28, 13, 13, 9, 0, 3, 5, 6, 10, 25, 29, 33, 61, 62, 76, 73, 107, 96, 105, 117, 127, 127, 117]","[6, 7, 10, 52, 57, 69, 66, 110, 108, 127, 123, 127, 127, 127, 113, 114, 105, 102, 73, 57, 51, 44, 36, 13, 11, 6, 9, 0, 3, 23, 29, 43, 44, 63, 60, 99, 98, 108, 101, 117, 127, 127, 127, 127, 123, 109, 96, 108, 71, 63, 61, 33, 28, 13, 13, 9, 0, 3, 5, 6, 10, 25, 29, 33, 61, 62, 76, 73, 107, 96, 105, 117, 127, 127, 117]"
In-Distribution,20,exact_guidance_u,309,0,76,75,"[129, 6, 7, 10, 52, 57, 69, 66, 110, 108, 127, 123, 127, 127, 127, 113, 114, 105, 102, 73, 57, 51, 44, 36, 13, 11, 6, 9, 0, 3, 23, 29, 43, 44, 63, 60, 99, 98, 108, 101, 117, 127, 127, 127, 127, 123, 109, 96, 108, 71, 63, 61, 33, 28, 13, 13, 9, 0, 3, 5, 6, 10, 25, 29, 33, 61, 62, 76, 73, 107, 96, 105, 117, 127, 127, 117]","[6, 7, 10, 52, 57, 69, 66, 110, 108, 127, 123, 127, 127, 127, 113, 114, 105, 102, 73, 57, 51, 44, 36, 13, 11, 6, 9, 0, 3, 23, 29, 43, 44, 63, 60, 99, 98, 108, 101, 117, 127, 127, 127, 127, 123, 109, 96, 108, 71, 63, 61, 33, 28, 13, 13, 9, 0, 3, 5, 6, 10, 25, 29, 33, 61, 62, 76, 73, 107, 96, 105, 117, 127, 127, 117]"
In-Distribution,20,exact_guidance_u,310,0,76,75,"[129, 6, 7, 10, 52, 57, 69, 66, 110, 108, 127, 123, 127, 127, 127, 113, 114, 105, 102, 73, 57, 51, 44, 36, 13, 11, 6, 9, 0, 3, 23, 29, 43, 44, 63, 60, 99, 98, 108, 101, 117, 127, 127, 127, 127, 123, 109, 96, 108, 71, 63, 61, 33, 28, 13, 13, 9, 0, 3, 5, 6, 10, 25, 29, 33, 61, 62, 76, 73, 107, 96, 105, 117, 127, 127, 117]","[6, 7, 10, 52, 57, 69, 66, 110, 108, 127, 123, 127, 127, 127, 113, 114, 105, 102, 73, 57, 51, 44, 36, 13, 11, 6, 9, 0, 3, 23, 29, 43, 44, 63, 60, 99, 98, 108, 101, 117, 127, 127, 127, 127, 123, 109, 96, 108, 71, 63, 61, 33, 28, 13, 13, 9, 0, 3, 5, 6, 10, 25, 29, 33, 61, 62, 76, 73, 107, 96, 105, 117, 127, 127, 117]"
In-Distribution,20,exact_guidance_u,311,0,76,75,"[129, 6, 7, 10, 52, 57, 69, 66, 110, 108, 127, 123, 127, 127, 127, 113, 114, 105, 102, 73, 57, 51, 44, 36, 13, 11, 6, 9, 0, 3, 23, 29, 43, 44, 63, 60, 99, 98, 108, 101, 117, 127, 127, 127, 127, 123, 109, 96, 108, 71, 63, 61, 33, 28, 13, 13, 9, 0, 3, 5, 6, 10, 25, 29, 33, 61, 62, 76, 73, 107, 96, 105, 117, 127, 127, 117]","[6, 7, 10, 52, 57, 69, 66, 110, 108, 127, 123, 127, 127, 127, 113, 114, 105, 102, 73, 57, 51, 44, 36, 13, 11, 6, 9, 0, 3, 23, 29, 43, 44, 63, 60, 99, 98, 108, 101, 117, 127, 127, 127, 127, 123, 109, 96, 108, 71, 63, 61, 33, 28, 13, 13, 9, 0, 3, 5, 6, 10, 25, 29, 33, 61, 62, 76, 73, 107, 96, 105, 117, 127, 127, 117]"
In-Distribution,20,exact_guidance_u,312,0,76,75,"[129, 6, 7, 10, 52, 57, 69, 66, 110, 108, 127, 123, 127, 127, 127, 113, 114, 105, 102, 73, 57, 51, 44, 36, 13, 11, 6, 9, 0, 3, 23, 29, 43, 44, 63, 60, 99, 98, 108, 101, 117, 127, 127, 127, 127, 123, 109, 96, 108, 71, 63, 61, 33, 28, 13, 13, 9, 0, 3, 5, 6, 10, 25, 29, 33, 61, 62, 76, 73, 107, 96, 105, 117, 127, 127, 117]","[6, 7, 10, 52, 57, 69, 66, 110, 108, 127, 123, 127, 127, 127, 113, 114, 105, 102, 73, 57, 51, 44, 36, 13, 11, 6, 9, 0, 3, 23, 29, 43, 44, 63, 60, 99, 98, 108, 101, 117, 127, 127, 127, 127, 123, 109, 96, 108, 71, 63, 61, 33, 28, 13, 13, 9, 0, 3, 5, 6, 10, 25, 29, 33, 61, 62, 76, 73, 107, 96, 105, 117, 127, 127, 117]"
In-Distribution,20,exact_guidance_u,313,0,77,76,"[129, 9, 6, 7, 10, 52, 57, 69, 66, 110, 108, 127, 123, 127, 127, 127, 113, 114, 105, 102, 73, 57, 51, 44, 36, 13, 11, 6, 9, 0, 3, 23, 29, 43, 44, 63, 60, 99, 98, 108, 101, 117, 127, 127, 127, 127, 123, 109, 96, 108, 71, 63, 61, 33, 28, 13, 13, 9, 0, 3, 5, 6, 10, 25, 29, 33, 61, 62, 76, 73, 107, 96, 105, 117, 127, 127, 117]","[9, 6, 7, 10, 52, 57, 69, 66, 110, 108, 127, 123, 127, 127, 127, 113, 114, 105, 102, 73, 57, 51, 44, 36, 13, 11, 6, 9, 0, 3, 23, 29, 43, 44, 63, 60, 99, 98, 108, 101, 117, 127, 127, 127, 127, 123, 109, 96, 108, 71, 63, 61, 33, 28, 13, 13, 9, 0, 3, 5, 6, 10, 25, 29, 33, 61, 62, 76, 73, 107, 96, 105, 117, 127, 127, 117]"
In-Distribution,20,exact_guidance_u,314,0,77,76,"[129, 9, 6, 7, 10, 52, 57, 69, 66, 110, 108, 127, 123, 127, 127, 127, 113, 114, 105, 102, 73, 57, 51, 44, 36, 13, 11, 6, 9, 0, 3, 23, 29, 43, 44, 63, 60, 99, 98, 108, 101, 117, 127, 127, 127, 127, 123, 109, 96, 108, 71, 63, 61, 33, 28, 13, 13, 9, 0, 3, 5, 6, 10, 25, 29, 33, 61, 62, 76, 73, 107, 96, 105, 117, 127, 127, 117]","[9, 6, 7, 10, 52, 57, 69, 66, 110, 108, 127, 123, 127, 127, 127, 113, 114, 105, 102, 73, 57, 51, 44, 36, 13, 11, 6, 9, 0, 3, 23, 29, 43, 44, 63, 60, 99, 98, 108, 101, 117, 127, 127, 127, 127, 123, 109, 96, 108, 71, 63, 61, 33, 28, 13, 13, 9, 0, 3, 5, 6, 10, 25, 29, 33, 61, 62, 76, 73, 107, 96, 105, 117, 127, 127, 117]"
In-Distribution,20,exact_guidance_u,315,0,77,76,"[129, 9, 6, 7, 10, 52, 57, 69, 66, 110, 108, 127, 123, 127, 127, 127, 113, 114, 105, 102, 73, 57, 51, 44, 36, 13, 11, 6, 9, 0, 3, 23, 29, 43, 44, 63, 60, 99, 98, 108, 101, 117, 127, 127, 127, 127, 123, 109, 96, 108, 71, 63, 61, 33, 28, 13, 13, 9, 0, 3, 5, 6, 10, 25, 29, 33, 61, 62, 76, 73, 107, 96, 105, 117, 127, 127, 117]","[9, 6, 7, 10, 52, 57, 69, 66, 110, 108, 127, 123, 127, 127, 127, 113, 114, 105, 102, 73, 57, 51, 44, 36, 13, 11, 6, 9, 0, 3, 23, 29, 43, 44, 63, 60, 99, 98, 108, 101, 117, 127, 127, 127, 127, 123, 109, 96, 108, 71, 63, 61, 33, 28, 13, 13, 9, 0, 3, 5, 6, 10, 25, 29, 33, 61, 62, 76, 73, 107, 96, 105, 117, 127, 127, 117]"
In-Distribution,20,exact_guidance_u,316,0,77,76,"[129, 9, 6, 7, 10, 52, 57, 69, 66, 110, 108, 127, 123, 127, 127, 127, 113, 114, 105, 102, 73, 57, 51, 44, 36, 13, 11, 6, 9, 0, 3, 23, 29, 43, 44, 63, 60, 99, 98, 108, 101, 117, 127, 127, 127, 127, 123, 109, 96, 108, 71, 63, 61, 33, 28, 13, 13, 9, 0, 3, 5, 6, 10, 25, 29, 33, 61, 62, 76, 73, 107, 96, 105, 117, 127, 127, 117]","[9, 6, 7, 10, 52, 57, 69, 66, 110, 108, 127, 123, 127, 127, 127, 113, 114, 105, 102, 73, 57, 51, 44, 36, 13, 11, 6, 9, 0, 3, 23, 29, 43, 44, 63, 60, 99, 98, 108, 101, 117, 127, 127, 127, 127, 123, 109, 96, 108, 71, 63, 61, 33, 28, 13, 13, 9, 0, 3, 5, 6, 10, 25, 29, 33, 61, 62, 76, 73, 107, 96, 105, 117, 127, 127, 117]"
In-Distribution,20,exact_guidance_u,317,0,77,76,"[129, 9, 6, 7, 10, 52, 57, 69, 66, 110, 108, 127, 123, 127, 127, 127, 113, 114, 105, 102, 73, 57, 51, 44, 36, 13, 11, 6, 9, 0, 3, 23, 29, 43, 44, 63, 60, 99, 98, 108, 101, 117, 127, 127, 127, 127, 123, 109, 96, 108, 71, 63, 61, 33, 28, 13, 13, 9, 0, 3, 5, 6, 10, 25, 29, 33, 61, 62, 76, 73, 107, 96, 105, 117, 127, 127, 117]","[9, 6, 7, 10, 52, 57, 69, 66, 110, 108, 127, 123, 127, 127, 127, 113, 114, 105, 102, 73, 57, 51, 44, 36, 13, 11, 6, 9, 0, 3, 23, 29, 43, 44, 63, 60, 99, 98, 108, 101, 117, 127, 127, 127, 127, 123, 109, 96, 108, 71, 63, 61, 33, 28, 13, 13, 9, 0, 3, 5, 6, 10, 25, 29, 33, 61, 62, 76, 73, 107, 96, 105, 117, 127, 127, 117]"
In-Distribution,20,exact_guidance_u,318,0,77,76,"[129, 9, 6, 7, 10, 52, 57, 69, 66, 110, 108, 127, 123, 127, 127, 127, 113, 114, 105, 102, 73, 57, 51, 44, 36, 13, 11, 6, 9, 0, 3, 23, 29, 43, 44, 63, 60, 99, 98, 108, 101, 117, 127, 127, 127, 127, 123, 109, 96, 108, 71, 63, 61, 33, 28, 13, 13, 9, 0, 3, 5, 6, 10, 25, 29, 33, 61, 62, 76, 73, 107, 96, 105, 117, 127, 127, 117]","[9, 6, 7, 10, 52, 57, 69, 66, 110, 108, 127, 123, 127, 127, 127, 113, 114, 105, 102, 73, 57, 51, 44, 36, 13, 11, 6, 9, 0, 3, 23, 29, 43, 44, 63, 60, 99, 98, 108, 101, 117, 127, 127, 127, 127, 123, 109, 96, 108, 71, 63, 61, 33, 28, 13, 13, 9, 0, 3, 5, 6, 10, 25, 29, 33, 61, 62, 76, 73, 107, 96, 105, 117, 127, 127, 117]"
In-Distribution,20,exact_guidance_u,319,0,77,76,"[129, 9, 6, 7, 10, 52, 57, 69, 66, 110, 108, 127, 123, 127, 127, 127, 113, 114, 105, 102, 73, 57, 51, 44, 36, 13, 11, 6, 9, 0, 3, 23, 29, 43, 44, 63, 60, 99, 98, 108, 101, 117, 127, 127, 127, 127, 123, 109, 96, 108, 71, 63, 61, 33, 28, 13, 13, 9, 0, 3, 5, 6, 10, 25, 29, 33, 61, 62, 76, 73, 107, 96, 105, 117, 127, 127, 117]","[9, 6, 7, 10, 52, 57, 69, 66, 110, 108, 127, 123, 127, 127, 127, 113, 114, 105, 102, 73, 57, 51, 44, 36, 13, 11, 6, 9, 0, 3, 23, 29, 43, 44, 63, 60, 99, 98, 108, 101, 117, 127, 127, 127, 127, 123, 109, 96, 108, 71, 63, 61, 33, 28, 13, 13, 9, 0, 3, 5, 6, 10, 25, 29, 33, 61, 62, 76, 73, 107, 96, 105, 117, 127, 127, 117]"
In-Distribution,20,exact_guidance_u,320,0,77,76,"[129, 9, 6, 7, 10, 52, 57, 69, 66, 110, 108, 127, 123, 127, 127, 127, 113, 114, 105, 102, 73, 57, 51, 44, 36, 13, 11, 6, 9, 0, 3, 23, 29, 43, 44, 63, 60, 99, 98, 108, 101, 117, 127, 127, 127, 127, 123, 109, 96, 108, 71, 63, 61, 33, 28, 13, 13, 9, 0, 3, 5, 6, 10, 25, 29, 33, 61, 62, 76, 73, 107, 96, 105, 117, 127, 127, 117]","[9, 6, 7, 10, 52, 57, 69, 66, 110, 108, 127, 123, 127, 127, 127, 113, 114, 105, 102, 73, 57, 51, 44, 36, 13, 11, 6, 9, 0, 3, 23, 29, 43, 44, 63, 60, 99, 98, 108, 101, 117, 127, 127, 127, 127, 123, 109, 96, 108, 71, 63, 61, 33, 28, 13, 13, 9, 0, 3, 5, 6, 10, 25, 29, 33, 61, 62, 76, 73, 107, 96, 105, 117, 127, 127, 117]"
In-Distribution,20,exact_guidance_u,321,0,77,76,"[129, 9, 6, 7, 10, 52, 57, 69, 66, 110, 108, 127, 123, 127, 127, 127, 113, 114, 105, 102, 73, 57, 51, 44, 36, 13, 11, 6, 9, 0, 3, 23, 29, 43, 44, 63, 60, 99, 98, 108, 101, 117, 127, 127, 127, 127, 123, 109, 96, 108, 71, 63, 61, 33, 28, 13, 13, 9, 0, 3, 5, 6, 10, 25, 29, 33, 61, 62, 76, 73, 107, 96, 105, 117, 127, 127, 117]","[9, 6, 7, 10, 52, 57, 69, 66, 110, 108, 127, 123, 127, 127, 127, 113, 114, 105, 102, 73, 57, 51, 44, 36, 13, 11, 6, 9, 0, 3, 23, 29, 43, 44, 63, 60, 99, 98, 108, 101, 117, 127, 127, 127, 127, 123, 109, 96, 108, 71, 63, 61, 33, 28, 13, 13, 9, 0, 3, 5, 6, 10, 25, 29, 33, 61, 62, 76, 73, 107, 96, 105, 117, 127, 127, 117]"
In-Distribution,20,exact_guidance_u,322,0,77,76,"[129, 9, 6, 7, 10, 52, 57, 69, 66, 110, 108, 127, 123, 127, 127, 127, 113, 114, 105, 102, 73, 57, 51, 44, 36, 13, 11, 6, 9, 0, 3, 23, 29, 43, 44, 63, 60, 99, 98, 108, 101, 117, 127, 127, 127, 127, 123, 109, 96, 108, 71, 63, 61, 33, 28, 13, 13, 9, 0, 3, 5, 6, 10, 25, 29, 33, 61, 62, 76, 73, 107, 96, 105, 117, 127, 127, 117]","[9, 6, 7, 10, 52, 57, 69, 66, 110, 108, 127, 123, 127, 127, 127, 113, 114, 105, 102, 73, 57, 51, 44, 36, 13, 11, 6, 9, 0, 3, 23, 29, 43, 44, 63, 60, 99, 98, 108, 101, 117, 127, 127, 127, 127, 123, 109, 96, 108, 71, 63, 61, 33, 28, 13, 13, 9, 0, 3, 5, 6, 10, 25, 29, 33, 61, 62, 76, 73, 107, 96, 105, 117, 127, 127, 117]"
In-Distribution,20,exact_guidance_u,323,0,77,76,"[129, 9, 6, 7, 10, 52, 57, 69, 66, 110, 108, 127, 123, 127, 127, 127, 113, 114, 105, 102, 73, 57, 51, 44, 36, 13, 11, 6, 9, 0, 3, 23, 29, 43, 44, 63, 60, 99, 98, 108, 101, 117, 127, 127, 127, 127, 123, 109, 96, 108, 71, 63, 61, 33, 28, 13, 13, 9, 0, 3, 5, 6, 10, 25, 29, 33, 61, 62, 76, 73, 107, 96, 105, 117, 127, 127, 117]","[9, 6, 7, 10, 52, 57, 69, 66, 110, 108, 127, 123, 127, 127, 127, 113, 114, 105, 102, 73, 57, 51, 44, 36, 13, 11, 6, 9, 0, 3, 23, 29, 43, 44, 63, 60, 99, 98, 108, 101, 117, 127, 127, 127, 127, 123, 109, 96, 108, 71, 63, 61, 33, 28, 13, 13, 9, 0, 3, 5, 6, 10, 25, 29, 33, 61, 62, 76, 73, 107, 96, 105, 117, 127, 127, 117]"
In-Distribution,20,exact_guidance_u,324,0,77,76,"[129, 9, 6, 7, 10, 52, 57, 69, 66, 110, 108, 127, 123, 127, 127, 127, 113, 114, 105, 102, 73, 57, 51, 44, 36, 13, 11, 6, 9, 0, 3, 23, 29, 43, 44, 63, 60, 99, 98, 108, 101, 117, 127, 127, 127, 127, 123, 109, 96, 108, 71, 63, 61, 33, 28, 13, 13, 9, 0, 3, 5, 6, 10, 25, 29, 33, 61, 62, 76, 73, 107, 96, 105, 117, 127, 127, 117]","[9, 6, 7, 10, 52, 57, 69, 66, 110, 108, 127, 123, 127, 127, 127, 113, 114, 105, 102, 73, 57, 51, 44, 36, 13, 11, 6, 9, 0, 3, 23, 29, 43, 44, 63, 60, 99, 98, 108, 101, 117, 127, 127, 127, 127, 123, 109, 96, 108, 71, 63, 61, 33, 28, 13, 13, 9, 0, 3, 5, 6, 10, 25, 29, 33, 61, 62, 76, 73, 107, 96, 105, 117, 127, 127, 117]"
In-Distribution,20,exact_guidance_u,325,0,77,76,"[129, 9, 6, 7, 10, 52, 57, 69, 66, 110, 108, 127, 123, 127, 127, 127, 113, 114, 105, 102, 73, 57, 51, 44, 36, 13, 11, 6, 9, 0, 3, 23, 29, 43, 44, 63, 60, 99, 98, 108, 101, 117, 127, 127, 127, 127, 123, 109, 96, 108, 71, 63, 61, 33, 28, 13, 13, 9, 0, 3, 5, 6, 10, 25, 29, 33, 61, 62, 76, 73, 107, 96, 105, 117, 127, 127, 117]","[9, 6, 7, 10, 52, 57, 69, 66, 110, 108, 127, 123, 127, 127, 127, 113, 114, 105, 102, 73, 57, 51, 44, 36, 13, 11, 6, 9, 0, 3, 23, 29, 43, 44, 63, 60, 99, 98, 108, 101, 117, 127, 127, 127, 127, 123, 109, 96, 108, 71, 63, 61, 33, 28, 13, 13, 9, 0, 3, 5, 6, 10, 25, 29, 33, 61, 62, 76, 73, 107, 96, 105, 117, 127, 127, 117]"
In-Distribution,20,exact_guidance_u,326,0,77,76,"[129, 9, 6, 7, 10, 52, 57, 69, 66, 110, 108, 127, 123, 127, 127, 127, 113, 114, 105, 102, 73, 57, 51, 44, 36, 13, 11, 6, 9, 0, 3, 23, 29, 43, 44, 63, 60, 99, 98, 108, 101, 117, 127, 127, 127, 127, 123, 109, 96, 108, 71, 63, 61, 33, 28, 13, 13, 9, 0, 3, 5, 6, 10, 25, 29, 33, 61, 62, 76, 73, 107, 96, 105, 117, 127, 127, 117]","[9, 6, 7, 10, 52, 57, 69, 66, 110, 108, 127, 123, 127, 127, 127, 113, 114, 105, 102, 73, 57, 51, 44, 36, 13, 11, 6, 9, 0, 3, 23, 29, 43, 44, 63, 60, 99, 98, 108, 101, 117, 127, 127, 127, 127, 123, 109, 96, 108, 71, 63, 61, 33, 28, 13, 13, 9, 0, 3, 5, 6, 10, 25, 29, 33, 61, 62, 76, 73, 107, 96, 105, 117, 127, 127, 117]"
In-Distribution,20,exact_guidance_u,327,0,77,76,"[129, 9, 6, 7, 10, 52, 57, 69, 66, 110, 108, 127, 123, 127, 127, 127, 113, 114, 105, 102, 73, 57, 51, 44, 36, 13, 11, 6, 9, 0, 3, 23, 29, 43, 44, 63, 60, 99, 98, 108, 101, 117, 127, 127, 127, 127, 123, 109, 96, 108, 71, 63, 61, 33, 28, 13, 13, 9, 0, 3, 5, 6, 10, 25, 29, 33, 61, 62, 76, 73, 107, 96, 105, 117, 127, 127, 117]","[9, 6, 7, 10, 52, 57, 69, 66, 110, 108, 127, 123, 127, 127, 127, 113, 114, 105, 102, 73, 57, 51, 44, 36, 13, 11, 6, 9, 0, 3, 23, 29, 43, 44, 63, 60, 99, 98, 108, 101, 117, 127, 127, 127, 127, 123, 109, 96, 108, 71, 63, 61, 33, 28, 13, 13, 9, 0, 3, 5, 6, 10, 25, 29, 33, 61, 62, 76, 73, 107, 96, 105, 117, 127, 127, 117]"
In-Distribution,20,exact_guidance_u,328,0,77,76,"[129, 9, 6, 7, 10, 52, 57, 69, 66, 110, 108, 127, 123, 127, 127, 127, 113, 114, 105, 102, 73, 57, 51, 44, 36, 13, 11, 6, 9, 0, 3, 23, 29, 43, 44, 63, 60, 99, 98, 108, 101, 117, 127, 127, 127, 127, 123, 109, 96, 108, 71, 63, 61, 33, 28, 13, 13, 9, 0, 3, 5, 6, 10, 25, 29, 33, 61, 62, 76, 73, 107, 96, 105, 117, 127, 127, 117]","[9, 6, 7, 10, 52, 57, 69, 66, 110, 108, 127, 123, 127, 127, 127, 113, 114, 105, 102, 73, 57, 51, 44, 36, 13, 11, 6, 9, 0, 3, 23, 29, 43, 44, 63, 60, 99, 98, 108, 101, 117, 127, 127, 127, 127, 123, 109, 96, 108, 71, 63, 61, 33, 28, 13, 13, 9, 0, 3, 5, 6, 10, 25, 29, 33, 61, 62, 76, 73, 107, 96, 105, 117, 127, 127, 117]"
In-Distribution,20,exact_guidance_u,329,0,77,76,"[129, 9, 6, 7, 10, 52, 57, 69, 66, 110, 108, 127, 123, 127, 127, 127, 113, 114, 105, 102, 73, 57, 51, 44, 36, 13, 11, 6, 9, 0, 3, 23, 29, 43, 44, 63, 60, 99, 98, 108, 101, 117, 127, 127, 127, 127, 123, 109, 96, 108, 71, 63, 61, 33, 28, 13, 13, 9, 0, 3, 5, 6, 10, 25, 29, 33, 61, 62, 76, 73, 107, 96, 105, 117, 127, 127, 117]","[9, 6, 7, 10, 52, 57, 69, 66, 110, 108, 127, 123, 127, 127, 127, 113, 114, 105, 102, 73, 57, 51, 44, 36, 13, 11, 6, 9, 0, 3, 23, 29, 43, 44, 63, 60, 99, 98, 108, 101, 117, 127, 127, 127, 127, 123, 109, 96, 108, 71, 63, 61, 33, 28, 13, 13, 9, 0, 3, 5, 6, 10, 25, 29, 33, 61, 62, 76, 73, 107, 96, 105, 117, 127, 127, 117]"
In-Distribution,20,exact_guidance_u,330,0,77,76,"[129, 9, 6, 7, 10, 52, 57, 69, 66, 110, 108, 127, 123, 127, 127, 127, 113, 114, 105, 102, 73, 57, 51, 44, 36, 13, 11, 6, 9, 0, 3, 23, 29, 43, 44, 63, 60, 99, 98, 108, 101, 117, 127, 127, 127, 127, 123, 109, 96, 108, 71, 63, 61, 33, 28, 13, 13, 9, 0, 3, 5, 6, 10, 25, 29, 33, 61, 62, 76, 73, 107, 96, 105, 117, 127, 127, 117]","[9, 6, 7, 10, 52, 57, 69, 66, 110, 108, 127, 123, 127, 127, 127, 113, 114, 105, 102, 73, 57, 51, 44, 36, 13, 11, 6, 9, 0, 3, 23, 29, 43, 44, 63, 60, 99, 98, 108, 101, 117, 127, 127, 127, 127, 123, 109, 96, 108, 71, 63, 61, 33, 28, 13, 13, 9, 0, 3, 5, 6, 10, 25, 29, 33, 61, 62, 76, 73, 107, 96, 105, 117, 127, 127, 117]"
In-Distribution,20,exact_guidance_u,331,0,77,76,"[129, 9, 6, 7, 10, 52, 57, 69, 66, 110, 108, 127, 123, 127, 127, 127, 113, 114, 105, 102, 73, 57, 51, 44, 36, 13, 11, 6, 9, 0, 3, 23, 29, 43, 44, 63, 60, 99, 98, 108, 101, 117, 127, 127, 127, 127, 123, 109, 96, 108, 71, 63, 61, 33, 28, 13, 13, 9, 0, 3, 5, 6, 10, 25, 29, 33, 61, 62, 76, 73, 107, 96, 105, 117, 127, 127, 117]","[9, 6, 7, 10, 52, 57, 69, 66, 110, 108, 127, 123, 127, 127, 127, 113, 114, 105, 102, 73, 57, 51, 44, 36, 13, 11, 6, 9, 0, 3, 23, 29, 43, 44, 63, 60, 99, 98, 108, 101, 117, 127, 127, 127, 127, 123, 109, 96, 108, 71, 63, 61, 33, 28, 13, 13, 9, 0, 3, 5, 6, 10, 25, 29, 33, 61, 62, 76, 73, 107, 96, 105, 117, 127, 127, 117]"
In-Distribution,20,exact_guidance_u,332,0,77,76,"[129, 9, 6, 7, 10, 52, 57, 69, 66, 110, 108, 127, 123, 127, 127, 127, 113, 114, 105, 102, 73, 57, 51, 44, 36, 13, 11, 6, 9, 0, 3, 23, 29, 43, 44, 63, 60, 99, 98, 108, 101, 117, 127, 127, 127, 127, 123, 109, 96, 108, 71, 63, 61, 33, 28, 13, 13, 9, 0, 3, 5, 6, 10, 25, 29, 33, 61, 62, 76, 73, 107, 96, 105, 117, 127, 127, 117]","[9, 6, 7, 10, 52, 57, 69, 66, 110, 108, 127, 123, 127, 127, 127, 113, 114, 105, 102, 73, 57, 51, 44, 36, 13, 11, 6, 9, 0, 3, 23, 29, 43, 44, 63, 60, 99, 98, 108, 101, 117, 127, 127, 127, 127, 123, 109, 96, 108, 71, 63, 61, 33, 28, 13, 13, 9, 0, 3, 5, 6, 10, 25, 29, 33, 61, 62, 76, 73, 107, 96, 105, 117, 127, 127, 117]"
In-Distribution,20,exact_guidance_u,333,0,77,76,"[129, 9, 6, 7, 10, 52, 57, 69, 66, 110, 108, 127, 123, 127, 127, 127, 113, 114, 105, 102, 73, 57, 51, 44, 36, 13, 11, 6, 9, 0, 3, 23, 29, 43, 44, 63, 60, 99, 98, 108, 101, 117, 127, 127, 127, 127, 123, 109, 96, 108, 71, 63, 61, 33, 28, 13, 13, 9, 0, 3, 5, 6, 10, 25, 29, 33, 61, 62, 76, 73, 107, 96, 105, 117, 127, 127, 117]","[9, 6, 7, 10, 52, 57, 69, 66, 110, 108, 127, 123, 127, 127, 127, 113, 114, 105, 102, 73, 57, 51, 44, 36, 13, 11, 6, 9, 0, 3, 23, 29, 43, 44, 63, 60, 99, 98, 108, 101, 117, 127, 127, 127, 127, 123, 109, 96, 108, 71, 63, 61, 33, 28, 13, 13, 9, 0, 3, 5, 6, 10, 25, 29, 33, 61, 62, 76, 73, 107, 96, 105, 117, 127, 127, 117]"
In-Distribution,20,exact_guidance_u,334,0,77,76,"[129, 9, 6, 7, 10, 52, 57, 69, 66, 110, 108, 127, 123, 127, 127, 127, 113, 114, 105, 102, 73, 57, 51, 44, 36, 13, 11, 6, 9, 0, 3, 23, 29, 43, 44, 63, 60, 99, 98, 108, 101, 117, 127, 127, 127, 127, 123, 109, 96, 108, 71, 63, 61, 33, 28, 13, 13, 9, 0, 3, 5, 6, 10, 25, 29, 33, 61, 62, 76, 73, 107, 96, 105, 117, 127, 127, 117]","[9, 6, 7, 10, 52, 57, 69, 66, 110, 108, 127, 123, 127, 127, 127, 113, 114, 105, 102, 73, 57, 51, 44, 36, 13, 11, 6, 9, 0, 3, 23, 29, 43, 44, 63, 60, 99, 98, 108, 101, 117, 127, 127, 127, 127, 123, 109, 96, 108, 71, 63, 61, 33, 28, 13, 13, 9, 0, 3, 5, 6, 10, 25, 29, 33, 61, 62, 76, 73, 107, 96, 105, 117, 127, 127, 117]"
In-Distribution,20,exact_guidance_u,335,0,77,76,"[129, 9, 6, 7, 10, 52, 57, 69, 66, 110, 108, 127, 123, 127, 127, 127, 113, 114, 105, 102, 73, 57, 51, 44, 36, 13, 11, 6, 9, 0, 3, 23, 29, 43, 44, 63, 60, 99, 98, 108, 101, 117, 127, 127, 127, 127, 123, 109, 96, 108, 71, 63, 61, 33, 28, 13, 13, 9, 0, 3, 5, 6, 10, 25, 29, 33, 61, 62, 76, 73, 107, 96, 105, 117, 127, 127, 117]","[9, 6, 7, 10, 52, 57, 69, 66, 110, 108, 127, 123, 127, 127, 127, 113, 114, 105, 102, 73, 57, 51, 44, 36, 13, 11, 6, 9, 0, 3, 23, 29, 43, 44, 63, 60, 99, 98, 108, 101, 117, 127, 127, 127, 127, 123, 109, 96, 108, 71, 63, 61, 33, 28, 13, 13, 9, 0, 3, 5, 6, 10, 25, 29, 33, 61, 62, 76, 73, 107, 96, 105, 117, 127, 127, 117]"
In-Distribution,20,exact_guidance_u,336,0,77,76,"[129, 9, 6, 7, 10, 52, 57, 69, 66, 110, 108, 127, 123, 127, 127, 127, 113, 114, 105, 102, 73, 57, 51, 44, 36, 13, 11, 6, 9, 0, 3, 23, 29, 43, 44, 63, 60, 99, 98, 108, 101, 117, 127, 127, 127, 127, 123, 109, 96, 108, 71, 63, 61, 33, 28, 13, 13, 9, 0, 3, 5, 6, 10, 25, 29, 33, 61, 62, 76, 73, 107, 96, 105, 117, 127, 127, 117]","[9, 6, 7, 10, 52, 57, 69, 66, 110, 108, 127, 123, 127, 127, 127, 113, 114, 105, 102, 73, 57, 51, 44, 36, 13, 11, 6, 9, 0, 3, 23, 29, 43, 44, 63, 60, 99, 98, 108, 101, 117, 127, 127, 127, 127, 123, 109, 96, 108, 71, 63, 61, 33, 28, 13, 13, 9, 0, 3, 5, 6, 10, 25, 29, 33, 61, 62, 76, 73, 107, 96, 105, 117, 127, 127, 117]"
In-Distribution,20,exact_guidance_u,337,0,77,76,"[129, 9, 6, 7, 10, 52, 57, 69, 66, 110, 108, 127, 123, 127, 127, 127, 113, 114, 105, 102, 73, 57, 51, 44, 36, 13, 11, 6, 9, 0, 3, 23, 29, 43, 44, 63, 60, 99, 98, 108, 101, 117, 127, 127, 127, 127, 123, 109, 96, 108, 71, 63, 61, 33, 28, 13, 13, 9, 0, 3, 5, 6, 10, 25, 29, 33, 61, 62, 76, 73, 107, 96, 105, 117, 127, 127, 117]","[9, 6, 7, 10, 52, 57, 69, 66, 110, 108, 127, 123, 127, 127, 127, 113, 114, 105, 102, 73, 57, 51, 44, 36, 13, 11, 6, 9, 0, 3, 23, 29, 43, 44, 63, 60, 99, 98, 108, 101, 117, 127, 127, 127, 127, 123, 109, 96, 108, 71, 63, 61, 33, 28, 13, 13, 9, 0, 3, 5, 6, 10, 25, 29, 33, 61, 62, 76, 73, 107, 96, 105, 117, 127, 127, 117]"
In-Distribution,20,exact_guidance_u,338,0,77,76,"[129, 9, 6, 7, 10, 52, 57, 69, 66, 110, 108, 127, 123, 127, 127, 127, 113, 114, 105, 102, 73, 57, 51, 44, 36, 13, 11, 6, 9, 0, 3, 23, 29, 43, 44, 63, 60, 99, 98, 108, 101, 117, 127, 127, 127, 127, 123, 109, 96, 108, 71, 63, 61, 33, 28, 13, 13, 9, 0, 3, 5, 6, 10, 25, 29, 33, 61, 62, 76, 73, 107, 96, 105, 117, 127, 127, 117]","[9, 6, 7, 10, 52, 57, 69, 66, 110, 108, 127, 123, 127, 127, 127, 113, 114, 105, 102, 73, 57, 51, 44, 36, 13, 11, 6, 9, 0, 3, 23, 29, 43, 44, 63, 60, 99, 98, 108, 101, 117, 127, 127, 127, 127, 123, 109, 96, 108, 71, 63, 61, 33, 28, 13, 13, 9, 0, 3, 5, 6, 10, 25, 29, 33, 61, 62, 76, 73, 107, 96, 105, 117, 127, 127, 117]"
In-Distribution,20,exact_guidance_u,339,0,78,77,"[129, 9, 6, 7, 10, 36, 52, 57, 69, 66, 110, 108, 127, 123, 127, 127, 127, 113, 114, 105, 102, 73, 57, 51, 44, 36, 13, 11, 6, 9, 0, 3, 23, 29, 43, 44, 63, 60, 99, 98, 108, 101, 117, 127, 127, 127, 127, 123, 109, 96, 108, 71, 63, 61, 33, 28, 13, 13, 9, 0, 3, 5, 6, 10, 25, 29, 33, 61, 62, 76, 73, 107, 96, 105, 117, 127, 127, 117]","[9, 6, 7, 10, 36, 52, 57, 69, 66, 110, 108, 127, 123, 127, 127, 127, 113, 114, 105, 102, 73, 57, 51, 44, 36, 13, 11, 6, 9, 0, 3, 23, 29, 43, 44, 63, 60, 99, 98, 108, 101, 117, 127, 127, 127, 127, 123, 109, 96, 108, 71, 63, 61, 33, 28, 13, 13, 9, 0, 3, 5, 6, 10, 25, 29, 33, 61, 62, 76, 73, 107, 96, 105, 117, 127, 127, 117]"
In-Distribution,20,exact_guidance_u,340,0,78,77,"[129, 9, 6, 7, 10, 36, 52, 57, 69, 66, 110, 108, 127, 123, 127, 127, 127, 113, 114, 105, 102, 73, 57, 51, 44, 36, 13, 11, 6, 9, 0, 3, 23, 29, 43, 44, 63, 60, 99, 98, 108, 101, 117, 127, 127, 127, 127, 123, 109, 96, 108, 71, 63, 61, 33, 28, 13, 13, 9, 0, 3, 5, 6, 10, 25, 29, 33, 61, 62, 76, 73, 107, 96, 105, 117, 127, 127, 117]","[9, 6, 7, 10, 36, 52, 57, 69, 66, 110, 108, 127, 123, 127, 127, 127, 113, 114, 105, 102, 73, 57, 51, 44, 36, 13, 11, 6, 9, 0, 3, 23, 29, 43, 44, 63, 60, 99, 98, 108, 101, 117, 127, 127, 127, 127, 123, 109, 96, 108, 71, 63, 61, 33, 28, 13, 13, 9, 0, 3, 5, 6, 10, 25, 29, 33, 61, 62, 76, 73, 107, 96, 105, 117, 127, 127, 117]"
In-Distribution,20,exact_guidance_u,341,0,78,77,"[129, 9, 6, 7, 10, 36, 52, 57, 69, 66, 110, 108, 127, 123, 127, 127, 127, 113, 114, 105, 102, 73, 57, 51, 44, 36, 13, 11, 6, 9, 0, 3, 23, 29, 43, 44, 63, 60, 99, 98, 108, 101, 117, 127, 127, 127, 127, 123, 109, 96, 108, 71, 63, 61, 33, 28, 13, 13, 9, 0, 3, 5, 6, 10, 25, 29, 33, 61, 62, 76, 73, 107, 96, 105, 117, 127, 127, 117]","[9, 6, 7, 10, 36, 52, 57, 69, 66, 110, 108, 127, 123, 127, 127, 127, 113, 114, 105, 102, 73, 57, 51, 44, 36, 13, 11, 6, 9, 0, 3, 23, 29, 43, 44, 63, 60, 99, 98, 108, 101, 117, 127, 127, 127, 127, 123, 109, 96, 108, 71, 63, 61, 33, 28, 13, 13, 9, 0, 3, 5, 6, 10, 25, 29, 33, 61, 62, 76, 73, 107, 96, 105, 117, 127, 127, 117]"
In-Distribution,20,exact_guidance_u,342,0,78,77,"[129, 9, 6, 7, 10, 36, 52, 57, 69, 66, 110, 108, 127, 123, 127, 127, 127, 113, 114, 105, 102, 73, 57, 51, 44, 36, 13, 11, 6, 9, 0, 3, 23, 29, 43, 44, 63, 60, 99, 98, 108, 101, 117, 127, 127, 127, 127, 123, 109, 96, 108, 71, 63, 61, 33, 28, 13, 13, 9, 0, 3, 5, 6, 10, 25, 29, 33, 61, 62, 76, 73, 107, 96, 105, 117, 127, 127, 117]","[9, 6, 7, 10, 36, 52, 57, 69, 66, 110, 108, 127, 123, 127, 127, 127, 113, 114, 105, 102, 73, 57, 51, 44, 36, 13, 11, 6, 9, 0, 3, 23, 29, 43, 44, 63, 60, 99, 98, 108, 101, 117, 127, 127, 127, 127, 123, 109, 96, 108, 71, 63, 61, 33, 28, 13, 13, 9, 0, 3, 5, 6, 10, 25, 29, 33, 61, 62, 76, 73, 107, 96, 105, 117, 127, 127, 117]"
In-Distribution,20,exact_guidance_u,343,0,78,77,"[129, 9, 6, 7, 10, 36, 52, 57, 69, 66, 110, 108, 127, 123, 127, 127, 127, 113, 114, 105, 102, 73, 57, 51, 44, 36, 13, 11, 6, 9, 0, 3, 23, 29, 43, 44, 63, 60, 99, 98, 108, 101, 117, 127, 127, 127, 127, 123, 109, 96, 108, 71, 63, 61, 33, 28, 13, 13, 9, 0, 3, 5, 6, 10, 25, 29, 33, 61, 62, 76, 73, 107, 96, 105, 117, 127, 127, 117]","[9, 6, 7, 10, 36, 52, 57, 69, 66, 110, 108, 127, 123, 127, 127, 127, 113, 114, 105, 102, 73, 57, 51, 44, 36, 13, 11, 6, 9, 0, 3, 23, 29, 43, 44, 63, 60, 99, 98, 108, 101, 117, 127, 127, 127, 127, 123, 109, 96, 108, 71, 63, 61, 33, 28, 13, 13, 9, 0, 3, 5, 6, 10, 25, 29, 33, 61, 62, 76, 73, 107, 96, 105, 117, 127, 127, 117]"
In-Distribution,20,exact_guidance_u,344,0,78,77,"[129, 9, 6, 7, 10, 36, 52, 57, 69, 66, 110, 108, 127, 123, 127, 127, 127, 113, 114, 105, 102, 73, 57, 51, 44, 36, 13, 11, 6, 9, 0, 3, 23, 29, 43, 44, 63, 60, 99, 98, 108, 101, 117, 127, 127, 127, 127, 123, 109, 96, 108, 71, 63, 61, 33, 28, 13, 13, 9, 0, 3, 5, 6, 10, 25, 29, 33, 61, 62, 76, 73, 107, 96, 105, 117, 127, 127, 117]","[9, 6, 7, 10, 36, 52, 57, 69, 66, 110, 108, 127, 123, 127, 127, 127, 113, 114, 105, 102, 73, 57, 51, 44, 36, 13, 11, 6, 9, 0, 3, 23, 29, 43, 44, 63, 60, 99, 98, 108, 101, 117, 127, 127, 127, 127, 123, 109, 96, 108, 71, 63, 61, 33, 28, 13, 13, 9, 0, 3, 5, 6, 10, 25, 29, 33, 61, 62, 76, 73, 107, 96, 105, 117, 127, 127, 117]"
In-Distribution,20,exact_guidance_u,345,0,78,77,"[129, 9, 6, 7, 10, 36, 52, 57, 69, 66, 110, 108, 127, 123, 127, 127, 127, 113, 114, 105, 102, 73, 57, 51, 44, 36, 13, 11, 6, 9, 0, 3, 23, 29, 43, 44, 63, 60, 99, 98, 108, 101, 117, 127, 127, 127, 127, 123, 109, 96, 108, 71, 63, 61, 33, 28, 13, 13, 9, 0, 3, 5, 6, 10, 25, 29, 33, 61, 62, 76, 73, 107, 96, 105, 117, 127, 127, 117]","[9, 6, 7, 10, 36, 52, 57, 69, 66, 110, 108, 127, 123, 127, 127, 127, 113, 114, 105, 102, 73, 57, 51, 44, 36, 13, 11, 6, 9, 0, 3, 23, 29, 43, 44, 63, 60, 99, 98, 108, 101, 117, 127, 127, 127, 127, 123, 109, 96, 108, 71, 63, 61, 33, 28, 13, 13, 9, 0, 3, 5, 6, 10, 25, 29, 33, 61, 62, 76, 73, 107, 96, 105, 117, 127, 127, 117]"
In-Distribution,20,exact_guidance_u,346,0,78,77,"[129, 9, 6, 7, 10, 36, 52, 57, 69, 66, 110, 108, 127, 123, 127, 127, 127, 113, 114, 105, 102, 73, 57, 51, 44, 36, 13, 11, 6, 9, 0, 3, 23, 29, 43, 44, 63, 60, 99, 98, 108, 101, 117, 127, 127, 127, 127, 123, 109, 96, 108, 71, 63, 61, 33, 28, 13, 13, 9, 0, 3, 5, 6, 10, 25, 29, 33, 61, 62, 76, 73, 107, 96, 105, 117, 127, 127, 117]","[9, 6, 7, 10, 36, 52, 57, 69, 66, 110, 108, 127, 123, 127, 127, 127, 113, 114, 105, 102, 73, 57, 51, 44, 36, 13, 11, 6, 9, 0, 3, 23, 29, 43, 44, 63, 60, 99, 98, 108, 101, 117, 127, 127, 127, 127, 123, 109, 96, 108, 71, 63, 61, 33, 28, 13, 13, 9, 0, 3, 5, 6, 10, 25, 29, 33, 61, 62, 76, 73, 107, 96, 105, 117, 127, 127, 117]"
In-Distribution,20,exact_guidance_u,347,0,78,77,"[129, 9, 6, 7, 10, 36, 52, 57, 69, 66, 110, 108, 127, 123, 127, 127, 127, 113, 114, 105, 102, 73, 57, 51, 44, 36, 13, 11, 6, 9, 0, 3, 23, 29, 43, 44, 63, 60, 99, 98, 108, 101, 117, 127, 127, 127, 127, 123, 109, 96, 108, 71, 63, 61, 33, 28, 13, 13, 9, 0, 3, 5, 6, 10, 25, 29, 33, 61, 62, 76, 73, 107, 96, 105, 117, 127, 127, 117]","[9, 6, 7, 10, 36, 52, 57, 69, 66, 110, 108, 127, 123, 127, 127, 127, 113, 114, 105, 102, 73, 57, 51, 44, 36, 13, 11, 6, 9, 0, 3, 23, 29, 43, 44, 63, 60, 99, 98, 108, 101, 117, 127, 127, 127, 127, 123, 109, 96, 108, 71, 63, 61, 33, 28, 13, 13, 9, 0, 3, 5, 6, 10, 25, 29, 33, 61, 62, 76, 73, 107, 96, 105, 117, 127, 127, 117]"
In-Distribution,20,exact_guidance_u,348,0,78,77,"[129, 9, 6, 7, 10, 36, 52, 57, 69, 66, 110, 108, 127, 123, 127, 127, 127, 113, 114, 105, 102, 73, 57, 51, 44, 36, 13, 11, 6, 9, 0, 3, 23, 29, 43, 44, 63, 60, 99, 98, 108, 101, 117, 127, 127, 127, 127, 123, 109, 96, 108, 71, 63, 61, 33, 28, 13, 13, 9, 0, 3, 5, 6, 10, 25, 29, 33, 61, 62, 76, 73, 107, 96, 105, 117, 127, 127, 117]","[9, 6, 7, 10, 36, 52, 57, 69, 66, 110, 108, 127, 123, 127, 127, 127, 113, 114, 105, 102, 73, 57, 51, 44, 36, 13, 11, 6, 9, 0, 3, 23, 29, 43, 44, 63, 60, 99, 98, 108, 101, 117, 127, 127, 127, 127, 123, 109, 96, 108, 71, 63, 61, 33, 28, 13, 13, 9, 0, 3, 5, 6, 10, 25, 29, 33, 61, 62, 76, 73, 107, 96, 105, 117, 127, 127, 117]"
In-Distribution,20,exact_guidance_u,349,0,78,77,"[129, 9, 6, 7, 10, 36, 52, 57, 69, 66, 110, 108, 127, 123, 127, 127, 127, 113, 114, 105, 102, 73, 57, 51, 44, 36, 13, 11, 6, 9, 0, 3, 23, 29, 43, 44, 63, 60, 99, 98, 108, 101, 117, 127, 127, 127, 127, 123, 109, 96, 108, 71, 63, 61, 33, 28, 13, 13, 9, 0, 3, 5, 6, 10, 25, 29, 33, 61, 62, 76, 73, 107, 96, 105, 117, 127, 127, 117]","[9, 6, 7, 10, 36, 52, 57, 69, 66, 110, 108, 127, 123, 127, 127, 127, 113, 114, 105, 102, 73, 57, 51, 44, 36, 13, 11, 6, 9, 0, 3, 23, 29, 43, 44, 63, 60, 99, 98, 108, 101, 117, 127, 127, 127, 127, 123, 109, 96, 108, 71, 63, 61, 33, 28, 13, 13, 9, 0, 3, 5, 6, 10, 25, 29, 33, 61, 62, 76, 73, 107, 96, 105, 117, 127, 127, 117]"
