target,beta,method_key,step,sample_idx,seq_len_full,seq_len_semantic,tokens_full_json,tokens_semantic_json
Linear,20,exact_guidance_u,0,0,1,0,[129],[]
Linear,20,exact_guidance_u,1,0,2,1,"[129, 46]",[46]
Linear,20,exact_guidance_u,2,0,4,3,"[129, 12, 46, 53]","[12, 46, 53]"
Linear,20,exact_guidance_u,3,0,6,5,"[129, 12, 46, 82, 53, 95]","[12, 46, 82, 53, 95]"
Linear,20,exact_guidance_u,4,0,7,6,"[129, 12, 46, 82, 53, 114, 95]","[12, 46, 82, 53, 114, 95]"
Linear,20,exact_guidance_u,5,0,7,6,"[129, 12, 46, 82, 53, 114, 95]","[12, 46, 82, 53, 114, 95]"
Linear,20,exact_guidance_u,6,0,8,7,"[129, 12, 18, 46, 82, 53, 114, 95]","[12, 18, 46, 82, 53, 114, 95]"
Linear,20,exact_guidance_u,7,0,10,9,"[129, 12, 18, 46, 63, 82, 81, 53, 114, 95]","[12, 18, 46, 63, 82, 81, 53, 114, 95]"
Linear,20,exact_guidance_u,8,0,11,10,"[129, 12, 18, 46, 63, 82, 81, 53, 111, 114, 95]","[12, 18, 46, 63, 82, 81, 53, 111, 114, 95]"
Linear,20,exact_guidance_u,9,0,13,12,"[129, 12, 18, 46, 63, 79, 82, 126, 81, 53, 111, 114, 95]","[12, 18, 46, 63, 79, 82, 126, 81, 53, 111, 114, 95]"
Linear,20,exact_guidance_u,10,0,14,13,"[129, 12, 18, 46, 63, 79, 82, 126, 81, 53, 3, 111, 114, 95]","[12, 18, 46, 63, 79, 82, 126, 81, 53, 3, 111, 114, 95]"
Linear,20,exact_guidance_u,11,0,15,14,"[129, 12, 18, 46, 63, 79, 82, 104, 126, 81, 53, 3, 111, 114, 95]","[12, 18, 46, 63, 79, 82, 104, 126, 81, 53, 3, 111, 114, 95]"
Linear,20,exact_guidance_u,12,0,15,14,"[129, 12, 18, 46, 63, 79, 82, 104, 126, 81, 53, 3, 111, 114, 95]","[12, 18, 46, 63, 79, 82, 104, 126, 81, 53, 3, 111, 114, 95]"
Linear,20,exact_guidance_u,13,0,15,14,"[129, 12, 18, 46, 63, 79, 82, 104, 126, 81, 53, 3, 111, 114, 95]","[12, 18, 46, 63, 79, 82, 104, 126, 81, 53, 3, 111, 114, 95]"
Linear,20,exact_guidance_u,14,0,16,15,"[129, 12, 18, 46, 63, 79, 82, 104, 126, 81, 53, 3, 111, 114, 127, 95]","[12, 18, 46, 63, 79, 82, 104, 126, 81, 53, 3, 111, 114, 127, 95]"
Linear,20,exact_guidance_u,15,0,17,16,"[129, 12, 18, 23, 46, 63, 79, 82, 104, 126, 81, 53, 3, 111, 114, 127, 95]","[12, 18, 23, 46, 63, 79, 82, 104, 126, 81, 53, 3, 111, 114, 127, 95]"
Linear,20,exact_guidance_u,16,0,19,18,"[129, 12, 18, 23, 46, 63, 79, 82, 11, 104, 126, 81, 53, 3, 111, 114, 127, 123, 95]","[12, 18, 23, 46, 63, 79, 82, 11, 104, 126, 81, 53, 3, 111, 114, 127, 123, 95]"
Linear,20,exact_guidance_u,17,0,20,19,"[129, 12, 18, 23, 46, 63, 108, 79, 82, 11, 104, 126, 81, 53, 3, 111, 114, 127, 123, 95]","[12, 18, 23, 46, 63, 108, 79, 82, 11, 104, 126, 81, 53, 3, 111, 114, 127, 123, 95]"
Linear,20,exact_guidance_u,18,0,20,19,"[129, 12, 18, 23, 46, 63, 108, 79, 82, 11, 104, 126, 81, 53, 3, 111, 114, 127, 123, 95]","[12, 18, 23, 46, 63, 108, 79, 82, 11, 104, 126, 81, 53, 3, 111, 114, 127, 123, 95]"
Linear,20,exact_guidance_u,19,0,20,19,"[129, 12, 18, 23, 46, 63, 108, 79, 82, 11, 104, 126, 81, 53, 3, 111, 114, 127, 123, 95]","[12, 18, 23, 46, 63, 108, 79, 82, 11, 104, 126, 81, 53, 3, 111, 114, 127, 123, 95]"
Linear,20,exact_guidance_u,20,0,20,19,"[129, 12, 18, 23, 46, 63, 108, 79, 82, 11, 104, 126, 81, 53, 3, 111, 114, 127, 123, 95]","[12, 18, 23, 46, 63, 108, 79, 82, 11, 104, 126, 81, 53, 3, 111, 114, 127, 123, 95]"
Linear,20,exact_guidance_u,21,0,20,19,"[129, 12, 18, 23, 46, 63, 108, 79, 82, 11, 104, 126, 81, 53, 3, 111, 114, 127, 123, 95]","[12, 18, 23, 46, 63, 108, 79, 82, 11, 104, 126, 81, 53, 3, 111, 114, 127, 123, 95]"
Linear,20,exact_guidance_u,22,0,23,22,"[129, 12, 18, 23, 46, 63, 70, 108, 79, 82, 11, 104, 121, 126, 127, 81, 53, 3, 111, 114, 127, 123, 95]","[12, 18, 23, 46, 63, 70, 108, 79, 82, 11, 104, 121, 126, 127, 81, 53, 3, 111, 114, 127, 123, 95]"
Linear,20,exact_guidance_u,23,0,24,23,"[129, 12, 18, 23, 46, 63, 70, 108, 79, 82, 11, 35, 104, 121, 126, 127, 81, 53, 3, 111, 114, 127, 123, 95]","[12, 18, 23, 46, 63, 70, 108, 79, 82, 11, 35, 104, 121, 126, 127, 81, 53, 3, 111, 114, 127, 123, 95]"
Linear,20,exact_guidance_u,24,0,25,24,"[129, 12, 18, 23, 46, 63, 70, 108, 79, 82, 11, 35, 91, 104, 121, 126, 127, 81, 53, 3, 111, 114, 127, 123, 95]","[12, 18, 23, 46, 63, 70, 108, 79, 82, 11, 35, 91, 104, 121, 126, 127, 81, 53, 3, 111, 114, 127, 123, 95]"
Linear,20,exact_guidance_u,25,0,25,24,"[129, 12, 18, 23, 46, 63, 70, 108, 79, 82, 11, 35, 91, 104, 121, 126, 127, 81, 53, 3, 111, 114, 127, 123, 95]","[12, 18, 23, 46, 63, 70, 108, 79, 82, 11, 35, 91, 104, 121, 126, 127, 81, 53, 3, 111, 114, 127, 123, 95]"
Linear,20,exact_guidance_u,26,0,25,24,"[129, 12, 18, 23, 46, 63, 70, 108, 79, 82, 11, 35, 91, 104, 121, 126, 127, 81, 53, 3, 111, 114, 127, 123, 95]","[12, 18, 23, 46, 63, 70, 108, 79, 82, 11, 35, 91, 104, 121, 126, 127, 81, 53, 3, 111, 114, 127, 123, 95]"
Linear,20,exact_guidance_u,27,0,25,24,"[129, 12, 18, 23, 46, 63, 70, 108, 79, 82, 11, 35, 91, 104, 121, 126, 127, 81, 53, 3, 111, 114, 127, 123, 95]","[12, 18, 23, 46, 63, 70, 108, 79, 82, 11, 35, 91, 104, 121, 126, 127, 81, 53, 3, 111, 114, 127, 123, 95]"
Linear,20,exact_guidance_u,28,0,25,24,"[129, 12, 18, 23, 46, 63, 70, 108, 79, 82, 11, 35, 91, 104, 121, 126, 127, 81, 53, 3, 111, 114, 127, 123, 95]","[12, 18, 23, 46, 63, 70, 108, 79, 82, 11, 35, 91, 104, 121, 126, 127, 81, 53, 3, 111, 114, 127, 123, 95]"
Linear,20,exact_guidance_u,29,0,26,25,"[129, 12, 18, 23, 46, 63, 70, 114, 108, 79, 82, 11, 35, 91, 104, 121, 126, 127, 81, 53, 3, 111, 114, 127, 123, 95]","[12, 18, 23, 46, 63, 70, 114, 108, 79, 82, 11, 35, 91, 104, 121, 126, 127, 81, 53, 3, 111, 114, 127, 123, 95]"
Linear,20,exact_guidance_u,30,0,26,25,"[129, 12, 18, 23, 46, 63, 70, 114, 108, 79, 82, 11, 35, 91, 104, 121, 126, 127, 81, 53, 3, 111, 114, 127, 123, 95]","[12, 18, 23, 46, 63, 70, 114, 108, 79, 82, 11, 35, 91, 104, 121, 126, 127, 81, 53, 3, 111, 114, 127, 123, 95]"
Linear,20,exact_guidance_u,31,0,26,25,"[129, 12, 18, 23, 46, 63, 70, 114, 108, 79, 82, 11, 35, 91, 104, 121, 126, 127, 81, 53, 3, 111, 114, 127, 123, 95]","[12, 18, 23, 46, 63, 70, 114, 108, 79, 82, 11, 35, 91, 104, 121, 126, 127, 81, 53, 3, 111, 114, 127, 123, 95]"
Linear,20,exact_guidance_u,32,0,27,26,"[129, 12, 18, 23, 46, 63, 70, 114, 108, 79, 82, 45, 11, 35, 91, 104, 121, 126, 127, 81, 53, 3, 111, 114, 127, 123, 95]","[12, 18, 23, 46, 63, 70, 114, 108, 79, 82, 45, 11, 35, 91, 104, 121, 126, 127, 81, 53, 3, 111, 114, 127, 123, 95]"
Linear,20,exact_guidance_u,33,0,27,26,"[129, 12, 18, 23, 46, 63, 70, 114, 108, 79, 82, 45, 11, 35, 91, 104, 121, 126, 127, 81, 53, 3, 111, 114, 127, 123, 95]","[12, 18, 23, 46, 63, 70, 114, 108, 79, 82, 45, 11, 35, 91, 104, 121, 126, 127, 81, 53, 3, 111, 114, 127, 123, 95]"
Linear,20,exact_guidance_u,34,0,28,27,"[129, 12, 18, 23, 46, 63, 70, 123, 114, 108, 79, 82, 45, 11, 35, 91, 104, 121, 126, 127, 81, 53, 3, 111, 114, 127, 123, 95]","[12, 18, 23, 46, 63, 70, 123, 114, 108, 79, 82, 45, 11, 35, 91, 104, 121, 126, 127, 81, 53, 3, 111, 114, 127, 123, 95]"
Linear,20,exact_guidance_u,35,0,29,28,"[129, 12, 18, 23, 36, 46, 63, 70, 123, 114, 108, 79, 82, 45, 11, 35, 91, 104, 121, 126, 127, 81, 53, 3, 111, 114, 127, 123, 95]","[12, 18, 23, 36, 46, 63, 70, 123, 114, 108, 79, 82, 45, 11, 35, 91, 104, 121, 126, 127, 81, 53, 3, 111, 114, 127, 123, 95]"
Linear,20,exact_guidance_u,36,0,30,29,"[129, 12, 18, 23, 36, 46, 63, 70, 123, 114, 108, 79, 82, 45, 11, 35, 91, 104, 121, 126, 127, 81, 53, 3, 111, 114, 120, 127, 123, 95]","[12, 18, 23, 36, 46, 63, 70, 123, 114, 108, 79, 82, 45, 11, 35, 91, 104, 121, 126, 127, 81, 53, 3, 111, 114, 120, 127, 123, 95]"
Linear,20,exact_guidance_u,37,0,30,29,"[129, 12, 18, 23, 36, 46, 63, 70, 123, 114, 108, 79, 82, 45, 11, 35, 91, 104, 121, 126, 127, 81, 53, 3, 111, 114, 120, 127, 123, 95]","[12, 18, 23, 36, 46, 63, 70, 123, 114, 108, 79, 82, 45, 11, 35, 91, 104, 121, 126, 127, 81, 53, 3, 111, 114, 120, 127, 123, 95]"
Linear,20,exact_guidance_u,38,0,30,29,"[129, 12, 18, 23, 36, 46, 63, 70, 123, 114, 108, 79, 82, 45, 11, 35, 91, 104, 121, 126, 127, 81, 53, 3, 111, 114, 120, 127, 123, 95]","[12, 18, 23, 36, 46, 63, 70, 123, 114, 108, 79, 82, 45, 11, 35, 91, 104, 121, 126, 127, 81, 53, 3, 111, 114, 120, 127, 123, 95]"
Linear,20,exact_guidance_u,39,0,30,29,"[129, 12, 18, 23, 36, 46, 63, 70, 123, 114, 108, 79, 82, 45, 11, 35, 91, 104, 121, 126, 127, 81, 53, 3, 111, 114, 120, 127, 123, 95]","[12, 18, 23, 36, 46, 63, 70, 123, 114, 108, 79, 82, 45, 11, 35, 91, 104, 121, 126, 127, 81, 53, 3, 111, 114, 120, 127, 123, 95]"
Linear,20,exact_guidance_u,40,0,30,29,"[129, 12, 18, 23, 36, 46, 63, 70, 123, 114, 108, 79, 82, 45, 11, 35, 91, 104, 121, 126, 127, 81, 53, 3, 111, 114, 120, 127, 123, 95]","[12, 18, 23, 36, 46, 63, 70, 123, 114, 108, 79, 82, 45, 11, 35, 91, 104, 121, 126, 127, 81, 53, 3, 111, 114, 120, 127, 123, 95]"
Linear,20,exact_guidance_u,41,0,30,29,"[129, 12, 18, 23, 36, 46, 63, 70, 123, 114, 108, 79, 82, 45, 11, 35, 91, 104, 121, 126, 127, 81, 53, 3, 111, 114, 120, 127, 123, 95]","[12, 18, 23, 36, 46, 63, 70, 123, 114, 108, 79, 82, 45, 11, 35, 91, 104, 121, 126, 127, 81, 53, 3, 111, 114, 120, 127, 123, 95]"
Linear,20,exact_guidance_u,42,0,31,30,"[129, 8, 12, 18, 23, 36, 46, 63, 70, 123, 114, 108, 79, 82, 45, 11, 35, 91, 104, 121, 126, 127, 81, 53, 3, 111, 114, 120, 127, 123, 95]","[8, 12, 18, 23, 36, 46, 63, 70, 123, 114, 108, 79, 82, 45, 11, 35, 91, 104, 121, 126, 127, 81, 53, 3, 111, 114, 120, 127, 123, 95]"
Linear,20,exact_guidance_u,43,0,32,31,"[129, 8, 11, 12, 18, 23, 36, 46, 63, 70, 123, 114, 108, 79, 82, 45, 11, 35, 91, 104, 121, 126, 127, 81, 53, 3, 111, 114, 120, 127, 123, 95]","[8, 11, 12, 18, 23, 36, 46, 63, 70, 123, 114, 108, 79, 82, 45, 11, 35, 91, 104, 121, 126, 127, 81, 53, 3, 111, 114, 120, 127, 123, 95]"
Linear,20,exact_guidance_u,44,0,33,32,"[129, 8, 11, 12, 18, 23, 36, 46, 63, 70, 123, 114, 108, 79, 82, 45, 11, 35, 91, 104, 121, 126, 127, 81, 53, 3, 111, 114, 120, 127, 123, 119, 95]","[8, 11, 12, 18, 23, 36, 46, 63, 70, 123, 114, 108, 79, 82, 45, 11, 35, 91, 104, 121, 126, 127, 81, 53, 3, 111, 114, 120, 127, 123, 119, 95]"
Linear,20,exact_guidance_u,45,0,34,33,"[129, 8, 11, 12, 18, 23, 36, 46, 63, 70, 123, 114, 108, 79, 82, 45, 1, 11, 35, 91, 104, 121, 126, 127, 81, 53, 3, 111, 114, 120, 127, 123, 119, 95]","[8, 11, 12, 18, 23, 36, 46, 63, 70, 123, 114, 108, 79, 82, 45, 1, 11, 35, 91, 104, 121, 126, 127, 81, 53, 3, 111, 114, 120, 127, 123, 119, 95]"
Linear,20,exact_guidance_u,46,0,34,33,"[129, 8, 11, 12, 18, 23, 36, 46, 63, 70, 123, 114, 108, 79, 82, 45, 1, 11, 35, 91, 104, 121, 126, 127, 81, 53, 3, 111, 114, 120, 127, 123, 119, 95]","[8, 11, 12, 18, 23, 36, 46, 63, 70, 123, 114, 108, 79, 82, 45, 1, 11, 35, 91, 104, 121, 126, 127, 81, 53, 3, 111, 114, 120, 127, 123, 119, 95]"
Linear,20,exact_guidance_u,47,0,35,34,"[129, 8, 11, 12, 18, 23, 36, 46, 63, 70, 123, 114, 108, 79, 82, 45, 1, 11, 35, 91, 104, 121, 126, 127, 81, 53, 3, 111, 114, 120, 127, 123, 119, 127, 95]","[8, 11, 12, 18, 23, 36, 46, 63, 70, 123, 114, 108, 79, 82, 45, 1, 11, 35, 91, 104, 121, 126, 127, 81, 53, 3, 111, 114, 120, 127, 123, 119, 127, 95]"
Linear,20,exact_guidance_u,48,0,36,35,"[129, 8, 11, 12, 15, 18, 23, 36, 46, 63, 70, 123, 114, 108, 79, 82, 45, 1, 11, 35, 91, 104, 121, 126, 127, 81, 53, 3, 111, 114, 120, 127, 123, 119, 127, 95]","[8, 11, 12, 15, 18, 23, 36, 46, 63, 70, 123, 114, 108, 79, 82, 45, 1, 11, 35, 91, 104, 121, 126, 127, 81, 53, 3, 111, 114, 120, 127, 123, 119, 127, 95]"
Linear,20,exact_guidance_u,49,0,38,37,"[129, 8, 11, 12, 15, 18, 23, 36, 46, 49, 63, 70, 123, 114, 108, 79, 82, 45, 1, 11, 35, 91, 104, 121, 126, 127, 81, 53, 8, 3, 111, 114, 120, 127, 123, 119, 127, 95]","[8, 11, 12, 15, 18, 23, 36, 46, 49, 63, 70, 123, 114, 108, 79, 82, 45, 1, 11, 35, 91, 104, 121, 126, 127, 81, 53, 8, 3, 111, 114, 120, 127, 123, 119, 127, 95]"
Linear,20,exact_guidance_u,50,0,40,39,"[129, 8, 11, 12, 15, 18, 23, 36, 46, 49, 63, 70, 123, 114, 108, 79, 82, 45, 1, 11, 35, 91, 96, 104, 121, 126, 127, 105, 81, 53, 8, 3, 111, 114, 120, 127, 123, 119, 127, 95]","[8, 11, 12, 15, 18, 23, 36, 46, 49, 63, 70, 123, 114, 108, 79, 82, 45, 1, 11, 35, 91, 96, 104, 121, 126, 127, 105, 81, 53, 8, 3, 111, 114, 120, 127, 123, 119, 127, 95]"
Linear,20,exact_guidance_u,51,0,41,40,"[129, 8, 11, 12, 15, 18, 23, 36, 46, 49, 63, 70, 73, 123, 114, 108, 79, 82, 45, 1, 11, 35, 91, 96, 104, 121, 126, 127, 105, 81, 53, 8, 3, 111, 114, 120, 127, 123, 119, 127, 95]","[8, 11, 12, 15, 18, 23, 36, 46, 49, 63, 70, 73, 123, 114, 108, 79, 82, 45, 1, 11, 35, 91, 96, 104, 121, 126, 127, 105, 81, 53, 8, 3, 111, 114, 120, 127, 123, 119, 127, 95]"
Linear,20,exact_guidance_u,52,0,41,40,"[129, 8, 11, 12, 15, 18, 23, 36, 46, 49, 63, 70, 73, 123, 114, 108, 79, 82, 45, 1, 11, 35, 91, 96, 104, 121, 126, 127, 105, 81, 53, 8, 3, 111, 114, 120, 127, 123, 119, 127, 95]","[8, 11, 12, 15, 18, 23, 36, 46, 49, 63, 70, 73, 123, 114, 108, 79, 82, 45, 1, 11, 35, 91, 96, 104, 121, 126, 127, 105, 81, 53, 8, 3, 111, 114, 120, 127, 123, 119, 127, 95]"
Linear,20,exact_guidance_u,53,0,41,40,"[129, 8, 11, 12, 15, 18, 23, 36, 46, 49, 63, 70, 73, 123, 114, 108, 79, 82, 45, 1, 11, 35, 91, 96, 104, 121, 126, 127, 105, 81, 53, 8, 3, 111, 114, 120, 127, 123, 119, 127, 95]","[8, 11, 12, 15, 18, 23, 36, 46, 49, 63, 70, 73, 123, 114, 108, 79, 82, 45, 1, 11, 35, 91, 96, 104, 121, 126, 127, 105, 81, 53, 8, 3, 111, 114, 120, 127, 123, 119, 127, 95]"
Linear,20,exact_guidance_u,54,0,41,40,"[129, 8, 11, 12, 15, 18, 23, 36, 46, 49, 63, 70, 73, 123, 114, 108, 79, 82, 45, 1, 11, 35, 91, 96, 104, 121, 126, 127, 105, 81, 53, 8, 3, 111, 114, 120, 127, 123, 119, 127, 95]","[8, 11, 12, 15, 18, 23, 36, 46, 49, 63, 70, 73, 123, 114, 108, 79, 82, 45, 1, 11, 35, 91, 96, 104, 121, 126, 127, 105, 81, 53, 8, 3, 111, 114, 120, 127, 123, 119, 127, 95]"
Linear,20,exact_guidance_u,55,0,42,41,"[129, 8, 11, 12, 15, 18, 23, 36, 46, 49, 63, 70, 73, 123, 114, 108, 79, 82, 45, 1, 11, 35, 91, 96, 104, 121, 126, 127, 105, 81, 53, 8, 2, 3, 111, 114, 120, 127, 123, 119, 127, 95]","[8, 11, 12, 15, 18, 23, 36, 46, 49, 63, 70, 73, 123, 114, 108, 79, 82, 45, 1, 11, 35, 91, 96, 104, 121, 126, 127, 105, 81, 53, 8, 2, 3, 111, 114, 120, 127, 123, 119, 127, 95]"
Linear,20,exact_guidance_u,56,0,44,43,"[129, 8, 11, 12, 15, 18, 23, 36, 46, 49, 63, 70, 73, 123, 114, 114, 108, 79, 82, 45, 1, 11, 35, 91, 96, 104, 121, 126, 124, 127, 105, 81, 53, 8, 2, 3, 111, 114, 120, 127, 123, 119, 127, 95]","[8, 11, 12, 15, 18, 23, 36, 46, 49, 63, 70, 73, 123, 114, 114, 108, 79, 82, 45, 1, 11, 35, 91, 96, 104, 121, 126, 124, 127, 105, 81, 53, 8, 2, 3, 111, 114, 120, 127, 123, 119, 127, 95]"
Linear,20,exact_guidance_u,57,0,44,43,"[129, 8, 11, 12, 15, 18, 23, 36, 46, 49, 63, 70, 73, 123, 114, 114, 108, 79, 82, 45, 1, 11, 35, 91, 96, 104, 121, 126, 124, 127, 105, 81, 53, 8, 2, 3, 111, 114, 120, 127, 123, 119, 127, 95]","[8, 11, 12, 15, 18, 23, 36, 46, 49, 63, 70, 73, 123, 114, 114, 108, 79, 82, 45, 1, 11, 35, 91, 96, 104, 121, 126, 124, 127, 105, 81, 53, 8, 2, 3, 111, 114, 120, 127, 123, 119, 127, 95]"
Linear,20,exact_guidance_u,58,0,45,44,"[129, 8, 11, 12, 15, 18, 23, 36, 46, 49, 63, 70, 73, 123, 127, 114, 114, 108, 79, 82, 45, 1, 11, 35, 91, 96, 104, 121, 126, 124, 127, 105, 81, 53, 8, 2, 3, 111, 114, 120, 127, 123, 119, 127, 95]","[8, 11, 12, 15, 18, 23, 36, 46, 49, 63, 70, 73, 123, 127, 114, 114, 108, 79, 82, 45, 1, 11, 35, 91, 96, 104, 121, 126, 124, 127, 105, 81, 53, 8, 2, 3, 111, 114, 120, 127, 123, 119, 127, 95]"
Linear,20,exact_guidance_u,59,0,46,45,"[129, 8, 11, 12, 17, 15, 18, 23, 36, 46, 49, 63, 70, 73, 123, 127, 114, 114, 108, 79, 82, 45, 1, 11, 35, 91, 96, 104, 121, 126, 124, 127, 105, 81, 53, 8, 2, 3, 111, 114, 120, 127, 123, 119, 127, 95]","[8, 11, 12, 17, 15, 18, 23, 36, 46, 49, 63, 70, 73, 123, 127, 114, 114, 108, 79, 82, 45, 1, 11, 35, 91, 96, 104, 121, 126, 124, 127, 105, 81, 53, 8, 2, 3, 111, 114, 120, 127, 123, 119, 127, 95]"
Linear,20,exact_guidance_u,60,0,46,45,"[129, 8, 11, 12, 17, 15, 18, 23, 36, 46, 49, 63, 70, 73, 123, 127, 114, 114, 108, 79, 82, 45, 1, 11, 35, 91, 96, 104, 121, 126, 124, 127, 105, 81, 53, 8, 2, 3, 111, 114, 120, 127, 123, 119, 127, 95]","[8, 11, 12, 17, 15, 18, 23, 36, 46, 49, 63, 70, 73, 123, 127, 114, 114, 108, 79, 82, 45, 1, 11, 35, 91, 96, 104, 121, 126, 124, 127, 105, 81, 53, 8, 2, 3, 111, 114, 120, 127, 123, 119, 127, 95]"
Linear,20,exact_guidance_u,61,0,46,45,"[129, 8, 11, 12, 17, 15, 18, 23, 36, 46, 49, 63, 70, 73, 123, 127, 114, 114, 108, 79, 82, 45, 1, 11, 35, 91, 96, 104, 121, 126, 124, 127, 105, 81, 53, 8, 2, 3, 111, 114, 120, 127, 123, 119, 127, 95]","[8, 11, 12, 17, 15, 18, 23, 36, 46, 49, 63, 70, 73, 123, 127, 114, 114, 108, 79, 82, 45, 1, 11, 35, 91, 96, 104, 121, 126, 124, 127, 105, 81, 53, 8, 2, 3, 111, 114, 120, 127, 123, 119, 127, 95]"
Linear,20,exact_guidance_u,62,0,46,45,"[129, 8, 11, 12, 17, 15, 18, 23, 36, 46, 49, 63, 70, 73, 123, 127, 114, 114, 108, 79, 82, 45, 1, 11, 35, 91, 96, 104, 121, 126, 124, 127, 105, 81, 53, 8, 2, 3, 111, 114, 120, 127, 123, 119, 127, 95]","[8, 11, 12, 17, 15, 18, 23, 36, 46, 49, 63, 70, 73, 123, 127, 114, 114, 108, 79, 82, 45, 1, 11, 35, 91, 96, 104, 121, 126, 124, 127, 105, 81, 53, 8, 2, 3, 111, 114, 120, 127, 123, 119, 127, 95]"
Linear,20,exact_guidance_u,63,0,47,46,"[129, 8, 11, 12, 17, 15, 18, 23, 36, 46, 49, 63, 70, 73, 123, 127, 114, 114, 108, 79, 82, 45, 1, 11, 35, 69, 91, 96, 104, 121, 126, 124, 127, 105, 81, 53, 8, 2, 3, 111, 114, 120, 127, 123, 119, 127, 95]","[8, 11, 12, 17, 15, 18, 23, 36, 46, 49, 63, 70, 73, 123, 127, 114, 114, 108, 79, 82, 45, 1, 11, 35, 69, 91, 96, 104, 121, 126, 124, 127, 105, 81, 53, 8, 2, 3, 111, 114, 120, 127, 123, 119, 127, 95]"
Linear,20,exact_guidance_u,64,0,47,46,"[129, 8, 11, 12, 17, 15, 18, 23, 36, 46, 49, 63, 70, 73, 123, 127, 114, 114, 108, 79, 82, 45, 1, 11, 35, 69, 91, 96, 104, 121, 126, 124, 127, 105, 81, 53, 8, 2, 3, 111, 114, 120, 127, 123, 119, 127, 95]","[8, 11, 12, 17, 15, 18, 23, 36, 46, 49, 63, 70, 73, 123, 127, 114, 114, 108, 79, 82, 45, 1, 11, 35, 69, 91, 96, 104, 121, 126, 124, 127, 105, 81, 53, 8, 2, 3, 111, 114, 120, 127, 123, 119, 127, 95]"
Linear,20,exact_guidance_u,65,0,48,47,"[129, 8, 11, 12, 17, 15, 18, 23, 36, 46, 49, 63, 70, 73, 123, 127, 114, 114, 108, 79, 82, 45, 41, 1, 11, 35, 69, 91, 96, 104, 121, 126, 124, 127, 105, 81, 53, 8, 2, 3, 111, 114, 120, 127, 123, 119, 127, 95]","[8, 11, 12, 17, 15, 18, 23, 36, 46, 49, 63, 70, 73, 123, 127, 114, 114, 108, 79, 82, 45, 41, 1, 11, 35, 69, 91, 96, 104, 121, 126, 124, 127, 105, 81, 53, 8, 2, 3, 111, 114, 120, 127, 123, 119, 127, 95]"
Linear,20,exact_guidance_u,66,0,48,47,"[129, 8, 11, 12, 17, 15, 18, 23, 36, 46, 49, 63, 70, 73, 123, 127, 114, 114, 108, 79, 82, 45, 41, 1, 11, 35, 69, 91, 96, 104, 121, 126, 124, 127, 105, 81, 53, 8, 2, 3, 111, 114, 120, 127, 123, 119, 127, 95]","[8, 11, 12, 17, 15, 18, 23, 36, 46, 49, 63, 70, 73, 123, 127, 114, 114, 108, 79, 82, 45, 41, 1, 11, 35, 69, 91, 96, 104, 121, 126, 124, 127, 105, 81, 53, 8, 2, 3, 111, 114, 120, 127, 123, 119, 127, 95]"
Linear,20,exact_guidance_u,67,0,48,47,"[129, 8, 11, 12, 17, 15, 18, 23, 36, 46, 49, 63, 70, 73, 123, 127, 114, 114, 108, 79, 82, 45, 41, 1, 11, 35, 69, 91, 96, 104, 121, 126, 124, 127, 105, 81, 53, 8, 2, 3, 111, 114, 120, 127, 123, 119, 127, 95]","[8, 11, 12, 17, 15, 18, 23, 36, 46, 49, 63, 70, 73, 123, 127, 114, 114, 108, 79, 82, 45, 41, 1, 11, 35, 69, 91, 96, 104, 121, 126, 124, 127, 105, 81, 53, 8, 2, 3, 111, 114, 120, 127, 123, 119, 127, 95]"
Linear,20,exact_guidance_u,68,0,48,47,"[129, 8, 11, 12, 17, 15, 18, 23, 36, 46, 49, 63, 70, 73, 123, 127, 114, 114, 108, 79, 82, 45, 41, 1, 11, 35, 69, 91, 96, 104, 121, 126, 124, 127, 105, 81, 53, 8, 2, 3, 111, 114, 120, 127, 123, 119, 127, 95]","[8, 11, 12, 17, 15, 18, 23, 36, 46, 49, 63, 70, 73, 123, 127, 114, 114, 108, 79, 82, 45, 41, 1, 11, 35, 69, 91, 96, 104, 121, 126, 124, 127, 105, 81, 53, 8, 2, 3, 111, 114, 120, 127, 123, 119, 127, 95]"
Linear,20,exact_guidance_u,69,0,48,47,"[129, 8, 11, 12, 17, 15, 18, 23, 36, 46, 49, 63, 70, 73, 123, 127, 114, 114, 108, 79, 82, 45, 41, 1, 11, 35, 69, 91, 96, 104, 121, 126, 124, 127, 105, 81, 53, 8, 2, 3, 111, 114, 120, 127, 123, 119, 127, 95]","[8, 11, 12, 17, 15, 18, 23, 36, 46, 49, 63, 70, 73, 123, 127, 114, 114, 108, 79, 82, 45, 41, 1, 11, 35, 69, 91, 96, 104, 121, 126, 124, 127, 105, 81, 53, 8, 2, 3, 111, 114, 120, 127, 123, 119, 127, 95]"
Linear,20,exact_guidance_u,70,0,48,47,"[129, 8, 11, 12, 17, 15, 18, 23, 36, 46, 49, 63, 70, 73, 123, 127, 114, 114, 108, 79, 82, 45, 41, 1, 11, 35, 69, 91, 96, 104, 121, 126, 124, 127, 105, 81, 53, 8, 2, 3, 111, 114, 120, 127, 123, 119, 127, 95]","[8, 11, 12, 17, 15, 18, 23, 36, 46, 49, 63, 70, 73, 123, 127, 114, 114, 108, 79, 82, 45, 41, 1, 11, 35, 69, 91, 96, 104, 121, 126, 124, 127, 105, 81, 53, 8, 2, 3, 111, 114, 120, 127, 123, 119, 127, 95]"
Linear,20,exact_guidance_u,71,0,48,47,"[129, 8, 11, 12, 17, 15, 18, 23, 36, 46, 49, 63, 70, 73, 123, 127, 114, 114, 108, 79, 82, 45, 41, 1, 11, 35, 69, 91, 96, 104, 121, 126, 124, 127, 105, 81, 53, 8, 2, 3, 111, 114, 120, 127, 123, 119, 127, 95]","[8, 11, 12, 17, 15, 18, 23, 36, 46, 49, 63, 70, 73, 123, 127, 114, 114, 108, 79, 82, 45, 41, 1, 11, 35, 69, 91, 96, 104, 121, 126, 124, 127, 105, 81, 53, 8, 2, 3, 111, 114, 120, 127, 123, 119, 127, 95]"
Linear,20,exact_guidance_u,72,0,49,48,"[129, 8, 11, 12, 17, 15, 18, 23, 36, 46, 49, 63, 70, 73, 123, 127, 114, 114, 108, 79, 82, 45, 41, 1, 5, 11, 35, 69, 91, 96, 104, 121, 126, 124, 127, 105, 81, 53, 8, 2, 3, 111, 114, 120, 127, 123, 119, 127, 95]","[8, 11, 12, 17, 15, 18, 23, 36, 46, 49, 63, 70, 73, 123, 127, 114, 114, 108, 79, 82, 45, 41, 1, 5, 11, 35, 69, 91, 96, 104, 121, 126, 124, 127, 105, 81, 53, 8, 2, 3, 111, 114, 120, 127, 123, 119, 127, 95]"
Linear,20,exact_guidance_u,73,0,50,49,"[129, 8, 11, 12, 17, 15, 18, 23, 36, 46, 49, 63, 70, 73, 123, 127, 114, 114, 108, 79, 82, 45, 41, 1, 5, 11, 35, 69, 69, 91, 96, 104, 121, 126, 124, 127, 105, 81, 53, 8, 2, 3, 111, 114, 120, 127, 123, 119, 127, 95]","[8, 11, 12, 17, 15, 18, 23, 36, 46, 49, 63, 70, 73, 123, 127, 114, 114, 108, 79, 82, 45, 41, 1, 5, 11, 35, 69, 69, 91, 96, 104, 121, 126, 124, 127, 105, 81, 53, 8, 2, 3, 111, 114, 120, 127, 123, 119, 127, 95]"
Linear,20,exact_guidance_u,74,0,50,49,"[129, 8, 11, 12, 17, 15, 18, 23, 36, 46, 49, 63, 70, 73, 123, 127, 114, 114, 108, 79, 82, 45, 41, 1, 5, 11, 35, 69, 69, 91, 96, 104, 121, 126, 124, 127, 105, 81, 53, 8, 2, 3, 111, 114, 120, 127, 123, 119, 127, 95]","[8, 11, 12, 17, 15, 18, 23, 36, 46, 49, 63, 70, 73, 123, 127, 114, 114, 108, 79, 82, 45, 41, 1, 5, 11, 35, 69, 69, 91, 96, 104, 121, 126, 124, 127, 105, 81, 53, 8, 2, 3, 111, 114, 120, 127, 123, 119, 127, 95]"
Linear,20,exact_guidance_u,75,0,50,49,"[129, 8, 11, 12, 17, 15, 18, 23, 36, 46, 49, 63, 70, 73, 123, 127, 114, 114, 108, 79, 82, 45, 41, 1, 5, 11, 35, 69, 69, 91, 96, 104, 121, 126, 124, 127, 105, 81, 53, 8, 2, 3, 111, 114, 120, 127, 123, 119, 127, 95]","[8, 11, 12, 17, 15, 18, 23, 36, 46, 49, 63, 70, 73, 123, 127, 114, 114, 108, 79, 82, 45, 41, 1, 5, 11, 35, 69, 69, 91, 96, 104, 121, 126, 124, 127, 105, 81, 53, 8, 2, 3, 111, 114, 120, 127, 123, 119, 127, 95]"
Linear,20,exact_guidance_u,76,0,50,49,"[129, 8, 11, 12, 17, 15, 18, 23, 36, 46, 49, 63, 70, 73, 123, 127, 114, 114, 108, 79, 82, 45, 41, 1, 5, 11, 35, 69, 69, 91, 96, 104, 121, 126, 124, 127, 105, 81, 53, 8, 2, 3, 111, 114, 120, 127, 123, 119, 127, 95]","[8, 11, 12, 17, 15, 18, 23, 36, 46, 49, 63, 70, 73, 123, 127, 114, 114, 108, 79, 82, 45, 41, 1, 5, 11, 35, 69, 69, 91, 96, 104, 121, 126, 124, 127, 105, 81, 53, 8, 2, 3, 111, 114, 120, 127, 123, 119, 127, 95]"
Linear,20,exact_guidance_u,77,0,50,49,"[129, 8, 11, 12, 17, 15, 18, 23, 36, 46, 49, 63, 70, 73, 123, 127, 114, 114, 108, 79, 82, 45, 41, 1, 5, 11, 35, 69, 69, 91, 96, 104, 121, 126, 124, 127, 105, 81, 53, 8, 2, 3, 111, 114, 120, 127, 123, 119, 127, 95]","[8, 11, 12, 17, 15, 18, 23, 36, 46, 49, 63, 70, 73, 123, 127, 114, 114, 108, 79, 82, 45, 41, 1, 5, 11, 35, 69, 69, 91, 96, 104, 121, 126, 124, 127, 105, 81, 53, 8, 2, 3, 111, 114, 120, 127, 123, 119, 127, 95]"
Linear,20,exact_guidance_u,78,0,50,49,"[129, 8, 11, 12, 17, 15, 18, 23, 36, 46, 49, 63, 70, 73, 123, 127, 114, 114, 108, 79, 82, 45, 41, 1, 5, 11, 35, 69, 69, 91, 96, 104, 121, 126, 124, 127, 105, 81, 53, 8, 2, 3, 111, 114, 120, 127, 123, 119, 127, 95]","[8, 11, 12, 17, 15, 18, 23, 36, 46, 49, 63, 70, 73, 123, 127, 114, 114, 108, 79, 82, 45, 41, 1, 5, 11, 35, 69, 69, 91, 96, 104, 121, 126, 124, 127, 105, 81, 53, 8, 2, 3, 111, 114, 120, 127, 123, 119, 127, 95]"
Linear,20,exact_guidance_u,79,0,50,49,"[129, 8, 11, 12, 17, 15, 18, 23, 36, 46, 49, 63, 70, 73, 123, 127, 114, 114, 108, 79, 82, 45, 41, 1, 5, 11, 35, 69, 69, 91, 96, 104, 121, 126, 124, 127, 105, 81, 53, 8, 2, 3, 111, 114, 120, 127, 123, 119, 127, 95]","[8, 11, 12, 17, 15, 18, 23, 36, 46, 49, 63, 70, 73, 123, 127, 114, 114, 108, 79, 82, 45, 41, 1, 5, 11, 35, 69, 69, 91, 96, 104, 121, 126, 124, 127, 105, 81, 53, 8, 2, 3, 111, 114, 120, 127, 123, 119, 127, 95]"
Linear,20,exact_guidance_u,80,0,50,49,"[129, 8, 11, 12, 17, 15, 18, 23, 36, 46, 49, 63, 70, 73, 123, 127, 114, 114, 108, 79, 82, 45, 41, 1, 5, 11, 35, 69, 69, 91, 96, 104, 121, 126, 124, 127, 105, 81, 53, 8, 2, 3, 111, 114, 120, 127, 123, 119, 127, 95]","[8, 11, 12, 17, 15, 18, 23, 36, 46, 49, 63, 70, 73, 123, 127, 114, 114, 108, 79, 82, 45, 41, 1, 5, 11, 35, 69, 69, 91, 96, 104, 121, 126, 124, 127, 105, 81, 53, 8, 2, 3, 111, 114, 120, 127, 123, 119, 127, 95]"
Linear,20,exact_guidance_u,81,0,50,49,"[129, 8, 11, 12, 17, 15, 18, 23, 36, 46, 49, 63, 70, 73, 123, 127, 114, 114, 108, 79, 82, 45, 41, 1, 5, 11, 35, 69, 69, 91, 96, 104, 121, 126, 124, 127, 105, 81, 53, 8, 2, 3, 111, 114, 120, 127, 123, 119, 127, 95]","[8, 11, 12, 17, 15, 18, 23, 36, 46, 49, 63, 70, 73, 123, 127, 114, 114, 108, 79, 82, 45, 41, 1, 5, 11, 35, 69, 69, 91, 96, 104, 121, 126, 124, 127, 105, 81, 53, 8, 2, 3, 111, 114, 120, 127, 123, 119, 127, 95]"
Linear,20,exact_guidance_u,82,0,50,49,"[129, 8, 11, 12, 17, 15, 18, 23, 36, 46, 49, 63, 70, 73, 123, 127, 114, 114, 108, 79, 82, 45, 41, 1, 5, 11, 35, 69, 69, 91, 96, 104, 121, 126, 124, 127, 105, 81, 53, 8, 2, 3, 111, 114, 120, 127, 123, 119, 127, 95]","[8, 11, 12, 17, 15, 18, 23, 36, 46, 49, 63, 70, 73, 123, 127, 114, 114, 108, 79, 82, 45, 41, 1, 5, 11, 35, 69, 69, 91, 96, 104, 121, 126, 124, 127, 105, 81, 53, 8, 2, 3, 111, 114, 120, 127, 123, 119, 127, 95]"
Linear,20,exact_guidance_u,83,0,50,49,"[129, 8, 11, 12, 17, 15, 18, 23, 36, 46, 49, 63, 70, 73, 123, 127, 114, 114, 108, 79, 82, 45, 41, 1, 5, 11, 35, 69, 69, 91, 96, 104, 121, 126, 124, 127, 105, 81, 53, 8, 2, 3, 111, 114, 120, 127, 123, 119, 127, 95]","[8, 11, 12, 17, 15, 18, 23, 36, 46, 49, 63, 70, 73, 123, 127, 114, 114, 108, 79, 82, 45, 41, 1, 5, 11, 35, 69, 69, 91, 96, 104, 121, 126, 124, 127, 105, 81, 53, 8, 2, 3, 111, 114, 120, 127, 123, 119, 127, 95]"
Linear,20,exact_guidance_u,84,0,50,49,"[129, 8, 11, 12, 17, 15, 18, 23, 36, 46, 49, 63, 70, 73, 123, 127, 114, 114, 108, 79, 82, 45, 41, 1, 5, 11, 35, 69, 69, 91, 96, 104, 121, 126, 124, 127, 105, 81, 53, 8, 2, 3, 111, 114, 120, 127, 123, 119, 127, 95]","[8, 11, 12, 17, 15, 18, 23, 36, 46, 49, 63, 70, 73, 123, 127, 114, 114, 108, 79, 82, 45, 41, 1, 5, 11, 35, 69, 69, 91, 96, 104, 121, 126, 124, 127, 105, 81, 53, 8, 2, 3, 111, 114, 120, 127, 123, 119, 127, 95]"
Linear,20,exact_guidance_u,85,0,50,49,"[129, 8, 11, 12, 17, 15, 18, 23, 36, 46, 49, 63, 70, 73, 123, 127, 114, 114, 108, 79, 82, 45, 41, 1, 5, 11, 35, 69, 69, 91, 96, 104, 121, 126, 124, 127, 105, 81, 53, 8, 2, 3, 111, 114, 120, 127, 123, 119, 127, 95]","[8, 11, 12, 17, 15, 18, 23, 36, 46, 49, 63, 70, 73, 123, 127, 114, 114, 108, 79, 82, 45, 41, 1, 5, 11, 35, 69, 69, 91, 96, 104, 121, 126, 124, 127, 105, 81, 53, 8, 2, 3, 111, 114, 120, 127, 123, 119, 127, 95]"
Linear,20,exact_guidance_u,86,0,50,49,"[129, 8, 11, 12, 17, 15, 18, 23, 36, 46, 49, 63, 70, 73, 123, 127, 114, 114, 108, 79, 82, 45, 41, 1, 5, 11, 35, 69, 69, 91, 96, 104, 121, 126, 124, 127, 105, 81, 53, 8, 2, 3, 111, 114, 120, 127, 123, 119, 127, 95]","[8, 11, 12, 17, 15, 18, 23, 36, 46, 49, 63, 70, 73, 123, 127, 114, 114, 108, 79, 82, 45, 41, 1, 5, 11, 35, 69, 69, 91, 96, 104, 121, 126, 124, 127, 105, 81, 53, 8, 2, 3, 111, 114, 120, 127, 123, 119, 127, 95]"
Linear,20,exact_guidance_u,87,0,50,49,"[129, 8, 11, 12, 17, 15, 18, 23, 36, 46, 49, 63, 70, 73, 123, 127, 114, 114, 108, 79, 82, 45, 41, 1, 5, 11, 35, 69, 69, 91, 96, 104, 121, 126, 124, 127, 105, 81, 53, 8, 2, 3, 111, 114, 120, 127, 123, 119, 127, 95]","[8, 11, 12, 17, 15, 18, 23, 36, 46, 49, 63, 70, 73, 123, 127, 114, 114, 108, 79, 82, 45, 41, 1, 5, 11, 35, 69, 69, 91, 96, 104, 121, 126, 124, 127, 105, 81, 53, 8, 2, 3, 111, 114, 120, 127, 123, 119, 127, 95]"
Linear,20,exact_guidance_u,88,0,50,49,"[129, 8, 11, 12, 17, 15, 18, 23, 36, 46, 49, 63, 70, 73, 123, 127, 114, 114, 108, 79, 82, 45, 41, 1, 5, 11, 35, 69, 69, 91, 96, 104, 121, 126, 124, 127, 105, 81, 53, 8, 2, 3, 111, 114, 120, 127, 123, 119, 127, 95]","[8, 11, 12, 17, 15, 18, 23, 36, 46, 49, 63, 70, 73, 123, 127, 114, 114, 108, 79, 82, 45, 41, 1, 5, 11, 35, 69, 69, 91, 96, 104, 121, 126, 124, 127, 105, 81, 53, 8, 2, 3, 111, 114, 120, 127, 123, 119, 127, 95]"
Linear,20,exact_guidance_u,89,0,50,49,"[129, 8, 11, 12, 17, 15, 18, 23, 36, 46, 49, 63, 70, 73, 123, 127, 114, 114, 108, 79, 82, 45, 41, 1, 5, 11, 35, 69, 69, 91, 96, 104, 121, 126, 124, 127, 105, 81, 53, 8, 2, 3, 111, 114, 120, 127, 123, 119, 127, 95]","[8, 11, 12, 17, 15, 18, 23, 36, 46, 49, 63, 70, 73, 123, 127, 114, 114, 108, 79, 82, 45, 41, 1, 5, 11, 35, 69, 69, 91, 96, 104, 121, 126, 124, 127, 105, 81, 53, 8, 2, 3, 111, 114, 120, 127, 123, 119, 127, 95]"
Linear,20,exact_guidance_u,90,0,50,49,"[129, 8, 11, 12, 17, 15, 18, 23, 36, 46, 49, 63, 70, 73, 123, 127, 114, 114, 108, 79, 82, 45, 41, 1, 5, 11, 35, 69, 69, 91, 96, 104, 121, 126, 124, 127, 105, 81, 53, 8, 2, 3, 111, 114, 120, 127, 123, 119, 127, 95]","[8, 11, 12, 17, 15, 18, 23, 36, 46, 49, 63, 70, 73, 123, 127, 114, 114, 108, 79, 82, 45, 41, 1, 5, 11, 35, 69, 69, 91, 96, 104, 121, 126, 124, 127, 105, 81, 53, 8, 2, 3, 111, 114, 120, 127, 123, 119, 127, 95]"
Linear,20,exact_guidance_u,91,0,50,49,"[129, 8, 11, 12, 17, 15, 18, 23, 36, 46, 49, 63, 70, 73, 123, 127, 114, 114, 108, 79, 82, 45, 41, 1, 5, 11, 35, 69, 69, 91, 96, 104, 121, 126, 124, 127, 105, 81, 53, 8, 2, 3, 111, 114, 120, 127, 123, 119, 127, 95]","[8, 11, 12, 17, 15, 18, 23, 36, 46, 49, 63, 70, 73, 123, 127, 114, 114, 108, 79, 82, 45, 41, 1, 5, 11, 35, 69, 69, 91, 96, 104, 121, 126, 124, 127, 105, 81, 53, 8, 2, 3, 111, 114, 120, 127, 123, 119, 127, 95]"
Linear,20,exact_guidance_u,92,0,51,50,"[129, 8, 11, 12, 17, 15, 18, 23, 36, 46, 49, 63, 70, 73, 123, 127, 114, 114, 108, 79, 82, 45, 41, 1, 5, 11, 35, 69, 69, 91, 96, 104, 99, 121, 126, 124, 127, 105, 81, 53, 8, 2, 3, 111, 114, 120, 127, 123, 119, 127, 95]","[8, 11, 12, 17, 15, 18, 23, 36, 46, 49, 63, 70, 73, 123, 127, 114, 114, 108, 79, 82, 45, 41, 1, 5, 11, 35, 69, 69, 91, 96, 104, 99, 121, 126, 124, 127, 105, 81, 53, 8, 2, 3, 111, 114, 120, 127, 123, 119, 127, 95]"
Linear,20,exact_guidance_u,93,0,51,50,"[129, 8, 11, 12, 17, 15, 18, 23, 36, 46, 49, 63, 70, 73, 123, 127, 114, 114, 108, 79, 82, 45, 41, 1, 5, 11, 35, 69, 69, 91, 96, 104, 99, 121, 126, 124, 127, 105, 81, 53, 8, 2, 3, 111, 114, 120, 127, 123, 119, 127, 95]","[8, 11, 12, 17, 15, 18, 23, 36, 46, 49, 63, 70, 73, 123, 127, 114, 114, 108, 79, 82, 45, 41, 1, 5, 11, 35, 69, 69, 91, 96, 104, 99, 121, 126, 124, 127, 105, 81, 53, 8, 2, 3, 111, 114, 120, 127, 123, 119, 127, 95]"
Linear,20,exact_guidance_u,94,0,52,51,"[129, 8, 11, 12, 17, 15, 18, 23, 36, 46, 49, 63, 70, 73, 123, 127, 114, 114, 108, 79, 82, 45, 41, 1, 5, 11, 35, 69, 69, 91, 96, 104, 99, 121, 126, 124, 127, 125, 105, 81, 53, 8, 2, 3, 111, 114, 120, 127, 123, 119, 127, 95]","[8, 11, 12, 17, 15, 18, 23, 36, 46, 49, 63, 70, 73, 123, 127, 114, 114, 108, 79, 82, 45, 41, 1, 5, 11, 35, 69, 69, 91, 96, 104, 99, 121, 126, 124, 127, 125, 105, 81, 53, 8, 2, 3, 111, 114, 120, 127, 123, 119, 127, 95]"
Linear,20,exact_guidance_u,95,0,52,51,"[129, 8, 11, 12, 17, 15, 18, 23, 36, 46, 49, 63, 70, 73, 123, 127, 114, 114, 108, 79, 82, 45, 41, 1, 5, 11, 35, 69, 69, 91, 96, 104, 99, 121, 126, 124, 127, 125, 105, 81, 53, 8, 2, 3, 111, 114, 120, 127, 123, 119, 127, 95]","[8, 11, 12, 17, 15, 18, 23, 36, 46, 49, 63, 70, 73, 123, 127, 114, 114, 108, 79, 82, 45, 41, 1, 5, 11, 35, 69, 69, 91, 96, 104, 99, 121, 126, 124, 127, 125, 105, 81, 53, 8, 2, 3, 111, 114, 120, 127, 123, 119, 127, 95]"
Linear,20,exact_guidance_u,96,0,52,51,"[129, 8, 11, 12, 17, 15, 18, 23, 36, 46, 49, 63, 70, 73, 123, 127, 114, 114, 108, 79, 82, 45, 41, 1, 5, 11, 35, 69, 69, 91, 96, 104, 99, 121, 126, 124, 127, 125, 105, 81, 53, 8, 2, 3, 111, 114, 120, 127, 123, 119, 127, 95]","[8, 11, 12, 17, 15, 18, 23, 36, 46, 49, 63, 70, 73, 123, 127, 114, 114, 108, 79, 82, 45, 41, 1, 5, 11, 35, 69, 69, 91, 96, 104, 99, 121, 126, 124, 127, 125, 105, 81, 53, 8, 2, 3, 111, 114, 120, 127, 123, 119, 127, 95]"
Linear,20,exact_guidance_u,97,0,52,51,"[129, 8, 11, 12, 17, 15, 18, 23, 36, 46, 49, 63, 70, 73, 123, 127, 114, 114, 108, 79, 82, 45, 41, 1, 5, 11, 35, 69, 69, 91, 96, 104, 99, 121, 126, 124, 127, 125, 105, 81, 53, 8, 2, 3, 111, 114, 120, 127, 123, 119, 127, 95]","[8, 11, 12, 17, 15, 18, 23, 36, 46, 49, 63, 70, 73, 123, 127, 114, 114, 108, 79, 82, 45, 41, 1, 5, 11, 35, 69, 69, 91, 96, 104, 99, 121, 126, 124, 127, 125, 105, 81, 53, 8, 2, 3, 111, 114, 120, 127, 123, 119, 127, 95]"
Linear,20,exact_guidance_u,98,0,52,51,"[129, 8, 11, 12, 17, 15, 18, 23, 36, 46, 49, 63, 70, 73, 123, 127, 114, 114, 108, 79, 82, 45, 41, 1, 5, 11, 35, 69, 69, 91, 96, 104, 99, 121, 126, 124, 127, 125, 105, 81, 53, 8, 2, 3, 111, 114, 120, 127, 123, 119, 127, 95]","[8, 11, 12, 17, 15, 18, 23, 36, 46, 49, 63, 70, 73, 123, 127, 114, 114, 108, 79, 82, 45, 41, 1, 5, 11, 35, 69, 69, 91, 96, 104, 99, 121, 126, 124, 127, 125, 105, 81, 53, 8, 2, 3, 111, 114, 120, 127, 123, 119, 127, 95]"
Linear,20,exact_guidance_u,99,0,52,51,"[129, 8, 11, 12, 17, 15, 18, 23, 36, 46, 49, 63, 70, 73, 123, 127, 114, 114, 108, 79, 82, 45, 41, 1, 5, 11, 35, 69, 69, 91, 96, 104, 99, 121, 126, 124, 127, 125, 105, 81, 53, 8, 2, 3, 111, 114, 120, 127, 123, 119, 127, 95]","[8, 11, 12, 17, 15, 18, 23, 36, 46, 49, 63, 70, 73, 123, 127, 114, 114, 108, 79, 82, 45, 41, 1, 5, 11, 35, 69, 69, 91, 96, 104, 99, 121, 126, 124, 127, 125, 105, 81, 53, 8, 2, 3, 111, 114, 120, 127, 123, 119, 127, 95]"
Linear,20,exact_guidance_u,100,0,52,51,"[129, 8, 11, 12, 17, 15, 18, 23, 36, 46, 49, 63, 70, 73, 123, 127, 114, 114, 108, 79, 82, 45, 41, 1, 5, 11, 35, 69, 69, 91, 96, 104, 99, 121, 126, 124, 127, 125, 105, 81, 53, 8, 2, 3, 111, 114, 120, 127, 123, 119, 127, 95]","[8, 11, 12, 17, 15, 18, 23, 36, 46, 49, 63, 70, 73, 123, 127, 114, 114, 108, 79, 82, 45, 41, 1, 5, 11, 35, 69, 69, 91, 96, 104, 99, 121, 126, 124, 127, 125, 105, 81, 53, 8, 2, 3, 111, 114, 120, 127, 123, 119, 127, 95]"
Linear,20,exact_guidance_u,101,0,52,51,"[129, 8, 11, 12, 17, 15, 18, 23, 36, 46, 49, 63, 70, 73, 123, 127, 114, 114, 108, 79, 82, 45, 41, 1, 5, 11, 35, 69, 69, 91, 96, 104, 99, 121, 126, 124, 127, 125, 105, 81, 53, 8, 2, 3, 111, 114, 120, 127, 123, 119, 127, 95]","[8, 11, 12, 17, 15, 18, 23, 36, 46, 49, 63, 70, 73, 123, 127, 114, 114, 108, 79, 82, 45, 41, 1, 5, 11, 35, 69, 69, 91, 96, 104, 99, 121, 126, 124, 127, 125, 105, 81, 53, 8, 2, 3, 111, 114, 120, 127, 123, 119, 127, 95]"
Linear,20,exact_guidance_u,102,0,52,51,"[129, 8, 11, 12, 17, 15, 18, 23, 36, 46, 49, 63, 70, 73, 123, 127, 114, 114, 108, 79, 82, 45, 41, 1, 5, 11, 35, 69, 69, 91, 96, 104, 99, 121, 126, 124, 127, 125, 105, 81, 53, 8, 2, 3, 111, 114, 120, 127, 123, 119, 127, 95]","[8, 11, 12, 17, 15, 18, 23, 36, 46, 49, 63, 70, 73, 123, 127, 114, 114, 108, 79, 82, 45, 41, 1, 5, 11, 35, 69, 69, 91, 96, 104, 99, 121, 126, 124, 127, 125, 105, 81, 53, 8, 2, 3, 111, 114, 120, 127, 123, 119, 127, 95]"
Linear,20,exact_guidance_u,103,0,52,51,"[129, 8, 11, 12, 17, 15, 18, 23, 36, 46, 49, 63, 70, 73, 123, 127, 114, 114, 108, 79, 82, 45, 41, 1, 5, 11, 35, 69, 69, 91, 96, 104, 99, 121, 126, 124, 127, 125, 105, 81, 53, 8, 2, 3, 111, 114, 120, 127, 123, 119, 127, 95]","[8, 11, 12, 17, 15, 18, 23, 36, 46, 49, 63, 70, 73, 123, 127, 114, 114, 108, 79, 82, 45, 41, 1, 5, 11, 35, 69, 69, 91, 96, 104, 99, 121, 126, 124, 127, 125, 105, 81, 53, 8, 2, 3, 111, 114, 120, 127, 123, 119, 127, 95]"
Linear,20,exact_guidance_u,104,0,52,51,"[129, 8, 11, 12, 17, 15, 18, 23, 36, 46, 49, 63, 70, 73, 123, 127, 114, 114, 108, 79, 82, 45, 41, 1, 5, 11, 35, 69, 69, 91, 96, 104, 99, 121, 126, 124, 127, 125, 105, 81, 53, 8, 2, 3, 111, 114, 120, 127, 123, 119, 127, 95]","[8, 11, 12, 17, 15, 18, 23, 36, 46, 49, 63, 70, 73, 123, 127, 114, 114, 108, 79, 82, 45, 41, 1, 5, 11, 35, 69, 69, 91, 96, 104, 99, 121, 126, 124, 127, 125, 105, 81, 53, 8, 2, 3, 111, 114, 120, 127, 123, 119, 127, 95]"
Linear,20,exact_guidance_u,105,0,52,51,"[129, 8, 11, 12, 17, 15, 18, 23, 36, 46, 49, 63, 70, 73, 123, 127, 114, 114, 108, 79, 82, 45, 41, 1, 5, 11, 35, 69, 69, 91, 96, 104, 99, 121, 126, 124, 127, 125, 105, 81, 53, 8, 2, 3, 111, 114, 120, 127, 123, 119, 127, 95]","[8, 11, 12, 17, 15, 18, 23, 36, 46, 49, 63, 70, 73, 123, 127, 114, 114, 108, 79, 82, 45, 41, 1, 5, 11, 35, 69, 69, 91, 96, 104, 99, 121, 126, 124, 127, 125, 105, 81, 53, 8, 2, 3, 111, 114, 120, 127, 123, 119, 127, 95]"
Linear,20,exact_guidance_u,106,0,52,51,"[129, 8, 11, 12, 17, 15, 18, 23, 36, 46, 49, 63, 70, 73, 123, 127, 114, 114, 108, 79, 82, 45, 41, 1, 5, 11, 35, 69, 69, 91, 96, 104, 99, 121, 126, 124, 127, 125, 105, 81, 53, 8, 2, 3, 111, 114, 120, 127, 123, 119, 127, 95]","[8, 11, 12, 17, 15, 18, 23, 36, 46, 49, 63, 70, 73, 123, 127, 114, 114, 108, 79, 82, 45, 41, 1, 5, 11, 35, 69, 69, 91, 96, 104, 99, 121, 126, 124, 127, 125, 105, 81, 53, 8, 2, 3, 111, 114, 120, 127, 123, 119, 127, 95]"
Linear,20,exact_guidance_u,107,0,52,51,"[129, 8, 11, 12, 17, 15, 18, 23, 36, 46, 49, 63, 70, 73, 123, 127, 114, 114, 108, 79, 82, 45, 41, 1, 5, 11, 35, 69, 69, 91, 96, 104, 99, 121, 126, 124, 127, 125, 105, 81, 53, 8, 2, 3, 111, 114, 120, 127, 123, 119, 127, 95]","[8, 11, 12, 17, 15, 18, 23, 36, 46, 49, 63, 70, 73, 123, 127, 114, 114, 108, 79, 82, 45, 41, 1, 5, 11, 35, 69, 69, 91, 96, 104, 99, 121, 126, 124, 127, 125, 105, 81, 53, 8, 2, 3, 111, 114, 120, 127, 123, 119, 127, 95]"
Linear,20,exact_guidance_u,108,0,52,51,"[129, 8, 11, 12, 17, 15, 18, 23, 36, 46, 49, 63, 70, 73, 123, 127, 114, 114, 108, 79, 82, 45, 41, 1, 5, 11, 35, 69, 69, 91, 96, 104, 99, 121, 126, 124, 127, 125, 105, 81, 53, 8, 2, 3, 111, 114, 120, 127, 123, 119, 127, 95]","[8, 11, 12, 17, 15, 18, 23, 36, 46, 49, 63, 70, 73, 123, 127, 114, 114, 108, 79, 82, 45, 41, 1, 5, 11, 35, 69, 69, 91, 96, 104, 99, 121, 126, 124, 127, 125, 105, 81, 53, 8, 2, 3, 111, 114, 120, 127, 123, 119, 127, 95]"
Linear,20,exact_guidance_u,109,0,54,53,"[129, 8, 11, 12, 5, 17, 15, 18, 23, 36, 46, 49, 63, 70, 73, 123, 127, 114, 114, 108, 79, 82, 45, 41, 1, 5, 11, 35, 69, 69, 91, 96, 104, 99, 121, 126, 124, 127, 125, 121, 105, 81, 53, 8, 2, 3, 111, 114, 120, 127, 123, 119, 127, 95]","[8, 11, 12, 5, 17, 15, 18, 23, 36, 46, 49, 63, 70, 73, 123, 127, 114, 114, 108, 79, 82, 45, 41, 1, 5, 11, 35, 69, 69, 91, 96, 104, 99, 121, 126, 124, 127, 125, 121, 105, 81, 53, 8, 2, 3, 111, 114, 120, 127, 123, 119, 127, 95]"
Linear,20,exact_guidance_u,110,0,54,53,"[129, 8, 11, 12, 5, 17, 15, 18, 23, 36, 46, 49, 63, 70, 73, 123, 127, 114, 114, 108, 79, 82, 45, 41, 1, 5, 11, 35, 69, 69, 91, 96, 104, 99, 121, 126, 124, 127, 125, 121, 105, 81, 53, 8, 2, 3, 111, 114, 120, 127, 123, 119, 127, 95]","[8, 11, 12, 5, 17, 15, 18, 23, 36, 46, 49, 63, 70, 73, 123, 127, 114, 114, 108, 79, 82, 45, 41, 1, 5, 11, 35, 69, 69, 91, 96, 104, 99, 121, 126, 124, 127, 125, 121, 105, 81, 53, 8, 2, 3, 111, 114, 120, 127, 123, 119, 127, 95]"
Linear,20,exact_guidance_u,111,0,54,53,"[129, 8, 11, 12, 5, 17, 15, 18, 23, 36, 46, 49, 63, 70, 73, 123, 127, 114, 114, 108, 79, 82, 45, 41, 1, 5, 11, 35, 69, 69, 91, 96, 104, 99, 121, 126, 124, 127, 125, 121, 105, 81, 53, 8, 2, 3, 111, 114, 120, 127, 123, 119, 127, 95]","[8, 11, 12, 5, 17, 15, 18, 23, 36, 46, 49, 63, 70, 73, 123, 127, 114, 114, 108, 79, 82, 45, 41, 1, 5, 11, 35, 69, 69, 91, 96, 104, 99, 121, 126, 124, 127, 125, 121, 105, 81, 53, 8, 2, 3, 111, 114, 120, 127, 123, 119, 127, 95]"
Linear,20,exact_guidance_u,112,0,54,53,"[129, 8, 11, 12, 5, 17, 15, 18, 23, 36, 46, 49, 63, 70, 73, 123, 127, 114, 114, 108, 79, 82, 45, 41, 1, 5, 11, 35, 69, 69, 91, 96, 104, 99, 121, 126, 124, 127, 125, 121, 105, 81, 53, 8, 2, 3, 111, 114, 120, 127, 123, 119, 127, 95]","[8, 11, 12, 5, 17, 15, 18, 23, 36, 46, 49, 63, 70, 73, 123, 127, 114, 114, 108, 79, 82, 45, 41, 1, 5, 11, 35, 69, 69, 91, 96, 104, 99, 121, 126, 124, 127, 125, 121, 105, 81, 53, 8, 2, 3, 111, 114, 120, 127, 123, 119, 127, 95]"
Linear,20,exact_guidance_u,113,0,54,53,"[129, 8, 11, 12, 5, 17, 15, 18, 23, 36, 46, 49, 63, 70, 73, 123, 127, 114, 114, 108, 79, 82, 45, 41, 1, 5, 11, 35, 69, 69, 91, 96, 104, 99, 121, 126, 124, 127, 125, 121, 105, 81, 53, 8, 2, 3, 111, 114, 120, 127, 123, 119, 127, 95]","[8, 11, 12, 5, 17, 15, 18, 23, 36, 46, 49, 63, 70, 73, 123, 127, 114, 114, 108, 79, 82, 45, 41, 1, 5, 11, 35, 69, 69, 91, 96, 104, 99, 121, 126, 124, 127, 125, 121, 105, 81, 53, 8, 2, 3, 111, 114, 120, 127, 123, 119, 127, 95]"
Linear,20,exact_guidance_u,114,0,54,53,"[129, 8, 11, 12, 5, 17, 15, 18, 23, 36, 46, 49, 63, 70, 73, 123, 127, 114, 114, 108, 79, 82, 45, 41, 1, 5, 11, 35, 69, 69, 91, 96, 104, 99, 121, 126, 124, 127, 125, 121, 105, 81, 53, 8, 2, 3, 111, 114, 120, 127, 123, 119, 127, 95]","[8, 11, 12, 5, 17, 15, 18, 23, 36, 46, 49, 63, 70, 73, 123, 127, 114, 114, 108, 79, 82, 45, 41, 1, 5, 11, 35, 69, 69, 91, 96, 104, 99, 121, 126, 124, 127, 125, 121, 105, 81, 53, 8, 2, 3, 111, 114, 120, 127, 123, 119, 127, 95]"
Linear,20,exact_guidance_u,115,0,54,53,"[129, 8, 11, 12, 5, 17, 15, 18, 23, 36, 46, 49, 63, 70, 73, 123, 127, 114, 114, 108, 79, 82, 45, 41, 1, 5, 11, 35, 69, 69, 91, 96, 104, 99, 121, 126, 124, 127, 125, 121, 105, 81, 53, 8, 2, 3, 111, 114, 120, 127, 123, 119, 127, 95]","[8, 11, 12, 5, 17, 15, 18, 23, 36, 46, 49, 63, 70, 73, 123, 127, 114, 114, 108, 79, 82, 45, 41, 1, 5, 11, 35, 69, 69, 91, 96, 104, 99, 121, 126, 124, 127, 125, 121, 105, 81, 53, 8, 2, 3, 111, 114, 120, 127, 123, 119, 127, 95]"
Linear,20,exact_guidance_u,116,0,54,53,"[129, 8, 11, 12, 5, 17, 15, 18, 23, 36, 46, 49, 63, 70, 73, 123, 127, 114, 114, 108, 79, 82, 45, 41, 1, 5, 11, 35, 69, 69, 91, 96, 104, 99, 121, 126, 124, 127, 125, 121, 105, 81, 53, 8, 2, 3, 111, 114, 120, 127, 123, 119, 127, 95]","[8, 11, 12, 5, 17, 15, 18, 23, 36, 46, 49, 63, 70, 73, 123, 127, 114, 114, 108, 79, 82, 45, 41, 1, 5, 11, 35, 69, 69, 91, 96, 104, 99, 121, 126, 124, 127, 125, 121, 105, 81, 53, 8, 2, 3, 111, 114, 120, 127, 123, 119, 127, 95]"
Linear,20,exact_guidance_u,117,0,54,53,"[129, 8, 11, 12, 5, 17, 15, 18, 23, 36, 46, 49, 63, 70, 73, 123, 127, 114, 114, 108, 79, 82, 45, 41, 1, 5, 11, 35, 69, 69, 91, 96, 104, 99, 121, 126, 124, 127, 125, 121, 105, 81, 53, 8, 2, 3, 111, 114, 120, 127, 123, 119, 127, 95]","[8, 11, 12, 5, 17, 15, 18, 23, 36, 46, 49, 63, 70, 73, 123, 127, 114, 114, 108, 79, 82, 45, 41, 1, 5, 11, 35, 69, 69, 91, 96, 104, 99, 121, 126, 124, 127, 125, 121, 105, 81, 53, 8, 2, 3, 111, 114, 120, 127, 123, 119, 127, 95]"
Linear,20,exact_guidance_u,118,0,54,53,"[129, 8, 11, 12, 5, 17, 15, 18, 23, 36, 46, 49, 63, 70, 73, 123, 127, 114, 114, 108, 79, 82, 45, 41, 1, 5, 11, 35, 69, 69, 91, 96, 104, 99, 121, 126, 124, 127, 125, 121, 105, 81, 53, 8, 2, 3, 111, 114, 120, 127, 123, 119, 127, 95]","[8, 11, 12, 5, 17, 15, 18, 23, 36, 46, 49, 63, 70, 73, 123, 127, 114, 114, 108, 79, 82, 45, 41, 1, 5, 11, 35, 69, 69, 91, 96, 104, 99, 121, 126, 124, 127, 125, 121, 105, 81, 53, 8, 2, 3, 111, 114, 120, 127, 123, 119, 127, 95]"
Linear,20,exact_guidance_u,119,0,54,53,"[129, 8, 11, 12, 5, 17, 15, 18, 23, 36, 46, 49, 63, 70, 73, 123, 127, 114, 114, 108, 79, 82, 45, 41, 1, 5, 11, 35, 69, 69, 91, 96, 104, 99, 121, 126, 124, 127, 125, 121, 105, 81, 53, 8, 2, 3, 111, 114, 120, 127, 123, 119, 127, 95]","[8, 11, 12, 5, 17, 15, 18, 23, 36, 46, 49, 63, 70, 73, 123, 127, 114, 114, 108, 79, 82, 45, 41, 1, 5, 11, 35, 69, 69, 91, 96, 104, 99, 121, 126, 124, 127, 125, 121, 105, 81, 53, 8, 2, 3, 111, 114, 120, 127, 123, 119, 127, 95]"
Linear,20,exact_guidance_u,120,0,54,53,"[129, 8, 11, 12, 5, 17, 15, 18, 23, 36, 46, 49, 63, 70, 73, 123, 127, 114, 114, 108, 79, 82, 45, 41, 1, 5, 11, 35, 69, 69, 91, 96, 104, 99, 121, 126, 124, 127, 125, 121, 105, 81, 53, 8, 2, 3, 111, 114, 120, 127, 123, 119, 127, 95]","[8, 11, 12, 5, 17, 15, 18, 23, 36, 46, 49, 63, 70, 73, 123, 127, 114, 114, 108, 79, 82, 45, 41, 1, 5, 11, 35, 69, 69, 91, 96, 104, 99, 121, 126, 124, 127, 125, 121, 105, 81, 53, 8, 2, 3, 111, 114, 120, 127, 123, 119, 127, 95]"
Linear,20,exact_guidance_u,121,0,54,53,"[129, 8, 11, 12, 5, 17, 15, 18, 23, 36, 46, 49, 63, 70, 73, 123, 127, 114, 114, 108, 79, 82, 45, 41, 1, 5, 11, 35, 69, 69, 91, 96, 104, 99, 121, 126, 124, 127, 125, 121, 105, 81, 53, 8, 2, 3, 111, 114, 120, 127, 123, 119, 127, 95]","[8, 11, 12, 5, 17, 15, 18, 23, 36, 46, 49, 63, 70, 73, 123, 127, 114, 114, 108, 79, 82, 45, 41, 1, 5, 11, 35, 69, 69, 91, 96, 104, 99, 121, 126, 124, 127, 125, 121, 105, 81, 53, 8, 2, 3, 111, 114, 120, 127, 123, 119, 127, 95]"
Linear,20,exact_guidance_u,122,0,54,53,"[129, 8, 11, 12, 5, 17, 15, 18, 23, 36, 46, 49, 63, 70, 73, 123, 127, 114, 114, 108, 79, 82, 45, 41, 1, 5, 11, 35, 69, 69, 91, 96, 104, 99, 121, 126, 124, 127, 125, 121, 105, 81, 53, 8, 2, 3, 111, 114, 120, 127, 123, 119, 127, 95]","[8, 11, 12, 5, 17, 15, 18, 23, 36, 46, 49, 63, 70, 73, 123, 127, 114, 114, 108, 79, 82, 45, 41, 1, 5, 11, 35, 69, 69, 91, 96, 104, 99, 121, 126, 124, 127, 125, 121, 105, 81, 53, 8, 2, 3, 111, 114, 120, 127, 123, 119, 127, 95]"
Linear,20,exact_guidance_u,123,0,55,54,"[129, 8, 11, 12, 5, 17, 15, 18, 23, 36, 46, 49, 63, 70, 73, 123, 127, 114, 114, 108, 79, 82, 45, 41, 1, 5, 11, 35, 69, 69, 91, 96, 104, 99, 121, 126, 124, 127, 125, 121, 105, 81, 53, 8, 2, 3, 112, 111, 114, 120, 127, 123, 119, 127, 95]","[8, 11, 12, 5, 17, 15, 18, 23, 36, 46, 49, 63, 70, 73, 123, 127, 114, 114, 108, 79, 82, 45, 41, 1, 5, 11, 35, 69, 69, 91, 96, 104, 99, 121, 126, 124, 127, 125, 121, 105, 81, 53, 8, 2, 3, 112, 111, 114, 120, 127, 123, 119, 127, 95]"
Linear,20,exact_guidance_u,124,0,55,54,"[129, 8, 11, 12, 5, 17, 15, 18, 23, 36, 46, 49, 63, 70, 73, 123, 127, 114, 114, 108, 79, 82, 45, 41, 1, 5, 11, 35, 69, 69, 91, 96, 104, 99, 121, 126, 124, 127, 125, 121, 105, 81, 53, 8, 2, 3, 112, 111, 114, 120, 127, 123, 119, 127, 95]","[8, 11, 12, 5, 17, 15, 18, 23, 36, 46, 49, 63, 70, 73, 123, 127, 114, 114, 108, 79, 82, 45, 41, 1, 5, 11, 35, 69, 69, 91, 96, 104, 99, 121, 126, 124, 127, 125, 121, 105, 81, 53, 8, 2, 3, 112, 111, 114, 120, 127, 123, 119, 127, 95]"
Linear,20,exact_guidance_u,125,0,55,54,"[129, 8, 11, 12, 5, 17, 15, 18, 23, 36, 46, 49, 63, 70, 73, 123, 127, 114, 114, 108, 79, 82, 45, 41, 1, 5, 11, 35, 69, 69, 91, 96, 104, 99, 121, 126, 124, 127, 125, 121, 105, 81, 53, 8, 2, 3, 112, 111, 114, 120, 127, 123, 119, 127, 95]","[8, 11, 12, 5, 17, 15, 18, 23, 36, 46, 49, 63, 70, 73, 123, 127, 114, 114, 108, 79, 82, 45, 41, 1, 5, 11, 35, 69, 69, 91, 96, 104, 99, 121, 126, 124, 127, 125, 121, 105, 81, 53, 8, 2, 3, 112, 111, 114, 120, 127, 123, 119, 127, 95]"
Linear,20,exact_guidance_u,126,0,55,54,"[129, 8, 11, 12, 5, 17, 15, 18, 23, 36, 46, 49, 63, 70, 73, 123, 127, 114, 114, 108, 79, 82, 45, 41, 1, 5, 11, 35, 69, 69, 91, 96, 104, 99, 121, 126, 124, 127, 125, 121, 105, 81, 53, 8, 2, 3, 112, 111, 114, 120, 127, 123, 119, 127, 95]","[8, 11, 12, 5, 17, 15, 18, 23, 36, 46, 49, 63, 70, 73, 123, 127, 114, 114, 108, 79, 82, 45, 41, 1, 5, 11, 35, 69, 69, 91, 96, 104, 99, 121, 126, 124, 127, 125, 121, 105, 81, 53, 8, 2, 3, 112, 111, 114, 120, 127, 123, 119, 127, 95]"
Linear,20,exact_guidance_u,127,0,55,54,"[129, 8, 11, 12, 5, 17, 15, 18, 23, 36, 46, 49, 63, 70, 73, 123, 127, 114, 114, 108, 79, 82, 45, 41, 1, 5, 11, 35, 69, 69, 91, 96, 104, 99, 121, 126, 124, 127, 125, 121, 105, 81, 53, 8, 2, 3, 112, 111, 114, 120, 127, 123, 119, 127, 95]","[8, 11, 12, 5, 17, 15, 18, 23, 36, 46, 49, 63, 70, 73, 123, 127, 114, 114, 108, 79, 82, 45, 41, 1, 5, 11, 35, 69, 69, 91, 96, 104, 99, 121, 126, 124, 127, 125, 121, 105, 81, 53, 8, 2, 3, 112, 111, 114, 120, 127, 123, 119, 127, 95]"
Linear,20,exact_guidance_u,128,0,55,54,"[129, 8, 11, 12, 5, 17, 15, 18, 23, 36, 46, 49, 63, 70, 73, 123, 127, 114, 114, 108, 79, 82, 45, 41, 1, 5, 11, 35, 69, 69, 91, 96, 104, 99, 121, 126, 124, 127, 125, 121, 105, 81, 53, 8, 2, 3, 112, 111, 114, 120, 127, 123, 119, 127, 95]","[8, 11, 12, 5, 17, 15, 18, 23, 36, 46, 49, 63, 70, 73, 123, 127, 114, 114, 108, 79, 82, 45, 41, 1, 5, 11, 35, 69, 69, 91, 96, 104, 99, 121, 126, 124, 127, 125, 121, 105, 81, 53, 8, 2, 3, 112, 111, 114, 120, 127, 123, 119, 127, 95]"
Linear,20,exact_guidance_u,129,0,56,55,"[129, 8, 11, 12, 5, 17, 15, 18, 23, 36, 46, 49, 63, 70, 73, 123, 127, 114, 114, 108, 79, 82, 45, 41, 1, 5, 11, 35, 69, 69, 91, 96, 104, 99, 121, 126, 124, 127, 125, 121, 105, 81, 53, 36, 8, 2, 3, 112, 111, 114, 120, 127, 123, 119, 127, 95]","[8, 11, 12, 5, 17, 15, 18, 23, 36, 46, 49, 63, 70, 73, 123, 127, 114, 114, 108, 79, 82, 45, 41, 1, 5, 11, 35, 69, 69, 91, 96, 104, 99, 121, 126, 124, 127, 125, 121, 105, 81, 53, 36, 8, 2, 3, 112, 111, 114, 120, 127, 123, 119, 127, 95]"
Linear,20,exact_guidance_u,130,0,56,55,"[129, 8, 11, 12, 5, 17, 15, 18, 23, 36, 46, 49, 63, 70, 73, 123, 127, 114, 114, 108, 79, 82, 45, 41, 1, 5, 11, 35, 69, 69, 91, 96, 104, 99, 121, 126, 124, 127, 125, 121, 105, 81, 53, 36, 8, 2, 3, 112, 111, 114, 120, 127, 123, 119, 127, 95]","[8, 11, 12, 5, 17, 15, 18, 23, 36, 46, 49, 63, 70, 73, 123, 127, 114, 114, 108, 79, 82, 45, 41, 1, 5, 11, 35, 69, 69, 91, 96, 104, 99, 121, 126, 124, 127, 125, 121, 105, 81, 53, 36, 8, 2, 3, 112, 111, 114, 120, 127, 123, 119, 127, 95]"
Linear,20,exact_guidance_u,131,0,56,55,"[129, 8, 11, 12, 5, 17, 15, 18, 23, 36, 46, 49, 63, 70, 73, 123, 127, 114, 114, 108, 79, 82, 45, 41, 1, 5, 11, 35, 69, 69, 91, 96, 104, 99, 121, 126, 124, 127, 125, 121, 105, 81, 53, 36, 8, 2, 3, 112, 111, 114, 120, 127, 123, 119, 127, 95]","[8, 11, 12, 5, 17, 15, 18, 23, 36, 46, 49, 63, 70, 73, 123, 127, 114, 114, 108, 79, 82, 45, 41, 1, 5, 11, 35, 69, 69, 91, 96, 104, 99, 121, 126, 124, 127, 125, 121, 105, 81, 53, 36, 8, 2, 3, 112, 111, 114, 120, 127, 123, 119, 127, 95]"
Linear,20,exact_guidance_u,132,0,56,55,"[129, 8, 11, 12, 5, 17, 15, 18, 23, 36, 46, 49, 63, 70, 73, 123, 127, 114, 114, 108, 79, 82, 45, 41, 1, 5, 11, 35, 69, 69, 91, 96, 104, 99, 121, 126, 124, 127, 125, 121, 105, 81, 53, 36, 8, 2, 3, 112, 111, 114, 120, 127, 123, 119, 127, 95]","[8, 11, 12, 5, 17, 15, 18, 23, 36, 46, 49, 63, 70, 73, 123, 127, 114, 114, 108, 79, 82, 45, 41, 1, 5, 11, 35, 69, 69, 91, 96, 104, 99, 121, 126, 124, 127, 125, 121, 105, 81, 53, 36, 8, 2, 3, 112, 111, 114, 120, 127, 123, 119, 127, 95]"
Linear,20,exact_guidance_u,133,0,56,55,"[129, 8, 11, 12, 5, 17, 15, 18, 23, 36, 46, 49, 63, 70, 73, 123, 127, 114, 114, 108, 79, 82, 45, 41, 1, 5, 11, 35, 69, 69, 91, 96, 104, 99, 121, 126, 124, 127, 125, 121, 105, 81, 53, 36, 8, 2, 3, 112, 111, 114, 120, 127, 123, 119, 127, 95]","[8, 11, 12, 5, 17, 15, 18, 23, 36, 46, 49, 63, 70, 73, 123, 127, 114, 114, 108, 79, 82, 45, 41, 1, 5, 11, 35, 69, 69, 91, 96, 104, 99, 121, 126, 124, 127, 125, 121, 105, 81, 53, 36, 8, 2, 3, 112, 111, 114, 120, 127, 123, 119, 127, 95]"
Linear,20,exact_guidance_u,134,0,56,55,"[129, 8, 11, 12, 5, 17, 15, 18, 23, 36, 46, 49, 63, 70, 73, 123, 127, 114, 114, 108, 79, 82, 45, 41, 1, 5, 11, 35, 69, 69, 91, 96, 104, 99, 121, 126, 124, 127, 125, 121, 105, 81, 53, 36, 8, 2, 3, 112, 111, 114, 120, 127, 123, 119, 127, 95]","[8, 11, 12, 5, 17, 15, 18, 23, 36, 46, 49, 63, 70, 73, 123, 127, 114, 114, 108, 79, 82, 45, 41, 1, 5, 11, 35, 69, 69, 91, 96, 104, 99, 121, 126, 124, 127, 125, 121, 105, 81, 53, 36, 8, 2, 3, 112, 111, 114, 120, 127, 123, 119, 127, 95]"
Linear,20,exact_guidance_u,135,0,56,55,"[129, 8, 11, 12, 5, 17, 15, 18, 23, 36, 46, 49, 63, 70, 73, 123, 127, 114, 114, 108, 79, 82, 45, 41, 1, 5, 11, 35, 69, 69, 91, 96, 104, 99, 121, 126, 124, 127, 125, 121, 105, 81, 53, 36, 8, 2, 3, 112, 111, 114, 120, 127, 123, 119, 127, 95]","[8, 11, 12, 5, 17, 15, 18, 23, 36, 46, 49, 63, 70, 73, 123, 127, 114, 114, 108, 79, 82, 45, 41, 1, 5, 11, 35, 69, 69, 91, 96, 104, 99, 121, 126, 124, 127, 125, 121, 105, 81, 53, 36, 8, 2, 3, 112, 111, 114, 120, 127, 123, 119, 127, 95]"
Linear,20,exact_guidance_u,136,0,56,55,"[129, 8, 11, 12, 5, 17, 15, 18, 23, 36, 46, 49, 63, 70, 73, 123, 127, 114, 114, 108, 79, 82, 45, 41, 1, 5, 11, 35, 69, 69, 91, 96, 104, 99, 121, 126, 124, 127, 125, 121, 105, 81, 53, 36, 8, 2, 3, 112, 111, 114, 120, 127, 123, 119, 127, 95]","[8, 11, 12, 5, 17, 15, 18, 23, 36, 46, 49, 63, 70, 73, 123, 127, 114, 114, 108, 79, 82, 45, 41, 1, 5, 11, 35, 69, 69, 91, 96, 104, 99, 121, 126, 124, 127, 125, 121, 105, 81, 53, 36, 8, 2, 3, 112, 111, 114, 120, 127, 123, 119, 127, 95]"
Linear,20,exact_guidance_u,137,0,56,55,"[129, 8, 11, 12, 5, 17, 15, 18, 23, 36, 46, 49, 63, 70, 73, 123, 127, 114, 114, 108, 79, 82, 45, 41, 1, 5, 11, 35, 69, 69, 91, 96, 104, 99, 121, 126, 124, 127, 125, 121, 105, 81, 53, 36, 8, 2, 3, 112, 111, 114, 120, 127, 123, 119, 127, 95]","[8, 11, 12, 5, 17, 15, 18, 23, 36, 46, 49, 63, 70, 73, 123, 127, 114, 114, 108, 79, 82, 45, 41, 1, 5, 11, 35, 69, 69, 91, 96, 104, 99, 121, 126, 124, 127, 125, 121, 105, 81, 53, 36, 8, 2, 3, 112, 111, 114, 120, 127, 123, 119, 127, 95]"
Linear,20,exact_guidance_u,138,0,56,55,"[129, 8, 11, 12, 5, 17, 15, 18, 23, 36, 46, 49, 63, 70, 73, 123, 127, 114, 114, 108, 79, 82, 45, 41, 1, 5, 11, 35, 69, 69, 91, 96, 104, 99, 121, 126, 124, 127, 125, 121, 105, 81, 53, 36, 8, 2, 3, 112, 111, 114, 120, 127, 123, 119, 127, 95]","[8, 11, 12, 5, 17, 15, 18, 23, 36, 46, 49, 63, 70, 73, 123, 127, 114, 114, 108, 79, 82, 45, 41, 1, 5, 11, 35, 69, 69, 91, 96, 104, 99, 121, 126, 124, 127, 125, 121, 105, 81, 53, 36, 8, 2, 3, 112, 111, 114, 120, 127, 123, 119, 127, 95]"
Linear,20,exact_guidance_u,139,0,56,55,"[129, 8, 11, 12, 5, 17, 15, 18, 23, 36, 46, 49, 63, 70, 73, 123, 127, 114, 114, 108, 79, 82, 45, 41, 1, 5, 11, 35, 69, 69, 91, 96, 104, 99, 121, 126, 124, 127, 125, 121, 105, 81, 53, 36, 8, 2, 3, 112, 111, 114, 120, 127, 123, 119, 127, 95]","[8, 11, 12, 5, 17, 15, 18, 23, 36, 46, 49, 63, 70, 73, 123, 127, 114, 114, 108, 79, 82, 45, 41, 1, 5, 11, 35, 69, 69, 91, 96, 104, 99, 121, 126, 124, 127, 125, 121, 105, 81, 53, 36, 8, 2, 3, 112, 111, 114, 120, 127, 123, 119, 127, 95]"
Linear,20,exact_guidance_u,140,0,56,55,"[129, 8, 11, 12, 5, 17, 15, 18, 23, 36, 46, 49, 63, 70, 73, 123, 127, 114, 114, 108, 79, 82, 45, 41, 1, 5, 11, 35, 69, 69, 91, 96, 104, 99, 121, 126, 124, 127, 125, 121, 105, 81, 53, 36, 8, 2, 3, 112, 111, 114, 120, 127, 123, 119, 127, 95]","[8, 11, 12, 5, 17, 15, 18, 23, 36, 46, 49, 63, 70, 73, 123, 127, 114, 114, 108, 79, 82, 45, 41, 1, 5, 11, 35, 69, 69, 91, 96, 104, 99, 121, 126, 124, 127, 125, 121, 105, 81, 53, 36, 8, 2, 3, 112, 111, 114, 120, 127, 123, 119, 127, 95]"
Linear,20,exact_guidance_u,141,0,56,55,"[129, 8, 11, 12, 5, 17, 15, 18, 23, 36, 46, 49, 63, 70, 73, 123, 127, 114, 114, 108, 79, 82, 45, 41, 1, 5, 11, 35, 69, 69, 91, 96, 104, 99, 121, 126, 124, 127, 125, 121, 105, 81, 53, 36, 8, 2, 3, 112, 111, 114, 120, 127, 123, 119, 127, 95]","[8, 11, 12, 5, 17, 15, 18, 23, 36, 46, 49, 63, 70, 73, 123, 127, 114, 114, 108, 79, 82, 45, 41, 1, 5, 11, 35, 69, 69, 91, 96, 104, 99, 121, 126, 124, 127, 125, 121, 105, 81, 53, 36, 8, 2, 3, 112, 111, 114, 120, 127, 123, 119, 127, 95]"
Linear,20,exact_guidance_u,142,0,57,56,"[129, 8, 11, 12, 5, 17, 15, 18, 23, 36, 46, 49, 63, 70, 73, 107, 123, 127, 114, 114, 108, 79, 82, 45, 41, 1, 5, 11, 35, 69, 69, 91, 96, 104, 99, 121, 126, 124, 127, 125, 121, 105, 81, 53, 36, 8, 2, 3, 112, 111, 114, 120, 127, 123, 119, 127, 95]","[8, 11, 12, 5, 17, 15, 18, 23, 36, 46, 49, 63, 70, 73, 107, 123, 127, 114, 114, 108, 79, 82, 45, 41, 1, 5, 11, 35, 69, 69, 91, 96, 104, 99, 121, 126, 124, 127, 125, 121, 105, 81, 53, 36, 8, 2, 3, 112, 111, 114, 120, 127, 123, 119, 127, 95]"
Linear,20,exact_guidance_u,143,0,57,56,"[129, 8, 11, 12, 5, 17, 15, 18, 23, 36, 46, 49, 63, 70, 73, 107, 123, 127, 114, 114, 108, 79, 82, 45, 41, 1, 5, 11, 35, 69, 69, 91, 96, 104, 99, 121, 126, 124, 127, 125, 121, 105, 81, 53, 36, 8, 2, 3, 112, 111, 114, 120, 127, 123, 119, 127, 95]","[8, 11, 12, 5, 17, 15, 18, 23, 36, 46, 49, 63, 70, 73, 107, 123, 127, 114, 114, 108, 79, 82, 45, 41, 1, 5, 11, 35, 69, 69, 91, 96, 104, 99, 121, 126, 124, 127, 125, 121, 105, 81, 53, 36, 8, 2, 3, 112, 111, 114, 120, 127, 123, 119, 127, 95]"
Linear,20,exact_guidance_u,144,0,57,56,"[129, 8, 11, 12, 5, 17, 15, 18, 23, 36, 46, 49, 63, 70, 73, 107, 123, 127, 114, 114, 108, 79, 82, 45, 41, 1, 5, 11, 35, 69, 69, 91, 96, 104, 99, 121, 126, 124, 127, 125, 121, 105, 81, 53, 36, 8, 2, 3, 112, 111, 114, 120, 127, 123, 119, 127, 95]","[8, 11, 12, 5, 17, 15, 18, 23, 36, 46, 49, 63, 70, 73, 107, 123, 127, 114, 114, 108, 79, 82, 45, 41, 1, 5, 11, 35, 69, 69, 91, 96, 104, 99, 121, 126, 124, 127, 125, 121, 105, 81, 53, 36, 8, 2, 3, 112, 111, 114, 120, 127, 123, 119, 127, 95]"
Linear,20,exact_guidance_u,145,0,57,56,"[129, 8, 11, 12, 5, 17, 15, 18, 23, 36, 46, 49, 63, 70, 73, 107, 123, 127, 114, 114, 108, 79, 82, 45, 41, 1, 5, 11, 35, 69, 69, 91, 96, 104, 99, 121, 126, 124, 127, 125, 121, 105, 81, 53, 36, 8, 2, 3, 112, 111, 114, 120, 127, 123, 119, 127, 95]","[8, 11, 12, 5, 17, 15, 18, 23, 36, 46, 49, 63, 70, 73, 107, 123, 127, 114, 114, 108, 79, 82, 45, 41, 1, 5, 11, 35, 69, 69, 91, 96, 104, 99, 121, 126, 124, 127, 125, 121, 105, 81, 53, 36, 8, 2, 3, 112, 111, 114, 120, 127, 123, 119, 127, 95]"
Linear,20,exact_guidance_u,146,0,58,57,"[129, 8, 11, 12, 5, 17, 15, 18, 23, 36, 46, 49, 63, 70, 73, 107, 116, 123, 127, 114, 114, 108, 79, 82, 45, 41, 1, 5, 11, 35, 69, 69, 91, 96, 104, 99, 121, 126, 124, 127, 125, 121, 105, 81, 53, 36, 8, 2, 3, 112, 111, 114, 120, 127, 123, 119, 127, 95]","[8, 11, 12, 5, 17, 15, 18, 23, 36, 46, 49, 63, 70, 73, 107, 116, 123, 127, 114, 114, 108, 79, 82, 45, 41, 1, 5, 11, 35, 69, 69, 91, 96, 104, 99, 121, 126, 124, 127, 125, 121, 105, 81, 53, 36, 8, 2, 3, 112, 111, 114, 120, 127, 123, 119, 127, 95]"
Linear,20,exact_guidance_u,147,0,58,57,"[129, 8, 11, 12, 5, 17, 15, 18, 23, 36, 46, 49, 63, 70, 73, 107, 116, 123, 127, 114, 114, 108, 79, 82, 45, 41, 1, 5, 11, 35, 69, 69, 91, 96, 104, 99, 121, 126, 124, 127, 125, 121, 105, 81, 53, 36, 8, 2, 3, 112, 111, 114, 120, 127, 123, 119, 127, 95]","[8, 11, 12, 5, 17, 15, 18, 23, 36, 46, 49, 63, 70, 73, 107, 116, 123, 127, 114, 114, 108, 79, 82, 45, 41, 1, 5, 11, 35, 69, 69, 91, 96, 104, 99, 121, 126, 124, 127, 125, 121, 105, 81, 53, 36, 8, 2, 3, 112, 111, 114, 120, 127, 123, 119, 127, 95]"
Linear,20,exact_guidance_u,148,0,58,57,"[129, 8, 11, 12, 5, 17, 15, 18, 23, 36, 46, 49, 63, 70, 73, 107, 116, 123, 127, 114, 114, 108, 79, 82, 45, 41, 1, 5, 11, 35, 69, 69, 91, 96, 104, 99, 121, 126, 124, 127, 125, 121, 105, 81, 53, 36, 8, 2, 3, 112, 111, 114, 120, 127, 123, 119, 127, 95]","[8, 11, 12, 5, 17, 15, 18, 23, 36, 46, 49, 63, 70, 73, 107, 116, 123, 127, 114, 114, 108, 79, 82, 45, 41, 1, 5, 11, 35, 69, 69, 91, 96, 104, 99, 121, 126, 124, 127, 125, 121, 105, 81, 53, 36, 8, 2, 3, 112, 111, 114, 120, 127, 123, 119, 127, 95]"
Linear,20,exact_guidance_u,149,0,59,58,"[129, 8, 11, 12, 5, 17, 15, 18, 23, 36, 46, 49, 63, 70, 73, 107, 116, 123, 127, 114, 114, 108, 79, 82, 45, 41, 1, 5, 11, 35, 69, 69, 91, 96, 104, 99, 121, 126, 124, 127, 125, 121, 105, 81, 53, 36, 8, 9, 2, 3, 112, 111, 114, 120, 127, 123, 119, 127, 95]","[8, 11, 12, 5, 17, 15, 18, 23, 36, 46, 49, 63, 70, 73, 107, 116, 123, 127, 114, 114, 108, 79, 82, 45, 41, 1, 5, 11, 35, 69, 69, 91, 96, 104, 99, 121, 126, 124, 127, 125, 121, 105, 81, 53, 36, 8, 9, 2, 3, 112, 111, 114, 120, 127, 123, 119, 127, 95]"
Linear,20,exact_guidance_u,150,0,60,59,"[129, 8, 11, 12, 5, 17, 15, 18, 23, 36, 46, 49, 63, 70, 73, 107, 116, 123, 127, 114, 114, 108, 79, 82, 55, 45, 41, 1, 5, 11, 35, 69, 69, 91, 96, 104, 99, 121, 126, 124, 127, 125, 121, 105, 81, 53, 36, 8, 9, 2, 3, 112, 111, 114, 120, 127, 123, 119, 127, 95]","[8, 11, 12, 5, 17, 15, 18, 23, 36, 46, 49, 63, 70, 73, 107, 116, 123, 127, 114, 114, 108, 79, 82, 55, 45, 41, 1, 5, 11, 35, 69, 69, 91, 96, 104, 99, 121, 126, 124, 127, 125, 121, 105, 81, 53, 36, 8, 9, 2, 3, 112, 111, 114, 120, 127, 123, 119, 127, 95]"
Linear,20,exact_guidance_u,151,0,60,59,"[129, 8, 11, 12, 5, 17, 15, 18, 23, 36, 46, 49, 63, 70, 73, 107, 116, 123, 127, 114, 114, 108, 79, 82, 55, 45, 41, 1, 5, 11, 35, 69, 69, 91, 96, 104, 99, 121, 126, 124, 127, 125, 121, 105, 81, 53, 36, 8, 9, 2, 3, 112, 111, 114, 120, 127, 123, 119, 127, 95]","[8, 11, 12, 5, 17, 15, 18, 23, 36, 46, 49, 63, 70, 73, 107, 116, 123, 127, 114, 114, 108, 79, 82, 55, 45, 41, 1, 5, 11, 35, 69, 69, 91, 96, 104, 99, 121, 126, 124, 127, 125, 121, 105, 81, 53, 36, 8, 9, 2, 3, 112, 111, 114, 120, 127, 123, 119, 127, 95]"
Linear,20,exact_guidance_u,152,0,61,60,"[129, 8, 11, 12, 5, 17, 15, 18, 23, 31, 36, 46, 49, 63, 70, 73, 107, 116, 123, 127, 114, 114, 108, 79, 82, 55, 45, 41, 1, 5, 11, 35, 69, 69, 91, 96, 104, 99, 121, 126, 124, 127, 125, 121, 105, 81, 53, 36, 8, 9, 2, 3, 112, 111, 114, 120, 127, 123, 119, 127, 95]","[8, 11, 12, 5, 17, 15, 18, 23, 31, 36, 46, 49, 63, 70, 73, 107, 116, 123, 127, 114, 114, 108, 79, 82, 55, 45, 41, 1, 5, 11, 35, 69, 69, 91, 96, 104, 99, 121, 126, 124, 127, 125, 121, 105, 81, 53, 36, 8, 9, 2, 3, 112, 111, 114, 120, 127, 123, 119, 127, 95]"
Linear,20,exact_guidance_u,153,0,61,60,"[129, 8, 11, 12, 5, 17, 15, 18, 23, 31, 36, 46, 49, 63, 70, 73, 107, 116, 123, 127, 114, 114, 108, 79, 82, 55, 45, 41, 1, 5, 11, 35, 69, 69, 91, 96, 104, 99, 121, 126, 124, 127, 125, 121, 105, 81, 53, 36, 8, 9, 2, 3, 112, 111, 114, 120, 127, 123, 119, 127, 95]","[8, 11, 12, 5, 17, 15, 18, 23, 31, 36, 46, 49, 63, 70, 73, 107, 116, 123, 127, 114, 114, 108, 79, 82, 55, 45, 41, 1, 5, 11, 35, 69, 69, 91, 96, 104, 99, 121, 126, 124, 127, 125, 121, 105, 81, 53, 36, 8, 9, 2, 3, 112, 111, 114, 120, 127, 123, 119, 127, 95]"
Linear,20,exact_guidance_u,154,0,61,60,"[129, 8, 11, 12, 5, 17, 15, 18, 23, 31, 36, 46, 49, 63, 70, 73, 107, 116, 123, 127, 114, 114, 108, 79, 82, 55, 45, 41, 1, 5, 11, 35, 69, 69, 91, 96, 104, 99, 121, 126, 124, 127, 125, 121, 105, 81, 53, 36, 8, 9, 2, 3, 112, 111, 114, 120, 127, 123, 119, 127, 95]","[8, 11, 12, 5, 17, 15, 18, 23, 31, 36, 46, 49, 63, 70, 73, 107, 116, 123, 127, 114, 114, 108, 79, 82, 55, 45, 41, 1, 5, 11, 35, 69, 69, 91, 96, 104, 99, 121, 126, 124, 127, 125, 121, 105, 81, 53, 36, 8, 9, 2, 3, 112, 111, 114, 120, 127, 123, 119, 127, 95]"
Linear,20,exact_guidance_u,155,0,61,60,"[129, 8, 11, 12, 5, 17, 15, 18, 23, 31, 36, 46, 49, 63, 70, 73, 107, 116, 123, 127, 114, 114, 108, 79, 82, 55, 45, 41, 1, 5, 11, 35, 69, 69, 91, 96, 104, 99, 121, 126, 124, 127, 125, 121, 105, 81, 53, 36, 8, 9, 2, 3, 112, 111, 114, 120, 127, 123, 119, 127, 95]","[8, 11, 12, 5, 17, 15, 18, 23, 31, 36, 46, 49, 63, 70, 73, 107, 116, 123, 127, 114, 114, 108, 79, 82, 55, 45, 41, 1, 5, 11, 35, 69, 69, 91, 96, 104, 99, 121, 126, 124, 127, 125, 121, 105, 81, 53, 36, 8, 9, 2, 3, 112, 111, 114, 120, 127, 123, 119, 127, 95]"
Linear,20,exact_guidance_u,156,0,61,60,"[129, 8, 11, 12, 5, 17, 15, 18, 23, 31, 36, 46, 49, 63, 70, 73, 107, 116, 123, 127, 114, 114, 108, 79, 82, 55, 45, 41, 1, 5, 11, 35, 69, 69, 91, 96, 104, 99, 121, 126, 124, 127, 125, 121, 105, 81, 53, 36, 8, 9, 2, 3, 112, 111, 114, 120, 127, 123, 119, 127, 95]","[8, 11, 12, 5, 17, 15, 18, 23, 31, 36, 46, 49, 63, 70, 73, 107, 116, 123, 127, 114, 114, 108, 79, 82, 55, 45, 41, 1, 5, 11, 35, 69, 69, 91, 96, 104, 99, 121, 126, 124, 127, 125, 121, 105, 81, 53, 36, 8, 9, 2, 3, 112, 111, 114, 120, 127, 123, 119, 127, 95]"
Linear,20,exact_guidance_u,157,0,61,60,"[129, 8, 11, 12, 5, 17, 15, 18, 23, 31, 36, 46, 49, 63, 70, 73, 107, 116, 123, 127, 114, 114, 108, 79, 82, 55, 45, 41, 1, 5, 11, 35, 69, 69, 91, 96, 104, 99, 121, 126, 124, 127, 125, 121, 105, 81, 53, 36, 8, 9, 2, 3, 112, 111, 114, 120, 127, 123, 119, 127, 95]","[8, 11, 12, 5, 17, 15, 18, 23, 31, 36, 46, 49, 63, 70, 73, 107, 116, 123, 127, 114, 114, 108, 79, 82, 55, 45, 41, 1, 5, 11, 35, 69, 69, 91, 96, 104, 99, 121, 126, 124, 127, 125, 121, 105, 81, 53, 36, 8, 9, 2, 3, 112, 111, 114, 120, 127, 123, 119, 127, 95]"
Linear,20,exact_guidance_u,158,0,61,60,"[129, 8, 11, 12, 5, 17, 15, 18, 23, 31, 36, 46, 49, 63, 70, 73, 107, 116, 123, 127, 114, 114, 108, 79, 82, 55, 45, 41, 1, 5, 11, 35, 69, 69, 91, 96, 104, 99, 121, 126, 124, 127, 125, 121, 105, 81, 53, 36, 8, 9, 2, 3, 112, 111, 114, 120, 127, 123, 119, 127, 95]","[8, 11, 12, 5, 17, 15, 18, 23, 31, 36, 46, 49, 63, 70, 73, 107, 116, 123, 127, 114, 114, 108, 79, 82, 55, 45, 41, 1, 5, 11, 35, 69, 69, 91, 96, 104, 99, 121, 126, 124, 127, 125, 121, 105, 81, 53, 36, 8, 9, 2, 3, 112, 111, 114, 120, 127, 123, 119, 127, 95]"
Linear,20,exact_guidance_u,159,0,61,60,"[129, 8, 11, 12, 5, 17, 15, 18, 23, 31, 36, 46, 49, 63, 70, 73, 107, 116, 123, 127, 114, 114, 108, 79, 82, 55, 45, 41, 1, 5, 11, 35, 69, 69, 91, 96, 104, 99, 121, 126, 124, 127, 125, 121, 105, 81, 53, 36, 8, 9, 2, 3, 112, 111, 114, 120, 127, 123, 119, 127, 95]","[8, 11, 12, 5, 17, 15, 18, 23, 31, 36, 46, 49, 63, 70, 73, 107, 116, 123, 127, 114, 114, 108, 79, 82, 55, 45, 41, 1, 5, 11, 35, 69, 69, 91, 96, 104, 99, 121, 126, 124, 127, 125, 121, 105, 81, 53, 36, 8, 9, 2, 3, 112, 111, 114, 120, 127, 123, 119, 127, 95]"
Linear,20,exact_guidance_u,160,0,61,60,"[129, 8, 11, 12, 5, 17, 15, 18, 23, 31, 36, 46, 49, 63, 70, 73, 107, 116, 123, 127, 114, 114, 108, 79, 82, 55, 45, 41, 1, 5, 11, 35, 69, 69, 91, 96, 104, 99, 121, 126, 124, 127, 125, 121, 105, 81, 53, 36, 8, 9, 2, 3, 112, 111, 114, 120, 127, 123, 119, 127, 95]","[8, 11, 12, 5, 17, 15, 18, 23, 31, 36, 46, 49, 63, 70, 73, 107, 116, 123, 127, 114, 114, 108, 79, 82, 55, 45, 41, 1, 5, 11, 35, 69, 69, 91, 96, 104, 99, 121, 126, 124, 127, 125, 121, 105, 81, 53, 36, 8, 9, 2, 3, 112, 111, 114, 120, 127, 123, 119, 127, 95]"
Linear,20,exact_guidance_u,161,0,61,60,"[129, 8, 11, 12, 5, 17, 15, 18, 23, 31, 36, 46, 49, 63, 70, 73, 107, 116, 123, 127, 114, 114, 108, 79, 82, 55, 45, 41, 1, 5, 11, 35, 69, 69, 91, 96, 104, 99, 121, 126, 124, 127, 125, 121, 105, 81, 53, 36, 8, 9, 2, 3, 112, 111, 114, 120, 127, 123, 119, 127, 95]","[8, 11, 12, 5, 17, 15, 18, 23, 31, 36, 46, 49, 63, 70, 73, 107, 116, 123, 127, 114, 114, 108, 79, 82, 55, 45, 41, 1, 5, 11, 35, 69, 69, 91, 96, 104, 99, 121, 126, 124, 127, 125, 121, 105, 81, 53, 36, 8, 9, 2, 3, 112, 111, 114, 120, 127, 123, 119, 127, 95]"
Linear,20,exact_guidance_u,162,0,61,60,"[129, 8, 11, 12, 5, 17, 15, 18, 23, 31, 36, 46, 49, 63, 70, 73, 107, 116, 123, 127, 114, 114, 108, 79, 82, 55, 45, 41, 1, 5, 11, 35, 69, 69, 91, 96, 104, 99, 121, 126, 124, 127, 125, 121, 105, 81, 53, 36, 8, 9, 2, 3, 112, 111, 114, 120, 127, 123, 119, 127, 95]","[8, 11, 12, 5, 17, 15, 18, 23, 31, 36, 46, 49, 63, 70, 73, 107, 116, 123, 127, 114, 114, 108, 79, 82, 55, 45, 41, 1, 5, 11, 35, 69, 69, 91, 96, 104, 99, 121, 126, 124, 127, 125, 121, 105, 81, 53, 36, 8, 9, 2, 3, 112, 111, 114, 120, 127, 123, 119, 127, 95]"
Linear,20,exact_guidance_u,163,0,61,60,"[129, 8, 11, 12, 5, 17, 15, 18, 23, 31, 36, 46, 49, 63, 70, 73, 107, 116, 123, 127, 114, 114, 108, 79, 82, 55, 45, 41, 1, 5, 11, 35, 69, 69, 91, 96, 104, 99, 121, 126, 124, 127, 125, 121, 105, 81, 53, 36, 8, 9, 2, 3, 112, 111, 114, 120, 127, 123, 119, 127, 95]","[8, 11, 12, 5, 17, 15, 18, 23, 31, 36, 46, 49, 63, 70, 73, 107, 116, 123, 127, 114, 114, 108, 79, 82, 55, 45, 41, 1, 5, 11, 35, 69, 69, 91, 96, 104, 99, 121, 126, 124, 127, 125, 121, 105, 81, 53, 36, 8, 9, 2, 3, 112, 111, 114, 120, 127, 123, 119, 127, 95]"
Linear,20,exact_guidance_u,164,0,61,60,"[129, 8, 11, 12, 5, 17, 15, 18, 23, 31, 36, 46, 49, 63, 70, 73, 107, 116, 123, 127, 114, 114, 108, 79, 82, 55, 45, 41, 1, 5, 11, 35, 69, 69, 91, 96, 104, 99, 121, 126, 124, 127, 125, 121, 105, 81, 53, 36, 8, 9, 2, 3, 112, 111, 114, 120, 127, 123, 119, 127, 95]","[8, 11, 12, 5, 17, 15, 18, 23, 31, 36, 46, 49, 63, 70, 73, 107, 116, 123, 127, 114, 114, 108, 79, 82, 55, 45, 41, 1, 5, 11, 35, 69, 69, 91, 96, 104, 99, 121, 126, 124, 127, 125, 121, 105, 81, 53, 36, 8, 9, 2, 3, 112, 111, 114, 120, 127, 123, 119, 127, 95]"
Linear,20,exact_guidance_u,165,0,61,60,"[129, 8, 11, 12, 5, 17, 15, 18, 23, 31, 36, 46, 49, 63, 70, 73, 107, 116, 123, 127, 114, 114, 108, 79, 82, 55, 45, 41, 1, 5, 11, 35, 69, 69, 91, 96, 104, 99, 121, 126, 124, 127, 125, 121, 105, 81, 53, 36, 8, 9, 2, 3, 112, 111, 114, 120, 127, 123, 119, 127, 95]","[8, 11, 12, 5, 17, 15, 18, 23, 31, 36, 46, 49, 63, 70, 73, 107, 116, 123, 127, 114, 114, 108, 79, 82, 55, 45, 41, 1, 5, 11, 35, 69, 69, 91, 96, 104, 99, 121, 126, 124, 127, 125, 121, 105, 81, 53, 36, 8, 9, 2, 3, 112, 111, 114, 120, 127, 123, 119, 127, 95]"
Linear,20,exact_guidance_u,166,0,61,60,"[129, 8, 11, 12, 5, 17, 15, 18, 23, 31, 36, 46, 49, 63, 70, 73, 107, 116, 123, 127, 114, 114, 108, 79, 82, 55, 45, 41, 1, 5, 11, 35, 69, 69, 91, 96, 104, 99, 121, 126, 124, 127, 125, 121, 105, 81, 53, 36, 8, 9, 2, 3, 112, 111, 114, 120, 127, 123, 119, 127, 95]","[8, 11, 12, 5, 17, 15, 18, 23, 31, 36, 46, 49, 63, 70, 73, 107, 116, 123, 127, 114, 114, 108, 79, 82, 55, 45, 41, 1, 5, 11, 35, 69, 69, 91, 96, 104, 99, 121, 126, 124, 127, 125, 121, 105, 81, 53, 36, 8, 9, 2, 3, 112, 111, 114, 120, 127, 123, 119, 127, 95]"
Linear,20,exact_guidance_u,167,0,61,60,"[129, 8, 11, 12, 5, 17, 15, 18, 23, 31, 36, 46, 49, 63, 70, 73, 107, 116, 123, 127, 114, 114, 108, 79, 82, 55, 45, 41, 1, 5, 11, 35, 69, 69, 91, 96, 104, 99, 121, 126, 124, 127, 125, 121, 105, 81, 53, 36, 8, 9, 2, 3, 112, 111, 114, 120, 127, 123, 119, 127, 95]","[8, 11, 12, 5, 17, 15, 18, 23, 31, 36, 46, 49, 63, 70, 73, 107, 116, 123, 127, 114, 114, 108, 79, 82, 55, 45, 41, 1, 5, 11, 35, 69, 69, 91, 96, 104, 99, 121, 126, 124, 127, 125, 121, 105, 81, 53, 36, 8, 9, 2, 3, 112, 111, 114, 120, 127, 123, 119, 127, 95]"
Linear,20,exact_guidance_u,168,0,61,60,"[129, 8, 11, 12, 5, 17, 15, 18, 23, 31, 36, 46, 49, 63, 70, 73, 107, 116, 123, 127, 114, 114, 108, 79, 82, 55, 45, 41, 1, 5, 11, 35, 69, 69, 91, 96, 104, 99, 121, 126, 124, 127, 125, 121, 105, 81, 53, 36, 8, 9, 2, 3, 112, 111, 114, 120, 127, 123, 119, 127, 95]","[8, 11, 12, 5, 17, 15, 18, 23, 31, 36, 46, 49, 63, 70, 73, 107, 116, 123, 127, 114, 114, 108, 79, 82, 55, 45, 41, 1, 5, 11, 35, 69, 69, 91, 96, 104, 99, 121, 126, 124, 127, 125, 121, 105, 81, 53, 36, 8, 9, 2, 3, 112, 111, 114, 120, 127, 123, 119, 127, 95]"
Linear,20,exact_guidance_u,169,0,61,60,"[129, 8, 11, 12, 5, 17, 15, 18, 23, 31, 36, 46, 49, 63, 70, 73, 107, 116, 123, 127, 114, 114, 108, 79, 82, 55, 45, 41, 1, 5, 11, 35, 69, 69, 91, 96, 104, 99, 121, 126, 124, 127, 125, 121, 105, 81, 53, 36, 8, 9, 2, 3, 112, 111, 114, 120, 127, 123, 119, 127, 95]","[8, 11, 12, 5, 17, 15, 18, 23, 31, 36, 46, 49, 63, 70, 73, 107, 116, 123, 127, 114, 114, 108, 79, 82, 55, 45, 41, 1, 5, 11, 35, 69, 69, 91, 96, 104, 99, 121, 126, 124, 127, 125, 121, 105, 81, 53, 36, 8, 9, 2, 3, 112, 111, 114, 120, 127, 123, 119, 127, 95]"
Linear,20,exact_guidance_u,170,0,61,60,"[129, 8, 11, 12, 5, 17, 15, 18, 23, 31, 36, 46, 49, 63, 70, 73, 107, 116, 123, 127, 114, 114, 108, 79, 82, 55, 45, 41, 1, 5, 11, 35, 69, 69, 91, 96, 104, 99, 121, 126, 124, 127, 125, 121, 105, 81, 53, 36, 8, 9, 2, 3, 112, 111, 114, 120, 127, 123, 119, 127, 95]","[8, 11, 12, 5, 17, 15, 18, 23, 31, 36, 46, 49, 63, 70, 73, 107, 116, 123, 127, 114, 114, 108, 79, 82, 55, 45, 41, 1, 5, 11, 35, 69, 69, 91, 96, 104, 99, 121, 126, 124, 127, 125, 121, 105, 81, 53, 36, 8, 9, 2, 3, 112, 111, 114, 120, 127, 123, 119, 127, 95]"
Linear,20,exact_guidance_u,171,0,61,60,"[129, 8, 11, 12, 5, 17, 15, 18, 23, 31, 36, 46, 49, 63, 70, 73, 107, 116, 123, 127, 114, 114, 108, 79, 82, 55, 45, 41, 1, 5, 11, 35, 69, 69, 91, 96, 104, 99, 121, 126, 124, 127, 125, 121, 105, 81, 53, 36, 8, 9, 2, 3, 112, 111, 114, 120, 127, 123, 119, 127, 95]","[8, 11, 12, 5, 17, 15, 18, 23, 31, 36, 46, 49, 63, 70, 73, 107, 116, 123, 127, 114, 114, 108, 79, 82, 55, 45, 41, 1, 5, 11, 35, 69, 69, 91, 96, 104, 99, 121, 126, 124, 127, 125, 121, 105, 81, 53, 36, 8, 9, 2, 3, 112, 111, 114, 120, 127, 123, 119, 127, 95]"
Linear,20,exact_guidance_u,172,0,61,60,"[129, 8, 11, 12, 5, 17, 15, 18, 23, 31, 36, 46, 49, 63, 70, 73, 107, 116, 123, 127, 114, 114, 108, 79, 82, 55, 45, 41, 1, 5, 11, 35, 69, 69, 91, 96, 104, 99, 121, 126, 124, 127, 125, 121, 105, 81, 53, 36, 8, 9, 2, 3, 112, 111, 114, 120, 127, 123, 119, 127, 95]","[8, 11, 12, 5, 17, 15, 18, 23, 31, 36, 46, 49, 63, 70, 73, 107, 116, 123, 127, 114, 114, 108, 79, 82, 55, 45, 41, 1, 5, 11, 35, 69, 69, 91, 96, 104, 99, 121, 126, 124, 127, 125, 121, 105, 81, 53, 36, 8, 9, 2, 3, 112, 111, 114, 120, 127, 123, 119, 127, 95]"
Linear,20,exact_guidance_u,173,0,62,61,"[129, 8, 11, 12, 5, 17, 15, 18, 23, 31, 36, 46, 49, 63, 70, 73, 107, 116, 123, 127, 114, 114, 108, 79, 82, 55, 45, 41, 1, 5, 11, 34, 35, 69, 69, 91, 96, 104, 99, 121, 126, 124, 127, 125, 121, 105, 81, 53, 36, 8, 9, 2, 3, 112, 111, 114, 120, 127, 123, 119, 127, 95]","[8, 11, 12, 5, 17, 15, 18, 23, 31, 36, 46, 49, 63, 70, 73, 107, 116, 123, 127, 114, 114, 108, 79, 82, 55, 45, 41, 1, 5, 11, 34, 35, 69, 69, 91, 96, 104, 99, 121, 126, 124, 127, 125, 121, 105, 81, 53, 36, 8, 9, 2, 3, 112, 111, 114, 120, 127, 123, 119, 127, 95]"
Linear,20,exact_guidance_u,174,0,62,61,"[129, 8, 11, 12, 5, 17, 15, 18, 23, 31, 36, 46, 49, 63, 70, 73, 107, 116, 123, 127, 114, 114, 108, 79, 82, 55, 45, 41, 1, 5, 11, 34, 35, 69, 69, 91, 96, 104, 99, 121, 126, 124, 127, 125, 121, 105, 81, 53, 36, 8, 9, 2, 3, 112, 111, 114, 120, 127, 123, 119, 127, 95]","[8, 11, 12, 5, 17, 15, 18, 23, 31, 36, 46, 49, 63, 70, 73, 107, 116, 123, 127, 114, 114, 108, 79, 82, 55, 45, 41, 1, 5, 11, 34, 35, 69, 69, 91, 96, 104, 99, 121, 126, 124, 127, 125, 121, 105, 81, 53, 36, 8, 9, 2, 3, 112, 111, 114, 120, 127, 123, 119, 127, 95]"
Linear,20,exact_guidance_u,175,0,63,62,"[129, 8, 11, 12, 5, 17, 15, 18, 23, 31, 36, 46, 49, 63, 70, 73, 107, 116, 123, 127, 114, 114, 108, 79, 82, 55, 45, 41, 1, 5, 11, 34, 35, 63, 69, 69, 91, 96, 104, 99, 121, 126, 124, 127, 125, 121, 105, 81, 53, 36, 8, 9, 2, 3, 112, 111, 114, 120, 127, 123, 119, 127, 95]","[8, 11, 12, 5, 17, 15, 18, 23, 31, 36, 46, 49, 63, 70, 73, 107, 116, 123, 127, 114, 114, 108, 79, 82, 55, 45, 41, 1, 5, 11, 34, 35, 63, 69, 69, 91, 96, 104, 99, 121, 126, 124, 127, 125, 121, 105, 81, 53, 36, 8, 9, 2, 3, 112, 111, 114, 120, 127, 123, 119, 127, 95]"
Linear,20,exact_guidance_u,176,0,63,62,"[129, 8, 11, 12, 5, 17, 15, 18, 23, 31, 36, 46, 49, 63, 70, 73, 107, 116, 123, 127, 114, 114, 108, 79, 82, 55, 45, 41, 1, 5, 11, 34, 35, 63, 69, 69, 91, 96, 104, 99, 121, 126, 124, 127, 125, 121, 105, 81, 53, 36, 8, 9, 2, 3, 112, 111, 114, 120, 127, 123, 119, 127, 95]","[8, 11, 12, 5, 17, 15, 18, 23, 31, 36, 46, 49, 63, 70, 73, 107, 116, 123, 127, 114, 114, 108, 79, 82, 55, 45, 41, 1, 5, 11, 34, 35, 63, 69, 69, 91, 96, 104, 99, 121, 126, 124, 127, 125, 121, 105, 81, 53, 36, 8, 9, 2, 3, 112, 111, 114, 120, 127, 123, 119, 127, 95]"
Linear,20,exact_guidance_u,177,0,63,62,"[129, 8, 11, 12, 5, 17, 15, 18, 23, 31, 36, 46, 49, 63, 70, 73, 107, 116, 123, 127, 114, 114, 108, 79, 82, 55, 45, 41, 1, 5, 11, 34, 35, 63, 69, 69, 91, 96, 104, 99, 121, 126, 124, 127, 125, 121, 105, 81, 53, 36, 8, 9, 2, 3, 112, 111, 114, 120, 127, 123, 119, 127, 95]","[8, 11, 12, 5, 17, 15, 18, 23, 31, 36, 46, 49, 63, 70, 73, 107, 116, 123, 127, 114, 114, 108, 79, 82, 55, 45, 41, 1, 5, 11, 34, 35, 63, 69, 69, 91, 96, 104, 99, 121, 126, 124, 127, 125, 121, 105, 81, 53, 36, 8, 9, 2, 3, 112, 111, 114, 120, 127, 123, 119, 127, 95]"
Linear,20,exact_guidance_u,178,0,63,62,"[129, 8, 11, 12, 5, 17, 15, 18, 23, 31, 36, 46, 49, 63, 70, 73, 107, 116, 123, 127, 114, 114, 108, 79, 82, 55, 45, 41, 1, 5, 11, 34, 35, 63, 69, 69, 91, 96, 104, 99, 121, 126, 124, 127, 125, 121, 105, 81, 53, 36, 8, 9, 2, 3, 112, 111, 114, 120, 127, 123, 119, 127, 95]","[8, 11, 12, 5, 17, 15, 18, 23, 31, 36, 46, 49, 63, 70, 73, 107, 116, 123, 127, 114, 114, 108, 79, 82, 55, 45, 41, 1, 5, 11, 34, 35, 63, 69, 69, 91, 96, 104, 99, 121, 126, 124, 127, 125, 121, 105, 81, 53, 36, 8, 9, 2, 3, 112, 111, 114, 120, 127, 123, 119, 127, 95]"
Linear,20,exact_guidance_u,179,0,63,62,"[129, 8, 11, 12, 5, 17, 15, 18, 23, 31, 36, 46, 49, 63, 70, 73, 107, 116, 123, 127, 114, 114, 108, 79, 82, 55, 45, 41, 1, 5, 11, 34, 35, 63, 69, 69, 91, 96, 104, 99, 121, 126, 124, 127, 125, 121, 105, 81, 53, 36, 8, 9, 2, 3, 112, 111, 114, 120, 127, 123, 119, 127, 95]","[8, 11, 12, 5, 17, 15, 18, 23, 31, 36, 46, 49, 63, 70, 73, 107, 116, 123, 127, 114, 114, 108, 79, 82, 55, 45, 41, 1, 5, 11, 34, 35, 63, 69, 69, 91, 96, 104, 99, 121, 126, 124, 127, 125, 121, 105, 81, 53, 36, 8, 9, 2, 3, 112, 111, 114, 120, 127, 123, 119, 127, 95]"
Linear,20,exact_guidance_u,180,0,63,62,"[129, 8, 11, 12, 5, 17, 15, 18, 23, 31, 36, 46, 49, 63, 70, 73, 107, 116, 123, 127, 114, 114, 108, 79, 82, 55, 45, 41, 1, 5, 11, 34, 35, 63, 69, 69, 91, 96, 104, 99, 121, 126, 124, 127, 125, 121, 105, 81, 53, 36, 8, 9, 2, 3, 112, 111, 114, 120, 127, 123, 119, 127, 95]","[8, 11, 12, 5, 17, 15, 18, 23, 31, 36, 46, 49, 63, 70, 73, 107, 116, 123, 127, 114, 114, 108, 79, 82, 55, 45, 41, 1, 5, 11, 34, 35, 63, 69, 69, 91, 96, 104, 99, 121, 126, 124, 127, 125, 121, 105, 81, 53, 36, 8, 9, 2, 3, 112, 111, 114, 120, 127, 123, 119, 127, 95]"
Linear,20,exact_guidance_u,181,0,64,63,"[129, 0, 8, 11, 12, 5, 17, 15, 18, 23, 31, 36, 46, 49, 63, 70, 73, 107, 116, 123, 127, 114, 114, 108, 79, 82, 55, 45, 41, 1, 5, 11, 34, 35, 63, 69, 69, 91, 96, 104, 99, 121, 126, 124, 127, 125, 121, 105, 81, 53, 36, 8, 9, 2, 3, 112, 111, 114, 120, 127, 123, 119, 127, 95]","[0, 8, 11, 12, 5, 17, 15, 18, 23, 31, 36, 46, 49, 63, 70, 73, 107, 116, 123, 127, 114, 114, 108, 79, 82, 55, 45, 41, 1, 5, 11, 34, 35, 63, 69, 69, 91, 96, 104, 99, 121, 126, 124, 127, 125, 121, 105, 81, 53, 36, 8, 9, 2, 3, 112, 111, 114, 120, 127, 123, 119, 127, 95]"
Linear,20,exact_guidance_u,182,0,64,63,"[129, 0, 8, 11, 12, 5, 17, 15, 18, 23, 31, 36, 46, 49, 63, 70, 73, 107, 116, 123, 127, 114, 114, 108, 79, 82, 55, 45, 41, 1, 5, 11, 34, 35, 63, 69, 69, 91, 96, 104, 99, 121, 126, 124, 127, 125, 121, 105, 81, 53, 36, 8, 9, 2, 3, 112, 111, 114, 120, 127, 123, 119, 127, 95]","[0, 8, 11, 12, 5, 17, 15, 18, 23, 31, 36, 46, 49, 63, 70, 73, 107, 116, 123, 127, 114, 114, 108, 79, 82, 55, 45, 41, 1, 5, 11, 34, 35, 63, 69, 69, 91, 96, 104, 99, 121, 126, 124, 127, 125, 121, 105, 81, 53, 36, 8, 9, 2, 3, 112, 111, 114, 120, 127, 123, 119, 127, 95]"
Linear,20,exact_guidance_u,183,0,64,63,"[129, 0, 8, 11, 12, 5, 17, 15, 18, 23, 31, 36, 46, 49, 63, 70, 73, 107, 116, 123, 127, 114, 114, 108, 79, 82, 55, 45, 41, 1, 5, 11, 34, 35, 63, 69, 69, 91, 96, 104, 99, 121, 126, 124, 127, 125, 121, 105, 81, 53, 36, 8, 9, 2, 3, 112, 111, 114, 120, 127, 123, 119, 127, 95]","[0, 8, 11, 12, 5, 17, 15, 18, 23, 31, 36, 46, 49, 63, 70, 73, 107, 116, 123, 127, 114, 114, 108, 79, 82, 55, 45, 41, 1, 5, 11, 34, 35, 63, 69, 69, 91, 96, 104, 99, 121, 126, 124, 127, 125, 121, 105, 81, 53, 36, 8, 9, 2, 3, 112, 111, 114, 120, 127, 123, 119, 127, 95]"
Linear,20,exact_guidance_u,184,0,64,63,"[129, 0, 8, 11, 12, 5, 17, 15, 18, 23, 31, 36, 46, 49, 63, 70, 73, 107, 116, 123, 127, 114, 114, 108, 79, 82, 55, 45, 41, 1, 5, 11, 34, 35, 63, 69, 69, 91, 96, 104, 99, 121, 126, 124, 127, 125, 121, 105, 81, 53, 36, 8, 9, 2, 3, 112, 111, 114, 120, 127, 123, 119, 127, 95]","[0, 8, 11, 12, 5, 17, 15, 18, 23, 31, 36, 46, 49, 63, 70, 73, 107, 116, 123, 127, 114, 114, 108, 79, 82, 55, 45, 41, 1, 5, 11, 34, 35, 63, 69, 69, 91, 96, 104, 99, 121, 126, 124, 127, 125, 121, 105, 81, 53, 36, 8, 9, 2, 3, 112, 111, 114, 120, 127, 123, 119, 127, 95]"
Linear,20,exact_guidance_u,185,0,65,64,"[129, 0, 8, 11, 12, 5, 17, 15, 18, 23, 31, 36, 46, 49, 63, 70, 73, 107, 116, 123, 127, 114, 114, 108, 79, 82, 55, 45, 41, 1, 5, 0, 11, 34, 35, 63, 69, 69, 91, 96, 104, 99, 121, 126, 124, 127, 125, 121, 105, 81, 53, 36, 8, 9, 2, 3, 112, 111, 114, 120, 127, 123, 119, 127, 95]","[0, 8, 11, 12, 5, 17, 15, 18, 23, 31, 36, 46, 49, 63, 70, 73, 107, 116, 123, 127, 114, 114, 108, 79, 82, 55, 45, 41, 1, 5, 0, 11, 34, 35, 63, 69, 69, 91, 96, 104, 99, 121, 126, 124, 127, 125, 121, 105, 81, 53, 36, 8, 9, 2, 3, 112, 111, 114, 120, 127, 123, 119, 127, 95]"
Linear,20,exact_guidance_u,186,0,65,64,"[129, 0, 8, 11, 12, 5, 17, 15, 18, 23, 31, 36, 46, 49, 63, 70, 73, 107, 116, 123, 127, 114, 114, 108, 79, 82, 55, 45, 41, 1, 5, 0, 11, 34, 35, 63, 69, 69, 91, 96, 104, 99, 121, 126, 124, 127, 125, 121, 105, 81, 53, 36, 8, 9, 2, 3, 112, 111, 114, 120, 127, 123, 119, 127, 95]","[0, 8, 11, 12, 5, 17, 15, 18, 23, 31, 36, 46, 49, 63, 70, 73, 107, 116, 123, 127, 114, 114, 108, 79, 82, 55, 45, 41, 1, 5, 0, 11, 34, 35, 63, 69, 69, 91, 96, 104, 99, 121, 126, 124, 127, 125, 121, 105, 81, 53, 36, 8, 9, 2, 3, 112, 111, 114, 120, 127, 123, 119, 127, 95]"
Linear,20,exact_guidance_u,187,0,65,64,"[129, 0, 8, 11, 12, 5, 17, 15, 18, 23, 31, 36, 46, 49, 63, 70, 73, 107, 116, 123, 127, 114, 114, 108, 79, 82, 55, 45, 41, 1, 5, 0, 11, 34, 35, 63, 69, 69, 91, 96, 104, 99, 121, 126, 124, 127, 125, 121, 105, 81, 53, 36, 8, 9, 2, 3, 112, 111, 114, 120, 127, 123, 119, 127, 95]","[0, 8, 11, 12, 5, 17, 15, 18, 23, 31, 36, 46, 49, 63, 70, 73, 107, 116, 123, 127, 114, 114, 108, 79, 82, 55, 45, 41, 1, 5, 0, 11, 34, 35, 63, 69, 69, 91, 96, 104, 99, 121, 126, 124, 127, 125, 121, 105, 81, 53, 36, 8, 9, 2, 3, 112, 111, 114, 120, 127, 123, 119, 127, 95]"
Linear,20,exact_guidance_u,188,0,65,64,"[129, 0, 8, 11, 12, 5, 17, 15, 18, 23, 31, 36, 46, 49, 63, 70, 73, 107, 116, 123, 127, 114, 114, 108, 79, 82, 55, 45, 41, 1, 5, 0, 11, 34, 35, 63, 69, 69, 91, 96, 104, 99, 121, 126, 124, 127, 125, 121, 105, 81, 53, 36, 8, 9, 2, 3, 112, 111, 114, 120, 127, 123, 119, 127, 95]","[0, 8, 11, 12, 5, 17, 15, 18, 23, 31, 36, 46, 49, 63, 70, 73, 107, 116, 123, 127, 114, 114, 108, 79, 82, 55, 45, 41, 1, 5, 0, 11, 34, 35, 63, 69, 69, 91, 96, 104, 99, 121, 126, 124, 127, 125, 121, 105, 81, 53, 36, 8, 9, 2, 3, 112, 111, 114, 120, 127, 123, 119, 127, 95]"
Linear,20,exact_guidance_u,189,0,65,64,"[129, 0, 8, 11, 12, 5, 17, 15, 18, 23, 31, 36, 46, 49, 63, 70, 73, 107, 116, 123, 127, 114, 114, 108, 79, 82, 55, 45, 41, 1, 5, 0, 11, 34, 35, 63, 69, 69, 91, 96, 104, 99, 121, 126, 124, 127, 125, 121, 105, 81, 53, 36, 8, 9, 2, 3, 112, 111, 114, 120, 127, 123, 119, 127, 95]","[0, 8, 11, 12, 5, 17, 15, 18, 23, 31, 36, 46, 49, 63, 70, 73, 107, 116, 123, 127, 114, 114, 108, 79, 82, 55, 45, 41, 1, 5, 0, 11, 34, 35, 63, 69, 69, 91, 96, 104, 99, 121, 126, 124, 127, 125, 121, 105, 81, 53, 36, 8, 9, 2, 3, 112, 111, 114, 120, 127, 123, 119, 127, 95]"
Linear,20,exact_guidance_u,190,0,65,64,"[129, 0, 8, 11, 12, 5, 17, 15, 18, 23, 31, 36, 46, 49, 63, 70, 73, 107, 116, 123, 127, 114, 114, 108, 79, 82, 55, 45, 41, 1, 5, 0, 11, 34, 35, 63, 69, 69, 91, 96, 104, 99, 121, 126, 124, 127, 125, 121, 105, 81, 53, 36, 8, 9, 2, 3, 112, 111, 114, 120, 127, 123, 119, 127, 95]","[0, 8, 11, 12, 5, 17, 15, 18, 23, 31, 36, 46, 49, 63, 70, 73, 107, 116, 123, 127, 114, 114, 108, 79, 82, 55, 45, 41, 1, 5, 0, 11, 34, 35, 63, 69, 69, 91, 96, 104, 99, 121, 126, 124, 127, 125, 121, 105, 81, 53, 36, 8, 9, 2, 3, 112, 111, 114, 120, 127, 123, 119, 127, 95]"
Linear,20,exact_guidance_u,191,0,65,64,"[129, 0, 8, 11, 12, 5, 17, 15, 18, 23, 31, 36, 46, 49, 63, 70, 73, 107, 116, 123, 127, 114, 114, 108, 79, 82, 55, 45, 41, 1, 5, 0, 11, 34, 35, 63, 69, 69, 91, 96, 104, 99, 121, 126, 124, 127, 125, 121, 105, 81, 53, 36, 8, 9, 2, 3, 112, 111, 114, 120, 127, 123, 119, 127, 95]","[0, 8, 11, 12, 5, 17, 15, 18, 23, 31, 36, 46, 49, 63, 70, 73, 107, 116, 123, 127, 114, 114, 108, 79, 82, 55, 45, 41, 1, 5, 0, 11, 34, 35, 63, 69, 69, 91, 96, 104, 99, 121, 126, 124, 127, 125, 121, 105, 81, 53, 36, 8, 9, 2, 3, 112, 111, 114, 120, 127, 123, 119, 127, 95]"
Linear,20,exact_guidance_u,192,0,65,64,"[129, 0, 8, 11, 12, 5, 17, 15, 18, 23, 31, 36, 46, 49, 63, 70, 73, 107, 116, 123, 127, 114, 114, 108, 79, 82, 55, 45, 41, 1, 5, 0, 11, 34, 35, 63, 69, 69, 91, 96, 104, 99, 121, 126, 124, 127, 125, 121, 105, 81, 53, 36, 8, 9, 2, 3, 112, 111, 114, 120, 127, 123, 119, 127, 95]","[0, 8, 11, 12, 5, 17, 15, 18, 23, 31, 36, 46, 49, 63, 70, 73, 107, 116, 123, 127, 114, 114, 108, 79, 82, 55, 45, 41, 1, 5, 0, 11, 34, 35, 63, 69, 69, 91, 96, 104, 99, 121, 126, 124, 127, 125, 121, 105, 81, 53, 36, 8, 9, 2, 3, 112, 111, 114, 120, 127, 123, 119, 127, 95]"
Linear,20,exact_guidance_u,193,0,65,64,"[129, 0, 8, 11, 12, 5, 17, 15, 18, 23, 31, 36, 46, 49, 63, 70, 73, 107, 116, 123, 127, 114, 114, 108, 79, 82, 55, 45, 41, 1, 5, 0, 11, 34, 35, 63, 69, 69, 91, 96, 104, 99, 121, 126, 124, 127, 125, 121, 105, 81, 53, 36, 8, 9, 2, 3, 112, 111, 114, 120, 127, 123, 119, 127, 95]","[0, 8, 11, 12, 5, 17, 15, 18, 23, 31, 36, 46, 49, 63, 70, 73, 107, 116, 123, 127, 114, 114, 108, 79, 82, 55, 45, 41, 1, 5, 0, 11, 34, 35, 63, 69, 69, 91, 96, 104, 99, 121, 126, 124, 127, 125, 121, 105, 81, 53, 36, 8, 9, 2, 3, 112, 111, 114, 120, 127, 123, 119, 127, 95]"
Linear,20,exact_guidance_u,194,0,65,64,"[129, 0, 8, 11, 12, 5, 17, 15, 18, 23, 31, 36, 46, 49, 63, 70, 73, 107, 116, 123, 127, 114, 114, 108, 79, 82, 55, 45, 41, 1, 5, 0, 11, 34, 35, 63, 69, 69, 91, 96, 104, 99, 121, 126, 124, 127, 125, 121, 105, 81, 53, 36, 8, 9, 2, 3, 112, 111, 114, 120, 127, 123, 119, 127, 95]","[0, 8, 11, 12, 5, 17, 15, 18, 23, 31, 36, 46, 49, 63, 70, 73, 107, 116, 123, 127, 114, 114, 108, 79, 82, 55, 45, 41, 1, 5, 0, 11, 34, 35, 63, 69, 69, 91, 96, 104, 99, 121, 126, 124, 127, 125, 121, 105, 81, 53, 36, 8, 9, 2, 3, 112, 111, 114, 120, 127, 123, 119, 127, 95]"
Linear,20,exact_guidance_u,195,0,65,64,"[129, 0, 8, 11, 12, 5, 17, 15, 18, 23, 31, 36, 46, 49, 63, 70, 73, 107, 116, 123, 127, 114, 114, 108, 79, 82, 55, 45, 41, 1, 5, 0, 11, 34, 35, 63, 69, 69, 91, 96, 104, 99, 121, 126, 124, 127, 125, 121, 105, 81, 53, 36, 8, 9, 2, 3, 112, 111, 114, 120, 127, 123, 119, 127, 95]","[0, 8, 11, 12, 5, 17, 15, 18, 23, 31, 36, 46, 49, 63, 70, 73, 107, 116, 123, 127, 114, 114, 108, 79, 82, 55, 45, 41, 1, 5, 0, 11, 34, 35, 63, 69, 69, 91, 96, 104, 99, 121, 126, 124, 127, 125, 121, 105, 81, 53, 36, 8, 9, 2, 3, 112, 111, 114, 120, 127, 123, 119, 127, 95]"
Linear,20,exact_guidance_u,196,0,65,64,"[129, 0, 8, 11, 12, 5, 17, 15, 18, 23, 31, 36, 46, 49, 63, 70, 73, 107, 116, 123, 127, 114, 114, 108, 79, 82, 55, 45, 41, 1, 5, 0, 11, 34, 35, 63, 69, 69, 91, 96, 104, 99, 121, 126, 124, 127, 125, 121, 105, 81, 53, 36, 8, 9, 2, 3, 112, 111, 114, 120, 127, 123, 119, 127, 95]","[0, 8, 11, 12, 5, 17, 15, 18, 23, 31, 36, 46, 49, 63, 70, 73, 107, 116, 123, 127, 114, 114, 108, 79, 82, 55, 45, 41, 1, 5, 0, 11, 34, 35, 63, 69, 69, 91, 96, 104, 99, 121, 126, 124, 127, 125, 121, 105, 81, 53, 36, 8, 9, 2, 3, 112, 111, 114, 120, 127, 123, 119, 127, 95]"
Linear,20,exact_guidance_u,197,0,66,65,"[129, 0, 8, 11, 12, 5, 17, 15, 18, 23, 31, 36, 46, 49, 63, 70, 73, 107, 116, 123, 127, 114, 114, 106, 108, 79, 82, 55, 45, 41, 1, 5, 0, 11, 34, 35, 63, 69, 69, 91, 96, 104, 99, 121, 126, 124, 127, 125, 121, 105, 81, 53, 36, 8, 9, 2, 3, 112, 111, 114, 120, 127, 123, 119, 127, 95]","[0, 8, 11, 12, 5, 17, 15, 18, 23, 31, 36, 46, 49, 63, 70, 73, 107, 116, 123, 127, 114, 114, 106, 108, 79, 82, 55, 45, 41, 1, 5, 0, 11, 34, 35, 63, 69, 69, 91, 96, 104, 99, 121, 126, 124, 127, 125, 121, 105, 81, 53, 36, 8, 9, 2, 3, 112, 111, 114, 120, 127, 123, 119, 127, 95]"
Linear,20,exact_guidance_u,198,0,66,65,"[129, 0, 8, 11, 12, 5, 17, 15, 18, 23, 31, 36, 46, 49, 63, 70, 73, 107, 116, 123, 127, 114, 114, 106, 108, 79, 82, 55, 45, 41, 1, 5, 0, 11, 34, 35, 63, 69, 69, 91, 96, 104, 99, 121, 126, 124, 127, 125, 121, 105, 81, 53, 36, 8, 9, 2, 3, 112, 111, 114, 120, 127, 123, 119, 127, 95]","[0, 8, 11, 12, 5, 17, 15, 18, 23, 31, 36, 46, 49, 63, 70, 73, 107, 116, 123, 127, 114, 114, 106, 108, 79, 82, 55, 45, 41, 1, 5, 0, 11, 34, 35, 63, 69, 69, 91, 96, 104, 99, 121, 126, 124, 127, 125, 121, 105, 81, 53, 36, 8, 9, 2, 3, 112, 111, 114, 120, 127, 123, 119, 127, 95]"
Linear,20,exact_guidance_u,199,0,66,65,"[129, 0, 8, 11, 12, 5, 17, 15, 18, 23, 31, 36, 46, 49, 63, 70, 73, 107, 116, 123, 127, 114, 114, 106, 108, 79, 82, 55, 45, 41, 1, 5, 0, 11, 34, 35, 63, 69, 69, 91, 96, 104, 99, 121, 126, 124, 127, 125, 121, 105, 81, 53, 36, 8, 9, 2, 3, 112, 111, 114, 120, 127, 123, 119, 127, 95]","[0, 8, 11, 12, 5, 17, 15, 18, 23, 31, 36, 46, 49, 63, 70, 73, 107, 116, 123, 127, 114, 114, 106, 108, 79, 82, 55, 45, 41, 1, 5, 0, 11, 34, 35, 63, 69, 69, 91, 96, 104, 99, 121, 126, 124, 127, 125, 121, 105, 81, 53, 36, 8, 9, 2, 3, 112, 111, 114, 120, 127, 123, 119, 127, 95]"
Linear,20,exact_guidance_u,200,0,66,65,"[129, 0, 8, 11, 12, 5, 17, 15, 18, 23, 31, 36, 46, 49, 63, 70, 73, 107, 116, 123, 127, 114, 114, 106, 108, 79, 82, 55, 45, 41, 1, 5, 0, 11, 34, 35, 63, 69, 69, 91, 96, 104, 99, 121, 126, 124, 127, 125, 121, 105, 81, 53, 36, 8, 9, 2, 3, 112, 111, 114, 120, 127, 123, 119, 127, 95]","[0, 8, 11, 12, 5, 17, 15, 18, 23, 31, 36, 46, 49, 63, 70, 73, 107, 116, 123, 127, 114, 114, 106, 108, 79, 82, 55, 45, 41, 1, 5, 0, 11, 34, 35, 63, 69, 69, 91, 96, 104, 99, 121, 126, 124, 127, 125, 121, 105, 81, 53, 36, 8, 9, 2, 3, 112, 111, 114, 120, 127, 123, 119, 127, 95]"
Linear,20,exact_guidance_u,201,0,66,65,"[129, 0, 8, 11, 12, 5, 17, 15, 18, 23, 31, 36, 46, 49, 63, 70, 73, 107, 116, 123, 127, 114, 114, 106, 108, 79, 82, 55, 45, 41, 1, 5, 0, 11, 34, 35, 63, 69, 69, 91, 96, 104, 99, 121, 126, 124, 127, 125, 121, 105, 81, 53, 36, 8, 9, 2, 3, 112, 111, 114, 120, 127, 123, 119, 127, 95]","[0, 8, 11, 12, 5, 17, 15, 18, 23, 31, 36, 46, 49, 63, 70, 73, 107, 116, 123, 127, 114, 114, 106, 108, 79, 82, 55, 45, 41, 1, 5, 0, 11, 34, 35, 63, 69, 69, 91, 96, 104, 99, 121, 126, 124, 127, 125, 121, 105, 81, 53, 36, 8, 9, 2, 3, 112, 111, 114, 120, 127, 123, 119, 127, 95]"
Linear,20,exact_guidance_u,202,0,66,65,"[129, 0, 8, 11, 12, 5, 17, 15, 18, 23, 31, 36, 46, 49, 63, 70, 73, 107, 116, 123, 127, 114, 114, 106, 108, 79, 82, 55, 45, 41, 1, 5, 0, 11, 34, 35, 63, 69, 69, 91, 96, 104, 99, 121, 126, 124, 127, 125, 121, 105, 81, 53, 36, 8, 9, 2, 3, 112, 111, 114, 120, 127, 123, 119, 127, 95]","[0, 8, 11, 12, 5, 17, 15, 18, 23, 31, 36, 46, 49, 63, 70, 73, 107, 116, 123, 127, 114, 114, 106, 108, 79, 82, 55, 45, 41, 1, 5, 0, 11, 34, 35, 63, 69, 69, 91, 96, 104, 99, 121, 126, 124, 127, 125, 121, 105, 81, 53, 36, 8, 9, 2, 3, 112, 111, 114, 120, 127, 123, 119, 127, 95]"
Linear,20,exact_guidance_u,203,0,66,65,"[129, 0, 8, 11, 12, 5, 17, 15, 18, 23, 31, 36, 46, 49, 63, 70, 73, 107, 116, 123, 127, 114, 114, 106, 108, 79, 82, 55, 45, 41, 1, 5, 0, 11, 34, 35, 63, 69, 69, 91, 96, 104, 99, 121, 126, 124, 127, 125, 121, 105, 81, 53, 36, 8, 9, 2, 3, 112, 111, 114, 120, 127, 123, 119, 127, 95]","[0, 8, 11, 12, 5, 17, 15, 18, 23, 31, 36, 46, 49, 63, 70, 73, 107, 116, 123, 127, 114, 114, 106, 108, 79, 82, 55, 45, 41, 1, 5, 0, 11, 34, 35, 63, 69, 69, 91, 96, 104, 99, 121, 126, 124, 127, 125, 121, 105, 81, 53, 36, 8, 9, 2, 3, 112, 111, 114, 120, 127, 123, 119, 127, 95]"
Linear,20,exact_guidance_u,204,0,67,66,"[129, 0, 8, 11, 12, 5, 17, 15, 18, 23, 31, 36, 46, 49, 63, 70, 73, 107, 116, 123, 127, 114, 114, 106, 108, 79, 82, 55, 45, 41, 1, 5, 0, 11, 34, 35, 63, 69, 69, 91, 96, 104, 99, 121, 126, 124, 127, 125, 121, 105, 81, 53, 36, 8, 9, 2, 3, 6, 112, 111, 114, 120, 127, 123, 119, 127, 95]","[0, 8, 11, 12, 5, 17, 15, 18, 23, 31, 36, 46, 49, 63, 70, 73, 107, 116, 123, 127, 114, 114, 106, 108, 79, 82, 55, 45, 41, 1, 5, 0, 11, 34, 35, 63, 69, 69, 91, 96, 104, 99, 121, 126, 124, 127, 125, 121, 105, 81, 53, 36, 8, 9, 2, 3, 6, 112, 111, 114, 120, 127, 123, 119, 127, 95]"
Linear,20,exact_guidance_u,205,0,68,67,"[129, 0, 8, 11, 12, 5, 17, 15, 18, 23, 31, 36, 46, 49, 63, 70, 73, 107, 116, 123, 127, 114, 114, 106, 108, 79, 82, 55, 45, 41, 1, 5, 0, 11, 34, 35, 63, 69, 69, 91, 96, 104, 99, 121, 126, 124, 127, 125, 121, 105, 81, 53, 36, 8, 9, 2, 3, 6, 24, 112, 111, 114, 120, 127, 123, 119, 127, 95]","[0, 8, 11, 12, 5, 17, 15, 18, 23, 31, 36, 46, 49, 63, 70, 73, 107, 116, 123, 127, 114, 114, 106, 108, 79, 82, 55, 45, 41, 1, 5, 0, 11, 34, 35, 63, 69, 69, 91, 96, 104, 99, 121, 126, 124, 127, 125, 121, 105, 81, 53, 36, 8, 9, 2, 3, 6, 24, 112, 111, 114, 120, 127, 123, 119, 127, 95]"
Linear,20,exact_guidance_u,206,0,68,67,"[129, 0, 8, 11, 12, 5, 17, 15, 18, 23, 31, 36, 46, 49, 63, 70, 73, 107, 116, 123, 127, 114, 114, 106, 108, 79, 82, 55, 45, 41, 1, 5, 0, 11, 34, 35, 63, 69, 69, 91, 96, 104, 99, 121, 126, 124, 127, 125, 121, 105, 81, 53, 36, 8, 9, 2, 3, 6, 24, 112, 111, 114, 120, 127, 123, 119, 127, 95]","[0, 8, 11, 12, 5, 17, 15, 18, 23, 31, 36, 46, 49, 63, 70, 73, 107, 116, 123, 127, 114, 114, 106, 108, 79, 82, 55, 45, 41, 1, 5, 0, 11, 34, 35, 63, 69, 69, 91, 96, 104, 99, 121, 126, 124, 127, 125, 121, 105, 81, 53, 36, 8, 9, 2, 3, 6, 24, 112, 111, 114, 120, 127, 123, 119, 127, 95]"
Linear,20,exact_guidance_u,207,0,69,68,"[129, 0, 8, 11, 12, 5, 17, 15, 18, 23, 31, 36, 46, 49, 63, 70, 73, 107, 116, 123, 127, 114, 114, 106, 108, 79, 82, 55, 45, 41, 1, 5, 0, 11, 34, 35, 63, 69, 69, 91, 96, 104, 99, 121, 126, 124, 127, 125, 121, 105, 81, 53, 38, 36, 8, 9, 2, 3, 6, 24, 112, 111, 114, 120, 127, 123, 119, 127, 95]","[0, 8, 11, 12, 5, 17, 15, 18, 23, 31, 36, 46, 49, 63, 70, 73, 107, 116, 123, 127, 114, 114, 106, 108, 79, 82, 55, 45, 41, 1, 5, 0, 11, 34, 35, 63, 69, 69, 91, 96, 104, 99, 121, 126, 124, 127, 125, 121, 105, 81, 53, 38, 36, 8, 9, 2, 3, 6, 24, 112, 111, 114, 120, 127, 123, 119, 127, 95]"
Linear,20,exact_guidance_u,208,0,69,68,"[129, 0, 8, 11, 12, 5, 17, 15, 18, 23, 31, 36, 46, 49, 63, 70, 73, 107, 116, 123, 127, 114, 114, 106, 108, 79, 82, 55, 45, 41, 1, 5, 0, 11, 34, 35, 63, 69, 69, 91, 96, 104, 99, 121, 126, 124, 127, 125, 121, 105, 81, 53, 38, 36, 8, 9, 2, 3, 6, 24, 112, 111, 114, 120, 127, 123, 119, 127, 95]","[0, 8, 11, 12, 5, 17, 15, 18, 23, 31, 36, 46, 49, 63, 70, 73, 107, 116, 123, 127, 114, 114, 106, 108, 79, 82, 55, 45, 41, 1, 5, 0, 11, 34, 35, 63, 69, 69, 91, 96, 104, 99, 121, 126, 124, 127, 125, 121, 105, 81, 53, 38, 36, 8, 9, 2, 3, 6, 24, 112, 111, 114, 120, 127, 123, 119, 127, 95]"
Linear,20,exact_guidance_u,209,0,69,68,"[129, 0, 8, 11, 12, 5, 17, 15, 18, 23, 31, 36, 46, 49, 63, 70, 73, 107, 116, 123, 127, 114, 114, 106, 108, 79, 82, 55, 45, 41, 1, 5, 0, 11, 34, 35, 63, 69, 69, 91, 96, 104, 99, 121, 126, 124, 127, 125, 121, 105, 81, 53, 38, 36, 8, 9, 2, 3, 6, 24, 112, 111, 114, 120, 127, 123, 119, 127, 95]","[0, 8, 11, 12, 5, 17, 15, 18, 23, 31, 36, 46, 49, 63, 70, 73, 107, 116, 123, 127, 114, 114, 106, 108, 79, 82, 55, 45, 41, 1, 5, 0, 11, 34, 35, 63, 69, 69, 91, 96, 104, 99, 121, 126, 124, 127, 125, 121, 105, 81, 53, 38, 36, 8, 9, 2, 3, 6, 24, 112, 111, 114, 120, 127, 123, 119, 127, 95]"
Linear,20,exact_guidance_u,210,0,70,69,"[129, 0, 8, 11, 12, 5, 17, 15, 18, 23, 31, 36, 46, 49, 63, 70, 73, 107, 116, 123, 127, 114, 114, 106, 108, 79, 82, 55, 45, 41, 1, 5, 0, 11, 34, 35, 63, 69, 69, 91, 96, 104, 99, 121, 126, 124, 127, 125, 121, 105, 81, 53, 38, 36, 21, 8, 9, 2, 3, 6, 24, 112, 111, 114, 120, 127, 123, 119, 127, 95]","[0, 8, 11, 12, 5, 17, 15, 18, 23, 31, 36, 46, 49, 63, 70, 73, 107, 116, 123, 127, 114, 114, 106, 108, 79, 82, 55, 45, 41, 1, 5, 0, 11, 34, 35, 63, 69, 69, 91, 96, 104, 99, 121, 126, 124, 127, 125, 121, 105, 81, 53, 38, 36, 21, 8, 9, 2, 3, 6, 24, 112, 111, 114, 120, 127, 123, 119, 127, 95]"
Linear,20,exact_guidance_u,211,0,70,69,"[129, 0, 8, 11, 12, 5, 17, 15, 18, 23, 31, 36, 46, 49, 63, 70, 73, 107, 116, 123, 127, 114, 114, 106, 108, 79, 82, 55, 45, 41, 1, 5, 0, 11, 34, 35, 63, 69, 69, 91, 96, 104, 99, 121, 126, 124, 127, 125, 121, 105, 81, 53, 38, 36, 21, 8, 9, 2, 3, 6, 24, 112, 111, 114, 120, 127, 123, 119, 127, 95]","[0, 8, 11, 12, 5, 17, 15, 18, 23, 31, 36, 46, 49, 63, 70, 73, 107, 116, 123, 127, 114, 114, 106, 108, 79, 82, 55, 45, 41, 1, 5, 0, 11, 34, 35, 63, 69, 69, 91, 96, 104, 99, 121, 126, 124, 127, 125, 121, 105, 81, 53, 38, 36, 21, 8, 9, 2, 3, 6, 24, 112, 111, 114, 120, 127, 123, 119, 127, 95]"
Linear,20,exact_guidance_u,212,0,70,69,"[129, 0, 8, 11, 12, 5, 17, 15, 18, 23, 31, 36, 46, 49, 63, 70, 73, 107, 116, 123, 127, 114, 114, 106, 108, 79, 82, 55, 45, 41, 1, 5, 0, 11, 34, 35, 63, 69, 69, 91, 96, 104, 99, 121, 126, 124, 127, 125, 121, 105, 81, 53, 38, 36, 21, 8, 9, 2, 3, 6, 24, 112, 111, 114, 120, 127, 123, 119, 127, 95]","[0, 8, 11, 12, 5, 17, 15, 18, 23, 31, 36, 46, 49, 63, 70, 73, 107, 116, 123, 127, 114, 114, 106, 108, 79, 82, 55, 45, 41, 1, 5, 0, 11, 34, 35, 63, 69, 69, 91, 96, 104, 99, 121, 126, 124, 127, 125, 121, 105, 81, 53, 38, 36, 21, 8, 9, 2, 3, 6, 24, 112, 111, 114, 120, 127, 123, 119, 127, 95]"
Linear,20,exact_guidance_u,213,0,70,69,"[129, 0, 8, 11, 12, 5, 17, 15, 18, 23, 31, 36, 46, 49, 63, 70, 73, 107, 116, 123, 127, 114, 114, 106, 108, 79, 82, 55, 45, 41, 1, 5, 0, 11, 34, 35, 63, 69, 69, 91, 96, 104, 99, 121, 126, 124, 127, 125, 121, 105, 81, 53, 38, 36, 21, 8, 9, 2, 3, 6, 24, 112, 111, 114, 120, 127, 123, 119, 127, 95]","[0, 8, 11, 12, 5, 17, 15, 18, 23, 31, 36, 46, 49, 63, 70, 73, 107, 116, 123, 127, 114, 114, 106, 108, 79, 82, 55, 45, 41, 1, 5, 0, 11, 34, 35, 63, 69, 69, 91, 96, 104, 99, 121, 126, 124, 127, 125, 121, 105, 81, 53, 38, 36, 21, 8, 9, 2, 3, 6, 24, 112, 111, 114, 120, 127, 123, 119, 127, 95]"
Linear,20,exact_guidance_u,214,0,70,69,"[129, 0, 8, 11, 12, 5, 17, 15, 18, 23, 31, 36, 46, 49, 63, 70, 73, 107, 116, 123, 127, 114, 114, 106, 108, 79, 82, 55, 45, 41, 1, 5, 0, 11, 34, 35, 63, 69, 69, 91, 96, 104, 99, 121, 126, 124, 127, 125, 121, 105, 81, 53, 38, 36, 21, 8, 9, 2, 3, 6, 24, 112, 111, 114, 120, 127, 123, 119, 127, 95]","[0, 8, 11, 12, 5, 17, 15, 18, 23, 31, 36, 46, 49, 63, 70, 73, 107, 116, 123, 127, 114, 114, 106, 108, 79, 82, 55, 45, 41, 1, 5, 0, 11, 34, 35, 63, 69, 69, 91, 96, 104, 99, 121, 126, 124, 127, 125, 121, 105, 81, 53, 38, 36, 21, 8, 9, 2, 3, 6, 24, 112, 111, 114, 120, 127, 123, 119, 127, 95]"
Linear,20,exact_guidance_u,215,0,70,69,"[129, 0, 8, 11, 12, 5, 17, 15, 18, 23, 31, 36, 46, 49, 63, 70, 73, 107, 116, 123, 127, 114, 114, 106, 108, 79, 82, 55, 45, 41, 1, 5, 0, 11, 34, 35, 63, 69, 69, 91, 96, 104, 99, 121, 126, 124, 127, 125, 121, 105, 81, 53, 38, 36, 21, 8, 9, 2, 3, 6, 24, 112, 111, 114, 120, 127, 123, 119, 127, 95]","[0, 8, 11, 12, 5, 17, 15, 18, 23, 31, 36, 46, 49, 63, 70, 73, 107, 116, 123, 127, 114, 114, 106, 108, 79, 82, 55, 45, 41, 1, 5, 0, 11, 34, 35, 63, 69, 69, 91, 96, 104, 99, 121, 126, 124, 127, 125, 121, 105, 81, 53, 38, 36, 21, 8, 9, 2, 3, 6, 24, 112, 111, 114, 120, 127, 123, 119, 127, 95]"
Linear,20,exact_guidance_u,216,0,70,69,"[129, 0, 8, 11, 12, 5, 17, 15, 18, 23, 31, 36, 46, 49, 63, 70, 73, 107, 116, 123, 127, 114, 114, 106, 108, 79, 82, 55, 45, 41, 1, 5, 0, 11, 34, 35, 63, 69, 69, 91, 96, 104, 99, 121, 126, 124, 127, 125, 121, 105, 81, 53, 38, 36, 21, 8, 9, 2, 3, 6, 24, 112, 111, 114, 120, 127, 123, 119, 127, 95]","[0, 8, 11, 12, 5, 17, 15, 18, 23, 31, 36, 46, 49, 63, 70, 73, 107, 116, 123, 127, 114, 114, 106, 108, 79, 82, 55, 45, 41, 1, 5, 0, 11, 34, 35, 63, 69, 69, 91, 96, 104, 99, 121, 126, 124, 127, 125, 121, 105, 81, 53, 38, 36, 21, 8, 9, 2, 3, 6, 24, 112, 111, 114, 120, 127, 123, 119, 127, 95]"
Linear,20,exact_guidance_u,217,0,70,69,"[129, 0, 8, 11, 12, 5, 17, 15, 18, 23, 31, 36, 46, 49, 63, 70, 73, 107, 116, 123, 127, 114, 114, 106, 108, 79, 82, 55, 45, 41, 1, 5, 0, 11, 34, 35, 63, 69, 69, 91, 96, 104, 99, 121, 126, 124, 127, 125, 121, 105, 81, 53, 38, 36, 21, 8, 9, 2, 3, 6, 24, 112, 111, 114, 120, 127, 123, 119, 127, 95]","[0, 8, 11, 12, 5, 17, 15, 18, 23, 31, 36, 46, 49, 63, 70, 73, 107, 116, 123, 127, 114, 114, 106, 108, 79, 82, 55, 45, 41, 1, 5, 0, 11, 34, 35, 63, 69, 69, 91, 96, 104, 99, 121, 126, 124, 127, 125, 121, 105, 81, 53, 38, 36, 21, 8, 9, 2, 3, 6, 24, 112, 111, 114, 120, 127, 123, 119, 127, 95]"
Linear,20,exact_guidance_u,218,0,71,70,"[129, 0, 8, 11, 12, 5, 17, 15, 18, 23, 31, 36, 46, 49, 63, 70, 73, 107, 116, 123, 127, 114, 114, 106, 108, 79, 82, 55, 45, 41, 4, 1, 5, 0, 11, 34, 35, 63, 69, 69, 91, 96, 104, 99, 121, 126, 124, 127, 125, 121, 105, 81, 53, 38, 36, 21, 8, 9, 2, 3, 6, 24, 112, 111, 114, 120, 127, 123, 119, 127, 95]","[0, 8, 11, 12, 5, 17, 15, 18, 23, 31, 36, 46, 49, 63, 70, 73, 107, 116, 123, 127, 114, 114, 106, 108, 79, 82, 55, 45, 41, 4, 1, 5, 0, 11, 34, 35, 63, 69, 69, 91, 96, 104, 99, 121, 126, 124, 127, 125, 121, 105, 81, 53, 38, 36, 21, 8, 9, 2, 3, 6, 24, 112, 111, 114, 120, 127, 123, 119, 127, 95]"
Linear,20,exact_guidance_u,219,0,71,70,"[129, 0, 8, 11, 12, 5, 17, 15, 18, 23, 31, 36, 46, 49, 63, 70, 73, 107, 116, 123, 127, 114, 114, 106, 108, 79, 82, 55, 45, 41, 4, 1, 5, 0, 11, 34, 35, 63, 69, 69, 91, 96, 104, 99, 121, 126, 124, 127, 125, 121, 105, 81, 53, 38, 36, 21, 8, 9, 2, 3, 6, 24, 112, 111, 114, 120, 127, 123, 119, 127, 95]","[0, 8, 11, 12, 5, 17, 15, 18, 23, 31, 36, 46, 49, 63, 70, 73, 107, 116, 123, 127, 114, 114, 106, 108, 79, 82, 55, 45, 41, 4, 1, 5, 0, 11, 34, 35, 63, 69, 69, 91, 96, 104, 99, 121, 126, 124, 127, 125, 121, 105, 81, 53, 38, 36, 21, 8, 9, 2, 3, 6, 24, 112, 111, 114, 120, 127, 123, 119, 127, 95]"
Linear,20,exact_guidance_u,220,0,71,70,"[129, 0, 8, 11, 12, 5, 17, 15, 18, 23, 31, 36, 46, 49, 63, 70, 73, 107, 116, 123, 127, 114, 114, 106, 108, 79, 82, 55, 45, 41, 4, 1, 5, 0, 11, 34, 35, 63, 69, 69, 91, 96, 104, 99, 121, 126, 124, 127, 125, 121, 105, 81, 53, 38, 36, 21, 8, 9, 2, 3, 6, 24, 112, 111, 114, 120, 127, 123, 119, 127, 95]","[0, 8, 11, 12, 5, 17, 15, 18, 23, 31, 36, 46, 49, 63, 70, 73, 107, 116, 123, 127, 114, 114, 106, 108, 79, 82, 55, 45, 41, 4, 1, 5, 0, 11, 34, 35, 63, 69, 69, 91, 96, 104, 99, 121, 126, 124, 127, 125, 121, 105, 81, 53, 38, 36, 21, 8, 9, 2, 3, 6, 24, 112, 111, 114, 120, 127, 123, 119, 127, 95]"
Linear,20,exact_guidance_u,221,0,71,70,"[129, 0, 8, 11, 12, 5, 17, 15, 18, 23, 31, 36, 46, 49, 63, 70, 73, 107, 116, 123, 127, 114, 114, 106, 108, 79, 82, 55, 45, 41, 4, 1, 5, 0, 11, 34, 35, 63, 69, 69, 91, 96, 104, 99, 121, 126, 124, 127, 125, 121, 105, 81, 53, 38, 36, 21, 8, 9, 2, 3, 6, 24, 112, 111, 114, 120, 127, 123, 119, 127, 95]","[0, 8, 11, 12, 5, 17, 15, 18, 23, 31, 36, 46, 49, 63, 70, 73, 107, 116, 123, 127, 114, 114, 106, 108, 79, 82, 55, 45, 41, 4, 1, 5, 0, 11, 34, 35, 63, 69, 69, 91, 96, 104, 99, 121, 126, 124, 127, 125, 121, 105, 81, 53, 38, 36, 21, 8, 9, 2, 3, 6, 24, 112, 111, 114, 120, 127, 123, 119, 127, 95]"
Linear,20,exact_guidance_u,222,0,72,71,"[129, 0, 8, 11, 12, 5, 17, 15, 18, 23, 31, 36, 46, 49, 63, 70, 73, 87, 107, 116, 123, 127, 114, 114, 106, 108, 79, 82, 55, 45, 41, 4, 1, 5, 0, 11, 34, 35, 63, 69, 69, 91, 96, 104, 99, 121, 126, 124, 127, 125, 121, 105, 81, 53, 38, 36, 21, 8, 9, 2, 3, 6, 24, 112, 111, 114, 120, 127, 123, 119, 127, 95]","[0, 8, 11, 12, 5, 17, 15, 18, 23, 31, 36, 46, 49, 63, 70, 73, 87, 107, 116, 123, 127, 114, 114, 106, 108, 79, 82, 55, 45, 41, 4, 1, 5, 0, 11, 34, 35, 63, 69, 69, 91, 96, 104, 99, 121, 126, 124, 127, 125, 121, 105, 81, 53, 38, 36, 21, 8, 9, 2, 3, 6, 24, 112, 111, 114, 120, 127, 123, 119, 127, 95]"
Linear,20,exact_guidance_u,223,0,72,71,"[129, 0, 8, 11, 12, 5, 17, 15, 18, 23, 31, 36, 46, 49, 63, 70, 73, 87, 107, 116, 123, 127, 114, 114, 106, 108, 79, 82, 55, 45, 41, 4, 1, 5, 0, 11, 34, 35, 63, 69, 69, 91, 96, 104, 99, 121, 126, 124, 127, 125, 121, 105, 81, 53, 38, 36, 21, 8, 9, 2, 3, 6, 24, 112, 111, 114, 120, 127, 123, 119, 127, 95]","[0, 8, 11, 12, 5, 17, 15, 18, 23, 31, 36, 46, 49, 63, 70, 73, 87, 107, 116, 123, 127, 114, 114, 106, 108, 79, 82, 55, 45, 41, 4, 1, 5, 0, 11, 34, 35, 63, 69, 69, 91, 96, 104, 99, 121, 126, 124, 127, 125, 121, 105, 81, 53, 38, 36, 21, 8, 9, 2, 3, 6, 24, 112, 111, 114, 120, 127, 123, 119, 127, 95]"
Linear,20,exact_guidance_u,224,0,73,72,"[129, 0, 8, 11, 12, 5, 17, 15, 18, 23, 31, 36, 46, 49, 63, 70, 73, 87, 107, 116, 123, 127, 127, 114, 114, 106, 108, 79, 82, 55, 45, 41, 4, 1, 5, 0, 11, 34, 35, 63, 69, 69, 91, 96, 104, 99, 121, 126, 124, 127, 125, 121, 105, 81, 53, 38, 36, 21, 8, 9, 2, 3, 6, 24, 112, 111, 114, 120, 127, 123, 119, 127, 95]","[0, 8, 11, 12, 5, 17, 15, 18, 23, 31, 36, 46, 49, 63, 70, 73, 87, 107, 116, 123, 127, 127, 114, 114, 106, 108, 79, 82, 55, 45, 41, 4, 1, 5, 0, 11, 34, 35, 63, 69, 69, 91, 96, 104, 99, 121, 126, 124, 127, 125, 121, 105, 81, 53, 38, 36, 21, 8, 9, 2, 3, 6, 24, 112, 111, 114, 120, 127, 123, 119, 127, 95]"
Linear,20,exact_guidance_u,225,0,73,72,"[129, 0, 8, 11, 12, 5, 17, 15, 18, 23, 31, 36, 46, 49, 63, 70, 73, 87, 107, 116, 123, 127, 127, 114, 114, 106, 108, 79, 82, 55, 45, 41, 4, 1, 5, 0, 11, 34, 35, 63, 69, 69, 91, 96, 104, 99, 121, 126, 124, 127, 125, 121, 105, 81, 53, 38, 36, 21, 8, 9, 2, 3, 6, 24, 112, 111, 114, 120, 127, 123, 119, 127, 95]","[0, 8, 11, 12, 5, 17, 15, 18, 23, 31, 36, 46, 49, 63, 70, 73, 87, 107, 116, 123, 127, 127, 114, 114, 106, 108, 79, 82, 55, 45, 41, 4, 1, 5, 0, 11, 34, 35, 63, 69, 69, 91, 96, 104, 99, 121, 126, 124, 127, 125, 121, 105, 81, 53, 38, 36, 21, 8, 9, 2, 3, 6, 24, 112, 111, 114, 120, 127, 123, 119, 127, 95]"
Linear,20,exact_guidance_u,226,0,73,72,"[129, 0, 8, 11, 12, 5, 17, 15, 18, 23, 31, 36, 46, 49, 63, 70, 73, 87, 107, 116, 123, 127, 127, 114, 114, 106, 108, 79, 82, 55, 45, 41, 4, 1, 5, 0, 11, 34, 35, 63, 69, 69, 91, 96, 104, 99, 121, 126, 124, 127, 125, 121, 105, 81, 53, 38, 36, 21, 8, 9, 2, 3, 6, 24, 112, 111, 114, 120, 127, 123, 119, 127, 95]","[0, 8, 11, 12, 5, 17, 15, 18, 23, 31, 36, 46, 49, 63, 70, 73, 87, 107, 116, 123, 127, 127, 114, 114, 106, 108, 79, 82, 55, 45, 41, 4, 1, 5, 0, 11, 34, 35, 63, 69, 69, 91, 96, 104, 99, 121, 126, 124, 127, 125, 121, 105, 81, 53, 38, 36, 21, 8, 9, 2, 3, 6, 24, 112, 111, 114, 120, 127, 123, 119, 127, 95]"
Linear,20,exact_guidance_u,227,0,73,72,"[129, 0, 8, 11, 12, 5, 17, 15, 18, 23, 31, 36, 46, 49, 63, 70, 73, 87, 107, 116, 123, 127, 127, 114, 114, 106, 108, 79, 82, 55, 45, 41, 4, 1, 5, 0, 11, 34, 35, 63, 69, 69, 91, 96, 104, 99, 121, 126, 124, 127, 125, 121, 105, 81, 53, 38, 36, 21, 8, 9, 2, 3, 6, 24, 112, 111, 114, 120, 127, 123, 119, 127, 95]","[0, 8, 11, 12, 5, 17, 15, 18, 23, 31, 36, 46, 49, 63, 70, 73, 87, 107, 116, 123, 127, 127, 114, 114, 106, 108, 79, 82, 55, 45, 41, 4, 1, 5, 0, 11, 34, 35, 63, 69, 69, 91, 96, 104, 99, 121, 126, 124, 127, 125, 121, 105, 81, 53, 38, 36, 21, 8, 9, 2, 3, 6, 24, 112, 111, 114, 120, 127, 123, 119, 127, 95]"
Linear,20,exact_guidance_u,228,0,73,72,"[129, 0, 8, 11, 12, 5, 17, 15, 18, 23, 31, 36, 46, 49, 63, 70, 73, 87, 107, 116, 123, 127, 127, 114, 114, 106, 108, 79, 82, 55, 45, 41, 4, 1, 5, 0, 11, 34, 35, 63, 69, 69, 91, 96, 104, 99, 121, 126, 124, 127, 125, 121, 105, 81, 53, 38, 36, 21, 8, 9, 2, 3, 6, 24, 112, 111, 114, 120, 127, 123, 119, 127, 95]","[0, 8, 11, 12, 5, 17, 15, 18, 23, 31, 36, 46, 49, 63, 70, 73, 87, 107, 116, 123, 127, 127, 114, 114, 106, 108, 79, 82, 55, 45, 41, 4, 1, 5, 0, 11, 34, 35, 63, 69, 69, 91, 96, 104, 99, 121, 126, 124, 127, 125, 121, 105, 81, 53, 38, 36, 21, 8, 9, 2, 3, 6, 24, 112, 111, 114, 120, 127, 123, 119, 127, 95]"
Linear,20,exact_guidance_u,229,0,73,72,"[129, 0, 8, 11, 12, 5, 17, 15, 18, 23, 31, 36, 46, 49, 63, 70, 73, 87, 107, 116, 123, 127, 127, 114, 114, 106, 108, 79, 82, 55, 45, 41, 4, 1, 5, 0, 11, 34, 35, 63, 69, 69, 91, 96, 104, 99, 121, 126, 124, 127, 125, 121, 105, 81, 53, 38, 36, 21, 8, 9, 2, 3, 6, 24, 112, 111, 114, 120, 127, 123, 119, 127, 95]","[0, 8, 11, 12, 5, 17, 15, 18, 23, 31, 36, 46, 49, 63, 70, 73, 87, 107, 116, 123, 127, 127, 114, 114, 106, 108, 79, 82, 55, 45, 41, 4, 1, 5, 0, 11, 34, 35, 63, 69, 69, 91, 96, 104, 99, 121, 126, 124, 127, 125, 121, 105, 81, 53, 38, 36, 21, 8, 9, 2, 3, 6, 24, 112, 111, 114, 120, 127, 123, 119, 127, 95]"
Linear,20,exact_guidance_u,230,0,73,72,"[129, 0, 8, 11, 12, 5, 17, 15, 18, 23, 31, 36, 46, 49, 63, 70, 73, 87, 107, 116, 123, 127, 127, 114, 114, 106, 108, 79, 82, 55, 45, 41, 4, 1, 5, 0, 11, 34, 35, 63, 69, 69, 91, 96, 104, 99, 121, 126, 124, 127, 125, 121, 105, 81, 53, 38, 36, 21, 8, 9, 2, 3, 6, 24, 112, 111, 114, 120, 127, 123, 119, 127, 95]","[0, 8, 11, 12, 5, 17, 15, 18, 23, 31, 36, 46, 49, 63, 70, 73, 87, 107, 116, 123, 127, 127, 114, 114, 106, 108, 79, 82, 55, 45, 41, 4, 1, 5, 0, 11, 34, 35, 63, 69, 69, 91, 96, 104, 99, 121, 126, 124, 127, 125, 121, 105, 81, 53, 38, 36, 21, 8, 9, 2, 3, 6, 24, 112, 111, 114, 120, 127, 123, 119, 127, 95]"
Linear,20,exact_guidance_u,231,0,73,72,"[129, 0, 8, 11, 12, 5, 17, 15, 18, 23, 31, 36, 46, 49, 63, 70, 73, 87, 107, 116, 123, 127, 127, 114, 114, 106, 108, 79, 82, 55, 45, 41, 4, 1, 5, 0, 11, 34, 35, 63, 69, 69, 91, 96, 104, 99, 121, 126, 124, 127, 125, 121, 105, 81, 53, 38, 36, 21, 8, 9, 2, 3, 6, 24, 112, 111, 114, 120, 127, 123, 119, 127, 95]","[0, 8, 11, 12, 5, 17, 15, 18, 23, 31, 36, 46, 49, 63, 70, 73, 87, 107, 116, 123, 127, 127, 114, 114, 106, 108, 79, 82, 55, 45, 41, 4, 1, 5, 0, 11, 34, 35, 63, 69, 69, 91, 96, 104, 99, 121, 126, 124, 127, 125, 121, 105, 81, 53, 38, 36, 21, 8, 9, 2, 3, 6, 24, 112, 111, 114, 120, 127, 123, 119, 127, 95]"
Linear,20,exact_guidance_u,232,0,73,72,"[129, 0, 8, 11, 12, 5, 17, 15, 18, 23, 31, 36, 46, 49, 63, 70, 73, 87, 107, 116, 123, 127, 127, 114, 114, 106, 108, 79, 82, 55, 45, 41, 4, 1, 5, 0, 11, 34, 35, 63, 69, 69, 91, 96, 104, 99, 121, 126, 124, 127, 125, 121, 105, 81, 53, 38, 36, 21, 8, 9, 2, 3, 6, 24, 112, 111, 114, 120, 127, 123, 119, 127, 95]","[0, 8, 11, 12, 5, 17, 15, 18, 23, 31, 36, 46, 49, 63, 70, 73, 87, 107, 116, 123, 127, 127, 114, 114, 106, 108, 79, 82, 55, 45, 41, 4, 1, 5, 0, 11, 34, 35, 63, 69, 69, 91, 96, 104, 99, 121, 126, 124, 127, 125, 121, 105, 81, 53, 38, 36, 21, 8, 9, 2, 3, 6, 24, 112, 111, 114, 120, 127, 123, 119, 127, 95]"
Linear,20,exact_guidance_u,233,0,73,72,"[129, 0, 8, 11, 12, 5, 17, 15, 18, 23, 31, 36, 46, 49, 63, 70, 73, 87, 107, 116, 123, 127, 127, 114, 114, 106, 108, 79, 82, 55, 45, 41, 4, 1, 5, 0, 11, 34, 35, 63, 69, 69, 91, 96, 104, 99, 121, 126, 124, 127, 125, 121, 105, 81, 53, 38, 36, 21, 8, 9, 2, 3, 6, 24, 112, 111, 114, 120, 127, 123, 119, 127, 95]","[0, 8, 11, 12, 5, 17, 15, 18, 23, 31, 36, 46, 49, 63, 70, 73, 87, 107, 116, 123, 127, 127, 114, 114, 106, 108, 79, 82, 55, 45, 41, 4, 1, 5, 0, 11, 34, 35, 63, 69, 69, 91, 96, 104, 99, 121, 126, 124, 127, 125, 121, 105, 81, 53, 38, 36, 21, 8, 9, 2, 3, 6, 24, 112, 111, 114, 120, 127, 123, 119, 127, 95]"
Linear,20,exact_guidance_u,234,0,73,72,"[129, 0, 8, 11, 12, 5, 17, 15, 18, 23, 31, 36, 46, 49, 63, 70, 73, 87, 107, 116, 123, 127, 127, 114, 114, 106, 108, 79, 82, 55, 45, 41, 4, 1, 5, 0, 11, 34, 35, 63, 69, 69, 91, 96, 104, 99, 121, 126, 124, 127, 125, 121, 105, 81, 53, 38, 36, 21, 8, 9, 2, 3, 6, 24, 112, 111, 114, 120, 127, 123, 119, 127, 95]","[0, 8, 11, 12, 5, 17, 15, 18, 23, 31, 36, 46, 49, 63, 70, 73, 87, 107, 116, 123, 127, 127, 114, 114, 106, 108, 79, 82, 55, 45, 41, 4, 1, 5, 0, 11, 34, 35, 63, 69, 69, 91, 96, 104, 99, 121, 126, 124, 127, 125, 121, 105, 81, 53, 38, 36, 21, 8, 9, 2, 3, 6, 24, 112, 111, 114, 120, 127, 123, 119, 127, 95]"
Linear,20,exact_guidance_u,235,0,73,72,"[129, 0, 8, 11, 12, 5, 17, 15, 18, 23, 31, 36, 46, 49, 63, 70, 73, 87, 107, 116, 123, 127, 127, 114, 114, 106, 108, 79, 82, 55, 45, 41, 4, 1, 5, 0, 11, 34, 35, 63, 69, 69, 91, 96, 104, 99, 121, 126, 124, 127, 125, 121, 105, 81, 53, 38, 36, 21, 8, 9, 2, 3, 6, 24, 112, 111, 114, 120, 127, 123, 119, 127, 95]","[0, 8, 11, 12, 5, 17, 15, 18, 23, 31, 36, 46, 49, 63, 70, 73, 87, 107, 116, 123, 127, 127, 114, 114, 106, 108, 79, 82, 55, 45, 41, 4, 1, 5, 0, 11, 34, 35, 63, 69, 69, 91, 96, 104, 99, 121, 126, 124, 127, 125, 121, 105, 81, 53, 38, 36, 21, 8, 9, 2, 3, 6, 24, 112, 111, 114, 120, 127, 123, 119, 127, 95]"
Linear,20,exact_guidance_u,236,0,73,72,"[129, 0, 8, 11, 12, 5, 17, 15, 18, 23, 31, 36, 46, 49, 63, 70, 73, 87, 107, 116, 123, 127, 127, 114, 114, 106, 108, 79, 82, 55, 45, 41, 4, 1, 5, 0, 11, 34, 35, 63, 69, 69, 91, 96, 104, 99, 121, 126, 124, 127, 125, 121, 105, 81, 53, 38, 36, 21, 8, 9, 2, 3, 6, 24, 112, 111, 114, 120, 127, 123, 119, 127, 95]","[0, 8, 11, 12, 5, 17, 15, 18, 23, 31, 36, 46, 49, 63, 70, 73, 87, 107, 116, 123, 127, 127, 114, 114, 106, 108, 79, 82, 55, 45, 41, 4, 1, 5, 0, 11, 34, 35, 63, 69, 69, 91, 96, 104, 99, 121, 126, 124, 127, 125, 121, 105, 81, 53, 38, 36, 21, 8, 9, 2, 3, 6, 24, 112, 111, 114, 120, 127, 123, 119, 127, 95]"
Linear,20,exact_guidance_u,237,0,73,72,"[129, 0, 8, 11, 12, 5, 17, 15, 18, 23, 31, 36, 46, 49, 63, 70, 73, 87, 107, 116, 123, 127, 127, 114, 114, 106, 108, 79, 82, 55, 45, 41, 4, 1, 5, 0, 11, 34, 35, 63, 69, 69, 91, 96, 104, 99, 121, 126, 124, 127, 125, 121, 105, 81, 53, 38, 36, 21, 8, 9, 2, 3, 6, 24, 112, 111, 114, 120, 127, 123, 119, 127, 95]","[0, 8, 11, 12, 5, 17, 15, 18, 23, 31, 36, 46, 49, 63, 70, 73, 87, 107, 116, 123, 127, 127, 114, 114, 106, 108, 79, 82, 55, 45, 41, 4, 1, 5, 0, 11, 34, 35, 63, 69, 69, 91, 96, 104, 99, 121, 126, 124, 127, 125, 121, 105, 81, 53, 38, 36, 21, 8, 9, 2, 3, 6, 24, 112, 111, 114, 120, 127, 123, 119, 127, 95]"
Linear,20,exact_guidance_u,238,0,73,72,"[129, 0, 8, 11, 12, 5, 17, 15, 18, 23, 31, 36, 46, 49, 63, 70, 73, 87, 107, 116, 123, 127, 127, 114, 114, 106, 108, 79, 82, 55, 45, 41, 4, 1, 5, 0, 11, 34, 35, 63, 69, 69, 91, 96, 104, 99, 121, 126, 124, 127, 125, 121, 105, 81, 53, 38, 36, 21, 8, 9, 2, 3, 6, 24, 112, 111, 114, 120, 127, 123, 119, 127, 95]","[0, 8, 11, 12, 5, 17, 15, 18, 23, 31, 36, 46, 49, 63, 70, 73, 87, 107, 116, 123, 127, 127, 114, 114, 106, 108, 79, 82, 55, 45, 41, 4, 1, 5, 0, 11, 34, 35, 63, 69, 69, 91, 96, 104, 99, 121, 126, 124, 127, 125, 121, 105, 81, 53, 38, 36, 21, 8, 9, 2, 3, 6, 24, 112, 111, 114, 120, 127, 123, 119, 127, 95]"
Linear,20,exact_guidance_u,239,0,74,73,"[129, 0, 8, 11, 12, 5, 17, 15, 18, 23, 31, 36, 46, 49, 63, 70, 73, 87, 107, 116, 123, 127, 127, 114, 114, 106, 108, 79, 82, 55, 45, 41, 4, 1, 5, 0, 11, 34, 35, 63, 69, 69, 91, 96, 104, 99, 121, 126, 124, 127, 125, 121, 105, 81, 53, 38, 36, 21, 8, 9, 2, 3, 6, 24, 112, 111, 114, 120, 127, 127, 123, 119, 127, 95]","[0, 8, 11, 12, 5, 17, 15, 18, 23, 31, 36, 46, 49, 63, 70, 73, 87, 107, 116, 123, 127, 127, 114, 114, 106, 108, 79, 82, 55, 45, 41, 4, 1, 5, 0, 11, 34, 35, 63, 69, 69, 91, 96, 104, 99, 121, 126, 124, 127, 125, 121, 105, 81, 53, 38, 36, 21, 8, 9, 2, 3, 6, 24, 112, 111, 114, 120, 127, 127, 123, 119, 127, 95]"
Linear,20,exact_guidance_u,240,0,74,73,"[129, 0, 8, 11, 12, 5, 17, 15, 18, 23, 31, 36, 46, 49, 63, 70, 73, 87, 107, 116, 123, 127, 127, 114, 114, 106, 108, 79, 82, 55, 45, 41, 4, 1, 5, 0, 11, 34, 35, 63, 69, 69, 91, 96, 104, 99, 121, 126, 124, 127, 125, 121, 105, 81, 53, 38, 36, 21, 8, 9, 2, 3, 6, 24, 112, 111, 114, 120, 127, 127, 123, 119, 127, 95]","[0, 8, 11, 12, 5, 17, 15, 18, 23, 31, 36, 46, 49, 63, 70, 73, 87, 107, 116, 123, 127, 127, 114, 114, 106, 108, 79, 82, 55, 45, 41, 4, 1, 5, 0, 11, 34, 35, 63, 69, 69, 91, 96, 104, 99, 121, 126, 124, 127, 125, 121, 105, 81, 53, 38, 36, 21, 8, 9, 2, 3, 6, 24, 112, 111, 114, 120, 127, 127, 123, 119, 127, 95]"
Linear,20,exact_guidance_u,241,0,74,73,"[129, 0, 8, 11, 12, 5, 17, 15, 18, 23, 31, 36, 46, 49, 63, 70, 73, 87, 107, 116, 123, 127, 127, 114, 114, 106, 108, 79, 82, 55, 45, 41, 4, 1, 5, 0, 11, 34, 35, 63, 69, 69, 91, 96, 104, 99, 121, 126, 124, 127, 125, 121, 105, 81, 53, 38, 36, 21, 8, 9, 2, 3, 6, 24, 112, 111, 114, 120, 127, 127, 123, 119, 127, 95]","[0, 8, 11, 12, 5, 17, 15, 18, 23, 31, 36, 46, 49, 63, 70, 73, 87, 107, 116, 123, 127, 127, 114, 114, 106, 108, 79, 82, 55, 45, 41, 4, 1, 5, 0, 11, 34, 35, 63, 69, 69, 91, 96, 104, 99, 121, 126, 124, 127, 125, 121, 105, 81, 53, 38, 36, 21, 8, 9, 2, 3, 6, 24, 112, 111, 114, 120, 127, 127, 123, 119, 127, 95]"
Linear,20,exact_guidance_u,242,0,75,74,"[129, 0, 8, 11, 12, 5, 17, 15, 18, 23, 31, 36, 46, 49, 63, 70, 73, 87, 107, 116, 123, 127, 127, 114, 114, 106, 108, 79, 82, 55, 45, 49, 41, 4, 1, 5, 0, 11, 34, 35, 63, 69, 69, 91, 96, 104, 99, 121, 126, 124, 127, 125, 121, 105, 81, 53, 38, 36, 21, 8, 9, 2, 3, 6, 24, 112, 111, 114, 120, 127, 127, 123, 119, 127, 95]","[0, 8, 11, 12, 5, 17, 15, 18, 23, 31, 36, 46, 49, 63, 70, 73, 87, 107, 116, 123, 127, 127, 114, 114, 106, 108, 79, 82, 55, 45, 49, 41, 4, 1, 5, 0, 11, 34, 35, 63, 69, 69, 91, 96, 104, 99, 121, 126, 124, 127, 125, 121, 105, 81, 53, 38, 36, 21, 8, 9, 2, 3, 6, 24, 112, 111, 114, 120, 127, 127, 123, 119, 127, 95]"
Linear,20,exact_guidance_u,243,0,75,74,"[129, 0, 8, 11, 12, 5, 17, 15, 18, 23, 31, 36, 46, 49, 63, 70, 73, 87, 107, 116, 123, 127, 127, 114, 114, 106, 108, 79, 82, 55, 45, 49, 41, 4, 1, 5, 0, 11, 34, 35, 63, 69, 69, 91, 96, 104, 99, 121, 126, 124, 127, 125, 121, 105, 81, 53, 38, 36, 21, 8, 9, 2, 3, 6, 24, 112, 111, 114, 120, 127, 127, 123, 119, 127, 95]","[0, 8, 11, 12, 5, 17, 15, 18, 23, 31, 36, 46, 49, 63, 70, 73, 87, 107, 116, 123, 127, 127, 114, 114, 106, 108, 79, 82, 55, 45, 49, 41, 4, 1, 5, 0, 11, 34, 35, 63, 69, 69, 91, 96, 104, 99, 121, 126, 124, 127, 125, 121, 105, 81, 53, 38, 36, 21, 8, 9, 2, 3, 6, 24, 112, 111, 114, 120, 127, 127, 123, 119, 127, 95]"
Linear,20,exact_guidance_u,244,0,75,74,"[129, 0, 8, 11, 12, 5, 17, 15, 18, 23, 31, 36, 46, 49, 63, 70, 73, 87, 107, 116, 123, 127, 127, 114, 114, 106, 108, 79, 82, 55, 45, 49, 41, 4, 1, 5, 0, 11, 34, 35, 63, 69, 69, 91, 96, 104, 99, 121, 126, 124, 127, 125, 121, 105, 81, 53, 38, 36, 21, 8, 9, 2, 3, 6, 24, 112, 111, 114, 120, 127, 127, 123, 119, 127, 95]","[0, 8, 11, 12, 5, 17, 15, 18, 23, 31, 36, 46, 49, 63, 70, 73, 87, 107, 116, 123, 127, 127, 114, 114, 106, 108, 79, 82, 55, 45, 49, 41, 4, 1, 5, 0, 11, 34, 35, 63, 69, 69, 91, 96, 104, 99, 121, 126, 124, 127, 125, 121, 105, 81, 53, 38, 36, 21, 8, 9, 2, 3, 6, 24, 112, 111, 114, 120, 127, 127, 123, 119, 127, 95]"
Linear,20,exact_guidance_u,245,0,75,74,"[129, 0, 8, 11, 12, 5, 17, 15, 18, 23, 31, 36, 46, 49, 63, 70, 73, 87, 107, 116, 123, 127, 127, 114, 114, 106, 108, 79, 82, 55, 45, 49, 41, 4, 1, 5, 0, 11, 34, 35, 63, 69, 69, 91, 96, 104, 99, 121, 126, 124, 127, 125, 121, 105, 81, 53, 38, 36, 21, 8, 9, 2, 3, 6, 24, 112, 111, 114, 120, 127, 127, 123, 119, 127, 95]","[0, 8, 11, 12, 5, 17, 15, 18, 23, 31, 36, 46, 49, 63, 70, 73, 87, 107, 116, 123, 127, 127, 114, 114, 106, 108, 79, 82, 55, 45, 49, 41, 4, 1, 5, 0, 11, 34, 35, 63, 69, 69, 91, 96, 104, 99, 121, 126, 124, 127, 125, 121, 105, 81, 53, 38, 36, 21, 8, 9, 2, 3, 6, 24, 112, 111, 114, 120, 127, 127, 123, 119, 127, 95]"
Linear,20,exact_guidance_u,246,0,75,74,"[129, 0, 8, 11, 12, 5, 17, 15, 18, 23, 31, 36, 46, 49, 63, 70, 73, 87, 107, 116, 123, 127, 127, 114, 114, 106, 108, 79, 82, 55, 45, 49, 41, 4, 1, 5, 0, 11, 34, 35, 63, 69, 69, 91, 96, 104, 99, 121, 126, 124, 127, 125, 121, 105, 81, 53, 38, 36, 21, 8, 9, 2, 3, 6, 24, 112, 111, 114, 120, 127, 127, 123, 119, 127, 95]","[0, 8, 11, 12, 5, 17, 15, 18, 23, 31, 36, 46, 49, 63, 70, 73, 87, 107, 116, 123, 127, 127, 114, 114, 106, 108, 79, 82, 55, 45, 49, 41, 4, 1, 5, 0, 11, 34, 35, 63, 69, 69, 91, 96, 104, 99, 121, 126, 124, 127, 125, 121, 105, 81, 53, 38, 36, 21, 8, 9, 2, 3, 6, 24, 112, 111, 114, 120, 127, 127, 123, 119, 127, 95]"
Linear,20,exact_guidance_u,247,0,75,74,"[129, 0, 8, 11, 12, 5, 17, 15, 18, 23, 31, 36, 46, 49, 63, 70, 73, 87, 107, 116, 123, 127, 127, 114, 114, 106, 108, 79, 82, 55, 45, 49, 41, 4, 1, 5, 0, 11, 34, 35, 63, 69, 69, 91, 96, 104, 99, 121, 126, 124, 127, 125, 121, 105, 81, 53, 38, 36, 21, 8, 9, 2, 3, 6, 24, 112, 111, 114, 120, 127, 127, 123, 119, 127, 95]","[0, 8, 11, 12, 5, 17, 15, 18, 23, 31, 36, 46, 49, 63, 70, 73, 87, 107, 116, 123, 127, 127, 114, 114, 106, 108, 79, 82, 55, 45, 49, 41, 4, 1, 5, 0, 11, 34, 35, 63, 69, 69, 91, 96, 104, 99, 121, 126, 124, 127, 125, 121, 105, 81, 53, 38, 36, 21, 8, 9, 2, 3, 6, 24, 112, 111, 114, 120, 127, 127, 123, 119, 127, 95]"
Linear,20,exact_guidance_u,248,0,75,74,"[129, 0, 8, 11, 12, 5, 17, 15, 18, 23, 31, 36, 46, 49, 63, 70, 73, 87, 107, 116, 123, 127, 127, 114, 114, 106, 108, 79, 82, 55, 45, 49, 41, 4, 1, 5, 0, 11, 34, 35, 63, 69, 69, 91, 96, 104, 99, 121, 126, 124, 127, 125, 121, 105, 81, 53, 38, 36, 21, 8, 9, 2, 3, 6, 24, 112, 111, 114, 120, 127, 127, 123, 119, 127, 95]","[0, 8, 11, 12, 5, 17, 15, 18, 23, 31, 36, 46, 49, 63, 70, 73, 87, 107, 116, 123, 127, 127, 114, 114, 106, 108, 79, 82, 55, 45, 49, 41, 4, 1, 5, 0, 11, 34, 35, 63, 69, 69, 91, 96, 104, 99, 121, 126, 124, 127, 125, 121, 105, 81, 53, 38, 36, 21, 8, 9, 2, 3, 6, 24, 112, 111, 114, 120, 127, 127, 123, 119, 127, 95]"
Linear,20,exact_guidance_u,249,0,75,74,"[129, 0, 8, 11, 12, 5, 17, 15, 18, 23, 31, 36, 46, 49, 63, 70, 73, 87, 107, 116, 123, 127, 127, 114, 114, 106, 108, 79, 82, 55, 45, 49, 41, 4, 1, 5, 0, 11, 34, 35, 63, 69, 69, 91, 96, 104, 99, 121, 126, 124, 127, 125, 121, 105, 81, 53, 38, 36, 21, 8, 9, 2, 3, 6, 24, 112, 111, 114, 120, 127, 127, 123, 119, 127, 95]","[0, 8, 11, 12, 5, 17, 15, 18, 23, 31, 36, 46, 49, 63, 70, 73, 87, 107, 116, 123, 127, 127, 114, 114, 106, 108, 79, 82, 55, 45, 49, 41, 4, 1, 5, 0, 11, 34, 35, 63, 69, 69, 91, 96, 104, 99, 121, 126, 124, 127, 125, 121, 105, 81, 53, 38, 36, 21, 8, 9, 2, 3, 6, 24, 112, 111, 114, 120, 127, 127, 123, 119, 127, 95]"
Linear,20,exact_guidance_u,250,0,75,74,"[129, 0, 8, 11, 12, 5, 17, 15, 18, 23, 31, 36, 46, 49, 63, 70, 73, 87, 107, 116, 123, 127, 127, 114, 114, 106, 108, 79, 82, 55, 45, 49, 41, 4, 1, 5, 0, 11, 34, 35, 63, 69, 69, 91, 96, 104, 99, 121, 126, 124, 127, 125, 121, 105, 81, 53, 38, 36, 21, 8, 9, 2, 3, 6, 24, 112, 111, 114, 120, 127, 127, 123, 119, 127, 95]","[0, 8, 11, 12, 5, 17, 15, 18, 23, 31, 36, 46, 49, 63, 70, 73, 87, 107, 116, 123, 127, 127, 114, 114, 106, 108, 79, 82, 55, 45, 49, 41, 4, 1, 5, 0, 11, 34, 35, 63, 69, 69, 91, 96, 104, 99, 121, 126, 124, 127, 125, 121, 105, 81, 53, 38, 36, 21, 8, 9, 2, 3, 6, 24, 112, 111, 114, 120, 127, 127, 123, 119, 127, 95]"
Linear,20,exact_guidance_u,251,0,75,74,"[129, 0, 8, 11, 12, 5, 17, 15, 18, 23, 31, 36, 46, 49, 63, 70, 73, 87, 107, 116, 123, 127, 127, 114, 114, 106, 108, 79, 82, 55, 45, 49, 41, 4, 1, 5, 0, 11, 34, 35, 63, 69, 69, 91, 96, 104, 99, 121, 126, 124, 127, 125, 121, 105, 81, 53, 38, 36, 21, 8, 9, 2, 3, 6, 24, 112, 111, 114, 120, 127, 127, 123, 119, 127, 95]","[0, 8, 11, 12, 5, 17, 15, 18, 23, 31, 36, 46, 49, 63, 70, 73, 87, 107, 116, 123, 127, 127, 114, 114, 106, 108, 79, 82, 55, 45, 49, 41, 4, 1, 5, 0, 11, 34, 35, 63, 69, 69, 91, 96, 104, 99, 121, 126, 124, 127, 125, 121, 105, 81, 53, 38, 36, 21, 8, 9, 2, 3, 6, 24, 112, 111, 114, 120, 127, 127, 123, 119, 127, 95]"
Linear,20,exact_guidance_u,252,0,75,74,"[129, 0, 8, 11, 12, 5, 17, 15, 18, 23, 31, 36, 46, 49, 63, 70, 73, 87, 107, 116, 123, 127, 127, 114, 114, 106, 108, 79, 82, 55, 45, 49, 41, 4, 1, 5, 0, 11, 34, 35, 63, 69, 69, 91, 96, 104, 99, 121, 126, 124, 127, 125, 121, 105, 81, 53, 38, 36, 21, 8, 9, 2, 3, 6, 24, 112, 111, 114, 120, 127, 127, 123, 119, 127, 95]","[0, 8, 11, 12, 5, 17, 15, 18, 23, 31, 36, 46, 49, 63, 70, 73, 87, 107, 116, 123, 127, 127, 114, 114, 106, 108, 79, 82, 55, 45, 49, 41, 4, 1, 5, 0, 11, 34, 35, 63, 69, 69, 91, 96, 104, 99, 121, 126, 124, 127, 125, 121, 105, 81, 53, 38, 36, 21, 8, 9, 2, 3, 6, 24, 112, 111, 114, 120, 127, 127, 123, 119, 127, 95]"
Linear,20,exact_guidance_u,253,0,75,74,"[129, 0, 8, 11, 12, 5, 17, 15, 18, 23, 31, 36, 46, 49, 63, 70, 73, 87, 107, 116, 123, 127, 127, 114, 114, 106, 108, 79, 82, 55, 45, 49, 41, 4, 1, 5, 0, 11, 34, 35, 63, 69, 69, 91, 96, 104, 99, 121, 126, 124, 127, 125, 121, 105, 81, 53, 38, 36, 21, 8, 9, 2, 3, 6, 24, 112, 111, 114, 120, 127, 127, 123, 119, 127, 95]","[0, 8, 11, 12, 5, 17, 15, 18, 23, 31, 36, 46, 49, 63, 70, 73, 87, 107, 116, 123, 127, 127, 114, 114, 106, 108, 79, 82, 55, 45, 49, 41, 4, 1, 5, 0, 11, 34, 35, 63, 69, 69, 91, 96, 104, 99, 121, 126, 124, 127, 125, 121, 105, 81, 53, 38, 36, 21, 8, 9, 2, 3, 6, 24, 112, 111, 114, 120, 127, 127, 123, 119, 127, 95]"
Linear,20,exact_guidance_u,254,0,75,74,"[129, 0, 8, 11, 12, 5, 17, 15, 18, 23, 31, 36, 46, 49, 63, 70, 73, 87, 107, 116, 123, 127, 127, 114, 114, 106, 108, 79, 82, 55, 45, 49, 41, 4, 1, 5, 0, 11, 34, 35, 63, 69, 69, 91, 96, 104, 99, 121, 126, 124, 127, 125, 121, 105, 81, 53, 38, 36, 21, 8, 9, 2, 3, 6, 24, 112, 111, 114, 120, 127, 127, 123, 119, 127, 95]","[0, 8, 11, 12, 5, 17, 15, 18, 23, 31, 36, 46, 49, 63, 70, 73, 87, 107, 116, 123, 127, 127, 114, 114, 106, 108, 79, 82, 55, 45, 49, 41, 4, 1, 5, 0, 11, 34, 35, 63, 69, 69, 91, 96, 104, 99, 121, 126, 124, 127, 125, 121, 105, 81, 53, 38, 36, 21, 8, 9, 2, 3, 6, 24, 112, 111, 114, 120, 127, 127, 123, 119, 127, 95]"
Linear,20,exact_guidance_u,255,0,75,74,"[129, 0, 8, 11, 12, 5, 17, 15, 18, 23, 31, 36, 46, 49, 63, 70, 73, 87, 107, 116, 123, 127, 127, 114, 114, 106, 108, 79, 82, 55, 45, 49, 41, 4, 1, 5, 0, 11, 34, 35, 63, 69, 69, 91, 96, 104, 99, 121, 126, 124, 127, 125, 121, 105, 81, 53, 38, 36, 21, 8, 9, 2, 3, 6, 24, 112, 111, 114, 120, 127, 127, 123, 119, 127, 95]","[0, 8, 11, 12, 5, 17, 15, 18, 23, 31, 36, 46, 49, 63, 70, 73, 87, 107, 116, 123, 127, 127, 114, 114, 106, 108, 79, 82, 55, 45, 49, 41, 4, 1, 5, 0, 11, 34, 35, 63, 69, 69, 91, 96, 104, 99, 121, 126, 124, 127, 125, 121, 105, 81, 53, 38, 36, 21, 8, 9, 2, 3, 6, 24, 112, 111, 114, 120, 127, 127, 123, 119, 127, 95]"
Linear,20,exact_guidance_u,256,0,76,75,"[129, 0, 8, 11, 12, 5, 17, 15, 18, 23, 31, 36, 46, 49, 63, 70, 73, 87, 107, 116, 123, 127, 127, 127, 114, 114, 106, 108, 79, 82, 55, 45, 49, 41, 4, 1, 5, 0, 11, 34, 35, 63, 69, 69, 91, 96, 104, 99, 121, 126, 124, 127, 125, 121, 105, 81, 53, 38, 36, 21, 8, 9, 2, 3, 6, 24, 112, 111, 114, 120, 127, 127, 123, 119, 127, 95]","[0, 8, 11, 12, 5, 17, 15, 18, 23, 31, 36, 46, 49, 63, 70, 73, 87, 107, 116, 123, 127, 127, 127, 114, 114, 106, 108, 79, 82, 55, 45, 49, 41, 4, 1, 5, 0, 11, 34, 35, 63, 69, 69, 91, 96, 104, 99, 121, 126, 124, 127, 125, 121, 105, 81, 53, 38, 36, 21, 8, 9, 2, 3, 6, 24, 112, 111, 114, 120, 127, 127, 123, 119, 127, 95]"
Linear,20,exact_guidance_u,257,0,76,75,"[129, 0, 8, 11, 12, 5, 17, 15, 18, 23, 31, 36, 46, 49, 63, 70, 73, 87, 107, 116, 123, 127, 127, 127, 114, 114, 106, 108, 79, 82, 55, 45, 49, 41, 4, 1, 5, 0, 11, 34, 35, 63, 69, 69, 91, 96, 104, 99, 121, 126, 124, 127, 125, 121, 105, 81, 53, 38, 36, 21, 8, 9, 2, 3, 6, 24, 112, 111, 114, 120, 127, 127, 123, 119, 127, 95]","[0, 8, 11, 12, 5, 17, 15, 18, 23, 31, 36, 46, 49, 63, 70, 73, 87, 107, 116, 123, 127, 127, 127, 114, 114, 106, 108, 79, 82, 55, 45, 49, 41, 4, 1, 5, 0, 11, 34, 35, 63, 69, 69, 91, 96, 104, 99, 121, 126, 124, 127, 125, 121, 105, 81, 53, 38, 36, 21, 8, 9, 2, 3, 6, 24, 112, 111, 114, 120, 127, 127, 123, 119, 127, 95]"
Linear,20,exact_guidance_u,258,0,76,75,"[129, 0, 8, 11, 12, 5, 17, 15, 18, 23, 31, 36, 46, 49, 63, 70, 73, 87, 107, 116, 123, 127, 127, 127, 114, 114, 106, 108, 79, 82, 55, 45, 49, 41, 4, 1, 5, 0, 11, 34, 35, 63, 69, 69, 91, 96, 104, 99, 121, 126, 124, 127, 125, 121, 105, 81, 53, 38, 36, 21, 8, 9, 2, 3, 6, 24, 112, 111, 114, 120, 127, 127, 123, 119, 127, 95]","[0, 8, 11, 12, 5, 17, 15, 18, 23, 31, 36, 46, 49, 63, 70, 73, 87, 107, 116, 123, 127, 127, 127, 114, 114, 106, 108, 79, 82, 55, 45, 49, 41, 4, 1, 5, 0, 11, 34, 35, 63, 69, 69, 91, 96, 104, 99, 121, 126, 124, 127, 125, 121, 105, 81, 53, 38, 36, 21, 8, 9, 2, 3, 6, 24, 112, 111, 114, 120, 127, 127, 123, 119, 127, 95]"
Linear,20,exact_guidance_u,259,0,76,75,"[129, 0, 8, 11, 12, 5, 17, 15, 18, 23, 31, 36, 46, 49, 63, 70, 73, 87, 107, 116, 123, 127, 127, 127, 114, 114, 106, 108, 79, 82, 55, 45, 49, 41, 4, 1, 5, 0, 11, 34, 35, 63, 69, 69, 91, 96, 104, 99, 121, 126, 124, 127, 125, 121, 105, 81, 53, 38, 36, 21, 8, 9, 2, 3, 6, 24, 112, 111, 114, 120, 127, 127, 123, 119, 127, 95]","[0, 8, 11, 12, 5, 17, 15, 18, 23, 31, 36, 46, 49, 63, 70, 73, 87, 107, 116, 123, 127, 127, 127, 114, 114, 106, 108, 79, 82, 55, 45, 49, 41, 4, 1, 5, 0, 11, 34, 35, 63, 69, 69, 91, 96, 104, 99, 121, 126, 124, 127, 125, 121, 105, 81, 53, 38, 36, 21, 8, 9, 2, 3, 6, 24, 112, 111, 114, 120, 127, 127, 123, 119, 127, 95]"
Linear,20,exact_guidance_u,260,0,77,76,"[129, 0, 8, 11, 12, 5, 17, 15, 18, 23, 31, 36, 46, 49, 63, 70, 73, 87, 107, 116, 123, 127, 127, 127, 127, 114, 114, 106, 108, 79, 82, 55, 45, 49, 41, 4, 1, 5, 0, 11, 34, 35, 63, 69, 69, 91, 96, 104, 99, 121, 126, 124, 127, 125, 121, 105, 81, 53, 38, 36, 21, 8, 9, 2, 3, 6, 24, 112, 111, 114, 120, 127, 127, 123, 119, 127, 95]","[0, 8, 11, 12, 5, 17, 15, 18, 23, 31, 36, 46, 49, 63, 70, 73, 87, 107, 116, 123, 127, 127, 127, 127, 114, 114, 106, 108, 79, 82, 55, 45, 49, 41, 4, 1, 5, 0, 11, 34, 35, 63, 69, 69, 91, 96, 104, 99, 121, 126, 124, 127, 125, 121, 105, 81, 53, 38, 36, 21, 8, 9, 2, 3, 6, 24, 112, 111, 114, 120, 127, 127, 123, 119, 127, 95]"
Linear,20,exact_guidance_u,261,0,77,76,"[129, 0, 8, 11, 12, 5, 17, 15, 18, 23, 31, 36, 46, 49, 63, 70, 73, 87, 107, 116, 123, 127, 127, 127, 127, 114, 114, 106, 108, 79, 82, 55, 45, 49, 41, 4, 1, 5, 0, 11, 34, 35, 63, 69, 69, 91, 96, 104, 99, 121, 126, 124, 127, 125, 121, 105, 81, 53, 38, 36, 21, 8, 9, 2, 3, 6, 24, 112, 111, 114, 120, 127, 127, 123, 119, 127, 95]","[0, 8, 11, 12, 5, 17, 15, 18, 23, 31, 36, 46, 49, 63, 70, 73, 87, 107, 116, 123, 127, 127, 127, 127, 114, 114, 106, 108, 79, 82, 55, 45, 49, 41, 4, 1, 5, 0, 11, 34, 35, 63, 69, 69, 91, 96, 104, 99, 121, 126, 124, 127, 125, 121, 105, 81, 53, 38, 36, 21, 8, 9, 2, 3, 6, 24, 112, 111, 114, 120, 127, 127, 123, 119, 127, 95]"
Linear,20,exact_guidance_u,262,0,77,76,"[129, 0, 8, 11, 12, 5, 17, 15, 18, 23, 31, 36, 46, 49, 63, 70, 73, 87, 107, 116, 123, 127, 127, 127, 127, 114, 114, 106, 108, 79, 82, 55, 45, 49, 41, 4, 1, 5, 0, 11, 34, 35, 63, 69, 69, 91, 96, 104, 99, 121, 126, 124, 127, 125, 121, 105, 81, 53, 38, 36, 21, 8, 9, 2, 3, 6, 24, 112, 111, 114, 120, 127, 127, 123, 119, 127, 95]","[0, 8, 11, 12, 5, 17, 15, 18, 23, 31, 36, 46, 49, 63, 70, 73, 87, 107, 116, 123, 127, 127, 127, 127, 114, 114, 106, 108, 79, 82, 55, 45, 49, 41, 4, 1, 5, 0, 11, 34, 35, 63, 69, 69, 91, 96, 104, 99, 121, 126, 124, 127, 125, 121, 105, 81, 53, 38, 36, 21, 8, 9, 2, 3, 6, 24, 112, 111, 114, 120, 127, 127, 123, 119, 127, 95]"
Linear,20,exact_guidance_u,263,0,79,78,"[129, 0, 8, 11, 12, 5, 17, 15, 18, 23, 31, 36, 46, 49, 63, 70, 73, 87, 107, 116, 123, 127, 127, 127, 127, 114, 114, 106, 108, 79, 82, 55, 45, 49, 41, 4, 10, 1, 5, 0, 11, 34, 35, 63, 69, 69, 91, 96, 104, 99, 121, 126, 124, 127, 125, 121, 105, 81, 53, 38, 36, 21, 8, 9, 2, 3, 6, 24, 31, 112, 111, 114, 120, 127, 127, 123, 119, 127, 95]","[0, 8, 11, 12, 5, 17, 15, 18, 23, 31, 36, 46, 49, 63, 70, 73, 87, 107, 116, 123, 127, 127, 127, 127, 114, 114, 106, 108, 79, 82, 55, 45, 49, 41, 4, 10, 1, 5, 0, 11, 34, 35, 63, 69, 69, 91, 96, 104, 99, 121, 126, 124, 127, 125, 121, 105, 81, 53, 38, 36, 21, 8, 9, 2, 3, 6, 24, 31, 112, 111, 114, 120, 127, 127, 123, 119, 127, 95]"
Linear,20,exact_guidance_u,264,0,80,79,"[129, 0, 8, 11, 12, 5, 17, 15, 18, 23, 31, 36, 46, 49, 63, 70, 73, 87, 107, 116, 123, 127, 127, 127, 127, 114, 114, 106, 108, 79, 82, 55, 45, 49, 41, 4, 10, 1, 5, 0, 11, 34, 35, 63, 69, 69, 91, 96, 104, 99, 121, 126, 124, 127, 125, 121, 111, 105, 81, 53, 38, 36, 21, 8, 9, 2, 3, 6, 24, 31, 112, 111, 114, 120, 127, 127, 123, 119, 127, 95]","[0, 8, 11, 12, 5, 17, 15, 18, 23, 31, 36, 46, 49, 63, 70, 73, 87, 107, 116, 123, 127, 127, 127, 127, 114, 114, 106, 108, 79, 82, 55, 45, 49, 41, 4, 10, 1, 5, 0, 11, 34, 35, 63, 69, 69, 91, 96, 104, 99, 121, 126, 124, 127, 125, 121, 111, 105, 81, 53, 38, 36, 21, 8, 9, 2, 3, 6, 24, 31, 112, 111, 114, 120, 127, 127, 123, 119, 127, 95]"
Linear,20,exact_guidance_u,265,0,81,80,"[129, 0, 8, 11, 12, 5, 17, 15, 18, 23, 31, 36, 46, 49, 63, 70, 73, 87, 107, 116, 123, 127, 127, 127, 127, 114, 114, 106, 108, 79, 82, 55, 45, 49, 41, 4, 10, 1, 5, 0, 11, 34, 35, 63, 69, 69, 91, 96, 104, 99, 121, 126, 124, 127, 125, 121, 111, 105, 81, 53, 38, 36, 21, 8, 9, 2, 3, 6, 7, 24, 31, 112, 111, 114, 120, 127, 127, 123, 119, 127, 95]","[0, 8, 11, 12, 5, 17, 15, 18, 23, 31, 36, 46, 49, 63, 70, 73, 87, 107, 116, 123, 127, 127, 127, 127, 114, 114, 106, 108, 79, 82, 55, 45, 49, 41, 4, 10, 1, 5, 0, 11, 34, 35, 63, 69, 69, 91, 96, 104, 99, 121, 126, 124, 127, 125, 121, 111, 105, 81, 53, 38, 36, 21, 8, 9, 2, 3, 6, 7, 24, 31, 112, 111, 114, 120, 127, 127, 123, 119, 127, 95]"
Linear,20,exact_guidance_u,266,0,82,81,"[129, 0, 8, 11, 12, 5, 17, 15, 18, 23, 31, 36, 46, 49, 63, 70, 73, 87, 107, 116, 123, 127, 127, 127, 127, 114, 114, 106, 108, 79, 82, 55, 45, 49, 41, 28, 4, 10, 1, 5, 0, 11, 34, 35, 63, 69, 69, 91, 96, 104, 99, 121, 126, 124, 127, 125, 121, 111, 105, 81, 53, 38, 36, 21, 8, 9, 2, 3, 6, 7, 24, 31, 112, 111, 114, 120, 127, 127, 123, 119, 127, 95]","[0, 8, 11, 12, 5, 17, 15, 18, 23, 31, 36, 46, 49, 63, 70, 73, 87, 107, 116, 123, 127, 127, 127, 127, 114, 114, 106, 108, 79, 82, 55, 45, 49, 41, 28, 4, 10, 1, 5, 0, 11, 34, 35, 63, 69, 69, 91, 96, 104, 99, 121, 126, 124, 127, 125, 121, 111, 105, 81, 53, 38, 36, 21, 8, 9, 2, 3, 6, 7, 24, 31, 112, 111, 114, 120, 127, 127, 123, 119, 127, 95]"
Linear,20,exact_guidance_u,267,0,82,81,"[129, 0, 8, 11, 12, 5, 17, 15, 18, 23, 31, 36, 46, 49, 63, 70, 73, 87, 107, 116, 123, 127, 127, 127, 127, 114, 114, 106, 108, 79, 82, 55, 45, 49, 41, 28, 4, 10, 1, 5, 0, 11, 34, 35, 63, 69, 69, 91, 96, 104, 99, 121, 126, 124, 127, 125, 121, 111, 105, 81, 53, 38, 36, 21, 8, 9, 2, 3, 6, 7, 24, 31, 112, 111, 114, 120, 127, 127, 123, 119, 127, 95]","[0, 8, 11, 12, 5, 17, 15, 18, 23, 31, 36, 46, 49, 63, 70, 73, 87, 107, 116, 123, 127, 127, 127, 127, 114, 114, 106, 108, 79, 82, 55, 45, 49, 41, 28, 4, 10, 1, 5, 0, 11, 34, 35, 63, 69, 69, 91, 96, 104, 99, 121, 126, 124, 127, 125, 121, 111, 105, 81, 53, 38, 36, 21, 8, 9, 2, 3, 6, 7, 24, 31, 112, 111, 114, 120, 127, 127, 123, 119, 127, 95]"
Linear,20,exact_guidance_u,268,0,82,81,"[129, 0, 8, 11, 12, 5, 17, 15, 18, 23, 31, 36, 46, 49, 63, 70, 73, 87, 107, 116, 123, 127, 127, 127, 127, 114, 114, 106, 108, 79, 82, 55, 45, 49, 41, 28, 4, 10, 1, 5, 0, 11, 34, 35, 63, 69, 69, 91, 96, 104, 99, 121, 126, 124, 127, 125, 121, 111, 105, 81, 53, 38, 36, 21, 8, 9, 2, 3, 6, 7, 24, 31, 112, 111, 114, 120, 127, 127, 123, 119, 127, 95]","[0, 8, 11, 12, 5, 17, 15, 18, 23, 31, 36, 46, 49, 63, 70, 73, 87, 107, 116, 123, 127, 127, 127, 127, 114, 114, 106, 108, 79, 82, 55, 45, 49, 41, 28, 4, 10, 1, 5, 0, 11, 34, 35, 63, 69, 69, 91, 96, 104, 99, 121, 126, 124, 127, 125, 121, 111, 105, 81, 53, 38, 36, 21, 8, 9, 2, 3, 6, 7, 24, 31, 112, 111, 114, 120, 127, 127, 123, 119, 127, 95]"
Linear,20,exact_guidance_u,269,0,83,82,"[129, 0, 8, 11, 12, 5, 17, 15, 18, 23, 31, 36, 46, 49, 63, 70, 73, 87, 107, 116, 123, 127, 127, 127, 127, 114, 114, 106, 108, 79, 82, 55, 45, 49, 41, 28, 4, 10, 1, 5, 0, 11, 34, 35, 63, 69, 69, 91, 96, 104, 99, 121, 126, 124, 127, 125, 121, 111, 105, 81, 53, 38, 36, 21, 8, 9, 2, 3, 6, 7, 16, 24, 31, 112, 111, 114, 120, 127, 127, 123, 119, 127, 95]","[0, 8, 11, 12, 5, 17, 15, 18, 23, 31, 36, 46, 49, 63, 70, 73, 87, 107, 116, 123, 127, 127, 127, 127, 114, 114, 106, 108, 79, 82, 55, 45, 49, 41, 28, 4, 10, 1, 5, 0, 11, 34, 35, 63, 69, 69, 91, 96, 104, 99, 121, 126, 124, 127, 125, 121, 111, 105, 81, 53, 38, 36, 21, 8, 9, 2, 3, 6, 7, 16, 24, 31, 112, 111, 114, 120, 127, 127, 123, 119, 127, 95]"
Linear,20,exact_guidance_u,270,0,83,82,"[129, 0, 8, 11, 12, 5, 17, 15, 18, 23, 31, 36, 46, 49, 63, 70, 73, 87, 107, 116, 123, 127, 127, 127, 127, 114, 114, 106, 108, 79, 82, 55, 45, 49, 41, 28, 4, 10, 1, 5, 0, 11, 34, 35, 63, 69, 69, 91, 96, 104, 99, 121, 126, 124, 127, 125, 121, 111, 105, 81, 53, 38, 36, 21, 8, 9, 2, 3, 6, 7, 16, 24, 31, 112, 111, 114, 120, 127, 127, 123, 119, 127, 95]","[0, 8, 11, 12, 5, 17, 15, 18, 23, 31, 36, 46, 49, 63, 70, 73, 87, 107, 116, 123, 127, 127, 127, 127, 114, 114, 106, 108, 79, 82, 55, 45, 49, 41, 28, 4, 10, 1, 5, 0, 11, 34, 35, 63, 69, 69, 91, 96, 104, 99, 121, 126, 124, 127, 125, 121, 111, 105, 81, 53, 38, 36, 21, 8, 9, 2, 3, 6, 7, 16, 24, 31, 112, 111, 114, 120, 127, 127, 123, 119, 127, 95]"
Linear,20,exact_guidance_u,271,0,84,83,"[129, 0, 8, 11, 12, 5, 17, 15, 18, 23, 31, 36, 46, 49, 63, 70, 73, 87, 107, 116, 123, 127, 127, 127, 127, 114, 114, 106, 108, 79, 82, 55, 45, 49, 41, 28, 4, 10, 1, 5, 0, 11, 34, 35, 63, 69, 69, 91, 96, 104, 99, 121, 126, 124, 127, 125, 121, 111, 105, 81, 53, 38, 36, 21, 8, 9, 2, 3, 6, 7, 16, 24, 31, 95, 112, 111, 114, 120, 127, 127, 123, 119, 127, 95]","[0, 8, 11, 12, 5, 17, 15, 18, 23, 31, 36, 46, 49, 63, 70, 73, 87, 107, 116, 123, 127, 127, 127, 127, 114, 114, 106, 108, 79, 82, 55, 45, 49, 41, 28, 4, 10, 1, 5, 0, 11, 34, 35, 63, 69, 69, 91, 96, 104, 99, 121, 126, 124, 127, 125, 121, 111, 105, 81, 53, 38, 36, 21, 8, 9, 2, 3, 6, 7, 16, 24, 31, 95, 112, 111, 114, 120, 127, 127, 123, 119, 127, 95]"
Linear,20,exact_guidance_u,272,0,84,83,"[129, 0, 8, 11, 12, 5, 17, 15, 18, 23, 31, 36, 46, 49, 63, 70, 73, 87, 107, 116, 123, 127, 127, 127, 127, 114, 114, 106, 108, 79, 82, 55, 45, 49, 41, 28, 4, 10, 1, 5, 0, 11, 34, 35, 63, 69, 69, 91, 96, 104, 99, 121, 126, 124, 127, 125, 121, 111, 105, 81, 53, 38, 36, 21, 8, 9, 2, 3, 6, 7, 16, 24, 31, 95, 112, 111, 114, 120, 127, 127, 123, 119, 127, 95]","[0, 8, 11, 12, 5, 17, 15, 18, 23, 31, 36, 46, 49, 63, 70, 73, 87, 107, 116, 123, 127, 127, 127, 127, 114, 114, 106, 108, 79, 82, 55, 45, 49, 41, 28, 4, 10, 1, 5, 0, 11, 34, 35, 63, 69, 69, 91, 96, 104, 99, 121, 126, 124, 127, 125, 121, 111, 105, 81, 53, 38, 36, 21, 8, 9, 2, 3, 6, 7, 16, 24, 31, 95, 112, 111, 114, 120, 127, 127, 123, 119, 127, 95]"
Linear,20,exact_guidance_u,273,0,84,83,"[129, 0, 8, 11, 12, 5, 17, 15, 18, 23, 31, 36, 46, 49, 63, 70, 73, 87, 107, 116, 123, 127, 127, 127, 127, 114, 114, 106, 108, 79, 82, 55, 45, 49, 41, 28, 4, 10, 1, 5, 0, 11, 34, 35, 63, 69, 69, 91, 96, 104, 99, 121, 126, 124, 127, 125, 121, 111, 105, 81, 53, 38, 36, 21, 8, 9, 2, 3, 6, 7, 16, 24, 31, 95, 112, 111, 114, 120, 127, 127, 123, 119, 127, 95]","[0, 8, 11, 12, 5, 17, 15, 18, 23, 31, 36, 46, 49, 63, 70, 73, 87, 107, 116, 123, 127, 127, 127, 127, 114, 114, 106, 108, 79, 82, 55, 45, 49, 41, 28, 4, 10, 1, 5, 0, 11, 34, 35, 63, 69, 69, 91, 96, 104, 99, 121, 126, 124, 127, 125, 121, 111, 105, 81, 53, 38, 36, 21, 8, 9, 2, 3, 6, 7, 16, 24, 31, 95, 112, 111, 114, 120, 127, 127, 123, 119, 127, 95]"
Linear,20,exact_guidance_u,274,0,85,84,"[129, 0, 8, 11, 12, 5, 17, 15, 18, 23, 31, 36, 46, 49, 63, 70, 73, 87, 107, 116, 123, 127, 127, 127, 127, 114, 114, 106, 108, 79, 82, 55, 45, 49, 41, 28, 4, 10, 2, 1, 5, 0, 11, 34, 35, 63, 69, 69, 91, 96, 104, 99, 121, 126, 124, 127, 125, 121, 111, 105, 81, 53, 38, 36, 21, 8, 9, 2, 3, 6, 7, 16, 24, 31, 95, 112, 111, 114, 120, 127, 127, 123, 119, 127, 95]","[0, 8, 11, 12, 5, 17, 15, 18, 23, 31, 36, 46, 49, 63, 70, 73, 87, 107, 116, 123, 127, 127, 127, 127, 114, 114, 106, 108, 79, 82, 55, 45, 49, 41, 28, 4, 10, 2, 1, 5, 0, 11, 34, 35, 63, 69, 69, 91, 96, 104, 99, 121, 126, 124, 127, 125, 121, 111, 105, 81, 53, 38, 36, 21, 8, 9, 2, 3, 6, 7, 16, 24, 31, 95, 112, 111, 114, 120, 127, 127, 123, 119, 127, 95]"
Linear,20,exact_guidance_u,275,0,85,84,"[129, 0, 8, 11, 12, 5, 17, 15, 18, 23, 31, 36, 46, 49, 63, 70, 73, 87, 107, 116, 123, 127, 127, 127, 127, 114, 114, 106, 108, 79, 82, 55, 45, 49, 41, 28, 4, 10, 2, 1, 5, 0, 11, 34, 35, 63, 69, 69, 91, 96, 104, 99, 121, 126, 124, 127, 125, 121, 111, 105, 81, 53, 38, 36, 21, 8, 9, 2, 3, 6, 7, 16, 24, 31, 95, 112, 111, 114, 120, 127, 127, 123, 119, 127, 95]","[0, 8, 11, 12, 5, 17, 15, 18, 23, 31, 36, 46, 49, 63, 70, 73, 87, 107, 116, 123, 127, 127, 127, 127, 114, 114, 106, 108, 79, 82, 55, 45, 49, 41, 28, 4, 10, 2, 1, 5, 0, 11, 34, 35, 63, 69, 69, 91, 96, 104, 99, 121, 126, 124, 127, 125, 121, 111, 105, 81, 53, 38, 36, 21, 8, 9, 2, 3, 6, 7, 16, 24, 31, 95, 112, 111, 114, 120, 127, 127, 123, 119, 127, 95]"
Linear,20,exact_guidance_u,276,0,85,84,"[129, 0, 8, 11, 12, 5, 17, 15, 18, 23, 31, 36, 46, 49, 63, 70, 73, 87, 107, 116, 123, 127, 127, 127, 127, 114, 114, 106, 108, 79, 82, 55, 45, 49, 41, 28, 4, 10, 2, 1, 5, 0, 11, 34, 35, 63, 69, 69, 91, 96, 104, 99, 121, 126, 124, 127, 125, 121, 111, 105, 81, 53, 38, 36, 21, 8, 9, 2, 3, 6, 7, 16, 24, 31, 95, 112, 111, 114, 120, 127, 127, 123, 119, 127, 95]","[0, 8, 11, 12, 5, 17, 15, 18, 23, 31, 36, 46, 49, 63, 70, 73, 87, 107, 116, 123, 127, 127, 127, 127, 114, 114, 106, 108, 79, 82, 55, 45, 49, 41, 28, 4, 10, 2, 1, 5, 0, 11, 34, 35, 63, 69, 69, 91, 96, 104, 99, 121, 126, 124, 127, 125, 121, 111, 105, 81, 53, 38, 36, 21, 8, 9, 2, 3, 6, 7, 16, 24, 31, 95, 112, 111, 114, 120, 127, 127, 123, 119, 127, 95]"
Linear,20,exact_guidance_u,277,0,85,84,"[129, 0, 8, 11, 12, 5, 17, 15, 18, 23, 31, 36, 46, 49, 63, 70, 73, 87, 107, 116, 123, 127, 127, 127, 127, 114, 114, 106, 108, 79, 82, 55, 45, 49, 41, 28, 4, 10, 2, 1, 5, 0, 11, 34, 35, 63, 69, 69, 91, 96, 104, 99, 121, 126, 124, 127, 125, 121, 111, 105, 81, 53, 38, 36, 21, 8, 9, 2, 3, 6, 7, 16, 24, 31, 95, 112, 111, 114, 120, 127, 127, 123, 119, 127, 95]","[0, 8, 11, 12, 5, 17, 15, 18, 23, 31, 36, 46, 49, 63, 70, 73, 87, 107, 116, 123, 127, 127, 127, 127, 114, 114, 106, 108, 79, 82, 55, 45, 49, 41, 28, 4, 10, 2, 1, 5, 0, 11, 34, 35, 63, 69, 69, 91, 96, 104, 99, 121, 126, 124, 127, 125, 121, 111, 105, 81, 53, 38, 36, 21, 8, 9, 2, 3, 6, 7, 16, 24, 31, 95, 112, 111, 114, 120, 127, 127, 123, 119, 127, 95]"
Linear,20,exact_guidance_u,278,0,85,84,"[129, 0, 8, 11, 12, 5, 17, 15, 18, 23, 31, 36, 46, 49, 63, 70, 73, 87, 107, 116, 123, 127, 127, 127, 127, 114, 114, 106, 108, 79, 82, 55, 45, 49, 41, 28, 4, 10, 2, 1, 5, 0, 11, 34, 35, 63, 69, 69, 91, 96, 104, 99, 121, 126, 124, 127, 125, 121, 111, 105, 81, 53, 38, 36, 21, 8, 9, 2, 3, 6, 7, 16, 24, 31, 95, 112, 111, 114, 120, 127, 127, 123, 119, 127, 95]","[0, 8, 11, 12, 5, 17, 15, 18, 23, 31, 36, 46, 49, 63, 70, 73, 87, 107, 116, 123, 127, 127, 127, 127, 114, 114, 106, 108, 79, 82, 55, 45, 49, 41, 28, 4, 10, 2, 1, 5, 0, 11, 34, 35, 63, 69, 69, 91, 96, 104, 99, 121, 126, 124, 127, 125, 121, 111, 105, 81, 53, 38, 36, 21, 8, 9, 2, 3, 6, 7, 16, 24, 31, 95, 112, 111, 114, 120, 127, 127, 123, 119, 127, 95]"
Linear,20,exact_guidance_u,279,0,85,84,"[129, 0, 8, 11, 12, 5, 17, 15, 18, 23, 31, 36, 46, 49, 63, 70, 73, 87, 107, 116, 123, 127, 127, 127, 127, 114, 114, 106, 108, 79, 82, 55, 45, 49, 41, 28, 4, 10, 2, 1, 5, 0, 11, 34, 35, 63, 69, 69, 91, 96, 104, 99, 121, 126, 124, 127, 125, 121, 111, 105, 81, 53, 38, 36, 21, 8, 9, 2, 3, 6, 7, 16, 24, 31, 95, 112, 111, 114, 120, 127, 127, 123, 119, 127, 95]","[0, 8, 11, 12, 5, 17, 15, 18, 23, 31, 36, 46, 49, 63, 70, 73, 87, 107, 116, 123, 127, 127, 127, 127, 114, 114, 106, 108, 79, 82, 55, 45, 49, 41, 28, 4, 10, 2, 1, 5, 0, 11, 34, 35, 63, 69, 69, 91, 96, 104, 99, 121, 126, 124, 127, 125, 121, 111, 105, 81, 53, 38, 36, 21, 8, 9, 2, 3, 6, 7, 16, 24, 31, 95, 112, 111, 114, 120, 127, 127, 123, 119, 127, 95]"
Linear,20,exact_guidance_u,280,0,85,84,"[129, 0, 8, 11, 12, 5, 17, 15, 18, 23, 31, 36, 46, 49, 63, 70, 73, 87, 107, 116, 123, 127, 127, 127, 127, 114, 114, 106, 108, 79, 82, 55, 45, 49, 41, 28, 4, 10, 2, 1, 5, 0, 11, 34, 35, 63, 69, 69, 91, 96, 104, 99, 121, 126, 124, 127, 125, 121, 111, 105, 81, 53, 38, 36, 21, 8, 9, 2, 3, 6, 7, 16, 24, 31, 95, 112, 111, 114, 120, 127, 127, 123, 119, 127, 95]","[0, 8, 11, 12, 5, 17, 15, 18, 23, 31, 36, 46, 49, 63, 70, 73, 87, 107, 116, 123, 127, 127, 127, 127, 114, 114, 106, 108, 79, 82, 55, 45, 49, 41, 28, 4, 10, 2, 1, 5, 0, 11, 34, 35, 63, 69, 69, 91, 96, 104, 99, 121, 126, 124, 127, 125, 121, 111, 105, 81, 53, 38, 36, 21, 8, 9, 2, 3, 6, 7, 16, 24, 31, 95, 112, 111, 114, 120, 127, 127, 123, 119, 127, 95]"
Linear,20,exact_guidance_u,281,0,85,84,"[129, 0, 8, 11, 12, 5, 17, 15, 18, 23, 31, 36, 46, 49, 63, 70, 73, 87, 107, 116, 123, 127, 127, 127, 127, 114, 114, 106, 108, 79, 82, 55, 45, 49, 41, 28, 4, 10, 2, 1, 5, 0, 11, 34, 35, 63, 69, 69, 91, 96, 104, 99, 121, 126, 124, 127, 125, 121, 111, 105, 81, 53, 38, 36, 21, 8, 9, 2, 3, 6, 7, 16, 24, 31, 95, 112, 111, 114, 120, 127, 127, 123, 119, 127, 95]","[0, 8, 11, 12, 5, 17, 15, 18, 23, 31, 36, 46, 49, 63, 70, 73, 87, 107, 116, 123, 127, 127, 127, 127, 114, 114, 106, 108, 79, 82, 55, 45, 49, 41, 28, 4, 10, 2, 1, 5, 0, 11, 34, 35, 63, 69, 69, 91, 96, 104, 99, 121, 126, 124, 127, 125, 121, 111, 105, 81, 53, 38, 36, 21, 8, 9, 2, 3, 6, 7, 16, 24, 31, 95, 112, 111, 114, 120, 127, 127, 123, 119, 127, 95]"
Linear,20,exact_guidance_u,282,0,85,84,"[129, 0, 8, 11, 12, 5, 17, 15, 18, 23, 31, 36, 46, 49, 63, 70, 73, 87, 107, 116, 123, 127, 127, 127, 127, 114, 114, 106, 108, 79, 82, 55, 45, 49, 41, 28, 4, 10, 2, 1, 5, 0, 11, 34, 35, 63, 69, 69, 91, 96, 104, 99, 121, 126, 124, 127, 125, 121, 111, 105, 81, 53, 38, 36, 21, 8, 9, 2, 3, 6, 7, 16, 24, 31, 95, 112, 111, 114, 120, 127, 127, 123, 119, 127, 95]","[0, 8, 11, 12, 5, 17, 15, 18, 23, 31, 36, 46, 49, 63, 70, 73, 87, 107, 116, 123, 127, 127, 127, 127, 114, 114, 106, 108, 79, 82, 55, 45, 49, 41, 28, 4, 10, 2, 1, 5, 0, 11, 34, 35, 63, 69, 69, 91, 96, 104, 99, 121, 126, 124, 127, 125, 121, 111, 105, 81, 53, 38, 36, 21, 8, 9, 2, 3, 6, 7, 16, 24, 31, 95, 112, 111, 114, 120, 127, 127, 123, 119, 127, 95]"
Linear,20,exact_guidance_u,283,0,85,84,"[129, 0, 8, 11, 12, 5, 17, 15, 18, 23, 31, 36, 46, 49, 63, 70, 73, 87, 107, 116, 123, 127, 127, 127, 127, 114, 114, 106, 108, 79, 82, 55, 45, 49, 41, 28, 4, 10, 2, 1, 5, 0, 11, 34, 35, 63, 69, 69, 91, 96, 104, 99, 121, 126, 124, 127, 125, 121, 111, 105, 81, 53, 38, 36, 21, 8, 9, 2, 3, 6, 7, 16, 24, 31, 95, 112, 111, 114, 120, 127, 127, 123, 119, 127, 95]","[0, 8, 11, 12, 5, 17, 15, 18, 23, 31, 36, 46, 49, 63, 70, 73, 87, 107, 116, 123, 127, 127, 127, 127, 114, 114, 106, 108, 79, 82, 55, 45, 49, 41, 28, 4, 10, 2, 1, 5, 0, 11, 34, 35, 63, 69, 69, 91, 96, 104, 99, 121, 126, 124, 127, 125, 121, 111, 105, 81, 53, 38, 36, 21, 8, 9, 2, 3, 6, 7, 16, 24, 31, 95, 112, 111, 114, 120, 127, 127, 123, 119, 127, 95]"
Linear,20,exact_guidance_u,284,0,86,85,"[129, 0, 8, 11, 12, 5, 17, 15, 18, 23, 31, 36, 46, 49, 63, 70, 73, 87, 107, 116, 123, 127, 127, 127, 127, 114, 114, 106, 108, 79, 82, 55, 45, 49, 41, 28, 12, 4, 10, 2, 1, 5, 0, 11, 34, 35, 63, 69, 69, 91, 96, 104, 99, 121, 126, 124, 127, 125, 121, 111, 105, 81, 53, 38, 36, 21, 8, 9, 2, 3, 6, 7, 16, 24, 31, 95, 112, 111, 114, 120, 127, 127, 123, 119, 127, 95]","[0, 8, 11, 12, 5, 17, 15, 18, 23, 31, 36, 46, 49, 63, 70, 73, 87, 107, 116, 123, 127, 127, 127, 127, 114, 114, 106, 108, 79, 82, 55, 45, 49, 41, 28, 12, 4, 10, 2, 1, 5, 0, 11, 34, 35, 63, 69, 69, 91, 96, 104, 99, 121, 126, 124, 127, 125, 121, 111, 105, 81, 53, 38, 36, 21, 8, 9, 2, 3, 6, 7, 16, 24, 31, 95, 112, 111, 114, 120, 127, 127, 123, 119, 127, 95]"
Linear,20,exact_guidance_u,285,0,86,85,"[129, 0, 8, 11, 12, 5, 17, 15, 18, 23, 31, 36, 46, 49, 63, 70, 73, 87, 107, 116, 123, 127, 127, 127, 127, 114, 114, 106, 108, 79, 82, 55, 45, 49, 41, 28, 12, 4, 10, 2, 1, 5, 0, 11, 34, 35, 63, 69, 69, 91, 96, 104, 99, 121, 126, 124, 127, 125, 121, 111, 105, 81, 53, 38, 36, 21, 8, 9, 2, 3, 6, 7, 16, 24, 31, 95, 112, 111, 114, 120, 127, 127, 123, 119, 127, 95]","[0, 8, 11, 12, 5, 17, 15, 18, 23, 31, 36, 46, 49, 63, 70, 73, 87, 107, 116, 123, 127, 127, 127, 127, 114, 114, 106, 108, 79, 82, 55, 45, 49, 41, 28, 12, 4, 10, 2, 1, 5, 0, 11, 34, 35, 63, 69, 69, 91, 96, 104, 99, 121, 126, 124, 127, 125, 121, 111, 105, 81, 53, 38, 36, 21, 8, 9, 2, 3, 6, 7, 16, 24, 31, 95, 112, 111, 114, 120, 127, 127, 123, 119, 127, 95]"
Linear,20,exact_guidance_u,286,0,86,85,"[129, 0, 8, 11, 12, 5, 17, 15, 18, 23, 31, 36, 46, 49, 63, 70, 73, 87, 107, 116, 123, 127, 127, 127, 127, 114, 114, 106, 108, 79, 82, 55, 45, 49, 41, 28, 12, 4, 10, 2, 1, 5, 0, 11, 34, 35, 63, 69, 69, 91, 96, 104, 99, 121, 126, 124, 127, 125, 121, 111, 105, 81, 53, 38, 36, 21, 8, 9, 2, 3, 6, 7, 16, 24, 31, 95, 112, 111, 114, 120, 127, 127, 123, 119, 127, 95]","[0, 8, 11, 12, 5, 17, 15, 18, 23, 31, 36, 46, 49, 63, 70, 73, 87, 107, 116, 123, 127, 127, 127, 127, 114, 114, 106, 108, 79, 82, 55, 45, 49, 41, 28, 12, 4, 10, 2, 1, 5, 0, 11, 34, 35, 63, 69, 69, 91, 96, 104, 99, 121, 126, 124, 127, 125, 121, 111, 105, 81, 53, 38, 36, 21, 8, 9, 2, 3, 6, 7, 16, 24, 31, 95, 112, 111, 114, 120, 127, 127, 123, 119, 127, 95]"
Linear,20,exact_guidance_u,287,0,86,85,"[129, 0, 8, 11, 12, 5, 17, 15, 18, 23, 31, 36, 46, 49, 63, 70, 73, 87, 107, 116, 123, 127, 127, 127, 127, 114, 114, 106, 108, 79, 82, 55, 45, 49, 41, 28, 12, 4, 10, 2, 1, 5, 0, 11, 34, 35, 63, 69, 69, 91, 96, 104, 99, 121, 126, 124, 127, 125, 121, 111, 105, 81, 53, 38, 36, 21, 8, 9, 2, 3, 6, 7, 16, 24, 31, 95, 112, 111, 114, 120, 127, 127, 123, 119, 127, 95]","[0, 8, 11, 12, 5, 17, 15, 18, 23, 31, 36, 46, 49, 63, 70, 73, 87, 107, 116, 123, 127, 127, 127, 127, 114, 114, 106, 108, 79, 82, 55, 45, 49, 41, 28, 12, 4, 10, 2, 1, 5, 0, 11, 34, 35, 63, 69, 69, 91, 96, 104, 99, 121, 126, 124, 127, 125, 121, 111, 105, 81, 53, 38, 36, 21, 8, 9, 2, 3, 6, 7, 16, 24, 31, 95, 112, 111, 114, 120, 127, 127, 123, 119, 127, 95]"
Linear,20,exact_guidance_u,288,0,86,85,"[129, 0, 8, 11, 12, 5, 17, 15, 18, 23, 31, 36, 46, 49, 63, 70, 73, 87, 107, 116, 123, 127, 127, 127, 127, 114, 114, 106, 108, 79, 82, 55, 45, 49, 41, 28, 12, 4, 10, 2, 1, 5, 0, 11, 34, 35, 63, 69, 69, 91, 96, 104, 99, 121, 126, 124, 127, 125, 121, 111, 105, 81, 53, 38, 36, 21, 8, 9, 2, 3, 6, 7, 16, 24, 31, 95, 112, 111, 114, 120, 127, 127, 123, 119, 127, 95]","[0, 8, 11, 12, 5, 17, 15, 18, 23, 31, 36, 46, 49, 63, 70, 73, 87, 107, 116, 123, 127, 127, 127, 127, 114, 114, 106, 108, 79, 82, 55, 45, 49, 41, 28, 12, 4, 10, 2, 1, 5, 0, 11, 34, 35, 63, 69, 69, 91, 96, 104, 99, 121, 126, 124, 127, 125, 121, 111, 105, 81, 53, 38, 36, 21, 8, 9, 2, 3, 6, 7, 16, 24, 31, 95, 112, 111, 114, 120, 127, 127, 123, 119, 127, 95]"
Linear,20,exact_guidance_u,289,0,86,85,"[129, 0, 8, 11, 12, 5, 17, 15, 18, 23, 31, 36, 46, 49, 63, 70, 73, 87, 107, 116, 123, 127, 127, 127, 127, 114, 114, 106, 108, 79, 82, 55, 45, 49, 41, 28, 12, 4, 10, 2, 1, 5, 0, 11, 34, 35, 63, 69, 69, 91, 96, 104, 99, 121, 126, 124, 127, 125, 121, 111, 105, 81, 53, 38, 36, 21, 8, 9, 2, 3, 6, 7, 16, 24, 31, 95, 112, 111, 114, 120, 127, 127, 123, 119, 127, 95]","[0, 8, 11, 12, 5, 17, 15, 18, 23, 31, 36, 46, 49, 63, 70, 73, 87, 107, 116, 123, 127, 127, 127, 127, 114, 114, 106, 108, 79, 82, 55, 45, 49, 41, 28, 12, 4, 10, 2, 1, 5, 0, 11, 34, 35, 63, 69, 69, 91, 96, 104, 99, 121, 126, 124, 127, 125, 121, 111, 105, 81, 53, 38, 36, 21, 8, 9, 2, 3, 6, 7, 16, 24, 31, 95, 112, 111, 114, 120, 127, 127, 123, 119, 127, 95]"
Linear,20,exact_guidance_u,290,0,86,85,"[129, 0, 8, 11, 12, 5, 17, 15, 18, 23, 31, 36, 46, 49, 63, 70, 73, 87, 107, 116, 123, 127, 127, 127, 127, 114, 114, 106, 108, 79, 82, 55, 45, 49, 41, 28, 12, 4, 10, 2, 1, 5, 0, 11, 34, 35, 63, 69, 69, 91, 96, 104, 99, 121, 126, 124, 127, 125, 121, 111, 105, 81, 53, 38, 36, 21, 8, 9, 2, 3, 6, 7, 16, 24, 31, 95, 112, 111, 114, 120, 127, 127, 123, 119, 127, 95]","[0, 8, 11, 12, 5, 17, 15, 18, 23, 31, 36, 46, 49, 63, 70, 73, 87, 107, 116, 123, 127, 127, 127, 127, 114, 114, 106, 108, 79, 82, 55, 45, 49, 41, 28, 12, 4, 10, 2, 1, 5, 0, 11, 34, 35, 63, 69, 69, 91, 96, 104, 99, 121, 126, 124, 127, 125, 121, 111, 105, 81, 53, 38, 36, 21, 8, 9, 2, 3, 6, 7, 16, 24, 31, 95, 112, 111, 114, 120, 127, 127, 123, 119, 127, 95]"
Linear,20,exact_guidance_u,291,0,86,85,"[129, 0, 8, 11, 12, 5, 17, 15, 18, 23, 31, 36, 46, 49, 63, 70, 73, 87, 107, 116, 123, 127, 127, 127, 127, 114, 114, 106, 108, 79, 82, 55, 45, 49, 41, 28, 12, 4, 10, 2, 1, 5, 0, 11, 34, 35, 63, 69, 69, 91, 96, 104, 99, 121, 126, 124, 127, 125, 121, 111, 105, 81, 53, 38, 36, 21, 8, 9, 2, 3, 6, 7, 16, 24, 31, 95, 112, 111, 114, 120, 127, 127, 123, 119, 127, 95]","[0, 8, 11, 12, 5, 17, 15, 18, 23, 31, 36, 46, 49, 63, 70, 73, 87, 107, 116, 123, 127, 127, 127, 127, 114, 114, 106, 108, 79, 82, 55, 45, 49, 41, 28, 12, 4, 10, 2, 1, 5, 0, 11, 34, 35, 63, 69, 69, 91, 96, 104, 99, 121, 126, 124, 127, 125, 121, 111, 105, 81, 53, 38, 36, 21, 8, 9, 2, 3, 6, 7, 16, 24, 31, 95, 112, 111, 114, 120, 127, 127, 123, 119, 127, 95]"
Linear,20,exact_guidance_u,292,0,86,85,"[129, 0, 8, 11, 12, 5, 17, 15, 18, 23, 31, 36, 46, 49, 63, 70, 73, 87, 107, 116, 123, 127, 127, 127, 127, 114, 114, 106, 108, 79, 82, 55, 45, 49, 41, 28, 12, 4, 10, 2, 1, 5, 0, 11, 34, 35, 63, 69, 69, 91, 96, 104, 99, 121, 126, 124, 127, 125, 121, 111, 105, 81, 53, 38, 36, 21, 8, 9, 2, 3, 6, 7, 16, 24, 31, 95, 112, 111, 114, 120, 127, 127, 123, 119, 127, 95]","[0, 8, 11, 12, 5, 17, 15, 18, 23, 31, 36, 46, 49, 63, 70, 73, 87, 107, 116, 123, 127, 127, 127, 127, 114, 114, 106, 108, 79, 82, 55, 45, 49, 41, 28, 12, 4, 10, 2, 1, 5, 0, 11, 34, 35, 63, 69, 69, 91, 96, 104, 99, 121, 126, 124, 127, 125, 121, 111, 105, 81, 53, 38, 36, 21, 8, 9, 2, 3, 6, 7, 16, 24, 31, 95, 112, 111, 114, 120, 127, 127, 123, 119, 127, 95]"
Linear,20,exact_guidance_u,293,0,86,85,"[129, 0, 8, 11, 12, 5, 17, 15, 18, 23, 31, 36, 46, 49, 63, 70, 73, 87, 107, 116, 123, 127, 127, 127, 127, 114, 114, 106, 108, 79, 82, 55, 45, 49, 41, 28, 12, 4, 10, 2, 1, 5, 0, 11, 34, 35, 63, 69, 69, 91, 96, 104, 99, 121, 126, 124, 127, 125, 121, 111, 105, 81, 53, 38, 36, 21, 8, 9, 2, 3, 6, 7, 16, 24, 31, 95, 112, 111, 114, 120, 127, 127, 123, 119, 127, 95]","[0, 8, 11, 12, 5, 17, 15, 18, 23, 31, 36, 46, 49, 63, 70, 73, 87, 107, 116, 123, 127, 127, 127, 127, 114, 114, 106, 108, 79, 82, 55, 45, 49, 41, 28, 12, 4, 10, 2, 1, 5, 0, 11, 34, 35, 63, 69, 69, 91, 96, 104, 99, 121, 126, 124, 127, 125, 121, 111, 105, 81, 53, 38, 36, 21, 8, 9, 2, 3, 6, 7, 16, 24, 31, 95, 112, 111, 114, 120, 127, 127, 123, 119, 127, 95]"
Linear,20,exact_guidance_u,294,0,87,86,"[129, 0, 8, 11, 12, 5, 17, 15, 18, 23, 31, 36, 46, 49, 63, 70, 73, 87, 99, 107, 116, 123, 127, 127, 127, 127, 114, 114, 106, 108, 79, 82, 55, 45, 49, 41, 28, 12, 4, 10, 2, 1, 5, 0, 11, 34, 35, 63, 69, 69, 91, 96, 104, 99, 121, 126, 124, 127, 125, 121, 111, 105, 81, 53, 38, 36, 21, 8, 9, 2, 3, 6, 7, 16, 24, 31, 95, 112, 111, 114, 120, 127, 127, 123, 119, 127, 95]","[0, 8, 11, 12, 5, 17, 15, 18, 23, 31, 36, 46, 49, 63, 70, 73, 87, 99, 107, 116, 123, 127, 127, 127, 127, 114, 114, 106, 108, 79, 82, 55, 45, 49, 41, 28, 12, 4, 10, 2, 1, 5, 0, 11, 34, 35, 63, 69, 69, 91, 96, 104, 99, 121, 126, 124, 127, 125, 121, 111, 105, 81, 53, 38, 36, 21, 8, 9, 2, 3, 6, 7, 16, 24, 31, 95, 112, 111, 114, 120, 127, 127, 123, 119, 127, 95]"
Linear,20,exact_guidance_u,295,0,87,86,"[129, 0, 8, 11, 12, 5, 17, 15, 18, 23, 31, 36, 46, 49, 63, 70, 73, 87, 99, 107, 116, 123, 127, 127, 127, 127, 114, 114, 106, 108, 79, 82, 55, 45, 49, 41, 28, 12, 4, 10, 2, 1, 5, 0, 11, 34, 35, 63, 69, 69, 91, 96, 104, 99, 121, 126, 124, 127, 125, 121, 111, 105, 81, 53, 38, 36, 21, 8, 9, 2, 3, 6, 7, 16, 24, 31, 95, 112, 111, 114, 120, 127, 127, 123, 119, 127, 95]","[0, 8, 11, 12, 5, 17, 15, 18, 23, 31, 36, 46, 49, 63, 70, 73, 87, 99, 107, 116, 123, 127, 127, 127, 127, 114, 114, 106, 108, 79, 82, 55, 45, 49, 41, 28, 12, 4, 10, 2, 1, 5, 0, 11, 34, 35, 63, 69, 69, 91, 96, 104, 99, 121, 126, 124, 127, 125, 121, 111, 105, 81, 53, 38, 36, 21, 8, 9, 2, 3, 6, 7, 16, 24, 31, 95, 112, 111, 114, 120, 127, 127, 123, 119, 127, 95]"
Linear,20,exact_guidance_u,296,0,87,86,"[129, 0, 8, 11, 12, 5, 17, 15, 18, 23, 31, 36, 46, 49, 63, 70, 73, 87, 99, 107, 116, 123, 127, 127, 127, 127, 114, 114, 106, 108, 79, 82, 55, 45, 49, 41, 28, 12, 4, 10, 2, 1, 5, 0, 11, 34, 35, 63, 69, 69, 91, 96, 104, 99, 121, 126, 124, 127, 125, 121, 111, 105, 81, 53, 38, 36, 21, 8, 9, 2, 3, 6, 7, 16, 24, 31, 95, 112, 111, 114, 120, 127, 127, 123, 119, 127, 95]","[0, 8, 11, 12, 5, 17, 15, 18, 23, 31, 36, 46, 49, 63, 70, 73, 87, 99, 107, 116, 123, 127, 127, 127, 127, 114, 114, 106, 108, 79, 82, 55, 45, 49, 41, 28, 12, 4, 10, 2, 1, 5, 0, 11, 34, 35, 63, 69, 69, 91, 96, 104, 99, 121, 126, 124, 127, 125, 121, 111, 105, 81, 53, 38, 36, 21, 8, 9, 2, 3, 6, 7, 16, 24, 31, 95, 112, 111, 114, 120, 127, 127, 123, 119, 127, 95]"
Linear,20,exact_guidance_u,297,0,87,86,"[129, 0, 8, 11, 12, 5, 17, 15, 18, 23, 31, 36, 46, 49, 63, 70, 73, 87, 99, 107, 116, 123, 127, 127, 127, 127, 114, 114, 106, 108, 79, 82, 55, 45, 49, 41, 28, 12, 4, 10, 2, 1, 5, 0, 11, 34, 35, 63, 69, 69, 91, 96, 104, 99, 121, 126, 124, 127, 125, 121, 111, 105, 81, 53, 38, 36, 21, 8, 9, 2, 3, 6, 7, 16, 24, 31, 95, 112, 111, 114, 120, 127, 127, 123, 119, 127, 95]","[0, 8, 11, 12, 5, 17, 15, 18, 23, 31, 36, 46, 49, 63, 70, 73, 87, 99, 107, 116, 123, 127, 127, 127, 127, 114, 114, 106, 108, 79, 82, 55, 45, 49, 41, 28, 12, 4, 10, 2, 1, 5, 0, 11, 34, 35, 63, 69, 69, 91, 96, 104, 99, 121, 126, 124, 127, 125, 121, 111, 105, 81, 53, 38, 36, 21, 8, 9, 2, 3, 6, 7, 16, 24, 31, 95, 112, 111, 114, 120, 127, 127, 123, 119, 127, 95]"
Linear,20,exact_guidance_u,298,0,87,86,"[129, 0, 8, 11, 12, 5, 17, 15, 18, 23, 31, 36, 46, 49, 63, 70, 73, 87, 99, 107, 116, 123, 127, 127, 127, 127, 114, 114, 106, 108, 79, 82, 55, 45, 49, 41, 28, 12, 4, 10, 2, 1, 5, 0, 11, 34, 35, 63, 69, 69, 91, 96, 104, 99, 121, 126, 124, 127, 125, 121, 111, 105, 81, 53, 38, 36, 21, 8, 9, 2, 3, 6, 7, 16, 24, 31, 95, 112, 111, 114, 120, 127, 127, 123, 119, 127, 95]","[0, 8, 11, 12, 5, 17, 15, 18, 23, 31, 36, 46, 49, 63, 70, 73, 87, 99, 107, 116, 123, 127, 127, 127, 127, 114, 114, 106, 108, 79, 82, 55, 45, 49, 41, 28, 12, 4, 10, 2, 1, 5, 0, 11, 34, 35, 63, 69, 69, 91, 96, 104, 99, 121, 126, 124, 127, 125, 121, 111, 105, 81, 53, 38, 36, 21, 8, 9, 2, 3, 6, 7, 16, 24, 31, 95, 112, 111, 114, 120, 127, 127, 123, 119, 127, 95]"
Linear,20,exact_guidance_u,299,0,87,86,"[129, 0, 8, 11, 12, 5, 17, 15, 18, 23, 31, 36, 46, 49, 63, 70, 73, 87, 99, 107, 116, 123, 127, 127, 127, 127, 114, 114, 106, 108, 79, 82, 55, 45, 49, 41, 28, 12, 4, 10, 2, 1, 5, 0, 11, 34, 35, 63, 69, 69, 91, 96, 104, 99, 121, 126, 124, 127, 125, 121, 111, 105, 81, 53, 38, 36, 21, 8, 9, 2, 3, 6, 7, 16, 24, 31, 95, 112, 111, 114, 120, 127, 127, 123, 119, 127, 95]","[0, 8, 11, 12, 5, 17, 15, 18, 23, 31, 36, 46, 49, 63, 70, 73, 87, 99, 107, 116, 123, 127, 127, 127, 127, 114, 114, 106, 108, 79, 82, 55, 45, 49, 41, 28, 12, 4, 10, 2, 1, 5, 0, 11, 34, 35, 63, 69, 69, 91, 96, 104, 99, 121, 126, 124, 127, 125, 121, 111, 105, 81, 53, 38, 36, 21, 8, 9, 2, 3, 6, 7, 16, 24, 31, 95, 112, 111, 114, 120, 127, 127, 123, 119, 127, 95]"
Linear,20,exact_guidance_u,300,0,87,86,"[129, 0, 8, 11, 12, 5, 17, 15, 18, 23, 31, 36, 46, 49, 63, 70, 73, 87, 99, 107, 116, 123, 127, 127, 127, 127, 114, 114, 106, 108, 79, 82, 55, 45, 49, 41, 28, 12, 4, 10, 2, 1, 5, 0, 11, 34, 35, 63, 69, 69, 91, 96, 104, 99, 121, 126, 124, 127, 125, 121, 111, 105, 81, 53, 38, 36, 21, 8, 9, 2, 3, 6, 7, 16, 24, 31, 95, 112, 111, 114, 120, 127, 127, 123, 119, 127, 95]","[0, 8, 11, 12, 5, 17, 15, 18, 23, 31, 36, 46, 49, 63, 70, 73, 87, 99, 107, 116, 123, 127, 127, 127, 127, 114, 114, 106, 108, 79, 82, 55, 45, 49, 41, 28, 12, 4, 10, 2, 1, 5, 0, 11, 34, 35, 63, 69, 69, 91, 96, 104, 99, 121, 126, 124, 127, 125, 121, 111, 105, 81, 53, 38, 36, 21, 8, 9, 2, 3, 6, 7, 16, 24, 31, 95, 112, 111, 114, 120, 127, 127, 123, 119, 127, 95]"
Linear,20,exact_guidance_u,301,0,87,86,"[129, 0, 8, 11, 12, 5, 17, 15, 18, 23, 31, 36, 46, 49, 63, 70, 73, 87, 99, 107, 116, 123, 127, 127, 127, 127, 114, 114, 106, 108, 79, 82, 55, 45, 49, 41, 28, 12, 4, 10, 2, 1, 5, 0, 11, 34, 35, 63, 69, 69, 91, 96, 104, 99, 121, 126, 124, 127, 125, 121, 111, 105, 81, 53, 38, 36, 21, 8, 9, 2, 3, 6, 7, 16, 24, 31, 95, 112, 111, 114, 120, 127, 127, 123, 119, 127, 95]","[0, 8, 11, 12, 5, 17, 15, 18, 23, 31, 36, 46, 49, 63, 70, 73, 87, 99, 107, 116, 123, 127, 127, 127, 127, 114, 114, 106, 108, 79, 82, 55, 45, 49, 41, 28, 12, 4, 10, 2, 1, 5, 0, 11, 34, 35, 63, 69, 69, 91, 96, 104, 99, 121, 126, 124, 127, 125, 121, 111, 105, 81, 53, 38, 36, 21, 8, 9, 2, 3, 6, 7, 16, 24, 31, 95, 112, 111, 114, 120, 127, 127, 123, 119, 127, 95]"
Linear,20,exact_guidance_u,302,0,87,86,"[129, 0, 8, 11, 12, 5, 17, 15, 18, 23, 31, 36, 46, 49, 63, 70, 73, 87, 99, 107, 116, 123, 127, 127, 127, 127, 114, 114, 106, 108, 79, 82, 55, 45, 49, 41, 28, 12, 4, 10, 2, 1, 5, 0, 11, 34, 35, 63, 69, 69, 91, 96, 104, 99, 121, 126, 124, 127, 125, 121, 111, 105, 81, 53, 38, 36, 21, 8, 9, 2, 3, 6, 7, 16, 24, 31, 95, 112, 111, 114, 120, 127, 127, 123, 119, 127, 95]","[0, 8, 11, 12, 5, 17, 15, 18, 23, 31, 36, 46, 49, 63, 70, 73, 87, 99, 107, 116, 123, 127, 127, 127, 127, 114, 114, 106, 108, 79, 82, 55, 45, 49, 41, 28, 12, 4, 10, 2, 1, 5, 0, 11, 34, 35, 63, 69, 69, 91, 96, 104, 99, 121, 126, 124, 127, 125, 121, 111, 105, 81, 53, 38, 36, 21, 8, 9, 2, 3, 6, 7, 16, 24, 31, 95, 112, 111, 114, 120, 127, 127, 123, 119, 127, 95]"
Linear,20,exact_guidance_u,303,0,87,86,"[129, 0, 8, 11, 12, 5, 17, 15, 18, 23, 31, 36, 46, 49, 63, 70, 73, 87, 99, 107, 116, 123, 127, 127, 127, 127, 114, 114, 106, 108, 79, 82, 55, 45, 49, 41, 28, 12, 4, 10, 2, 1, 5, 0, 11, 34, 35, 63, 69, 69, 91, 96, 104, 99, 121, 126, 124, 127, 125, 121, 111, 105, 81, 53, 38, 36, 21, 8, 9, 2, 3, 6, 7, 16, 24, 31, 95, 112, 111, 114, 120, 127, 127, 123, 119, 127, 95]","[0, 8, 11, 12, 5, 17, 15, 18, 23, 31, 36, 46, 49, 63, 70, 73, 87, 99, 107, 116, 123, 127, 127, 127, 127, 114, 114, 106, 108, 79, 82, 55, 45, 49, 41, 28, 12, 4, 10, 2, 1, 5, 0, 11, 34, 35, 63, 69, 69, 91, 96, 104, 99, 121, 126, 124, 127, 125, 121, 111, 105, 81, 53, 38, 36, 21, 8, 9, 2, 3, 6, 7, 16, 24, 31, 95, 112, 111, 114, 120, 127, 127, 123, 119, 127, 95]"
Linear,20,exact_guidance_u,304,0,87,86,"[129, 0, 8, 11, 12, 5, 17, 15, 18, 23, 31, 36, 46, 49, 63, 70, 73, 87, 99, 107, 116, 123, 127, 127, 127, 127, 114, 114, 106, 108, 79, 82, 55, 45, 49, 41, 28, 12, 4, 10, 2, 1, 5, 0, 11, 34, 35, 63, 69, 69, 91, 96, 104, 99, 121, 126, 124, 127, 125, 121, 111, 105, 81, 53, 38, 36, 21, 8, 9, 2, 3, 6, 7, 16, 24, 31, 95, 112, 111, 114, 120, 127, 127, 123, 119, 127, 95]","[0, 8, 11, 12, 5, 17, 15, 18, 23, 31, 36, 46, 49, 63, 70, 73, 87, 99, 107, 116, 123, 127, 127, 127, 127, 114, 114, 106, 108, 79, 82, 55, 45, 49, 41, 28, 12, 4, 10, 2, 1, 5, 0, 11, 34, 35, 63, 69, 69, 91, 96, 104, 99, 121, 126, 124, 127, 125, 121, 111, 105, 81, 53, 38, 36, 21, 8, 9, 2, 3, 6, 7, 16, 24, 31, 95, 112, 111, 114, 120, 127, 127, 123, 119, 127, 95]"
Linear,20,exact_guidance_u,305,0,87,86,"[129, 0, 8, 11, 12, 5, 17, 15, 18, 23, 31, 36, 46, 49, 63, 70, 73, 87, 99, 107, 116, 123, 127, 127, 127, 127, 114, 114, 106, 108, 79, 82, 55, 45, 49, 41, 28, 12, 4, 10, 2, 1, 5, 0, 11, 34, 35, 63, 69, 69, 91, 96, 104, 99, 121, 126, 124, 127, 125, 121, 111, 105, 81, 53, 38, 36, 21, 8, 9, 2, 3, 6, 7, 16, 24, 31, 95, 112, 111, 114, 120, 127, 127, 123, 119, 127, 95]","[0, 8, 11, 12, 5, 17, 15, 18, 23, 31, 36, 46, 49, 63, 70, 73, 87, 99, 107, 116, 123, 127, 127, 127, 127, 114, 114, 106, 108, 79, 82, 55, 45, 49, 41, 28, 12, 4, 10, 2, 1, 5, 0, 11, 34, 35, 63, 69, 69, 91, 96, 104, 99, 121, 126, 124, 127, 125, 121, 111, 105, 81, 53, 38, 36, 21, 8, 9, 2, 3, 6, 7, 16, 24, 31, 95, 112, 111, 114, 120, 127, 127, 123, 119, 127, 95]"
Linear,20,exact_guidance_u,306,0,87,86,"[129, 0, 8, 11, 12, 5, 17, 15, 18, 23, 31, 36, 46, 49, 63, 70, 73, 87, 99, 107, 116, 123, 127, 127, 127, 127, 114, 114, 106, 108, 79, 82, 55, 45, 49, 41, 28, 12, 4, 10, 2, 1, 5, 0, 11, 34, 35, 63, 69, 69, 91, 96, 104, 99, 121, 126, 124, 127, 125, 121, 111, 105, 81, 53, 38, 36, 21, 8, 9, 2, 3, 6, 7, 16, 24, 31, 95, 112, 111, 114, 120, 127, 127, 123, 119, 127, 95]","[0, 8, 11, 12, 5, 17, 15, 18, 23, 31, 36, 46, 49, 63, 70, 73, 87, 99, 107, 116, 123, 127, 127, 127, 127, 114, 114, 106, 108, 79, 82, 55, 45, 49, 41, 28, 12, 4, 10, 2, 1, 5, 0, 11, 34, 35, 63, 69, 69, 91, 96, 104, 99, 121, 126, 124, 127, 125, 121, 111, 105, 81, 53, 38, 36, 21, 8, 9, 2, 3, 6, 7, 16, 24, 31, 95, 112, 111, 114, 120, 127, 127, 123, 119, 127, 95]"
Linear,20,exact_guidance_u,307,0,87,86,"[129, 0, 8, 11, 12, 5, 17, 15, 18, 23, 31, 36, 46, 49, 63, 70, 73, 87, 99, 107, 116, 123, 127, 127, 127, 127, 114, 114, 106, 108, 79, 82, 55, 45, 49, 41, 28, 12, 4, 10, 2, 1, 5, 0, 11, 34, 35, 63, 69, 69, 91, 96, 104, 99, 121, 126, 124, 127, 125, 121, 111, 105, 81, 53, 38, 36, 21, 8, 9, 2, 3, 6, 7, 16, 24, 31, 95, 112, 111, 114, 120, 127, 127, 123, 119, 127, 95]","[0, 8, 11, 12, 5, 17, 15, 18, 23, 31, 36, 46, 49, 63, 70, 73, 87, 99, 107, 116, 123, 127, 127, 127, 127, 114, 114, 106, 108, 79, 82, 55, 45, 49, 41, 28, 12, 4, 10, 2, 1, 5, 0, 11, 34, 35, 63, 69, 69, 91, 96, 104, 99, 121, 126, 124, 127, 125, 121, 111, 105, 81, 53, 38, 36, 21, 8, 9, 2, 3, 6, 7, 16, 24, 31, 95, 112, 111, 114, 120, 127, 127, 123, 119, 127, 95]"
Linear,20,exact_guidance_u,308,0,87,86,"[129, 0, 8, 11, 12, 5, 17, 15, 18, 23, 31, 36, 46, 49, 63, 70, 73, 87, 99, 107, 116, 123, 127, 127, 127, 127, 114, 114, 106, 108, 79, 82, 55, 45, 49, 41, 28, 12, 4, 10, 2, 1, 5, 0, 11, 34, 35, 63, 69, 69, 91, 96, 104, 99, 121, 126, 124, 127, 125, 121, 111, 105, 81, 53, 38, 36, 21, 8, 9, 2, 3, 6, 7, 16, 24, 31, 95, 112, 111, 114, 120, 127, 127, 123, 119, 127, 95]","[0, 8, 11, 12, 5, 17, 15, 18, 23, 31, 36, 46, 49, 63, 70, 73, 87, 99, 107, 116, 123, 127, 127, 127, 127, 114, 114, 106, 108, 79, 82, 55, 45, 49, 41, 28, 12, 4, 10, 2, 1, 5, 0, 11, 34, 35, 63, 69, 69, 91, 96, 104, 99, 121, 126, 124, 127, 125, 121, 111, 105, 81, 53, 38, 36, 21, 8, 9, 2, 3, 6, 7, 16, 24, 31, 95, 112, 111, 114, 120, 127, 127, 123, 119, 127, 95]"
Linear,20,exact_guidance_u,309,0,87,86,"[129, 0, 8, 11, 12, 5, 17, 15, 18, 23, 31, 36, 46, 49, 63, 70, 73, 87, 99, 107, 116, 123, 127, 127, 127, 127, 114, 114, 106, 108, 79, 82, 55, 45, 49, 41, 28, 12, 4, 10, 2, 1, 5, 0, 11, 34, 35, 63, 69, 69, 91, 96, 104, 99, 121, 126, 124, 127, 125, 121, 111, 105, 81, 53, 38, 36, 21, 8, 9, 2, 3, 6, 7, 16, 24, 31, 95, 112, 111, 114, 120, 127, 127, 123, 119, 127, 95]","[0, 8, 11, 12, 5, 17, 15, 18, 23, 31, 36, 46, 49, 63, 70, 73, 87, 99, 107, 116, 123, 127, 127, 127, 127, 114, 114, 106, 108, 79, 82, 55, 45, 49, 41, 28, 12, 4, 10, 2, 1, 5, 0, 11, 34, 35, 63, 69, 69, 91, 96, 104, 99, 121, 126, 124, 127, 125, 121, 111, 105, 81, 53, 38, 36, 21, 8, 9, 2, 3, 6, 7, 16, 24, 31, 95, 112, 111, 114, 120, 127, 127, 123, 119, 127, 95]"
Linear,20,exact_guidance_u,310,0,87,86,"[129, 0, 8, 11, 12, 5, 17, 15, 18, 23, 31, 36, 46, 49, 63, 70, 73, 87, 99, 107, 116, 123, 127, 127, 127, 127, 114, 114, 106, 108, 79, 82, 55, 45, 49, 41, 28, 12, 4, 10, 2, 1, 5, 0, 11, 34, 35, 63, 69, 69, 91, 96, 104, 99, 121, 126, 124, 127, 125, 121, 111, 105, 81, 53, 38, 36, 21, 8, 9, 2, 3, 6, 7, 16, 24, 31, 95, 112, 111, 114, 120, 127, 127, 123, 119, 127, 95]","[0, 8, 11, 12, 5, 17, 15, 18, 23, 31, 36, 46, 49, 63, 70, 73, 87, 99, 107, 116, 123, 127, 127, 127, 127, 114, 114, 106, 108, 79, 82, 55, 45, 49, 41, 28, 12, 4, 10, 2, 1, 5, 0, 11, 34, 35, 63, 69, 69, 91, 96, 104, 99, 121, 126, 124, 127, 125, 121, 111, 105, 81, 53, 38, 36, 21, 8, 9, 2, 3, 6, 7, 16, 24, 31, 95, 112, 111, 114, 120, 127, 127, 123, 119, 127, 95]"
Linear,20,exact_guidance_u,311,0,87,86,"[129, 0, 8, 11, 12, 5, 17, 15, 18, 23, 31, 36, 46, 49, 63, 70, 73, 87, 99, 107, 116, 123, 127, 127, 127, 127, 114, 114, 106, 108, 79, 82, 55, 45, 49, 41, 28, 12, 4, 10, 2, 1, 5, 0, 11, 34, 35, 63, 69, 69, 91, 96, 104, 99, 121, 126, 124, 127, 125, 121, 111, 105, 81, 53, 38, 36, 21, 8, 9, 2, 3, 6, 7, 16, 24, 31, 95, 112, 111, 114, 120, 127, 127, 123, 119, 127, 95]","[0, 8, 11, 12, 5, 17, 15, 18, 23, 31, 36, 46, 49, 63, 70, 73, 87, 99, 107, 116, 123, 127, 127, 127, 127, 114, 114, 106, 108, 79, 82, 55, 45, 49, 41, 28, 12, 4, 10, 2, 1, 5, 0, 11, 34, 35, 63, 69, 69, 91, 96, 104, 99, 121, 126, 124, 127, 125, 121, 111, 105, 81, 53, 38, 36, 21, 8, 9, 2, 3, 6, 7, 16, 24, 31, 95, 112, 111, 114, 120, 127, 127, 123, 119, 127, 95]"
Linear,20,exact_guidance_u,312,0,87,86,"[129, 0, 8, 11, 12, 5, 17, 15, 18, 23, 31, 36, 46, 49, 63, 70, 73, 87, 99, 107, 116, 123, 127, 127, 127, 127, 114, 114, 106, 108, 79, 82, 55, 45, 49, 41, 28, 12, 4, 10, 2, 1, 5, 0, 11, 34, 35, 63, 69, 69, 91, 96, 104, 99, 121, 126, 124, 127, 125, 121, 111, 105, 81, 53, 38, 36, 21, 8, 9, 2, 3, 6, 7, 16, 24, 31, 95, 112, 111, 114, 120, 127, 127, 123, 119, 127, 95]","[0, 8, 11, 12, 5, 17, 15, 18, 23, 31, 36, 46, 49, 63, 70, 73, 87, 99, 107, 116, 123, 127, 127, 127, 127, 114, 114, 106, 108, 79, 82, 55, 45, 49, 41, 28, 12, 4, 10, 2, 1, 5, 0, 11, 34, 35, 63, 69, 69, 91, 96, 104, 99, 121, 126, 124, 127, 125, 121, 111, 105, 81, 53, 38, 36, 21, 8, 9, 2, 3, 6, 7, 16, 24, 31, 95, 112, 111, 114, 120, 127, 127, 123, 119, 127, 95]"
Linear,20,exact_guidance_u,313,0,87,86,"[129, 0, 8, 11, 12, 5, 17, 15, 18, 23, 31, 36, 46, 49, 63, 70, 73, 87, 99, 107, 116, 123, 127, 127, 127, 127, 114, 114, 106, 108, 79, 82, 55, 45, 49, 41, 28, 12, 4, 10, 2, 1, 5, 0, 11, 34, 35, 63, 69, 69, 91, 96, 104, 99, 121, 126, 124, 127, 125, 121, 111, 105, 81, 53, 38, 36, 21, 8, 9, 2, 3, 6, 7, 16, 24, 31, 95, 112, 111, 114, 120, 127, 127, 123, 119, 127, 95]","[0, 8, 11, 12, 5, 17, 15, 18, 23, 31, 36, 46, 49, 63, 70, 73, 87, 99, 107, 116, 123, 127, 127, 127, 127, 114, 114, 106, 108, 79, 82, 55, 45, 49, 41, 28, 12, 4, 10, 2, 1, 5, 0, 11, 34, 35, 63, 69, 69, 91, 96, 104, 99, 121, 126, 124, 127, 125, 121, 111, 105, 81, 53, 38, 36, 21, 8, 9, 2, 3, 6, 7, 16, 24, 31, 95, 112, 111, 114, 120, 127, 127, 123, 119, 127, 95]"
Linear,20,exact_guidance_u,314,0,87,86,"[129, 0, 8, 11, 12, 5, 17, 15, 18, 23, 31, 36, 46, 49, 63, 70, 73, 87, 99, 107, 116, 123, 127, 127, 127, 127, 114, 114, 106, 108, 79, 82, 55, 45, 49, 41, 28, 12, 4, 10, 2, 1, 5, 0, 11, 34, 35, 63, 69, 69, 91, 96, 104, 99, 121, 126, 124, 127, 125, 121, 111, 105, 81, 53, 38, 36, 21, 8, 9, 2, 3, 6, 7, 16, 24, 31, 95, 112, 111, 114, 120, 127, 127, 123, 119, 127, 95]","[0, 8, 11, 12, 5, 17, 15, 18, 23, 31, 36, 46, 49, 63, 70, 73, 87, 99, 107, 116, 123, 127, 127, 127, 127, 114, 114, 106, 108, 79, 82, 55, 45, 49, 41, 28, 12, 4, 10, 2, 1, 5, 0, 11, 34, 35, 63, 69, 69, 91, 96, 104, 99, 121, 126, 124, 127, 125, 121, 111, 105, 81, 53, 38, 36, 21, 8, 9, 2, 3, 6, 7, 16, 24, 31, 95, 112, 111, 114, 120, 127, 127, 123, 119, 127, 95]"
Linear,20,exact_guidance_u,315,0,87,86,"[129, 0, 8, 11, 12, 5, 17, 15, 18, 23, 31, 36, 46, 49, 63, 70, 73, 87, 99, 107, 116, 123, 127, 127, 127, 127, 114, 114, 106, 108, 79, 82, 55, 45, 49, 41, 28, 12, 4, 10, 2, 1, 5, 0, 11, 34, 35, 63, 69, 69, 91, 96, 104, 99, 121, 126, 124, 127, 125, 121, 111, 105, 81, 53, 38, 36, 21, 8, 9, 2, 3, 6, 7, 16, 24, 31, 95, 112, 111, 114, 120, 127, 127, 123, 119, 127, 95]","[0, 8, 11, 12, 5, 17, 15, 18, 23, 31, 36, 46, 49, 63, 70, 73, 87, 99, 107, 116, 123, 127, 127, 127, 127, 114, 114, 106, 108, 79, 82, 55, 45, 49, 41, 28, 12, 4, 10, 2, 1, 5, 0, 11, 34, 35, 63, 69, 69, 91, 96, 104, 99, 121, 126, 124, 127, 125, 121, 111, 105, 81, 53, 38, 36, 21, 8, 9, 2, 3, 6, 7, 16, 24, 31, 95, 112, 111, 114, 120, 127, 127, 123, 119, 127, 95]"
Linear,20,exact_guidance_u,316,0,87,86,"[129, 0, 8, 11, 12, 5, 17, 15, 18, 23, 31, 36, 46, 49, 63, 70, 73, 87, 99, 107, 116, 123, 127, 127, 127, 127, 114, 114, 106, 108, 79, 82, 55, 45, 49, 41, 28, 12, 4, 10, 2, 1, 5, 0, 11, 34, 35, 63, 69, 69, 91, 96, 104, 99, 121, 126, 124, 127, 125, 121, 111, 105, 81, 53, 38, 36, 21, 8, 9, 2, 3, 6, 7, 16, 24, 31, 95, 112, 111, 114, 120, 127, 127, 123, 119, 127, 95]","[0, 8, 11, 12, 5, 17, 15, 18, 23, 31, 36, 46, 49, 63, 70, 73, 87, 99, 107, 116, 123, 127, 127, 127, 127, 114, 114, 106, 108, 79, 82, 55, 45, 49, 41, 28, 12, 4, 10, 2, 1, 5, 0, 11, 34, 35, 63, 69, 69, 91, 96, 104, 99, 121, 126, 124, 127, 125, 121, 111, 105, 81, 53, 38, 36, 21, 8, 9, 2, 3, 6, 7, 16, 24, 31, 95, 112, 111, 114, 120, 127, 127, 123, 119, 127, 95]"
Linear,20,exact_guidance_u,317,0,87,86,"[129, 0, 8, 11, 12, 5, 17, 15, 18, 23, 31, 36, 46, 49, 63, 70, 73, 87, 99, 107, 116, 123, 127, 127, 127, 127, 114, 114, 106, 108, 79, 82, 55, 45, 49, 41, 28, 12, 4, 10, 2, 1, 5, 0, 11, 34, 35, 63, 69, 69, 91, 96, 104, 99, 121, 126, 124, 127, 125, 121, 111, 105, 81, 53, 38, 36, 21, 8, 9, 2, 3, 6, 7, 16, 24, 31, 95, 112, 111, 114, 120, 127, 127, 123, 119, 127, 95]","[0, 8, 11, 12, 5, 17, 15, 18, 23, 31, 36, 46, 49, 63, 70, 73, 87, 99, 107, 116, 123, 127, 127, 127, 127, 114, 114, 106, 108, 79, 82, 55, 45, 49, 41, 28, 12, 4, 10, 2, 1, 5, 0, 11, 34, 35, 63, 69, 69, 91, 96, 104, 99, 121, 126, 124, 127, 125, 121, 111, 105, 81, 53, 38, 36, 21, 8, 9, 2, 3, 6, 7, 16, 24, 31, 95, 112, 111, 114, 120, 127, 127, 123, 119, 127, 95]"
Linear,20,exact_guidance_u,318,0,88,87,"[129, 0, 8, 11, 12, 5, 17, 15, 18, 23, 31, 36, 46, 49, 63, 70, 73, 87, 99, 107, 116, 123, 127, 127, 127, 127, 114, 114, 106, 108, 79, 82, 55, 45, 49, 41, 28, 12, 4, 10, 2, 1, 5, 0, 11, 34, 35, 63, 69, 69, 91, 96, 104, 99, 121, 126, 124, 127, 125, 121, 111, 105, 81, 87, 53, 38, 36, 21, 8, 9, 2, 3, 6, 7, 16, 24, 31, 95, 112, 111, 114, 120, 127, 127, 123, 119, 127, 95]","[0, 8, 11, 12, 5, 17, 15, 18, 23, 31, 36, 46, 49, 63, 70, 73, 87, 99, 107, 116, 123, 127, 127, 127, 127, 114, 114, 106, 108, 79, 82, 55, 45, 49, 41, 28, 12, 4, 10, 2, 1, 5, 0, 11, 34, 35, 63, 69, 69, 91, 96, 104, 99, 121, 126, 124, 127, 125, 121, 111, 105, 81, 87, 53, 38, 36, 21, 8, 9, 2, 3, 6, 7, 16, 24, 31, 95, 112, 111, 114, 120, 127, 127, 123, 119, 127, 95]"
Linear,20,exact_guidance_u,319,0,89,88,"[129, 0, 8, 11, 12, 5, 17, 15, 18, 23, 31, 36, 46, 49, 63, 70, 73, 87, 99, 107, 116, 123, 127, 127, 127, 127, 114, 114, 106, 108, 79, 82, 55, 45, 49, 41, 28, 12, 4, 10, 2, 1, 5, 0, 11, 34, 35, 63, 69, 69, 91, 96, 104, 99, 121, 126, 124, 127, 125, 121, 111, 105, 81, 87, 53, 38, 36, 21, 8, 9, 2, 3, 6, 7, 16, 24, 31, 69, 95, 112, 111, 114, 120, 127, 127, 123, 119, 127, 95]","[0, 8, 11, 12, 5, 17, 15, 18, 23, 31, 36, 46, 49, 63, 70, 73, 87, 99, 107, 116, 123, 127, 127, 127, 127, 114, 114, 106, 108, 79, 82, 55, 45, 49, 41, 28, 12, 4, 10, 2, 1, 5, 0, 11, 34, 35, 63, 69, 69, 91, 96, 104, 99, 121, 126, 124, 127, 125, 121, 111, 105, 81, 87, 53, 38, 36, 21, 8, 9, 2, 3, 6, 7, 16, 24, 31, 69, 95, 112, 111, 114, 120, 127, 127, 123, 119, 127, 95]"
Linear,20,exact_guidance_u,320,0,89,88,"[129, 0, 8, 11, 12, 5, 17, 15, 18, 23, 31, 36, 46, 49, 63, 70, 73, 87, 99, 107, 116, 123, 127, 127, 127, 127, 114, 114, 106, 108, 79, 82, 55, 45, 49, 41, 28, 12, 4, 10, 2, 1, 5, 0, 11, 34, 35, 63, 69, 69, 91, 96, 104, 99, 121, 126, 124, 127, 125, 121, 111, 105, 81, 87, 53, 38, 36, 21, 8, 9, 2, 3, 6, 7, 16, 24, 31, 69, 95, 112, 111, 114, 120, 127, 127, 123, 119, 127, 95]","[0, 8, 11, 12, 5, 17, 15, 18, 23, 31, 36, 46, 49, 63, 70, 73, 87, 99, 107, 116, 123, 127, 127, 127, 127, 114, 114, 106, 108, 79, 82, 55, 45, 49, 41, 28, 12, 4, 10, 2, 1, 5, 0, 11, 34, 35, 63, 69, 69, 91, 96, 104, 99, 121, 126, 124, 127, 125, 121, 111, 105, 81, 87, 53, 38, 36, 21, 8, 9, 2, 3, 6, 7, 16, 24, 31, 69, 95, 112, 111, 114, 120, 127, 127, 123, 119, 127, 95]"
Linear,20,exact_guidance_u,321,0,91,90,"[129, 0, 8, 11, 12, 5, 17, 15, 18, 23, 31, 36, 46, 49, 63, 70, 73, 87, 99, 107, 116, 123, 127, 127, 127, 127, 114, 114, 106, 108, 79, 82, 55, 45, 49, 41, 28, 12, 4, 10, 2, 1, 5, 0, 11, 34, 35, 38, 63, 69, 69, 91, 96, 104, 99, 121, 126, 124, 127, 125, 121, 111, 105, 81, 87, 66, 53, 38, 36, 21, 8, 9, 2, 3, 6, 7, 16, 24, 31, 69, 95, 112, 111, 114, 120, 127, 127, 123, 119, 127, 95]","[0, 8, 11, 12, 5, 17, 15, 18, 23, 31, 36, 46, 49, 63, 70, 73, 87, 99, 107, 116, 123, 127, 127, 127, 127, 114, 114, 106, 108, 79, 82, 55, 45, 49, 41, 28, 12, 4, 10, 2, 1, 5, 0, 11, 34, 35, 38, 63, 69, 69, 91, 96, 104, 99, 121, 126, 124, 127, 125, 121, 111, 105, 81, 87, 66, 53, 38, 36, 21, 8, 9, 2, 3, 6, 7, 16, 24, 31, 69, 95, 112, 111, 114, 120, 127, 127, 123, 119, 127, 95]"
Linear,20,exact_guidance_u,322,0,91,90,"[129, 0, 8, 11, 12, 5, 17, 15, 18, 23, 31, 36, 46, 49, 63, 70, 73, 87, 99, 107, 116, 123, 127, 127, 127, 127, 114, 114, 106, 108, 79, 82, 55, 45, 49, 41, 28, 12, 4, 10, 2, 1, 5, 0, 11, 34, 35, 38, 63, 69, 69, 91, 96, 104, 99, 121, 126, 124, 127, 125, 121, 111, 105, 81, 87, 66, 53, 38, 36, 21, 8, 9, 2, 3, 6, 7, 16, 24, 31, 69, 95, 112, 111, 114, 120, 127, 127, 123, 119, 127, 95]","[0, 8, 11, 12, 5, 17, 15, 18, 23, 31, 36, 46, 49, 63, 70, 73, 87, 99, 107, 116, 123, 127, 127, 127, 127, 114, 114, 106, 108, 79, 82, 55, 45, 49, 41, 28, 12, 4, 10, 2, 1, 5, 0, 11, 34, 35, 38, 63, 69, 69, 91, 96, 104, 99, 121, 126, 124, 127, 125, 121, 111, 105, 81, 87, 66, 53, 38, 36, 21, 8, 9, 2, 3, 6, 7, 16, 24, 31, 69, 95, 112, 111, 114, 120, 127, 127, 123, 119, 127, 95]"
Linear,20,exact_guidance_u,323,0,91,90,"[129, 0, 8, 11, 12, 5, 17, 15, 18, 23, 31, 36, 46, 49, 63, 70, 73, 87, 99, 107, 116, 123, 127, 127, 127, 127, 114, 114, 106, 108, 79, 82, 55, 45, 49, 41, 28, 12, 4, 10, 2, 1, 5, 0, 11, 34, 35, 38, 63, 69, 69, 91, 96, 104, 99, 121, 126, 124, 127, 125, 121, 111, 105, 81, 87, 66, 53, 38, 36, 21, 8, 9, 2, 3, 6, 7, 16, 24, 31, 69, 95, 112, 111, 114, 120, 127, 127, 123, 119, 127, 95]","[0, 8, 11, 12, 5, 17, 15, 18, 23, 31, 36, 46, 49, 63, 70, 73, 87, 99, 107, 116, 123, 127, 127, 127, 127, 114, 114, 106, 108, 79, 82, 55, 45, 49, 41, 28, 12, 4, 10, 2, 1, 5, 0, 11, 34, 35, 38, 63, 69, 69, 91, 96, 104, 99, 121, 126, 124, 127, 125, 121, 111, 105, 81, 87, 66, 53, 38, 36, 21, 8, 9, 2, 3, 6, 7, 16, 24, 31, 69, 95, 112, 111, 114, 120, 127, 127, 123, 119, 127, 95]"
Linear,20,exact_guidance_u,324,0,91,90,"[129, 0, 8, 11, 12, 5, 17, 15, 18, 23, 31, 36, 46, 49, 63, 70, 73, 87, 99, 107, 116, 123, 127, 127, 127, 127, 114, 114, 106, 108, 79, 82, 55, 45, 49, 41, 28, 12, 4, 10, 2, 1, 5, 0, 11, 34, 35, 38, 63, 69, 69, 91, 96, 104, 99, 121, 126, 124, 127, 125, 121, 111, 105, 81, 87, 66, 53, 38, 36, 21, 8, 9, 2, 3, 6, 7, 16, 24, 31, 69, 95, 112, 111, 114, 120, 127, 127, 123, 119, 127, 95]","[0, 8, 11, 12, 5, 17, 15, 18, 23, 31, 36, 46, 49, 63, 70, 73, 87, 99, 107, 116, 123, 127, 127, 127, 127, 114, 114, 106, 108, 79, 82, 55, 45, 49, 41, 28, 12, 4, 10, 2, 1, 5, 0, 11, 34, 35, 38, 63, 69, 69, 91, 96, 104, 99, 121, 126, 124, 127, 125, 121, 111, 105, 81, 87, 66, 53, 38, 36, 21, 8, 9, 2, 3, 6, 7, 16, 24, 31, 69, 95, 112, 111, 114, 120, 127, 127, 123, 119, 127, 95]"
Linear,20,exact_guidance_u,325,0,91,90,"[129, 0, 8, 11, 12, 5, 17, 15, 18, 23, 31, 36, 46, 49, 63, 70, 73, 87, 99, 107, 116, 123, 127, 127, 127, 127, 114, 114, 106, 108, 79, 82, 55, 45, 49, 41, 28, 12, 4, 10, 2, 1, 5, 0, 11, 34, 35, 38, 63, 69, 69, 91, 96, 104, 99, 121, 126, 124, 127, 125, 121, 111, 105, 81, 87, 66, 53, 38, 36, 21, 8, 9, 2, 3, 6, 7, 16, 24, 31, 69, 95, 112, 111, 114, 120, 127, 127, 123, 119, 127, 95]","[0, 8, 11, 12, 5, 17, 15, 18, 23, 31, 36, 46, 49, 63, 70, 73, 87, 99, 107, 116, 123, 127, 127, 127, 127, 114, 114, 106, 108, 79, 82, 55, 45, 49, 41, 28, 12, 4, 10, 2, 1, 5, 0, 11, 34, 35, 38, 63, 69, 69, 91, 96, 104, 99, 121, 126, 124, 127, 125, 121, 111, 105, 81, 87, 66, 53, 38, 36, 21, 8, 9, 2, 3, 6, 7, 16, 24, 31, 69, 95, 112, 111, 114, 120, 127, 127, 123, 119, 127, 95]"
Linear,20,exact_guidance_u,326,0,92,91,"[129, 0, 8, 11, 12, 5, 17, 15, 18, 23, 31, 36, 46, 49, 63, 70, 73, 87, 99, 107, 116, 123, 127, 127, 127, 127, 114, 114, 106, 108, 79, 82, 55, 45, 49, 41, 28, 12, 4, 10, 2, 1, 5, 0, 11, 34, 35, 38, 63, 69, 69, 91, 96, 104, 99, 121, 126, 124, 127, 125, 121, 121, 111, 105, 81, 87, 66, 53, 38, 36, 21, 8, 9, 2, 3, 6, 7, 16, 24, 31, 69, 95, 112, 111, 114, 120, 127, 127, 123, 119, 127, 95]","[0, 8, 11, 12, 5, 17, 15, 18, 23, 31, 36, 46, 49, 63, 70, 73, 87, 99, 107, 116, 123, 127, 127, 127, 127, 114, 114, 106, 108, 79, 82, 55, 45, 49, 41, 28, 12, 4, 10, 2, 1, 5, 0, 11, 34, 35, 38, 63, 69, 69, 91, 96, 104, 99, 121, 126, 124, 127, 125, 121, 121, 111, 105, 81, 87, 66, 53, 38, 36, 21, 8, 9, 2, 3, 6, 7, 16, 24, 31, 69, 95, 112, 111, 114, 120, 127, 127, 123, 119, 127, 95]"
Linear,20,exact_guidance_u,327,0,94,93,"[129, 0, 8, 11, 12, 5, 17, 15, 18, 23, 31, 36, 46, 49, 63, 70, 73, 87, 99, 107, 116, 123, 127, 127, 127, 127, 114, 114, 106, 108, 79, 82, 55, 45, 49, 41, 28, 12, 4, 10, 2, 1, 5, 0, 6, 11, 34, 35, 38, 63, 69, 69, 91, 96, 104, 99, 121, 126, 124, 127, 125, 121, 121, 111, 105, 81, 87, 66, 53, 38, 36, 21, 8, 9, 2, 3, 6, 7, 16, 24, 31, 69, 104, 95, 112, 111, 114, 120, 127, 127, 123, 119, 127, 95]","[0, 8, 11, 12, 5, 17, 15, 18, 23, 31, 36, 46, 49, 63, 70, 73, 87, 99, 107, 116, 123, 127, 127, 127, 127, 114, 114, 106, 108, 79, 82, 55, 45, 49, 41, 28, 12, 4, 10, 2, 1, 5, 0, 6, 11, 34, 35, 38, 63, 69, 69, 91, 96, 104, 99, 121, 126, 124, 127, 125, 121, 121, 111, 105, 81, 87, 66, 53, 38, 36, 21, 8, 9, 2, 3, 6, 7, 16, 24, 31, 69, 104, 95, 112, 111, 114, 120, 127, 127, 123, 119, 127, 95]"
Linear,20,exact_guidance_u,328,0,94,93,"[129, 0, 8, 11, 12, 5, 17, 15, 18, 23, 31, 36, 46, 49, 63, 70, 73, 87, 99, 107, 116, 123, 127, 127, 127, 127, 114, 114, 106, 108, 79, 82, 55, 45, 49, 41, 28, 12, 4, 10, 2, 1, 5, 0, 6, 11, 34, 35, 38, 63, 69, 69, 91, 96, 104, 99, 121, 126, 124, 127, 125, 121, 121, 111, 105, 81, 87, 66, 53, 38, 36, 21, 8, 9, 2, 3, 6, 7, 16, 24, 31, 69, 104, 95, 112, 111, 114, 120, 127, 127, 123, 119, 127, 95]","[0, 8, 11, 12, 5, 17, 15, 18, 23, 31, 36, 46, 49, 63, 70, 73, 87, 99, 107, 116, 123, 127, 127, 127, 127, 114, 114, 106, 108, 79, 82, 55, 45, 49, 41, 28, 12, 4, 10, 2, 1, 5, 0, 6, 11, 34, 35, 38, 63, 69, 69, 91, 96, 104, 99, 121, 126, 124, 127, 125, 121, 121, 111, 105, 81, 87, 66, 53, 38, 36, 21, 8, 9, 2, 3, 6, 7, 16, 24, 31, 69, 104, 95, 112, 111, 114, 120, 127, 127, 123, 119, 127, 95]"
Linear,20,exact_guidance_u,329,0,95,94,"[129, 0, 8, 11, 12, 5, 17, 15, 18, 23, 31, 36, 46, 49, 63, 70, 73, 87, 99, 107, 116, 123, 127, 127, 127, 127, 114, 114, 106, 108, 79, 82, 55, 45, 49, 41, 28, 12, 4, 10, 2, 1, 5, 0, 6, 11, 20, 34, 35, 38, 63, 69, 69, 91, 96, 104, 99, 121, 126, 124, 127, 125, 121, 121, 111, 105, 81, 87, 66, 53, 38, 36, 21, 8, 9, 2, 3, 6, 7, 16, 24, 31, 69, 104, 95, 112, 111, 114, 120, 127, 127, 123, 119, 127, 95]","[0, 8, 11, 12, 5, 17, 15, 18, 23, 31, 36, 46, 49, 63, 70, 73, 87, 99, 107, 116, 123, 127, 127, 127, 127, 114, 114, 106, 108, 79, 82, 55, 45, 49, 41, 28, 12, 4, 10, 2, 1, 5, 0, 6, 11, 20, 34, 35, 38, 63, 69, 69, 91, 96, 104, 99, 121, 126, 124, 127, 125, 121, 121, 111, 105, 81, 87, 66, 53, 38, 36, 21, 8, 9, 2, 3, 6, 7, 16, 24, 31, 69, 104, 95, 112, 111, 114, 120, 127, 127, 123, 119, 127, 95]"
Linear,20,exact_guidance_u,330,0,95,94,"[129, 0, 8, 11, 12, 5, 17, 15, 18, 23, 31, 36, 46, 49, 63, 70, 73, 87, 99, 107, 116, 123, 127, 127, 127, 127, 114, 114, 106, 108, 79, 82, 55, 45, 49, 41, 28, 12, 4, 10, 2, 1, 5, 0, 6, 11, 20, 34, 35, 38, 63, 69, 69, 91, 96, 104, 99, 121, 126, 124, 127, 125, 121, 121, 111, 105, 81, 87, 66, 53, 38, 36, 21, 8, 9, 2, 3, 6, 7, 16, 24, 31, 69, 104, 95, 112, 111, 114, 120, 127, 127, 123, 119, 127, 95]","[0, 8, 11, 12, 5, 17, 15, 18, 23, 31, 36, 46, 49, 63, 70, 73, 87, 99, 107, 116, 123, 127, 127, 127, 127, 114, 114, 106, 108, 79, 82, 55, 45, 49, 41, 28, 12, 4, 10, 2, 1, 5, 0, 6, 11, 20, 34, 35, 38, 63, 69, 69, 91, 96, 104, 99, 121, 126, 124, 127, 125, 121, 121, 111, 105, 81, 87, 66, 53, 38, 36, 21, 8, 9, 2, 3, 6, 7, 16, 24, 31, 69, 104, 95, 112, 111, 114, 120, 127, 127, 123, 119, 127, 95]"
Linear,20,exact_guidance_u,331,0,95,94,"[129, 0, 8, 11, 12, 5, 17, 15, 18, 23, 31, 36, 46, 49, 63, 70, 73, 87, 99, 107, 116, 123, 127, 127, 127, 127, 114, 114, 106, 108, 79, 82, 55, 45, 49, 41, 28, 12, 4, 10, 2, 1, 5, 0, 6, 11, 20, 34, 35, 38, 63, 69, 69, 91, 96, 104, 99, 121, 126, 124, 127, 125, 121, 121, 111, 105, 81, 87, 66, 53, 38, 36, 21, 8, 9, 2, 3, 6, 7, 16, 24, 31, 69, 104, 95, 112, 111, 114, 120, 127, 127, 123, 119, 127, 95]","[0, 8, 11, 12, 5, 17, 15, 18, 23, 31, 36, 46, 49, 63, 70, 73, 87, 99, 107, 116, 123, 127, 127, 127, 127, 114, 114, 106, 108, 79, 82, 55, 45, 49, 41, 28, 12, 4, 10, 2, 1, 5, 0, 6, 11, 20, 34, 35, 38, 63, 69, 69, 91, 96, 104, 99, 121, 126, 124, 127, 125, 121, 121, 111, 105, 81, 87, 66, 53, 38, 36, 21, 8, 9, 2, 3, 6, 7, 16, 24, 31, 69, 104, 95, 112, 111, 114, 120, 127, 127, 123, 119, 127, 95]"
Linear,20,exact_guidance_u,332,0,95,94,"[129, 0, 8, 11, 12, 5, 17, 15, 18, 23, 31, 36, 46, 49, 63, 70, 73, 87, 99, 107, 116, 123, 127, 127, 127, 127, 114, 114, 106, 108, 79, 82, 55, 45, 49, 41, 28, 12, 4, 10, 2, 1, 5, 0, 6, 11, 20, 34, 35, 38, 63, 69, 69, 91, 96, 104, 99, 121, 126, 124, 127, 125, 121, 121, 111, 105, 81, 87, 66, 53, 38, 36, 21, 8, 9, 2, 3, 6, 7, 16, 24, 31, 69, 104, 95, 112, 111, 114, 120, 127, 127, 123, 119, 127, 95]","[0, 8, 11, 12, 5, 17, 15, 18, 23, 31, 36, 46, 49, 63, 70, 73, 87, 99, 107, 116, 123, 127, 127, 127, 127, 114, 114, 106, 108, 79, 82, 55, 45, 49, 41, 28, 12, 4, 10, 2, 1, 5, 0, 6, 11, 20, 34, 35, 38, 63, 69, 69, 91, 96, 104, 99, 121, 126, 124, 127, 125, 121, 121, 111, 105, 81, 87, 66, 53, 38, 36, 21, 8, 9, 2, 3, 6, 7, 16, 24, 31, 69, 104, 95, 112, 111, 114, 120, 127, 127, 123, 119, 127, 95]"
Linear,20,exact_guidance_u,333,0,95,94,"[129, 0, 8, 11, 12, 5, 17, 15, 18, 23, 31, 36, 46, 49, 63, 70, 73, 87, 99, 107, 116, 123, 127, 127, 127, 127, 114, 114, 106, 108, 79, 82, 55, 45, 49, 41, 28, 12, 4, 10, 2, 1, 5, 0, 6, 11, 20, 34, 35, 38, 63, 69, 69, 91, 96, 104, 99, 121, 126, 124, 127, 125, 121, 121, 111, 105, 81, 87, 66, 53, 38, 36, 21, 8, 9, 2, 3, 6, 7, 16, 24, 31, 69, 104, 95, 112, 111, 114, 120, 127, 127, 123, 119, 127, 95]","[0, 8, 11, 12, 5, 17, 15, 18, 23, 31, 36, 46, 49, 63, 70, 73, 87, 99, 107, 116, 123, 127, 127, 127, 127, 114, 114, 106, 108, 79, 82, 55, 45, 49, 41, 28, 12, 4, 10, 2, 1, 5, 0, 6, 11, 20, 34, 35, 38, 63, 69, 69, 91, 96, 104, 99, 121, 126, 124, 127, 125, 121, 121, 111, 105, 81, 87, 66, 53, 38, 36, 21, 8, 9, 2, 3, 6, 7, 16, 24, 31, 69, 104, 95, 112, 111, 114, 120, 127, 127, 123, 119, 127, 95]"
Linear,20,exact_guidance_u,334,0,97,96,"[129, 0, 8, 11, 12, 5, 17, 15, 18, 23, 31, 36, 46, 49, 63, 70, 73, 87, 99, 107, 116, 123, 127, 127, 127, 127, 114, 114, 106, 108, 93, 79, 82, 55, 45, 49, 41, 28, 12, 4, 10, 2, 1, 5, 0, 6, 11, 20, 34, 35, 38, 63, 69, 69, 91, 96, 104, 99, 121, 126, 124, 127, 125, 121, 121, 111, 105, 81, 87, 66, 53, 38, 36, 21, 8, 9, 2, 3, 6, 7, 16, 24, 24, 31, 69, 104, 95, 112, 111, 114, 120, 127, 127, 123, 119, 127, 95]","[0, 8, 11, 12, 5, 17, 15, 18, 23, 31, 36, 46, 49, 63, 70, 73, 87, 99, 107, 116, 123, 127, 127, 127, 127, 114, 114, 106, 108, 93, 79, 82, 55, 45, 49, 41, 28, 12, 4, 10, 2, 1, 5, 0, 6, 11, 20, 34, 35, 38, 63, 69, 69, 91, 96, 104, 99, 121, 126, 124, 127, 125, 121, 121, 111, 105, 81, 87, 66, 53, 38, 36, 21, 8, 9, 2, 3, 6, 7, 16, 24, 24, 31, 69, 104, 95, 112, 111, 114, 120, 127, 127, 123, 119, 127, 95]"
Linear,20,exact_guidance_u,335,0,97,96,"[129, 0, 8, 11, 12, 5, 17, 15, 18, 23, 31, 36, 46, 49, 63, 70, 73, 87, 99, 107, 116, 123, 127, 127, 127, 127, 114, 114, 106, 108, 93, 79, 82, 55, 45, 49, 41, 28, 12, 4, 10, 2, 1, 5, 0, 6, 11, 20, 34, 35, 38, 63, 69, 69, 91, 96, 104, 99, 121, 126, 124, 127, 125, 121, 121, 111, 105, 81, 87, 66, 53, 38, 36, 21, 8, 9, 2, 3, 6, 7, 16, 24, 24, 31, 69, 104, 95, 112, 111, 114, 120, 127, 127, 123, 119, 127, 95]","[0, 8, 11, 12, 5, 17, 15, 18, 23, 31, 36, 46, 49, 63, 70, 73, 87, 99, 107, 116, 123, 127, 127, 127, 127, 114, 114, 106, 108, 93, 79, 82, 55, 45, 49, 41, 28, 12, 4, 10, 2, 1, 5, 0, 6, 11, 20, 34, 35, 38, 63, 69, 69, 91, 96, 104, 99, 121, 126, 124, 127, 125, 121, 121, 111, 105, 81, 87, 66, 53, 38, 36, 21, 8, 9, 2, 3, 6, 7, 16, 24, 24, 31, 69, 104, 95, 112, 111, 114, 120, 127, 127, 123, 119, 127, 95]"
Linear,20,exact_guidance_u,336,0,97,96,"[129, 0, 8, 11, 12, 5, 17, 15, 18, 23, 31, 36, 46, 49, 63, 70, 73, 87, 99, 107, 116, 123, 127, 127, 127, 127, 114, 114, 106, 108, 93, 79, 82, 55, 45, 49, 41, 28, 12, 4, 10, 2, 1, 5, 0, 6, 11, 20, 34, 35, 38, 63, 69, 69, 91, 96, 104, 99, 121, 126, 124, 127, 125, 121, 121, 111, 105, 81, 87, 66, 53, 38, 36, 21, 8, 9, 2, 3, 6, 7, 16, 24, 24, 31, 69, 104, 95, 112, 111, 114, 120, 127, 127, 123, 119, 127, 95]","[0, 8, 11, 12, 5, 17, 15, 18, 23, 31, 36, 46, 49, 63, 70, 73, 87, 99, 107, 116, 123, 127, 127, 127, 127, 114, 114, 106, 108, 93, 79, 82, 55, 45, 49, 41, 28, 12, 4, 10, 2, 1, 5, 0, 6, 11, 20, 34, 35, 38, 63, 69, 69, 91, 96, 104, 99, 121, 126, 124, 127, 125, 121, 121, 111, 105, 81, 87, 66, 53, 38, 36, 21, 8, 9, 2, 3, 6, 7, 16, 24, 24, 31, 69, 104, 95, 112, 111, 114, 120, 127, 127, 123, 119, 127, 95]"
Linear,20,exact_guidance_u,337,0,97,96,"[129, 0, 8, 11, 12, 5, 17, 15, 18, 23, 31, 36, 46, 49, 63, 70, 73, 87, 99, 107, 116, 123, 127, 127, 127, 127, 114, 114, 106, 108, 93, 79, 82, 55, 45, 49, 41, 28, 12, 4, 10, 2, 1, 5, 0, 6, 11, 20, 34, 35, 38, 63, 69, 69, 91, 96, 104, 99, 121, 126, 124, 127, 125, 121, 121, 111, 105, 81, 87, 66, 53, 38, 36, 21, 8, 9, 2, 3, 6, 7, 16, 24, 24, 31, 69, 104, 95, 112, 111, 114, 120, 127, 127, 123, 119, 127, 95]","[0, 8, 11, 12, 5, 17, 15, 18, 23, 31, 36, 46, 49, 63, 70, 73, 87, 99, 107, 116, 123, 127, 127, 127, 127, 114, 114, 106, 108, 93, 79, 82, 55, 45, 49, 41, 28, 12, 4, 10, 2, 1, 5, 0, 6, 11, 20, 34, 35, 38, 63, 69, 69, 91, 96, 104, 99, 121, 126, 124, 127, 125, 121, 121, 111, 105, 81, 87, 66, 53, 38, 36, 21, 8, 9, 2, 3, 6, 7, 16, 24, 24, 31, 69, 104, 95, 112, 111, 114, 120, 127, 127, 123, 119, 127, 95]"
Linear,20,exact_guidance_u,338,0,98,97,"[129, 0, 8, 11, 12, 5, 17, 15, 18, 23, 31, 36, 46, 49, 63, 70, 73, 87, 99, 107, 116, 123, 127, 127, 127, 127, 114, 114, 106, 108, 93, 79, 82, 55, 45, 49, 41, 28, 12, 4, 10, 2, 1, 5, 0, 6, 11, 20, 34, 35, 38, 63, 69, 69, 91, 96, 104, 99, 118, 121, 126, 124, 127, 125, 121, 121, 111, 105, 81, 87, 66, 53, 38, 36, 21, 8, 9, 2, 3, 6, 7, 16, 24, 24, 31, 69, 104, 95, 112, 111, 114, 120, 127, 127, 123, 119, 127, 95]","[0, 8, 11, 12, 5, 17, 15, 18, 23, 31, 36, 46, 49, 63, 70, 73, 87, 99, 107, 116, 123, 127, 127, 127, 127, 114, 114, 106, 108, 93, 79, 82, 55, 45, 49, 41, 28, 12, 4, 10, 2, 1, 5, 0, 6, 11, 20, 34, 35, 38, 63, 69, 69, 91, 96, 104, 99, 118, 121, 126, 124, 127, 125, 121, 121, 111, 105, 81, 87, 66, 53, 38, 36, 21, 8, 9, 2, 3, 6, 7, 16, 24, 24, 31, 69, 104, 95, 112, 111, 114, 120, 127, 127, 123, 119, 127, 95]"
Linear,20,exact_guidance_u,339,0,98,97,"[129, 0, 8, 11, 12, 5, 17, 15, 18, 23, 31, 36, 46, 49, 63, 70, 73, 87, 99, 107, 116, 123, 127, 127, 127, 127, 114, 114, 106, 108, 93, 79, 82, 55, 45, 49, 41, 28, 12, 4, 10, 2, 1, 5, 0, 6, 11, 20, 34, 35, 38, 63, 69, 69, 91, 96, 104, 99, 118, 121, 126, 124, 127, 125, 121, 121, 111, 105, 81, 87, 66, 53, 38, 36, 21, 8, 9, 2, 3, 6, 7, 16, 24, 24, 31, 69, 104, 95, 112, 111, 114, 120, 127, 127, 123, 119, 127, 95]","[0, 8, 11, 12, 5, 17, 15, 18, 23, 31, 36, 46, 49, 63, 70, 73, 87, 99, 107, 116, 123, 127, 127, 127, 127, 114, 114, 106, 108, 93, 79, 82, 55, 45, 49, 41, 28, 12, 4, 10, 2, 1, 5, 0, 6, 11, 20, 34, 35, 38, 63, 69, 69, 91, 96, 104, 99, 118, 121, 126, 124, 127, 125, 121, 121, 111, 105, 81, 87, 66, 53, 38, 36, 21, 8, 9, 2, 3, 6, 7, 16, 24, 24, 31, 69, 104, 95, 112, 111, 114, 120, 127, 127, 123, 119, 127, 95]"
Linear,20,exact_guidance_u,340,0,98,97,"[129, 0, 8, 11, 12, 5, 17, 15, 18, 23, 31, 36, 46, 49, 63, 70, 73, 87, 99, 107, 116, 123, 127, 127, 127, 127, 114, 114, 106, 108, 93, 79, 82, 55, 45, 49, 41, 28, 12, 4, 10, 2, 1, 5, 0, 6, 11, 20, 34, 35, 38, 63, 69, 69, 91, 96, 104, 99, 118, 121, 126, 124, 127, 125, 121, 121, 111, 105, 81, 87, 66, 53, 38, 36, 21, 8, 9, 2, 3, 6, 7, 16, 24, 24, 31, 69, 104, 95, 112, 111, 114, 120, 127, 127, 123, 119, 127, 95]","[0, 8, 11, 12, 5, 17, 15, 18, 23, 31, 36, 46, 49, 63, 70, 73, 87, 99, 107, 116, 123, 127, 127, 127, 127, 114, 114, 106, 108, 93, 79, 82, 55, 45, 49, 41, 28, 12, 4, 10, 2, 1, 5, 0, 6, 11, 20, 34, 35, 38, 63, 69, 69, 91, 96, 104, 99, 118, 121, 126, 124, 127, 125, 121, 121, 111, 105, 81, 87, 66, 53, 38, 36, 21, 8, 9, 2, 3, 6, 7, 16, 24, 24, 31, 69, 104, 95, 112, 111, 114, 120, 127, 127, 123, 119, 127, 95]"
Linear,20,exact_guidance_u,341,0,98,97,"[129, 0, 8, 11, 12, 5, 17, 15, 18, 23, 31, 36, 46, 49, 63, 70, 73, 87, 99, 107, 116, 123, 127, 127, 127, 127, 114, 114, 106, 108, 93, 79, 82, 55, 45, 49, 41, 28, 12, 4, 10, 2, 1, 5, 0, 6, 11, 20, 34, 35, 38, 63, 69, 69, 91, 96, 104, 99, 118, 121, 126, 124, 127, 125, 121, 121, 111, 105, 81, 87, 66, 53, 38, 36, 21, 8, 9, 2, 3, 6, 7, 16, 24, 24, 31, 69, 104, 95, 112, 111, 114, 120, 127, 127, 123, 119, 127, 95]","[0, 8, 11, 12, 5, 17, 15, 18, 23, 31, 36, 46, 49, 63, 70, 73, 87, 99, 107, 116, 123, 127, 127, 127, 127, 114, 114, 106, 108, 93, 79, 82, 55, 45, 49, 41, 28, 12, 4, 10, 2, 1, 5, 0, 6, 11, 20, 34, 35, 38, 63, 69, 69, 91, 96, 104, 99, 118, 121, 126, 124, 127, 125, 121, 121, 111, 105, 81, 87, 66, 53, 38, 36, 21, 8, 9, 2, 3, 6, 7, 16, 24, 24, 31, 69, 104, 95, 112, 111, 114, 120, 127, 127, 123, 119, 127, 95]"
Linear,20,exact_guidance_u,342,0,98,97,"[129, 0, 8, 11, 12, 5, 17, 15, 18, 23, 31, 36, 46, 49, 63, 70, 73, 87, 99, 107, 116, 123, 127, 127, 127, 127, 114, 114, 106, 108, 93, 79, 82, 55, 45, 49, 41, 28, 12, 4, 10, 2, 1, 5, 0, 6, 11, 20, 34, 35, 38, 63, 69, 69, 91, 96, 104, 99, 118, 121, 126, 124, 127, 125, 121, 121, 111, 105, 81, 87, 66, 53, 38, 36, 21, 8, 9, 2, 3, 6, 7, 16, 24, 24, 31, 69, 104, 95, 112, 111, 114, 120, 127, 127, 123, 119, 127, 95]","[0, 8, 11, 12, 5, 17, 15, 18, 23, 31, 36, 46, 49, 63, 70, 73, 87, 99, 107, 116, 123, 127, 127, 127, 127, 114, 114, 106, 108, 93, 79, 82, 55, 45, 49, 41, 28, 12, 4, 10, 2, 1, 5, 0, 6, 11, 20, 34, 35, 38, 63, 69, 69, 91, 96, 104, 99, 118, 121, 126, 124, 127, 125, 121, 121, 111, 105, 81, 87, 66, 53, 38, 36, 21, 8, 9, 2, 3, 6, 7, 16, 24, 24, 31, 69, 104, 95, 112, 111, 114, 120, 127, 127, 123, 119, 127, 95]"
Linear,20,exact_guidance_u,343,0,98,97,"[129, 0, 8, 11, 12, 5, 17, 15, 18, 23, 31, 36, 46, 49, 63, 70, 73, 87, 99, 107, 116, 123, 127, 127, 127, 127, 114, 114, 106, 108, 93, 79, 82, 55, 45, 49, 41, 28, 12, 4, 10, 2, 1, 5, 0, 6, 11, 20, 34, 35, 38, 63, 69, 69, 91, 96, 104, 99, 118, 121, 126, 124, 127, 125, 121, 121, 111, 105, 81, 87, 66, 53, 38, 36, 21, 8, 9, 2, 3, 6, 7, 16, 24, 24, 31, 69, 104, 95, 112, 111, 114, 120, 127, 127, 123, 119, 127, 95]","[0, 8, 11, 12, 5, 17, 15, 18, 23, 31, 36, 46, 49, 63, 70, 73, 87, 99, 107, 116, 123, 127, 127, 127, 127, 114, 114, 106, 108, 93, 79, 82, 55, 45, 49, 41, 28, 12, 4, 10, 2, 1, 5, 0, 6, 11, 20, 34, 35, 38, 63, 69, 69, 91, 96, 104, 99, 118, 121, 126, 124, 127, 125, 121, 121, 111, 105, 81, 87, 66, 53, 38, 36, 21, 8, 9, 2, 3, 6, 7, 16, 24, 24, 31, 69, 104, 95, 112, 111, 114, 120, 127, 127, 123, 119, 127, 95]"
Linear,20,exact_guidance_u,344,0,98,97,"[129, 0, 8, 11, 12, 5, 17, 15, 18, 23, 31, 36, 46, 49, 63, 70, 73, 87, 99, 107, 116, 123, 127, 127, 127, 127, 114, 114, 106, 108, 93, 79, 82, 55, 45, 49, 41, 28, 12, 4, 10, 2, 1, 5, 0, 6, 11, 20, 34, 35, 38, 63, 69, 69, 91, 96, 104, 99, 118, 121, 126, 124, 127, 125, 121, 121, 111, 105, 81, 87, 66, 53, 38, 36, 21, 8, 9, 2, 3, 6, 7, 16, 24, 24, 31, 69, 104, 95, 112, 111, 114, 120, 127, 127, 123, 119, 127, 95]","[0, 8, 11, 12, 5, 17, 15, 18, 23, 31, 36, 46, 49, 63, 70, 73, 87, 99, 107, 116, 123, 127, 127, 127, 127, 114, 114, 106, 108, 93, 79, 82, 55, 45, 49, 41, 28, 12, 4, 10, 2, 1, 5, 0, 6, 11, 20, 34, 35, 38, 63, 69, 69, 91, 96, 104, 99, 118, 121, 126, 124, 127, 125, 121, 121, 111, 105, 81, 87, 66, 53, 38, 36, 21, 8, 9, 2, 3, 6, 7, 16, 24, 24, 31, 69, 104, 95, 112, 111, 114, 120, 127, 127, 123, 119, 127, 95]"
Linear,20,exact_guidance_u,345,0,98,97,"[129, 0, 8, 11, 12, 5, 17, 15, 18, 23, 31, 36, 46, 49, 63, 70, 73, 87, 99, 107, 116, 123, 127, 127, 127, 127, 114, 114, 106, 108, 93, 79, 82, 55, 45, 49, 41, 28, 12, 4, 10, 2, 1, 5, 0, 6, 11, 20, 34, 35, 38, 63, 69, 69, 91, 96, 104, 99, 118, 121, 126, 124, 127, 125, 121, 121, 111, 105, 81, 87, 66, 53, 38, 36, 21, 8, 9, 2, 3, 6, 7, 16, 24, 24, 31, 69, 104, 95, 112, 111, 114, 120, 127, 127, 123, 119, 127, 95]","[0, 8, 11, 12, 5, 17, 15, 18, 23, 31, 36, 46, 49, 63, 70, 73, 87, 99, 107, 116, 123, 127, 127, 127, 127, 114, 114, 106, 108, 93, 79, 82, 55, 45, 49, 41, 28, 12, 4, 10, 2, 1, 5, 0, 6, 11, 20, 34, 35, 38, 63, 69, 69, 91, 96, 104, 99, 118, 121, 126, 124, 127, 125, 121, 121, 111, 105, 81, 87, 66, 53, 38, 36, 21, 8, 9, 2, 3, 6, 7, 16, 24, 24, 31, 69, 104, 95, 112, 111, 114, 120, 127, 127, 123, 119, 127, 95]"
Linear,20,exact_guidance_u,346,0,98,97,"[129, 0, 8, 11, 12, 5, 17, 15, 18, 23, 31, 36, 46, 49, 63, 70, 73, 87, 99, 107, 116, 123, 127, 127, 127, 127, 114, 114, 106, 108, 93, 79, 82, 55, 45, 49, 41, 28, 12, 4, 10, 2, 1, 5, 0, 6, 11, 20, 34, 35, 38, 63, 69, 69, 91, 96, 104, 99, 118, 121, 126, 124, 127, 125, 121, 121, 111, 105, 81, 87, 66, 53, 38, 36, 21, 8, 9, 2, 3, 6, 7, 16, 24, 24, 31, 69, 104, 95, 112, 111, 114, 120, 127, 127, 123, 119, 127, 95]","[0, 8, 11, 12, 5, 17, 15, 18, 23, 31, 36, 46, 49, 63, 70, 73, 87, 99, 107, 116, 123, 127, 127, 127, 127, 114, 114, 106, 108, 93, 79, 82, 55, 45, 49, 41, 28, 12, 4, 10, 2, 1, 5, 0, 6, 11, 20, 34, 35, 38, 63, 69, 69, 91, 96, 104, 99, 118, 121, 126, 124, 127, 125, 121, 121, 111, 105, 81, 87, 66, 53, 38, 36, 21, 8, 9, 2, 3, 6, 7, 16, 24, 24, 31, 69, 104, 95, 112, 111, 114, 120, 127, 127, 123, 119, 127, 95]"
Linear,20,exact_guidance_u,347,0,98,97,"[129, 0, 8, 11, 12, 5, 17, 15, 18, 23, 31, 36, 46, 49, 63, 70, 73, 87, 99, 107, 116, 123, 127, 127, 127, 127, 114, 114, 106, 108, 93, 79, 82, 55, 45, 49, 41, 28, 12, 4, 10, 2, 1, 5, 0, 6, 11, 20, 34, 35, 38, 63, 69, 69, 91, 96, 104, 99, 118, 121, 126, 124, 127, 125, 121, 121, 111, 105, 81, 87, 66, 53, 38, 36, 21, 8, 9, 2, 3, 6, 7, 16, 24, 24, 31, 69, 104, 95, 112, 111, 114, 120, 127, 127, 123, 119, 127, 95]","[0, 8, 11, 12, 5, 17, 15, 18, 23, 31, 36, 46, 49, 63, 70, 73, 87, 99, 107, 116, 123, 127, 127, 127, 127, 114, 114, 106, 108, 93, 79, 82, 55, 45, 49, 41, 28, 12, 4, 10, 2, 1, 5, 0, 6, 11, 20, 34, 35, 38, 63, 69, 69, 91, 96, 104, 99, 118, 121, 126, 124, 127, 125, 121, 121, 111, 105, 81, 87, 66, 53, 38, 36, 21, 8, 9, 2, 3, 6, 7, 16, 24, 24, 31, 69, 104, 95, 112, 111, 114, 120, 127, 127, 123, 119, 127, 95]"
Linear,20,exact_guidance_u,348,0,98,97,"[129, 0, 8, 11, 12, 5, 17, 15, 18, 23, 31, 36, 46, 49, 63, 70, 73, 87, 99, 107, 116, 123, 127, 127, 127, 127, 114, 114, 106, 108, 93, 79, 82, 55, 45, 49, 41, 28, 12, 4, 10, 2, 1, 5, 0, 6, 11, 20, 34, 35, 38, 63, 69, 69, 91, 96, 104, 99, 118, 121, 126, 124, 127, 125, 121, 121, 111, 105, 81, 87, 66, 53, 38, 36, 21, 8, 9, 2, 3, 6, 7, 16, 24, 24, 31, 69, 104, 95, 112, 111, 114, 120, 127, 127, 123, 119, 127, 95]","[0, 8, 11, 12, 5, 17, 15, 18, 23, 31, 36, 46, 49, 63, 70, 73, 87, 99, 107, 116, 123, 127, 127, 127, 127, 114, 114, 106, 108, 93, 79, 82, 55, 45, 49, 41, 28, 12, 4, 10, 2, 1, 5, 0, 6, 11, 20, 34, 35, 38, 63, 69, 69, 91, 96, 104, 99, 118, 121, 126, 124, 127, 125, 121, 121, 111, 105, 81, 87, 66, 53, 38, 36, 21, 8, 9, 2, 3, 6, 7, 16, 24, 24, 31, 69, 104, 95, 112, 111, 114, 120, 127, 127, 123, 119, 127, 95]"
Linear,20,exact_guidance_u,349,0,98,97,"[129, 0, 8, 11, 12, 5, 17, 15, 18, 23, 31, 36, 46, 49, 63, 70, 73, 87, 99, 107, 116, 123, 127, 127, 127, 127, 114, 114, 106, 108, 93, 79, 82, 55, 45, 49, 41, 28, 12, 4, 10, 2, 1, 5, 0, 6, 11, 20, 34, 35, 38, 63, 69, 69, 91, 96, 104, 99, 118, 121, 126, 124, 127, 125, 121, 121, 111, 105, 81, 87, 66, 53, 38, 36, 21, 8, 9, 2, 3, 6, 7, 16, 24, 24, 31, 69, 104, 95, 112, 111, 114, 120, 127, 127, 123, 119, 127, 95]","[0, 8, 11, 12, 5, 17, 15, 18, 23, 31, 36, 46, 49, 63, 70, 73, 87, 99, 107, 116, 123, 127, 127, 127, 127, 114, 114, 106, 108, 93, 79, 82, 55, 45, 49, 41, 28, 12, 4, 10, 2, 1, 5, 0, 6, 11, 20, 34, 35, 38, 63, 69, 69, 91, 96, 104, 99, 118, 121, 126, 124, 127, 125, 121, 121, 111, 105, 81, 87, 66, 53, 38, 36, 21, 8, 9, 2, 3, 6, 7, 16, 24, 24, 31, 69, 104, 95, 112, 111, 114, 120, 127, 127, 123, 119, 127, 95]"
