,Unnamed: 0,method_key,method,beta,target,avg_time,avg_reward,avg_logprob,avg_edit_distance,avg_normalized_edit_distance
0,0,unguided,Unguided,10,Linear,1.160840883105993,0.1692565167720515,-2064.2030853271485,229.85,0.8978515625
1,1,best_of_k,Rejection Sampling,10,Linear,11.496362935379148,0.1984255809320225,-1495.9823150634766,211.35,0.8255859375
2,2,bootstrap_smc,Bootstrap SMC,10,Linear,3.8090327668935062,0.2275100646078192,-1090.7609512329102,196.3,0.766796875
3,3,exact_guidance_u,Exact Guidance,10,Linear,306.96470068208873,0.2442930255057194,-800.129468536377,187.55,0.7326171875
4,4,unguided,Unguided,10,OOD Sine,1.1519335720688104,0.1593561299832782,-2427.569140625,235.15,0.9185546875
5,5,best_of_k,Rejection Sampling,10,OOD Sine,11.546634621545673,0.2053549796642481,-1822.8335906982425,208.0,0.8125
6,6,bootstrap_smc,Bootstrap SMC,10,OOD Sine,3.8041904002428057,0.2117586457585867,-1202.5126586914062,203.5,0.794921875
7,7,exact_guidance_u,Exact Guidance,10,OOD Sine,316.8116909857839,0.2104255937308785,-1013.7109451293944,204.85,0.8001953125
